perfil,lat,lon,x,y,t_ini,t_fin,zona_utm,profundidad,temperatura,pH,DO_SAT,DO,Blue,Chl
1,40.3756902,-3.7042021,45.7505856,-31.4496213,434.376,493.795,30.0,-769.718,233.279,657.407,959.416,817.959,381.909,261.874
1,40.3756902,-3.7042021,45.7505856,-31.4496213,434.376,493.795,30.0,-772.691,23.322,657.231,957.373,816.307,3.5573,271.249
1,40.3756902,-3.7042021,45.7505856,-31.4496213,434.376,493.795,30.0,-765.754,233.238,656.814,95.417,813.548,363.895,247.924
1,40.3756902,-3.7042021,45.7505856,-31.4496213,434.376,493.795,30.0,-775.664,233.257,657.387,954.465,813.771,291.948,25.529
1,40.3756902,-3.7042021,45.7505856,-31.4496213,434.376,493.795,30.0,-765.754,233.235,656.893,956.693,815.704,371.111,303.697
1,40.3756902,-3.7042021,45.7505856,-31.4496213,434.376,493.795,30.0,-763.772,233.057,658.036,957.223,816.249,234.733,253.504
1,40.3756902,-3.7042021,45.7505856,-31.4496213,434.376,493.795,30.0,-763.772,233.186,655.824,958.352,817.394,1.2513,282.622
1,40.3756902,-3.7042021,45.7505856,-31.4496213,434.376,493.795,30.0,-759.808,233.167,656.979,951.212,811.135,262.066,286.808
1,40.3756902,-3.7042021,45.7505856,-31.4496213,434.376,493.795,30.0,-753.862,233.238,656.917,952.573,812.186,358.175,236.693
1,40.3756902,-3.7042021,45.7505856,-31.4496213,434.376,493.795,30.0,-760.799,233.121,657.071,950.951,810.983,397.494,328.092
1,40.3756902,-3.7042021,45.7505856,-31.4496213,434.376,493.795,30.0,-758.817,233.087,655.143,955.782,815.155,167.114,324.626
1,40.3756902,-3.7042021,45.7505856,-31.4496213,434.376,493.795,30.0,-755.844,233.077,656.952,94.899,809.377,184.662,257.211
1,40.3756902,-3.7042021,45.7505856,-31.4496213,434.376,493.795,30.0,-764.763,233.228,6.5695,952.006,8.1172,236.235,283.411
1,40.3756902,-3.7042021,45.7505856,-31.4496213,434.376,493.795,30.0,-753.862,23.322,657.178,955.889,815.042,315.933,223.727
1,40.3756902,-3.7042021,45.7505856,-31.4496213,434.376,493.795,30.0,-758.817,23.313,656.877,949.453,809.692,172.627,272.642
1,40.3756902,-3.7042021,45.7505856,-31.4496213,434.376,493.795,30.0,-764.763,233.231,656.883,950.631,810.542,341.964,244.073
1,40.3756902,-3.7042021,45.7505856,-31.4496213,434.376,493.795,30.0,-755.844,233.183,6.5685,952.418,8.1214,376.352,275.065
1,40.3756902,-3.7042021,45.7505856,-31.4496213,434.376,493.795,30.0,-758.817,233.248,656.887,944.718,805.475,411.508,235.646
1,40.3756902,-3.7042021,45.7505856,-31.4496213,434.376,493.795,30.0,-749.898,233.228,656.438,949.914,809.936,358.524,23.435
1,40.3756902,-3.7042021,45.7505856,-31.4496213,434.376,493.795,30.0,-756.835,233.107,656.879,945.771,806.587,459.134,293.402
1,40.3756902,-3.7042021,45.7505856,-31.4496213,434.376,493.795,30.0,-755.844,233.217,656.975,950.159,810.161,379.954,25.677
1,40.3756902,-3.7042021,45.7505856,-31.4496213,434.376,493.795,30.0,-753.862,23.317,656.849,951.868,8.1169,319.797,269.431
1,40.3756902,-3.7042021,45.7505856,-31.4496213,434.376,493.795,30.0,-75.188,233.316,656.441,945.576,806.103,560.246,232.849
1,40.3756902,-3.7042021,45.7505856,-31.4496213,434.376,493.795,30.0,-749.898,233.161,656.859,948.416,808.761,162.916,288.017
1,40.3756902,-3.7042021,45.7505856,-31.4496213,434.376,493.795,30.0,-754.853,233.129,6.5683,944.197,805.212,414.184,228.049
1,40.3756902,-3.7042021,45.7505856,-31.4496213,434.376,493.795,30.0,-730.079,233.314,6.5688,945.592,806.262,535.553,180.252
1,40.3756902,-3.7042021,45.7505856,-31.4496213,434.376,493.795,30.0,-730.079,233.285,6.5708,939.236,800.744,493.164,239.917
1,40.3756902,-3.7042021,45.7505856,-31.4496213,434.376,493.795,30.0,-732.061,233.285,6.5708,939.236,800.744,493.164,239.917
1,40.3756902,-3.7042021,45.7505856,-31.4496213,434.376,493.795,30.0,-733.051,233.279,656.864,941.651,802.813,491.622,278.801
1,40.3756902,-3.7042021,45.7505856,-31.4496213,434.376,493.795,30.0,-730.079,233.268,656.887,936.029,798.037,569.238,187.921
1,40.3756902,-3.7042021,45.7505856,-31.4496213,434.376,493.795,30.0,-732.061,233.214,657.078,940.294,801.755,3.703,349.246
1,40.3756902,-3.7042021,45.7505856,-31.4496213,434.376,493.795,30.0,-729.088,233.319,657.156,945.537,806.065,436.821,273.127
1,40.3756902,-3.7042021,45.7505856,-31.4496213,434.376,493.795,30.0,-729.088,23.331,656.848,941.343,802.503,354.076,240.302
1,40.3756902,-3.7042021,45.7505856,-31.4496213,434.376,493.795,30.0,-725.124,233.371,656.866,941.573,802.606,529.537,261.344
1,40.3756902,-3.7042021,45.7505856,-31.4496213,434.376,493.795,30.0,-735.033,233.347,656.686,942.849,803.731,4.1725,236.438
1,40.3756902,-3.7042021,45.7505856,-31.4496213,434.376,493.795,30.0,-727.106,233.281,656.774,94.056,801.878,515.179,276.812
1,40.3756902,-3.7042021,45.7505856,-31.4496213,434.376,493.795,30.0,-726.115,233.345,656.811,943.432,8.0423,277.212,304.379
1,40.3756902,-3.7042021,45.7505856,-31.4496213,434.376,493.795,30.0,-725.124,233.325,656.808,940.073,801.398,478.388,220.823
1,40.3756902,-3.7042021,45.7505856,-31.4496213,434.376,493.795,30.0,-728.097,23.332,656.826,940.588,801.844,487.733,207.954
1,40.3756902,-3.7042021,45.7505856,-31.4496213,434.376,493.795,30.0,-73.107,233.382,656.821,939.478,800.803,261.037,349.133
1,40.3756902,-3.7042021,45.7505856,-31.4496213,434.376,493.795,30.0,-734.042,233.201,656.935,940.575,802.013,632.672,213.532
1,40.3756902,-3.7042021,45.7505856,-31.4496213,434.376,493.795,30.0,-73.107,233.341,657.036,945.922,8.0636,492.376,260.595
1,40.3756902,-3.7042021,45.7505856,-31.4496213,434.376,493.795,30.0,-722.151,233.372,656.843,940.041,8.013,538.561,246.815
1,40.3756902,-3.7042021,45.7505856,-31.4496213,434.376,493.795,30.0,-727.106,233.386,656.876,939.677,800.968,501.187,267.436
1,40.3756902,-3.7042021,45.7505856,-31.4496213,434.376,493.795,30.0,-727.106,233.356,655.797,941.016,802.155,482.217,254.055
1,40.3756902,-3.7042021,45.7505856,-31.4496213,434.376,493.795,30.0,-723.142,233.407,656.682,941.647,802.615,424.642,296.373
1,40.3756902,-3.7042021,45.7505856,-31.4496213,434.376,493.795,30.0,-718.187,233.381,656.768,939.925,801.186,513.259,214.568
1,40.3756902,-3.7042021,45.7505856,-31.4496213,434.376,493.795,30.0,-725.124,233.415,6.5683,941.727,802.671,455.771,18.513
1,40.3756902,-3.7042021,45.7505856,-31.4496213,434.376,493.795,30.0,-723.142,233.432,6.5784,944.889,8.0534,4.4111,190.153
1,40.3756902,-3.7042021,45.7505856,-31.4496213,434.376,493.795,30.0,-728.097,233.459,656.998,NaN,805.027,468.741,238.653
1,40.3756902,-3.7042021,45.7505856,-31.4496213,434.376,493.795,30.0,-725.124,233.477,656.897,941.721,802.572,4.2793,244.477
1,40.3756902,-3.7042021,45.7505856,-31.4496213,434.376,493.795,30.0,-72.116,23.361,656.901,94.455,804.782,546.843,266.834
1,40.3756902,-3.7042021,45.7505856,-31.4496213,434.376,493.795,30.0,-722.151,233.539,656.857,942.818,803.413,552.853,342.401
1,40.3756902,-3.7042021,45.7505856,-31.4496213,434.376,493.795,30.0,NaN,233.452,6.5685,938.823,8.2014,421.236,279.406
1,40.3756902,-3.7042021,45.7505856,-31.4496213,434.376,493.795,30.0,-719.178,233.381,656.792,942.615,803.479,466.567,276.808
1,40.3756902,-3.7042021,45.7505856,-31.4496213,434.376,493.795,30.0,-722.151,233.539,656.882,945.563,805.752,513.134,324.812
1,40.3756902,-3.7042021,45.7505856,-31.4496213,434.376,493.795,30.0,-717.196,233.526,656.802,940.088,801.106,398.549,268.443
1,40.3756902,-3.7042021,45.7505856,-31.4496213,434.376,493.795,30.0,-726.115,23.354,656.806,944.779,805.082,430.491,278.638
1,40.3756902,-3.7042021,45.7505856,-31.4496213,434.376,493.795,30.0,-72.116,233.516,656.853,937.961,799.309,435.471,279.423
1,40.3756902,-3.7042021,45.7505856,-31.4496213,434.376,493.795,30.0,-722.151,233.532,6.5679,947.076,807.052,418.304,247.444
1,40.3756902,-3.7042021,45.7505856,-31.4496213,434.376,493.795,30.0,-718.187,233.464,656.881,93.801,799.193,392.793,3.367
1,40.3756902,-3.7042021,45.7505856,-31.4496213,434.376,493.795,30.0,-718.187,233.622,656.821,941.101,802.063,471.572,26.738
1,40.3756902,-3.7042021,45.7505856,-31.4496213,434.376,493.795,30.0,-712.241,233.557,NaN,939.443,800.509,367.749,260.675
1,40.3756902,-3.7042021,45.7505856,-31.4496213,434.376,493.795,30.0,-716.205,233.665,6.5682,944.133,804.342,4.8799,239.402
1,40.3756902,-3.7042021,45.7505856,-31.4496213,434.376,493.795,30.0,-715.214,23.361,656.845,94.253,8.0306,491.046,310.929
1,40.3756902,-3.7042021,45.7505856,-31.4496213,434.376,493.795,30.0,-722.151,233.467,655.958,939.523,800.714,491.195,258.001
1,40.3756902,-3.7042021,45.7505856,-31.4496213,434.376,493.795,30.0,-712.241,233.715,6.5656,938.989,799.884,579.475,301.974
1,40.3756902,-3.7042021,45.7505856,-31.4496213,434.376,493.795,30.0,-704.313,23.587,656.759,93.944,797.028,426.642,277.624
1,40.3756902,-3.7042021,45.7505856,-31.4496213,434.376,493.795,30.0,-706.295,235.886,656.747,937.389,795.264,390.212,270.726
1,40.3756902,-3.7042021,45.7505856,-31.4496213,434.376,493.795,30.0,-706.295,235.886,654.804,937.792,795.606,NaN,105.768
1,40.3756902,-3.7042021,45.7505856,-31.4496213,434.376,493.795,30.0,-703.322,235.907,656.648,938.082,7.9582,400.913,276.919
1,40.3756902,-3.7042021,45.7505856,-31.4496213,434.376,493.795,30.0,-706.295,235.954,656.726,935.861,793.866,503.709,235.027
1,40.3756902,-3.7042021,45.7505856,-31.4496213,434.376,493.795,30.0,-703.322,235.985,657.336,934.286,792.484,435.375,200.147
1,40.3756902,-3.7042021,45.7505856,-31.4496213,434.376,493.795,30.0,-707.286,235.826,656.877,940.242,797.775,392.648,298.027
1,40.3756902,-3.7042021,45.7505856,-31.4496213,434.376,493.795,30.0,-707.286,235.951,656.839,938.193,795.849,454.667,190.926
1,40.3756902,-3.7042021,45.7505856,-31.4496213,434.376,493.795,30.0,-713.232,236.124,656.842,938.834,796.134,608.381,225.564
1,40.3756902,-3.7042021,45.7505856,-31.4496213,434.376,493.795,30.0,-71.125,23.6,6.5679,93.825,795.824,498.982,266.623
1,40.3756902,-3.7042021,45.7505856,-31.4496213,434.376,493.795,30.0,-709.268,236.034,656.761,939.062,796.461,4.8321,287.444
1,40.3756902,-3.7042021,45.7505856,-31.4496213,434.376,493.795,30.0,-708.277,236.124,656.807,942.339,799.106,544.535,254.546
1,40.3756902,-3.7042021,45.7505856,-31.4496213,434.376,493.795,30.0,-706.295,236.087,656.762,936.482,794.195,391.852,224.281
1,40.3756902,-3.7042021,45.7505856,-31.4496213,434.376,493.795,30.0,-705.304,236.007,656.725,939.394,796.784,5.5139,304.525
1,40.3756902,-3.7042021,45.7505856,-31.4496213,434.376,493.795,30.0,-708.277,23.614,6.5675,942.619,7.9932,463.953,265.085
1,40.3756902,-3.7042021,45.7505856,-31.4496213,434.376,493.795,30.0,-704.313,236.068,656.756,936.583,794.118,4.2973,276.263
1,40.3756902,-3.7042021,45.7505856,-31.4496213,434.376,493.795,30.0,-709.268,236.149,656.792,934.932,792.908,388.271,300.158
1,40.3756902,-3.7042021,45.7505856,-31.4496213,434.376,493.795,30.0,-710.259,236.146,656.757,93.353,NaN,486.917,22.977
1,40.3756902,-3.7042021,45.7505856,-31.4496213,434.376,493.795,30.0,-715.214,236.164,656.776,940.229,797.256,398.594,307.457
1,40.3756902,-3.7042021,45.7505856,-31.4496213,434.376,493.795,30.0,-710.259,236.144,656.758,934.323,792.278,553.044,240.322
1,40.3756902,-3.7042021,45.7505856,-31.4496213,434.376,493.795,30.0,-700.349,236.194,656.768,938.579,795.813,489.833,268.479
1,40.3756902,-3.7042021,45.7505856,-31.4496213,434.376,493.795,30.0,-710.259,236.315,656.709,935.523,793.042,3.8456,302.914
1,40.3756902,-3.7042021,45.7505856,-31.4496213,434.376,493.795,30.0,-71.125,236.234,656.706,936.974,794.392,2.9546,270.172
1,40.3756902,-3.7042021,45.7505856,-31.4496213,434.376,493.795,30.0,-71.125,236.087,656.743,943.004,799.726,404.144,226.541
1,40.3756902,-3.7042021,45.7505856,-31.4496213,434.376,493.795,30.0,-71.125,23.627,656.771,936.377,793.833,548.792,326.177
1,40.3756902,-3.7042021,45.7505856,-31.4496213,434.376,493.795,30.0,-707.286,236.607,656.712,936.065,793.065,462.417,287.423
1,40.3756902,-3.7042021,45.7505856,-31.4496213,434.376,493.795,30.0,-706.295,236.548,656.771,935.408,792.597,445.676,261.028
1,40.3756902,-3.7042021,45.7505856,-31.4496213,434.376,493.795,30.0,-707.286,236.669,656.745,939.136,795.574,487.249,336.219
1,40.3756902,-3.7042021,45.7505856,-31.4496213,434.376,493.795,30.0,-708.277,236.579,656.533,933.063,790.564,399.091,290.091
1,40.3756902,-3.7042021,45.7505856,-31.4496213,434.376,493.795,30.0,NaN,23.665,656.678,938.579,NaN,422.558,238.845
1,40.3756902,-3.7042021,45.7505856,-31.4496213,434.376,493.795,30.0,-708.277,236.714,656.572,937.176,793.847,447.679,212.208
1,40.3756902,-3.7042021,45.7505856,-31.4496213,434.376,493.795,30.0,-702.331,236.802,656.838,935.553,792.341,474.739,214.288
1,40.3756902,-3.7042021,45.7505856,-31.4496213,434.376,493.795,30.0,-713.232,236.884,656.789,937.657,794.001,6.2634,279.603
1,40.3756902,-3.7042021,45.7505856,-31.4496213,434.376,493.795,30.0,-703.322,236.808,656.723,934.277,791.252,484.103,272.871
1,40.3756902,-3.7042021,45.7505856,-31.4496213,434.376,493.795,30.0,-710.259,23.688,656.693,936.706,793.202,390.407,262.306
1,40.3756902,-3.7042021,45.7505856,-31.4496213,434.376,493.795,30.0,-706.295,236.836,656.722,936.762,793.315,373.978,275.486
1,40.3756902,-3.7042021,45.7505856,-31.4496213,434.376,493.795,30.0,-713.232,236.827,664.796,940.756,796.632,542.558,278.518
1,40.3756902,-3.7042021,45.7505856,-31.4496213,434.376,493.795,30.0,-702.331,236.827,664.796,935.539,792.293,458.502,242.001
1,40.3756902,-3.7042021,45.7505856,-31.4496213,434.376,493.795,30.0,-710.259,236.925,656.576,935.274,NaN,NaN,195.625
1,40.3756902,-3.7042021,45.7505856,-31.4496213,434.376,493.795,30.0,-708.277,236.966,6.5676,936.431,7.9284,481.284,221.998
1,40.3756902,-3.7042021,45.7505856,-31.4496213,434.376,493.795,30.0,-709.268,237.098,656.966,938.548,794.437,426.568,28.709
1,40.3756902,-3.7042021,45.7505856,-31.4496213,434.376,493.795,30.0,-704.313,237.031,656.474,936.096,7.9246,528.688,271.121
1,40.3756902,-3.7042021,45.7505856,-31.4496213,434.376,493.795,30.0,-707.286,237.022,656.144,934.875,7.9144,322.447,172.349
1,40.3756902,-3.7042021,45.7505856,-31.4496213,434.376,493.795,30.0,-708.277,237.124,656.836,934.135,790.662,439.714,158.624
1,40.3756902,-3.7042021,45.7505856,-31.4496213,434.376,493.795,30.0,NaN,NaN,656.454,941.436,796.925,359.025,273.584
1,40.3756902,-3.7042021,45.7505856,-31.4496213,434.376,493.795,30.0,-700.349,237.056,657.152,935.771,792.148,407.674,356.482
1,40.3756902,-3.7042021,45.7505856,-31.4496213,434.376,493.795,30.0,-705.304,237.038,656.271,932.286,789.226,636.781,230.576
1,40.3756902,-3.7042021,45.7505856,-31.4496213,434.376,493.795,30.0,-706.295,237.078,657.308,933.751,7.9047,402.325,219.331
1,40.3756902,-3.7042021,45.7505856,-31.4496213,434.376,493.795,30.0,-710.259,237.061,656.923,935.797,793.993,424.494,177.022
1,40.3756902,-3.7042021,45.7505856,-31.4496213,434.376,493.795,30.0,-704.313,237.143,656.896,935.106,791.457,489.847,253.347
1,40.3756902,-3.7042021,45.7505856,-31.4496213,434.376,493.795,30.0,-708.277,237.171,656.747,938.855,794.588,5.0739,218.378
1,40.3756902,-3.7042021,45.7505856,-31.4496213,434.376,493.795,30.0,-708.277,237.165,656.777,93.43,790.742,507.089,23.574
1,40.3756902,-3.7042021,45.7505856,-31.4496213,434.376,493.795,30.0,-706.295,237.109,656.741,934.992,7.9141,430.145,285.003
1,40.3756902,-3.7042021,45.7505856,-31.4496213,434.376,493.795,30.0,-710.259,237.254,6.5681,937.272,793.124,415.041,223.573
1,40.3756902,-3.7042021,45.7505856,-31.4496213,434.376,493.795,30.0,-706.295,237.146,656.746,940.889,796.347,472.891,276.654
1,40.3756902,-3.7042021,45.7505856,-31.4496213,434.376,493.795,30.0,-708.277,237.315,6.5672,93.358,7.8991,4.6647,NaN
1,40.3756902,-3.7042021,45.7505856,-31.4496213,434.376,493.795,30.0,-704.313,237.208,6.5674,936.424,792.475,440.161,252.987
1,40.3756902,-3.7042021,45.7505856,-31.4496213,434.376,493.795,30.0,-704.313,237.282,656.725,934.554,790.783,464.046,187.676
1,40.3756902,-3.7042021,45.7505856,-31.4496213,434.376,493.795,30.0,-705.304,237.261,6.5672,935.537,791.647,474.153,192.649
1,40.3756902,-3.7042021,45.7505856,-31.4496213,434.376,493.795,30.0,-710.259,237.279,656.713,93.675,792.646,506.771,219.447
1,40.3756902,-3.7042021,45.7505856,-31.4496213,434.376,493.795,30.0,-706.295,237.294,656.721,94.002,7.9539,477.617,275.437
1,40.3756902,-3.7042021,45.7505856,-31.4496213,434.376,493.795,30.0,-707.286,23.722,NaN,935.332,791.533,397.224,228.527
1,40.3756902,-3.7042021,45.7505856,-31.4496213,434.376,493.795,30.0,-705.304,237.196,656.684,93.753,7.9343,492.492,281.942
1,40.3756902,-3.7042021,45.7505856,-31.4496213,434.376,493.795,30.0,-712.241,23.722,656.701,937.817,793.635,472.801,173.117
1,40.3756902,-3.7042021,45.7505856,-31.4496213,434.376,493.795,30.0,-709.268,237.316,656.714,933.035,789.447,485.589,254.484
1,40.3756902,-3.7042021,45.7505856,-31.4496213,434.376,493.795,30.0,-708.277,237.352,656.701,932.559,788.991,358.186,262.625
1,40.3756902,-3.7042021,45.7505856,-31.4496213,434.376,493.795,30.0,-709.268,237.323,656.721,93.318,7.8956,367.961,273.793
1,40.3756902,-3.7042021,45.7505856,-31.4496213,434.376,493.795,30.0,-71.125,23.745,6.5667,934.252,790.279,536.043,190.548
1,40.3756902,-3.7042021,45.7505856,-31.4496213,434.376,493.795,30.0,-708.277,23.748,656.695,932.764,788.974,528.317,238.505
1,40.3756902,-3.7042021,45.7505856,-31.4496213,434.376,493.795,30.0,-707.286,237.419,656.701,932.326,788.695,368.204,181.912
1,40.3756902,-3.7042021,45.7505856,-31.4496213,434.376,493.795,30.0,-708.277,237.372,656.637,937.709,793.318,485.037,276.146
1,40.3756902,-3.7042021,45.7505856,-31.4496213,434.376,493.795,30.0,-702.331,237.462,656.485,939.146,794.401,482.887,284.784
1,40.3756902,-3.7042021,45.7505856,-31.4496213,434.376,493.795,30.0,-706.295,237.607,6.5665,932.267,788.367,4.417,232.765
1,40.3756902,-3.7042021,45.7505856,-31.4496213,434.376,493.795,30.0,-708.277,237.398,657.022,NaN,791.229,422.965,266.482
1,40.3756902,-3.7042021,45.7505856,-31.4496213,434.376,493.795,30.0,-704.313,237.428,656.837,933.477,789.656,522.842,257.974
1,40.3756902,-3.7042021,45.7505856,-31.4496213,434.376,493.795,30.0,-708.277,237.488,656.802,935.159,790.989,502.258,33.881
1,40.3756902,-3.7042021,45.7505856,-31.4496213,434.376,493.795,30.0,-706.295,237.431,6.5673,937.613,7.9315,3.0965,234.417
1,40.3756902,-3.7042021,45.7505856,-31.4496213,434.376,493.795,30.0,-702.331,237.536,655.636,933.403,789.433,5.3275,291.061
1,40.3756902,-3.7042021,45.7505856,-31.4496213,434.376,493.795,30.0,-700.349,237.408,653.488,936.551,792.286,707.988,195.805
1,40.3756902,-3.7042021,45.7505856,-31.4496213,434.376,493.795,30.0,-702.331,237.502,656.321,934.623,790.515,508.948,313.165
1,40.3756902,-3.7042021,45.7505856,-31.4496213,434.376,493.795,30.0,-70.134,237.443,6.5646,933.567,789.709,558.218,324.462
1,40.3756902,-3.7042021,45.7505856,-31.4496213,434.376,493.795,30.0,-707.286,237.482,656.565,938.934,794.192,433.715,23.064
1,40.3756902,-3.7042021,45.7505856,-31.4496213,434.376,493.795,30.0,-702.331,237.657,6.5664,935.964,7.9142,514.016,261.939
1,40.3756902,-3.7042021,45.7505856,-31.4496213,434.376,493.795,30.0,NaN,237.487,6.5925,932.246,788.527,4.8848,265.285
1,40.3756902,-3.7042021,45.7505856,-31.4496213,434.376,493.795,30.0,NaN,NaN,NaN,NaN,NaN,NaN,NaN
1,40.3756902,-3.7042021,45.7505856,-31.4496213,434.376,493.795,30.0,NaN,NaN,NaN,NaN,NaN,NaN,NaN
1,40.3756902,-3.7042021,45.7505856,-31.4496213,434.376,493.795,30.0,NaN,NaN,NaN,NaN,NaN,NaN,NaN
1,40.3756902,-3.7042021,45.7505856,-31.4496213,434.376,493.795,30.0,NaN,NaN,NaN,NaN,NaN,NaN,NaN
1,40.3756902,-3.7042021,45.7505856,-31.4496213,434.376,493.795,30.0,NaN,NaN,NaN,NaN,NaN,NaN,NaN
1,40.3756902,-3.7042021,45.7505856,-31.4496213,434.376,493.795,30.0,NaN,NaN,NaN,NaN,NaN,NaN,NaN
1,40.3756902,-3.7042021,45.7505856,-31.4496213,434.376,493.795,30.0,NaN,NaN,NaN,NaN,NaN,NaN,NaN
1,40.3756902,-3.7042021,45.7505856,-31.4496213,434.376,493.795,30.0,NaN,NaN,NaN,NaN,NaN,NaN,NaN
1,40.3756902,-3.7042021,45.7505856,-31.4496213,434.376,493.795,30.0,NaN,NaN,NaN,NaN,NaN,NaN,NaN
1,40.3756902,-3.7042021,45.7505856,-31.4496213,434.376,493.795,30.0,NaN,NaN,NaN,NaN,NaN,NaN,NaN
1,40.3756902,-3.7042021,45.7505856,-31.4496213,434.376,493.795,30.0,NaN,NaN,NaN,NaN,NaN,NaN,NaN
1,40.3756902,-3.7042021,45.7505856,-31.4496213,434.376,493.795,30.0,NaN,NaN,NaN,NaN,NaN,NaN,NaN
1,40.3756902,-3.7042021,45.7505856,-31.4496213,434.376,493.795,30.0,NaN,NaN,NaN,NaN,NaN,NaN,NaN
1,40.3756902,-3.7042021,45.7505856,-31.4496213,434.376,493.795,30.0,NaN,NaN,NaN,NaN,NaN,NaN,NaN
1,40.3756902,-3.7042021,45.7505856,-31.4496213,434.376,493.795,30.0,NaN,NaN,NaN,NaN,NaN,NaN,NaN
1,40.3756902,-3.7042021,45.7505856,-31.4496213,434.376,493.795,30.0,NaN,NaN,NaN,NaN,NaN,NaN,NaN
1,40.3756902,-3.7042021,45.7505856,-31.4496213,434.376,493.795,30.0,NaN,NaN,NaN,NaN,NaN,NaN,NaN
1,40.3756902,-3.7042021,45.7505856,-31.4496213,434.376,493.795,30.0,NaN,NaN,NaN,NaN,NaN,NaN,NaN
1,40.3756902,-3.7042021,45.7505856,-31.4496213,434.376,493.795,30.0,NaN,NaN,NaN,NaN,NaN,NaN,NaN
1,40.3756902,-3.7042021,45.7505856,-31.4496213,434.376,493.795,30.0,NaN,NaN,NaN,NaN,NaN,NaN,NaN
2,40.3758387,-3.7041095,62.18048339999999,-19.9377552,550.589,610.726,30.0,NaN,NaN,NaN,NaN,NaN,NaN,NaN
2,40.3758387,-3.7041095,62.18048339999999,-19.9377552,550.589,610.726,30.0,NaN,NaN,NaN,NaN,NaN,NaN,NaN
2,40.3758387,-3.7041095,62.18048339999999,-19.9377552,550.589,610.726,30.0,NaN,NaN,NaN,NaN,NaN,NaN,NaN
2,40.3758387,-3.7041095,62.18048339999999,-19.9377552,550.589,610.726,30.0,NaN,NaN,NaN,NaN,NaN,NaN,NaN
2,40.3758387,-3.7041095,62.18048339999999,-19.9377552,550.589,610.726,30.0,NaN,NaN,NaN,NaN,NaN,NaN,NaN
2,40.3758387,-3.7041095,62.18048339999999,-19.9377552,550.589,610.726,30.0,NaN,NaN,NaN,NaN,NaN,NaN,NaN
2,40.3758387,-3.7041095,62.18048339999999,-19.9377552,550.589,610.726,30.0,NaN,NaN,NaN,NaN,NaN,NaN,NaN
2,40.3758387,-3.7041095,62.18048339999999,-19.9377552,550.589,610.726,30.0,NaN,NaN,NaN,NaN,NaN,NaN,NaN
2,40.3758387,-3.7041095,62.18048339999999,-19.9377552,550.589,610.726,30.0,NaN,NaN,NaN,NaN,NaN,NaN,NaN
2,40.3758387,-3.7041095,62.18048339999999,-19.9377552,550.589,610.726,30.0,NaN,NaN,NaN,NaN,NaN,NaN,NaN
2,40.3758387,-3.7041095,62.18048339999999,-19.9377552,550.589,610.726,30.0,NaN,NaN,NaN,NaN,NaN,NaN,NaN
2,40.3758387,-3.7041095,62.18048339999999,-19.9377552,550.589,610.726,30.0,NaN,NaN,NaN,NaN,NaN,NaN,NaN
2,40.3758387,-3.7041095,62.18048339999999,-19.9377552,550.589,610.726,30.0,NaN,NaN,NaN,NaN,NaN,NaN,NaN
2,40.3758387,-3.7041095,62.18048339999999,-19.9377552,550.589,610.726,30.0,NaN,NaN,NaN,NaN,NaN,NaN,NaN
2,40.3758387,-3.7041095,62.18048339999999,-19.9377552,550.589,610.726,30.0,NaN,NaN,NaN,NaN,NaN,NaN,NaN
2,40.3758387,-3.7041095,62.18048339999999,-19.9377552,550.589,610.726,30.0,NaN,NaN,NaN,NaN,NaN,NaN,NaN
2,40.3758387,-3.7041095,62.18048339999999,-19.9377552,550.589,610.726,30.0,NaN,NaN,NaN,NaN,NaN,NaN,NaN
2,40.3758387,-3.7041095,62.18048339999999,-19.9377552,550.589,610.726,30.0,NaN,NaN,NaN,NaN,NaN,NaN,NaN
2,40.3758387,-3.7041095,62.18048339999999,-19.9377552,550.589,610.726,30.0,NaN,NaN,NaN,NaN,NaN,NaN,NaN
2,40.3758387,-3.7041095,62.18048339999999,-19.9377552,550.589,610.726,30.0,NaN,NaN,NaN,NaN,NaN,NaN,NaN
2,40.3758387,-3.7041095,62.18048339999999,-19.9377552,550.589,610.726,30.0,NaN,NaN,NaN,NaN,NaN,NaN,NaN
2,40.3758387,-3.7041095,62.18048339999999,-19.9377552,550.589,610.726,30.0,NaN,NaN,NaN,NaN,NaN,NaN,NaN
2,40.3758387,-3.7041095,62.18048339999999,-19.9377552,550.589,610.726,30.0,NaN,0.0,0.0,0.0,0.0,0.0,0.0
2,40.3758387,-3.7041095,62.18048339999999,-19.9377552,550.589,610.726,30.0,-694.403,337.557,662.454,967.078,686.265,0.0,NaN
2,40.3758387,-3.7041095,62.18048339999999,-19.9377552,550.589,610.726,30.0,-692.421,249.798,657.077,967.558,7.9988,2.6374,206.701
2,40.3758387,-3.7041095,62.18048339999999,-19.9377552,550.589,610.726,30.0,-69.143,24.97,6.57,97.033,802.316,357.414,326.087
2,40.3758387,-3.7041095,62.18048339999999,-19.9377552,550.589,610.726,30.0,-694.403,249.636,656.806,971.252,803.173,276.522,234.233
2,40.3758387,-3.7041095,62.18048339999999,-19.9377552,550.589,610.726,30.0,-693.412,249.745,656.772,97.224,803.828,349.763,284.186
2,40.3758387,-3.7041095,62.18048339999999,-19.9377552,550.589,610.726,30.0,-698.367,249.711,656.695,965.046,797.931,133.071,270.987
2,40.3758387,-3.7041095,62.18048339999999,-19.9377552,550.589,610.726,30.0,-695.394,249.695,656.873,963.772,7.969,315.884,215.458
2,40.3758387,-3.7041095,62.18048339999999,-19.9377552,550.589,610.726,30.0,-700.349,249.674,656.618,966.339,799.055,350.873,205.678
2,40.3758387,-3.7041095,62.18048339999999,-19.9377552,550.589,610.726,30.0,-704.313,249.779,656.386,965.458,798.172,328.376,311.468
2,40.3758387,-3.7041095,62.18048339999999,-19.9377552,550.589,610.726,30.0,-69.143,249.816,656.469,970.156,802.001,452.704,298.329
2,40.3758387,-3.7041095,62.18048339999999,-19.9377552,550.589,610.726,30.0,-69.143,24.977,656.619,966.508,799.053,297.823,244.849
2,40.3758387,-3.7041095,62.18048339999999,-19.9377552,550.589,610.726,30.0,-695.394,249.745,656.591,963.658,796.733,314.592,178.597
2,40.3758387,-3.7041095,62.18048339999999,-19.9377552,550.589,610.726,30.0,-69.143,249.726,656.574,968.628,8.1987,3.3529,256.936
2,40.3758387,-3.7041095,62.18048339999999,-19.9377552,550.589,610.726,30.0,-694.403,249.661,656.568,960.269,794.054,543.347,245.894
2,40.3758387,-3.7041095,62.18048339999999,-19.9377552,550.589,610.726,30.0,-686.476,249.658,6.57,962.821,796.169,369.678,302.383
2,40.3758387,-3.7041095,62.18048339999999,-19.9377552,550.589,610.726,30.0,-686.476,249.661,650.592,968.888,801.181,331.422,211.081
2,40.3758387,-3.7041095,62.18048339999999,-19.9377552,550.589,610.726,30.0,-688.457,249.618,656.413,961.134,794.833,359.899,244.111
2,40.3758387,-3.7041095,62.18048339999999,-19.9377552,550.589,610.726,30.0,NaN,244.915,671.606,965.226,805.189,6.5042,866.309
2,40.3758387,-3.7041095,62.18048339999999,-19.9377552,550.589,610.726,30.0,-637.918,244.831,671.333,96.77,807.378,5.0372,961.387
2,40.3758387,-3.7041095,62.18048339999999,-19.9377552,550.589,610.726,30.0,-640.891,244.981,672.013,969.711,8.0883,591.864,923.707
2,40.3758387,-3.7041095,62.18048339999999,-19.9377552,550.589,610.726,30.0,-646.836,244.933,671.588,965.918,805.738,609.175,112.071
2,40.3758387,-3.7041095,62.18048339999999,-19.9377552,550.589,610.726,30.0,-646.836,244.964,671.689,967.832,807.288,608.649,163.952
2,40.3758387,-3.7041095,62.18048339999999,-19.9377552,550.589,610.726,30.0,-636.927,244.858,6.7149,969.161,808.557,722.501,186.385
2,40.3758387,-3.7041095,62.18048339999999,-19.9377552,550.589,610.726,30.0,-636.927,245.083,672.776,965.426,805.103,730.773,196.391
2,40.3758387,-3.7041095,62.18048339999999,-19.9377552,550.589,610.726,30.0,-632.963,245.035,670.471,967.646,807.027,7.9493,186.987
2,40.3758387,-3.7041095,62.18048339999999,-19.9377552,550.589,610.726,30.0,-643.863,245.035,671.298,96.53,8.0507,813.704,184.853
2,40.3758387,-3.7041095,62.18048339999999,-19.9377552,550.589,610.726,30.0,-634.945,245.164,6.7099,96.836,8.0743,822.996,181.391
2,40.3758387,-3.7041095,62.18048339999999,-19.9377552,550.589,610.726,30.0,-642.873,245.054,669.205,963.971,803.934,496.148,193.195
2,40.3758387,-3.7041095,62.18048339999999,-19.9377552,550.589,610.726,30.0,-635.936,245.201,672.946,967.678,806.805,754.433,110.983
2,40.3758387,-3.7041095,62.18048339999999,-19.9377552,550.589,610.726,30.0,-641.882,24.509,670.351,969.127,8.0818,433.777,986.365
2,40.3758387,-3.7041095,62.18048339999999,-19.9377552,550.589,610.726,30.0,-6.399,24.524,671.372,962.727,802.551,758.762,150.524
2,40.3758387,-3.7041095,62.18048339999999,-19.9377552,550.589,610.726,30.0,-644.854,245.274,670.744,970.701,809.267,730.162,153.013
2,40.3758387,-3.7041095,62.18048339999999,-19.9377552,550.589,610.726,30.0,NaN,245.358,670.442,962.815,802.518,882.711,148.677
2,40.3758387,-3.7041095,62.18048339999999,-19.9377552,550.589,610.726,30.0,-638.909,245.357,670.667,967.549,806.464,749.522,112.272
2,40.3758387,-3.7041095,62.18048339999999,-19.9377552,550.589,610.726,30.0,-642.873,245.476,670.283,967.524,806.265,443.571,103.485
2,40.3758387,-3.7041095,62.18048339999999,-19.9377552,550.589,610.726,30.0,-637.918,24.545,670.033,967.949,806.658,630.792,967.389
2,40.3758387,-3.7041095,62.18048339999999,-19.9377552,550.589,610.726,30.0,-635.936,245.435,669.952,96.392,803.324,461.076,107.118
2,40.3758387,-3.7041095,62.18048339999999,-19.9377552,550.589,610.726,30.0,-641.882,245.472,670.803,969.577,807.983,6.952,967.297
2,40.3758387,-3.7041095,62.18048339999999,-19.9377552,550.589,610.726,30.0,-6.399,245.534,6.6967,968.707,807.165,628.755,926.322
2,40.3758387,-3.7041095,62.18048339999999,-19.9377552,550.589,610.726,30.0,-642.873,245.531,6.662,965.225,804.268,486.173,994.903
2,40.3758387,-3.7041095,62.18048339999999,-19.9377552,550.589,610.726,30.0,-642.873,245.649,664.381,965.504,804.325,5.5581,101.142
2,40.3758387,-3.7041095,62.18048339999999,-19.9377552,550.589,610.726,30.0,-636.927,245.748,665.436,964.641,803.458,6.2596,100.888
2,40.3758387,-3.7041095,62.18048339999999,-19.9377552,550.589,610.726,30.0,-636.927,245.717,665.722,966.096,804.716,530.578,958.847
2,40.3758387,-3.7041095,62.18048339999999,-19.9377552,550.589,610.726,30.0,-641.882,245.867,664.803,966.997,805.243,299.302,947.615
2,40.3758387,-3.7041095,62.18048339999999,-19.9377552,550.589,610.726,30.0,-644.854,245.885,667.201,962.556,801.518,624.544,923.657
2,40.3758387,-3.7041095,62.18048339999999,-19.9377552,550.589,610.726,30.0,-635.936,245.927,665.984,967.047,805.194,713.951,980.978
2,40.3758387,-3.7041095,62.18048339999999,-19.9377552,550.589,610.726,30.0,-6.399,245.822,663.712,962.479,801.547,NaN,902.038
2,40.3758387,-3.7041095,62.18048339999999,-19.9377552,550.589,610.726,30.0,-636.927,246.014,665.507,965.322,803.629,498.403,892.968
2,40.3758387,-3.7041095,62.18048339999999,-19.9377552,550.589,610.726,30.0,-645.845,245.971,664.486,964.575,803.072,658.546,981.087
2,40.3758387,-3.7041095,62.18048339999999,-19.9377552,550.589,610.726,30.0,-637.918,245.998,664.878,964.448,802.925,4.4087,102.668
2,40.3758387,-3.7041095,62.18048339999999,-19.9377552,550.589,610.726,30.0,-637.918,246.059,666.739,962.723,801.399,567.511,103.568
2,40.3758387,-3.7041095,62.18048339999999,-19.9377552,550.589,610.726,30.0,-647.827,246.172,665.241,961.916,800.779,481.605,929.427
2,40.3758387,-3.7041095,62.18048339999999,-19.9377552,550.589,610.726,30.0,-640.891,246.172,665.241,960.276,799.195,587.651,978.234
2,40.3758387,-3.7041095,62.18048339999999,-19.9377552,550.589,610.726,30.0,-634.945,NaN,666.681,962.184,800.894,481.721,104.083
2,40.3758387,-3.7041095,62.18048339999999,-19.9377552,550.589,610.726,30.0,-648.818,246.189,664.817,96.43,802.518,544.825,954.128
2,40.3758387,-3.7041095,62.18048339999999,-19.9377552,550.589,610.726,30.0,-641.882,246.257,6.6451,965.621,803.516,513.817,956.903
2,40.3758387,-3.7041095,62.18048339999999,-19.9377552,550.589,610.726,30.0,-642.873,246.262,664.018,962.758,801.127,505.852,895.961
2,40.3758387,-3.7041095,62.18048339999999,-19.9377552,550.589,610.726,30.0,NaN,246.325,662.627,959.492,798.315,565.105,906.062
2,40.3758387,-3.7041095,62.18048339999999,-19.9377552,550.589,610.726,30.0,-643.863,246.255,662.067,961.349,799.965,712.164,921.932
2,40.3758387,-3.7041095,62.18048339999999,-19.9377552,550.589,610.726,30.0,-641.882,246.378,663.247,965.817,8.035,523.413,86.496
2,40.3758387,-3.7041095,62.18048339999999,-19.9377552,550.589,610.726,30.0,-643.863,246.364,666.869,966.981,804.489,5.0481,977.135
2,40.3758387,-3.7041095,62.18048339999999,-19.9377552,550.589,610.726,30.0,-648.818,246.293,666.531,963.809,801.956,548.912,967.369
2,40.3758387,-3.7041095,62.18048339999999,-19.9377552,550.589,610.726,30.0,-643.863,246.327,665.239,964.602,802.565,669.346,99.271
2,40.3758387,-3.7041095,62.18048339999999,-19.9377552,550.589,610.726,30.0,-636.927,NaN,663.069,96.538,803.267,649.686,879.215
2,40.3758387,-3.7041095,62.18048339999999,-19.9377552,550.589,610.726,30.0,-632.963,246.359,667.927,96.251,800.776,623.009,965.058
2,40.3758387,-3.7041095,62.18048339999999,-19.9377552,550.589,610.726,30.0,NaN,246.342,666.793,962.259,800.592,593.028,940.725
2,40.3758387,-3.7041095,62.18048339999999,-19.9377552,550.589,610.726,30.0,-644.854,24.63,669.899,NaN,806.682,450.755,102.495
2,40.3758387,-3.7041095,62.18048339999999,-19.9377552,550.589,610.726,30.0,-640.891,246.268,669.642,966.685,804.385,453.929,937.925
2,40.3758387,-3.7041095,62.18048339999999,-19.9377552,550.589,610.726,30.0,-644.854,246.299,669.179,966.907,804.525,526.167,870.188
2,40.3758387,-3.7041095,62.18048339999999,-19.9377552,550.589,610.726,30.0,-644.854,246.299,6.665,96.678,804.419,476.027,984.395
2,40.3758387,-3.7041095,62.18048339999999,-19.9377552,550.589,610.726,30.0,-644.854,246.351,669.457,966.346,803.979,426.674,887.026
2,40.3758387,-3.7041095,62.18048339999999,-19.9377552,550.589,610.726,30.0,-644.854,24.636,6.7045,967.431,804.868,408.496,NaN
2,40.3758387,-3.7041095,62.18048339999999,-19.9377552,550.589,610.726,30.0,-643.863,24.639,668.709,960.926,799.412,335.705,965.681
2,40.3758387,-3.7041095,62.18048339999999,-19.9377552,550.589,610.726,30.0,-646.836,246.443,669.661,965.635,803.252,451.766,909.265
2,40.3758387,-3.7041095,62.18048339999999,-19.9377552,550.589,610.726,30.0,-641.882,246.467,669.283,962.873,800.918,678.233,87.709
2,40.3758387,-3.7041095,62.18048339999999,-19.9377552,550.589,610.726,30.0,-645.845,24.646,663.968,963.257,801.248,3.6102,553.589
2,40.3758387,-3.7041095,62.18048339999999,-19.9377552,550.589,610.726,30.0,-633.954,246.534,667.554,961.597,799.758,676.675,702.843
2,40.3758387,-3.7041095,62.18048339999999,-19.9377552,550.589,610.726,30.0,-645.845,246.522,666.208,95.91,797.699,258.853,648.748
2,40.3758387,-3.7041095,62.18048339999999,-19.9377552,550.589,610.726,30.0,-640.891,246.577,664.042,960.901,799.115,362.608,860.991
2,40.3758387,-3.7041095,62.18048339999999,-19.9377552,550.589,610.726,30.0,-646.836,246.704,667.514,961.579,799.491,240.686,133.942
2,40.3758387,-3.7041095,62.18048339999999,-19.9377552,550.589,610.726,30.0,-645.845,246.779,666.794,957.767,796.212,540.029,148.537
2,40.3758387,-3.7041095,62.18048339999999,-19.9377552,550.589,610.726,30.0,-640.891,246.776,626.903,963.965,801.369,425.642,132.633
2,40.3758387,-3.7041095,62.18048339999999,-19.9377552,550.589,610.726,30.0,-613.143,246.852,644.347,104.666,869.996,0.0,0.0
2,40.3758387,-3.7041095,62.18048339999999,-19.9377552,550.589,610.726,30.0,-604.224,247.129,679.209,111.686,9.2787,365.516,0.0
2,40.3758387,-3.7041095,62.18048339999999,-19.9377552,550.589,610.726,30.0,-596.297,247.305,694.695,117.03,9.7195,0.0,0.0
2,40.3758387,-3.7041095,62.18048339999999,-19.9377552,550.589,610.726,30.0,-593.324,247.463,707.465,121.533,10.0905,574.513,0.0
2,40.3758387,-3.7041095,62.18048339999999,-19.9377552,550.589,610.726,30.0,-591.342,247.466,703.415,122.984,10.211,481.248,0.0
2,40.3758387,-3.7041095,62.18048339999999,-19.9377552,550.589,610.726,30.0,-592.333,247.513,700.758,124.609,10.3449,777.747,0.0
2,40.3758387,-3.7041095,62.18048339999999,-19.9377552,550.589,610.726,30.0,-588.369,247.472,705.359,126.057,10.4643,573.461,0.0
2,40.3758387,-3.7041095,62.18048339999999,-19.9377552,550.589,610.726,30.0,-57.945,247.531,708.208,127.971,10.6248,134.578,0.0
2,40.3758387,-3.7041095,62.18048339999999,-19.9377552,550.589,610.726,30.0,-578.459,247.575,704.851,128.511,10.6677,820.152,0.0
2,40.3758387,-3.7041095,62.18048339999999,-19.9377552,550.589,610.726,30.0,-582.423,247.554,706.973,128.447,10.6627,0.0,0.0
2,40.3758387,-3.7041095,62.18048339999999,-19.9377552,550.589,610.726,30.0,-583.414,24.759,711.029,130.336,10.8189,239.174,0.0
2,40.3758387,-3.7041095,62.18048339999999,-19.9377552,550.589,610.726,30.0,-577.468,247.578,712.852,NaN,10.8028,0.0,0.0
2,40.3758387,-3.7041095,62.18048339999999,-19.9377552,550.589,610.726,30.0,-576.477,247.655,712.214,130.439,10.8261,409.493,0.0
2,40.3758387,-3.7041095,62.18048339999999,-19.9377552,550.589,610.726,30.0,-576.477,247.562,709.762,130.056,10.7962,116.834,0.0
2,40.3758387,-3.7041095,62.18048339999999,-19.9377552,550.589,610.726,30.0,-576.477,247.599,711.084,128.704,10.6832,436.664,0.0
2,40.3758387,-3.7041095,62.18048339999999,-19.9377552,550.589,610.726,30.0,-578.459,247.653,701.306,128.623,10.6754,777.699,0.0
2,40.3758387,-3.7041095,62.18048339999999,-19.9377552,550.589,610.726,30.0,-565.576,247.503,706.347,127.763,10.607,152.594,0.0
2,40.3758387,-3.7041095,62.18048339999999,-19.9377552,550.589,610.726,30.0,-568.549,247.692,705.252,126.485,10.4972,0.0,0.0
2,40.3758387,-3.7041095,62.18048339999999,-19.9377552,550.589,610.726,30.0,-567.558,247.503,7.01,126.235,NaN,537.187,0.0
2,40.3758387,-3.7041095,62.18048339999999,-19.9377552,550.589,610.726,30.0,-563.594,247.601,7.014,129.676,10.7638,460.248,0.0
2,40.3758387,-3.7041095,62.18048339999999,-19.9377552,550.589,610.726,30.0,-563.594,247.575,700.166,127.611,10.593,514.702,0.0
2,40.3758387,-3.7041095,62.18048339999999,-19.9377552,550.589,610.726,30.0,-567.558,247.602,702.514,128.533,10.6689,993.244,0.0
2,40.3758387,-3.7041095,62.18048339999999,-19.9377552,550.589,610.726,30.0,-55.963,247.584,702.784,127.224,10.5606,0.0,0.0
2,40.3758387,-3.7041095,62.18048339999999,-19.9377552,550.589,610.726,30.0,-570.531,247.615,7.0274,127.252,10.5624,651.742,0.0
2,40.3758387,-3.7041095,62.18048339999999,-19.9377552,550.589,610.726,30.0,-52.891,247.483,702.897,126.918,10.5373,512.501,0.0
2,40.3758387,-3.7041095,62.18048339999999,-19.9377552,550.589,610.726,30.0,-572.513,247.604,698.845,125.91,10.4512,NaN,0.0
2,40.3758387,-3.7041095,62.18048339999999,-19.9377552,550.589,610.726,30.0,-56.954,247.473,701.056,125.835,10.4475,177.989,0.0
2,40.3758387,-3.7041095,62.18048339999999,-19.9377552,550.589,610.726,30.0,-573.504,247.462,701.109,124.151,10.3079,0.0,0.0
2,40.3758387,-3.7041095,62.18048339999999,-19.9377552,550.589,610.726,30.0,-566.567,247.437,700.996,124.082,10.3026,1.6068,0.0
2,40.3758387,-3.7041095,62.18048339999999,-19.9377552,550.589,610.726,30.0,-567.558,247.488,699.213,123.122,10.222,137.221,0.0
2,40.3758387,-3.7041095,62.18048339999999,-19.9377552,550.589,610.726,30.0,-566.567,247.361,696.449,122.633,10.1838,597.804,0.0
2,40.3758387,-3.7041095,62.18048339999999,-19.9377552,550.589,610.726,30.0,-568.549,247.321,698.519,121.851,10.1196,0.0,0.0
2,40.3758387,-3.7041095,62.18048339999999,-19.9377552,550.589,610.726,30.0,-55.963,247.392,696.725,120.846,10.0348,140.415,0.0
2,40.3758387,-3.7041095,62.18048339999999,-19.9377552,550.589,610.726,30.0,-561.612,247.362,700.931,123.05,10.2184,0.0,0.0
2,40.3758387,-3.7041095,62.18048339999999,-19.9377552,550.589,610.726,30.0,-562.603,247.417,701.429,123.953,10.2924,779.775,0.0
2,40.3758387,-3.7041095,62.18048339999999,-19.9377552,550.589,610.726,30.0,-55.963,247.376,700.438,125.268,10.4023,479.703,0.0
2,40.3758387,-3.7041095,62.18048339999999,-19.9377552,550.589,610.726,30.0,-561.612,247.333,698.572,123.495,10.2559,0.0,0.0
2,40.3758387,-3.7041095,62.18048339999999,-19.9377552,550.589,610.726,30.0,-563.594,247.347,699.436,123.127,10.225,104.828,0.0
2,40.3758387,-3.7041095,62.18048339999999,-19.9377552,550.589,610.726,30.0,-558.639,NaN,699.092,123.367,10.2463,221.542,0.0
2,40.3758387,-3.7041095,62.18048339999999,-19.9377552,550.589,610.726,30.0,-556.657,247.274,699.251,123.497,10.2571,0.0,0.0
2,40.3758387,-3.7041095,62.18048339999999,-19.9377552,550.589,610.726,30.0,-555.666,247.351,699.685,122.715,10.1907,183.684,0.0
2,40.3758387,-3.7041095,62.18048339999999,-19.9377552,550.589,610.726,30.0,-557.648,247.333,699.288,121.406,10.0824,289.099,0.0
2,40.3758387,-3.7041095,62.18048339999999,-19.9377552,550.589,610.726,30.0,-55.963,247.367,697.917,121.49,10.0888,42.088,0.0
2,40.3758387,-3.7041095,62.18048339999999,-19.9377552,550.589,610.726,30.0,-558.639,247.225,6.9938,121.34,NaN,0.0,0.0
2,40.3758387,-3.7041095,62.18048339999999,-19.9377552,550.589,610.726,30.0,-54.873,247.291,699.295,120.568,10.0136,0.0,0.0
2,40.3758387,-3.7041095,62.18048339999999,-19.9377552,550.589,610.726,30.0,-54.873,247.177,698.758,119.639,993.496,944.466,0.0
2,40.3758387,-3.7041095,62.18048339999999,-19.9377552,550.589,610.726,30.0,-546.748,247.299,700.276,119.359,991.383,230.071,NaN
2,40.3758387,-3.7041095,62.18048339999999,-19.9377552,550.589,610.726,30.0,-54.873,NaN,700.061,118.698,985.821,809.902,0.0
2,40.3758387,-3.7041095,62.18048339999999,-19.9377552,550.589,610.726,30.0,-551.703,247.276,7.0113,117.035,972.039,156.778,0.0
2,40.3758387,-3.7041095,62.18048339999999,-19.9377552,550.589,610.726,30.0,-544.766,247.386,700.158,117.684,977.234,235.415,0.0
2,40.3758387,-3.7041095,62.18048339999999,-19.9377552,550.589,610.726,30.0,-549.721,247.339,6.9984,117.7,977.453,1.1928,0.0
2,40.3758387,-3.7041095,62.18048339999999,-19.9377552,550.589,610.726,30.0,-546.748,247.271,700.151,117.419,975.243,306.795,0.0
2,40.3758387,-3.7041095,62.18048339999999,-19.9377552,550.589,610.726,30.0,-545.757,247.243,699.623,116.28,965.834,133.489,0.0
2,40.3758387,-3.7041095,62.18048339999999,-19.9377552,550.589,610.726,30.0,-552.694,247.333,699.931,115.894,962.467,332.936,0.0
2,40.3758387,-3.7041095,62.18048339999999,-19.9377552,550.589,610.726,30.0,-546.748,247.373,699.914,116.766,969.631,132.924,0.0
2,40.3758387,-3.7041095,62.18048339999999,-19.9377552,550.589,610.726,30.0,-54.873,24.726,6.9926,115.974,963.256,737.931,0.0
2,40.3758387,-3.7041095,62.18048339999999,-19.9377552,550.589,610.726,30.0,-544.766,247.246,699.771,116.686,969.199,974.215,0.0
2,40.3758387,-3.7041095,62.18048339999999,-19.9377552,550.589,610.726,30.0,-550.712,247.297,699.823,116.218,965.214,127.407,0.0
2,40.3758387,-3.7041095,62.18048339999999,-19.9377552,550.589,610.726,30.0,-586.387,24.724,700.011,116.107,9.644,151.331,0.0
2,40.3758387,-3.7041095,62.18048339999999,-19.9377552,550.589,610.726,30.0,-558.639,247.252,700.288,116.338,966.295,186.839,0.0
2,40.3758387,-3.7041095,62.18048339999999,-19.9377552,550.589,610.726,30.0,-567.558,247.302,7.0315,117.727,NaN,104.424,0.0
2,40.3758387,-3.7041095,62.18048339999999,-19.9377552,550.589,610.726,30.0,-570.531,24.689,751.344,111.814,9.2934,100.428,0.0
2,40.3758387,-3.7041095,62.18048339999999,-19.9377552,550.589,610.726,30.0,-568.549,246.655,NaN,103.175,825.353,451.027,NaN
2,40.3758387,-3.7041095,62.18048339999999,-19.9377552,550.589,610.726,30.0,-564.585,245.373,710.766,979.363,816.287,378.489,109.677
2,40.3758387,-3.7041095,62.18048339999999,-19.9377552,550.589,610.726,30.0,-568.549,244.864,709.772,976.488,8.1466,NaN,78.465
2,40.3758387,-3.7041095,62.18048339999999,-19.9377552,550.589,610.726,30.0,-565.576,244.599,710.816,976.158,814.786,464.374,733.453
3,40.3759919,-3.704392,79.3096089,-20.429949,734.136,793.896,30.0,-56.954,243.927,711.339,969.804,810.493,510.314,654.561
3,40.3759919,-3.704392,79.3096089,-20.429949,734.136,793.896,30.0,-562.603,243.571,712.391,971.518,812.463,374.705,730.383
3,40.3759919,-3.704392,79.3096089,-20.429949,734.136,793.896,30.0,-567.558,243.117,714.781,965.353,807.988,2.3766,635.588
3,40.3759919,-3.704392,79.3096089,-20.429949,734.136,793.896,30.0,-562.603,242.961,716.024,969.897,812.028,552.775,614.607
3,40.3759919,-3.704392,79.3096089,-20.429949,734.136,793.896,30.0,-55.963,242.656,717.198,965.008,808.393,592.031,654.324
3,40.3759919,-3.704392,79.3096089,-20.429949,734.136,793.896,30.0,-551.703,242.466,714.128,962.548,806.617,411.856,0.0
3,40.3759919,-3.704392,79.3096089,-20.429949,734.136,793.896,30.0,-561.612,242.103,710.409,958.405,803.688,427.835,377.788
3,40.3759919,-3.704392,79.3096089,-20.429949,734.136,793.896,30.0,-560.621,241.682,712.567,956.827,802.994,376.949,613.058
3,40.3759919,-3.704392,79.3096089,-20.429949,734.136,793.896,30.0,-560.621,241.308,7.0789,958.158,804.674,197.808,0.0
3,40.3759919,-3.704392,79.3096089,-20.429949,734.136,793.896,30.0,-555.666,240.544,711.304,953.902,802.241,423.288,114.946
3,40.3759919,-3.704392,79.3096089,-20.429949,734.136,793.896,30.0,-560.621,240.053,712.808,NaN,804.965,395.977,910.682
3,40.3759919,-3.704392,79.3096089,-20.429949,734.136,793.896,30.0,-55.963,239.682,709.731,951.554,801.556,441.235,135.637
3,40.3759919,-3.704392,79.3096089,-20.429949,734.136,793.896,30.0,-564.585,239.036,717.164,95.214,803.019,4.3884,19.933
3,40.3759919,-3.704392,79.3096089,-20.429949,734.136,793.896,30.0,-551.703,238.063,711.643,954.517,805.925,1.7731,312.163
3,40.3759919,-3.704392,79.3096089,-20.429949,734.136,793.896,30.0,-558.639,237.587,710.132,954.686,NaN,281.248,213.321
3,40.3759919,-3.704392,79.3096089,-20.429949,734.136,793.896,30.0,-557.648,237.137,714.983,951.079,804.985,3.7567,236.838
3,40.3759919,-3.704392,79.3096089,-20.429949,734.136,793.896,30.0,-560.621,236.951,716.459,953.201,807.062,3.0602,0.0
3,40.3759919,-3.704392,79.3096089,-20.429949,734.136,793.896,30.0,-55.963,236.454,7.0888,936.905,794.005,406.692,196.959
3,40.3759919,-3.704392,79.3096089,-20.429949,734.136,793.896,30.0,-554.676,235.798,715.916,NaN,798.193,655.094,104.968
3,40.3759919,-3.704392,79.3096089,-20.429949,734.136,793.896,30.0,-556.657,235.155,713.644,941.707,800.027,582.115,1.0661
3,40.3759919,-3.704392,79.3096089,-20.429949,734.136,793.896,30.0,-553.685,234.672,715.997,941.594,800.658,610.153,958.824
3,40.3759919,-3.704392,79.3096089,-20.429949,734.136,793.896,30.0,-555.666,23.413,7.1656,94.563,804.912,582.845,973.463
3,40.3759919,-3.704392,79.3096089,-20.429949,734.136,793.896,30.0,-550.712,233.954,718.282,937.893,798.591,488.043,105.604
3,40.3759919,-3.704392,79.3096089,-20.429949,734.136,793.896,30.0,-560.621,233.494,710.923,942.764,803.436,717.734,105.754
3,40.3759919,-3.704392,79.3096089,-20.429949,734.136,793.896,30.0,-555.666,232.947,7.1034,942.445,803.992,602.961,120.044
3,40.3759919,-3.704392,79.3096089,-20.429949,734.136,793.896,30.0,-554.676,232.443,717.491,943.808,805.923,609.445,109.222
3,40.3759919,-3.704392,79.3096089,-20.429949,734.136,793.896,30.0,-556.657,231.857,NaN,940.346,803.856,607.196,975.011
3,40.3759919,-3.704392,79.3096089,-20.429949,734.136,793.896,30.0,-55.963,231.463,7.1468,947.327,810.428,6.1258,103.731
3,40.3759919,-3.704392,79.3096089,-20.429949,734.136,793.896,30.0,-561.612,231.229,719.955,943.863,807.822,788.302,109.558
3,40.3759919,-3.704392,79.3096089,-20.429949,734.136,793.896,30.0,-558.639,230.733,723.516,936.658,802.408,737.662,107.941
3,40.3759919,-3.704392,79.3096089,-20.429949,734.136,793.896,30.0,-560.621,230.325,724.084,NaN,807.912,636.615,NaN
3,40.3759919,-3.704392,79.3096089,-20.429949,734.136,793.896,30.0,-552.694,229.431,725.847,940.003,807.265,5.3796,105.657
3,40.3759919,-3.704392,79.3096089,-20.429949,734.136,793.896,30.0,-555.666,229.207,7.2616,938.291,806.138,534.425,107.596
3,40.3759919,-3.704392,79.3096089,-20.429949,734.136,793.896,30.0,-562.603,228.616,723.553,936.357,8.0538,645.044,107.885
3,40.3759919,-3.704392,79.3096089,-20.429949,734.136,793.896,30.0,-556.657,228.307,726.765,NaN,811.476,725.409,115.933
3,40.3759919,-3.704392,79.3096089,-20.429949,734.136,793.896,30.0,-554.676,227.897,726.567,943.392,812.541,862.925,110.059
3,40.3759919,-3.704392,79.3096089,-20.429949,734.136,793.896,30.0,-552.694,227.817,727.239,NaN,811.065,635.016,980.803
3,40.3759919,-3.704392,79.3096089,-20.429949,734.136,793.896,30.0,-553.685,227.578,725.569,941.433,811.346,723.988,109.395
3,40.3759919,-3.704392,79.3096089,-20.429949,734.136,793.896,30.0,-557.648,227.179,7.2245,940.104,810.817,811.167,110.827
3,40.3759919,-3.704392,79.3096089,-20.429949,734.136,793.896,30.0,-554.676,22.69,7.2671,943.077,813.813,634.296,115.083
3,40.3759919,-3.704392,79.3096089,-20.429949,734.136,793.896,30.0,-55.963,226.807,720.376,93.835,809.877,735.866,108.226
3,40.3759919,-3.704392,79.3096089,-20.429949,734.136,793.896,30.0,-550.712,226.767,719.852,94.089,812.131,712.925,102.326
3,40.3759919,-3.704392,79.3096089,-20.429949,734.136,793.896,30.0,-562.603,226.578,721.871,NaN,812.185,690.455,114.873
3,40.3759919,-3.704392,79.3096089,-20.429949,734.136,793.896,30.0,-555.666,226.377,721.972,939.557,811.585,6.7348,1.0687
3,40.3759919,-3.704392,79.3096089,-20.429949,734.136,793.896,30.0,-560.621,226.351,718.745,938.824,810.992,705.714,108.745
3,40.3759919,-3.704392,79.3096089,-20.429949,734.136,793.896,30.0,-562.603,226.072,7.2,944.677,816.588,629.099,110.895
3,40.3759919,-3.704392,79.3096089,-20.429949,734.136,793.896,30.0,-560.621,225.789,721.033,93.885,811.445,738.481,108.404
3,40.3759919,-3.704392,79.3096089,-20.429949,734.136,793.896,30.0,NaN,225.804,722.104,NaN,811.272,598.099,108.678
3,40.3759919,-3.704392,79.3096089,-20.429949,734.136,793.896,30.0,-55.963,225.674,719.685,940.175,813.208,624.565,111.587
3,40.3759919,-3.704392,79.3096089,-20.429949,734.136,793.896,30.0,-554.676,225.606,717.464,941.129,814.139,579.091,107.297
3,40.3759919,-3.704392,79.3096089,-20.429949,734.136,793.896,30.0,-558.639,225.481,718.184,936.469,NaN,614.659,111.451
3,40.3759919,-3.704392,79.3096089,-20.429949,734.136,793.896,30.0,-55.963,22.542,716.232,942.397,815.525,531.996,1.1727
3,40.3759919,-3.704392,79.3096089,-20.429949,734.136,793.896,30.0,-566.567,22.534,717.886,939.836,813.434,7.2779,115.541
3,40.3759919,-3.704392,79.3096089,-20.429949,734.136,793.896,30.0,-556.657,22.533,719.617,939.958,813.554,285.028,182.751
3,40.3759919,-3.704392,79.3096089,-20.429949,734.136,793.896,30.0,-557.648,225.285,717.924,940.285,813.907,690.583,122.717
3,40.3759919,-3.704392,79.3096089,-20.429949,734.136,793.896,30.0,-563.594,225.092,718.152,936.353,810.802,692.886,132.735
3,40.3759919,-3.704392,79.3096089,-20.429949,734.136,793.896,30.0,NaN,224.971,717.582,941.134,815.131,672.174,126.667
3,40.3759919,-3.704392,79.3096089,-20.429949,734.136,793.896,30.0,-562.603,224.943,718.061,93.871,813.075,670.763,121.466
3,40.3759919,-3.704392,79.3096089,-20.429949,734.136,793.896,30.0,-564.585,224.844,724.723,936.932,811.688,755.378,119.888
3,40.3759919,-3.704392,79.3096089,-20.429949,734.136,793.896,30.0,-557.648,224.853,723.023,939.997,8.1433,692.538,129.908
3,40.3759919,-3.704392,79.3096089,-20.429949,734.136,793.896,30.0,-556.657,224.863,720.965,941.559,815.668,5.8541,128.782
3,40.3759919,-3.704392,79.3096089,-20.429949,734.136,793.896,30.0,-561.612,224.974,720.806,939.227,813.542,712.522,125.412
3,40.3759919,-3.704392,79.3096089,-20.429949,734.136,793.896,30.0,-565.576,225.033,7.1879,938.443,812.795,620.087,110.345
3,40.3759919,-3.704392,79.3096089,-20.429949,734.136,793.896,30.0,NaN,225.151,714.882,NaN,813.225,646.319,120.359
3,40.3759919,-3.704392,79.3096089,-20.429949,734.136,793.896,30.0,-563.594,225.021,718.922,937.199,811.646,725.126,111.159
3,40.3759919,-3.704392,79.3096089,-20.429949,734.136,793.896,30.0,-56.954,225.055,713.698,938.929,813.091,702.665,1.1859
3,40.3759919,-3.704392,79.3096089,-20.429949,734.136,793.896,30.0,-561.612,22.496,716.634,937.222,811.759,600.591,112.626
3,40.3759919,-3.704392,79.3096089,-20.429949,734.136,793.896,30.0,-561.612,224.888,716.675,936.599,811.332,532.396,104.405
3,40.3759919,-3.704392,79.3096089,-20.429949,734.136,793.896,30.0,-560.621,22.497,720.307,938.434,812.795,796.595,124.244
3,40.3759919,-3.704392,79.3096089,-20.429949,734.136,793.896,30.0,-561.612,224.853,713.852,93.802,812.617,673.868,114.973
3,40.3759919,-3.704392,79.3096089,-20.429949,734.136,793.896,30.0,-564.585,224.736,711.649,936.251,811.266,671.965,107.691
3,40.3759919,-3.704392,79.3096089,-20.429949,734.136,793.896,30.0,-561.612,22.477,713.097,93.68,811.689,562.157,113.444
3,40.3759919,-3.704392,79.3096089,-20.429949,734.136,793.896,30.0,-563.594,224.657,712.912,93.937,814.092,549.156,1.1521
3,40.3759919,-3.704392,79.3096089,-20.429949,734.136,793.896,30.0,-55.963,224.556,713.881,934.467,809.999,7.0757,119.745
3,40.3759919,-3.704392,79.3096089,-20.429949,734.136,793.896,30.0,-564.585,224.634,716.708,937.376,812.399,6.6859,109.152
3,40.3759919,-3.704392,79.3096089,-20.429949,734.136,793.896,30.0,-55.963,224.645,714.037,931.543,807.328,629.428,117.446
3,40.3759919,-3.704392,79.3096089,-20.429949,734.136,793.896,30.0,-562.603,224.581,710.512,942.379,816.818,6.2088,120.856
3,40.3759919,-3.704392,79.3096089,-20.429949,734.136,793.896,30.0,-566.567,224.575,713.472,934.928,8.1037,788.079,1.2683
3,40.3759919,-3.704392,79.3096089,-20.429949,734.136,793.896,30.0,-55.963,224.624,717.118,93.314,808.743,601.269,114.733
3,40.3759919,-3.704392,79.3096089,-20.429949,734.136,793.896,30.0,-55.963,224.693,710.504,938.818,813.558,702.558,127.372
3,40.3759919,-3.704392,79.3096089,-20.429949,734.136,793.896,30.0,-562.603,224.684,720.713,941.404,815.813,591.003,125.703
3,40.3759919,-3.704392,79.3096089,-20.429949,734.136,793.896,30.0,-561.612,224.686,7.1466,939.391,814.065,6.4028,130.752
3,40.3759919,-3.704392,79.3096089,-20.429949,734.136,793.896,30.0,-564.585,224.724,712.868,941.532,815.698,595.619,129.008
3,40.3759919,-3.704392,79.3096089,-20.429949,734.136,793.896,30.0,-562.603,224.724,712.868,937.772,812.603,677.335,124.087
3,40.3759919,-3.704392,79.3096089,-20.429949,734.136,793.896,30.0,-561.612,224.872,717.025,934.538,809.571,668.003,121.784
3,40.3759919,-3.704392,79.3096089,-20.429949,734.136,793.896,30.0,-565.576,224.841,715.067,939.412,813.841,680.473,124.899
3,40.3759919,-3.704392,79.3096089,-20.429949,734.136,793.896,30.0,-564.585,22.499,707.618,937.932,812.329,277.975,100.022
3,40.3759919,-3.704392,79.3096089,-20.429949,734.136,793.896,30.0,-564.585,224.874,707.481,939.284,813.681,397.673,183.254
3,40.3759919,-3.704392,79.3096089,-20.429949,734.136,793.896,30.0,-562.603,224.878,712.801,940.691,814.892,334.578,165.129
3,40.3759919,-3.704392,79.3096089,-20.429949,734.136,793.896,30.0,-56.954,224.683,710.119,94.466,818.635,285.568,7.216
3,40.3759919,-3.704392,79.3096089,-20.429949,734.136,793.896,30.0,-565.576,224.722,714.209,94.002,814.555,645.764,176.298
3,40.3759919,-3.704392,79.3096089,-20.429949,734.136,793.896,30.0,-567.558,224.552,711.219,935.664,811.043,132.261,109.208
3,40.3759919,-3.704392,79.3096089,-20.429949,734.136,793.896,30.0,-566.567,224.406,709.271,934.594,810.341,8.1366,1.0616
3,40.3759919,-3.704392,79.3096089,-20.429949,734.136,793.896,30.0,-570.531,224.101,7.1262,938.507,8.1421,5.5757,159.158
3,40.3759919,-3.704392,79.3096089,-20.429949,734.136,793.896,30.0,-573.504,223.874,710.813,934.279,810.894,407.287,777.527
3,40.3759919,-3.704392,79.3096089,-20.429949,734.136,793.896,30.0,-566.567,223.795,715.898,929.956,807.264,439.205,0.0
3,40.3759919,-3.704392,79.3096089,-20.429949,734.136,793.896,30.0,-573.504,223.519,714.411,930.085,807.802,494.586,731.222
3,40.3759919,-3.704392,79.3096089,-20.429949,734.136,793.896,30.0,-572.513,223.423,704.091,934.371,811.674,309.773,267.165
3,40.3759919,-3.704392,79.3096089,-20.429949,734.136,793.896,30.0,-572.513,223.397,707.721,935.948,813.084,NaN,423.056
3,40.3759919,-3.704392,79.3096089,-20.429949,734.136,793.896,30.0,-573.504,223.169,707.869,928.365,806.849,461.347,392.196
3,40.3759919,-3.704392,79.3096089,-20.429949,734.136,793.896,30.0,-576.477,NaN,711.169,936.401,814.125,412.479,315.682
3,40.3759919,-3.704392,79.3096089,-20.429949,734.136,793.896,30.0,-575.486,222.949,707.005,932.784,811.031,471.803,289.242
3,40.3759919,-3.704392,79.3096089,-20.429949,734.136,793.896,30.0,-574.495,223.022,704.277,932.139,8.1052,590.617,318.208
3,40.3759919,-3.704392,79.3096089,-20.429949,734.136,793.896,30.0,-572.513,222.784,705.725,934.893,812.751,454.585,387.496
3,40.3759919,-3.704392,79.3096089,-20.429949,734.136,793.896,30.0,-574.495,222.793,7.0611,936.757,NaN,682.912,308.526
3,40.3759919,-3.704392,79.3096089,-20.429949,734.136,793.896,30.0,-573.504,222.829,707.635,937.186,815.047,592.536,311.564
3,40.3759919,-3.704392,79.3096089,-20.429949,734.136,793.896,30.0,-572.513,222.722,706.944,935.081,813.383,577.145,295.242
3,40.3759919,-3.704392,79.3096089,-20.429949,734.136,793.896,30.0,-567.558,222.711,706.261,937.061,815.122,490.066,264.412
3,40.3759919,-3.704392,79.3096089,-20.429949,734.136,793.896,30.0,-57.945,22.266,7.0777,934.195,812.709,494.771,321.959
3,40.3759919,-3.704392,79.3096089,-20.429949,734.136,793.896,30.0,-57.945,222.537,NaN,932.438,8.1137,413.872,390.483
3,40.3759919,-3.704392,79.3096089,-20.429949,734.136,793.896,30.0,-567.558,222.545,708.451,932.258,811.202,553.508,407.233
3,40.3759919,-3.704392,79.3096089,-20.429949,734.136,793.896,30.0,-577.468,222.621,707.562,936.122,814.446,485.237,352.582
3,40.3759919,-3.704392,79.3096089,-20.429949,734.136,793.896,30.0,-573.504,222.559,711.707,931.053,810.132,391.837,386.269
3,40.3759919,-3.704392,79.3096089,-20.429949,734.136,793.896,30.0,-576.477,222.502,709.051,936.773,815.199,458.749,474.745
3,40.3759919,-3.704392,79.3096089,-20.429949,734.136,793.896,30.0,NaN,22.255,NaN,931.598,810.621,559.908,313.126
3,40.3759919,-3.704392,79.3096089,-20.429949,734.136,793.896,30.0,-57.945,222.445,706.949,933.472,812.415,629.369,351.096
3,40.3759919,-3.704392,79.3096089,-20.429949,734.136,793.896,30.0,-57.945,222.463,706.983,935.779,814.394,470.164,3.866
3,40.3759919,-3.704392,79.3096089,-20.429949,734.136,793.896,30.0,-571.522,222.472,7.0611,931.178,810.375,496.809,3.908
3,40.3759919,-3.704392,79.3096089,-20.429949,734.136,793.896,30.0,NaN,22.238,708.351,931.662,810.941,6.0938,362.524
3,40.3759919,-3.704392,79.3096089,-20.429949,734.136,793.896,30.0,-570.531,222.404,705.747,93.387,812.824,652.886,401.877
3,40.3759919,-3.704392,79.3096089,-20.429949,734.136,793.896,30.0,-573.504,22.233,706.398,935.185,814.085,566.933,374.258
3,40.3759919,-3.704392,79.3096089,-20.429949,734.136,793.896,30.0,-578.459,222.245,708.389,929.908,809.623,476.022,342.292
3,40.3759919,-3.704392,79.3096089,-20.429949,734.136,793.896,30.0,-577.468,222.132,708.016,926.391,806.736,642.001,352.107
3,40.3759919,-3.704392,79.3096089,-20.429949,734.136,793.896,30.0,-568.549,222.181,704.347,928.614,808.595,434.098,301.488
3,40.3759919,-3.704392,79.3096089,-20.429949,734.136,793.896,30.0,-574.495,222.101,702.084,932.383,812.003,453.703,371.196
3,40.3759919,-3.704392,79.3096089,-20.429949,734.136,793.896,30.0,-571.522,22.207,705.565,933.155,812.723,3.5274,348.624
3,40.3759919,-3.704392,79.3096089,-20.429949,734.136,793.896,30.0,-572.513,221.955,701.714,938.587,817.634,462.925,438.069
3,40.3759919,-3.704392,79.3096089,-20.429949,734.136,793.896,30.0,-572.513,222.045,700.124,937.923,816.915,546.595,42.618
3,40.3759919,-3.704392,79.3096089,-20.429949,734.136,793.896,30.0,-574.495,221.946,701.413,935.392,814.865,563.892,NaN
3,40.3759919,-3.704392,79.3096089,-20.429949,734.136,793.896,30.0,-581.432,221.862,708.841,931.018,811.185,640.821,312.514
3,40.3759919,-3.704392,79.3096089,-20.429949,734.136,793.896,30.0,-582.423,221.926,703.389,936.604,815.953,596.664,36.848
3,40.3759919,-3.704392,79.3096089,-20.429949,734.136,793.896,30.0,-581.432,221.955,700.215,932.002,811.898,4.4339,372.745
3,40.3759919,-3.704392,79.3096089,-20.429949,734.136,793.896,30.0,-571.522,221.949,701.023,935.027,814.542,482.611,382.037
3,40.3759919,-3.704392,79.3096089,-20.429949,734.136,793.896,30.0,-56.954,221.914,681.536,931.123,811.197,613.203,309.247
3,40.3759919,-3.704392,79.3096089,-20.429949,734.136,793.896,30.0,-574.495,22.189,672.951,929.955,810.215,573.814,458.007
3,40.3759919,-3.704392,79.3096089,-20.429949,734.136,793.896,30.0,-577.468,221.838,6.6784,NaN,816.479,496.878,259.515
3,40.3759919,-3.704392,79.3096089,-20.429949,734.136,793.896,30.0,-578.459,221.771,661.972,937.682,817.103,512.621,323.887
3,40.3759919,-3.704392,79.3096089,-20.429949,734.136,793.896,30.0,-57.945,221.771,661.972,93.162,811.852,490.901,413.532
3,40.3759919,-3.704392,79.3096089,-20.429949,734.136,793.896,30.0,-57.945,221.607,651.552,934.627,NaN,450.545,388.185
3,40.3759919,-3.704392,79.3096089,-20.429949,734.136,793.896,30.0,-580.441,221.581,652.205,933.084,813.425,NaN,338.723
3,40.3759919,-3.704392,79.3096089,-20.429949,734.136,793.896,30.0,-582.423,221.336,649.779,931.649,812.556,489.788,380.759
3,40.3759919,-3.704392,79.3096089,-20.429949,734.136,793.896,30.0,-576.477,221.262,648.768,936.714,817.091,427.187,299.919
3,40.3759919,-3.704392,79.3096089,-20.429949,734.136,793.896,30.0,-576.477,221.082,646.109,940.849,8.2098,492.921,344.281
3,40.3759919,-3.704392,79.3096089,-20.429949,734.136,793.896,30.0,-57.945,220.918,646.506,935.832,8.1686,447.632,336.976
3,40.3759919,-3.704392,79.3096089,-20.429949,734.136,793.896,30.0,-57.945,220.765,645.319,936.534,817.714,514.003,340.536
3,40.3759919,-3.704392,79.3096089,-20.429949,734.136,793.896,30.0,-578.459,220.779,6.4249,935.735,816.995,566.265,210.596
3,40.3759919,-3.704392,79.3096089,-20.429949,734.136,793.896,30.0,-576.477,220.717,648.192,929.047,811.251,625.357,383.764
3,40.3759919,-3.704392,79.3096089,-20.429949,734.136,793.896,30.0,-582.423,220.712,6.5076,93.053,812.554,569.665,302.284
3,40.3759919,-3.704392,79.3096089,-20.429949,734.136,793.896,30.0,NaN,220.536,643.734,938.269,8.1959,379.464,218.774
3,40.3759919,-3.704392,79.3096089,-20.429949,734.136,793.896,30.0,-576.477,220.373,764.572,960.531,839.299,283.167,436.068
3,40.3759919,-3.704392,79.3096089,-20.429949,734.136,793.896,30.0,-514.045,222.798,719.943,106.853,929.325,0.0,0.0
3,40.3759919,-3.704392,79.3096089,-20.429949,734.136,793.896,30.0,-535.847,230.687,715.618,112.683,965.406,375.603,0.0
3,40.3759919,-3.704392,79.3096089,-20.429949,734.136,793.896,30.0,-529.901,233.823,714.407,116.177,989.461,819.979,0.0
3,40.3759919,-3.704392,79.3096089,-20.429949,734.136,793.896,30.0,-52.891,237.062,712.827,120.208,10.1757,0.0,0.0
3,40.3759919,-3.704392,79.3096089,-20.429949,734.136,793.896,30.0,-532.874,238.546,712.045,120.983,10.2129,409.208,0.0
3,40.3759919,-3.704392,79.3096089,-20.429949,734.136,793.896,30.0,-53.882,240.834,711.096,122.465,10.3171,974.936,0.0
3,40.3759919,-3.704392,79.3096089,-20.429949,734.136,793.896,30.0,-52.891,241.701,710.653,122.024,NaN,253.419,0.0
3,40.3759919,-3.704392,79.3096089,-20.429949,734.136,793.896,30.0,-522.964,242.106,710.516,122.372,10.2616,322.395,0.0
3,40.3759919,-3.704392,79.3096089,-20.429949,734.136,793.896,30.0,-522.964,24.275,7.1042,121.968,10.2155,0.0,0.0
3,40.3759919,-3.704392,79.3096089,-20.429949,734.136,793.896,30.0,-525.937,243.089,710.659,120.668,10.1003,113.159,0.0
3,40.3759919,-3.704392,79.3096089,-20.429949,734.136,793.896,30.0,-523.955,243.512,710.956,120.672,10.0927,0.0,0.0
3,40.3759919,-3.704392,79.3096089,-20.429949,734.136,793.896,30.0,-52.891,243.753,710.356,120.195,10.0483,148.571,0.0
3,40.3759919,-3.704392,79.3096089,-20.429949,734.136,793.896,30.0,-530.892,243.973,710.198,120.342,10.0565,196.329,0.0
3,40.3759919,-3.704392,79.3096089,-20.429949,734.136,793.896,30.0,-519.991,244.261,710.041,119.69,999.659,0.0,0.0
3,40.3759919,-3.704392,79.3096089,-20.429949,734.136,793.896,30.0,-524.946,244.525,7.1008,117.771,9.8315,125.873,0.0
3,40.3759919,-3.704392,79.3096089,-20.429949,734.136,793.896,30.0,-519.991,244.707,710.083,117.664,981.925,1.0264,0.0
3,40.3759919,-3.704392,79.3096089,-20.429949,734.136,793.896,30.0,-522.964,244.868,710.296,118.279,986.765,47.551,0.0
3,40.3759919,-3.704392,79.3096089,-20.429949,734.136,793.896,30.0,-520.982,244.915,710.355,117.203,977.701,234.326,0.0
3,40.3759919,-3.704392,79.3096089,-20.429949,734.136,793.896,30.0,-472.424,245.056,710.334,117.109,9.7666,165.753,0.0
3,40.3759919,-3.704392,79.3096089,-20.429949,734.136,793.896,30.0,309.457,245.104,711.187,117.519,979.996,814.635,0.0
4,40.375715,-3.7046288,48.50062079999999,-46.6998165,1037.834,1096.71,30.0,118.251,245.343,710.561,122.968,10.2498,138.976,0.0
4,40.375715,-3.7046288,48.50062079999999,-46.6998165,1037.834,1096.71,30.0,205.061,245.559,710.509,128.562,10.7118,72.556,0.0
4,40.375715,-3.7046288,48.50062079999999,-46.6998165,1037.834,1096.71,30.0,289.888,245.681,710.864,133.842,11.1492,352.056,0.0
4,40.375715,-3.7046288,48.50062079999999,-46.6998165,1037.834,1096.71,30.0,302.771,245.737,711.027,137.885,11.4848,0.0,0.0
4,40.375715,-3.7046288,48.50062079999999,-46.6998165,1037.834,1096.71,30.0,272.447,245.783,711.056,139.166,11.5905,0.0,0.0
4,40.375715,-3.7046288,48.50062079999999,-46.6998165,1037.834,1096.71,30.0,201.889,245.825,711.095,137.945,11.4879,0.0,0.0
4,40.375715,-3.7046288,48.50062079999999,-46.6998165,1037.834,1096.71,30.0,167.701,245.896,711.128,132.806,11.0585,0.0,0.0
4,40.375715,-3.7046288,48.50062079999999,-46.6998165,1037.834,1096.71,30.0,167.998,246.033,7.1104,132.073,10.9947,118.968,0.0
4,40.375715,-3.7046288,48.50062079999999,-46.6998165,1037.834,1096.71,30.0,146.494,246.029,710.919,132.234,11.1987,0.0,0.0
4,40.375715,-3.7046288,48.50062079999999,-46.6998165,1037.834,1096.71,30.0,764.316,246.224,711.338,130.799,10.8887,117.922,0.0
4,40.375715,-3.7046288,48.50062079999999,-46.6998165,1037.834,1096.71,30.0,300.538,246.149,711.432,124.427,10.3559,648.304,0.0
4,40.375715,-3.7046288,48.50062079999999,-46.6998165,1037.834,1096.71,30.0,303.511,246.203,711.375,122.074,10.1591,136.225,0.0
4,40.375715,-3.7046288,48.50062079999999,-46.6998165,1037.834,1096.71,30.0,NaN,246.227,NaN,121.201,10.086,254.312,0.0
4,40.375715,-3.7046288,48.50062079999999,-46.6998165,1037.834,1096.71,30.0,-507.109,246.281,709.933,118.571,986.611,0.0,0.0
4,40.375715,-3.7046288,48.50062079999999,-46.6998165,1037.834,1096.71,30.0,-5.081,246.395,709.952,117.221,975.178,396.354,0.0
4,40.375715,-3.7046288,48.50062079999999,-46.6998165,1037.834,1096.71,30.0,104.325,246.537,711.341,115.862,963.616,1.2814,0.0
4,40.375715,-3.7046288,48.50062079999999,-46.6998165,1037.834,1096.71,30.0,956.566,246.488,711.467,121.103,10.0729,0.0,0.0
4,40.375715,-3.7046288,48.50062079999999,-46.6998165,1037.834,1096.71,30.0,179.097,246.601,711.691,126.445,10.5151,157.482,0.0
4,40.375715,-3.7046288,48.50062079999999,-46.6998165,1037.834,1096.71,30.0,261.447,246.561,712.123,131.728,10.9553,0.0,0.0
4,40.375715,-3.7046288,48.50062079999999,-46.6998165,1037.834,1096.71,30.0,257.384,246.642,712.068,135.568,11.2729,191.436,0.0
4,40.375715,-3.7046288,48.50062079999999,-46.6998165,1037.834,1096.71,30.0,186.628,246.651,712.375,NaN,11.2397,712.568,0.0
4,40.375715,-3.7046288,48.50062079999999,-46.6998165,1037.834,1096.71,30.0,119.638,246.587,712.958,130.755,10.8738,0.0,0.0
4,40.375715,-3.7046288,48.50062079999999,-46.6998165,1037.834,1096.71,30.0,119.737,246.524,712.839,129.521,10.7724,585.478,0.0
4,40.375715,-3.7046288,48.50062079999999,-46.6998165,1037.834,1096.71,30.0,873.324,246.695,712.948,126.954,10.5555,1.974,0.0
4,40.375715,-3.7046288,48.50062079999999,-46.6998165,1037.834,1096.71,30.0,164.774,246.745,7.1323,123.947,10.3046,825.781,0.0
4,40.375715,-3.7046288,48.50062079999999,-46.6998165,1037.834,1096.71,30.0,-169.185,246.855,713.116,119.941,996.958,329.588,0.0
4,40.375715,-3.7046288,48.50062079999999,-46.6998165,1037.834,1096.71,30.0,-501.163,246.873,711.255,117.767,978.928,0.0,0.0
4,40.375715,-3.7046288,48.50062079999999,-46.6998165,1037.834,1096.71,30.0,-507.109,246.873,711.255,116.183,965.685,131.465,0.0
4,40.375715,-3.7046288,48.50062079999999,-46.6998165,1037.834,1096.71,30.0,-502.154,246.974,711.576,116.173,965.423,238.043,0.0
4,40.375715,-3.7046288,48.50062079999999,-46.6998165,1037.834,1096.71,30.0,-529.901,246.974,711.576,116.173,965.423,238.043,0.0
4,40.375715,-3.7046288,48.50062079999999,-46.6998165,1037.834,1096.71,30.0,-53.882,247.002,712.283,NaN,956.427,800.943,0.0
4,40.375715,-3.7046288,48.50062079999999,-46.6998165,1037.834,1096.71,30.0,-535.847,247.024,712.648,116.178,965.377,481.581,0.0
4,40.375715,-3.7046288,48.50062079999999,-46.6998165,1037.834,1096.71,30.0,-52.891,247.085,712.778,115.043,955.836,710.654,0.0
4,40.375715,-3.7046288,48.50062079999999,-46.6998165,1037.834,1096.71,30.0,-52.891,247.059,712.742,115.668,961.073,0.0,0.0
4,40.375715,-3.7046288,48.50062079999999,-46.6998165,1037.834,1096.71,30.0,-295.039,247.141,714.941,116.207,965.408,0.0,0.0
4,40.375715,-3.7046288,48.50062079999999,-46.6998165,1037.834,1096.71,30.0,220.736,247.177,715.805,115.763,961.652,141.492,0.0
4,40.375715,-3.7046288,48.50062079999999,-46.6998165,1037.834,1096.71,30.0,320.358,247.042,715.654,119.304,9.9132,119.042,0.0
4,40.375715,-3.7046288,48.50062079999999,-46.6998165,1037.834,1096.71,30.0,550.265,247.108,714.949,120.016,9.9711,883.118,0.0
4,40.375715,-3.7046288,48.50062079999999,-46.6998165,1037.834,1096.71,30.0,790.081,247.074,714.898,123.329,10.247,248.097,0.0
4,40.375715,-3.7046288,48.50062079999999,-46.6998165,1037.834,1096.71,30.0,107.846,247.108,715.347,126.509,10.5106,0.0,NaN
4,40.375715,-3.7046288,48.50062079999999,-46.6998165,1037.834,1096.71,30.0,138.665,247.051,7.1537,128.419,10.6703,615.964,0.0
4,40.375715,-3.7046288,48.50062079999999,-46.6998165,1037.834,1096.71,30.0,163.439,247.028,715.072,130.213,10.8199,118.288,0.0
4,40.375715,-3.7046288,48.50062079999999,-46.6998165,1037.834,1096.71,30.0,183.953,247.122,715.065,132.158,10.9796,311.267,0.0
4,40.375715,-3.7046288,48.50062079999999,-46.6998165,1037.834,1096.71,30.0,2.1606,247.023,715.419,133.788,11.1171,1.6794,0.0
4,40.375715,-3.7046288,48.50062079999999,-46.6998165,1037.834,1096.71,30.0,246.979,246.955,715.631,136.285,11.326,156.798,0.0
4,40.375715,-3.7046288,48.50062079999999,-46.6998165,1037.834,1096.71,30.0,260.654,246.965,715.786,138.166,11.4821,158.518,0.0
4,40.375715,-3.7046288,48.50062079999999,-46.6998165,1037.834,1096.71,30.0,261.249,247.052,715.895,138.288,11.4904,126.804,0.0
4,40.375715,-3.7046288,48.50062079999999,-46.6998165,1037.834,1096.71,30.0,211.898,247.016,7.1616,137.809,11.4503,612.349,0.0
4,40.375715,-3.7046288,48.50062079999999,-46.6998165,1037.834,1096.71,30.0,1.9307,246.974,715.977,136.586,11.2167,169.144,0.0
4,40.375715,-3.7046288,48.50062079999999,-46.6998165,1037.834,1096.71,30.0,165.521,246.992,NaN,132.812,11.0366,478.059,0.0
4,40.375715,-3.7046288,48.50062079999999,-46.6998165,1037.834,1096.71,30.0,135.494,247.076,716.536,130.244,10.8215,0.0,0.0
4,40.375715,-3.7046288,48.50062079999999,-46.6998165,1037.834,1096.71,30.0,120.431,246.992,716.809,128.771,10.7007,197.417,0.0
4,40.375715,-3.7046288,48.50062079999999,-46.6998165,1037.834,1096.71,30.0,105.467,247.113,716.243,127.838,10.6209,1.5505,0.0
4,40.375715,-3.7046288,48.50062079999999,-46.6998165,1037.834,1096.71,30.0,75.837,247.135,715.358,NaN,10.3819,406.943,0.0
4,40.375715,-3.7046288,48.50062079999999,-46.6998165,1037.834,1096.71,30.0,517.563,247.104,715.727,123.433,10.2551,695.982,0.0
4,40.375715,-3.7046288,48.50062079999999,-46.6998165,1037.834,1096.71,30.0,292.611,247.203,715.301,121.028,10.0534,269.801,0.0
4,40.375715,-3.7046288,48.50062079999999,-46.6998165,1037.834,1096.71,30.0,-864.668,247.318,715.399,118.236,981.943,221.626,0.0
4,40.375715,-3.7046288,48.50062079999999,-46.6998165,1037.834,1096.71,30.0,-205.851,247.314,7.1491,117.833,978.603,168.301,0.0
4,40.375715,-3.7046288,48.50062079999999,-46.6998165,1037.834,1096.71,30.0,-473.415,247.342,714.877,115.303,957.542,624.342,0.0
4,40.375715,-3.7046288,48.50062079999999,-46.6998165,1037.834,1096.71,30.0,-499.181,247.336,713.889,NaN,9.4878,427.914,0.0
4,40.375715,-3.7046288,48.50062079999999,-46.6998165,1037.834,1096.71,30.0,-491.253,247.395,714.074,113.044,938.685,0.0,0.0
4,40.375715,-3.7046288,48.50062079999999,-46.6998165,1037.834,1096.71,30.0,-489.271,247.384,713.956,112.462,933.874,659.441,0.0
4,40.375715,-3.7046288,48.50062079999999,-46.6998165,1037.834,1096.71,30.0,-503.145,247.325,714.055,112.243,932.156,149.102,0.0
4,40.375715,-3.7046288,48.50062079999999,-46.6998165,1037.834,1096.71,30.0,-503.145,247.435,714.027,111.315,924.259,0.0,0.0
4,40.375715,-3.7046288,48.50062079999999,-46.6998165,1037.834,1096.71,30.0,-501.163,247.514,7.1412,113.652,943.531,563.974,0.0
4,40.375715,-3.7046288,48.50062079999999,-46.6998165,1037.834,1096.71,30.0,-496.208,24.742,713.496,114.055,947.165,0.0,0.0
4,40.375715,-3.7046288,48.50062079999999,-46.6998165,1037.834,1096.71,30.0,-497.199,24.748,713.679,114.546,951.113,401.756,NaN
4,40.375715,-3.7046288,48.50062079999999,-46.6998165,1037.834,1096.71,30.0,-493.235,247.314,713.618,113.688,944.175,0.0,0.0
4,40.375715,-3.7046288,48.50062079999999,-46.6998165,1037.834,1096.71,30.0,-504.136,247.381,714.199,113.224,940.204,0.0,0.0
4,40.375715,-3.7046288,48.50062079999999,-46.6998165,1037.834,1096.71,30.0,-501.163,247.318,713.923,112.936,937.927,137.596,0.0
4,40.375715,-3.7046288,48.50062079999999,-46.6998165,1037.834,1096.71,30.0,-49.819,247.389,714.149,113.353,941.267,437.797,0.0
4,40.375715,-3.7046288,48.50062079999999,-46.6998165,1037.834,1096.71,30.0,-49.819,24.733,714.302,113.15,939.677,46.622,0.0
4,40.375715,-3.7046288,48.50062079999999,-46.6998165,1037.834,1096.71,30.0,-494.226,247.305,713.902,112.724,936.185,160.679,0.0
4,40.375715,-3.7046288,48.50062079999999,-46.6998165,1037.834,1096.71,30.0,-501.163,247.386,714.177,112.663,935.538,130.483,0.0
4,40.375715,-3.7046288,48.50062079999999,-46.6998165,1037.834,1096.71,30.0,-501.163,247.274,714.356,112.164,931.591,NaN,0.0
4,40.375715,-3.7046288,48.50062079999999,-46.6998165,1037.834,1096.71,30.0,-49.819,247.324,714.052,114.252,948.846,222.579,0.0
4,40.375715,-3.7046288,48.50062079999999,-46.6998165,1037.834,1096.71,30.0,-495.217,247.386,714.386,115.48,958.936,781.322,0.0
4,40.375715,-3.7046288,48.50062079999999,-46.6998165,1037.834,1096.71,30.0,-494.226,247.403,715.004,115.021,955.089,162.757,0.0
4,40.375715,-3.7046288,48.50062079999999,-46.6998165,1037.834,1096.71,30.0,-502.154,247.336,715.575,114.929,954.441,247.154,0.0
4,40.375715,-3.7046288,48.50062079999999,-46.6998165,1037.834,1096.71,30.0,-496.208,247.365,713.568,114.858,953.805,0.0,0.0
4,40.375715,-3.7046288,48.50062079999999,-46.6998165,1037.834,1096.71,30.0,-49.819,24.733,713.769,114.139,NaN,148.683,0.0
4,40.375715,-3.7046288,48.50062079999999,-46.6998165,1037.834,1096.71,30.0,-49.819,247.308,7.1448,114.79,953.339,144.117,0.0
4,40.375715,-3.7046288,48.50062079999999,-46.6998165,1037.834,1096.71,30.0,-496.208,247.308,714.698,114.203,948.466,605.395,0.0
4,40.375715,-3.7046288,48.50062079999999,-46.6998165,1037.834,1096.71,30.0,-49.819,247.263,713.802,114.795,953.362,688.614,NaN
4,40.375715,-3.7046288,48.50062079999999,-46.6998165,1037.834,1096.71,30.0,-495.217,247.302,714.297,115.301,957.589,760.362,0.0
4,40.375715,-3.7046288,48.50062079999999,-46.6998165,1037.834,1096.71,30.0,-49.819,247.398,715.736,116.165,9.646,136.433,0.0
4,40.375715,-3.7046288,48.50062079999999,-46.6998165,1037.834,1096.71,30.0,-500.172,247.249,716.842,116.837,970.446,0.0,0.0
4,40.375715,-3.7046288,48.50062079999999,-46.6998165,1037.834,1096.71,30.0,-49.819,247.212,715.444,115.237,957.221,488.987,0.0
4,40.375715,-3.7046288,48.50062079999999,-46.6998165,1037.834,1096.71,30.0,-492.244,247.271,716.332,114.817,953.627,100.345,0.0
4,40.375715,-3.7046288,48.50062079999999,-46.6998165,1037.834,1096.71,30.0,-493.235,247.268,716.246,115.119,956.146,89.344,0.0
4,40.375715,-3.7046288,48.50062079999999,-46.6998165,1037.834,1096.71,30.0,-499.181,247.348,716.524,114.243,948.728,201.176,0.0
4,40.375715,-3.7046288,48.50062079999999,-46.6998165,1037.834,1096.71,30.0,-490.262,247.288,712.744,115.402,958.461,NaN,0.0
4,40.375715,-3.7046288,48.50062079999999,-46.6998165,1037.834,1096.71,30.0,-497.199,247.353,726.166,115.969,963.055,240.714,0.0
4,40.375715,-3.7046288,48.50062079999999,-46.6998165,1037.834,1096.71,30.0,-491.253,247.258,712.327,116.423,966.993,327.712,0.0
4,40.375715,-3.7046288,48.50062079999999,-46.6998165,1037.834,1096.71,30.0,-485.307,247.212,NaN,116.037,963.868,124.083,0.0
4,40.375715,-3.7046288,48.50062079999999,-46.6998165,1037.834,1096.71,30.0,-417.921,247.222,712.256,115.067,955.792,131.962,0.0
4,40.375715,-3.7046288,48.50062079999999,-46.6998165,1037.834,1096.71,30.0,-114.681,247.226,7.1223,116.529,967.931,0.0,0.0
4,40.375715,-3.7046288,48.50062079999999,-46.6998165,1037.834,1096.71,30.0,194.504,247.215,711.861,118.426,983.707,176.527,0.0
4,40.375715,-3.7046288,48.50062079999999,-46.6998165,1037.834,1096.71,30.0,489.815,247.141,711.929,120.274,999.189,175.288,0.0
4,40.375715,-3.7046288,48.50062079999999,-46.6998165,1037.834,1096.71,30.0,68.702,24.727,712.127,123.554,10.2619,223.632,0.0
4,40.375715,-3.7046288,48.50062079999999,-46.6998165,1037.834,1096.71,30.0,956.566,247.183,712.107,124.887,10.3744,144.807,0.0
4,40.375715,-3.7046288,48.50062079999999,-46.6998165,1037.834,1096.71,30.0,1.5462,247.187,712.042,127.579,10.5971,153.583,0.0
4,40.375715,-3.7046288,48.50062079999999,-46.6998165,1037.834,1096.71,30.0,177.412,247.187,712.059,130.716,10.8585,55.347,0.0
4,40.375715,-3.7046288,48.50062079999999,-46.6998165,1037.834,1096.71,30.0,2.007,247.271,7.118,135.879,11.2856,NaN,0.0
4,40.375715,-3.7046288,48.50062079999999,-46.6998165,1037.834,1096.71,30.0,230.529,247.133,713.163,138.95,11.5436,233.308,0.0
4,40.375715,-3.7046288,48.50062079999999,-46.6998165,1037.834,1096.71,30.0,246.682,247.175,712.744,139.963,11.6269,788.147,0.0
4,40.375715,-3.7046288,48.50062079999999,-46.6998165,1037.834,1096.71,30.0,242.222,247.237,712.643,139.91,11.6211,591.898,0.0
4,40.375715,-3.7046288,48.50062079999999,-46.6998165,1037.834,1096.71,30.0,227.556,247.141,712.784,139.823,11.616,0.0,0.0
4,40.375715,-3.7046288,48.50062079999999,-46.6998165,1037.834,1096.71,30.0,211.997,247.243,712.908,137.88,11.4524,717.608,0.0
4,40.375715,-3.7046288,48.50062079999999,-46.6998165,1037.834,1096.71,30.0,181.277,247.177,7.1332,134.945,11.21,531.338,0.0
4,40.375715,-3.7046288,48.50062079999999,-46.6998165,1037.834,1096.71,30.0,154.719,247.147,714.007,133.702,11.1074,31.085,NaN
4,40.375715,-3.7046288,48.50062079999999,-46.6998165,1037.834,1096.71,30.0,147.881,NaN,713.828,132.851,11.0342,43.459,0.0
4,40.375715,-3.7046288,48.50062079999999,-46.6998165,1037.834,1096.71,30.0,147.584,247.228,713.774,132.304,10.9896,125.069,0.0
4,40.375715,-3.7046288,48.50062079999999,-46.6998165,1037.834,1096.71,30.0,169.484,247.183,7.1369,131.664,10.9373,1.8096,0.0
4,40.375715,-3.7046288,48.50062079999999,-46.6998165,1037.834,1096.71,30.0,200.799,247.161,713.483,134.159,11.145,900.633,0.0
4,40.375715,-3.7046288,48.50062079999999,-46.6998165,1037.834,1096.71,30.0,226.565,247.157,713.635,135.937,11.2929,823.134,0.0
4,40.375715,-3.7046288,48.50062079999999,-46.6998165,1037.834,1096.71,30.0,2.4688,247.191,713.776,137.232,11.3997,933.592,0.0
4,40.375715,-3.7046288,48.50062079999999,-46.6998165,1037.834,1096.71,30.0,277.006,247.203,713.591,139.619,11.5977,0.0,0.0
4,40.375715,-3.7046288,48.50062079999999,-46.6998165,1037.834,1096.71,30.0,306.933,247.277,713.655,141.157,11.7238,698.711,0.0
4,40.375715,-3.7046288,48.50062079999999,-46.6998165,1037.834,1096.71,30.0,NaN,247.342,713.377,145.819,12.1096,306.639,873.555
4,40.375715,-3.7046288,48.50062079999999,-46.6998165,1037.834,1096.71,30.0,358.464,247.232,712.797,147.53,12.2542,0.0,270.151
4,40.375715,-3.7046288,48.50062079999999,-46.6998165,1037.834,1096.71,30.0,358.464,247.246,712.458,147.813,12.2773,32.013,169.151
4,40.375715,-3.7046288,48.50062079999999,-46.6998165,1037.834,1096.71,30.0,358.266,247.249,712.437,147.406,12.2435,180.133,165.449
4,40.375715,-3.7046288,48.50062079999999,-46.6998165,1037.834,1096.71,30.0,357.869,247.327,712.303,147.675,12.2641,248.332,17.579
4,40.375715,-3.7046288,48.50062079999999,-46.6998165,1037.834,1096.71,30.0,358.365,247.223,712.278,147.505,12.2523,112.619,166.594
4,40.375715,-3.7046288,48.50062079999999,-46.6998165,1037.834,1096.71,30.0,358.662,247.287,712.154,147.325,12.236,171.896,135.857
4,40.375715,-3.7046288,48.50062079999999,-46.6998165,1037.834,1096.71,30.0,358.266,247.231,7.1205,148.114,12.3028,312.087,143.003
4,40.375715,-3.7046288,48.50062079999999,-46.6998165,1037.834,1096.71,30.0,NaN,247.286,712.279,147.289,12.233,152.375,797.618
4,40.375715,-3.7046288,48.50062079999999,-46.6998165,1037.834,1096.71,30.0,3.2923,247.299,712.232,NaN,12.0151,492.124,0.0
4,40.375715,-3.7046288,48.50062079999999,-46.6998165,1037.834,1096.71,30.0,3.0723,247.193,712.038,143.604,11.9289,365.312,0.0
4,40.375715,-3.7046288,48.50062079999999,-46.6998165,1037.834,1096.71,30.0,284.141,24.73,712.135,141.114,11.7198,144.779,0.0
4,40.375715,-3.7046288,48.50062079999999,-46.6998165,1037.834,1096.71,30.0,254.609,247.214,712.576,139.009,11.5468,160.142,0.0
4,40.375715,-3.7046288,48.50062079999999,-46.6998165,1037.834,1096.71,30.0,250.546,247.215,712.657,136.58,11.345,173.186,0.0
4,40.375715,-3.7046288,48.50062079999999,-46.6998165,1037.834,1096.71,30.0,233.403,24.722,712.532,136.739,11.3582,784.494,0.0
4,40.375715,-3.7046288,48.50062079999999,-46.6998165,1037.834,1096.71,30.0,162.944,247.361,NaN,132.098,10.9698,232.223,0.0
4,40.375715,-3.7046288,48.50062079999999,-46.6998165,1037.834,1096.71,30.0,649.363,247.305,712.791,127.704,10.6059,109.309,0.0
4,40.375715,-3.7046288,48.50062079999999,-46.6998165,1037.834,1096.71,30.0,-740.512,247.222,711.998,123.292,10.2399,125.621,0.0
4,40.375715,-3.7046288,48.50062079999999,-46.6998165,1037.834,1096.71,30.0,-256.391,247.212,712.183,113.377,941.775,NaN,0.0
4,40.375715,-3.7046288,48.50062079999999,-46.6998165,1037.834,1096.71,30.0,-261.346,247.311,712.379,111.509,926.083,0.0,0.0
4,40.375715,-3.7046288,48.50062079999999,-46.6998165,1037.834,1096.71,30.0,-262.337,247.218,709.468,110.826,920.574,188.095,NaN
4,40.375715,-3.7046288,48.50062079999999,-46.6998165,1037.834,1096.71,30.0,-343.597,247.187,707.254,110.061,914.266,2.1977,0.0
4,40.375715,-3.7046288,48.50062079999999,-46.6998165,1037.834,1096.71,30.0,-494.226,247.189,7.1007,109.698,911.248,0.0,0.0
4,40.375715,-3.7046288,48.50062079999999,-46.6998165,1037.834,1096.71,30.0,-487.289,247.181,7.1191,109.814,912.228,147.966,0.0
4,40.375715,-3.7046288,48.50062079999999,-46.6998165,1037.834,1096.71,30.0,-485.307,247.293,709.779,109.545,909.807,348.415,0.0
4,40.375715,-3.7046288,48.50062079999999,-46.6998165,1037.834,1096.71,30.0,NaN,247.197,7.0798,108.127,8.9819,130.047,0.0
4,40.375715,-3.7046288,48.50062079999999,-46.6998165,1037.834,1096.71,30.0,-491.253,247.305,707.325,108.543,901.459,589.039,0.0
4,40.375715,-3.7046288,48.50062079999999,-46.6998165,1037.834,1096.71,30.0,-489.271,247.262,709.985,108.844,904.032,0.0,0.0
4,40.375715,-3.7046288,48.50062079999999,-46.6998165,1037.834,1096.71,30.0,NaN,247.214,711.352,108.808,903.819,0.0,0.0
4,40.375715,-3.7046288,48.50062079999999,-46.6998165,1037.834,1096.71,30.0,-494.226,247.282,708.727,109.416,908.752,148.331,0.0
4,40.375715,-3.7046288,48.50062079999999,-46.6998165,1037.834,1096.71,30.0,-494.226,247.229,718.607,109.721,911.374,203.833,0.0
4,40.375715,-3.7046288,48.50062079999999,-46.6998165,1037.834,1096.71,30.0,-493.235,247.243,716.346,110.954,921.591,1.5915,0.0
4,40.375715,-3.7046288,48.50062079999999,-46.6998165,1037.834,1096.71,30.0,-495.217,247.206,711.605,110.719,9.1962,112.242,0.0
4,40.375715,-3.7046288,48.50062079999999,-46.6998165,1037.834,1096.71,30.0,-434.767,247.206,711.605,110.46,917.551,0.0,0.0
4,40.375715,-3.7046288,48.50062079999999,-46.6998165,1037.834,1096.71,30.0,-233.599,247.262,715.566,110.798,920.268,173.483,0.0
4,40.375715,-3.7046288,48.50062079999999,-46.6998165,1037.834,1096.71,30.0,102.343,247.169,7.1576,113.473,942.642,210.456,0.0
4,40.375715,-3.7046288,48.50062079999999,-46.6998165,1037.834,1096.71,30.0,NaN,247.116,NaN,116.333,966.496,11.549,0.0
4,40.375715,-3.7046288,48.50062079999999,-46.6998165,1037.834,1096.71,30.0,703.866,247.228,715.303,118.748,986.355,185.955,0.0
4,40.375715,-3.7046288,48.50062079999999,-46.6998165,1037.834,1096.71,30.0,896.116,247.355,715.302,120.936,10.0429,136.468,0.0
4,40.375715,-3.7046288,48.50062079999999,-46.6998165,1037.834,1096.71,30.0,1.1944,247.246,715.482,123.981,10.2979,0.0,181.036
4,40.375715,-3.7046288,48.50062079999999,-46.6998165,1037.834,1096.71,30.0,150.854,247.273,715.082,128.236,10.6508,363.456,0.0
4,40.375715,-3.7046288,48.50062079999999,-46.6998165,1037.834,1096.71,30.0,1.8098,247.342,714.834,129.245,10.7332,2.1254,0.0
4,40.375715,-3.7046288,48.50062079999999,-46.6998165,1037.834,1096.71,30.0,199.808,247.336,714.625,131.423,10.9142,634.795,0.0
4,40.375715,-3.7046288,48.50062079999999,-46.6998165,1037.834,1096.71,30.0,226.069,247.243,7.1452,134.654,11.1844,128.178,0.0
4,40.375715,-3.7046288,48.50062079999999,-46.6998165,1037.834,1096.71,30.0,257.979,247.279,714.623,137.135,11.3898,206.126,0.0
4,40.375715,-3.7046288,48.50062079999999,-46.6998165,1037.834,1096.71,30.0,273.735,247.192,714.549,140.247,11.6501,937.234,0.0
5,40.3756908,-3.7042034,45.81699269999999,-68.2977492,1624.855,1684.639,30.0,272.843,247.299,714.503,141.319,11.7369,180.458,0.0
5,40.3756908,-3.7042034,45.81699269999999,-68.2977492,1624.855,1684.639,30.0,255.303,247.344,714.548,138.712,11.5194,177.114,0.0
5,40.3756908,-3.7042034,45.81699269999999,-68.2977492,1624.855,1684.639,30.0,224.087,247.201,714.581,136.521,11.3404,0.0,0.0
5,40.3756908,-3.7042034,45.81699269999999,-68.2977492,1624.855,1684.639,30.0,200.898,247.293,715.178,135.247,11.2327,687.485,0.0
5,40.3756908,-3.7042034,45.81699269999999,-68.2977492,1624.855,1684.639,30.0,177.511,247.252,7.1501,133.455,11.0847,102.715,0.0
5,40.3756908,-3.7042034,45.81699269999999,-68.2977492,1624.855,1684.639,30.0,147.881,24.722,715.185,131.835,10.9508,282.131,0.0
5,40.3756908,-3.7042034,45.81699269999999,-68.2977492,1624.855,1684.639,30.0,101.801,247.132,715.194,128.403,10.665,0.0,0.0
5,40.3756908,-3.7042034,45.81699269999999,-68.2977492,1624.855,1684.639,30.0,861.432,247.197,715.466,125.518,10.4277,161.314,0.0
5,40.3756908,-3.7042034,45.81699269999999,-68.2977492,1624.855,1684.639,30.0,594.859,247.262,715.344,NaN,10.1183,1.4407,0.0
5,40.3756908,-3.7042034,45.81699269999999,-68.2977492,1624.855,1684.639,30.0,385.763,247.222,715.672,119.824,995.305,387.036,0.0
5,40.3756908,-3.7042034,45.81699269999999,-68.2977492,1624.855,1684.639,30.0,627.037,247.299,715.707,117.307,974.257,0.0,0.0
5,40.3756908,-3.7042034,45.81699269999999,-68.2977492,1624.855,1684.639,30.0,-134.501,247.365,715.674,114.712,952.587,159.376,0.0
5,40.3756908,-3.7042034,45.81699269999999,-68.2977492,1624.855,1684.639,30.0,-432.785,247.283,715.936,114.078,9.4747,652.053,0.0
5,40.3756908,-3.7042034,45.81699269999999,-68.2977492,1624.855,1684.639,30.0,-496.208,247.353,714.666,111.579,926.595,128.485,0.0
5,40.3756908,-3.7042034,45.81699269999999,-68.2977492,1624.855,1684.639,30.0,-30.594,247.341,718.308,112.26,932.273,222.747,0.0
5,40.3756908,-3.7042034,45.81699269999999,-68.2977492,1624.855,1684.639,30.0,-671.144,247.414,715.747,114.296,949.052,161.338,0.0
5,40.3756908,-3.7042034,45.81699269999999,-68.2977492,1624.855,1684.639,30.0,26.189,247.282,714.583,116.376,9.6656,112.669,0.0
5,40.3756908,-3.7042034,45.81699269999999,-68.2977492,1624.855,1684.639,30.0,531.436,247.181,714.457,118.11,981.144,151.698,0.0
5,40.3756908,-3.7042034,45.81699269999999,-68.2977492,1624.855,1684.639,30.0,742.515,247.249,714.053,120.713,10.0264,149.112,0.0
5,40.3756908,-3.7042034,45.81699269999999,-68.2977492,1624.855,1684.639,30.0,105.467,247.277,714.011,124.097,10.3069,148.018,0.0
5,40.3756908,-3.7042034,45.81699269999999,-68.2977492,1624.855,1684.639,30.0,136.485,247.283,713.722,126.315,10.4911,140.828,0.0
5,40.3756908,-3.7042034,45.81699269999999,-68.2977492,1624.855,1684.639,30.0,166.115,247.333,713.847,128.404,10.6636,143.529,0.0
5,40.3756908,-3.7042034,45.81699269999999,-68.2977492,1624.855,1684.639,30.0,186.232,247.339,714.011,130.611,10.8468,618.316,0.0
5,40.3756908,-3.7042034,45.81699269999999,-68.2977492,1624.855,1684.639,30.0,212.592,247.327,7.1408,132.675,11.0184,480.308,0.0
5,40.3756908,-3.7042034,45.81699269999999,-68.2977492,1624.855,1684.639,30.0,242.718,247.323,713.838,136.145,11.3066,924.731,0.0
5,40.3756908,-3.7042034,45.81699269999999,-68.2977492,1624.855,1684.639,30.0,2.7433,247.321,713.513,137.851,11.4484,1.6625,0.0
5,40.3756908,-3.7042034,45.81699269999999,-68.2977492,1624.855,1684.639,30.0,273.537,247.257,713.511,139.889,11.619,199.685,0.0
5,40.3756908,-3.7042034,45.81699269999999,-68.2977492,1624.855,1684.639,30.0,2.6888,247.228,713.524,141.104,11.7206,345.842,0.0
5,40.3756908,-3.7042034,45.81699269999999,-68.2977492,1624.855,1684.639,30.0,254.114,247.249,713.543,138.781,11.5271,234.453,0.0
5,40.3756908,-3.7042034,45.81699269999999,-68.2977492,1624.855,1684.639,30.0,197.727,NaN,713.864,136.67,11.3523,600.475,0.0
5,40.3756908,-3.7042034,45.81699269999999,-68.2977492,1624.855,1684.639,30.0,183.755,247.231,7.1385,134.25,11.1512,0.0,0.0
5,40.3756908,-3.7042034,45.81699269999999,-68.2977492,1624.855,1684.639,30.0,164.926,NaN,713.834,131.906,10.9555,0.0,0.0
5,40.3756908,-3.7042034,45.81699269999999,-68.2977492,1624.855,1684.639,30.0,134.899,247.203,713.875,130.509,10.841,903.505,0.0
5,40.3756908,-3.7042034,45.81699269999999,-68.2977492,1624.855,1684.639,30.0,118.548,NaN,713.778,128.443,10.6682,1.5249,0.0
5,40.3756908,-3.7042034,45.81699269999999,-68.2977492,1624.855,1684.639,30.0,984.313,24.722,7.1415,125.847,10.4534,129.365,0.0
5,40.3756908,-3.7042034,45.81699269999999,-68.2977492,1624.855,1684.639,30.0,724.677,247.291,714.388,122.871,10.2048,511.945,0.0
5,40.3756908,-3.7042034,45.81699269999999,-68.2977492,1624.855,1684.639,30.0,559.184,247.318,714.731,121.493,10.0899,990.519,0.0
5,40.3756908,-3.7042034,45.81699269999999,-68.2977492,1624.855,1684.639,30.0,518.554,247.237,714.731,120.527,10.0111,151.757,0.0
5,40.3756908,-3.7042034,45.81699269999999,-68.2977492,1624.855,1684.639,30.0,596.841,247.316,714.669,119.833,995.209,982.696,0.0
5,40.3756908,-3.7042034,45.81699269999999,-68.2977492,1624.855,1684.639,30.0,84.954,247.231,714.284,120.283,9.991,256.148,0.0
5,40.3756908,-3.7042034,45.81699269999999,-68.2977492,1624.855,1684.639,30.0,108.143,247.197,714.042,122.909,10.2098,350.278,0.0
5,40.3756908,-3.7042034,45.81699269999999,-68.2977492,1624.855,1684.639,30.0,138.863,NaN,714.085,125.973,10.4634,184.679,0.0
5,40.3756908,-3.7042034,45.81699269999999,-68.2977492,1624.855,1684.639,30.0,169.088,247.364,714.048,128.123,10.6396,123.413,0.0
5,40.3756908,-3.7042034,45.81699269999999,-68.2977492,1624.855,1684.639,30.0,194.853,247.348,713.964,129.578,10.7607,583.145,0.0
5,40.3756908,-3.7042034,45.81699269999999,-68.2977492,1624.855,1684.639,30.0,214.277,247.341,7.137,132.062,10.9672,217.897,0.0
5,40.3756908,-3.7042034,45.81699269999999,-68.2977492,1624.855,1684.639,30.0,274.231,247.423,713.899,134.808,11.1935,164.154,0.0
5,40.3756908,-3.7042034,45.81699269999999,-68.2977492,1624.855,1684.639,30.0,304.654,247.265,713.689,137.597,11.427,114.502,0.0
5,40.3756908,-3.7042034,45.81699269999999,-68.2977492,1624.855,1684.639,30.0,325.068,247.265,713.689,139.712,11.6041,165.201,0.0
5,40.3756908,-3.7042034,45.81699269999999,-68.2977492,1624.855,1684.639,30.0,349.149,247.274,713.395,143.524,11.9205,882.869,0.0
5,40.3756908,-3.7042034,45.81699269999999,-68.2977492,1624.855,1684.639,30.0,348.851,247.417,7.1333,144.864,12.0287,273.299,0.0
5,40.3756908,-3.7042034,45.81699269999999,-68.2977492,1624.855,1684.639,30.0,346.275,247.296,712.576,145.647,12.0964,252.705,0.0
5,40.3756908,-3.7042034,45.81699269999999,-68.2977492,1624.855,1684.639,30.0,3.1714,247.333,712.716,144.93,12.036,121.505,0.0
5,40.3756908,-3.7042034,45.81699269999999,-68.2977492,1624.855,1684.639,30.0,247.078,247.165,712.911,142.344,11.8249,2.8114,0.0
5,40.3756908,-3.7042034,45.81699269999999,-68.2977492,1624.855,1684.639,30.0,213.484,247.361,7.1325,135.878,11.2836,119.623,0.0
5,40.3756908,-3.7042034,45.81699269999999,-68.2977492,1624.855,1684.639,30.0,142.827,247.212,714.218,132.668,11.0202,327.182,0.0
5,40.3756908,-3.7042034,45.81699269999999,-68.2977492,1624.855,1684.639,30.0,729.632,247.297,714.733,125.737,10.4427,141.018,0.0
5,40.3756908,-3.7042034,45.81699269999999,-68.2977492,1624.855,1684.639,30.0,48.486,247.333,714.584,122.934,10.2093,119.312,0.0
5,40.3756908,-3.7042034,45.81699269999999,-68.2977492,1624.855,1684.639,30.0,-257.382,247.407,716.132,116.761,969.527,141.188,NaN
5,40.3756908,-3.7042034,45.81699269999999,-68.2977492,1624.855,1684.639,30.0,-519.991,247.364,715.774,112.376,933.198,125.979,0.0
5,40.3756908,-3.7042034,45.81699269999999,-68.2977492,1624.855,1684.639,30.0,-520.982,247.336,715.818,111.194,9.2343,572.592,0.0
5,40.3756908,-3.7042034,45.81699269999999,-68.2977492,1624.855,1684.639,30.0,-681.054,247.398,714.119,110.61,918.471,160.639,0.0
5,40.3756908,-3.7042034,45.81699269999999,-68.2977492,1624.855,1684.639,30.0,822.784,247.364,713.025,116.898,970.749,752.185,159.069
5,40.3756908,-3.7042034,45.81699269999999,-68.2977492,1624.855,1684.639,30.0,147.584,NaN,713.356,123.244,10.2354,266.239,0.0
5,40.3756908,-3.7042034,45.81699269999999,-68.2977492,1624.855,1684.639,30.0,845.576,247.342,713.175,123.185,10.2299,775.512,0.0
5,40.3756908,-3.7042034,45.81699269999999,-68.2977492,1624.855,1684.639,30.0,993.699,247.364,7.1585,119.104,989.067,758.563,0.0
5,40.3756908,-3.7042034,45.81699269999999,-68.2977492,1624.855,1684.639,30.0,-511.072,247.451,716.494,115.891,962.458,491.301,0.0
5,40.3756908,-3.7042034,45.81699269999999,-68.2977492,1624.855,1684.639,30.0,-519.0,247.401,716.101,111.637,926.911,276.269,0.0
5,40.3756908,-3.7042034,45.81699269999999,-68.2977492,1624.855,1684.639,30.0,-519.991,247.429,716.136,NaN,919.796,299.479,0.0
5,40.3756908,-3.7042034,45.81699269999999,-68.2977492,1624.855,1684.639,30.0,-518.009,247.373,716.205,110.246,915.492,141.259,0.0
5,40.3756908,-3.7042034,45.81699269999999,-68.2977492,1624.855,1684.639,30.0,-519.991,247.449,716.268,109.349,907.918,139.936,0.0
5,40.3756908,-3.7042034,45.81699269999999,-68.2977492,1624.855,1684.639,30.0,-519.0,247.432,7.1616,109.058,NaN,759.836,0.0
5,40.3756908,-3.7042034,45.81699269999999,-68.2977492,1624.855,1684.639,30.0,-515.036,247.345,717.107,109.399,9.085,128.198,0.0
5,40.3756908,-3.7042034,45.81699269999999,-68.2977492,1624.855,1684.639,30.0,-529.901,24.748,717.045,110.233,915.198,1.6351,0.0
5,40.3756908,-3.7042034,45.81699269999999,-68.2977492,1624.855,1684.639,30.0,-517.018,24.741,7.1702,110.494,9.1749,838.464,0.0
5,40.3756908,-3.7042034,45.81699269999999,-68.2977492,1624.855,1684.639,30.0,-519.991,247.505,716.904,111.24,9.2352,166.066,0.0
5,40.3756908,-3.7042034,45.81699269999999,-68.2977492,1624.855,1684.639,30.0,-519.991,247.444,716.926,110.704,919.175,115.503,NaN
5,40.3756908,-3.7042034,45.81699269999999,-68.2977492,1624.855,1684.639,30.0,-520.982,247.494,717.024,110.644,918.594,825.062,0.0
5,40.3756908,-3.7042034,45.81699269999999,-68.2977492,1624.855,1684.639,30.0,-514.045,247.435,716.871,111.241,923.648,151.081,0.0
5,40.3756908,-3.7042034,45.81699269999999,-68.2977492,1624.855,1684.639,30.0,-518.009,24.742,717.182,109.794,911.657,153.167,0.0
5,40.3756908,-3.7042034,45.81699269999999,-68.2977492,1624.855,1684.639,30.0,-516.027,247.449,716.636,110.886,920.678,127.505,0.0
5,40.3756908,-3.7042034,45.81699269999999,-68.2977492,1624.855,1684.639,30.0,-516.027,NaN,716.427,109.588,909.857,468.783,0.0
5,40.3756908,-3.7042034,45.81699269999999,-68.2977492,1624.855,1684.639,30.0,-515.036,247.579,716.602,109.473,908.756,177.501,0.0
5,40.3756908,-3.7042034,45.81699269999999,-68.2977492,1624.855,1684.639,30.0,-518.009,247.664,717.075,109.531,909.209,228.129,0.0
5,40.3756908,-3.7042034,45.81699269999999,-68.2977492,1624.855,1684.639,30.0,-512.063,24.749,716.697,110.562,917.914,192.774,0.0
5,40.3756908,-3.7042034,45.81699269999999,-68.2977492,1624.855,1684.639,30.0,-527.919,247.488,716.476,111.005,921.601,184.682,0.0
5,40.3756908,-3.7042034,45.81699269999999,-68.2977492,1624.855,1684.639,30.0,-519.0,247.484,716.203,110.1,914.087,846.959,0.0
5,40.3756908,-3.7042034,45.81699269999999,-68.2977492,1624.855,1684.639,30.0,-518.009,247.463,7.1707,111.465,925.462,70.494,0.0
5,40.3756908,-3.7042034,45.81699269999999,-68.2977492,1624.855,1684.639,30.0,-52.891,247.578,717.359,111.765,927.756,642.506,0.0
5,40.3756908,-3.7042034,45.81699269999999,-68.2977492,1624.855,1684.639,30.0,-554.676,247.475,717.547,110.865,920.458,461.821,0.0
5,40.3756908,-3.7042034,45.81699269999999,-68.2977492,1624.855,1684.639,30.0,-544.766,247.451,749.331,104.089,864.243,111.336,0.0
5,40.3756908,-3.7042034,45.81699269999999,-68.2977492,1624.855,1684.639,30.0,-547.739,247.013,718.714,974.159,809.488,546.926,297.266
5,40.3756908,-3.7042034,45.81699269999999,-68.2977492,1624.855,1684.639,30.0,-551.703,246.073,682.852,955.226,795.138,460.289,380.121
5,40.3756908,-3.7042034,45.81699269999999,-68.2977492,1624.855,1684.639,30.0,-547.739,245.284,683.599,953.472,794.839,445.783,621.436
5,40.3756908,-3.7042034,45.81699269999999,-68.2977492,1624.855,1684.639,30.0,NaN,NaN,NaN,NaN,NaN,NaN,NaN
5,40.3756908,-3.7042034,45.81699269999999,-68.2977492,1624.855,1684.639,30.0,NaN,NaN,NaN,NaN,NaN,NaN,NaN
5,40.3756908,-3.7042034,45.81699269999999,-68.2977492,1624.855,1684.639,30.0,NaN,NaN,NaN,NaN,NaN,NaN,NaN
5,40.3756908,-3.7042034,45.81699269999999,-68.2977492,1624.855,1684.639,30.0,NaN,NaN,NaN,NaN,NaN,NaN,NaN
5,40.3756908,-3.7042034,45.81699269999999,-68.2977492,1624.855,1684.639,30.0,NaN,NaN,NaN,NaN,NaN,NaN,NaN
5,40.3756908,-3.7042034,45.81699269999999,-68.2977492,1624.855,1684.639,30.0,NaN,NaN,NaN,NaN,NaN,NaN,NaN
5,40.3756908,-3.7042034,45.81699269999999,-68.2977492,1624.855,1684.639,30.0,NaN,NaN,NaN,NaN,NaN,NaN,NaN
5,40.3756908,-3.7042034,45.81699269999999,-68.2977492,1624.855,1684.639,30.0,NaN,NaN,NaN,NaN,NaN,NaN,NaN
5,40.3756908,-3.7042034,45.81699269999999,-68.2977492,1624.855,1684.639,30.0,NaN,NaN,NaN,NaN,NaN,NaN,NaN
5,40.3756908,-3.7042034,45.81699269999999,-68.2977492,1624.855,1684.639,30.0,NaN,NaN,NaN,NaN,NaN,NaN,NaN
5,40.3756908,-3.7042034,45.81699269999999,-68.2977492,1624.855,1684.639,30.0,NaN,NaN,NaN,NaN,NaN,NaN,NaN
5,40.3756908,-3.7042034,45.81699269999999,-68.2977492,1624.855,1684.639,30.0,NaN,NaN,NaN,NaN,NaN,NaN,NaN
5,40.3756908,-3.7042034,45.81699269999999,-68.2977492,1624.855,1684.639,30.0,NaN,NaN,NaN,NaN,NaN,NaN,NaN
5,40.3756908,-3.7042034,45.81699269999999,-68.2977492,1624.855,1684.639,30.0,NaN,NaN,NaN,NaN,NaN,NaN,NaN
5,40.3756908,-3.7042034,45.81699269999999,-68.2977492,1624.855,1684.639,30.0,NaN,NaN,NaN,NaN,NaN,NaN,NaN
5,40.3756908,-3.7042034,45.81699269999999,-68.2977492,1624.855,1684.639,30.0,NaN,NaN,NaN,NaN,NaN,NaN,NaN
5,40.3756908,-3.7042034,45.81699269999999,-68.2977492,1624.855,1684.639,30.0,NaN,NaN,NaN,NaN,NaN,NaN,NaN
5,40.3756908,-3.7042034,45.81699269999999,-68.2977492,1624.855,1684.639,30.0,NaN,NaN,NaN,NaN,NaN,NaN,NaN
5,40.3756908,-3.7042034,45.81699269999999,-68.2977492,1624.855,1684.639,30.0,NaN,NaN,NaN,NaN,NaN,NaN,NaN
5,40.3756908,-3.7042034,45.81699269999999,-68.2977492,1624.855,1684.639,30.0,NaN,NaN,NaN,NaN,NaN,NaN,NaN
5,40.3756908,-3.7042034,45.81699269999999,-68.2977492,1624.855,1684.639,30.0,NaN,NaN,NaN,NaN,NaN,NaN,NaN
5,40.3756908,-3.7042034,45.81699269999999,-68.2977492,1624.855,1684.639,30.0,NaN,NaN,NaN,NaN,NaN,NaN,NaN
5,40.3756908,-3.7042034,45.81699269999999,-68.2977492,1624.855,1684.639,30.0,NaN,NaN,NaN,NaN,NaN,NaN,NaN
5,40.3756908,-3.7042034,45.81699269999999,-68.2977492,1624.855,1684.639,30.0,NaN,NaN,NaN,NaN,NaN,NaN,NaN
5,40.3756908,-3.7042034,45.81699269999999,-68.2977492,1624.855,1684.639,30.0,NaN,NaN,NaN,NaN,NaN,NaN,NaN
5,40.3756908,-3.7042034,45.81699269999999,-68.2977492,1624.855,1684.639,30.0,NaN,NaN,NaN,NaN,NaN,NaN,NaN
5,40.3756908,-3.7042034,45.81699269999999,-68.2977492,1624.855,1684.639,30.0,NaN,NaN,NaN,NaN,NaN,NaN,NaN
5,40.3756908,-3.7042034,45.81699269999999,-68.2977492,1624.855,1684.639,30.0,NaN,NaN,NaN,NaN,NaN,NaN,NaN
5,40.3756908,-3.7042034,45.81699269999999,-68.2977492,1624.855,1684.639,30.0,NaN,NaN,NaN,NaN,NaN,NaN,NaN
5,40.3756908,-3.7042034,45.81699269999999,-68.2977492,1624.855,1684.639,30.0,NaN,NaN,NaN,NaN,NaN,NaN,NaN
5,40.3756908,-3.7042034,45.81699269999999,-68.2977492,1624.855,1684.639,30.0,NaN,NaN,NaN,NaN,NaN,NaN,NaN
5,40.3756908,-3.7042034,45.81699269999999,-68.2977492,1624.855,1684.639,30.0,NaN,NaN,NaN,NaN,NaN,NaN,NaN
5,40.3756908,-3.7042034,45.81699269999999,-68.2977492,1624.855,1684.639,30.0,NaN,NaN,NaN,NaN,NaN,NaN,NaN
5,40.3756908,-3.7042034,45.81699269999999,-68.2977492,1624.855,1684.639,30.0,NaN,NaN,NaN,NaN,NaN,NaN,NaN
5,40.3756908,-3.7042034,45.81699269999999,-68.2977492,1624.855,1684.639,30.0,NaN,NaN,NaN,NaN,NaN,NaN,NaN
5,40.3756908,-3.7042034,45.81699269999999,-68.2977492,1624.855,1684.639,30.0,NaN,NaN,NaN,NaN,NaN,NaN,NaN
5,40.3756908,-3.7042034,45.81699269999999,-68.2977492,1624.855,1684.639,30.0,NaN,NaN,NaN,NaN,NaN,NaN,NaN
5,40.3756908,-3.7042034,45.81699269999999,-68.2977492,1624.855,1684.639,30.0,NaN,NaN,NaN,NaN,NaN,NaN,NaN
5,40.3756908,-3.7042034,45.81699269999999,-68.2977492,1624.855,1684.639,30.0,NaN,NaN,NaN,NaN,NaN,NaN,NaN
5,40.3756908,-3.7042034,45.81699269999999,-68.2977492,1624.855,1684.639,30.0,NaN,NaN,NaN,NaN,NaN,NaN,NaN
5,40.3756908,-3.7042034,45.81699269999999,-68.2977492,1624.855,1684.639,30.0,NaN,NaN,NaN,NaN,NaN,NaN,NaN
5,40.3756908,-3.7042034,45.81699269999999,-68.2977492,1624.855,1684.639,30.0,NaN,NaN,NaN,NaN,NaN,NaN,NaN
5,40.3756908,-3.7042034,45.81699269999999,-68.2977492,1624.855,1684.639,30.0,NaN,NaN,NaN,NaN,NaN,NaN,NaN
5,40.3756908,-3.7042034,45.81699269999999,-68.2977492,1624.855,1684.639,30.0,NaN,NaN,NaN,NaN,NaN,NaN,NaN
5,40.3756908,-3.7042034,45.81699269999999,-68.2977492,1624.855,1684.639,30.0,NaN,NaN,NaN,NaN,NaN,NaN,NaN
5,40.3756908,-3.7042034,45.81699269999999,-68.2977492,1624.855,1684.639,30.0,NaN,NaN,NaN,NaN,NaN,NaN,NaN
5,40.3756908,-3.7042034,45.81699269999999,-68.2977492,1624.855,1684.639,30.0,NaN,NaN,NaN,NaN,NaN,NaN,NaN
5,40.3756908,-3.7042034,45.81699269999999,-68.2977492,1624.855,1684.639,30.0,NaN,NaN,NaN,NaN,NaN,NaN,NaN
5,40.3756908,-3.7042034,45.81699269999999,-68.2977492,1624.855,1684.639,30.0,NaN,NaN,NaN,NaN,NaN,NaN,NaN
5,40.3756908,-3.7042034,45.81699269999999,-68.2977492,1624.855,1684.639,30.0,NaN,NaN,NaN,NaN,NaN,NaN,NaN
5,40.3756908,-3.7042034,45.81699269999999,-68.2977492,1624.855,1684.639,30.0,NaN,NaN,NaN,NaN,NaN,NaN,NaN
5,40.3756908,-3.7042034,45.81699269999999,-68.2977492,1624.855,1684.639,30.0,NaN,NaN,NaN,NaN,NaN,NaN,NaN
5,40.3756908,-3.7042034,45.81699269999999,-68.2977492,1624.855,1684.639,30.0,NaN,NaN,NaN,NaN,NaN,NaN,NaN
5,40.3756908,-3.7042034,45.81699269999999,-68.2977492,1624.855,1684.639,30.0,NaN,NaN,NaN,NaN,NaN,NaN,NaN
5,40.3756908,-3.7042034,45.81699269999999,-68.2977492,1624.855,1684.639,30.0,NaN,NaN,NaN,NaN,NaN,NaN,NaN
5,40.3756908,-3.7042034,45.81699269999999,-68.2977492,1624.855,1684.639,30.0,NaN,NaN,NaN,NaN,NaN,NaN,NaN
5,40.3756908,-3.7042034,45.81699269999999,-68.2977492,1624.855,1684.639,30.0,NaN,NaN,NaN,NaN,NaN,NaN,NaN
5,40.3756908,-3.7042034,45.81699269999999,-68.2977492,1624.855,1684.639,30.0,NaN,NaN,NaN,NaN,NaN,NaN,NaN
5,40.3756908,-3.7042034,45.81699269999999,-68.2977492,1624.855,1684.639,30.0,NaN,NaN,NaN,NaN,NaN,NaN,NaN
5,40.3756908,-3.7042034,45.81699269999999,-68.2977492,1624.855,1684.639,30.0,NaN,NaN,NaN,NaN,NaN,NaN,NaN
5,40.3756908,-3.7042034,45.81699269999999,-68.2977492,1624.855,1684.639,30.0,NaN,NaN,NaN,NaN,NaN,NaN,NaN
5,40.3756908,-3.7042034,45.81699269999999,-68.2977492,1624.855,1684.639,30.0,NaN,NaN,NaN,NaN,NaN,NaN,NaN
5,40.3756908,-3.7042034,45.81699269999999,-68.2977492,1624.855,1684.639,30.0,NaN,NaN,NaN,NaN,NaN,NaN,NaN
5,40.3756908,-3.7042034,45.81699269999999,-68.2977492,1624.855,1684.639,30.0,NaN,NaN,NaN,NaN,NaN,NaN,NaN
5,40.3756908,-3.7042034,45.81699269999999,-68.2977492,1624.855,1684.639,30.0,NaN,NaN,NaN,NaN,NaN,NaN,NaN
5,40.3756908,-3.7042034,45.81699269999999,-68.2977492,1624.855,1684.639,30.0,NaN,NaN,NaN,NaN,NaN,NaN,NaN
5,40.3756908,-3.7042034,45.81699269999999,-68.2977492,1624.855,1684.639,30.0,NaN,NaN,NaN,NaN,NaN,NaN,NaN
5,40.3756908,-3.7042034,45.81699269999999,-68.2977492,1624.855,1684.639,30.0,NaN,NaN,NaN,NaN,NaN,NaN,NaN
5,40.3756908,-3.7042034,45.81699269999999,-68.2977492,1624.855,1684.639,30.0,NaN,NaN,NaN,NaN,NaN,NaN,NaN
5,40.3756908,-3.7042034,45.81699269999999,-68.2977492,1624.855,1684.639,30.0,NaN,NaN,NaN,NaN,NaN,NaN,NaN
5,40.3756908,-3.7042034,45.81699269999999,-68.2977492,1624.855,1684.639,30.0,NaN,NaN,NaN,NaN,NaN,NaN,NaN
5,40.3756908,-3.7042034,45.81699269999999,-68.2977492,1624.855,1684.639,30.0,NaN,NaN,NaN,NaN,NaN,NaN,NaN
5,40.3756908,-3.7042034,45.81699269999999,-68.2977492,1624.855,1684.639,30.0,NaN,NaN,NaN,NaN,NaN,NaN,NaN
5,40.3756908,-3.7042034,45.81699269999999,-68.2977492,1624.855,1684.639,30.0,NaN,NaN,NaN,NaN,NaN,NaN,NaN
5,40.3756908,-3.7042034,45.81699269999999,-68.2977492,1624.855,1684.639,30.0,NaN,NaN,NaN,NaN,NaN,NaN,NaN
5,40.3756908,-3.7042034,45.81699269999999,-68.2977492,1624.855,1684.639,30.0,NaN,NaN,NaN,NaN,NaN,NaN,NaN
5,40.3756908,-3.7042034,45.81699269999999,-68.2977492,1624.855,1684.639,30.0,NaN,NaN,NaN,NaN,NaN,NaN,NaN
5,40.3756908,-3.7042034,45.81699269999999,-68.2977492,1624.855,1684.639,30.0,NaN,NaN,NaN,NaN,NaN,NaN,NaN
6,40.3757147,-3.7041073,48.477183,-62.0984511,1719.657,1778.193,30.0,NaN,NaN,NaN,NaN,NaN,NaN,NaN
6,40.3757147,-3.7041073,48.477183,-62.0984511,1719.657,1778.193,30.0,NaN,NaN,NaN,NaN,NaN,NaN,NaN
6,40.3757147,-3.7041073,48.477183,-62.0984511,1719.657,1778.193,30.0,NaN,NaN,NaN,NaN,NaN,NaN,NaN
6,40.3757147,-3.7041073,48.477183,-62.0984511,1719.657,1778.193,30.0,NaN,NaN,NaN,NaN,NaN,NaN,NaN
6,40.3757147,-3.7041073,48.477183,-62.0984511,1719.657,1778.193,30.0,NaN,NaN,NaN,NaN,NaN,NaN,NaN
6,40.3757147,-3.7041073,48.477183,-62.0984511,1719.657,1778.193,30.0,NaN,NaN,NaN,NaN,NaN,NaN,NaN
6,40.3757147,-3.7041073,48.477183,-62.0984511,1719.657,1778.193,30.0,NaN,NaN,NaN,NaN,NaN,NaN,NaN
6,40.3757147,-3.7041073,48.477183,-62.0984511,1719.657,1778.193,30.0,NaN,NaN,NaN,NaN,NaN,NaN,NaN
6,40.3757147,-3.7041073,48.477183,-62.0984511,1719.657,1778.193,30.0,NaN,NaN,NaN,NaN,NaN,NaN,NaN
6,40.3757147,-3.7041073,48.477183,-62.0984511,1719.657,1778.193,30.0,NaN,NaN,NaN,NaN,NaN,NaN,NaN
6,40.3757147,-3.7041073,48.477183,-62.0984511,1719.657,1778.193,30.0,NaN,NaN,NaN,NaN,NaN,NaN,NaN
6,40.3757147,-3.7041073,48.477183,-62.0984511,1719.657,1778.193,30.0,NaN,NaN,NaN,NaN,NaN,NaN,NaN
6,40.3757147,-3.7041073,48.477183,-62.0984511,1719.657,1778.193,30.0,NaN,NaN,NaN,NaN,NaN,NaN,NaN
6,40.3757147,-3.7041073,48.477183,-62.0984511,1719.657,1778.193,30.0,NaN,NaN,NaN,NaN,NaN,NaN,NaN
6,40.3757147,-3.7041073,48.477183,-62.0984511,1719.657,1778.193,30.0,NaN,NaN,NaN,NaN,NaN,NaN,NaN
6,40.3757147,-3.7041073,48.477183,-62.0984511,1719.657,1778.193,30.0,NaN,NaN,NaN,NaN,NaN,NaN,NaN
6,40.3757147,-3.7041073,48.477183,-62.0984511,1719.657,1778.193,30.0,NaN,NaN,NaN,NaN,NaN,NaN,NaN
6,40.3757147,-3.7041073,48.477183,-62.0984511,1719.657,1778.193,30.0,NaN,NaN,NaN,NaN,NaN,NaN,NaN
6,40.3757147,-3.7041073,48.477183,-62.0984511,1719.657,1778.193,30.0,NaN,NaN,NaN,NaN,NaN,NaN,NaN
6,40.3757147,-3.7041073,48.477183,-62.0984511,1719.657,1778.193,30.0,NaN,NaN,NaN,NaN,NaN,NaN,NaN
6,40.3757147,-3.7041073,48.477183,-62.0984511,1719.657,1778.193,30.0,NaN,NaN,NaN,NaN,NaN,NaN,NaN
6,40.3757147,-3.7041073,48.477183,-62.0984511,1719.657,1778.193,30.0,NaN,NaN,NaN,NaN,NaN,NaN,NaN
6,40.3757147,-3.7041073,48.477183,-62.0984511,1719.657,1778.193,30.0,NaN,NaN,NaN,NaN,NaN,NaN,NaN
6,40.3757147,-3.7041073,48.477183,-62.0984511,1719.657,1778.193,30.0,NaN,NaN,NaN,NaN,NaN,NaN,NaN
6,40.3757147,-3.7041073,48.477183,-62.0984511,1719.657,1778.193,30.0,NaN,NaN,NaN,NaN,NaN,NaN,NaN
6,40.3757147,-3.7041073,48.477183,-62.0984511,1719.657,1778.193,30.0,NaN,NaN,NaN,NaN,NaN,NaN,NaN
6,40.3757147,-3.7041073,48.477183,-62.0984511,1719.657,1778.193,30.0,NaN,NaN,NaN,NaN,NaN,NaN,NaN
6,40.3757147,-3.7041073,48.477183,-62.0984511,1719.657,1778.193,30.0,NaN,NaN,NaN,NaN,NaN,NaN,NaN
6,40.3757147,-3.7041073,48.477183,-62.0984511,1719.657,1778.193,30.0,NaN,NaN,NaN,NaN,NaN,NaN,NaN
6,40.3757147,-3.7041073,48.477183,-62.0984511,1719.657,1778.193,30.0,NaN,NaN,NaN,NaN,NaN,NaN,NaN
6,40.3757147,-3.7041073,48.477183,-62.0984511,1719.657,1778.193,30.0,NaN,NaN,NaN,NaN,NaN,NaN,NaN
6,40.3757147,-3.7041073,48.477183,-62.0984511,1719.657,1778.193,30.0,NaN,NaN,NaN,NaN,NaN,NaN,NaN
6,40.3757147,-3.7041073,48.477183,-62.0984511,1719.657,1778.193,30.0,NaN,NaN,NaN,NaN,NaN,NaN,NaN
6,40.3757147,-3.7041073,48.477183,-62.0984511,1719.657,1778.193,30.0,NaN,NaN,NaN,NaN,NaN,NaN,NaN
6,40.3757147,-3.7041073,48.477183,-62.0984511,1719.657,1778.193,30.0,NaN,NaN,NaN,NaN,NaN,NaN,NaN
6,40.3757147,-3.7041073,48.477183,-62.0984511,1719.657,1778.193,30.0,NaN,NaN,NaN,NaN,NaN,NaN,NaN
6,40.3757147,-3.7041073,48.477183,-62.0984511,1719.657,1778.193,30.0,NaN,NaN,NaN,NaN,NaN,NaN,NaN
6,40.3757147,-3.7041073,48.477183,-62.0984511,1719.657,1778.193,30.0,NaN,NaN,NaN,NaN,NaN,NaN,NaN
6,40.3757147,-3.7041073,48.477183,-62.0984511,1719.657,1778.193,30.0,NaN,NaN,NaN,NaN,NaN,NaN,NaN
6,40.3757147,-3.7041073,48.477183,-62.0984511,1719.657,1778.193,30.0,NaN,NaN,NaN,NaN,NaN,NaN,NaN
6,40.3757147,-3.7041073,48.477183,-62.0984511,1719.657,1778.193,30.0,NaN,NaN,NaN,NaN,NaN,NaN,NaN
6,40.3757147,-3.7041073,48.477183,-62.0984511,1719.657,1778.193,30.0,NaN,NaN,NaN,NaN,NaN,NaN,NaN
6,40.3757147,-3.7041073,48.477183,-62.0984511,1719.657,1778.193,30.0,NaN,NaN,NaN,NaN,NaN,NaN,NaN
6,40.3757147,-3.7041073,48.477183,-62.0984511,1719.657,1778.193,30.0,NaN,NaN,NaN,NaN,NaN,NaN,NaN
6,40.3757147,-3.7041073,48.477183,-62.0984511,1719.657,1778.193,30.0,NaN,NaN,NaN,NaN,NaN,NaN,NaN
6,40.3757147,-3.7041073,48.477183,-62.0984511,1719.657,1778.193,30.0,NaN,NaN,NaN,NaN,NaN,NaN,NaN
6,40.3757147,-3.7041073,48.477183,-62.0984511,1719.657,1778.193,30.0,NaN,NaN,NaN,NaN,NaN,NaN,NaN
6,40.3757147,-3.7041073,48.477183,-62.0984511,1719.657,1778.193,30.0,NaN,NaN,NaN,NaN,NaN,NaN,NaN
6,40.3757147,-3.7041073,48.477183,-62.0984511,1719.657,1778.193,30.0,NaN,NaN,NaN,NaN,NaN,NaN,NaN
6,40.3757147,-3.7041073,48.477183,-62.0984511,1719.657,1778.193,30.0,NaN,NaN,NaN,NaN,NaN,NaN,NaN
6,40.3757147,-3.7041073,48.477183,-62.0984511,1719.657,1778.193,30.0,NaN,NaN,NaN,NaN,NaN,NaN,NaN
6,40.3757147,-3.7041073,48.477183,-62.0984511,1719.657,1778.193,30.0,NaN,NaN,NaN,NaN,NaN,NaN,NaN
6,40.3757147,-3.7041073,48.477183,-62.0984511,1719.657,1778.193,30.0,NaN,NaN,NaN,NaN,NaN,NaN,NaN
6,40.3757147,-3.7041073,48.477183,-62.0984511,1719.657,1778.193,30.0,NaN,NaN,NaN,NaN,NaN,NaN,NaN
6,40.3757147,-3.7041073,48.477183,-62.0984511,1719.657,1778.193,30.0,NaN,NaN,NaN,NaN,NaN,NaN,NaN
6,40.3757147,-3.7041073,48.477183,-62.0984511,1719.657,1778.193,30.0,NaN,NaN,NaN,NaN,NaN,NaN,NaN
6,40.3757147,-3.7041073,48.477183,-62.0984511,1719.657,1778.193,30.0,NaN,NaN,NaN,NaN,NaN,NaN,NaN
6,40.3757147,-3.7041073,48.477183,-62.0984511,1719.657,1778.193,30.0,NaN,NaN,NaN,NaN,NaN,NaN,NaN
6,40.3757147,-3.7041073,48.477183,-62.0984511,1719.657,1778.193,30.0,NaN,NaN,NaN,NaN,NaN,NaN,NaN
6,40.3757147,-3.7041073,48.477183,-62.0984511,1719.657,1778.193,30.0,NaN,NaN,NaN,NaN,NaN,NaN,NaN
6,40.3757147,-3.7041073,48.477183,-62.0984511,1719.657,1778.193,30.0,NaN,NaN,NaN,NaN,NaN,NaN,NaN
6,40.3757147,-3.7041073,48.477183,-62.0984511,1719.657,1778.193,30.0,NaN,NaN,NaN,NaN,NaN,NaN,NaN
6,40.3757147,-3.7041073,48.477183,-62.0984511,1719.657,1778.193,30.0,NaN,NaN,NaN,NaN,NaN,NaN,NaN
6,40.3757147,-3.7041073,48.477183,-62.0984511,1719.657,1778.193,30.0,NaN,NaN,NaN,NaN,NaN,NaN,NaN
6,40.3757147,-3.7041073,48.477183,-62.0984511,1719.657,1778.193,30.0,NaN,NaN,NaN,NaN,NaN,NaN,NaN
6,40.3757147,-3.7041073,48.477183,-62.0984511,1719.657,1778.193,30.0,NaN,NaN,NaN,NaN,NaN,NaN,NaN
6,40.3757147,-3.7041073,48.477183,-62.0984511,1719.657,1778.193,30.0,NaN,NaN,NaN,NaN,NaN,NaN,NaN
6,40.3757147,-3.7041073,48.477183,-62.0984511,1719.657,1778.193,30.0,NaN,NaN,NaN,NaN,NaN,NaN,NaN
6,40.3757147,-3.7041073,48.477183,-62.0984511,1719.657,1778.193,30.0,NaN,NaN,NaN,NaN,NaN,NaN,NaN
6,40.3757147,-3.7041073,48.477183,-62.0984511,1719.657,1778.193,30.0,NaN,NaN,NaN,NaN,NaN,NaN,NaN
6,40.3757147,-3.7041073,48.477183,-62.0984511,1719.657,1778.193,30.0,NaN,NaN,NaN,NaN,NaN,NaN,NaN
6,40.3757147,-3.7041073,48.477183,-62.0984511,1719.657,1778.193,30.0,NaN,NaN,NaN,NaN,NaN,NaN,NaN
6,40.3757147,-3.7041073,48.477183,-62.0984511,1719.657,1778.193,30.0,NaN,NaN,NaN,NaN,NaN,NaN,NaN
6,40.3757147,-3.7041073,48.477183,-62.0984511,1719.657,1778.193,30.0,NaN,NaN,NaN,NaN,NaN,NaN,NaN
6,40.3757147,-3.7041073,48.477183,-62.0984511,1719.657,1778.193,30.0,NaN,NaN,NaN,NaN,NaN,NaN,NaN
6,40.3757147,-3.7041073,48.477183,-62.0984511,1719.657,1778.193,30.0,NaN,NaN,NaN,NaN,NaN,NaN,NaN
6,40.3757147,-3.7041073,48.477183,-62.0984511,1719.657,1778.193,30.0,NaN,NaN,NaN,NaN,NaN,NaN,NaN
6,40.3757147,-3.7041073,48.477183,-62.0984511,1719.657,1778.193,30.0,NaN,NaN,NaN,NaN,NaN,NaN,NaN
6,40.3757147,-3.7041073,48.477183,-62.0984511,1719.657,1778.193,30.0,NaN,NaN,NaN,NaN,NaN,NaN,NaN
6,40.3757147,-3.7041073,48.477183,-62.0984511,1719.657,1778.193,30.0,NaN,NaN,NaN,NaN,NaN,NaN,NaN
6,40.3757147,-3.7041073,48.477183,-62.0984511,1719.657,1778.193,30.0,NaN,NaN,NaN,NaN,NaN,NaN,NaN
6,40.3757147,-3.7041073,48.477183,-62.0984511,1719.657,1778.193,30.0,NaN,NaN,NaN,NaN,NaN,NaN,NaN
6,40.3757147,-3.7041073,48.477183,-62.0984511,1719.657,1778.193,30.0,NaN,NaN,NaN,NaN,NaN,NaN,NaN
6,40.3757147,-3.7041073,48.477183,-62.0984511,1719.657,1778.193,30.0,NaN,NaN,NaN,NaN,NaN,NaN,NaN
6,40.3757147,-3.7041073,48.477183,-62.0984511,1719.657,1778.193,30.0,NaN,NaN,NaN,NaN,NaN,NaN,NaN
6,40.3757147,-3.7041073,48.477183,-62.0984511,1719.657,1778.193,30.0,NaN,NaN,NaN,NaN,NaN,NaN,NaN
6,40.3757147,-3.7041073,48.477183,-62.0984511,1719.657,1778.193,30.0,NaN,NaN,NaN,NaN,NaN,NaN,NaN
6,40.3757147,-3.7041073,48.477183,-62.0984511,1719.657,1778.193,30.0,NaN,NaN,NaN,NaN,NaN,NaN,NaN
6,40.3757147,-3.7041073,48.477183,-62.0984511,1719.657,1778.193,30.0,NaN,NaN,NaN,NaN,NaN,NaN,NaN
6,40.3757147,-3.7041073,48.477183,-62.0984511,1719.657,1778.193,30.0,NaN,NaN,NaN,NaN,NaN,NaN,NaN
6,40.3757147,-3.7041073,48.477183,-62.0984511,1719.657,1778.193,30.0,NaN,NaN,NaN,NaN,NaN,NaN,NaN
6,40.3757147,-3.7041073,48.477183,-62.0984511,1719.657,1778.193,30.0,NaN,NaN,NaN,NaN,NaN,NaN,NaN
6,40.3757147,-3.7041073,48.477183,-62.0984511,1719.657,1778.193,30.0,NaN,NaN,NaN,NaN,NaN,NaN,NaN
6,40.3757147,-3.7041073,48.477183,-62.0984511,1719.657,1778.193,30.0,NaN,NaN,NaN,NaN,NaN,NaN,NaN
6,40.3757147,-3.7041073,48.477183,-62.0984511,1719.657,1778.193,30.0,NaN,NaN,NaN,NaN,NaN,NaN,NaN
6,40.3757147,-3.7041073,48.477183,-62.0984511,1719.657,1778.193,30.0,NaN,NaN,NaN,NaN,NaN,NaN,NaN
6,40.3757147,-3.7041073,48.477183,-62.0984511,1719.657,1778.193,30.0,NaN,NaN,NaN,NaN,NaN,NaN,NaN
6,40.3757147,-3.7041073,48.477183,-62.0984511,1719.657,1778.193,30.0,NaN,NaN,NaN,NaN,NaN,NaN,NaN
6,40.3757147,-3.7041073,48.477183,-62.0984511,1719.657,1778.193,30.0,NaN,NaN,NaN,NaN,NaN,NaN,NaN
6,40.3757147,-3.7041073,48.477183,-62.0984511,1719.657,1778.193,30.0,NaN,NaN,NaN,NaN,NaN,NaN,NaN
6,40.3757147,-3.7041073,48.477183,-62.0984511,1719.657,1778.193,30.0,NaN,NaN,NaN,NaN,NaN,NaN,NaN
6,40.3757147,-3.7041073,48.477183,-62.0984511,1719.657,1778.193,30.0,NaN,NaN,NaN,NaN,NaN,NaN,NaN
6,40.3757147,-3.7041073,48.477183,-62.0984511,1719.657,1778.193,30.0,NaN,NaN,NaN,NaN,NaN,NaN,NaN
6,40.3757147,-3.7041073,48.477183,-62.0984511,1719.657,1778.193,30.0,NaN,NaN,NaN,NaN,NaN,NaN,NaN
6,40.3757147,-3.7041073,48.477183,-62.0984511,1719.657,1778.193,30.0,NaN,NaN,NaN,NaN,NaN,NaN,NaN
6,40.3757147,-3.7041073,48.477183,-62.0984511,1719.657,1778.193,30.0,NaN,NaN,NaN,NaN,NaN,NaN,NaN
6,40.3757147,-3.7041073,48.477183,-62.0984511,1719.657,1778.193,30.0,NaN,NaN,NaN,NaN,NaN,NaN,NaN
6,40.3757147,-3.7041073,48.477183,-62.0984511,1719.657,1778.193,30.0,NaN,NaN,NaN,NaN,NaN,NaN,NaN
6,40.3757147,-3.7041073,48.477183,-62.0984511,1719.657,1778.193,30.0,NaN,NaN,NaN,NaN,NaN,NaN,NaN
6,40.3757147,-3.7041073,48.477183,-62.0984511,1719.657,1778.193,30.0,NaN,NaN,NaN,NaN,NaN,NaN,NaN
6,40.3757147,-3.7041073,48.477183,-62.0984511,1719.657,1778.193,30.0,NaN,NaN,NaN,NaN,NaN,NaN,NaN
6,40.3757147,-3.7041073,48.477183,-62.0984511,1719.657,1778.193,30.0,NaN,NaN,NaN,NaN,NaN,NaN,NaN
6,40.3757147,-3.7041073,48.477183,-62.0984511,1719.657,1778.193,30.0,NaN,NaN,NaN,NaN,NaN,NaN,NaN
6,40.3757147,-3.7041073,48.477183,-62.0984511,1719.657,1778.193,30.0,NaN,NaN,NaN,NaN,NaN,NaN,NaN
6,40.3757147,-3.7041073,48.477183,-62.0984511,1719.657,1778.193,30.0,NaN,NaN,NaN,NaN,NaN,NaN,NaN
6,40.3757147,-3.7041073,48.477183,-62.0984511,1719.657,1778.193,30.0,NaN,NaN,NaN,NaN,NaN,NaN,NaN
6,40.3757147,-3.7041073,48.477183,-62.0984511,1719.657,1778.193,30.0,NaN,NaN,NaN,NaN,NaN,NaN,NaN
6,40.3757147,-3.7041073,48.477183,-62.0984511,1719.657,1778.193,30.0,NaN,NaN,NaN,NaN,NaN,NaN,NaN
6,40.3757147,-3.7041073,48.477183,-62.0984511,1719.657,1778.193,30.0,NaN,NaN,NaN,NaN,NaN,NaN,NaN
6,40.3757147,-3.7041073,48.477183,-62.0984511,1719.657,1778.193,30.0,NaN,NaN,NaN,NaN,NaN,NaN,NaN
6,40.3757147,-3.7041073,48.477183,-62.0984511,1719.657,1778.193,30.0,NaN,NaN,NaN,NaN,NaN,NaN,NaN
6,40.3757147,-3.7041073,48.477183,-62.0984511,1719.657,1778.193,30.0,NaN,NaN,NaN,NaN,NaN,NaN,NaN
6,40.3757147,-3.7041073,48.477183,-62.0984511,1719.657,1778.193,30.0,NaN,NaN,NaN,NaN,NaN,NaN,NaN
6,40.3757147,-3.7041073,48.477183,-62.0984511,1719.657,1778.193,30.0,NaN,NaN,NaN,NaN,NaN,NaN,NaN
6,40.3757147,-3.7041073,48.477183,-62.0984511,1719.657,1778.193,30.0,NaN,NaN,NaN,NaN,NaN,NaN,NaN
6,40.3757147,-3.7041073,48.477183,-62.0984511,1719.657,1778.193,30.0,NaN,NaN,NaN,NaN,NaN,NaN,NaN
6,40.3757147,-3.7041073,48.477183,-62.0984511,1719.657,1778.193,30.0,NaN,NaN,NaN,NaN,NaN,NaN,NaN
6,40.3757147,-3.7041073,48.477183,-62.0984511,1719.657,1778.193,30.0,NaN,NaN,NaN,NaN,NaN,NaN,NaN
6,40.3757147,-3.7041073,48.477183,-62.0984511,1719.657,1778.193,30.0,NaN,NaN,NaN,NaN,NaN,NaN,NaN
6,40.3757147,-3.7041073,48.477183,-62.0984511,1719.657,1778.193,30.0,NaN,NaN,NaN,NaN,NaN,NaN,NaN
6,40.3757147,-3.7041073,48.477183,-62.0984511,1719.657,1778.193,30.0,NaN,NaN,NaN,NaN,NaN,NaN,NaN
6,40.3757147,-3.7041073,48.477183,-62.0984511,1719.657,1778.193,30.0,NaN,NaN,NaN,NaN,NaN,NaN,NaN
6,40.3757147,-3.7041073,48.477183,-62.0984511,1719.657,1778.193,30.0,NaN,NaN,NaN,NaN,NaN,NaN,NaN
6,40.3757147,-3.7041073,48.477183,-62.0984511,1719.657,1778.193,30.0,NaN,NaN,NaN,NaN,NaN,NaN,NaN
6,40.3757147,-3.7041073,48.477183,-62.0984511,1719.657,1778.193,30.0,NaN,NaN,NaN,NaN,NaN,NaN,NaN
6,40.3757147,-3.7041073,48.477183,-62.0984511,1719.657,1778.193,30.0,NaN,NaN,NaN,NaN,NaN,NaN,NaN
6,40.3757147,-3.7041073,48.477183,-62.0984511,1719.657,1778.193,30.0,NaN,NaN,NaN,NaN,NaN,NaN,NaN
6,40.3757147,-3.7041073,48.477183,-62.0984511,1719.657,1778.193,30.0,NaN,NaN,NaN,NaN,NaN,NaN,NaN
6,40.3757147,-3.7041073,48.477183,-62.0984511,1719.657,1778.193,30.0,NaN,NaN,NaN,NaN,NaN,NaN,NaN
6,40.3757147,-3.7041073,48.477183,-62.0984511,1719.657,1778.193,30.0,NaN,NaN,NaN,NaN,NaN,NaN,NaN
6,40.3757147,-3.7041073,48.477183,-62.0984511,1719.657,1778.193,30.0,NaN,NaN,NaN,NaN,NaN,NaN,NaN
6,40.3757147,-3.7041073,48.477183,-62.0984511,1719.657,1778.193,30.0,NaN,NaN,NaN,NaN,NaN,NaN,NaN
6,40.3757147,-3.7041073,48.477183,-62.0984511,1719.657,1778.193,30.0,NaN,NaN,NaN,NaN,NaN,NaN,NaN
6,40.3757147,-3.7041073,48.477183,-62.0984511,1719.657,1778.193,30.0,NaN,NaN,NaN,NaN,NaN,NaN,NaN
6,40.3757147,-3.7041073,48.477183,-62.0984511,1719.657,1778.193,30.0,NaN,NaN,NaN,NaN,NaN,NaN,NaN
6,40.3757147,-3.7041073,48.477183,-62.0984511,1719.657,1778.193,30.0,NaN,NaN,NaN,NaN,NaN,NaN,NaN
6,40.3757147,-3.7041073,48.477183,-62.0984511,1719.657,1778.193,30.0,NaN,NaN,NaN,NaN,NaN,NaN,NaN
6,40.3757147,-3.7041073,48.477183,-62.0984511,1719.657,1778.193,30.0,NaN,NaN,NaN,NaN,NaN,NaN,NaN
6,40.3757147,-3.7041073,48.477183,-62.0984511,1719.657,1778.193,30.0,NaN,NaN,NaN,NaN,NaN,NaN,NaN
6,40.3757147,-3.7041073,48.477183,-62.0984511,1719.657,1778.193,30.0,NaN,NaN,NaN,NaN,NaN,NaN,NaN
6,40.3757147,-3.7041073,48.477183,-62.0984511,1719.657,1778.193,30.0,NaN,NaN,NaN,NaN,NaN,NaN,NaN
6,40.3757147,-3.7041073,48.477183,-62.0984511,1719.657,1778.193,30.0,NaN,NaN,NaN,NaN,NaN,NaN,NaN
6,40.3757147,-3.7041073,48.477183,-62.0984511,1719.657,1778.193,30.0,NaN,NaN,NaN,NaN,NaN,NaN,NaN
6,40.3757147,-3.7041073,48.477183,-62.0984511,1719.657,1778.193,30.0,NaN,NaN,NaN,NaN,NaN,NaN,NaN
6,40.3757147,-3.7041073,48.477183,-62.0984511,1719.657,1778.193,30.0,NaN,NaN,NaN,NaN,NaN,NaN,NaN
6,40.3757147,-3.7041073,48.477183,-62.0984511,1719.657,1778.193,30.0,NaN,NaN,NaN,NaN,NaN,NaN,NaN
6,40.3757147,-3.7041073,48.477183,-62.0984511,1719.657,1778.193,30.0,NaN,NaN,NaN,NaN,NaN,NaN,NaN
6,40.3757147,-3.7041073,48.477183,-62.0984511,1719.657,1778.193,30.0,NaN,NaN,NaN,NaN,NaN,NaN,NaN
6,40.3757147,-3.7041073,48.477183,-62.0984511,1719.657,1778.193,30.0,NaN,NaN,NaN,NaN,NaN,NaN,NaN
6,40.3757147,-3.7041073,48.477183,-62.0984511,1719.657,1778.193,30.0,NaN,NaN,NaN,NaN,NaN,NaN,NaN
6,40.3757147,-3.7041073,48.477183,-62.0984511,1719.657,1778.193,30.0,NaN,NaN,NaN,NaN,NaN,NaN,NaN
6,40.3757147,-3.7041073,48.477183,-62.0984511,1719.657,1778.193,30.0,NaN,NaN,NaN,NaN,NaN,NaN,NaN
6,40.3757147,-3.7041073,48.477183,-62.0984511,1719.657,1778.193,30.0,NaN,NaN,NaN,NaN,NaN,NaN,NaN
6,40.3757147,-3.7041073,48.477183,-62.0984511,1719.657,1778.193,30.0,NaN,NaN,NaN,NaN,NaN,NaN,NaN
6,40.3757147,-3.7041073,48.477183,-62.0984511,1719.657,1778.193,30.0,NaN,NaN,NaN,NaN,NaN,NaN,NaN
6,40.3757147,-3.7041073,48.477183,-62.0984511,1719.657,1778.193,30.0,NaN,NaN,NaN,NaN,NaN,NaN,NaN
6,40.3757147,-3.7041073,48.477183,-62.0984511,1719.657,1778.193,30.0,NaN,NaN,NaN,NaN,NaN,NaN,NaN
7,40.3759939,-3.7043895,79.4775798,-29.3988138,1878.049,1937.47,30.0,NaN,NaN,NaN,NaN,NaN,NaN,NaN
7,40.3759939,-3.7043895,79.4775798,-29.3988138,1878.049,1937.47,30.0,NaN,NaN,NaN,NaN,NaN,NaN,NaN
7,40.3759939,-3.7043895,79.4775798,-29.3988138,1878.049,1937.47,30.0,NaN,NaN,NaN,NaN,NaN,NaN,NaN
7,40.3759939,-3.7043895,79.4775798,-29.3988138,1878.049,1937.47,30.0,NaN,NaN,NaN,NaN,NaN,NaN,NaN
7,40.3759939,-3.7043895,79.4775798,-29.3988138,1878.049,1937.47,30.0,NaN,NaN,NaN,NaN,NaN,NaN,NaN
7,40.3759939,-3.7043895,79.4775798,-29.3988138,1878.049,1937.47,30.0,NaN,NaN,NaN,NaN,NaN,NaN,NaN
7,40.3759939,-3.7043895,79.4775798,-29.3988138,1878.049,1937.47,30.0,NaN,NaN,NaN,NaN,NaN,NaN,NaN
7,40.3759939,-3.7043895,79.4775798,-29.3988138,1878.049,1937.47,30.0,NaN,NaN,NaN,NaN,NaN,NaN,NaN
7,40.3759939,-3.7043895,79.4775798,-29.3988138,1878.049,1937.47,30.0,NaN,NaN,NaN,NaN,NaN,NaN,NaN
7,40.3759939,-3.7043895,79.4775798,-29.3988138,1878.049,1937.47,30.0,NaN,NaN,NaN,NaN,NaN,NaN,NaN
7,40.3759939,-3.7043895,79.4775798,-29.3988138,1878.049,1937.47,30.0,NaN,NaN,NaN,NaN,NaN,NaN,NaN
7,40.3759939,-3.7043895,79.4775798,-29.3988138,1878.049,1937.47,30.0,NaN,NaN,NaN,NaN,NaN,NaN,NaN
7,40.3759939,-3.7043895,79.4775798,-29.3988138,1878.049,1937.47,30.0,NaN,NaN,NaN,NaN,NaN,NaN,NaN
7,40.3759939,-3.7043895,79.4775798,-29.3988138,1878.049,1937.47,30.0,NaN,NaN,NaN,NaN,NaN,NaN,NaN
7,40.3759939,-3.7043895,79.4775798,-29.3988138,1878.049,1937.47,30.0,NaN,NaN,NaN,NaN,NaN,NaN,NaN
7,40.3759939,-3.7043895,79.4775798,-29.3988138,1878.049,1937.47,30.0,NaN,NaN,NaN,NaN,NaN,NaN,NaN
7,40.3759939,-3.7043895,79.4775798,-29.3988138,1878.049,1937.47,30.0,NaN,NaN,NaN,NaN,NaN,NaN,NaN
7,40.3759939,-3.7043895,79.4775798,-29.3988138,1878.049,1937.47,30.0,NaN,NaN,NaN,NaN,NaN,NaN,NaN
7,40.3759939,-3.7043895,79.4775798,-29.3988138,1878.049,1937.47,30.0,NaN,NaN,NaN,NaN,NaN,NaN,NaN
7,40.3759939,-3.7043895,79.4775798,-29.3988138,1878.049,1937.47,30.0,NaN,NaN,NaN,NaN,NaN,NaN,NaN
7,40.3759939,-3.7043895,79.4775798,-29.3988138,1878.049,1937.47,30.0,NaN,NaN,NaN,NaN,NaN,NaN,NaN
7,40.3759939,-3.7043895,79.4775798,-29.3988138,1878.049,1937.47,30.0,NaN,NaN,NaN,NaN,NaN,NaN,NaN
7,40.3759939,-3.7043895,79.4775798,-29.3988138,1878.049,1937.47,30.0,NaN,NaN,NaN,NaN,NaN,NaN,NaN
7,40.3759939,-3.7043895,79.4775798,-29.3988138,1878.049,1937.47,30.0,NaN,NaN,NaN,NaN,NaN,NaN,NaN
7,40.3759939,-3.7043895,79.4775798,-29.3988138,1878.049,1937.47,30.0,NaN,NaN,NaN,NaN,NaN,NaN,NaN
7,40.3759939,-3.7043895,79.4775798,-29.3988138,1878.049,1937.47,30.0,NaN,NaN,NaN,NaN,NaN,NaN,NaN
7,40.3759939,-3.7043895,79.4775798,-29.3988138,1878.049,1937.47,30.0,NaN,NaN,NaN,NaN,NaN,NaN,NaN
7,40.3759939,-3.7043895,79.4775798,-29.3988138,1878.049,1937.47,30.0,NaN,NaN,NaN,NaN,NaN,NaN,NaN
7,40.3759939,-3.7043895,79.4775798,-29.3988138,1878.049,1937.47,30.0,NaN,NaN,NaN,NaN,NaN,NaN,NaN
7,40.3759939,-3.7043895,79.4775798,-29.3988138,1878.049,1937.47,30.0,NaN,NaN,NaN,NaN,NaN,NaN,NaN
7,40.3759939,-3.7043895,79.4775798,-29.3988138,1878.049,1937.47,30.0,NaN,NaN,NaN,NaN,NaN,NaN,NaN
7,40.3759939,-3.7043895,79.4775798,-29.3988138,1878.049,1937.47,30.0,NaN,NaN,NaN,NaN,NaN,NaN,NaN
7,40.3759939,-3.7043895,79.4775798,-29.3988138,1878.049,1937.47,30.0,NaN,NaN,NaN,NaN,NaN,NaN,NaN
7,40.3759939,-3.7043895,79.4775798,-29.3988138,1878.049,1937.47,30.0,NaN,NaN,NaN,NaN,NaN,NaN,NaN
7,40.3759939,-3.7043895,79.4775798,-29.3988138,1878.049,1937.47,30.0,NaN,NaN,NaN,NaN,NaN,NaN,NaN
7,40.3759939,-3.7043895,79.4775798,-29.3988138,1878.049,1937.47,30.0,NaN,NaN,NaN,NaN,NaN,NaN,NaN
7,40.3759939,-3.7043895,79.4775798,-29.3988138,1878.049,1937.47,30.0,NaN,NaN,NaN,NaN,NaN,NaN,NaN
7,40.3759939,-3.7043895,79.4775798,-29.3988138,1878.049,1937.47,30.0,NaN,NaN,NaN,NaN,NaN,NaN,NaN
7,40.3759939,-3.7043895,79.4775798,-29.3988138,1878.049,1937.47,30.0,NaN,NaN,NaN,NaN,NaN,NaN,NaN
7,40.3759939,-3.7043895,79.4775798,-29.3988138,1878.049,1937.47,30.0,NaN,NaN,NaN,NaN,NaN,NaN,NaN
7,40.3759939,-3.7043895,79.4775798,-29.3988138,1878.049,1937.47,30.0,NaN,NaN,NaN,NaN,NaN,NaN,NaN
7,40.3759939,-3.7043895,79.4775798,-29.3988138,1878.049,1937.47,30.0,NaN,NaN,NaN,NaN,NaN,NaN,NaN
7,40.3759939,-3.7043895,79.4775798,-29.3988138,1878.049,1937.47,30.0,NaN,NaN,NaN,NaN,NaN,NaN,NaN
7,40.3759939,-3.7043895,79.4775798,-29.3988138,1878.049,1937.47,30.0,NaN,NaN,NaN,NaN,NaN,NaN,NaN
7,40.3759939,-3.7043895,79.4775798,-29.3988138,1878.049,1937.47,30.0,NaN,NaN,NaN,NaN,NaN,NaN,NaN
7,40.3759939,-3.7043895,79.4775798,-29.3988138,1878.049,1937.47,30.0,NaN,NaN,NaN,NaN,NaN,NaN,NaN
7,40.3759939,-3.7043895,79.4775798,-29.3988138,1878.049,1937.47,30.0,NaN,NaN,NaN,NaN,NaN,NaN,NaN
7,40.3759939,-3.7043895,79.4775798,-29.3988138,1878.049,1937.47,30.0,NaN,NaN,NaN,NaN,NaN,NaN,NaN
7,40.3759939,-3.7043895,79.4775798,-29.3988138,1878.049,1937.47,30.0,NaN,NaN,NaN,NaN,NaN,NaN,NaN
7,40.3759939,-3.7043895,79.4775798,-29.3988138,1878.049,1937.47,30.0,NaN,NaN,NaN,NaN,NaN,NaN,NaN
7,40.3759939,-3.7043895,79.4775798,-29.3988138,1878.049,1937.47,30.0,NaN,NaN,NaN,NaN,NaN,NaN,NaN
7,40.3759939,-3.7043895,79.4775798,-29.3988138,1878.049,1937.47,30.0,NaN,NaN,NaN,NaN,NaN,NaN,NaN
7,40.3759939,-3.7043895,79.4775798,-29.3988138,1878.049,1937.47,30.0,NaN,NaN,NaN,NaN,NaN,NaN,NaN
7,40.3759939,-3.7043895,79.4775798,-29.3988138,1878.049,1937.47,30.0,NaN,NaN,NaN,NaN,NaN,NaN,NaN
7,40.3759939,-3.7043895,79.4775798,-29.3988138,1878.049,1937.47,30.0,NaN,NaN,NaN,NaN,NaN,NaN,NaN
7,40.3759939,-3.7043895,79.4775798,-29.3988138,1878.049,1937.47,30.0,NaN,NaN,NaN,NaN,NaN,NaN,NaN
7,40.3759939,-3.7043895,79.4775798,-29.3988138,1878.049,1937.47,30.0,NaN,NaN,NaN,NaN,NaN,NaN,NaN
7,40.3759939,-3.7043895,79.4775798,-29.3988138,1878.049,1937.47,30.0,NaN,NaN,NaN,NaN,NaN,NaN,NaN
7,40.3759939,-3.7043895,79.4775798,-29.3988138,1878.049,1937.47,30.0,NaN,NaN,NaN,NaN,NaN,NaN,NaN
7,40.3759939,-3.7043895,79.4775798,-29.3988138,1878.049,1937.47,30.0,NaN,NaN,NaN,NaN,NaN,NaN,NaN
7,40.3759939,-3.7043895,79.4775798,-29.3988138,1878.049,1937.47,30.0,NaN,NaN,NaN,NaN,NaN,NaN,NaN
7,40.3759939,-3.7043895,79.4775798,-29.3988138,1878.049,1937.47,30.0,NaN,NaN,NaN,NaN,NaN,NaN,NaN
7,40.3759939,-3.7043895,79.4775798,-29.3988138,1878.049,1937.47,30.0,NaN,NaN,NaN,NaN,NaN,NaN,NaN
7,40.3759939,-3.7043895,79.4775798,-29.3988138,1878.049,1937.47,30.0,NaN,NaN,NaN,NaN,NaN,NaN,NaN
7,40.3759939,-3.7043895,79.4775798,-29.3988138,1878.049,1937.47,30.0,NaN,NaN,NaN,NaN,NaN,NaN,NaN
7,40.3759939,-3.7043895,79.4775798,-29.3988138,1878.049,1937.47,30.0,NaN,NaN,NaN,NaN,NaN,NaN,NaN
7,40.3759939,-3.7043895,79.4775798,-29.3988138,1878.049,1937.47,30.0,NaN,NaN,NaN,NaN,NaN,NaN,NaN
7,40.3759939,-3.7043895,79.4775798,-29.3988138,1878.049,1937.47,30.0,NaN,NaN,NaN,NaN,NaN,NaN,NaN
7,40.3759939,-3.7043895,79.4775798,-29.3988138,1878.049,1937.47,30.0,NaN,NaN,NaN,NaN,NaN,NaN,NaN
7,40.3759939,-3.7043895,79.4775798,-29.3988138,1878.049,1937.47,30.0,NaN,NaN,NaN,NaN,NaN,NaN,NaN
7,40.3759939,-3.7043895,79.4775798,-29.3988138,1878.049,1937.47,30.0,NaN,NaN,NaN,NaN,NaN,NaN,NaN
7,40.3759939,-3.7043895,79.4775798,-29.3988138,1878.049,1937.47,30.0,NaN,NaN,NaN,NaN,NaN,NaN,NaN
7,40.3759939,-3.7043895,79.4775798,-29.3988138,1878.049,1937.47,30.0,NaN,NaN,NaN,NaN,NaN,NaN,NaN
7,40.3759939,-3.7043895,79.4775798,-29.3988138,1878.049,1937.47,30.0,NaN,NaN,NaN,NaN,NaN,NaN,NaN
7,40.3759939,-3.7043895,79.4775798,-29.3988138,1878.049,1937.47,30.0,NaN,NaN,NaN,NaN,NaN,NaN,NaN
7,40.3759939,-3.7043895,79.4775798,-29.3988138,1878.049,1937.47,30.0,NaN,NaN,NaN,NaN,NaN,NaN,NaN
7,40.3759939,-3.7043895,79.4775798,-29.3988138,1878.049,1937.47,30.0,NaN,NaN,NaN,NaN,NaN,NaN,NaN
7,40.3759939,-3.7043895,79.4775798,-29.3988138,1878.049,1937.47,30.0,NaN,NaN,NaN,NaN,NaN,NaN,NaN
7,40.3759939,-3.7043895,79.4775798,-29.3988138,1878.049,1937.47,30.0,NaN,NaN,NaN,NaN,NaN,NaN,NaN
7,40.3759939,-3.7043895,79.4775798,-29.3988138,1878.049,1937.47,30.0,NaN,NaN,NaN,NaN,NaN,NaN,NaN
7,40.3759939,-3.7043895,79.4775798,-29.3988138,1878.049,1937.47,30.0,NaN,NaN,NaN,NaN,NaN,NaN,NaN
7,40.3759939,-3.7043895,79.4775798,-29.3988138,1878.049,1937.47,30.0,NaN,NaN,NaN,NaN,NaN,NaN,NaN
7,40.3759939,-3.7043895,79.4775798,-29.3988138,1878.049,1937.47,30.0,NaN,NaN,NaN,NaN,NaN,NaN,NaN
7,40.3759939,-3.7043895,79.4775798,-29.3988138,1878.049,1937.47,30.0,NaN,NaN,NaN,NaN,NaN,NaN,NaN
7,40.3759939,-3.7043895,79.4775798,-29.3988138,1878.049,1937.47,30.0,NaN,NaN,NaN,NaN,NaN,NaN,NaN
7,40.3759939,-3.7043895,79.4775798,-29.3988138,1878.049,1937.47,30.0,NaN,NaN,NaN,NaN,NaN,NaN,NaN
7,40.3759939,-3.7043895,79.4775798,-29.3988138,1878.049,1937.47,30.0,NaN,NaN,NaN,NaN,NaN,NaN,NaN
7,40.3759939,-3.7043895,79.4775798,-29.3988138,1878.049,1937.47,30.0,NaN,NaN,NaN,NaN,NaN,NaN,NaN
7,40.3759939,-3.7043895,79.4775798,-29.3988138,1878.049,1937.47,30.0,NaN,NaN,NaN,NaN,NaN,NaN,NaN
7,40.3759939,-3.7043895,79.4775798,-29.3988138,1878.049,1937.47,30.0,NaN,NaN,NaN,NaN,NaN,NaN,NaN
7,40.3759939,-3.7043895,79.4775798,-29.3988138,1878.049,1937.47,30.0,NaN,NaN,NaN,NaN,NaN,NaN,NaN
7,40.3759939,-3.7043895,79.4775798,-29.3988138,1878.049,1937.47,30.0,NaN,NaN,NaN,NaN,NaN,NaN,NaN
7,40.3759939,-3.7043895,79.4775798,-29.3988138,1878.049,1937.47,30.0,NaN,NaN,NaN,NaN,NaN,NaN,NaN
7,40.3759939,-3.7043895,79.4775798,-29.3988138,1878.049,1937.47,30.0,NaN,NaN,NaN,NaN,NaN,NaN,NaN
7,40.3759939,-3.7043895,79.4775798,-29.3988138,1878.049,1937.47,30.0,NaN,NaN,NaN,NaN,NaN,NaN,NaN
7,40.3759939,-3.7043895,79.4775798,-29.3988138,1878.049,1937.47,30.0,NaN,NaN,NaN,NaN,NaN,NaN,NaN
7,40.3759939,-3.7043895,79.4775798,-29.3988138,1878.049,1937.47,30.0,NaN,NaN,NaN,NaN,NaN,NaN,NaN
7,40.3759939,-3.7043895,79.4775798,-29.3988138,1878.049,1937.47,30.0,NaN,NaN,NaN,NaN,NaN,NaN,NaN
7,40.3759939,-3.7043895,79.4775798,-29.3988138,1878.049,1937.47,30.0,NaN,NaN,NaN,NaN,NaN,NaN,NaN
7,40.3759939,-3.7043895,79.4775798,-29.3988138,1878.049,1937.47,30.0,NaN,NaN,NaN,NaN,NaN,NaN,NaN
7,40.3759939,-3.7043895,79.4775798,-29.3988138,1878.049,1937.47,30.0,NaN,NaN,NaN,NaN,NaN,NaN,NaN
7,40.3759939,-3.7043895,79.4775798,-29.3988138,1878.049,1937.47,30.0,NaN,NaN,NaN,NaN,NaN,NaN,NaN
7,40.3759939,-3.7043895,79.4775798,-29.3988138,1878.049,1937.47,30.0,NaN,NaN,NaN,NaN,NaN,NaN,NaN
7,40.3759939,-3.7043895,79.4775798,-29.3988138,1878.049,1937.47,30.0,NaN,NaN,NaN,NaN,NaN,NaN,NaN
7,40.3759939,-3.7043895,79.4775798,-29.3988138,1878.049,1937.47,30.0,NaN,NaN,NaN,NaN,NaN,NaN,NaN
7,40.3759939,-3.7043895,79.4775798,-29.3988138,1878.049,1937.47,30.0,NaN,NaN,NaN,NaN,NaN,NaN,NaN
7,40.3759939,-3.7043895,79.4775798,-29.3988138,1878.049,1937.47,30.0,NaN,NaN,NaN,NaN,NaN,NaN,NaN
7,40.3759939,-3.7043895,79.4775798,-29.3988138,1878.049,1937.47,30.0,NaN,NaN,NaN,NaN,NaN,NaN,NaN
7,40.3759939,-3.7043895,79.4775798,-29.3988138,1878.049,1937.47,30.0,NaN,NaN,NaN,NaN,NaN,NaN,NaN
7,40.3759939,-3.7043895,79.4775798,-29.3988138,1878.049,1937.47,30.0,NaN,NaN,NaN,NaN,NaN,NaN,NaN
7,40.3759939,-3.7043895,79.4775798,-29.3988138,1878.049,1937.47,30.0,NaN,NaN,NaN,NaN,NaN,NaN,NaN
7,40.3759939,-3.7043895,79.4775798,-29.3988138,1878.049,1937.47,30.0,NaN,NaN,NaN,NaN,NaN,NaN,NaN
7,40.3759939,-3.7043895,79.4775798,-29.3988138,1878.049,1937.47,30.0,NaN,NaN,NaN,NaN,NaN,NaN,NaN
7,40.3759939,-3.7043895,79.4775798,-29.3988138,1878.049,1937.47,30.0,NaN,NaN,NaN,NaN,NaN,NaN,NaN
7,40.3759939,-3.7043895,79.4775798,-29.3988138,1878.049,1937.47,30.0,NaN,NaN,NaN,NaN,NaN,NaN,NaN
7,40.3759939,-3.7043895,79.4775798,-29.3988138,1878.049,1937.47,30.0,NaN,NaN,NaN,NaN,NaN,NaN,NaN
7,40.3759939,-3.7043895,79.4775798,-29.3988138,1878.049,1937.47,30.0,NaN,NaN,NaN,NaN,NaN,NaN,NaN
7,40.3759939,-3.7043895,79.4775798,-29.3988138,1878.049,1937.47,30.0,NaN,NaN,NaN,NaN,NaN,NaN,NaN
7,40.3759939,-3.7043895,79.4775798,-29.3988138,1878.049,1937.47,30.0,NaN,NaN,NaN,NaN,NaN,NaN,NaN
7,40.3759939,-3.7043895,79.4775798,-29.3988138,1878.049,1937.47,30.0,NaN,NaN,NaN,NaN,NaN,NaN,NaN
7,40.3759939,-3.7043895,79.4775798,-29.3988138,1878.049,1937.47,30.0,NaN,NaN,NaN,NaN,NaN,NaN,NaN
7,40.3759939,-3.7043895,79.4775798,-29.3988138,1878.049,1937.47,30.0,NaN,NaN,NaN,NaN,NaN,NaN,NaN
7,40.3759939,-3.7043895,79.4775798,-29.3988138,1878.049,1937.47,30.0,NaN,NaN,NaN,NaN,NaN,NaN,NaN
7,40.3759939,-3.7043895,79.4775798,-29.3988138,1878.049,1937.47,30.0,NaN,NaN,NaN,NaN,NaN,NaN,NaN
7,40.3759939,-3.7043895,79.4775798,-29.3988138,1878.049,1937.47,30.0,NaN,NaN,NaN,NaN,NaN,NaN,NaN
7,40.3759939,-3.7043895,79.4775798,-29.3988138,1878.049,1937.47,30.0,NaN,NaN,NaN,NaN,NaN,NaN,NaN
7,40.3759939,-3.7043895,79.4775798,-29.3988138,1878.049,1937.47,30.0,NaN,NaN,NaN,NaN,NaN,NaN,NaN
7,40.3759939,-3.7043895,79.4775798,-29.3988138,1878.049,1937.47,30.0,NaN,NaN,NaN,NaN,NaN,NaN,NaN
7,40.3759939,-3.7043895,79.4775798,-29.3988138,1878.049,1937.47,30.0,NaN,NaN,NaN,NaN,NaN,NaN,NaN
7,40.3759939,-3.7043895,79.4775798,-29.3988138,1878.049,1937.47,30.0,NaN,NaN,NaN,NaN,NaN,NaN,NaN
7,40.3759939,-3.7043895,79.4775798,-29.3988138,1878.049,1937.47,30.0,NaN,NaN,NaN,NaN,NaN,NaN,NaN
7,40.3759939,-3.7043895,79.4775798,-29.3988138,1878.049,1937.47,30.0,NaN,NaN,NaN,NaN,NaN,NaN,NaN
7,40.3759939,-3.7043895,79.4775798,-29.3988138,1878.049,1937.47,30.0,NaN,NaN,NaN,NaN,NaN,NaN,NaN
7,40.3759939,-3.7043895,79.4775798,-29.3988138,1878.049,1937.47,30.0,NaN,NaN,NaN,NaN,NaN,NaN,NaN
7,40.3759939,-3.7043895,79.4775798,-29.3988138,1878.049,1937.47,30.0,NaN,NaN,NaN,NaN,NaN,NaN,NaN
7,40.3759939,-3.7043895,79.4775798,-29.3988138,1878.049,1937.47,30.0,NaN,NaN,NaN,NaN,NaN,NaN,NaN
7,40.3759939,-3.7043895,79.4775798,-29.3988138,1878.049,1937.47,30.0,NaN,NaN,NaN,NaN,NaN,NaN,NaN
7,40.3759939,-3.7043895,79.4775798,-29.3988138,1878.049,1937.47,30.0,NaN,NaN,NaN,NaN,NaN,NaN,NaN
7,40.3759939,-3.7043895,79.4775798,-29.3988138,1878.049,1937.47,30.0,NaN,NaN,NaN,NaN,NaN,NaN,NaN
7,40.3759939,-3.7043895,79.4775798,-29.3988138,1878.049,1937.47,30.0,NaN,NaN,NaN,NaN,NaN,NaN,NaN
7,40.3759939,-3.7043895,79.4775798,-29.3988138,1878.049,1937.47,30.0,NaN,NaN,NaN,NaN,NaN,NaN,NaN
7,40.3759939,-3.7043895,79.4775798,-29.3988138,1878.049,1937.47,30.0,NaN,NaN,NaN,NaN,NaN,NaN,NaN
7,40.3759939,-3.7043895,79.4775798,-29.3988138,1878.049,1937.47,30.0,NaN,NaN,NaN,NaN,NaN,NaN,NaN
7,40.3759939,-3.7043895,79.4775798,-29.3988138,1878.049,1937.47,30.0,NaN,NaN,NaN,NaN,NaN,NaN,NaN
7,40.3759939,-3.7043895,79.4775798,-29.3988138,1878.049,1937.47,30.0,NaN,NaN,NaN,NaN,NaN,NaN,NaN
7,40.3759939,-3.7043895,79.4775798,-29.3988138,1878.049,1937.47,30.0,NaN,NaN,NaN,NaN,NaN,NaN,NaN
7,40.3759939,-3.7043895,79.4775798,-29.3988138,1878.049,1937.47,30.0,NaN,NaN,NaN,NaN,NaN,NaN,NaN
7,40.3759939,-3.7043895,79.4775798,-29.3988138,1878.049,1937.47,30.0,NaN,NaN,NaN,NaN,NaN,NaN,NaN
7,40.3759939,-3.7043895,79.4775798,-29.3988138,1878.049,1937.47,30.0,NaN,NaN,NaN,NaN,NaN,NaN,NaN
7,40.3759939,-3.7043895,79.4775798,-29.3988138,1878.049,1937.47,30.0,NaN,NaN,NaN,NaN,NaN,NaN,NaN
7,40.3759939,-3.7043895,79.4775798,-29.3988138,1878.049,1937.47,30.0,NaN,NaN,NaN,NaN,NaN,NaN,NaN
7,40.3759939,-3.7043895,79.4775798,-29.3988138,1878.049,1937.47,30.0,NaN,NaN,NaN,NaN,NaN,NaN,NaN
7,40.3759939,-3.7043895,79.4775798,-29.3988138,1878.049,1937.47,30.0,NaN,NaN,NaN,NaN,NaN,NaN,NaN
7,40.3759939,-3.7043895,79.4775798,-29.3988138,1878.049,1937.47,30.0,NaN,NaN,NaN,NaN,NaN,NaN,NaN
7,40.3759939,-3.7043895,79.4775798,-29.3988138,1878.049,1937.47,30.0,NaN,NaN,NaN,NaN,NaN,NaN,NaN
7,40.3759939,-3.7043895,79.4775798,-29.3988138,1878.049,1937.47,30.0,NaN,NaN,NaN,NaN,NaN,NaN,NaN
7,40.3759939,-3.7043895,79.4775798,-29.3988138,1878.049,1937.47,30.0,NaN,NaN,NaN,NaN,NaN,NaN,NaN
7,40.3759939,-3.7043895,79.4775798,-29.3988138,1878.049,1937.47,30.0,NaN,NaN,NaN,NaN,NaN,NaN,NaN
7,40.3759939,-3.7043895,79.4775798,-29.3988138,1878.049,1937.47,30.0,NaN,NaN,NaN,NaN,NaN,NaN,NaN
7,40.3759939,-3.7043895,79.4775798,-29.3988138,1878.049,1937.47,30.0,NaN,NaN,NaN,NaN,NaN,NaN,NaN
7,40.3759939,-3.7043895,79.4775798,-29.3988138,1878.049,1937.47,30.0,NaN,NaN,NaN,NaN,NaN,NaN,NaN
7,40.3759939,-3.7043895,79.4775798,-29.3988138,1878.049,1937.47,30.0,NaN,NaN,NaN,NaN,NaN,NaN,NaN
7,40.3759939,-3.7043895,79.4775798,-29.3988138,1878.049,1937.47,30.0,NaN,NaN,NaN,NaN,NaN,NaN,NaN
7,40.3759939,-3.7043895,79.4775798,-29.3988138,1878.049,1937.47,30.0,NaN,NaN,NaN,NaN,NaN,NaN,NaN
7,40.3759939,-3.7043895,79.4775798,-29.3988138,1878.049,1937.47,30.0,NaN,NaN,NaN,NaN,NaN,NaN,NaN
7,40.3759939,-3.7043895,79.4775798,-29.3988138,1878.049,1937.47,30.0,NaN,NaN,NaN,NaN,NaN,NaN,NaN
8,40.3757139,-3.7046311,48.3795255,-41.4692808,2195.745,2255.532,30.0,NaN,NaN,NaN,NaN,NaN,NaN,NaN
8,40.3757139,-3.7046311,48.3795255,-41.4692808,2195.745,2255.532,30.0,NaN,NaN,NaN,NaN,NaN,NaN,NaN
8,40.3757139,-3.7046311,48.3795255,-41.4692808,2195.745,2255.532,30.0,NaN,NaN,NaN,NaN,NaN,NaN,NaN
8,40.3757139,-3.7046311,48.3795255,-41.4692808,2195.745,2255.532,30.0,NaN,NaN,NaN,NaN,NaN,NaN,NaN
8,40.3757139,-3.7046311,48.3795255,-41.4692808,2195.745,2255.532,30.0,NaN,NaN,NaN,NaN,NaN,NaN,NaN
8,40.3757139,-3.7046311,48.3795255,-41.4692808,2195.745,2255.532,30.0,NaN,NaN,NaN,NaN,NaN,NaN,NaN
8,40.3757139,-3.7046311,48.3795255,-41.4692808,2195.745,2255.532,30.0,NaN,NaN,NaN,NaN,NaN,NaN,NaN
8,40.3757139,-3.7046311,48.3795255,-41.4692808,2195.745,2255.532,30.0,NaN,NaN,NaN,NaN,NaN,NaN,NaN
8,40.3757139,-3.7046311,48.3795255,-41.4692808,2195.745,2255.532,30.0,NaN,NaN,NaN,NaN,NaN,NaN,NaN
8,40.3757139,-3.7046311,48.3795255,-41.4692808,2195.745,2255.532,30.0,NaN,NaN,NaN,NaN,NaN,NaN,NaN
8,40.3757139,-3.7046311,48.3795255,-41.4692808,2195.745,2255.532,30.0,NaN,NaN,NaN,NaN,NaN,NaN,NaN
8,40.3757139,-3.7046311,48.3795255,-41.4692808,2195.745,2255.532,30.0,NaN,NaN,NaN,NaN,NaN,NaN,NaN
8,40.3757139,-3.7046311,48.3795255,-41.4692808,2195.745,2255.532,30.0,NaN,NaN,NaN,NaN,NaN,NaN,NaN
8,40.3757139,-3.7046311,48.3795255,-41.4692808,2195.745,2255.532,30.0,NaN,NaN,NaN,NaN,NaN,NaN,NaN
8,40.3757139,-3.7046311,48.3795255,-41.4692808,2195.745,2255.532,30.0,NaN,NaN,NaN,NaN,NaN,NaN,NaN
8,40.3757139,-3.7046311,48.3795255,-41.4692808,2195.745,2255.532,30.0,NaN,NaN,NaN,NaN,NaN,NaN,NaN
8,40.3757139,-3.7046311,48.3795255,-41.4692808,2195.745,2255.532,30.0,NaN,NaN,NaN,NaN,NaN,NaN,NaN
8,40.3757139,-3.7046311,48.3795255,-41.4692808,2195.745,2255.532,30.0,NaN,NaN,NaN,NaN,NaN,NaN,NaN
8,40.3757139,-3.7046311,48.3795255,-41.4692808,2195.745,2255.532,30.0,NaN,NaN,NaN,NaN,NaN,NaN,NaN
8,40.3757139,-3.7046311,48.3795255,-41.4692808,2195.745,2255.532,30.0,NaN,NaN,NaN,NaN,NaN,NaN,NaN
8,40.3757139,-3.7046311,48.3795255,-41.4692808,2195.745,2255.532,30.0,NaN,NaN,NaN,NaN,NaN,NaN,NaN
8,40.3757139,-3.7046311,48.3795255,-41.4692808,2195.745,2255.532,30.0,NaN,NaN,NaN,NaN,NaN,NaN,NaN
8,40.3757139,-3.7046311,48.3795255,-41.4692808,2195.745,2255.532,30.0,NaN,NaN,NaN,NaN,NaN,NaN,NaN
8,40.3757139,-3.7046311,48.3795255,-41.4692808,2195.745,2255.532,30.0,NaN,NaN,NaN,NaN,NaN,NaN,NaN
8,40.3757139,-3.7046311,48.3795255,-41.4692808,2195.745,2255.532,30.0,NaN,NaN,NaN,NaN,NaN,NaN,NaN
8,40.3757139,-3.7046311,48.3795255,-41.4692808,2195.745,2255.532,30.0,NaN,NaN,NaN,NaN,NaN,NaN,NaN
8,40.3757139,-3.7046311,48.3795255,-41.4692808,2195.745,2255.532,30.0,NaN,NaN,NaN,NaN,NaN,NaN,NaN
8,40.3757139,-3.7046311,48.3795255,-41.4692808,2195.745,2255.532,30.0,NaN,NaN,NaN,NaN,NaN,NaN,NaN
8,40.3757139,-3.7046311,48.3795255,-41.4692808,2195.745,2255.532,30.0,NaN,NaN,NaN,NaN,NaN,NaN,NaN
8,40.3757139,-3.7046311,48.3795255,-41.4692808,2195.745,2255.532,30.0,NaN,NaN,NaN,NaN,NaN,NaN,NaN
8,40.3757139,-3.7046311,48.3795255,-41.4692808,2195.745,2255.532,30.0,NaN,NaN,NaN,NaN,NaN,NaN,NaN
8,40.3757139,-3.7046311,48.3795255,-41.4692808,2195.745,2255.532,30.0,NaN,NaN,NaN,NaN,NaN,NaN,NaN
8,40.3757139,-3.7046311,48.3795255,-41.4692808,2195.745,2255.532,30.0,NaN,NaN,NaN,NaN,NaN,NaN,NaN
8,40.3757139,-3.7046311,48.3795255,-41.4692808,2195.745,2255.532,30.0,NaN,NaN,NaN,NaN,NaN,NaN,NaN
8,40.3757139,-3.7046311,48.3795255,-41.4692808,2195.745,2255.532,30.0,NaN,NaN,NaN,NaN,NaN,NaN,NaN
8,40.3757139,-3.7046311,48.3795255,-41.4692808,2195.745,2255.532,30.0,NaN,NaN,NaN,NaN,NaN,NaN,NaN
8,40.3757139,-3.7046311,48.3795255,-41.4692808,2195.745,2255.532,30.0,NaN,NaN,NaN,NaN,NaN,NaN,NaN
8,40.3757139,-3.7046311,48.3795255,-41.4692808,2195.745,2255.532,30.0,NaN,NaN,NaN,NaN,NaN,NaN,NaN
8,40.3757139,-3.7046311,48.3795255,-41.4692808,2195.745,2255.532,30.0,NaN,NaN,NaN,NaN,NaN,NaN,NaN
8,40.3757139,-3.7046311,48.3795255,-41.4692808,2195.745,2255.532,30.0,NaN,NaN,NaN,NaN,NaN,NaN,NaN
8,40.3757139,-3.7046311,48.3795255,-41.4692808,2195.745,2255.532,30.0,NaN,NaN,NaN,NaN,NaN,NaN,NaN
8,40.3757139,-3.7046311,48.3795255,-41.4692808,2195.745,2255.532,30.0,NaN,NaN,NaN,NaN,NaN,NaN,NaN
8,40.3757139,-3.7046311,48.3795255,-41.4692808,2195.745,2255.532,30.0,NaN,NaN,NaN,NaN,NaN,NaN,NaN
8,40.3757139,-3.7046311,48.3795255,-41.4692808,2195.745,2255.532,30.0,NaN,NaN,NaN,NaN,NaN,NaN,NaN
8,40.3757139,-3.7046311,48.3795255,-41.4692808,2195.745,2255.532,30.0,NaN,NaN,NaN,NaN,NaN,NaN,NaN
8,40.3757139,-3.7046311,48.3795255,-41.4692808,2195.745,2255.532,30.0,NaN,NaN,NaN,NaN,NaN,NaN,NaN
8,40.3757139,-3.7046311,48.3795255,-41.4692808,2195.745,2255.532,30.0,NaN,NaN,NaN,NaN,NaN,NaN,NaN
8,40.3757139,-3.7046311,48.3795255,-41.4692808,2195.745,2255.532,30.0,NaN,NaN,NaN,NaN,NaN,NaN,NaN
8,40.3757139,-3.7046311,48.3795255,-41.4692808,2195.745,2255.532,30.0,NaN,NaN,NaN,NaN,NaN,NaN,NaN
8,40.3757139,-3.7046311,48.3795255,-41.4692808,2195.745,2255.532,30.0,NaN,NaN,NaN,NaN,NaN,NaN,NaN
8,40.3757139,-3.7046311,48.3795255,-41.4692808,2195.745,2255.532,30.0,NaN,NaN,NaN,NaN,NaN,NaN,NaN
8,40.3757139,-3.7046311,48.3795255,-41.4692808,2195.745,2255.532,30.0,NaN,NaN,NaN,NaN,NaN,NaN,NaN
8,40.3757139,-3.7046311,48.3795255,-41.4692808,2195.745,2255.532,30.0,NaN,NaN,NaN,NaN,NaN,NaN,NaN
8,40.3757139,-3.7046311,48.3795255,-41.4692808,2195.745,2255.532,30.0,NaN,NaN,NaN,NaN,NaN,NaN,NaN
8,40.3757139,-3.7046311,48.3795255,-41.4692808,2195.745,2255.532,30.0,NaN,NaN,NaN,NaN,NaN,NaN,NaN
8,40.3757139,-3.7046311,48.3795255,-41.4692808,2195.745,2255.532,30.0,NaN,NaN,NaN,NaN,NaN,NaN,NaN
8,40.3757139,-3.7046311,48.3795255,-41.4692808,2195.745,2255.532,30.0,NaN,NaN,NaN,NaN,NaN,NaN,NaN
8,40.3757139,-3.7046311,48.3795255,-41.4692808,2195.745,2255.532,30.0,NaN,NaN,NaN,NaN,NaN,NaN,NaN
8,40.3757139,-3.7046311,48.3795255,-41.4692808,2195.745,2255.532,30.0,NaN,NaN,NaN,NaN,NaN,NaN,NaN
8,40.3757139,-3.7046311,48.3795255,-41.4692808,2195.745,2255.532,30.0,NaN,NaN,NaN,NaN,NaN,NaN,NaN
8,40.3757139,-3.7046311,48.3795255,-41.4692808,2195.745,2255.532,30.0,NaN,NaN,NaN,NaN,NaN,NaN,NaN
8,40.3757139,-3.7046311,48.3795255,-41.4692808,2195.745,2255.532,30.0,NaN,NaN,NaN,NaN,NaN,NaN,NaN
8,40.3757139,-3.7046311,48.3795255,-41.4692808,2195.745,2255.532,30.0,NaN,NaN,NaN,NaN,NaN,NaN,NaN
8,40.3757139,-3.7046311,48.3795255,-41.4692808,2195.745,2255.532,30.0,NaN,NaN,NaN,NaN,NaN,NaN,NaN
8,40.3757139,-3.7046311,48.3795255,-41.4692808,2195.745,2255.532,30.0,NaN,NaN,NaN,NaN,NaN,NaN,NaN
8,40.3757139,-3.7046311,48.3795255,-41.4692808,2195.745,2255.532,30.0,NaN,NaN,NaN,NaN,NaN,NaN,NaN
8,40.3757139,-3.7046311,48.3795255,-41.4692808,2195.745,2255.532,30.0,NaN,NaN,NaN,NaN,NaN,NaN,NaN
8,40.3757139,-3.7046311,48.3795255,-41.4692808,2195.745,2255.532,30.0,NaN,NaN,NaN,NaN,NaN,NaN,NaN
8,40.3757139,-3.7046311,48.3795255,-41.4692808,2195.745,2255.532,30.0,NaN,NaN,NaN,NaN,NaN,NaN,NaN
8,40.3757139,-3.7046311,48.3795255,-41.4692808,2195.745,2255.532,30.0,NaN,NaN,NaN,NaN,NaN,NaN,NaN
8,40.3757139,-3.7046311,48.3795255,-41.4692808,2195.745,2255.532,30.0,NaN,NaN,NaN,NaN,NaN,NaN,NaN
8,40.3757139,-3.7046311,48.3795255,-41.4692808,2195.745,2255.532,30.0,NaN,NaN,NaN,NaN,NaN,NaN,NaN
8,40.3757139,-3.7046311,48.3795255,-41.4692808,2195.745,2255.532,30.0,NaN,NaN,NaN,NaN,NaN,NaN,NaN
8,40.3757139,-3.7046311,48.3795255,-41.4692808,2195.745,2255.532,30.0,NaN,NaN,NaN,NaN,NaN,NaN,NaN
8,40.3757139,-3.7046311,48.3795255,-41.4692808,2195.745,2255.532,30.0,NaN,NaN,NaN,NaN,NaN,NaN,NaN
8,40.3757139,-3.7046311,48.3795255,-41.4692808,2195.745,2255.532,30.0,NaN,NaN,NaN,NaN,NaN,NaN,NaN
8,40.3757139,-3.7046311,48.3795255,-41.4692808,2195.745,2255.532,30.0,NaN,NaN,NaN,NaN,NaN,NaN,NaN
8,40.3757139,-3.7046311,48.3795255,-41.4692808,2195.745,2255.532,30.0,NaN,NaN,NaN,NaN,NaN,NaN,NaN
8,40.3757139,-3.7046311,48.3795255,-41.4692808,2195.745,2255.532,30.0,NaN,NaN,NaN,NaN,NaN,NaN,NaN
8,40.3757139,-3.7046311,48.3795255,-41.4692808,2195.745,2255.532,30.0,NaN,NaN,NaN,NaN,NaN,NaN,NaN
8,40.3757139,-3.7046311,48.3795255,-41.4692808,2195.745,2255.532,30.0,NaN,NaN,NaN,NaN,NaN,NaN,NaN
8,40.3757139,-3.7046311,48.3795255,-41.4692808,2195.745,2255.532,30.0,NaN,NaN,NaN,NaN,NaN,NaN,NaN
8,40.3757139,-3.7046311,48.3795255,-41.4692808,2195.745,2255.532,30.0,NaN,NaN,NaN,NaN,NaN,NaN,NaN
8,40.3757139,-3.7046311,48.3795255,-41.4692808,2195.745,2255.532,30.0,NaN,NaN,NaN,NaN,NaN,NaN,NaN
8,40.3757139,-3.7046311,48.3795255,-41.4692808,2195.745,2255.532,30.0,NaN,NaN,NaN,NaN,NaN,NaN,NaN
8,40.3757139,-3.7046311,48.3795255,-41.4692808,2195.745,2255.532,30.0,NaN,NaN,NaN,NaN,NaN,NaN,NaN
8,40.3757139,-3.7046311,48.3795255,-41.4692808,2195.745,2255.532,30.0,NaN,NaN,NaN,NaN,NaN,NaN,NaN
8,40.3757139,-3.7046311,48.3795255,-41.4692808,2195.745,2255.532,30.0,NaN,NaN,NaN,NaN,NaN,NaN,NaN
8,40.3757139,-3.7046311,48.3795255,-41.4692808,2195.745,2255.532,30.0,NaN,NaN,NaN,NaN,NaN,NaN,NaN
8,40.3757139,-3.7046311,48.3795255,-41.4692808,2195.745,2255.532,30.0,NaN,NaN,NaN,NaN,NaN,NaN,NaN
8,40.3757139,-3.7046311,48.3795255,-41.4692808,2195.745,2255.532,30.0,NaN,NaN,NaN,NaN,NaN,NaN,NaN
8,40.3757139,-3.7046311,48.3795255,-41.4692808,2195.745,2255.532,30.0,NaN,NaN,NaN,NaN,NaN,NaN,NaN
8,40.3757139,-3.7046311,48.3795255,-41.4692808,2195.745,2255.532,30.0,NaN,NaN,NaN,NaN,NaN,NaN,NaN
8,40.3757139,-3.7046311,48.3795255,-41.4692808,2195.745,2255.532,30.0,NaN,NaN,NaN,NaN,NaN,NaN,NaN
8,40.3757139,-3.7046311,48.3795255,-41.4692808,2195.745,2255.532,30.0,NaN,NaN,NaN,NaN,NaN,NaN,NaN
8,40.3757139,-3.7046311,48.3795255,-41.4692808,2195.745,2255.532,30.0,NaN,NaN,NaN,NaN,NaN,NaN,NaN
8,40.3757139,-3.7046311,48.3795255,-41.4692808,2195.745,2255.532,30.0,NaN,NaN,NaN,NaN,NaN,NaN,NaN
8,40.3757139,-3.7046311,48.3795255,-41.4692808,2195.745,2255.532,30.0,NaN,NaN,NaN,NaN,NaN,NaN,NaN
8,40.3757139,-3.7046311,48.3795255,-41.4692808,2195.745,2255.532,30.0,NaN,NaN,NaN,NaN,NaN,NaN,NaN
8,40.3757139,-3.7046311,48.3795255,-41.4692808,2195.745,2255.532,30.0,NaN,NaN,NaN,NaN,NaN,NaN,NaN
8,40.3757139,-3.7046311,48.3795255,-41.4692808,2195.745,2255.532,30.0,NaN,NaN,NaN,NaN,NaN,NaN,NaN
8,40.3757139,-3.7046311,48.3795255,-41.4692808,2195.745,2255.532,30.0,NaN,NaN,NaN,NaN,NaN,NaN,NaN
8,40.3757139,-3.7046311,48.3795255,-41.4692808,2195.745,2255.532,30.0,NaN,NaN,NaN,NaN,NaN,NaN,NaN
8,40.3757139,-3.7046311,48.3795255,-41.4692808,2195.745,2255.532,30.0,NaN,NaN,NaN,NaN,NaN,NaN,NaN
8,40.3757139,-3.7046311,48.3795255,-41.4692808,2195.745,2255.532,30.0,NaN,NaN,NaN,NaN,NaN,NaN,NaN
8,40.3757139,-3.7046311,48.3795255,-41.4692808,2195.745,2255.532,30.0,NaN,NaN,NaN,NaN,NaN,NaN,NaN
8,40.3757139,-3.7046311,48.3795255,-41.4692808,2195.745,2255.532,30.0,NaN,NaN,NaN,NaN,NaN,NaN,NaN
8,40.3757139,-3.7046311,48.3795255,-41.4692808,2195.745,2255.532,30.0,NaN,NaN,NaN,NaN,NaN,NaN,NaN
8,40.3757139,-3.7046311,48.3795255,-41.4692808,2195.745,2255.532,30.0,NaN,NaN,NaN,NaN,NaN,NaN,NaN
8,40.3757139,-3.7046311,48.3795255,-41.4692808,2195.745,2255.532,30.0,NaN,NaN,NaN,NaN,NaN,NaN,NaN
8,40.3757139,-3.7046311,48.3795255,-41.4692808,2195.745,2255.532,30.0,NaN,NaN,NaN,NaN,NaN,NaN,NaN
8,40.3757139,-3.7046311,48.3795255,-41.4692808,2195.745,2255.532,30.0,NaN,NaN,NaN,NaN,NaN,NaN,NaN
8,40.3757139,-3.7046311,48.3795255,-41.4692808,2195.745,2255.532,30.0,NaN,NaN,NaN,NaN,NaN,NaN,NaN
8,40.3757139,-3.7046311,48.3795255,-41.4692808,2195.745,2255.532,30.0,NaN,NaN,NaN,NaN,NaN,NaN,NaN
8,40.3757139,-3.7046311,48.3795255,-41.4692808,2195.745,2255.532,30.0,NaN,NaN,NaN,NaN,NaN,NaN,NaN
8,40.3757139,-3.7046311,48.3795255,-41.4692808,2195.745,2255.532,30.0,NaN,NaN,NaN,NaN,NaN,NaN,NaN
8,40.3757139,-3.7046311,48.3795255,-41.4692808,2195.745,2255.532,30.0,NaN,NaN,NaN,NaN,NaN,NaN,NaN
8,40.3757139,-3.7046311,48.3795255,-41.4692808,2195.745,2255.532,30.0,NaN,NaN,NaN,NaN,NaN,NaN,NaN
8,40.3757139,-3.7046311,48.3795255,-41.4692808,2195.745,2255.532,30.0,NaN,NaN,NaN,NaN,NaN,NaN,NaN
8,40.3757139,-3.7046311,48.3795255,-41.4692808,2195.745,2255.532,30.0,NaN,NaN,NaN,NaN,NaN,NaN,NaN
8,40.3757139,-3.7046311,48.3795255,-41.4692808,2195.745,2255.532,30.0,NaN,NaN,NaN,NaN,NaN,NaN,NaN
8,40.3757139,-3.7046311,48.3795255,-41.4692808,2195.745,2255.532,30.0,NaN,NaN,NaN,NaN,NaN,NaN,NaN
8,40.3757139,-3.7046311,48.3795255,-41.4692808,2195.745,2255.532,30.0,NaN,NaN,NaN,NaN,NaN,NaN,NaN
8,40.3757139,-3.7046311,48.3795255,-41.4692808,2195.745,2255.532,30.0,NaN,NaN,NaN,NaN,NaN,NaN,NaN
8,40.3757139,-3.7046311,48.3795255,-41.4692808,2195.745,2255.532,30.0,NaN,NaN,NaN,NaN,NaN,NaN,NaN
8,40.3757139,-3.7046311,48.3795255,-41.4692808,2195.745,2255.532,30.0,NaN,NaN,NaN,NaN,NaN,NaN,NaN
8,40.3757139,-3.7046311,48.3795255,-41.4692808,2195.745,2255.532,30.0,NaN,NaN,NaN,NaN,NaN,NaN,NaN
8,40.3757139,-3.7046311,48.3795255,-41.4692808,2195.745,2255.532,30.0,NaN,NaN,NaN,NaN,NaN,NaN,NaN
8,40.3757139,-3.7046311,48.3795255,-41.4692808,2195.745,2255.532,30.0,NaN,NaN,NaN,NaN,NaN,NaN,NaN
8,40.3757139,-3.7046311,48.3795255,-41.4692808,2195.745,2255.532,30.0,NaN,NaN,NaN,NaN,NaN,NaN,NaN
8,40.3757139,-3.7046311,48.3795255,-41.4692808,2195.745,2255.532,30.0,NaN,NaN,NaN,NaN,NaN,NaN,NaN
8,40.3757139,-3.7046311,48.3795255,-41.4692808,2195.745,2255.532,30.0,NaN,NaN,NaN,NaN,NaN,NaN,NaN
8,40.3757139,-3.7046311,48.3795255,-41.4692808,2195.745,2255.532,30.0,NaN,NaN,NaN,NaN,NaN,NaN,NaN
8,40.3757139,-3.7046311,48.3795255,-41.4692808,2195.745,2255.532,30.0,NaN,NaN,NaN,NaN,NaN,NaN,NaN
8,40.3757139,-3.7046311,48.3795255,-41.4692808,2195.745,2255.532,30.0,NaN,NaN,NaN,NaN,NaN,NaN,NaN
8,40.3757139,-3.7046311,48.3795255,-41.4692808,2195.745,2255.532,30.0,NaN,NaN,NaN,NaN,NaN,NaN,NaN
8,40.3757139,-3.7046311,48.3795255,-41.4692808,2195.745,2255.532,30.0,NaN,NaN,NaN,NaN,NaN,NaN,NaN
8,40.3757139,-3.7046311,48.3795255,-41.4692808,2195.745,2255.532,30.0,NaN,NaN,NaN,NaN,NaN,NaN,NaN
8,40.3757139,-3.7046311,48.3795255,-41.4692808,2195.745,2255.532,30.0,NaN,NaN,NaN,NaN,NaN,NaN,NaN
8,40.3757139,-3.7046311,48.3795255,-41.4692808,2195.745,2255.532,30.0,NaN,NaN,NaN,NaN,NaN,NaN,NaN
8,40.3757139,-3.7046311,48.3795255,-41.4692808,2195.745,2255.532,30.0,NaN,NaN,NaN,NaN,NaN,NaN,NaN
8,40.3757139,-3.7046311,48.3795255,-41.4692808,2195.745,2255.532,30.0,NaN,NaN,NaN,NaN,NaN,NaN,NaN
8,40.3757139,-3.7046311,48.3795255,-41.4692808,2195.745,2255.532,30.0,NaN,NaN,NaN,NaN,NaN,NaN,NaN
8,40.3757139,-3.7046311,48.3795255,-41.4692808,2195.745,2255.532,30.0,NaN,NaN,NaN,NaN,NaN,NaN,NaN
8,40.3757139,-3.7046311,48.3795255,-41.4692808,2195.745,2255.532,30.0,NaN,NaN,NaN,NaN,NaN,NaN,NaN
8,40.3757139,-3.7046311,48.3795255,-41.4692808,2195.745,2255.532,30.0,NaN,NaN,NaN,NaN,NaN,NaN,NaN
8,40.3757139,-3.7046311,48.3795255,-41.4692808,2195.745,2255.532,30.0,NaN,NaN,NaN,NaN,NaN,NaN,NaN
8,40.3757139,-3.7046311,48.3795255,-41.4692808,2195.745,2255.532,30.0,NaN,NaN,NaN,NaN,NaN,NaN,NaN
8,40.3757139,-3.7046311,48.3795255,-41.4692808,2195.745,2255.532,30.0,NaN,NaN,NaN,NaN,NaN,NaN,NaN
8,40.3757139,-3.7046311,48.3795255,-41.4692808,2195.745,2255.532,30.0,NaN,NaN,NaN,NaN,NaN,NaN,NaN
8,40.3757139,-3.7046311,48.3795255,-41.4692808,2195.745,2255.532,30.0,NaN,NaN,NaN,NaN,NaN,NaN,NaN
8,40.3757139,-3.7046311,48.3795255,-41.4692808,2195.745,2255.532,30.0,NaN,NaN,NaN,NaN,NaN,NaN,NaN
8,40.3757139,-3.7046311,48.3795255,-41.4692808,2195.745,2255.532,30.0,NaN,NaN,NaN,NaN,NaN,NaN,NaN
8,40.3757139,-3.7046311,48.3795255,-41.4692808,2195.745,2255.532,30.0,NaN,NaN,NaN,NaN,NaN,NaN,NaN
8,40.3757139,-3.7046311,48.3795255,-41.4692808,2195.745,2255.532,30.0,NaN,NaN,NaN,NaN,NaN,NaN,NaN
8,40.3757139,-3.7046311,48.3795255,-41.4692808,2195.745,2255.532,30.0,NaN,NaN,NaN,NaN,NaN,NaN,NaN
8,40.3757139,-3.7046311,48.3795255,-41.4692808,2195.745,2255.532,30.0,NaN,NaN,NaN,NaN,NaN,NaN,NaN
8,40.3757139,-3.7046311,48.3795255,-41.4692808,2195.745,2255.532,30.0,NaN,NaN,NaN,NaN,NaN,NaN,NaN
8,40.3757139,-3.7046311,48.3795255,-41.4692808,2195.745,2255.532,30.0,NaN,NaN,NaN,NaN,NaN,NaN,NaN
9,40.3756877,-3.7041996,45.36776819999999,-61.6687581,2624.067,2683.838,30.0,NaN,NaN,NaN,NaN,NaN,NaN,NaN
9,40.3756877,-3.7041996,45.36776819999999,-61.6687581,2624.067,2683.838,30.0,NaN,NaN,NaN,NaN,NaN,NaN,NaN
9,40.3756877,-3.7041996,45.36776819999999,-61.6687581,2624.067,2683.838,30.0,NaN,NaN,NaN,NaN,NaN,NaN,NaN
9,40.3756877,-3.7041996,45.36776819999999,-61.6687581,2624.067,2683.838,30.0,NaN,NaN,NaN,NaN,NaN,NaN,NaN
9,40.3756877,-3.7041996,45.36776819999999,-61.6687581,2624.067,2683.838,30.0,NaN,NaN,NaN,NaN,NaN,NaN,NaN
9,40.3756877,-3.7041996,45.36776819999999,-61.6687581,2624.067,2683.838,30.0,NaN,NaN,NaN,NaN,NaN,NaN,NaN
9,40.3756877,-3.7041996,45.36776819999999,-61.6687581,2624.067,2683.838,30.0,NaN,NaN,NaN,NaN,NaN,NaN,NaN
9,40.3756877,-3.7041996,45.36776819999999,-61.6687581,2624.067,2683.838,30.0,NaN,NaN,NaN,NaN,NaN,NaN,NaN
9,40.3756877,-3.7041996,45.36776819999999,-61.6687581,2624.067,2683.838,30.0,NaN,NaN,NaN,NaN,NaN,NaN,NaN
9,40.3756877,-3.7041996,45.36776819999999,-61.6687581,2624.067,2683.838,30.0,NaN,NaN,NaN,NaN,NaN,NaN,NaN
9,40.3756877,-3.7041996,45.36776819999999,-61.6687581,2624.067,2683.838,30.0,NaN,NaN,NaN,NaN,NaN,NaN,NaN
9,40.3756877,-3.7041996,45.36776819999999,-61.6687581,2624.067,2683.838,30.0,NaN,NaN,NaN,NaN,NaN,NaN,NaN
9,40.3756877,-3.7041996,45.36776819999999,-61.6687581,2624.067,2683.838,30.0,NaN,NaN,NaN,NaN,NaN,NaN,NaN
9,40.3756877,-3.7041996,45.36776819999999,-61.6687581,2624.067,2683.838,30.0,NaN,NaN,NaN,NaN,NaN,NaN,NaN
9,40.3756877,-3.7041996,45.36776819999999,-61.6687581,2624.067,2683.838,30.0,NaN,NaN,NaN,NaN,NaN,NaN,NaN
9,40.3756877,-3.7041996,45.36776819999999,-61.6687581,2624.067,2683.838,30.0,NaN,NaN,NaN,NaN,NaN,NaN,NaN
9,40.3756877,-3.7041996,45.36776819999999,-61.6687581,2624.067,2683.838,30.0,NaN,NaN,NaN,NaN,NaN,NaN,NaN
9,40.3756877,-3.7041996,45.36776819999999,-61.6687581,2624.067,2683.838,30.0,NaN,NaN,NaN,NaN,NaN,NaN,NaN
9,40.3756877,-3.7041996,45.36776819999999,-61.6687581,2624.067,2683.838,30.0,NaN,NaN,NaN,NaN,NaN,NaN,NaN
9,40.3756877,-3.7041996,45.36776819999999,-61.6687581,2624.067,2683.838,30.0,NaN,NaN,NaN,NaN,NaN,NaN,NaN
9,40.3756877,-3.7041996,45.36776819999999,-61.6687581,2624.067,2683.838,30.0,NaN,NaN,NaN,NaN,NaN,NaN,NaN
9,40.3756877,-3.7041996,45.36776819999999,-61.6687581,2624.067,2683.838,30.0,NaN,NaN,NaN,NaN,NaN,NaN,NaN
9,40.3756877,-3.7041996,45.36776819999999,-61.6687581,2624.067,2683.838,30.0,NaN,NaN,NaN,NaN,NaN,NaN,NaN
9,40.3756877,-3.7041996,45.36776819999999,-61.6687581,2624.067,2683.838,30.0,NaN,NaN,NaN,NaN,NaN,NaN,NaN
9,40.3756877,-3.7041996,45.36776819999999,-61.6687581,2624.067,2683.838,30.0,NaN,NaN,NaN,NaN,NaN,NaN,NaN
9,40.3756877,-3.7041996,45.36776819999999,-61.6687581,2624.067,2683.838,30.0,NaN,NaN,NaN,NaN,NaN,NaN,NaN
9,40.3756877,-3.7041996,45.36776819999999,-61.6687581,2624.067,2683.838,30.0,NaN,NaN,NaN,NaN,NaN,NaN,NaN
9,40.3756877,-3.7041996,45.36776819999999,-61.6687581,2624.067,2683.838,30.0,NaN,NaN,NaN,NaN,NaN,NaN,NaN
9,40.3756877,-3.7041996,45.36776819999999,-61.6687581,2624.067,2683.838,30.0,NaN,NaN,NaN,NaN,NaN,NaN,NaN
9,40.3756877,-3.7041996,45.36776819999999,-61.6687581,2624.067,2683.838,30.0,NaN,NaN,NaN,NaN,NaN,NaN,NaN
9,40.3756877,-3.7041996,45.36776819999999,-61.6687581,2624.067,2683.838,30.0,NaN,NaN,NaN,NaN,NaN,NaN,NaN
9,40.3756877,-3.7041996,45.36776819999999,-61.6687581,2624.067,2683.838,30.0,NaN,NaN,NaN,NaN,NaN,NaN,NaN
9,40.3756877,-3.7041996,45.36776819999999,-61.6687581,2624.067,2683.838,30.0,NaN,NaN,NaN,NaN,NaN,NaN,NaN
9,40.3756877,-3.7041996,45.36776819999999,-61.6687581,2624.067,2683.838,30.0,NaN,NaN,NaN,NaN,NaN,NaN,NaN
9,40.3756877,-3.7041996,45.36776819999999,-61.6687581,2624.067,2683.838,30.0,NaN,NaN,NaN,NaN,NaN,NaN,NaN
9,40.3756877,-3.7041996,45.36776819999999,-61.6687581,2624.067,2683.838,30.0,NaN,NaN,NaN,NaN,NaN,NaN,NaN
9,40.3756877,-3.7041996,45.36776819999999,-61.6687581,2624.067,2683.838,30.0,NaN,NaN,NaN,NaN,NaN,NaN,NaN
9,40.3756877,-3.7041996,45.36776819999999,-61.6687581,2624.067,2683.838,30.0,NaN,NaN,NaN,NaN,NaN,NaN,NaN
9,40.3756877,-3.7041996,45.36776819999999,-61.6687581,2624.067,2683.838,30.0,NaN,NaN,NaN,NaN,NaN,NaN,NaN
9,40.3756877,-3.7041996,45.36776819999999,-61.6687581,2624.067,2683.838,30.0,NaN,NaN,NaN,NaN,NaN,NaN,NaN
9,40.3756877,-3.7041996,45.36776819999999,-61.6687581,2624.067,2683.838,30.0,NaN,NaN,NaN,NaN,NaN,NaN,NaN
9,40.3756877,-3.7041996,45.36776819999999,-61.6687581,2624.067,2683.838,30.0,NaN,NaN,NaN,NaN,NaN,NaN,NaN
9,40.3756877,-3.7041996,45.36776819999999,-61.6687581,2624.067,2683.838,30.0,NaN,NaN,NaN,NaN,NaN,NaN,NaN
9,40.3756877,-3.7041996,45.36776819999999,-61.6687581,2624.067,2683.838,30.0,NaN,NaN,NaN,NaN,NaN,NaN,NaN
9,40.3756877,-3.7041996,45.36776819999999,-61.6687581,2624.067,2683.838,30.0,NaN,NaN,NaN,NaN,NaN,NaN,NaN
9,40.3756877,-3.7041996,45.36776819999999,-61.6687581,2624.067,2683.838,30.0,NaN,NaN,NaN,NaN,NaN,NaN,NaN
9,40.3756877,-3.7041996,45.36776819999999,-61.6687581,2624.067,2683.838,30.0,NaN,NaN,NaN,NaN,NaN,NaN,NaN
9,40.3756877,-3.7041996,45.36776819999999,-61.6687581,2624.067,2683.838,30.0,NaN,NaN,NaN,NaN,NaN,NaN,NaN
9,40.3756877,-3.7041996,45.36776819999999,-61.6687581,2624.067,2683.838,30.0,NaN,NaN,NaN,NaN,NaN,NaN,NaN
9,40.3756877,-3.7041996,45.36776819999999,-61.6687581,2624.067,2683.838,30.0,NaN,NaN,NaN,NaN,NaN,NaN,NaN
9,40.3756877,-3.7041996,45.36776819999999,-61.6687581,2624.067,2683.838,30.0,NaN,NaN,NaN,NaN,NaN,NaN,NaN
9,40.3756877,-3.7041996,45.36776819999999,-61.6687581,2624.067,2683.838,30.0,NaN,NaN,NaN,NaN,NaN,NaN,NaN
9,40.3756877,-3.7041996,45.36776819999999,-61.6687581,2624.067,2683.838,30.0,NaN,NaN,NaN,NaN,NaN,NaN,NaN
9,40.3756877,-3.7041996,45.36776819999999,-61.6687581,2624.067,2683.838,30.0,NaN,NaN,NaN,NaN,NaN,NaN,NaN
9,40.3756877,-3.7041996,45.36776819999999,-61.6687581,2624.067,2683.838,30.0,NaN,NaN,NaN,NaN,NaN,NaN,NaN
9,40.3756877,-3.7041996,45.36776819999999,-61.6687581,2624.067,2683.838,30.0,NaN,NaN,NaN,NaN,NaN,NaN,NaN
9,40.3756877,-3.7041996,45.36776819999999,-61.6687581,2624.067,2683.838,30.0,NaN,NaN,NaN,NaN,NaN,NaN,NaN
9,40.3756877,-3.7041996,45.36776819999999,-61.6687581,2624.067,2683.838,30.0,NaN,NaN,NaN,NaN,NaN,NaN,NaN
9,40.3756877,-3.7041996,45.36776819999999,-61.6687581,2624.067,2683.838,30.0,NaN,NaN,NaN,NaN,NaN,NaN,NaN
9,40.3756877,-3.7041996,45.36776819999999,-61.6687581,2624.067,2683.838,30.0,NaN,NaN,NaN,NaN,NaN,NaN,NaN
9,40.3756877,-3.7041996,45.36776819999999,-61.6687581,2624.067,2683.838,30.0,NaN,NaN,NaN,NaN,NaN,NaN,NaN
9,40.3756877,-3.7041996,45.36776819999999,-61.6687581,2624.067,2683.838,30.0,NaN,NaN,NaN,NaN,NaN,NaN,NaN
9,40.3756877,-3.7041996,45.36776819999999,-61.6687581,2624.067,2683.838,30.0,NaN,NaN,NaN,NaN,NaN,NaN,NaN
9,40.3756877,-3.7041996,45.36776819999999,-61.6687581,2624.067,2683.838,30.0,NaN,NaN,NaN,NaN,NaN,NaN,NaN
9,40.3756877,-3.7041996,45.36776819999999,-61.6687581,2624.067,2683.838,30.0,NaN,NaN,NaN,NaN,NaN,NaN,NaN
9,40.3756877,-3.7041996,45.36776819999999,-61.6687581,2624.067,2683.838,30.0,NaN,NaN,NaN,NaN,NaN,NaN,NaN
9,40.3756877,-3.7041996,45.36776819999999,-61.6687581,2624.067,2683.838,30.0,NaN,NaN,NaN,NaN,NaN,NaN,NaN
9,40.3756877,-3.7041996,45.36776819999999,-61.6687581,2624.067,2683.838,30.0,NaN,NaN,NaN,NaN,NaN,NaN,NaN
9,40.3756877,-3.7041996,45.36776819999999,-61.6687581,2624.067,2683.838,30.0,NaN,NaN,NaN,NaN,NaN,NaN,NaN
9,40.3756877,-3.7041996,45.36776819999999,-61.6687581,2624.067,2683.838,30.0,NaN,NaN,NaN,NaN,NaN,NaN,NaN
9,40.3756877,-3.7041996,45.36776819999999,-61.6687581,2624.067,2683.838,30.0,NaN,NaN,NaN,NaN,NaN,NaN,NaN
9,40.3756877,-3.7041996,45.36776819999999,-61.6687581,2624.067,2683.838,30.0,NaN,NaN,NaN,NaN,NaN,NaN,NaN
9,40.3756877,-3.7041996,45.36776819999999,-61.6687581,2624.067,2683.838,30.0,NaN,NaN,NaN,NaN,NaN,NaN,NaN
9,40.3756877,-3.7041996,45.36776819999999,-61.6687581,2624.067,2683.838,30.0,NaN,NaN,NaN,NaN,NaN,NaN,NaN
9,40.3756877,-3.7041996,45.36776819999999,-61.6687581,2624.067,2683.838,30.0,NaN,NaN,NaN,NaN,NaN,NaN,NaN
9,40.3756877,-3.7041996,45.36776819999999,-61.6687581,2624.067,2683.838,30.0,NaN,NaN,NaN,NaN,NaN,NaN,NaN
9,40.3756877,-3.7041996,45.36776819999999,-61.6687581,2624.067,2683.838,30.0,NaN,NaN,NaN,NaN,NaN,NaN,NaN
9,40.3756877,-3.7041996,45.36776819999999,-61.6687581,2624.067,2683.838,30.0,NaN,NaN,NaN,NaN,NaN,NaN,NaN
9,40.3756877,-3.7041996,45.36776819999999,-61.6687581,2624.067,2683.838,30.0,NaN,NaN,NaN,NaN,NaN,NaN,NaN
9,40.3756877,-3.7041996,45.36776819999999,-61.6687581,2624.067,2683.838,30.0,NaN,NaN,NaN,NaN,NaN,NaN,NaN
9,40.3756877,-3.7041996,45.36776819999999,-61.6687581,2624.067,2683.838,30.0,NaN,NaN,NaN,NaN,NaN,NaN,NaN
9,40.3756877,-3.7041996,45.36776819999999,-61.6687581,2624.067,2683.838,30.0,NaN,NaN,NaN,NaN,NaN,NaN,NaN
9,40.3756877,-3.7041996,45.36776819999999,-61.6687581,2624.067,2683.838,30.0,NaN,NaN,NaN,NaN,NaN,NaN,NaN
9,40.3756877,-3.7041996,45.36776819999999,-61.6687581,2624.067,2683.838,30.0,NaN,NaN,NaN,NaN,NaN,NaN,NaN
9,40.3756877,-3.7041996,45.36776819999999,-61.6687581,2624.067,2683.838,30.0,NaN,NaN,NaN,NaN,NaN,NaN,NaN
9,40.3756877,-3.7041996,45.36776819999999,-61.6687581,2624.067,2683.838,30.0,NaN,NaN,NaN,NaN,NaN,NaN,NaN
9,40.3756877,-3.7041996,45.36776819999999,-61.6687581,2624.067,2683.838,30.0,NaN,NaN,NaN,NaN,NaN,NaN,NaN
9,40.3756877,-3.7041996,45.36776819999999,-61.6687581,2624.067,2683.838,30.0,NaN,NaN,NaN,NaN,NaN,NaN,NaN
9,40.3756877,-3.7041996,45.36776819999999,-61.6687581,2624.067,2683.838,30.0,NaN,NaN,NaN,NaN,NaN,NaN,NaN
9,40.3756877,-3.7041996,45.36776819999999,-61.6687581,2624.067,2683.838,30.0,NaN,NaN,NaN,NaN,NaN,NaN,NaN
9,40.3756877,-3.7041996,45.36776819999999,-61.6687581,2624.067,2683.838,30.0,NaN,NaN,NaN,NaN,NaN,NaN,NaN
9,40.3756877,-3.7041996,45.36776819999999,-61.6687581,2624.067,2683.838,30.0,NaN,NaN,NaN,NaN,NaN,NaN,NaN
9,40.3756877,-3.7041996,45.36776819999999,-61.6687581,2624.067,2683.838,30.0,NaN,NaN,NaN,NaN,NaN,NaN,NaN
9,40.3756877,-3.7041996,45.36776819999999,-61.6687581,2624.067,2683.838,30.0,NaN,NaN,NaN,NaN,NaN,NaN,NaN
9,40.3756877,-3.7041996,45.36776819999999,-61.6687581,2624.067,2683.838,30.0,NaN,NaN,NaN,NaN,NaN,NaN,NaN
9,40.3756877,-3.7041996,45.36776819999999,-61.6687581,2624.067,2683.838,30.0,NaN,NaN,NaN,NaN,NaN,NaN,NaN
9,40.3756877,-3.7041996,45.36776819999999,-61.6687581,2624.067,2683.838,30.0,NaN,NaN,NaN,NaN,NaN,NaN,NaN
9,40.3756877,-3.7041996,45.36776819999999,-61.6687581,2624.067,2683.838,30.0,NaN,NaN,NaN,NaN,NaN,NaN,NaN
9,40.3756877,-3.7041996,45.36776819999999,-61.6687581,2624.067,2683.838,30.0,NaN,NaN,NaN,NaN,NaN,NaN,NaN
9,40.3756877,-3.7041996,45.36776819999999,-61.6687581,2624.067,2683.838,30.0,NaN,NaN,NaN,NaN,NaN,NaN,NaN
9,40.3756877,-3.7041996,45.36776819999999,-61.6687581,2624.067,2683.838,30.0,NaN,NaN,NaN,NaN,NaN,NaN,NaN
9,40.3756877,-3.7041996,45.36776819999999,-61.6687581,2624.067,2683.838,30.0,NaN,NaN,NaN,NaN,NaN,NaN,NaN
9,40.3756877,-3.7041996,45.36776819999999,-61.6687581,2624.067,2683.838,30.0,NaN,NaN,NaN,NaN,NaN,NaN,NaN
9,40.3756877,-3.7041996,45.36776819999999,-61.6687581,2624.067,2683.838,30.0,NaN,NaN,NaN,NaN,NaN,NaN,NaN
9,40.3756877,-3.7041996,45.36776819999999,-61.6687581,2624.067,2683.838,30.0,NaN,NaN,NaN,NaN,NaN,NaN,NaN
9,40.3756877,-3.7041996,45.36776819999999,-61.6687581,2624.067,2683.838,30.0,NaN,NaN,NaN,NaN,NaN,NaN,NaN
9,40.3756877,-3.7041996,45.36776819999999,-61.6687581,2624.067,2683.838,30.0,NaN,NaN,NaN,NaN,NaN,NaN,NaN
9,40.3756877,-3.7041996,45.36776819999999,-61.6687581,2624.067,2683.838,30.0,NaN,NaN,NaN,NaN,NaN,NaN,NaN
9,40.3756877,-3.7041996,45.36776819999999,-61.6687581,2624.067,2683.838,30.0,NaN,NaN,NaN,NaN,NaN,NaN,NaN
9,40.3756877,-3.7041996,45.36776819999999,-61.6687581,2624.067,2683.838,30.0,NaN,NaN,NaN,NaN,NaN,NaN,NaN
9,40.3756877,-3.7041996,45.36776819999999,-61.6687581,2624.067,2683.838,30.0,NaN,NaN,NaN,NaN,NaN,NaN,NaN
9,40.3756877,-3.7041996,45.36776819999999,-61.6687581,2624.067,2683.838,30.0,NaN,NaN,NaN,NaN,NaN,NaN,NaN
9,40.3756877,-3.7041996,45.36776819999999,-61.6687581,2624.067,2683.838,30.0,NaN,NaN,NaN,NaN,NaN,NaN,NaN
9,40.3756877,-3.7041996,45.36776819999999,-61.6687581,2624.067,2683.838,30.0,NaN,NaN,NaN,NaN,NaN,NaN,NaN
9,40.3756877,-3.7041996,45.36776819999999,-61.6687581,2624.067,2683.838,30.0,NaN,NaN,NaN,NaN,NaN,NaN,NaN
9,40.3756877,-3.7041996,45.36776819999999,-61.6687581,2624.067,2683.838,30.0,NaN,NaN,NaN,NaN,NaN,NaN,NaN
9,40.3756877,-3.7041996,45.36776819999999,-61.6687581,2624.067,2683.838,30.0,NaN,NaN,NaN,NaN,NaN,NaN,NaN
9,40.3756877,-3.7041996,45.36776819999999,-61.6687581,2624.067,2683.838,30.0,NaN,NaN,NaN,NaN,NaN,NaN,NaN
9,40.3756877,-3.7041996,45.36776819999999,-61.6687581,2624.067,2683.838,30.0,NaN,NaN,NaN,NaN,NaN,NaN,NaN
9,40.3756877,-3.7041996,45.36776819999999,-61.6687581,2624.067,2683.838,30.0,NaN,NaN,NaN,NaN,NaN,NaN,NaN
9,40.3756877,-3.7041996,45.36776819999999,-61.6687581,2624.067,2683.838,30.0,NaN,NaN,NaN,NaN,NaN,NaN,NaN
9,40.3756877,-3.7041996,45.36776819999999,-61.6687581,2624.067,2683.838,30.0,NaN,NaN,NaN,NaN,NaN,NaN,NaN
9,40.3756877,-3.7041996,45.36776819999999,-61.6687581,2624.067,2683.838,30.0,NaN,NaN,NaN,NaN,NaN,NaN,NaN
9,40.3756877,-3.7041996,45.36776819999999,-61.6687581,2624.067,2683.838,30.0,NaN,NaN,NaN,NaN,NaN,NaN,NaN
9,40.3756877,-3.7041996,45.36776819999999,-61.6687581,2624.067,2683.838,30.0,NaN,NaN,NaN,NaN,NaN,NaN,NaN
9,40.3756877,-3.7041996,45.36776819999999,-61.6687581,2624.067,2683.838,30.0,NaN,NaN,NaN,NaN,NaN,NaN,NaN
9,40.3756877,-3.7041996,45.36776819999999,-61.6687581,2624.067,2683.838,30.0,NaN,NaN,NaN,NaN,NaN,NaN,NaN
9,40.3756877,-3.7041996,45.36776819999999,-61.6687581,2624.067,2683.838,30.0,NaN,NaN,NaN,NaN,NaN,NaN,NaN
9,40.3756877,-3.7041996,45.36776819999999,-61.6687581,2624.067,2683.838,30.0,NaN,NaN,NaN,NaN,NaN,NaN,NaN
9,40.3756877,-3.7041996,45.36776819999999,-61.6687581,2624.067,2683.838,30.0,NaN,NaN,NaN,NaN,NaN,NaN,NaN
9,40.3756877,-3.7041996,45.36776819999999,-61.6687581,2624.067,2683.838,30.0,NaN,NaN,NaN,NaN,NaN,NaN,NaN
9,40.3756877,-3.7041996,45.36776819999999,-61.6687581,2624.067,2683.838,30.0,NaN,NaN,NaN,NaN,NaN,NaN,NaN
9,40.3756877,-3.7041996,45.36776819999999,-61.6687581,2624.067,2683.838,30.0,NaN,NaN,NaN,NaN,NaN,NaN,NaN
9,40.3756877,-3.7041996,45.36776819999999,-61.6687581,2624.067,2683.838,30.0,NaN,NaN,NaN,NaN,NaN,NaN,NaN
9,40.3756877,-3.7041996,45.36776819999999,-61.6687581,2624.067,2683.838,30.0,NaN,NaN,NaN,NaN,NaN,NaN,NaN
9,40.3756877,-3.7041996,45.36776819999999,-61.6687581,2624.067,2683.838,30.0,NaN,NaN,NaN,NaN,NaN,NaN,NaN
9,40.3756877,-3.7041996,45.36776819999999,-61.6687581,2624.067,2683.838,30.0,NaN,NaN,NaN,NaN,NaN,NaN,NaN
9,40.3756877,-3.7041996,45.36776819999999,-61.6687581,2624.067,2683.838,30.0,NaN,NaN,NaN,NaN,NaN,NaN,NaN
9,40.3756877,-3.7041996,45.36776819999999,-61.6687581,2624.067,2683.838,30.0,NaN,NaN,NaN,NaN,NaN,NaN,NaN
9,40.3756877,-3.7041996,45.36776819999999,-61.6687581,2624.067,2683.838,30.0,NaN,NaN,NaN,NaN,NaN,NaN,NaN
9,40.3756877,-3.7041996,45.36776819999999,-61.6687581,2624.067,2683.838,30.0,NaN,NaN,NaN,NaN,NaN,NaN,NaN
9,40.3756877,-3.7041996,45.36776819999999,-61.6687581,2624.067,2683.838,30.0,NaN,NaN,NaN,NaN,NaN,NaN,NaN
9,40.3756877,-3.7041996,45.36776819999999,-61.6687581,2624.067,2683.838,30.0,NaN,NaN,NaN,NaN,NaN,NaN,NaN
9,40.3756877,-3.7041996,45.36776819999999,-61.6687581,2624.067,2683.838,30.0,NaN,NaN,NaN,NaN,NaN,NaN,NaN
9,40.3756877,-3.7041996,45.36776819999999,-61.6687581,2624.067,2683.838,30.0,NaN,NaN,NaN,NaN,NaN,NaN,NaN
9,40.3756877,-3.7041996,45.36776819999999,-61.6687581,2624.067,2683.838,30.0,NaN,NaN,NaN,NaN,NaN,NaN,NaN
9,40.3756877,-3.7041996,45.36776819999999,-61.6687581,2624.067,2683.838,30.0,NaN,NaN,NaN,NaN,NaN,NaN,NaN
9,40.3756877,-3.7041996,45.36776819999999,-61.6687581,2624.067,2683.838,30.0,NaN,NaN,NaN,NaN,NaN,NaN,NaN
9,40.3756877,-3.7041996,45.36776819999999,-61.6687581,2624.067,2683.838,30.0,NaN,NaN,NaN,NaN,NaN,NaN,NaN
9,40.3756877,-3.7041996,45.36776819999999,-61.6687581,2624.067,2683.838,30.0,NaN,NaN,NaN,NaN,NaN,NaN,NaN
9,40.3756877,-3.7041996,45.36776819999999,-61.6687581,2624.067,2683.838,30.0,NaN,NaN,NaN,NaN,NaN,NaN,NaN
9,40.3756877,-3.7041996,45.36776819999999,-61.6687581,2624.067,2683.838,30.0,NaN,NaN,NaN,NaN,NaN,NaN,NaN
9,40.3756877,-3.7041996,45.36776819999999,-61.6687581,2624.067,2683.838,30.0,NaN,NaN,NaN,NaN,NaN,NaN,NaN
9,40.3756877,-3.7041996,45.36776819999999,-61.6687581,2624.067,2683.838,30.0,NaN,NaN,NaN,NaN,NaN,NaN,NaN
9,40.3756877,-3.7041996,45.36776819999999,-61.6687581,2624.067,2683.838,30.0,NaN,NaN,NaN,NaN,NaN,NaN,NaN
9,40.3756877,-3.7041996,45.36776819999999,-61.6687581,2624.067,2683.838,30.0,NaN,NaN,NaN,NaN,NaN,NaN,NaN
9,40.3756877,-3.7041996,45.36776819999999,-61.6687581,2624.067,2683.838,30.0,NaN,NaN,NaN,NaN,NaN,NaN,NaN
9,40.3756877,-3.7041996,45.36776819999999,-61.6687581,2624.067,2683.838,30.0,NaN,NaN,NaN,NaN,NaN,NaN,NaN
9,40.3756877,-3.7041996,45.36776819999999,-61.6687581,2624.067,2683.838,30.0,NaN,NaN,NaN,NaN,NaN,NaN,NaN
9,40.3756877,-3.7041996,45.36776819999999,-61.6687581,2624.067,2683.838,30.0,NaN,NaN,NaN,NaN,NaN,NaN,NaN
9,40.3756877,-3.7041996,45.36776819999999,-61.6687581,2624.067,2683.838,30.0,NaN,NaN,NaN,NaN,NaN,NaN,NaN
9,40.3756877,-3.7041996,45.36776819999999,-61.6687581,2624.067,2683.838,30.0,NaN,NaN,NaN,NaN,NaN,NaN,NaN
9,40.3756877,-3.7041996,45.36776819999999,-61.6687581,2624.067,2683.838,30.0,NaN,NaN,NaN,NaN,NaN,NaN,NaN
9,40.3756877,-3.7041996,45.36776819999999,-61.6687581,2624.067,2683.838,30.0,NaN,NaN,NaN,NaN,NaN,NaN,NaN
9,40.3756877,-3.7041996,45.36776819999999,-61.6687581,2624.067,2683.838,30.0,NaN,NaN,NaN,NaN,NaN,NaN,NaN
9,40.3756877,-3.7041996,45.36776819999999,-61.6687581,2624.067,2683.838,30.0,NaN,NaN,NaN,NaN,NaN,NaN,NaN
9,40.3756877,-3.7041996,45.36776819999999,-61.6687581,2624.067,2683.838,30.0,NaN,NaN,NaN,NaN,NaN,NaN,NaN
