{
    "features": [
        {
            "geometry": {
                "coordinates": [
                    -4.0836998,
                    39.7947345
                ],
                "type": "Point"
            },
            "properties": {
                "navegacion": {
                    "Ah": 0,
                    "du_raw": 0.011719199999999999,
                    "dv_raw": 0.0332044,
                    "fecha utc": "2014-05-24 23:59:41",
                    "orientacion_raw": 1.570796,
                    "static_control": 0,
                    "t_Ah": 4.267,
                    "t_T_L": 3.063,
                    "t_T_R": 3.063,
                    "t_du": 3.461,
                    "t_dv": 3.461,
                    "t_lat": 3.46,
                    "t_lon": 3.46,
                    "t_orientacion": 3.144,
                    "t_static_control": 3.745,
                    "t_theta": 3.461,
                    "t_u": 3.461,
                    "t_utm_zone": 3.224,
                    "t_v": 3.461,
                    "t_x": 3.461,
                    "t_y": 3.461,
                    "theta": 0,
                    "throttle_L": 0,
                    "throttle_R": 0,
                    "u_raw": 0,
                    "utm_zone": 30,
                    "v_raw": 0,
                    "x": 0,
                    "y": 0
                }
            },
            "type": "Feature"
        },
        {
            "geometry": {
                "coordinates": [
                    -4.0836998,
                    39.7947346
                ],
                "type": "Point"
            },
            "properties": {
                "navegacion": {
                    "Ah": 0,
                    "du_raw": 0.011719199999999999,
                    "dv_raw": 0.0332044,
                    "fecha utc": "2014-05-24 23:59:41",
                    "orientacion_raw": 1.570796,
                    "static_control": 0,
                    "t_Ah": 4.267,
                    "t_T_L": 3.545,
                    "t_T_R": 3.545,
                    "t_du": 3.461,
                    "t_dv": 3.461,
                    "t_lat": 3.585,
                    "t_lon": 3.585,
                    "t_orientacion": 3.144,
                    "t_static_control": 3.745,
                    "t_theta": 3.461,
                    "t_u": 3.461,
                    "t_utm_zone": 3.465,
                    "t_v": 3.461,
                    "t_x": 3.461,
                    "t_y": 3.461,
                    "theta": 0,
                    "throttle_L": 0,
                    "throttle_R": 0,
                    "u_raw": 0,
                    "utm_zone": 30,
                    "v_raw": 0,
                    "x": 0,
                    "y": -0.0195315
                }
            },
            "type": "Feature"
        },
        {
            "geometry": {
                "coordinates": [
                    -4.0836999,
                    39.7947346
                ],
                "type": "Point"
            },
            "properties": {
                "navegacion": {
                    "Ah": 0,
                    "du_raw": -0.029298,
                    "dv_raw": 0.0224618,
                    "fecha utc": "2014-05-24 23:59:41",
                    "orientacion_raw": 1.570796,
                    "static_control": 0,
                    "t_Ah": 4.267,
                    "t_T_L": 3.545,
                    "t_T_R": 3.545,
                    "t_du": 3.665,
                    "t_dv": 3.665,
                    "t_lat": 3.946,
                    "t_lon": 3.946,
                    "t_orientacion": 3.665,
                    "t_static_control": 3.745,
                    "t_theta": 3.665,
                    "t_u": 3.665,
                    "t_utm_zone": 3.705,
                    "t_v": 3.665,
                    "t_x": 3.665,
                    "t_y": 3.665,
                    "theta": 0,
                    "throttle_L": 0,
                    "throttle_R": 0,
                    "u_raw": 0,
                    "utm_zone": 30,
                    "v_raw": 0,
                    "x": -0.0078126,
                    "y": -0.0195315
                }
            },
            "type": "Feature"
        },
        {
            "geometry": {
                "coordinates": [
                    -4.0836999,
                    39.7947345
                ],
                "type": "Point"
            },
            "properties": {
                "navegacion": {
                    "Ah": 0,
                    "du_raw": -0.04883,
                    "dv_raw": 0.0371108,
                    "fecha utc": "2014-05-24 23:59:41",
                    "orientacion_raw": 1.570796,
                    "static_control": 0,
                    "t_Ah": 4.267,
                    "t_T_L": 4.067,
                    "t_T_R": 4.067,
                    "t_du": 4.027,
                    "t_dv": 4.027,
                    "t_lat": 4.308,
                    "t_lon": 4.308,
                    "t_orientacion": 4.147,
                    "t_static_control": 3.745,
                    "t_theta": 4.027,
                    "t_u": 4.027,
                    "t_utm_zone": 4.227,
                    "t_v": 4.027,
                    "t_x": 4.027,
                    "t_y": 4.027,
                    "theta": 0,
                    "throttle_L": 0,
                    "throttle_R": 0,
                    "u_raw": 0,
                    "utm_zone": 30,
                    "v_raw": 0,
                    "x": -0.0078126,
                    "y": -0.0195315
                }
            },
            "type": "Feature"
        },
        {
            "geometry": {
                "coordinates": [
                    -4.0836998,
                    39.7947346
                ],
                "type": "Point"
            },
            "properties": {
                "navegacion": {
                    "Ah": 0,
                    "du_raw": 0.0185554,
                    "dv_raw": -0.0859408,
                    "fecha utc": "2014-05-24 23:59:41",
                    "orientacion_raw": 1.570942,
                    "static_control": 0,
                    "t_Ah": 4.267,
                    "t_T_L": 4.549,
                    "t_T_R": 4.549,
                    "t_du": 4.388,
                    "t_dv": 4.388,
                    "t_lat": 4.669,
                    "t_lon": 4.669,
                    "t_orientacion": 4.668,
                    "t_static_control": 3.745,
                    "t_theta": 4.388,
                    "t_u": 4.388,
                    "t_utm_zone": 4.468,
                    "t_v": 4.388,
                    "t_x": 4.388,
                    "t_y": 4.388,
                    "theta": 0,
                    "throttle_L": 4212,
                    "throttle_R": -4213,
                    "u_raw": 0,
                    "utm_zone": 30,
                    "v_raw": 0,
                    "x": -0.0078126,
                    "y": -0.0195315
                }
            },
            "type": "Feature"
        },
        {
            "geometry": {
                "coordinates": [
                    -4.0836998,
                    39.7947345
                ],
                "type": "Point"
            },
            "properties": {
                "navegacion": {
                    "Ah": 0,
                    "du_raw": 0.058596,
                    "dv_raw": 0.0507832,
                    "fecha utc": "2014-05-24 23:59:41",
                    "orientacion_raw": 1.570942,
                    "static_control": 0,
                    "t_Ah": 4.267,
                    "t_T_L": 4.549,
                    "t_T_R": 4.549,
                    "t_du": 4.709,
                    "t_dv": 4.709,
                    "t_lat": 4.99,
                    "t_lon": 4.99,
                    "t_orientacion": 4.668,
                    "t_static_control": 4.749,
                    "t_theta": 4.709,
                    "t_u": 4.709,
                    "t_utm_zone": 4.99,
                    "t_v": 4.709,
                    "t_x": 4.709,
                    "t_y": 4.709,
                    "theta": 0,
                    "throttle_L": 4212,
                    "throttle_R": -4213,
                    "u_raw": 0,
                    "utm_zone": 30,
                    "v_raw": 0,
                    "x": -0.0078126,
                    "y": -0.0078126
                }
            },
            "type": "Feature"
        },
        {
            "geometry": {
                "coordinates": [
                    -4.0836996999999995,
                    39.7947346
                ],
                "type": "Point"
            },
            "properties": {
                "navegacion": {
                    "Ah": 0,
                    "du_raw": 0.1377006,
                    "dv_raw": -0.0312512,
                    "fecha utc": "2014-05-24 23:59:41",
                    "orientacion_raw": 1.572965,
                    "static_control": 0,
                    "t_Ah": 4.267,
                    "t_T_L": 5.07,
                    "t_T_R": 5.07,
                    "t_du": 5.071,
                    "t_dv": 5.071,
                    "t_lat": 5.351,
                    "t_lon": 5.351,
                    "t_orientacion": 5.151,
                    "t_static_control": 4.749,
                    "t_theta": 5.071,
                    "t_u": 5.071,
                    "t_utm_zone": 5.231,
                    "t_v": 5.071,
                    "t_x": 5.071,
                    "t_y": 5.071,
                    "theta": 0,
                    "throttle_L": 4187,
                    "throttle_R": -4230,
                    "u_raw": 0,
                    "utm_zone": 30,
                    "v_raw": 0,
                    "x": -0.0078126,
                    "y": -0.0078126
                }
            },
            "type": "Feature"
        },
        {
            "geometry": {
                "coordinates": [
                    -4.0836996999999995,
                    39.7947345
                ],
                "type": "Point"
            },
            "properties": {
                "navegacion": {
                    "Ah": 0,
                    "du_raw": -0.0429704,
                    "dv_raw": -0.0556662,
                    "fecha utc": "2014-05-24 23:59:41",
                    "orientacion_raw": 1.576611,
                    "static_control": 0,
                    "t_Ah": 4.267,
                    "t_T_L": 5.553,
                    "t_T_R": 5.553,
                    "t_du": 5.432,
                    "t_dv": 5.432,
                    "t_lat": 5.712,
                    "t_lon": 5.712,
                    "t_orientacion": 5.632,
                    "t_static_control": 4.749,
                    "t_theta": 5.432,
                    "t_u": 5.432,
                    "t_utm_zone": 5.472,
                    "t_v": 5.432,
                    "t_x": 5.432,
                    "t_y": 5.432,
                    "theta": 0,
                    "throttle_L": 4164,
                    "throttle_R": -4234,
                    "u_raw": 0,
                    "utm_zone": 30,
                    "v_raw": 0,
                    "x": -0.0078126,
                    "y": 0
                }
            },
            "type": "Feature"
        },
        {
            "geometry": {
                "coordinates": [
                    -4.0836996,
                    39.7947346
                ],
                "type": "Point"
            },
            "properties": {
                "navegacion": {
                    "Ah": 0,
                    "du_raw": 0.0156256,
                    "dv_raw": 0.0029297999999999998,
                    "fecha utc": "2014-05-24 23:59:41",
                    "orientacion_raw": 1.576611,
                    "static_control": 0,
                    "t_Ah": 4.267,
                    "t_T_L": 6.034,
                    "t_T_R": 6.034,
                    "t_du": 5.753,
                    "t_dv": 5.753,
                    "t_lat": 6.034,
                    "t_lon": 6.034,
                    "t_orientacion": 5.632,
                    "t_static_control": 5.753,
                    "t_theta": 5.753,
                    "t_u": 5.753,
                    "t_utm_zone": 5.953,
                    "t_v": 5.753,
                    "t_x": 5.753,
                    "t_y": 5.753,
                    "theta": 0,
                    "throttle_L": 4145,
                    "throttle_R": -4229,
                    "u_raw": 0,
                    "utm_zone": 30,
                    "v_raw": 0,
                    "x": -0.0078126,
                    "y": 0
                }
            },
            "type": "Feature"
        },
        {
            "geometry": {
                "coordinates": [
                    -4.0836995,
                    39.7947345
                ],
                "type": "Point"
            },
            "properties": {
                "navegacion": {
                    "Ah": 0,
                    "du_raw": -0.0722684,
                    "dv_raw": -0.1103558,
                    "fecha utc": "2014-05-24 23:59:41",
                    "orientacion_raw": 1.581231,
                    "static_control": 0,
                    "t_Ah": 4.267,
                    "t_T_L": 6.034,
                    "t_T_R": 6.034,
                    "t_du": 6.114,
                    "t_dv": 6.114,
                    "t_lat": 6.395,
                    "t_lon": 6.395,
                    "t_orientacion": 6.154,
                    "t_static_control": 5.753,
                    "t_theta": 6.114,
                    "t_u": 6.114,
                    "t_utm_zone": 6.234,
                    "t_v": 6.114,
                    "t_x": 6.114,
                    "t_y": 6.114,
                    "theta": 0,
                    "throttle_L": 4145,
                    "throttle_R": -4229,
                    "u_raw": 0,
                    "utm_zone": 30,
                    "v_raw": 0.0099598,
                    "x": -0.0078126,
                    "y": 0
                }
            },
            "type": "Feature"
        },
        {
            "geometry": {
                "coordinates": [
                    -4.0836993999999995,
                    39.7947345
                ],
                "type": "Point"
            },
            "properties": {
                "navegacion": {
                    "Ah": 0,
                    "du_raw": 0.0068362,
                    "dv_raw": -0.0449236,
                    "fecha utc": "2014-05-24 23:59:41",
                    "orientacion_raw": 1.586427,
                    "static_control": 0,
                    "t_Ah": 4.267,
                    "t_T_L": 6.556,
                    "t_T_R": 6.556,
                    "t_du": 6.476,
                    "t_dv": 6.476,
                    "t_lat": 6.756,
                    "t_lon": 6.756,
                    "t_orientacion": 6.636,
                    "t_static_control": 6.756,
                    "t_theta": 6.476,
                    "t_u": 6.476,
                    "t_utm_zone": 6.716,
                    "t_v": 6.476,
                    "t_x": 6.476,
                    "t_y": 6.476,
                    "theta": 0,
                    "throttle_L": 4127,
                    "throttle_R": -4219,
                    "u_raw": 0,
                    "utm_zone": 30,
                    "v_raw": 0.0099598,
                    "x": 0,
                    "y": 0.0195315
                }
            },
            "type": "Feature"
        },
        {
            "geometry": {
                "coordinates": [
                    -4.0836993,
                    39.7947346
                ],
                "type": "Point"
            },
            "properties": {
                "navegacion": {
                    "Ah": 0,
                    "du_raw": 0.0253916,
                    "dv_raw": -0.112309,
                    "fecha utc": "2014-05-24 23:59:41",
                    "orientacion_raw": 1.586427,
                    "static_control": 0,
                    "t_Ah": 4.267,
                    "t_T_L": 7.037,
                    "t_T_R": 7.037,
                    "t_du": 6.836,
                    "t_dv": 6.836,
                    "t_lat": 7.117,
                    "t_lon": 7.117,
                    "t_orientacion": 6.636,
                    "t_static_control": 6.756,
                    "t_theta": 6.836,
                    "t_u": 6.836,
                    "t_utm_zone": 6.957,
                    "t_v": 6.836,
                    "t_x": 6.836,
                    "t_y": 6.836,
                    "theta": 0,
                    "throttle_L": 4110,
                    "throttle_R": -4206,
                    "u_raw": 0,
                    "utm_zone": 30,
                    "v_raw": 0.0099598,
                    "x": -0.0078126,
                    "y": 0.027344099999999996
                }
            },
            "type": "Feature"
        },
        {
            "geometry": {
                "coordinates": [
                    -4.0836992,
                    39.7947345
                ],
                "type": "Point"
            },
            "properties": {
                "navegacion": {
                    "Ah": 0,
                    "du_raw": 0.0185554,
                    "dv_raw": -0.0078128,
                    "fecha utc": "2014-05-24 23:59:41",
                    "orientacion_raw": 1.591959,
                    "static_control": 0,
                    "t_Ah": 4.267,
                    "t_T_L": 7.037,
                    "t_T_R": 7.037,
                    "t_du": 7.157,
                    "t_dv": 7.157,
                    "t_lat": 7.439,
                    "t_lon": 7.439,
                    "t_orientacion": 7.157,
                    "t_static_control": 6.756,
                    "t_theta": 7.157,
                    "t_u": 7.157,
                    "t_utm_zone": 7.238,
                    "t_v": 7.157,
                    "t_x": 7.157,
                    "t_y": 7.157,
                    "theta": 0,
                    "throttle_L": 4110,
                    "throttle_R": -4206,
                    "u_raw": 0,
                    "utm_zone": 30,
                    "v_raw": 0.0099598,
                    "x": -0.0078126,
                    "y": 0.039063
                }
            },
            "type": "Feature"
        },
        {
            "geometry": {
                "coordinates": [
                    -4.0836991,
                    39.7947345
                ],
                "type": "Point"
            },
            "properties": {
                "navegacion": {
                    "Ah": 0,
                    "du_raw": 0.0078128,
                    "dv_raw": 0.07519819999999999,
                    "fecha utc": "2014-05-24 23:59:41",
                    "orientacion_raw": 1.597679,
                    "static_control": 0,
                    "t_Ah": 4.267,
                    "t_T_L": 7.559,
                    "t_T_R": 7.559,
                    "t_du": 7.519,
                    "t_dv": 7.519,
                    "t_lat": 7.8,
                    "t_lon": 7.8,
                    "t_orientacion": 7.639,
                    "t_static_control": 7.759,
                    "t_theta": 7.519,
                    "t_u": 7.519,
                    "t_utm_zone": 7.719,
                    "t_v": 7.519,
                    "t_x": 7.519,
                    "t_y": 7.519,
                    "theta": 0,
                    "throttle_L": 4093,
                    "throttle_R": -4191,
                    "u_raw": 0,
                    "utm_zone": 30,
                    "v_raw": 0.0099598,
                    "x": -0.0078126,
                    "y": 0.046875599999999996
                }
            },
            "type": "Feature"
        },
        {
            "geometry": {
                "coordinates": [
                    -4.083699,
                    39.7947345
                ],
                "type": "Point"
            },
            "properties": {
                "navegacion": {
                    "Ah": 0,
                    "du_raw": 0.0019532,
                    "dv_raw": -0.0693386,
                    "fecha utc": "2014-05-24 23:59:41",
                    "orientacion_raw": 1.603498,
                    "static_control": 0,
                    "t_Ah": 4.267,
                    "t_T_L": 8.041,
                    "t_T_R": 8.041,
                    "t_du": 7.88,
                    "t_dv": 7.88,
                    "t_lat": 8.161,
                    "t_lon": 8.161,
                    "t_orientacion": 8.161,
                    "t_static_control": 7.759,
                    "t_theta": 7.88,
                    "t_u": 7.88,
                    "t_utm_zone": 7.96,
                    "t_v": 7.88,
                    "t_x": 7.88,
                    "t_y": 7.88,
                    "theta": 0,
                    "throttle_L": 4076,
                    "throttle_R": -4174,
                    "u_raw": 0,
                    "utm_zone": 30,
                    "v_raw": 0.0099598,
                    "x": -0.0078126,
                    "y": 0.046875599999999996
                }
            },
            "type": "Feature"
        },
        {
            "geometry": {
                "coordinates": [
                    -4.0836989,
                    39.7947346
                ],
                "type": "Point"
            },
            "properties": {
                "navegacion": {
                    "Ah": 0,
                    "du_raw": -0.0400406,
                    "dv_raw": -0.0898472,
                    "fecha utc": "2014-05-24 23:59:41",
                    "orientacion_raw": 1.603498,
                    "static_control": 0,
                    "t_Ah": 4.267,
                    "t_T_L": 8.041,
                    "t_T_R": 8.041,
                    "t_du": 8.201,
                    "t_dv": 8.201,
                    "t_lat": 8.483,
                    "t_lon": 8.483,
                    "t_orientacion": 8.161,
                    "t_static_control": 7.759,
                    "t_theta": 8.201,
                    "t_u": 8.201,
                    "t_utm_zone": 8.482,
                    "t_v": 8.201,
                    "t_x": 8.201,
                    "t_y": 8.201,
                    "theta": 0,
                    "throttle_L": 4076,
                    "throttle_R": -4174,
                    "u_raw": 0,
                    "utm_zone": 30,
                    "v_raw": 0.0099598,
                    "x": -0.0078126,
                    "y": 0.0664071
                }
            },
            "type": "Feature"
        },
        {
            "geometry": {
                "coordinates": [
                    -4.0836988,
                    39.7947345
                ],
                "type": "Point"
            },
            "properties": {
                "navegacion": {
                    "Ah": 0,
                    "du_raw": 0.0058595999999999995,
                    "dv_raw": -0.059572599999999996,
                    "fecha utc": "2014-05-24 23:59:41",
                    "orientacion_raw": 1.609362,
                    "static_control": 0,
                    "t_Ah": 8.763,
                    "t_T_L": 8.563,
                    "t_T_R": 8.563,
                    "t_du": 8.563,
                    "t_dv": 8.563,
                    "t_lat": 8.844,
                    "t_lon": 8.844,
                    "t_orientacion": 8.643,
                    "t_static_control": 8.764,
                    "t_theta": 8.563,
                    "t_u": 8.563,
                    "t_utm_zone": 8.723,
                    "t_v": 8.563,
                    "t_x": 8.563,
                    "t_y": 8.563,
                    "theta": 0,
                    "throttle_L": 4060,
                    "throttle_R": -4158,
                    "u_raw": 0,
                    "utm_zone": 30,
                    "v_raw": 0.0099598,
                    "x": -0.0078126,
                    "y": 0.0664071
                }
            },
            "type": "Feature"
        },
        {
            "geometry": {
                "coordinates": [
                    -4.0836988,
                    39.7947345
                ],
                "type": "Point"
            },
            "properties": {
                "navegacion": {
                    "Ah": 0,
                    "du_raw": 0.0058595999999999995,
                    "dv_raw": -0.0644556,
                    "fecha utc": "2014-05-24 23:59:41",
                    "orientacion_raw": 1.615237,
                    "static_control": 0,
                    "t_Ah": 8.763,
                    "t_T_L": 9.044,
                    "t_T_R": 9.044,
                    "t_du": 8.924,
                    "t_dv": 8.924,
                    "t_lat": 9.205,
                    "t_lon": 9.205,
                    "t_orientacion": 9.164,
                    "t_static_control": 8.764,
                    "t_theta": 8.924,
                    "t_u": 8.924,
                    "t_utm_zone": 9.205,
                    "t_v": 8.924,
                    "t_x": 8.924,
                    "t_y": 8.924,
                    "theta": 0,
                    "throttle_L": 4043,
                    "throttle_R": -4141,
                    "u_raw": 0,
                    "utm_zone": 30,
                    "v_raw": 0.0099598,
                    "x": -0.0078126,
                    "y": 0.078126
                }
            },
            "type": "Feature"
        },
        {
            "geometry": {
                "coordinates": [
                    -4.0836986,
                    39.7947345
                ],
                "type": "Point"
            },
            "properties": {
                "navegacion": {
                    "Ah": 0,
                    "du_raw": -0.0410172,
                    "dv_raw": -0.0888706,
                    "fecha utc": "2014-05-24 23:59:41",
                    "orientacion_raw": 1.615237,
                    "static_control": 0,
                    "t_Ah": 8.763,
                    "t_T_L": 9.566,
                    "t_T_R": 9.566,
                    "t_du": 9.285,
                    "t_dv": 9.285,
                    "t_lat": 9.567,
                    "t_lon": 9.567,
                    "t_orientacion": 9.164,
                    "t_static_control": 8.764,
                    "t_theta": 9.285,
                    "t_u": 9.285,
                    "t_utm_zone": 9.486,
                    "t_v": 9.285,
                    "t_x": 9.285,
                    "t_y": 9.285,
                    "theta": 0,
                    "throttle_L": 4026,
                    "throttle_R": -4123,
                    "u_raw": 0,
                    "utm_zone": 30,
                    "v_raw": 0.0099598,
                    "x": -0.0078126,
                    "y": 0.08984489999999999
                }
            },
            "type": "Feature"
        },
        {
            "geometry": {
                "coordinates": [
                    -4.0836985,
                    39.7947346
                ],
                "type": "Point"
            },
            "properties": {
                "navegacion": {
                    "Ah": 0,
                    "du_raw": 0.0361342,
                    "dv_raw": 0.0380874,
                    "fecha utc": "2014-05-24 23:59:41",
                    "orientacion_raw": 1.621104,
                    "static_control": 0,
                    "t_Ah": 8.763,
                    "t_T_L": 9.566,
                    "t_T_R": 9.566,
                    "t_du": 9.606,
                    "t_dv": 9.606,
                    "t_lat": 9.888,
                    "t_lon": 9.888,
                    "t_orientacion": 9.646,
                    "t_static_control": 9.767,
                    "t_theta": 9.606,
                    "t_u": 9.606,
                    "t_utm_zone": 9.727,
                    "t_v": 9.606,
                    "t_x": 9.606,
                    "t_y": 9.606,
                    "theta": 0,
                    "throttle_L": 4026,
                    "throttle_R": -4123,
                    "u_raw": 0,
                    "utm_zone": 30,
                    "v_raw": 0.0099598,
                    "x": -0.0078126,
                    "y": 0.0976575
                }
            },
            "type": "Feature"
        },
        {
            "geometry": {
                "coordinates": [
                    -4.083698399999999,
                    39.7947345
                ],
                "type": "Point"
            },
            "properties": {
                "navegacion": {
                    "Ah": 0,
                    "du_raw": 0.014649,
                    "dv_raw": -0.0214852,
                    "fecha utc": "2014-05-24 23:59:41",
                    "orientacion_raw": 1.626949,
                    "static_control": 0,
                    "t_Ah": 8.763,
                    "t_T_L": 10.048,
                    "t_T_R": 10.048,
                    "t_du": 9.968,
                    "t_dv": 9.968,
                    "t_lat": 10.25,
                    "t_lon": 10.25,
                    "t_orientacion": 10.169,
                    "t_static_control": 9.767,
                    "t_theta": 9.968,
                    "t_u": 9.968,
                    "t_utm_zone": 10.209,
                    "t_v": 9.968,
                    "t_x": 9.968,
                    "t_y": 9.968,
                    "theta": 0,
                    "throttle_L": 4009,
                    "throttle_R": -4106,
                    "u_raw": 0,
                    "utm_zone": 30,
                    "v_raw": 0.0099598,
                    "x": -0.0078126,
                    "y": 0.0976575
                }
            },
            "type": "Feature"
        },
        {
            "geometry": {
                "coordinates": [
                    -4.0836983,
                    39.7947345
                ],
                "type": "Point"
            },
            "properties": {
                "navegacion": {
                    "Ah": 0,
                    "du_raw": 0.0605492,
                    "dv_raw": 0.0136724,
                    "fecha utc": "2014-05-24 23:59:41",
                    "orientacion_raw": 1.626949,
                    "static_control": 0,
                    "t_Ah": 8.763,
                    "t_T_L": 10.531,
                    "t_T_R": 10.531,
                    "t_du": 10.329,
                    "t_dv": 10.329,
                    "t_lat": 10.611,
                    "t_lon": 10.611,
                    "t_orientacion": 10.169,
                    "t_static_control": 9.767,
                    "t_theta": 10.329,
                    "t_u": 10.329,
                    "t_utm_zone": 10.49,
                    "t_v": 10.329,
                    "t_x": 10.329,
                    "t_y": 10.329,
                    "theta": 0,
                    "throttle_L": 3992,
                    "throttle_R": -4088,
                    "u_raw": 0,
                    "utm_zone": 30,
                    "v_raw": 0.0099598,
                    "x": -0.0078126,
                    "y": 0.10937639999999998
                }
            },
            "type": "Feature"
        },
        {
            "geometry": {
                "coordinates": [
                    -4.0836982,
                    39.7947345
                ],
                "type": "Point"
            },
            "properties": {
                "navegacion": {
                    "Ah": 0,
                    "du_raw": 0.0849642,
                    "dv_raw": -0.039064,
                    "fecha utc": "2014-05-24 23:59:41",
                    "orientacion_raw": 1.632767,
                    "static_control": 0,
                    "t_Ah": 8.763,
                    "t_T_L": 10.531,
                    "t_T_R": 10.531,
                    "t_du": 10.651,
                    "t_dv": 10.651,
                    "t_lat": 10.932,
                    "t_lon": 10.932,
                    "t_orientacion": 10.651,
                    "t_static_control": 10.732,
                    "t_theta": 10.651,
                    "t_u": 10.651,
                    "t_utm_zone": 10.731,
                    "t_v": 10.651,
                    "t_x": 10.651,
                    "t_y": 10.651,
                    "theta": 0,
                    "throttle_L": 3992,
                    "throttle_R": -4088,
                    "u_raw": 0,
                    "utm_zone": 30,
                    "v_raw": 0.0099598,
                    "x": -0.0078126,
                    "y": 0.11718899999999999
                }
            },
            "type": "Feature"
        },
        {
            "geometry": {
                "coordinates": [
                    -4.083698099999999,
                    39.7947345
                ],
                "type": "Point"
            },
            "properties": {
                "navegacion": {
                    "Ah": 0,
                    "du_raw": 0.0107426,
                    "dv_raw": -0.0351576,
                    "fecha utc": "2014-05-24 23:59:41",
                    "orientacion_raw": 1.638551,
                    "static_control": 0,
                    "t_Ah": 8.763,
                    "t_T_L": 11.052,
                    "t_T_R": 11.052,
                    "t_du": 11.012,
                    "t_dv": 11.012,
                    "t_lat": 11.293,
                    "t_lon": 11.293,
                    "t_orientacion": 11.132,
                    "t_static_control": 10.732,
                    "t_theta": 11.012,
                    "t_u": 11.012,
                    "t_utm_zone": 11.212,
                    "t_v": 11.012,
                    "t_x": 11.012,
                    "t_y": 11.012,
                    "theta": 0,
                    "throttle_L": 3975,
                    "throttle_R": -4071,
                    "u_raw": 0,
                    "utm_zone": 30,
                    "v_raw": 0.0099598,
                    "x": -0.0078126,
                    "y": 0.1289079
                }
            },
            "type": "Feature"
        },
        {
            "geometry": {
                "coordinates": [
                    -4.083698,
                    39.7947345
                ],
                "type": "Point"
            },
            "properties": {
                "navegacion": {
                    "Ah": 0,
                    "du_raw": -0.0175788,
                    "dv_raw": 0.0224618,
                    "fecha utc": "2014-05-24 23:59:41",
                    "orientacion_raw": 1.6443,
                    "static_control": 0,
                    "t_Ah": 8.763,
                    "t_T_L": 11.534,
                    "t_T_R": 11.534,
                    "t_du": 11.373,
                    "t_dv": 11.373,
                    "t_lat": 11.654,
                    "t_lon": 11.654,
                    "t_orientacion": 11.654,
                    "t_static_control": 10.732,
                    "t_theta": 11.373,
                    "t_u": 11.373,
                    "t_utm_zone": 11.453,
                    "t_v": 11.373,
                    "t_x": 11.373,
                    "t_y": 11.373,
                    "theta": 0,
                    "throttle_L": 3958,
                    "throttle_R": -4053,
                    "u_raw": 0,
                    "utm_zone": 30,
                    "v_raw": 0.0099598,
                    "x": -0.0078126,
                    "y": 0.1367205
                }
            },
            "type": "Feature"
        },
        {
            "geometry": {
                "coordinates": [
                    -4.083698,
                    39.7947345
                ],
                "type": "Point"
            },
            "properties": {
                "navegacion": {
                    "Ah": 0,
                    "du_raw": 0.0712918,
                    "dv_raw": 0.0947302,
                    "fecha utc": "2014-05-24 23:59:41",
                    "orientacion_raw": 1.6443,
                    "static_control": 0,
                    "t_Ah": 8.763,
                    "t_T_L": 11.534,
                    "t_T_R": 11.534,
                    "t_du": 11.735,
                    "t_dv": 11.735,
                    "t_lat": 12.015,
                    "t_lon": 12.015,
                    "t_orientacion": 11.654,
                    "t_static_control": 11.735,
                    "t_theta": 11.735,
                    "t_u": 11.735,
                    "t_utm_zone": 11.975,
                    "t_v": 11.735,
                    "t_x": 11.735,
                    "t_y": 11.735,
                    "theta": 0,
                    "throttle_L": 3958,
                    "throttle_R": -4053,
                    "u_raw": 0,
                    "utm_zone": 30,
                    "v_raw": 0.0099598,
                    "x": -0.0195315,
                    "y": 0.1484394
                }
            },
            "type": "Feature"
        },
        {
            "geometry": {
                "coordinates": [
                    -4.0836977999999995,
                    39.7947345
                ],
                "type": "Point"
            },
            "properties": {
                "navegacion": {
                    "Ah": 0,
                    "du_raw": -0.0273448,
                    "dv_raw": -0.0810578,
                    "fecha utc": "2014-05-24 23:59:41",
                    "orientacion_raw": 1.650013,
                    "static_control": 0,
                    "t_Ah": 8.763,
                    "t_T_L": 12.056,
                    "t_T_R": 12.056,
                    "t_du": 12.056,
                    "t_dv": 12.056,
                    "t_lat": 12.337,
                    "t_lon": 12.337,
                    "t_orientacion": 12.136,
                    "t_static_control": 11.735,
                    "t_theta": 12.056,
                    "t_u": 12.056,
                    "t_utm_zone": 12.216,
                    "t_v": 12.056,
                    "t_x": 12.056,
                    "t_y": 12.056,
                    "theta": 0,
                    "throttle_L": 3941,
                    "throttle_R": -4035,
                    "u_raw": 0,
                    "utm_zone": 30,
                    "v_raw": 0.0099598,
                    "x": -0.0195315,
                    "y": 0.156252
                }
            },
            "type": "Feature"
        },
        {
            "geometry": {
                "coordinates": [
                    -4.0836977999999995,
                    39.7947345
                ],
                "type": "Point"
            },
            "properties": {
                "navegacion": {
                    "Ah": 0,
                    "du_raw": -0.0068362,
                    "dv_raw": 0.0644556,
                    "fecha utc": "2014-05-24 23:59:41",
                    "orientacion_raw": 1.655687,
                    "static_control": 0,
                    "t_Ah": 8.763,
                    "t_T_L": 12.538,
                    "t_T_R": 12.538,
                    "t_du": 12.417,
                    "t_dv": 12.417,
                    "t_lat": 12.698,
                    "t_lon": 12.698,
                    "t_orientacion": 12.658,
                    "t_static_control": 11.735,
                    "t_theta": 12.417,
                    "t_u": 12.417,
                    "t_utm_zone": 12.457,
                    "t_v": 12.417,
                    "t_x": 12.417,
                    "t_y": 12.417,
                    "theta": 0,
                    "throttle_L": 3924,
                    "throttle_R": -4017,
                    "u_raw": 0,
                    "utm_zone": 30,
                    "v_raw": 0.0099598,
                    "x": -0.0195315,
                    "y": 0.16797089999999998
                }
            },
            "type": "Feature"
        },
        {
            "geometry": {
                "coordinates": [
                    -4.0836977,
                    39.7947345
                ],
                "type": "Point"
            },
            "properties": {
                "navegacion": {
                    "Ah": 0,
                    "du_raw": 0.0253916,
                    "dv_raw": -0.0459002,
                    "fecha utc": "2014-05-24 23:59:41",
                    "orientacion_raw": 1.655687,
                    "static_control": 0,
                    "t_Ah": 8.763,
                    "t_T_L": 13.059,
                    "t_T_R": 13.059,
                    "t_du": 12.778,
                    "t_dv": 12.778,
                    "t_lat": 13.06,
                    "t_lon": 13.06,
                    "t_orientacion": 12.658,
                    "t_static_control": 12.738,
                    "t_theta": 12.778,
                    "t_u": 12.778,
                    "t_utm_zone": 12.979,
                    "t_v": 12.778,
                    "t_x": 12.778,
                    "t_y": 12.778,
                    "theta": 0,
                    "throttle_L": 3907,
                    "throttle_R": -4000,
                    "u_raw": 0,
                    "utm_zone": 30,
                    "v_raw": 0.0099598,
                    "x": -0.0195315,
                    "y": 0.16797089999999998
                }
            },
            "type": "Feature"
        },
        {
            "geometry": {
                "coordinates": [
                    -4.0836976,
                    39.7947345
                ],
                "type": "Point"
            },
            "properties": {
                "navegacion": {
                    "Ah": 0,
                    "du_raw": -0.0371108,
                    "dv_raw": -0.0058595999999999995,
                    "fecha utc": "2014-05-24 23:59:41",
                    "orientacion_raw": 1.661323,
                    "static_control": 0,
                    "t_Ah": 13.26,
                    "t_T_L": 13.059,
                    "t_T_R": 13.059,
                    "t_du": 13.139,
                    "t_dv": 13.139,
                    "t_lat": 13.38,
                    "t_lon": 13.38,
                    "t_orientacion": 13.14,
                    "t_static_control": 12.738,
                    "t_theta": 13.139,
                    "t_u": 13.139,
                    "t_utm_zone": 13.22,
                    "t_v": 13.139,
                    "t_x": 13.139,
                    "t_y": 13.139,
                    "theta": 0,
                    "throttle_L": 3907,
                    "throttle_R": -4000,
                    "u_raw": 0,
                    "utm_zone": 30,
                    "v_raw": 0.0099598,
                    "x": -0.0195315,
                    "y": 0.17968979999999998
                }
            },
            "type": "Feature"
        },
        {
            "geometry": {
                "coordinates": [
                    -4.0836974999999995,
                    39.7947345
                ],
                "type": "Point"
            },
            "properties": {
                "navegacion": {
                    "Ah": 0,
                    "du_raw": 0.0576194,
                    "dv_raw": -0.009766,
                    "fecha utc": "2014-05-24 23:59:41",
                    "orientacion_raw": 1.66692,
                    "static_control": 0,
                    "t_Ah": 13.26,
                    "t_T_L": 13.541,
                    "t_T_R": 13.541,
                    "t_du": 13.461,
                    "t_dv": 13.461,
                    "t_lat": 13.742,
                    "t_lon": 13.742,
                    "t_orientacion": 13.661,
                    "t_static_control": 13.742,
                    "t_theta": 13.461,
                    "t_u": 13.461,
                    "t_utm_zone": 13.702,
                    "t_v": 13.461,
                    "t_x": 13.461,
                    "t_y": 13.461,
                    "theta": 0,
                    "throttle_L": 3890,
                    "throttle_R": -3982,
                    "u_raw": 0,
                    "utm_zone": 30,
                    "v_raw": 0.0099598,
                    "x": -0.0195315,
                    "y": 0.18750239999999999
                }
            },
            "type": "Feature"
        },
        {
            "geometry": {
                "coordinates": [
                    -4.0836974,
                    39.7947345
                ],
                "type": "Point"
            },
            "properties": {
                "navegacion": {
                    "Ah": 0,
                    "du_raw": 0.0019532,
                    "dv_raw": -0.0429704,
                    "fecha utc": "2014-05-24 23:59:41",
                    "orientacion_raw": 1.66692,
                    "static_control": 0,
                    "t_Ah": 13.26,
                    "t_T_L": 14.063,
                    "t_T_R": 14.063,
                    "t_du": 13.822,
                    "t_dv": 13.822,
                    "t_lat": 14.103,
                    "t_lon": 14.103,
                    "t_orientacion": 13.661,
                    "t_static_control": 13.742,
                    "t_theta": 13.822,
                    "t_u": 13.822,
                    "t_utm_zone": 13.983,
                    "t_v": 13.822,
                    "t_x": 13.822,
                    "t_y": 13.822,
                    "theta": 0,
                    "throttle_L": 3873,
                    "throttle_R": -3964,
                    "u_raw": 0,
                    "utm_zone": 30,
                    "v_raw": 0.0099598,
                    "x": -0.0195315,
                    "y": 0.1992213
                }
            },
            "type": "Feature"
        },
        {
            "geometry": {
                "coordinates": [
                    -4.0836973,
                    39.7947345
                ],
                "type": "Point"
            },
            "properties": {
                "navegacion": {
                    "Ah": 0,
                    "du_raw": -0.009766,
                    "dv_raw": -0.023438399999999998,
                    "fecha utc": "2014-05-24 23:59:41",
                    "orientacion_raw": 1.672479,
                    "static_control": 0,
                    "t_Ah": 13.26,
                    "t_T_L": 14.063,
                    "t_T_R": 14.063,
                    "t_du": 14.183,
                    "t_dv": 14.183,
                    "t_lat": 14.465,
                    "t_lon": 14.465,
                    "t_orientacion": 14.143,
                    "t_static_control": 13.742,
                    "t_theta": 14.183,
                    "t_u": 14.183,
                    "t_utm_zone": 14.465,
                    "t_v": 14.183,
                    "t_x": 14.183,
                    "t_y": 14.183,
                    "theta": 0,
                    "throttle_L": 3873,
                    "throttle_R": -3964,
                    "u_raw": 0,
                    "utm_zone": 30,
                    "v_raw": 0.0099598,
                    "x": -0.0195315,
                    "y": 0.1992213
                }
            },
            "type": "Feature"
        },
        {
            "geometry": {
                "coordinates": [
                    -4.0836972,
                    39.7947345
                ],
                "type": "Point"
            },
            "properties": {
                "navegacion": {
                    "Ah": 0,
                    "du_raw": 0.0361342,
                    "dv_raw": -0.0302746,
                    "fecha utc": "2014-05-24 23:59:41",
                    "orientacion_raw": 1.677999,
                    "static_control": 0,
                    "t_Ah": 13.26,
                    "t_T_L": 14.545,
                    "t_T_R": 14.545,
                    "t_du": 14.507,
                    "t_dv": 14.507,
                    "t_lat": 14.786,
                    "t_lon": 14.786,
                    "t_orientacion": 14.665,
                    "t_static_control": 14.746,
                    "t_theta": 14.507,
                    "t_u": 14.507,
                    "t_utm_zone": 14.706,
                    "t_v": 14.507,
                    "t_x": 14.507,
                    "t_y": 14.507,
                    "theta": 0,
                    "throttle_L": 3856,
                    "throttle_R": -3946,
                    "u_raw": 0,
                    "utm_zone": 30,
                    "v_raw": 0.0099598,
                    "x": -0.0195315,
                    "y": 0.2070339
                }
            },
            "type": "Feature"
        },
        {
            "geometry": {
                "coordinates": [
                    -4.0836968,
                    39.794734399999996
                ],
                "type": "Point"
            },
            "properties": {
                "navegacion": {
                    "Ah": 0,
                    "du_raw": 0.0136724,
                    "dv_raw": -0.063479,
                    "fecha utc": "2014-05-24 23:59:41",
                    "orientacion_raw": 1.684088,
                    "static_control": 0,
                    "t_Ah": 13.26,
                    "t_T_L": 15.067,
                    "t_T_R": 15.067,
                    "t_du": 14.866,
                    "t_dv": 14.866,
                    "t_lat": 15.148,
                    "t_lon": 15.148,
                    "t_orientacion": 15.147,
                    "t_static_control": 14.746,
                    "t_theta": 14.866,
                    "t_u": 14.866,
                    "t_utm_zone": 14.987,
                    "t_v": 14.866,
                    "t_x": 14.866,
                    "t_y": 14.866,
                    "theta": -4.397998224292252,
                    "throttle_L": 7022,
                    "throttle_R": -747,
                    "u_raw": 0,
                    "utm_zone": 30,
                    "v_raw": 0.0398449,
                    "x": -0.0195315,
                    "y": 0.23828429999999998
                }
            },
            "type": "Feature"
        },
        {
            "geometry": {
                "coordinates": [
                    -4.0836963,
                    39.794734399999996
                ],
                "type": "Point"
            },
            "properties": {
                "navegacion": {
                    "Ah": 0,
                    "du_raw": 0.0351576,
                    "dv_raw": 0.0478534,
                    "fecha utc": "2014-05-24 23:59:41",
                    "orientacion_raw": 1.684088,
                    "static_control": 0,
                    "t_Ah": 13.26,
                    "t_T_L": 15.067,
                    "t_T_R": 15.067,
                    "t_du": 15.228,
                    "t_dv": 15.228,
                    "t_lat": 15.509,
                    "t_lon": 15.509,
                    "t_orientacion": 15.147,
                    "t_static_control": 14.746,
                    "t_theta": 15.228,
                    "t_u": 15.228,
                    "t_utm_zone": 15.47,
                    "t_v": 15.228,
                    "t_x": 15.228,
                    "t_y": 15.228,
                    "theta": -5.710214431524424,
                    "throttle_L": 7022,
                    "throttle_R": -747,
                    "u_raw": -0.0099598,
                    "utm_zone": 30,
                    "v_raw": 0.1294983,
                    "x": -0.0195315,
                    "y": 0.3085977
                }
            },
            "type": "Feature"
        },
        {
            "geometry": {
                "coordinates": [
                    -4.0836952,
                    39.794734299999995
                ],
                "type": "Point"
            },
            "properties": {
                "navegacion": {
                    "Ah": 0,
                    "du_raw": 0.0410172,
                    "dv_raw": 0.0273448,
                    "fecha utc": "2014-05-24 23:59:41",
                    "orientacion_raw": 1.691561,
                    "static_control": 0,
                    "t_Ah": 13.26,
                    "t_T_L": 15.55,
                    "t_T_R": 15.55,
                    "t_du": 15.589,
                    "t_dv": 15.589,
                    "t_lat": 15.83,
                    "t_lon": 15.83,
                    "t_orientacion": 15.669,
                    "t_static_control": 15.75,
                    "t_theta": 15.589,
                    "t_u": 15.589,
                    "t_utm_zone": 15.71,
                    "t_v": 15.589,
                    "t_x": 15.589,
                    "t_y": 15.589,
                    "theta": -6.842549328900164,
                    "throttle_L": 7210,
                    "throttle_R": -515,
                    "u_raw": -0.0199215,
                    "utm_zone": 30,
                    "v_raw": 0.1992283,
                    "x": -0.027344099999999996,
                    "y": 0.37891109999999995
                }
            },
            "type": "Feature"
        },
        {
            "geometry": {
                "coordinates": [
                    -4.0836942,
                    39.7947342
                ],
                "type": "Point"
            },
            "properties": {
                "navegacion": {
                    "Ah": 0,
                    "du_raw": -0.0673854,
                    "dv_raw": 0.004883,
                    "fecha utc": "2014-05-24 23:59:41",
                    "orientacion_raw": 1.700063,
                    "static_control": 0,
                    "t_Ah": 13.26,
                    "t_T_L": 16.031,
                    "t_T_R": 16.031,
                    "t_du": 15.91,
                    "t_dv": 15.91,
                    "t_lat": 16.192,
                    "t_lon": 16.192,
                    "t_orientacion": 16.151,
                    "t_static_control": 15.75,
                    "t_theta": 15.91,
                    "t_u": 15.91,
                    "t_utm_zone": 15.951,
                    "t_v": 15.91,
                    "t_x": 15.91,
                    "t_y": 15.91,
                    "theta": -5.71037673483446,
                    "throttle_L": 7412,
                    "throttle_R": -260,
                    "u_raw": -0.0298832,
                    "utm_zone": 30,
                    "v_raw": 0.2490349,
                    "x": -0.027344099999999996,
                    "y": 0.4882875
                }
            },
            "type": "Feature"
        },
        {
            "geometry": {
                "coordinates": [
                    -4.0836928,
                    39.7947341
                ],
                "type": "Point"
            },
            "properties": {
                "navegacion": {
                    "Ah": 0,
                    "du_raw": -0.0371108,
                    "dv_raw": 0.0507832,
                    "fecha utc": "2014-05-24 23:59:41",
                    "orientacion_raw": 1.700063,
                    "static_control": 0,
                    "t_Ah": 13.26,
                    "t_T_L": 16.553,
                    "t_T_R": 16.553,
                    "t_du": 16.272,
                    "t_dv": 16.272,
                    "t_lat": 16.554,
                    "t_lon": 16.554,
                    "t_orientacion": 16.151,
                    "t_static_control": 15.75,
                    "t_theta": 16.272,
                    "t_u": 16.272,
                    "t_utm_zone": 16.473,
                    "t_v": 16.272,
                    "t_x": 16.272,
                    "t_y": 16.272,
                    "theta": -7.124848220946374,
                    "throttle_L": 4976,
                    "throttle_R": 2647,
                    "u_raw": -0.0298832,
                    "utm_zone": 30,
                    "v_raw": 0.2988434,
                    "x": -0.058594499999999994,
                    "y": 0.5898513
                }
            },
            "type": "Feature"
        },
        {
            "geometry": {
                "coordinates": [
                    -4.0836916,
                    39.7947339
                ],
                "type": "Point"
            },
            "properties": {
                "navegacion": {
                    "Ah": 0,
                    "du_raw": 0.0400406,
                    "dv_raw": 0.0205086,
                    "fecha utc": "2014-05-24 23:59:41",
                    "orientacion_raw": 1.709189,
                    "static_control": 0,
                    "t_Ah": 13.26,
                    "t_T_L": 16.553,
                    "t_T_R": 16.553,
                    "t_du": 16.633,
                    "t_dv": 16.633,
                    "t_lat": 16.914,
                    "t_lon": 16.914,
                    "t_orientacion": 16.634,
                    "t_static_control": 16.754,
                    "t_theta": 16.633,
                    "t_u": 16.633,
                    "t_utm_zone": 16.714,
                    "t_v": 16.633,
                    "t_x": 16.633,
                    "t_y": 16.633,
                    "theta": -7.5944763416417,
                    "throttle_L": 4976,
                    "throttle_R": 2647,
                    "u_raw": -0.0398449,
                    "utm_zone": 30,
                    "v_raw": 0.3187668,
                    "x": -0.058594499999999994,
                    "y": 0.7070403
                }
            },
            "type": "Feature"
        },
        {
            "geometry": {
                "coordinates": [
                    -4.0836901999999995,
                    39.794733799999996
                ],
                "type": "Point"
            },
            "properties": {
                "navegacion": {
                    "Ah": 0,
                    "du_raw": 0.0644556,
                    "dv_raw": 0.0869174,
                    "fecha utc": "2014-05-24 23:59:41",
                    "orientacion_raw": 1.716567,
                    "static_control": 0,
                    "t_Ah": 13.26,
                    "t_T_L": 17.035,
                    "t_T_R": 17.035,
                    "t_du": 16.955,
                    "t_dv": 16.955,
                    "t_lat": 17.236,
                    "t_lon": 17.236,
                    "t_orientacion": 17.155,
                    "t_static_control": 16.754,
                    "t_theta": 16.955,
                    "t_u": 16.955,
                    "t_utm_zone": 17.235,
                    "t_v": 16.955,
                    "t_x": 16.955,
                    "t_y": 16.955,
                    "theta": -7.5944763416417,
                    "throttle_L": 5427,
                    "throttle_R": 2945,
                    "u_raw": -0.0398449,
                    "utm_zone": 30,
                    "v_raw": 0.2988434,
                    "x": -0.078126,
                    "y": 0.7968852
                }
            },
            "type": "Feature"
        },
        {
            "geometry": {
                "coordinates": [
                    -4.0836891,
                    39.794733699999995
                ],
                "type": "Point"
            },
            "properties": {
                "navegacion": {
                    "Ah": 0,
                    "du_raw": 0.0312512,
                    "dv_raw": 0.0224618,
                    "fecha utc": "2014-05-24 23:59:41",
                    "orientacion_raw": 1.716567,
                    "static_control": 0,
                    "t_Ah": 13.26,
                    "t_T_L": 17.557,
                    "t_T_R": 17.557,
                    "t_du": 17.316,
                    "t_dv": 17.316,
                    "t_lat": 17.596,
                    "t_lon": 17.596,
                    "t_orientacion": 17.155,
                    "t_static_control": 16.754,
                    "t_theta": 17.316,
                    "t_u": 17.316,
                    "t_utm_zone": 17.476,
                    "t_v": 17.316,
                    "t_x": 17.316,
                    "t_y": 17.316,
                    "theta": -9.162225127285861,
                    "throttle_L": 5836,
                    "throttle_R": 3223,
                    "u_raw": -0.0398449,
                    "utm_zone": 30,
                    "v_raw": 0.2988434,
                    "x": -0.078126,
                    "y": 0.9179805
                }
            },
            "type": "Feature"
        },
        {
            "geometry": {
                "coordinates": [
                    -4.0836877,
                    39.7947335
                ],
                "type": "Point"
            },
            "properties": {
                "navegacion": {
                    "Ah": 0,
                    "du_raw": 0.0459002,
                    "dv_raw": -0.0185554,
                    "fecha utc": "2014-05-24 23:59:41",
                    "orientacion_raw": 1.722456,
                    "static_control": 0,
                    "t_Ah": 17.757,
                    "t_T_L": 17.557,
                    "t_T_R": 17.557,
                    "t_du": 17.677,
                    "t_dv": 17.677,
                    "t_lat": 17.957,
                    "t_lon": 17.957,
                    "t_orientacion": 17.636,
                    "t_static_control": 17.757,
                    "t_theta": 17.677,
                    "t_u": 17.677,
                    "t_utm_zone": 17.717,
                    "t_v": 17.677,
                    "t_x": 17.677,
                    "t_y": 17.677,
                    "theta": -8.88053413640982,
                    "throttle_L": 5836,
                    "throttle_R": 3223,
                    "u_raw": -0.0498066,
                    "utm_zone": 30,
                    "v_raw": 0.3088051,
                    "x": -0.10937639999999998,
                    "y": 1.0195443
                }
            },
            "type": "Feature"
        },
        {
            "geometry": {
                "coordinates": [
                    -4.0836865,
                    39.7947334
                ],
                "type": "Point"
            },
            "properties": {
                "navegacion": {
                    "Ah": 0,
                    "du_raw": 0.0380874,
                    "dv_raw": -0.0664088,
                    "fecha utc": "2014-05-24 23:59:41",
                    "orientacion_raw": 1.727658,
                    "static_control": 0,
                    "t_Ah": 17.757,
                    "t_T_L": 18.039,
                    "t_T_R": 18.039,
                    "t_du": 18.038,
                    "t_dv": 18.038,
                    "t_lat": 18.318,
                    "t_lon": 18.318,
                    "t_orientacion": 18.157,
                    "t_static_control": 17.757,
                    "t_theta": 18.038,
                    "t_u": 18.038,
                    "t_utm_zone": 18.238,
                    "t_v": 18.038,
                    "t_x": 18.038,
                    "t_y": 18.038,
                    "theta": -6.709706264183516,
                    "throttle_L": 6205,
                    "throttle_R": 3463,
                    "u_raw": -0.0498066,
                    "utm_zone": 30,
                    "v_raw": 0.3187668,
                    "x": -0.11718899999999999,
                    "y": 1.1484522
                }
            },
            "type": "Feature"
        },
        {
            "geometry": {
                "coordinates": [
                    -4.0836849,
                    39.794733199999996
                ],
                "type": "Point"
            },
            "properties": {
                "navegacion": {
                    "Ah": 0,
                    "du_raw": -0.011719199999999999,
                    "dv_raw": 0.004883,
                    "fecha utc": "2014-05-24 23:59:41",
                    "orientacion_raw": 1.732667,
                    "static_control": 0,
                    "t_Ah": 17.757,
                    "t_T_L": 18.559,
                    "t_T_R": 18.559,
                    "t_du": 18.358,
                    "t_dv": 18.358,
                    "t_lat": 18.639,
                    "t_lon": 18.639,
                    "t_orientacion": 18.639,
                    "t_static_control": 17.757,
                    "t_theta": 18.358,
                    "t_u": 18.358,
                    "t_utm_zone": 18.478,
                    "t_v": 18.358,
                    "t_x": 18.358,
                    "t_y": 18.358,
                    "theta": -9.462272981252603,
                    "throttle_L": 6549,
                    "throttle_R": 3667,
                    "u_raw": -0.0398449,
                    "utm_zone": 30,
                    "v_raw": 0.3386883,
                    "x": -0.1367205,
                    "y": 1.2695474999999998
                }
            },
            "type": "Feature"
        },
        {
            "geometry": {
                "coordinates": [
                    -4.0836835,
                    39.794733099999995
                ],
                "type": "Point"
            },
            "properties": {
                "navegacion": {
                    "Ah": 0,
                    "du_raw": 0.0449236,
                    "dv_raw": -0.0126958,
                    "fecha utc": "2014-05-24 23:59:41",
                    "orientacion_raw": 1.732667,
                    "static_control": 0,
                    "t_Ah": 17.757,
                    "t_T_L": 18.559,
                    "t_T_R": 18.559,
                    "t_du": 18.719,
                    "t_dv": 18.719,
                    "t_lat": 19,
                    "t_lon": 19,
                    "t_orientacion": 18.639,
                    "t_static_control": 18.759,
                    "t_theta": 18.719,
                    "t_u": 18.719,
                    "t_utm_zone": 18.959,
                    "t_v": 18.719,
                    "t_x": 18.719,
                    "t_y": 18.719,
                    "theta": -8.972567542849982,
                    "throttle_L": 6549,
                    "throttle_R": 3667,
                    "u_raw": -0.0597683,
                    "utm_zone": 30,
                    "v_raw": 0.3586117,
                    "x": -0.156252,
                    "y": 1.4179868999999998
                }
            },
            "type": "Feature"
        },
        {
            "geometry": {
                "coordinates": [
                    -4.0836817,
                    39.7947328
                ],
                "type": "Point"
            },
            "properties": {
                "navegacion": {
                    "Ah": 0,
                    "du_raw": 0.0849642,
                    "dv_raw": -0.0205086,
                    "fecha utc": "2014-05-24 23:59:41",
                    "orientacion_raw": 1.737795,
                    "static_control": 0,
                    "t_Ah": 17.757,
                    "t_T_L": 19.041,
                    "t_T_R": 19.041,
                    "t_du": 19.08,
                    "t_dv": 19.08,
                    "t_lat": 19.36,
                    "t_lon": 19.36,
                    "t_orientacion": 19.16,
                    "t_static_control": 18.759,
                    "t_theta": 19.08,
                    "t_u": 19.08,
                    "t_utm_zone": 19.24,
                    "t_v": 19.08,
                    "t_x": 19.08,
                    "t_y": 19.08,
                    "theta": -9.926212370465532,
                    "throttle_L": 6873,
                    "throttle_R": 3835,
                    "u_raw": -0.0597683,
                    "utm_zone": 30,
                    "v_raw": 0.3785351,
                    "x": -0.18750239999999999,
                    "y": 1.5390822
                }
            },
            "type": "Feature"
        },
        {
            "geometry": {
                "coordinates": [
                    -4.0836802,
                    39.794732599999996
                ],
                "type": "Point"
            },
            "properties": {
                "navegacion": {
                    "Ah": 0,
                    "du_raw": -0.011719199999999999,
                    "dv_raw": 0.04883,
                    "fecha utc": "2014-05-24 23:59:41",
                    "orientacion_raw": 1.743251,
                    "static_control": 0,
                    "t_Ah": 17.757,
                    "t_T_L": 19.561,
                    "t_T_R": 19.561,
                    "t_du": 19.4,
                    "t_dv": 19.4,
                    "t_lat": 19.681,
                    "t_lon": 19.681,
                    "t_orientacion": 19.641,
                    "t_static_control": 18.759,
                    "t_theta": 19.4,
                    "t_u": 19.4,
                    "t_utm_zone": 19.481,
                    "t_v": 19.4,
                    "t_x": 19.4,
                    "t_y": 19.4,
                    "theta": -9.246106987742614,
                    "throttle_L": 7182,
                    "throttle_R": 3971,
                    "u_raw": -0.06973,
                    "utm_zone": 30,
                    "v_raw": 0.3984585,
                    "x": -0.1992213,
                    "y": 1.7070530999999998
                }
            },
            "type": "Feature"
        },
        {
            "geometry": {
                "coordinates": [
                    -4.0836781,
                    39.7947324
                ],
                "type": "Point"
            },
            "properties": {
                "navegacion": {
                    "Ah": 0,
                    "du_raw": -0.0136724,
                    "dv_raw": -0.0166022,
                    "fecha utc": "2014-05-24 23:59:41",
                    "orientacion_raw": 1.743251,
                    "static_control": 0,
                    "t_Ah": 17.757,
                    "t_T_L": 20.042,
                    "t_T_R": 20.042,
                    "t_du": 19.762,
                    "t_dv": 19.762,
                    "t_lat": 20.043,
                    "t_lon": 20.043,
                    "t_orientacion": 19.641,
                    "t_static_control": 19.761,
                    "t_theta": 19.762,
                    "t_u": 19.762,
                    "t_utm_zone": 19.962,
                    "t_v": 19.762,
                    "t_x": 19.762,
                    "t_y": 19.762,
                    "theta": -9.86581696906977,
                    "throttle_L": 7477,
                    "throttle_R": 4076,
                    "u_raw": -0.06973,
                    "utm_zone": 30,
                    "v_raw": 0.4283417,
                    "x": -0.22656539999999997,
                    "y": 1.8398672999999999
                }
            },
            "type": "Feature"
        },
        {
            "geometry": {
                "coordinates": [
                    -4.0836764,
                    39.7947321
                ],
                "type": "Point"
            },
            "properties": {
                "navegacion": {
                    "Ah": 0,
                    "du_raw": 0.014649,
                    "dv_raw": 0.009766,
                    "fecha utc": "2014-05-24 23:59:41",
                    "orientacion_raw": 1.74918,
                    "static_control": 0,
                    "t_Ah": 17.757,
                    "t_T_L": 20.042,
                    "t_T_R": 20.042,
                    "t_du": 20.122,
                    "t_dv": 20.122,
                    "t_lat": 20.403,
                    "t_lon": 20.403,
                    "t_orientacion": 20.162,
                    "t_static_control": 19.761,
                    "t_theta": 20.122,
                    "t_u": 20.122,
                    "t_utm_zone": 20.202,
                    "t_v": 20.122,
                    "t_x": 20.122,
                    "t_y": 20.122,
                    "theta": -10.407557205942913,
                    "throttle_L": 7477,
                    "throttle_R": 4076,
                    "u_raw": -0.0796917,
                    "utm_zone": 30,
                    "v_raw": 0.4582268,
                    "x": -0.2500032,
                    "y": 2.0273697
                }
            },
            "type": "Feature"
        },
        {
            "geometry": {
                "coordinates": [
                    -4.0836741,
                    39.7947318
                ],
                "type": "Point"
            },
            "properties": {
                "navegacion": {
                    "Ah": 0,
                    "du_raw": 0.1425836,
                    "dv_raw": 0.0507832,
                    "fecha utc": "2014-05-24 23:59:41",
                    "orientacion_raw": 1.75568,
                    "static_control": 0,
                    "t_Ah": 17.757,
                    "t_T_L": 20.564,
                    "t_T_R": 20.564,
                    "t_du": 20.484,
                    "t_dv": 20.484,
                    "t_lat": 20.766,
                    "t_lon": 20.766,
                    "t_orientacion": 20.644,
                    "t_static_control": 20.764,
                    "t_theta": 20.484,
                    "t_u": 20.484,
                    "t_utm_zone": 20.724,
                    "t_v": 20.484,
                    "t_x": 20.484,
                    "t_y": 20.484,
                    "theta": -10.203817058058556,
                    "throttle_L": 7637,
                    "throttle_R": 4029,
                    "u_raw": -0.0896515,
                    "utm_zone": 30,
                    "v_raw": 0.48811,
                    "x": -0.27734729999999996,
                    "y": 2.1797153999999996
                }
            },
            "type": "Feature"
        },
        {
            "geometry": {
                "coordinates": [
                    -4.0836722,
                    39.7947316
                ],
                "type": "Point"
            },
            "properties": {
                "navegacion": {
                    "Ah": 0,
                    "du_raw": -0.0478534,
                    "dv_raw": -0.0400406,
                    "fecha utc": "2014-05-24 23:59:41",
                    "orientacion_raw": 1.75568,
                    "static_control": 0,
                    "t_Ah": 17.757,
                    "t_T_L": 21.045,
                    "t_T_R": 21.045,
                    "t_du": 20.805,
                    "t_dv": 20.805,
                    "t_lat": 21.086,
                    "t_lon": 21.086,
                    "t_orientacion": 20.644,
                    "t_static_control": 20.764,
                    "t_theta": 20.805,
                    "t_u": 20.805,
                    "t_utm_zone": 20.965,
                    "t_v": 20.805,
                    "t_x": 20.805,
                    "t_y": 20.805,
                    "theta": -9.819139754780752,
                    "throttle_L": 7703,
                    "throttle_R": 3861,
                    "u_raw": -0.0896515,
                    "utm_zone": 30,
                    "v_raw": 0.4980717,
                    "x": -0.3085977,
                    "y": 2.3984682
                }
            },
            "type": "Feature"
        },
        {
            "geometry": {
                "coordinates": [
                    -4.0836698,
                    39.7947312
                ],
                "type": "Point"
            },
            "properties": {
                "navegacion": {
                    "Ah": 0,
                    "du_raw": -0.029298,
                    "dv_raw": -0.0771514,
                    "fecha utc": "2014-05-24 23:59:41",
                    "orientacion_raw": 1.762723,
                    "static_control": 0,
                    "t_Ah": 17.757,
                    "t_T_L": 21.045,
                    "t_T_R": 21.045,
                    "t_du": 21.166,
                    "t_dv": 21.166,
                    "t_lat": 21.447,
                    "t_lon": 21.447,
                    "t_orientacion": 21.166,
                    "t_static_control": 20.764,
                    "t_theta": 21.166,
                    "t_u": 21.166,
                    "t_utm_zone": 21.206,
                    "t_v": 21.166,
                    "t_x": 21.166,
                    "t_y": 21.166,
                    "theta": -10.885394542714408,
                    "throttle_L": 7703,
                    "throttle_R": 3861,
                    "u_raw": -0.0896515,
                    "utm_zone": 30,
                    "v_raw": 0.5179951,
                    "x": -0.3476607,
                    "y": 2.5586265
                }
            },
            "type": "Feature"
        },
        {
            "geometry": {
                "coordinates": [
                    -4.0836679,
                    39.7947309
                ],
                "type": "Point"
            },
            "properties": {
                "navegacion": {
                    "Ah": 0,
                    "du_raw": -0.0625024,
                    "dv_raw": -0.0322278,
                    "fecha utc": "2014-05-24 23:59:41",
                    "orientacion_raw": 1.770267,
                    "static_control": 0,
                    "t_Ah": 17.757,
                    "t_T_L": 21.568,
                    "t_T_R": 21.568,
                    "t_du": 21.528,
                    "t_dv": 21.528,
                    "t_lat": 21.808,
                    "t_lon": 21.808,
                    "t_orientacion": 21.648,
                    "t_static_control": 21.768,
                    "t_theta": 21.528,
                    "t_u": 21.528,
                    "t_utm_zone": 21.728,
                    "t_v": 21.528,
                    "t_x": 21.528,
                    "t_y": 21.528,
                    "theta": -11.725003850785694,
                    "throttle_L": 7791,
                    "throttle_R": 3709,
                    "u_raw": -0.0996132,
                    "utm_zone": 30,
                    "v_raw": 0.5179951,
                    "x": -0.36719219999999997,
                    "y": 2.7695667
                }
            },
            "type": "Feature"
        },
        {
            "geometry": {
                "coordinates": [
                    -4.0836653,
                    39.7947306
                ],
                "type": "Point"
            },
            "properties": {
                "navegacion": {
                    "Ah": 0,
                    "du_raw": 0.0761748,
                    "dv_raw": -0.1162154,
                    "fecha utc": "2014-05-24 23:59:41",
                    "orientacion_raw": 1.778303,
                    "static_control": 0,
                    "t_Ah": 17.757,
                    "t_T_L": 22.048,
                    "t_T_R": 22.048,
                    "t_du": 21.888,
                    "t_dv": 21.888,
                    "t_lat": 22.169,
                    "t_lon": 22.169,
                    "t_orientacion": 22.168,
                    "t_static_control": 21.768,
                    "t_theta": 21.888,
                    "t_u": 21.888,
                    "t_utm_zone": 21.968,
                    "t_v": 21.888,
                    "t_x": 21.888,
                    "t_y": 21.888,
                    "theta": -11.513719634227076,
                    "throttle_L": 7885,
                    "throttle_R": 3569,
                    "u_raw": -0.1095749,
                    "utm_zone": 30,
                    "v_raw": 0.5279568,
                    "x": -0.41797409999999996,
                    "y": 2.929725
                }
            },
            "type": "Feature"
        },
        {
            "geometry": {
                "coordinates": [
                    -4.0836634,
                    39.7947303
                ],
                "type": "Point"
            },
            "properties": {
                "navegacion": {
                    "Ah": 0,
                    "du_raw": 0.0253916,
                    "dv_raw": 0.0126958,
                    "fecha utc": "2014-05-24 23:59:41",
                    "orientacion_raw": 1.778303,
                    "static_control": 0,
                    "t_Ah": 22.249,
                    "t_T_L": 22.048,
                    "t_T_R": 22.048,
                    "t_du": 22.209,
                    "t_dv": 22.209,
                    "t_lat": 22.49,
                    "t_lon": 22.49,
                    "t_orientacion": 22.168,
                    "t_static_control": 21.768,
                    "t_theta": 22.209,
                    "t_u": 22.209,
                    "t_utm_zone": 22.49,
                    "t_v": 22.209,
                    "t_x": 22.209,
                    "t_y": 22.209,
                    "theta": -11.513719634227076,
                    "throttle_L": 7885,
                    "throttle_R": 3569,
                    "u_raw": -0.1095749,
                    "utm_zone": 30,
                    "v_raw": 0.5379185,
                    "x": -0.44922449999999997,
                    "y": 3.1562903999999996
                }
            },
            "type": "Feature"
        },
        {
            "geometry": {
                "coordinates": [
                    -4.0836608,
                    39.7947299
                ],
                "type": "Point"
            },
            "properties": {
                "navegacion": {
                    "Ah": 0,
                    "du_raw": 0.0224618,
                    "dv_raw": 0.0791046,
                    "fecha utc": "2014-05-24 23:59:41",
                    "orientacion_raw": 1.786824,
                    "static_control": 0,
                    "t_Ah": 22.249,
                    "t_T_L": 22.571,
                    "t_T_R": 22.571,
                    "t_du": 22.571,
                    "t_dv": 22.571,
                    "t_lat": 22.851,
                    "t_lon": 22.851,
                    "t_orientacion": 22.651,
                    "t_static_control": 22.731,
                    "t_theta": 22.571,
                    "t_u": 22.571,
                    "t_utm_zone": 22.731,
                    "t_v": 22.571,
                    "t_x": 22.571,
                    "t_y": 22.571,
                    "theta": -11.309817841269819,
                    "throttle_L": 7980,
                    "throttle_R": 3437,
                    "u_raw": -0.1095749,
                    "utm_zone": 30,
                    "v_raw": 0.5379185,
                    "x": -0.4882875,
                    "y": 3.3281675999999996
                }
            },
            "type": "Feature"
        },
        {
            "geometry": {
                "coordinates": [
                    -4.0836588,
                    39.794729499999995
                ],
                "type": "Point"
            },
            "properties": {
                "navegacion": {
                    "Ah": 0,
                    "du_raw": -0.0068362,
                    "dv_raw": 0.023438399999999998,
                    "fecha utc": "2014-05-24 23:59:41",
                    "orientacion_raw": 1.795823,
                    "static_control": 0,
                    "t_Ah": 22.249,
                    "t_T_L": 23.052,
                    "t_T_R": 23.052,
                    "t_du": 22.932,
                    "t_dv": 22.932,
                    "t_lat": 23.213,
                    "t_lon": 23.213,
                    "t_orientacion": 23.132,
                    "t_static_control": 22.731,
                    "t_theta": 22.932,
                    "t_u": 22.932,
                    "t_utm_zone": 22.972,
                    "t_v": 22.932,
                    "t_x": 22.932,
                    "t_y": 22.932,
                    "theta": -12.307926156222301,
                    "throttle_L": 8071,
                    "throttle_R": 3312,
                    "u_raw": -0.1095749,
                    "utm_zone": 30,
                    "v_raw": 0.5478802,
                    "x": -0.5273504999999999,
                    "y": 3.5469204
                }
            },
            "type": "Feature"
        },
        {
            "geometry": {
                "coordinates": [
                    -4.0836562,
                    39.7947291
                ],
                "type": "Point"
            },
            "properties": {
                "navegacion": {
                    "Ah": 0,
                    "du_raw": 0.011719199999999999,
                    "dv_raw": 0.0966834,
                    "fecha utc": "2014-05-24 23:59:41",
                    "orientacion_raw": 1.795823,
                    "static_control": 0,
                    "t_Ah": 22.249,
                    "t_T_L": 23.535,
                    "t_T_R": 23.535,
                    "t_du": 23.253,
                    "t_dv": 23.253,
                    "t_lat": 23.535,
                    "t_lon": 23.535,
                    "t_orientacion": 23.132,
                    "t_static_control": 22.731,
                    "t_theta": 23.253,
                    "t_u": 23.253,
                    "t_utm_zone": 23.453,
                    "t_v": 23.253,
                    "t_x": 23.253,
                    "t_y": 23.253,
                    "theta": -13.069248457662043,
                    "throttle_L": 8156,
                    "throttle_R": 3195,
                    "u_raw": -0.1195366,
                    "utm_zone": 30,
                    "v_raw": 0.5478802,
                    "x": -0.5781324,
                    "y": 3.7187976
                }
            },
            "type": "Feature"
        },
        {
            "geometry": {
                "coordinates": [
                    -4.0836542,
                    39.7947288
                ],
                "type": "Point"
            },
            "properties": {
                "navegacion": {
                    "Ah": 0,
                    "du_raw": -0.0263682,
                    "dv_raw": 0.0019532,
                    "fecha utc": "2014-05-24 23:59:41",
                    "orientacion_raw": 1.805285,
                    "static_control": 0,
                    "t_Ah": 22.249,
                    "t_T_L": 23.535,
                    "t_T_R": 23.535,
                    "t_du": 23.614,
                    "t_dv": 23.614,
                    "t_lat": 23.895,
                    "t_lon": 23.895,
                    "t_orientacion": 23.654,
                    "t_static_control": 23.735,
                    "t_theta": 23.614,
                    "t_u": 23.614,
                    "t_utm_zone": 23.735,
                    "t_v": 23.614,
                    "t_x": 23.614,
                    "t_y": 23.614,
                    "theta": -13.069248457662043,
                    "throttle_L": 8156,
                    "throttle_R": 3195,
                    "u_raw": -0.1294983,
                    "utm_zone": 30,
                    "v_raw": 0.5578419,
                    "x": -0.6093828,
                    "y": 3.9375503999999997
                }
            },
            "type": "Feature"
        },
        {
            "geometry": {
                "coordinates": [
                    -4.0836515,
                    39.794728299999996
                ],
                "type": "Point"
            },
            "properties": {
                "navegacion": {
                    "Ah": 0,
                    "du_raw": -0.0205086,
                    "dv_raw": -0.019532,
                    "fecha utc": "2014-05-24 23:59:41",
                    "orientacion_raw": 1.815194,
                    "static_control": 0,
                    "t_Ah": 22.249,
                    "t_T_L": 24.056,
                    "t_T_R": 24.056,
                    "t_du": 23.976,
                    "t_dv": 23.976,
                    "t_lat": 24.256,
                    "t_lon": 24.256,
                    "t_orientacion": 24.136,
                    "t_static_control": 23.735,
                    "t_theta": 23.976,
                    "t_u": 23.976,
                    "t_utm_zone": 24.216,
                    "t_v": 23.976,
                    "t_x": 23.976,
                    "t_y": 23.976,
                    "theta": -12.847672885790566,
                    "throttle_L": 8236,
                    "throttle_R": 3085,
                    "u_raw": -0.1294983,
                    "utm_zone": 30,
                    "v_raw": 0.5578419,
                    "x": -0.6679773,
                    "y": 4.128959099999999
                }
            },
            "type": "Feature"
        },
        {
            "geometry": {
                "coordinates": [
                    -4.0836494,
                    39.7947279
                ],
                "type": "Point"
            },
            "properties": {
                "navegacion": {
                    "Ah": 0,
                    "du_raw": -0.0322278,
                    "dv_raw": 0.0615258,
                    "fecha utc": "2014-05-24 23:59:41",
                    "orientacion_raw": 1.815194,
                    "static_control": 0,
                    "t_Ah": 22.249,
                    "t_T_L": 24.538,
                    "t_T_R": 24.538,
                    "t_du": 24.336,
                    "t_dv": 24.336,
                    "t_lat": 24.617,
                    "t_lon": 24.617,
                    "t_orientacion": 24.136,
                    "t_static_control": 23.735,
                    "t_theta": 24.336,
                    "t_u": 24.336,
                    "t_utm_zone": 24.457,
                    "t_v": 24.336,
                    "t_x": 24.336,
                    "t_y": 24.336,
                    "theta": -13.799479051551799,
                    "throttle_L": 8311,
                    "throttle_R": 2981,
                    "u_raw": -0.1294983,
                    "utm_zone": 30,
                    "v_raw": 0.5678017,
                    "x": -0.7070403,
                    "y": 4.359430799999999
                }
            },
            "type": "Feature"
        },
        {
            "geometry": {
                "coordinates": [
                    -4.0836467,
                    39.7947274
                ],
                "type": "Point"
            },
            "properties": {
                "navegacion": {
                    "Ah": 0,
                    "du_raw": -0.0566428,
                    "dv_raw": 0.0996132,
                    "fecha utc": "2014-05-24 23:59:41",
                    "orientacion_raw": 1.825527,
                    "static_control": 0,
                    "t_Ah": 22.249,
                    "t_T_L": 24.538,
                    "t_T_R": 24.538,
                    "t_du": 24.658,
                    "t_dv": 24.658,
                    "t_lat": 24.939,
                    "t_lon": 24.939,
                    "t_orientacion": 24.657,
                    "t_static_control": 24.738,
                    "t_theta": 24.658,
                    "t_u": 24.658,
                    "t_utm_zone": 24.738,
                    "t_v": 24.658,
                    "t_x": 24.658,
                    "t_y": 24.658,
                    "theta": -14.743581710985664,
                    "throttle_L": 8311,
                    "throttle_R": 2981,
                    "u_raw": -0.13946,
                    "utm_zone": 30,
                    "v_raw": 0.5678017,
                    "x": -0.7578221999999999,
                    "y": 4.5274016999999995
                }
            },
            "type": "Feature"
        },
        {
            "geometry": {
                "coordinates": [
                    -4.0836445999999995,
                    39.794727
                ],
                "type": "Point"
            },
            "properties": {
                "navegacion": {
                    "Ah": 0,
                    "du_raw": 0.0166022,
                    "dv_raw": -0.0371108,
                    "fecha utc": "2014-05-24 23:59:41",
                    "orientacion_raw": 1.836263,
                    "static_control": 0,
                    "t_Ah": 22.249,
                    "t_T_L": 25.059,
                    "t_T_R": 25.059,
                    "t_du": 25.021,
                    "t_dv": 25.021,
                    "t_lat": 25.3,
                    "t_lon": 25.3,
                    "t_orientacion": 25.139,
                    "t_static_control": 24.738,
                    "t_theta": 25.021,
                    "t_u": 25.021,
                    "t_utm_zone": 25.22,
                    "t_v": 25.021,
                    "t_x": 25.021,
                    "t_y": 25.021,
                    "theta": -14.500178946368056,
                    "throttle_L": 8380,
                    "throttle_R": 2885,
                    "u_raw": -0.1494217,
                    "utm_zone": 30,
                    "v_raw": 0.5678017,
                    "x": -0.7968852,
                    "y": 4.769592299999999
                }
            },
            "type": "Feature"
        },
        {
            "geometry": {
                "coordinates": [
                    -4.0836419,
                    39.794726499999996
                ],
                "type": "Point"
            },
            "properties": {
                "navegacion": {
                    "Ah": 0,
                    "du_raw": 0.0175788,
                    "dv_raw": 0.0205086,
                    "fecha utc": "2014-05-24 23:59:41",
                    "orientacion_raw": 1.847376,
                    "static_control": 0,
                    "t_Ah": 22.249,
                    "t_T_L": 25.542,
                    "t_T_R": 25.542,
                    "t_du": 25.38,
                    "t_dv": 25.38,
                    "t_lat": 25.662,
                    "t_lon": 25.662,
                    "t_orientacion": 25.662,
                    "t_static_control": 24.738,
                    "t_theta": 25.38,
                    "t_u": 25.38,
                    "t_utm_zone": 25.461,
                    "t_v": 25.38,
                    "t_x": 25.38,
                    "t_y": 25.38,
                    "theta": -14.500178946368056,
                    "throttle_L": 8443,
                    "throttle_R": 2795,
                    "u_raw": -0.1494217,
                    "utm_zone": 30,
                    "v_raw": 0.5777634,
                    "x": -0.8671985999999999,
                    "y": 4.9375632
                }
            },
            "type": "Feature"
        },
        {
            "geometry": {
                "coordinates": [
                    -4.083639799999999,
                    39.794726
                ],
                "type": "Point"
            },
            "properties": {
                "navegacion": {
                    "Ah": 0,
                    "du_raw": -0.0087894,
                    "dv_raw": 0.0380874,
                    "fecha utc": "2014-05-24 23:59:41",
                    "orientacion_raw": 1.847376,
                    "static_control": 0,
                    "t_Ah": 22.249,
                    "t_T_L": 25.542,
                    "t_T_R": 25.542,
                    "t_du": 25.702,
                    "t_dv": 25.702,
                    "t_lat": 25.984,
                    "t_lon": 25.984,
                    "t_orientacion": 25.662,
                    "t_static_control": 25.742,
                    "t_theta": 25.702,
                    "t_u": 25.702,
                    "t_utm_zone": 25.983,
                    "t_v": 25.702,
                    "t_x": 25.702,
                    "t_y": 25.702,
                    "theta": -15.422197545273947,
                    "throttle_L": 8443,
                    "throttle_R": 2795,
                    "u_raw": -0.1494217,
                    "utm_zone": 30,
                    "v_raw": 0.5777634,
                    "x": -0.9062615999999999,
                    "y": 5.179753799999999
                }
            },
            "type": "Feature"
        },
        {
            "geometry": {
                "coordinates": [
                    -4.0836369999999995,
                    39.7947254
                ],
                "type": "Point"
            },
            "properties": {
                "navegacion": {
                    "Ah": 0,
                    "du_raw": 0.019532,
                    "dv_raw": 0.0410172,
                    "fecha utc": "2014-05-24 23:59:41",
                    "orientacion_raw": 1.858842,
                    "static_control": 0,
                    "t_Ah": 22.249,
                    "t_T_L": 26.064,
                    "t_T_R": 26.064,
                    "t_du": 26.064,
                    "t_dv": 26.064,
                    "t_lat": 26.345,
                    "t_lon": 26.345,
                    "t_orientacion": 26.144,
                    "t_static_control": 25.742,
                    "t_theta": 26.064,
                    "t_u": 26.064,
                    "t_utm_zone": 26.224,
                    "t_v": 26.064,
                    "t_x": 26.064,
                    "t_y": 26.064,
                    "theta": -15.422197545273947,
                    "throttle_L": 8501,
                    "throttle_R": 2712,
                    "u_raw": -0.1593834,
                    "utm_zone": 30,
                    "v_raw": 0.5777634,
                    "x": -0.9687623999999999,
                    "y": 5.3477247
                }
            },
            "type": "Feature"
        },
        {
            "geometry": {
                "coordinates": [
                    -4.0836349,
                    39.794725
                ],
                "type": "Point"
            },
            "properties": {
                "navegacion": {
                    "Ah": 0,
                    "du_raw": -0.0507832,
                    "dv_raw": -0.078128,
                    "fecha utc": "2014-05-24 23:59:41",
                    "orientacion_raw": 1.870635,
                    "static_control": 0,
                    "t_Ah": 22.249,
                    "t_T_L": 26.546,
                    "t_T_R": 26.546,
                    "t_du": 26.425,
                    "t_dv": 26.425,
                    "t_lat": 26.706,
                    "t_lon": 26.706,
                    "t_orientacion": 26.666,
                    "t_static_control": 25.742,
                    "t_theta": 26.425,
                    "t_u": 26.425,
                    "t_utm_zone": 26.465,
                    "t_v": 26.425,
                    "t_x": 26.425,
                    "t_y": 26.425,
                    "theta": -16.07345531540688,
                    "throttle_L": 8553,
                    "throttle_R": 2635,
                    "u_raw": -0.1593834,
                    "utm_zone": 30,
                    "v_raw": 0.5777634,
                    "x": -1.0195443,
                    "y": 5.5977279
                }
            },
            "type": "Feature"
        },
        {
            "geometry": {
                "coordinates": [
                    -4.0836321,
                    39.7947244
                ],
                "type": "Point"
            },
            "properties": {
                "navegacion": {
                    "Ah": 0,
                    "du_raw": -0.0527364,
                    "dv_raw": 0.0253916,
                    "fecha utc": "2014-05-24 23:59:41",
                    "orientacion_raw": 1.870635,
                    "static_control": 0,
                    "t_Ah": 26.747,
                    "t_T_L": 27.068,
                    "t_T_R": 27.068,
                    "t_du": 26.787,
                    "t_dv": 26.787,
                    "t_lat": 27.068,
                    "t_lon": 27.068,
                    "t_orientacion": 26.666,
                    "t_static_control": 26.747,
                    "t_theta": 26.787,
                    "t_u": 26.787,
                    "t_utm_zone": 26.988,
                    "t_v": 26.787,
                    "t_x": 26.787,
                    "t_y": 26.787,
                    "theta": -16.07345531540688,
                    "throttle_L": 8601,
                    "throttle_R": 2565,
                    "u_raw": -0.1693432,
                    "utm_zone": 30,
                    "v_raw": 0.5877251,
                    "x": -1.0898576999999998,
                    "y": 5.7774177
                }
            },
            "type": "Feature"
        },
        {
            "geometry": {
                "coordinates": [
                    -4.083629999999999,
                    39.7947239
                ],
                "type": "Point"
            },
            "properties": {
                "navegacion": {
                    "Ah": 0,
                    "du_raw": -0.0312512,
                    "dv_raw": 0.0068362,
                    "fecha utc": "2014-05-24 23:59:41",
                    "orientacion_raw": 1.882729,
                    "static_control": 0,
                    "t_Ah": 26.747,
                    "t_T_L": 27.068,
                    "t_T_R": 27.068,
                    "t_du": 27.108,
                    "t_dv": 27.108,
                    "t_lat": 27.389,
                    "t_lon": 27.389,
                    "t_orientacion": 27.148,
                    "t_static_control": 26.747,
                    "t_theta": 27.108,
                    "t_u": 27.108,
                    "t_utm_zone": 27.229,
                    "t_v": 27.108,
                    "t_x": 27.108,
                    "t_y": 27.108,
                    "theta": -17.85024719120992,
                    "throttle_L": 8601,
                    "throttle_R": 2565,
                    "u_raw": -0.1693432,
                    "utm_zone": 30,
                    "v_raw": 0.5877251,
                    "x": -1.1367333,
                    "y": 6.027420899999999
                }
            },
            "type": "Feature"
        },
        {
            "geometry": {
                "coordinates": [
                    -4.0836272,
                    39.7947232
                ],
                "type": "Point"
            },
            "properties": {
                "navegacion": {
                    "Ah": 0,
                    "du_raw": -0.011719199999999999,
                    "dv_raw": -0.0615258,
                    "fecha utc": "2014-05-24 23:59:41",
                    "orientacion_raw": 1.895101,
                    "static_control": 0,
                    "t_Ah": 26.747,
                    "t_T_L": 27.55,
                    "t_T_R": 27.55,
                    "t_du": 27.47,
                    "t_dv": 27.47,
                    "t_lat": 27.751,
                    "t_lon": 27.751,
                    "t_orientacion": 27.63,
                    "t_static_control": 27.751,
                    "t_theta": 27.47,
                    "t_u": 27.47,
                    "t_utm_zone": 27.711,
                    "t_v": 27.47,
                    "t_x": 27.47,
                    "t_y": 27.47,
                    "theta": -17.85024719120992,
                    "throttle_L": 8644,
                    "throttle_R": 2501,
                    "u_raw": -0.1892666,
                    "utm_zone": 30,
                    "v_raw": 0.5877251,
                    "x": -1.2070466999999998,
                    "y": 6.207110699999999
                }
            },
            "type": "Feature"
        },
        {
            "geometry": {
                "coordinates": [
                    -4.083625,
                    39.7947227
                ],
                "type": "Point"
            },
            "properties": {
                "navegacion": {
                    "Ah": 0,
                    "du_raw": -0.0615258,
                    "dv_raw": 0.0263682,
                    "fecha utc": "2014-05-24 23:59:41",
                    "orientacion_raw": 1.895101,
                    "static_control": 0,
                    "t_Ah": 26.747,
                    "t_T_L": 28.032,
                    "t_T_R": 28.032,
                    "t_du": 27.831,
                    "t_dv": 27.831,
                    "t_lat": 28.112,
                    "t_lon": 28.112,
                    "t_orientacion": 27.63,
                    "t_static_control": 27.751,
                    "t_theta": 27.831,
                    "t_u": 27.831,
                    "t_utm_zone": 27.952,
                    "t_v": 27.831,
                    "t_x": 27.831,
                    "t_y": 27.831,
                    "theta": -18.725739975715594,
                    "throttle_L": 8682,
                    "throttle_R": 2443,
                    "u_raw": -0.1892666,
                    "utm_zone": 30,
                    "v_raw": 0.5877251,
                    "x": -1.2695474999999998,
                    "y": 6.449301299999999
                }
            },
            "type": "Feature"
        },
        {
            "geometry": {
                "coordinates": [
                    -4.0836222,
                    39.794722
                ],
                "type": "Point"
            },
            "properties": {
                "navegacion": {
                    "Ah": 0,
                    "du_raw": 0.0185554,
                    "dv_raw": 0.0400406,
                    "fecha utc": "2014-05-24 23:59:41",
                    "orientacion_raw": 1.907726,
                    "static_control": 0,
                    "t_Ah": 26.747,
                    "t_T_L": 28.032,
                    "t_T_R": 28.032,
                    "t_du": 28.152,
                    "t_dv": 28.152,
                    "t_lat": 28.434,
                    "t_lon": 28.434,
                    "t_orientacion": 28.152,
                    "t_static_control": 27.751,
                    "t_theta": 28.152,
                    "t_u": 28.152,
                    "t_utm_zone": 28.232,
                    "t_v": 28.152,
                    "t_x": 28.152,
                    "t_y": 28.152,
                    "theta": -18.43489418125232,
                    "throttle_L": 8682,
                    "throttle_R": 2443,
                    "u_raw": -0.1992283,
                    "utm_zone": 30,
                    "v_raw": 0.5877251,
                    "x": -1.3476735,
                    "y": 6.6368037
                }
            },
            "type": "Feature"
        },
        {
            "geometry": {
                "coordinates": [
                    -4.08362,
                    39.7947214
                ],
                "type": "Point"
            },
            "properties": {
                "navegacion": {
                    "Ah": 0,
                    "du_raw": -0.0185554,
                    "dv_raw": -0.0322278,
                    "fecha utc": "2014-05-24 23:59:41",
                    "orientacion_raw": 1.92058,
                    "static_control": 0,
                    "t_Ah": 26.747,
                    "t_T_L": 28.554,
                    "t_T_R": 28.554,
                    "t_du": 28.514,
                    "t_dv": 28.514,
                    "t_lat": 28.795,
                    "t_lon": 28.795,
                    "t_orientacion": 28.634,
                    "t_static_control": 28.754,
                    "t_theta": 28.514,
                    "t_u": 28.514,
                    "t_utm_zone": 28.714,
                    "t_v": 28.514,
                    "t_x": 28.514,
                    "t_y": 28.514,
                    "theta": -18.996614769393553,
                    "throttle_L": 8716,
                    "throttle_R": 2391,
                    "u_raw": -0.1992283,
                    "utm_zone": 30,
                    "v_raw": 0.5976868,
                    "x": -1.3984553999999998,
                    "y": 6.8672754
                }
            },
            "type": "Feature"
        },
        {
            "geometry": {
                "coordinates": [
                    -4.0836172,
                    39.7947206
                ],
                "type": "Point"
            },
            "properties": {
                "navegacion": {
                    "Ah": 0,
                    "du_raw": -0.0156256,
                    "dv_raw": 0.0761748,
                    "fecha utc": "2014-05-24 23:59:41",
                    "orientacion_raw": 1.93364,
                    "static_control": 0,
                    "t_Ah": 26.747,
                    "t_T_L": 29.036,
                    "t_T_R": 29.036,
                    "t_du": 28.875,
                    "t_dv": 28.875,
                    "t_lat": 29.156,
                    "t_lon": 29.156,
                    "t_orientacion": 29.155,
                    "t_static_control": 28.754,
                    "t_theta": 28.875,
                    "t_u": 28.875,
                    "t_utm_zone": 28.955,
                    "t_v": 28.875,
                    "t_x": 28.875,
                    "t_y": 28.875,
                    "theta": -19.832111657997192,
                    "throttle_L": 8745,
                    "throttle_R": 2346,
                    "u_raw": -0.20919000000000001,
                    "utm_zone": 30,
                    "v_raw": 0.6076485,
                    "x": -1.4883003,
                    "y": 7.0586841
                }
            },
            "type": "Feature"
        },
        {
            "geometry": {
                "coordinates": [
                    -4.083615,
                    39.79472
                ],
                "type": "Point"
            },
            "properties": {
                "navegacion": {
                    "Ah": 0,
                    "du_raw": -0.0058595999999999995,
                    "dv_raw": 0.0107426,
                    "fecha utc": "2014-05-24 23:59:41",
                    "orientacion_raw": 1.93364,
                    "static_control": 0,
                    "t_Ah": 26.747,
                    "t_T_L": 29.036,
                    "t_T_R": 29.036,
                    "t_du": 29.236,
                    "t_dv": 29.236,
                    "t_lat": 29.516,
                    "t_lon": 29.516,
                    "t_orientacion": 29.155,
                    "t_static_control": 28.754,
                    "t_theta": 29.236,
                    "t_u": 29.236,
                    "t_utm_zone": 29.476,
                    "t_v": 29.236,
                    "t_x": 29.236,
                    "t_y": 29.236,
                    "theta": -19.832111657997192,
                    "throttle_L": 8745,
                    "throttle_R": 2346,
                    "u_raw": -0.2191517,
                    "utm_zone": 30,
                    "v_raw": 0.6076485,
                    "x": -1.5468947999999998,
                    "y": 7.296968399999999
                }
            },
            "type": "Feature"
        },
        {
            "geometry": {
                "coordinates": [
                    -4.0836122,
                    39.7947193
                ],
                "type": "Point"
            },
            "properties": {
                "navegacion": {
                    "Ah": 0,
                    "du_raw": -0.0664088,
                    "dv_raw": -0.0693386,
                    "fecha utc": "2014-05-24 23:59:41",
                    "orientacion_raw": 1.946883,
                    "static_control": 0,
                    "t_Ah": 26.747,
                    "t_T_L": 29.557,
                    "t_T_R": 29.557,
                    "t_du": 29.557,
                    "t_dv": 29.557,
                    "t_lat": 29.838,
                    "t_lon": 29.838,
                    "t_orientacion": 29.637,
                    "t_static_control": 29.758,
                    "t_theta": 29.557,
                    "t_u": 29.557,
                    "t_utm_zone": 29.717,
                    "t_v": 29.557,
                    "t_x": 29.557,
                    "t_y": 29.557,
                    "theta": -19.832111657997192,
                    "throttle_L": 8771,
                    "throttle_R": 2306,
                    "u_raw": -0.2191517,
                    "utm_zone": 30,
                    "v_raw": 0.6076485,
                    "x": -1.6367397,
                    "y": 7.488377099999999
                }
            },
            "type": "Feature"
        },
        {
            "geometry": {
                "coordinates": [
                    -4.0836101,
                    39.794718599999996
                ],
                "type": "Point"
            },
            "properties": {
                "navegacion": {
                    "Ah": 0,
                    "du_raw": -0.0205086,
                    "dv_raw": -0.0410172,
                    "fecha utc": "2014-05-24 23:59:41",
                    "orientacion_raw": 1.96029,
                    "static_control": 0,
                    "t_Ah": 26.747,
                    "t_T_L": 30.039,
                    "t_T_R": 30.039,
                    "t_du": 29.918,
                    "t_dv": 29.918,
                    "t_lat": 30.199,
                    "t_lon": 30.199,
                    "t_orientacion": 30.159,
                    "t_static_control": 29.758,
                    "t_theta": 29.918,
                    "t_u": 29.918,
                    "t_utm_zone": 29.958,
                    "t_v": 29.918,
                    "t_x": 29.918,
                    "t_y": 29.918,
                    "theta": -21.80144088959339,
                    "throttle_L": 8792,
                    "throttle_R": 2271,
                    "u_raw": -0.2191517,
                    "utm_zone": 30,
                    "v_raw": 0.6076485,
                    "x": -1.6992405,
                    "y": 7.726661399999999
                }
            },
            "type": "Feature"
        },
        {
            "geometry": {
                "coordinates": [
                    -4.083607199999999,
                    39.7947178
                ],
                "type": "Point"
            },
            "properties": {
                "navegacion": {
                    "Ah": 0,
                    "du_raw": -0.0966834,
                    "dv_raw": -0.0126958,
                    "fecha utc": "2014-05-24 23:59:41",
                    "orientacion_raw": 1.96029,
                    "static_control": 0,
                    "t_Ah": 26.747,
                    "t_T_L": 30.561,
                    "t_T_R": 30.561,
                    "t_du": 30.28,
                    "t_dv": 30.28,
                    "t_lat": 30.561,
                    "t_lon": 30.561,
                    "t_orientacion": 30.159,
                    "t_static_control": 29.758,
                    "t_theta": 30.28,
                    "t_u": 30.28,
                    "t_utm_zone": 30.48,
                    "t_v": 30.28,
                    "t_x": 30.28,
                    "t_y": 30.28,
                    "theta": -21.80144088959339,
                    "throttle_L": 8810,
                    "throttle_R": 2242,
                    "u_raw": -0.2390751,
                    "utm_zone": 30,
                    "v_raw": 0.5976868,
                    "x": -1.7968979999999999,
                    "y": 7.9063512
                }
            },
            "type": "Feature"
        },
        {
            "geometry": {
                "coordinates": [
                    -4.0836051,
                    39.7947171
                ],
                "type": "Point"
            },
            "properties": {
                "navegacion": {
                    "Ah": 0,
                    "du_raw": -0.0312512,
                    "dv_raw": -0.0156256,
                    "fecha utc": "2014-05-24 23:59:41",
                    "orientacion_raw": 1.973838,
                    "static_control": 0,
                    "t_Ah": 26.747,
                    "t_T_L": 30.561,
                    "t_T_R": 30.561,
                    "t_du": 30.601,
                    "t_dv": 30.601,
                    "t_lat": 30.881,
                    "t_lon": 30.881,
                    "t_orientacion": 30.64,
                    "t_static_control": 30.761,
                    "t_theta": 30.601,
                    "t_u": 30.601,
                    "t_utm_zone": 30.721,
                    "t_v": 30.601,
                    "t_x": 30.601,
                    "t_y": 30.601,
                    "theta": -22.619761484478897,
                    "throttle_L": 8810,
                    "throttle_R": 2242,
                    "u_raw": -0.2390751,
                    "utm_zone": 30,
                    "v_raw": 0.5976868,
                    "x": -1.8672114,
                    "y": 8.148541799999999
                }
            },
            "type": "Feature"
        },
        {
            "geometry": {
                "coordinates": [
                    -4.0836022,
                    39.794716199999996
                ],
                "type": "Point"
            },
            "properties": {
                "navegacion": {
                    "Ah": 0,
                    "du_raw": -0.0185554,
                    "dv_raw": 0.0214852,
                    "fecha utc": "2014-05-24 23:59:41",
                    "orientacion_raw": 1.987508,
                    "static_control": 0,
                    "t_Ah": 31.242,
                    "t_T_L": 31.042,
                    "t_T_R": 31.042,
                    "t_du": 30.961,
                    "t_dv": 30.961,
                    "t_lat": 31.243,
                    "t_lon": 31.243,
                    "t_orientacion": 31.162,
                    "t_static_control": 30.761,
                    "t_theta": 30.961,
                    "t_u": 30.961,
                    "t_utm_zone": 31.202,
                    "t_v": 30.961,
                    "t_x": 30.961,
                    "t_y": 30.961,
                    "theta": -22.619761484478897,
                    "throttle_L": 8825,
                    "throttle_R": 2217,
                    "u_raw": -0.2490349,
                    "utm_zone": 30,
                    "v_raw": 0.5976868,
                    "x": -1.9687751999999998,
                    "y": 8.339950499999999
                }
            },
            "type": "Feature"
        },
        {
            "geometry": {
                "coordinates": [
                    -4.0836001,
                    39.794715499999995
                ],
                "type": "Point"
            },
            "properties": {
                "navegacion": {
                    "Ah": 0,
                    "du_raw": 0.0283214,
                    "dv_raw": -0.011719199999999999,
                    "fecha utc": "2014-05-24 23:59:41",
                    "orientacion_raw": 1.987508,
                    "static_control": 0,
                    "t_Ah": 31.242,
                    "t_T_L": 31.564,
                    "t_T_R": 31.564,
                    "t_du": 31.322,
                    "t_dv": 31.322,
                    "t_lat": 31.604,
                    "t_lon": 31.604,
                    "t_orientacion": 31.162,
                    "t_static_control": 30.761,
                    "t_theta": 31.322,
                    "t_u": 31.322,
                    "t_utm_zone": 31.483,
                    "t_v": 31.322,
                    "t_x": 31.322,
                    "t_y": 31.322,
                    "theta": -22.619761484478897,
                    "throttle_L": 8836,
                    "throttle_R": 2198,
                    "u_raw": -0.2490349,
                    "utm_zone": 30,
                    "v_raw": 0.5976868,
                    "x": -2.0390886,
                    "y": 8.578234799999999
                }
            },
            "type": "Feature"
        },
        {
            "geometry": {
                "coordinates": [
                    -4.0835972,
                    39.7947146
                ],
                "type": "Point"
            },
            "properties": {
                "navegacion": {
                    "Ah": 0,
                    "du_raw": 0.0859408,
                    "dv_raw": -0.0166022,
                    "fecha utc": "2014-05-24 23:59:41",
                    "orientacion_raw": 2.001281,
                    "static_control": 0,
                    "t_Ah": 31.242,
                    "t_T_L": 31.564,
                    "t_T_R": 31.564,
                    "t_du": 31.684,
                    "t_dv": 31.684,
                    "t_lat": 31.964,
                    "t_lon": 31.964,
                    "t_orientacion": 31.644,
                    "t_static_control": 31.764,
                    "t_theta": 31.684,
                    "t_u": 31.684,
                    "t_utm_zone": 31.724,
                    "t_v": 31.684,
                    "t_x": 31.684,
                    "t_y": 31.684,
                    "theta": -24.22768473120066,
                    "throttle_L": 8836,
                    "throttle_R": 2198,
                    "u_raw": -0.2490349,
                    "utm_zone": 30,
                    "v_raw": 0.5976868,
                    "x": -2.1367461,
                    "y": 8.769643499999999
                }
            },
            "type": "Feature"
        },
        {
            "geometry": {
                "coordinates": [
                    -4.0835951,
                    39.7947139
                ],
                "type": "Point"
            },
            "properties": {
                "navegacion": {
                    "Ah": 0,
                    "du_raw": 0.0009766,
                    "dv_raw": 0.0253916,
                    "fecha utc": "2014-05-24 23:59:41",
                    "orientacion_raw": 2.015139,
                    "static_control": 0,
                    "t_Ah": 31.242,
                    "t_T_L": 32.045,
                    "t_T_R": 32.045,
                    "t_du": 32.005,
                    "t_dv": 32.005,
                    "t_lat": 32.286,
                    "t_lon": 32.286,
                    "t_orientacion": 32.165,
                    "t_static_control": 31.764,
                    "t_theta": 32.005,
                    "t_u": 32.005,
                    "t_utm_zone": 32.205,
                    "t_v": 32.005,
                    "t_x": 32.005,
                    "t_y": 32.005,
                    "theta": -24.22768473120066,
                    "throttle_L": 8844,
                    "throttle_R": 2183,
                    "u_raw": -0.2689583,
                    "utm_zone": 30,
                    "v_raw": 0.5976868,
                    "x": -2.2187783999999997,
                    "y": 9.0079278
                }
            },
            "type": "Feature"
        },
        {
            "geometry": {
                "coordinates": [
                    -4.083592299999999,
                    39.7947129
                ],
                "type": "Point"
            },
            "properties": {
                "navegacion": {
                    "Ah": 0,
                    "du_raw": 0.1357474,
                    "dv_raw": 0.0517598,
                    "fecha utc": "2014-05-24 23:59:41",
                    "orientacion_raw": 2.029066,
                    "static_control": 0,
                    "t_Ah": 31.242,
                    "t_T_L": 32.567,
                    "t_T_R": 32.567,
                    "t_du": 32.366,
                    "t_dv": 32.366,
                    "t_lat": 32.647,
                    "t_lon": 32.647,
                    "t_orientacion": 32.647,
                    "t_static_control": 31.764,
                    "t_theta": 32.366,
                    "t_u": 32.366,
                    "t_utm_zone": 32.486,
                    "t_v": 32.366,
                    "t_x": 32.366,
                    "t_y": 32.366,
                    "theta": -25.3878755431345,
                    "throttle_L": 8850,
                    "throttle_R": 2172,
                    "u_raw": -0.2689583,
                    "utm_zone": 30,
                    "v_raw": 0.5976868,
                    "x": -2.3281547999999996,
                    "y": 9.1876176
                }
            },
            "type": "Feature"
        },
        {
            "geometry": {
                "coordinates": [
                    -4.0835902,
                    39.7947122
                ],
                "type": "Point"
            },
            "properties": {
                "navegacion": {
                    "Ah": 0,
                    "du_raw": 0.0312512,
                    "dv_raw": 0.058596,
                    "fecha utc": "2014-05-24 23:59:41",
                    "orientacion_raw": 2.029066,
                    "static_control": 0,
                    "t_Ah": 31.242,
                    "t_T_L": 32.567,
                    "t_T_R": 32.567,
                    "t_du": 32.728,
                    "t_dv": 32.728,
                    "t_lat": 33.009,
                    "t_lon": 33.009,
                    "t_orientacion": 32.647,
                    "t_static_control": 32.768,
                    "t_theta": 32.728,
                    "t_u": 32.728,
                    "t_utm_zone": 32.969,
                    "t_v": 32.728,
                    "t_x": 32.728,
                    "t_y": 32.728,
                    "theta": -25.3878755431345,
                    "throttle_L": 8850,
                    "throttle_R": 2172,
                    "u_raw": -0.27892,
                    "utm_zone": 30,
                    "v_raw": 0.5877251,
                    "x": -2.4179996999999998,
                    "y": 9.4298082
                }
            },
            "type": "Feature"
        },
        {
            "geometry": {
                "coordinates": [
                    -4.0835874,
                    39.7947111
                ],
                "type": "Point"
            },
            "properties": {
                "navegacion": {
                    "Ah": 0,
                    "du_raw": -0.0800812,
                    "dv_raw": -0.078128,
                    "fecha utc": "2014-05-24 23:59:41",
                    "orientacion_raw": 2.043044,
                    "static_control": 0,
                    "t_Ah": 31.242,
                    "t_T_L": 33.049,
                    "t_T_R": 33.049,
                    "t_du": 33.089,
                    "t_dv": 33.089,
                    "t_lat": 33.37,
                    "t_lon": 33.37,
                    "t_orientacion": 33.169,
                    "t_static_control": 32.768,
                    "t_theta": 33.089,
                    "t_u": 33.089,
                    "t_utm_zone": 33.209,
                    "t_v": 33.089,
                    "t_x": 33.089,
                    "t_y": 33.089,
                    "theta": -26.175279867612666,
                    "throttle_L": 8852,
                    "throttle_R": 2166,
                    "u_raw": -0.27892,
                    "utm_zone": 30,
                    "v_raw": 0.5877251,
                    "x": -2.5195635,
                    "y": 9.609497999999999
                }
            },
            "type": "Feature"
        },
        {
            "geometry": {
                "coordinates": [
                    -4.0835853,
                    39.7947103
                ],
                "type": "Point"
            },
            "properties": {
                "navegacion": {
                    "Ah": 0,
                    "du_raw": -0.0205086,
                    "dv_raw": -0.0859408,
                    "fecha utc": "2014-05-24 23:59:41",
                    "orientacion_raw": 2.057059,
                    "static_control": 0,
                    "t_Ah": 31.242,
                    "t_T_L": 33.571,
                    "t_T_R": 33.571,
                    "t_du": 33.41,
                    "t_dv": 33.41,
                    "t_lat": 33.691,
                    "t_lon": 33.691,
                    "t_orientacion": 33.65,
                    "t_static_control": 32.768,
                    "t_theta": 33.41,
                    "t_u": 33.41,
                    "t_utm_zone": 33.49,
                    "t_v": 33.41,
                    "t_x": 33.41,
                    "t_y": 33.41,
                    "theta": -26.175279867612666,
                    "throttle_L": 8852,
                    "throttle_R": 2163,
                    "u_raw": -0.2888817,
                    "utm_zone": 30,
                    "v_raw": 0.5877251,
                    "x": -2.6094084,
                    "y": 9.847782299999999
                }
            },
            "type": "Feature"
        },
        {
            "geometry": {
                "coordinates": [
                    -4.0835824999999994,
                    39.7947092
                ],
                "type": "Point"
            },
            "properties": {
                "navegacion": {
                    "Ah": 0,
                    "du_raw": -0.029298,
                    "dv_raw": 0.0419938,
                    "fecha utc": "2014-05-24 23:59:41",
                    "orientacion_raw": 2.057059,
                    "static_control": 0,
                    "t_Ah": 31.242,
                    "t_T_L": 34.052,
                    "t_T_R": 34.052,
                    "t_du": 33.772,
                    "t_dv": 33.772,
                    "t_lat": 34.053,
                    "t_lon": 34.053,
                    "t_orientacion": 33.65,
                    "t_static_control": 33.732,
                    "t_theta": 33.772,
                    "t_u": 33.772,
                    "t_utm_zone": 33.972,
                    "t_v": 33.772,
                    "t_x": 33.772,
                    "t_y": 33.772,
                    "theta": -27.34989628351833,
                    "throttle_L": 8850,
                    "throttle_R": 2164,
                    "u_raw": -0.2888817,
                    "utm_zone": 30,
                    "v_raw": 0.5877251,
                    "x": -2.7265973999999997,
                    "y": 10.027472099999999
                }
            },
            "type": "Feature"
        },
        {
            "geometry": {
                "coordinates": [
                    -4.0835804,
                    39.7947084
                ],
                "type": "Point"
            },
            "properties": {
                "navegacion": {
                    "Ah": 0,
                    "du_raw": 0.0869174,
                    "dv_raw": -0.046876799999999996,
                    "fecha utc": "2014-05-24 23:59:41",
                    "orientacion_raw": 2.071096,
                    "static_control": 0,
                    "t_Ah": 31.242,
                    "t_T_L": 34.052,
                    "t_T_R": 34.052,
                    "t_du": 34.132,
                    "t_dv": 34.132,
                    "t_lat": 34.413,
                    "t_lon": 34.413,
                    "t_orientacion": 34.133,
                    "t_static_control": 33.732,
                    "t_theta": 34.132,
                    "t_u": 34.132,
                    "t_utm_zone": 34.212,
                    "t_v": 34.132,
                    "t_x": 34.132,
                    "t_y": 34.132,
                    "theta": -27.34989628351833,
                    "throttle_L": 8850,
                    "throttle_R": 2164,
                    "u_raw": -0.2988434,
                    "utm_zone": 30,
                    "v_raw": 0.5777634,
                    "x": -2.8164423,
                    "y": 10.2696627
                }
            },
            "type": "Feature"
        },
        {
            "geometry": {
                "coordinates": [
                    -4.0835777,
                    39.7947073
                ],
                "type": "Point"
            },
            "properties": {
                "navegacion": {
                    "Ah": 0,
                    "du_raw": -0.019532,
                    "dv_raw": -0.0361342,
                    "fecha utc": "2014-05-24 23:59:41",
                    "orientacion_raw": 2.085142,
                    "static_control": 0,
                    "t_Ah": 31.242,
                    "t_T_L": 34.537,
                    "t_T_R": 34.537,
                    "t_du": 34.453,
                    "t_dv": 34.453,
                    "t_lat": 34.735,
                    "t_lon": 34.735,
                    "t_orientacion": 34.654,
                    "t_static_control": 34.734,
                    "t_theta": 34.453,
                    "t_u": 34.453,
                    "t_utm_zone": 34.734,
                    "t_v": 34.453,
                    "t_x": 34.453,
                    "t_y": 34.453,
                    "theta": -28.886641539018772,
                    "throttle_L": 8846,
                    "throttle_R": 2168,
                    "u_raw": -0.2988434,
                    "utm_zone": 30,
                    "v_raw": 0.5777634,
                    "x": -2.9375375999999997,
                    "y": 10.4493525
                }
            },
            "type": "Feature"
        },
        {
            "geometry": {
                "coordinates": [
                    -4.0835756,
                    39.7947065
                ],
                "type": "Point"
            },
            "properties": {
                "navegacion": {
                    "Ah": 0,
                    "du_raw": 0.014649,
                    "dv_raw": 0.0205086,
                    "fecha utc": "2014-05-24 23:59:41",
                    "orientacion_raw": 2.085142,
                    "static_control": 0,
                    "t_Ah": 31.242,
                    "t_T_L": 35.056,
                    "t_T_R": 35.056,
                    "t_du": 34.815,
                    "t_dv": 34.815,
                    "t_lat": 35.095,
                    "t_lon": 35.095,
                    "t_orientacion": 34.654,
                    "t_static_control": 34.734,
                    "t_theta": 34.815,
                    "t_u": 34.815,
                    "t_utm_zone": 34.975,
                    "t_v": 34.815,
                    "t_x": 34.815,
                    "t_y": 34.815,
                    "theta": -29.310078681833012,
                    "throttle_L": 8839,
                    "throttle_R": 2176,
                    "u_raw": -0.3187668,
                    "utm_zone": 30,
                    "v_raw": 0.5777634,
                    "x": -3.0391014,
                    "y": 10.679824199999999
                }
            },
            "type": "Feature"
        },
        {
            "geometry": {
                "coordinates": [
                    -4.0835729,
                    39.7947053
                ],
                "type": "Point"
            },
            "properties": {
                "navegacion": {
                    "Ah": 0,
                    "du_raw": -0.0566428,
                    "dv_raw": -0.011719199999999999,
                    "fecha utc": "2014-05-24 23:59:41",
                    "orientacion_raw": 2.099184,
                    "static_control": 0,
                    "t_Ah": 31.242,
                    "t_T_L": 35.056,
                    "t_T_R": 35.056,
                    "t_du": 35.176,
                    "t_dv": 35.176,
                    "t_lat": 35.457,
                    "t_lon": 35.457,
                    "t_orientacion": 35.136,
                    "t_static_control": 34.734,
                    "t_theta": 35.176,
                    "t_u": 35.176,
                    "t_utm_zone": 35.457,
                    "t_v": 35.176,
                    "t_x": 35.176,
                    "t_y": 35.176,
                    "theta": -29.310078681833012,
                    "throttle_L": 8839,
                    "throttle_R": 2176,
                    "u_raw": -0.3187668,
                    "utm_zone": 30,
                    "v_raw": 0.5678017,
                    "x": -3.1562903999999996,
                    "y": 10.847795099999999
                }
            },
            "type": "Feature"
        },
        {
            "geometry": {
                "coordinates": [
                    -4.0835709,
                    39.7947044
                ],
                "type": "Point"
            },
            "properties": {
                "navegacion": {
                    "Ah": 0,
                    "du_raw": 0.0839876,
                    "dv_raw": -0.0410172,
                    "fecha utc": "2014-05-24 23:59:41",
                    "orientacion_raw": 2.113209,
                    "static_control": 0,
                    "t_Ah": 35.738,
                    "t_T_L": 35.538,
                    "t_T_R": 35.538,
                    "t_du": 35.538,
                    "t_dv": 35.538,
                    "t_lat": 35.818,
                    "t_lon": 35.818,
                    "t_orientacion": 35.657,
                    "t_static_control": 35.738,
                    "t_theta": 35.538,
                    "t_u": 35.538,
                    "t_utm_zone": 35.738,
                    "t_v": 35.538,
                    "t_x": 35.538,
                    "t_y": 35.538,
                    "theta": -30.068529918365538,
                    "throttle_L": 8830,
                    "throttle_R": 2187,
                    "u_raw": -0.3187668,
                    "utm_zone": 30,
                    "v_raw": 0.5678017,
                    "x": -3.2578541999999997,
                    "y": 11.0899857
                }
            },
            "type": "Feature"
        },
        {
            "geometry": {
                "coordinates": [
                    -4.0835682,
                    39.7947032
                ],
                "type": "Point"
            },
            "properties": {
                "navegacion": {
                    "Ah": 0,
                    "du_raw": 0.0058595999999999995,
                    "dv_raw": 0.0126958,
                    "fecha utc": "2014-05-24 23:59:41",
                    "orientacion_raw": 2.127206,
                    "static_control": 0,
                    "t_Ah": 35.738,
                    "t_T_L": 36.059,
                    "t_T_R": 36.059,
                    "t_du": 35.858,
                    "t_dv": 35.858,
                    "t_lat": 36.139,
                    "t_lon": 36.139,
                    "t_orientacion": 36.139,
                    "t_static_control": 35.738,
                    "t_theta": 35.858,
                    "t_u": 35.858,
                    "t_utm_zone": 35.978,
                    "t_v": 35.858,
                    "t_x": 35.858,
                    "t_y": 35.858,
                    "theta": -30.510110663384275,
                    "throttle_L": 8820,
                    "throttle_R": 2200,
                    "u_raw": -0.3287266,
                    "utm_zone": 30,
                    "v_raw": 0.5678017,
                    "x": -3.3867621,
                    "y": 11.250143999999999
                }
            },
            "type": "Feature"
        },
        {
            "geometry": {
                "coordinates": [
                    -4.0835662,
                    39.7947023
                ],
                "type": "Point"
            },
            "properties": {
                "navegacion": {
                    "Ah": 0,
                    "du_raw": 0.0332044,
                    "dv_raw": 0.058596,
                    "fecha utc": "2014-05-24 23:59:41",
                    "orientacion_raw": 2.127206,
                    "static_control": 0,
                    "t_Ah": 35.738,
                    "t_T_L": 36.059,
                    "t_T_R": 36.059,
                    "t_du": 36.22,
                    "t_dv": 36.22,
                    "t_lat": 36.501,
                    "t_lon": 36.501,
                    "t_orientacion": 36.139,
                    "t_static_control": 35.738,
                    "t_theta": 36.22,
                    "t_u": 36.22,
                    "t_utm_zone": 36.46,
                    "t_v": 36.22,
                    "t_x": 36.22,
                    "t_y": 36.22,
                    "theta": -31.26362475363417,
                    "throttle_L": 8820,
                    "throttle_R": 2200,
                    "u_raw": -0.3287266,
                    "utm_zone": 30,
                    "v_raw": 0.5578419,
                    "x": -3.4883258999999995,
                    "y": 11.488428299999999
                }
            },
            "type": "Feature"
        },
        {
            "geometry": {
                "coordinates": [
                    -4.0835634999999995,
                    39.7947011
                ],
                "type": "Point"
            },
            "properties": {
                "navegacion": {
                    "Ah": 0,
                    "du_raw": 0.009766,
                    "dv_raw": 0,
                    "fecha utc": "2014-05-24 23:59:41",
                    "orientacion_raw": 2.141166,
                    "static_control": 0,
                    "t_Ah": 35.738,
                    "t_T_L": 36.541,
                    "t_T_R": 36.541,
                    "t_du": 36.581,
                    "t_dv": 36.581,
                    "t_lat": 36.862,
                    "t_lon": 36.862,
                    "t_orientacion": 36.661,
                    "t_static_control": 36.742,
                    "t_theta": 36.581,
                    "t_u": 36.581,
                    "t_utm_zone": 36.702,
                    "t_v": 36.581,
                    "t_x": 36.581,
                    "t_y": 36.581,
                    "theta": -32.47111514971535,
                    "throttle_L": 8808,
                    "throttle_R": 2216,
                    "u_raw": -0.3386883,
                    "utm_zone": 30,
                    "v_raw": 0.5578419,
                    "x": -3.6172337999999997,
                    "y": 11.6485866
                }
            },
            "type": "Feature"
        },
        {
            "geometry": {
                "coordinates": [
                    -4.0835615,
                    39.7947001
                ],
                "type": "Point"
            },
            "properties": {
                "navegacion": {
                    "Ah": 0,
                    "du_raw": 0.1328176,
                    "dv_raw": 0.0078128,
                    "fecha utc": "2014-05-24 23:59:41",
                    "orientacion_raw": 2.155078,
                    "static_control": 0,
                    "t_Ah": 35.738,
                    "t_T_L": 37.063,
                    "t_T_R": 37.063,
                    "t_du": 36.902,
                    "t_dv": 36.902,
                    "t_lat": 37.184,
                    "t_lon": 37.184,
                    "t_orientacion": 37.144,
                    "t_static_control": 36.742,
                    "t_theta": 36.902,
                    "t_u": 36.902,
                    "t_utm_zone": 36.983,
                    "t_v": 36.902,
                    "t_x": 36.902,
                    "t_y": 36.902,
                    "theta": -32.47111514971535,
                    "throttle_L": 8794,
                    "throttle_R": 2235,
                    "u_raw": -0.34865,
                    "utm_zone": 30,
                    "v_raw": 0.5478802,
                    "x": -3.7266101999999997,
                    "y": 11.879058299999999
                }
            },
            "type": "Feature"
        },
        {
            "geometry": {
                "coordinates": [
                    -4.0835589,
                    39.7946989
                ],
                "type": "Point"
            },
            "properties": {
                "navegacion": {
                    "Ah": 0,
                    "du_raw": 0.034181,
                    "dv_raw": -0.04883,
                    "fecha utc": "2014-05-24 23:59:41",
                    "orientacion_raw": 2.155078,
                    "static_control": 0,
                    "t_Ah": 35.738,
                    "t_T_L": 37.546,
                    "t_T_R": 37.546,
                    "t_du": 37.265,
                    "t_dv": 37.265,
                    "t_lat": 37.546,
                    "t_lon": 37.546,
                    "t_orientacion": 37.144,
                    "t_static_control": 36.742,
                    "t_theta": 37.265,
                    "t_u": 37.265,
                    "t_utm_zone": 37.465,
                    "t_v": 37.265,
                    "t_x": 37.265,
                    "t_y": 37.265,
                    "theta": -32.94914914019042,
                    "throttle_L": 8779,
                    "throttle_R": 2256,
                    "u_raw": -0.34865,
                    "utm_zone": 30,
                    "v_raw": 0.5478802,
                    "x": -3.8594243999999995,
                    "y": 12.047029199999999
                }
            },
            "type": "Feature"
        },
        {
            "geometry": {
                "coordinates": [
                    -4.083557,
                    39.794697899999996
                ],
                "type": "Point"
            },
            "properties": {
                "navegacion": {
                    "Ah": 0,
                    "du_raw": -0.0380874,
                    "dv_raw": -0.0156256,
                    "fecha utc": "2014-05-24 23:59:41",
                    "orientacion_raw": 2.168932,
                    "static_control": 0,
                    "t_Ah": 35.738,
                    "t_T_L": 37.546,
                    "t_T_R": 37.546,
                    "t_du": 37.626,
                    "t_dv": 37.626,
                    "t_lat": 37.907,
                    "t_lon": 37.907,
                    "t_orientacion": 37.665,
                    "t_static_control": 37.746,
                    "t_theta": 37.626,
                    "t_u": 37.626,
                    "t_utm_zone": 37.706,
                    "t_v": 37.626,
                    "t_x": 37.626,
                    "t_y": 37.626,
                    "theta": -32.94914914019042,
                    "throttle_L": 8779,
                    "throttle_R": 2256,
                    "u_raw": -0.34865,
                    "utm_zone": 30,
                    "v_raw": 0.5379185,
                    "x": -3.9688008,
                    "y": 12.269688299999999
                }
            },
            "type": "Feature"
        },
        {
            "geometry": {
                "coordinates": [
                    -4.0835544,
                    39.7946966
                ],
                "type": "Point"
            },
            "properties": {
                "navegacion": {
                    "Ah": 0,
                    "du_raw": 0.1005898,
                    "dv_raw": -0.0185554,
                    "fecha utc": "2014-05-24 23:59:41",
                    "orientacion_raw": 2.182721,
                    "static_control": 0,
                    "t_Ah": 35.738,
                    "t_T_L": 38.067,
                    "t_T_R": 38.067,
                    "t_du": 37.987,
                    "t_dv": 37.987,
                    "t_lat": 38.269,
                    "t_lon": 38.269,
                    "t_orientacion": 38.147,
                    "t_static_control": 37.746,
                    "t_theta": 37.987,
                    "t_u": 37.987,
                    "t_utm_zone": 38.229,
                    "t_v": 37.987,
                    "t_x": 37.987,
                    "t_y": 37.987,
                    "theta": -34.418336425009414,
                    "throttle_L": 8762,
                    "throttle_R": 2278,
                    "u_raw": -0.34865,
                    "utm_zone": 30,
                    "v_raw": 0.5379185,
                    "x": -4.1172401999999995,
                    "y": 12.437659199999999
                }
            },
            "type": "Feature"
        },
        {
            "geometry": {
                "coordinates": [
                    -4.0835525,
                    39.7946956
                ],
                "type": "Point"
            },
            "properties": {
                "navegacion": {
                    "Ah": 0,
                    "du_raw": -0.019532,
                    "dv_raw": -0.0166022,
                    "fecha utc": "2014-05-24 23:59:41",
                    "orientacion_raw": 2.182721,
                    "static_control": 0,
                    "t_Ah": 35.738,
                    "t_T_L": 38.55,
                    "t_T_R": 38.55,
                    "t_du": 38.309,
                    "t_dv": 38.309,
                    "t_lat": 38.59,
                    "t_lon": 38.59,
                    "t_orientacion": 38.147,
                    "t_static_control": 37.746,
                    "t_theta": 38.309,
                    "t_u": 38.309,
                    "t_utm_zone": 38.47,
                    "t_v": 38.309,
                    "t_x": 38.309,
                    "t_y": 38.309,
                    "theta": -34.91938631835055,
                    "throttle_L": 8744,
                    "throttle_R": 2303,
                    "u_raw": -0.3685734,
                    "utm_zone": 30,
                    "v_raw": 0.5379185,
                    "x": -4.2188039999999996,
                    "y": 12.656412
                }
            },
            "type": "Feature"
        },
        {
            "geometry": {
                "coordinates": [
                    -4.08355,
                    39.794694299999996
                ],
                "type": "Point"
            },
            "properties": {
                "navegacion": {
                    "Ah": 0,
                    "du_raw": -0.024415,
                    "dv_raw": 0.0029297999999999998,
                    "fecha utc": "2014-05-24 23:59:41",
                    "orientacion_raw": 2.196436,
                    "static_control": 0,
                    "t_Ah": 35.738,
                    "t_T_L": 38.55,
                    "t_T_R": 38.55,
                    "t_du": 38.67,
                    "t_dv": 38.67,
                    "t_lat": 38.952,
                    "t_lon": 38.952,
                    "t_orientacion": 38.63,
                    "t_static_control": 38.751,
                    "t_theta": 38.67,
                    "t_u": 38.67,
                    "t_utm_zone": 38.952,
                    "t_v": 38.67,
                    "t_x": 38.67,
                    "t_y": 38.67,
                    "theta": -34.91938631835055,
                    "throttle_L": 8744,
                    "throttle_R": 2303,
                    "u_raw": -0.3685734,
                    "utm_zone": 30,
                    "v_raw": 0.5279568,
                    "x": -4.3672433999999996,
                    "y": 12.816570299999999
                }
            },
            "type": "Feature"
        },
        {
            "geometry": {
                "coordinates": [
                    -4.0835481,
                    39.7946932
                ],
                "type": "Point"
            },
            "properties": {
                "navegacion": {
                    "Ah": 0,
                    "du_raw": 0.0361342,
                    "dv_raw": 0.014649,
                    "fecha utc": "2014-05-24 23:59:41",
                    "orientacion_raw": 2.21007,
                    "static_control": 0,
                    "t_Ah": 35.738,
                    "t_T_L": 39.033,
                    "t_T_R": 39.033,
                    "t_du": 39.032,
                    "t_dv": 39.032,
                    "t_lat": 39.313,
                    "t_lon": 39.313,
                    "t_orientacion": 39.152,
                    "t_static_control": 38.751,
                    "t_theta": 39.032,
                    "t_u": 39.032,
                    "t_utm_zone": 39.232,
                    "t_v": 39.032,
                    "t_x": 39.032,
                    "t_y": 39.032,
                    "theta": -36.15820124742298,
                    "throttle_L": 8724,
                    "throttle_R": 2330,
                    "u_raw": -0.3685734,
                    "utm_zone": 30,
                    "v_raw": 0.5279568,
                    "x": -4.4766198,
                    "y": 13.027510499999998
                }
            },
            "type": "Feature"
        },
        {
            "geometry": {
                "coordinates": [
                    -4.0835456,
                    39.7946919
                ],
                "type": "Point"
            },
            "properties": {
                "navegacion": {
                    "Ah": 0,
                    "du_raw": -0.0410172,
                    "dv_raw": 0.0156256,
                    "fecha utc": "2014-05-24 23:59:41",
                    "orientacion_raw": 2.223616,
                    "static_control": 0,
                    "t_Ah": 35.738,
                    "t_T_L": 39.554,
                    "t_T_R": 39.554,
                    "t_du": 39.353,
                    "t_dv": 39.353,
                    "t_lat": 39.634,
                    "t_lon": 39.634,
                    "t_orientacion": 39.634,
                    "t_static_control": 38.751,
                    "t_theta": 39.353,
                    "t_u": 39.353,
                    "t_utm_zone": 39.473,
                    "t_v": 39.353,
                    "t_x": 39.353,
                    "t_y": 39.353,
                    "theta": -36.15820124742298,
                    "throttle_L": 8704,
                    "throttle_R": 2358,
                    "u_raw": -0.3785351,
                    "utm_zone": 30,
                    "v_raw": 0.5179951,
                    "x": -4.6289655,
                    "y": 13.187668799999999
                }
            },
            "type": "Feature"
        },
        {
            "geometry": {
                "coordinates": [
                    -4.0835437,
                    39.7946908
                ],
                "type": "Point"
            },
            "properties": {
                "navegacion": {
                    "Ah": 0,
                    "du_raw": 0.0087894,
                    "dv_raw": 0.122075,
                    "fecha utc": "2014-05-24 23:59:41",
                    "orientacion_raw": 2.223616,
                    "static_control": 0,
                    "t_Ah": 35.738,
                    "t_T_L": 39.554,
                    "t_T_R": 39.554,
                    "t_du": 39.715,
                    "t_dv": 39.715,
                    "t_lat": 39.996,
                    "t_lon": 39.996,
                    "t_orientacion": 39.634,
                    "t_static_control": 39.755,
                    "t_theta": 39.715,
                    "t_u": 39.715,
                    "t_utm_zone": 39.955,
                    "t_v": 39.715,
                    "t_x": 39.715,
                    "t_y": 39.715,
                    "theta": -36.68975255106136,
                    "throttle_L": 8704,
                    "throttle_R": 2358,
                    "u_raw": -0.3785351,
                    "utm_zone": 30,
                    "v_raw": 0.5179951,
                    "x": -4.7500608,
                    "y": 13.398608999999999
                }
            },
            "type": "Feature"
        },
        {
            "geometry": {
                "coordinates": [
                    -4.083541299999999,
                    39.794689399999996
                ],
                "type": "Point"
            },
            "properties": {
                "navegacion": {
                    "Ah": 0,
                    "du_raw": 0.0371108,
                    "dv_raw": 0.0166022,
                    "fecha utc": "2014-05-24 23:59:41",
                    "orientacion_raw": 2.237067,
                    "static_control": 0,
                    "t_Ah": 40.236,
                    "t_T_L": 40.036,
                    "t_T_R": 40.036,
                    "t_du": 40.076,
                    "t_dv": 40.076,
                    "t_lat": 40.357,
                    "t_lon": 40.357,
                    "t_orientacion": 40.156,
                    "t_static_control": 39.755,
                    "t_theta": 40.076,
                    "t_u": 40.076,
                    "t_utm_zone": 40.236,
                    "t_v": 40.076,
                    "t_x": 40.076,
                    "t_y": 40.076,
                    "theta": -37.40540435338095,
                    "throttle_L": 8683,
                    "throttle_R": 2388,
                    "u_raw": -0.3785351,
                    "utm_zone": 30,
                    "v_raw": 0.5080334,
                    "x": -4.8985002,
                    "y": 13.5587673
                }
            },
            "type": "Feature"
        },
        {
            "geometry": {
                "coordinates": [
                    -4.0835395,
                    39.7946884
                ],
                "type": "Point"
            },
            "properties": {
                "navegacion": {
                    "Ah": 0,
                    "du_raw": 0.009766,
                    "dv_raw": -0.1386772,
                    "fecha utc": "2014-05-24 23:59:41",
                    "orientacion_raw": 2.250417,
                    "static_control": 0,
                    "t_Ah": 40.236,
                    "t_T_L": 40.558,
                    "t_T_R": 40.558,
                    "t_du": 40.437,
                    "t_dv": 40.437,
                    "t_lat": 40.718,
                    "t_lon": 40.718,
                    "t_orientacion": 40.638,
                    "t_static_control": 39.755,
                    "t_theta": 40.437,
                    "t_u": 40.437,
                    "t_utm_zone": 40.718,
                    "t_v": 40.437,
                    "t_x": 40.437,
                    "t_y": 40.437,
                    "theta": -37.95429338488292,
                    "throttle_L": 8660,
                    "throttle_R": 2420,
                    "u_raw": -0.38849680000000003,
                    "utm_zone": 30,
                    "v_raw": 0.5080334,
                    "x": -5.019595499999999,
                    "y": 13.769707499999999
                }
            },
            "type": "Feature"
        },
        {
            "geometry": {
                "coordinates": [
                    -4.0835371,
                    39.794686999999996
                ],
                "type": "Point"
            },
            "properties": {
                "navegacion": {
                    "Ah": 0,
                    "du_raw": -0.0546896,
                    "dv_raw": 0.0312512,
                    "fecha utc": "2014-05-24 23:59:41",
                    "orientacion_raw": 2.250417,
                    "static_control": 0,
                    "t_Ah": 40.236,
                    "t_T_L": 41.039,
                    "t_T_R": 41.039,
                    "t_du": 40.759,
                    "t_dv": 40.759,
                    "t_lat": 41.04,
                    "t_lon": 41.04,
                    "t_orientacion": 40.638,
                    "t_static_control": 40.758,
                    "t_theta": 40.759,
                    "t_u": 40.759,
                    "t_utm_zone": 40.959,
                    "t_v": 40.759,
                    "t_x": 40.759,
                    "t_y": 40.759,
                    "theta": -38.65988821749613,
                    "throttle_L": 8637,
                    "throttle_R": 2453,
                    "u_raw": -0.38849680000000003,
                    "utm_zone": 30,
                    "v_raw": 0.4980717,
                    "x": -5.168034899999999,
                    "y": 13.918146899999998
                }
            },
            "type": "Feature"
        },
        {
            "geometry": {
                "coordinates": [
                    -4.083535299999999,
                    39.7946859
                ],
                "type": "Point"
            },
            "properties": {
                "navegacion": {
                    "Ah": 0,
                    "du_raw": -0.073245,
                    "dv_raw": 0.0039064,
                    "fecha utc": "2014-05-24 23:59:41",
                    "orientacion_raw": 2.263662,
                    "static_control": 0,
                    "t_Ah": 40.236,
                    "t_T_L": 41.039,
                    "t_T_R": 41.039,
                    "t_du": 41.119,
                    "t_dv": 41.119,
                    "t_lat": 41.401,
                    "t_lon": 41.401,
                    "t_orientacion": 41.159,
                    "t_static_control": 40.758,
                    "t_theta": 41.119,
                    "t_u": 41.119,
                    "t_utm_zone": 41.24,
                    "t_v": 41.119,
                    "t_x": 41.119,
                    "t_y": 41.119,
                    "theta": -39.225769696371984,
                    "throttle_L": 8637,
                    "throttle_R": 2453,
                    "u_raw": -0.3984585,
                    "utm_zone": 30,
                    "v_raw": 0.4980717,
                    "x": -5.2891302,
                    "y": 14.1173682
                }
            },
            "type": "Feature"
        },
        {
            "geometry": {
                "coordinates": [
                    -4.083533,
                    39.7946844
                ],
                "type": "Point"
            },
            "properties": {
                "navegacion": {
                    "Ah": 0,
                    "du_raw": 0.0517598,
                    "dv_raw": -0.0156256,
                    "fecha utc": "2014-05-24 23:59:41",
                    "orientacion_raw": 2.276794,
                    "static_control": 0,
                    "t_Ah": 40.236,
                    "t_T_L": 41.562,
                    "t_T_R": 41.562,
                    "t_du": 41.481,
                    "t_dv": 41.481,
                    "t_lat": 41.762,
                    "t_lon": 41.762,
                    "t_orientacion": 41.641,
                    "t_static_control": 41.762,
                    "t_theta": 41.481,
                    "t_u": 41.481,
                    "t_utm_zone": 41.722,
                    "t_v": 41.481,
                    "t_x": 41.481,
                    "t_y": 41.481,
                    "theta": -40.50273320592493,
                    "throttle_L": 8612,
                    "throttle_R": 2486,
                    "u_raw": -0.3984585,
                    "utm_zone": 30,
                    "v_raw": 0.48811,
                    "x": -5.4492885,
                    "y": 14.2697139
                }
            },
            "type": "Feature"
        },
        {
            "geometry": {
                "coordinates": [
                    -4.0835311999999995,
                    39.794683299999996
                ],
                "type": "Point"
            },
            "properties": {
                "navegacion": {
                    "Ah": 0,
                    "du_raw": -0.0429704,
                    "dv_raw": 0.1347708,
                    "fecha utc": "2014-05-24 23:59:41",
                    "orientacion_raw": 2.276794,
                    "static_control": 0,
                    "t_Ah": 40.236,
                    "t_T_L": 42.044,
                    "t_T_R": 42.044,
                    "t_du": 41.802,
                    "t_dv": 41.802,
                    "t_lat": 42.083,
                    "t_lon": 42.083,
                    "t_orientacion": 41.641,
                    "t_static_control": 41.762,
                    "t_theta": 41.802,
                    "t_u": 41.802,
                    "t_utm_zone": 41.963,
                    "t_v": 41.802,
                    "t_x": 41.802,
                    "t_y": 41.802,
                    "theta": -40.50273320592493,
                    "throttle_L": 8587,
                    "throttle_R": 2521,
                    "u_raw": -0.4084183,
                    "utm_zone": 30,
                    "v_raw": 0.4781502,
                    "x": -5.5664774999999995,
                    "y": 14.468935199999999
                }
            },
            "type": "Feature"
        },
        {
            "geometry": {
                "coordinates": [
                    -4.0835289,
                    39.7946818
                ],
                "type": "Point"
            },
            "properties": {
                "navegacion": {
                    "Ah": 0,
                    "du_raw": 0.0068362,
                    "dv_raw": -0.0029297999999999998,
                    "fecha utc": "2014-05-24 23:59:41",
                    "orientacion_raw": 2.289812,
                    "static_control": 0,
                    "t_Ah": 40.236,
                    "t_T_L": 42.044,
                    "t_T_R": 42.044,
                    "t_du": 42.164,
                    "t_dv": 42.164,
                    "t_lat": 42.445,
                    "t_lon": 42.445,
                    "t_orientacion": 42.163,
                    "t_static_control": 41.762,
                    "t_theta": 42.164,
                    "t_u": 42.164,
                    "t_utm_zone": 42.204,
                    "t_v": 42.164,
                    "t_x": 42.164,
                    "t_y": 42.164,
                    "theta": -41.099405121351595,
                    "throttle_L": 8587,
                    "throttle_R": 2521,
                    "u_raw": -0.4084183,
                    "utm_zone": 30,
                    "v_raw": 0.4781502,
                    "x": -5.7266357999999995,
                    "y": 14.6173746
                }
            },
            "type": "Feature"
        },
        {
            "geometry": {
                "coordinates": [
                    -4.0835272,
                    39.7946807
                ],
                "type": "Point"
            },
            "properties": {
                "navegacion": {
                    "Ah": 0,
                    "du_raw": -0.019532,
                    "dv_raw": 0.009766,
                    "fecha utc": "2014-05-24 23:59:41",
                    "orientacion_raw": 2.302709,
                    "static_control": 0,
                    "t_Ah": 40.236,
                    "t_T_L": 42.565,
                    "t_T_R": 42.565,
                    "t_du": 42.525,
                    "t_dv": 42.525,
                    "t_lat": 42.806,
                    "t_lon": 42.806,
                    "t_orientacion": 42.645,
                    "t_static_control": 42.766,
                    "t_theta": 42.525,
                    "t_u": 42.525,
                    "t_utm_zone": 42.726,
                    "t_v": 42.525,
                    "t_x": 42.525,
                    "t_y": 42.525,
                    "theta": -40.50273320592493,
                    "throttle_L": 8562,
                    "throttle_R": 2557,
                    "u_raw": -0.4084183,
                    "utm_zone": 30,
                    "v_raw": 0.4681885,
                    "x": -5.85945,
                    "y": 14.8165959
                }
            },
            "type": "Feature"
        },
        {
            "geometry": {
                "coordinates": [
                    -4.083525,
                    39.7946792
                ],
                "type": "Point"
            },
            "properties": {
                "navegacion": {
                    "Ah": 0,
                    "du_raw": -0.0126958,
                    "dv_raw": -0.0175788,
                    "fecha utc": "2014-05-24 23:59:41",
                    "orientacion_raw": 2.315482,
                    "static_control": 0,
                    "t_Ah": 40.236,
                    "t_T_L": 43.047,
                    "t_T_R": 43.047,
                    "t_du": 42.886,
                    "t_dv": 42.886,
                    "t_lat": 43.167,
                    "t_lon": 43.167,
                    "t_orientacion": 43.167,
                    "t_static_control": 42.766,
                    "t_theta": 42.886,
                    "t_u": 42.886,
                    "t_utm_zone": 42.966,
                    "t_v": 42.886,
                    "t_x": 42.886,
                    "t_y": 42.886,
                    "theta": -41.78443348874988,
                    "throttle_L": 8535,
                    "throttle_R": 2594,
                    "u_raw": -0.4084183,
                    "utm_zone": 30,
                    "v_raw": 0.4781502,
                    "x": -6.027420899999999,
                    "y": 14.9494101
                }
            },
            "type": "Feature"
        },
        {
            "geometry": {
                "coordinates": [
                    -4.0835232999999995,
                    39.7946781
                ],
                "type": "Point"
            },
            "properties": {
                "navegacion": {
                    "Ah": 0,
                    "du_raw": 0.0361342,
                    "dv_raw": 0.0263682,
                    "fecha utc": "2014-05-24 23:59:41",
                    "orientacion_raw": 2.315482,
                    "static_control": 0,
                    "t_Ah": 40.236,
                    "t_T_L": 43.047,
                    "t_T_R": 43.047,
                    "t_du": 43.207,
                    "t_dv": 43.207,
                    "t_lat": 43.488,
                    "t_lon": 43.488,
                    "t_orientacion": 43.167,
                    "t_static_control": 42.766,
                    "t_theta": 43.207,
                    "t_u": 43.207,
                    "t_utm_zone": 43.488,
                    "t_v": 43.207,
                    "t_x": 43.207,
                    "t_y": 43.207,
                    "theta": -41.78443348874988,
                    "throttle_L": 8535,
                    "throttle_R": 2594,
                    "u_raw": -0.41838000000000003,
                    "utm_zone": 30,
                    "v_raw": 0.4681885,
                    "x": -6.1485161999999995,
                    "y": 15.1486314
                }
            },
            "type": "Feature"
        },
        {
            "geometry": {
                "coordinates": [
                    -4.0835211,
                    39.794676599999995
                ],
                "type": "Point"
            },
            "properties": {
                "navegacion": {
                    "Ah": 0,
                    "du_raw": -0.0126958,
                    "dv_raw": -0.0058595999999999995,
                    "fecha utc": "2014-05-24 23:59:41",
                    "orientacion_raw": 2.328127,
                    "static_control": 0,
                    "t_Ah": 40.236,
                    "t_T_L": 43.569,
                    "t_T_R": 43.569,
                    "t_du": 43.569,
                    "t_dv": 43.569,
                    "t_lat": 43.849,
                    "t_lon": 43.849,
                    "t_orientacion": 43.648,
                    "t_static_control": 43.769,
                    "t_theta": 43.569,
                    "t_u": 43.569,
                    "t_utm_zone": 43.729,
                    "t_v": 43.569,
                    "t_x": 43.569,
                    "t_y": 43.569,
                    "theta": -42.397370199544355,
                    "throttle_L": 8508,
                    "throttle_R": 2632,
                    "u_raw": -0.41838000000000003,
                    "utm_zone": 30,
                    "v_raw": 0.4681885,
                    "x": -6.3164871,
                    "y": 15.289258199999999
                }
            },
            "type": "Feature"
        },
        {
            "geometry": {
                "coordinates": [
                    -4.0835194999999995,
                    39.794675399999996
                ],
                "type": "Point"
            },
            "properties": {
                "navegacion": {
                    "Ah": 0,
                    "du_raw": 0.0498066,
                    "dv_raw": -0.1005898,
                    "fecha utc": "2014-05-24 23:59:41",
                    "orientacion_raw": 2.340642,
                    "static_control": 0,
                    "t_Ah": 40.236,
                    "t_T_L": 44.05,
                    "t_T_R": 44.05,
                    "t_du": 43.929,
                    "t_dv": 43.929,
                    "t_lat": 44.21,
                    "t_lon": 44.21,
                    "t_orientacion": 44.17,
                    "t_static_control": 43.769,
                    "t_theta": 43.929,
                    "t_u": 43.929,
                    "t_utm_zone": 43.969,
                    "t_v": 43.929,
                    "t_x": 43.929,
                    "t_y": 43.929,
                    "theta": -42.397370199544355,
                    "throttle_L": 8481,
                    "throttle_R": 2670,
                    "u_raw": -0.41838000000000003,
                    "utm_zone": 30,
                    "v_raw": 0.4582268,
                    "x": -6.449301299999999,
                    "y": 15.476760599999999
                }
            },
            "type": "Feature"
        },
        {
            "geometry": {
                "coordinates": [
                    -4.0835173,
                    39.7946739
                ],
                "type": "Point"
            },
            "properties": {
                "navegacion": {
                    "Ah": 0,
                    "du_raw": -0.023438399999999998,
                    "dv_raw": 0.0185554,
                    "fecha utc": "2014-05-24 23:59:41",
                    "orientacion_raw": 2.340642,
                    "static_control": 0,
                    "t_Ah": 40.236,
                    "t_T_L": 44.532,
                    "t_T_R": 44.532,
                    "t_du": 44.251,
                    "t_dv": 44.251,
                    "t_lat": 44.532,
                    "t_lon": 44.532,
                    "t_orientacion": 44.17,
                    "t_static_control": 43.769,
                    "t_theta": 44.251,
                    "t_u": 44.251,
                    "t_utm_zone": 44.451,
                    "t_v": 44.251,
                    "t_x": 44.251,
                    "t_y": 44.251,
                    "theta": -43.69801347609444,
                    "throttle_L": 8453,
                    "throttle_R": 2709,
                    "u_raw": -0.41838000000000003,
                    "utm_zone": 30,
                    "v_raw": 0.4582268,
                    "x": -6.6172721999999995,
                    "y": 15.609574799999999
                }
            },
            "type": "Feature"
        },
        {
            "geometry": {
                "coordinates": [
                    -4.0835156999999995,
                    39.7946727
                ],
                "type": "Point"
            },
            "properties": {
                "navegacion": {
                    "Ah": 0,
                    "du_raw": 0.053713,
                    "dv_raw": 0.0419938,
                    "fecha utc": "2014-05-24 23:59:41",
                    "orientacion_raw": 2.353023,
                    "static_control": 0,
                    "t_Ah": 44.732,
                    "t_T_L": 44.532,
                    "t_T_R": 44.532,
                    "t_du": 44.611,
                    "t_dv": 44.611,
                    "t_lat": 44.892,
                    "t_lon": 44.892,
                    "t_orientacion": 44.652,
                    "t_static_control": 44.733,
                    "t_theta": 44.611,
                    "t_u": 44.611,
                    "t_utm_zone": 44.732,
                    "t_v": 44.611,
                    "t_x": 44.611,
                    "t_y": 44.611,
                    "theta": -43.69801347609444,
                    "throttle_L": 8453,
                    "throttle_R": 2709,
                    "u_raw": -0.4283417,
                    "utm_zone": 30,
                    "v_raw": 0.4482651,
                    "x": -6.7500864,
                    "y": 15.797077199999999
                }
            },
            "type": "Feature"
        },
        {
            "geometry": {
                "coordinates": [
                    -4.0835136,
                    39.794671099999995
                ],
                "type": "Point"
            },
            "properties": {
                "navegacion": {
                    "Ah": 0,
                    "du_raw": -0.078128,
                    "dv_raw": 0.014649,
                    "fecha utc": "2014-05-24 23:59:41",
                    "orientacion_raw": 2.365268,
                    "static_control": 0,
                    "t_Ah": 44.732,
                    "t_T_L": 45.053,
                    "t_T_R": 45.053,
                    "t_du": 44.973,
                    "t_dv": 44.973,
                    "t_lat": 45.254,
                    "t_lon": 45.254,
                    "t_orientacion": 45.133,
                    "t_static_control": 44.733,
                    "t_theta": 44.973,
                    "t_u": 44.973,
                    "t_utm_zone": 45.213,
                    "t_v": 44.973,
                    "t_x": 44.973,
                    "t_y": 44.973,
                    "theta": -45,
                    "throttle_L": 8424,
                    "throttle_R": 2749,
                    "u_raw": -0.4283417,
                    "utm_zone": 30,
                    "v_raw": 0.4482651,
                    "x": -6.918057299999999,
                    "y": 15.929891399999999
                }
            },
            "type": "Feature"
        },
        {
            "geometry": {
                "coordinates": [
                    -4.0835121,
                    39.794669999999996
                ],
                "type": "Point"
            },
            "properties": {
                "navegacion": {
                    "Ah": 0,
                    "du_raw": 0.0087894,
                    "dv_raw": -0.0068362,
                    "fecha utc": "2014-05-24 23:59:41",
                    "orientacion_raw": 2.365268,
                    "static_control": 0,
                    "t_Ah": 44.732,
                    "t_T_L": 45.535,
                    "t_T_R": 45.535,
                    "t_du": 45.334,
                    "t_dv": 45.334,
                    "t_lat": 45.615,
                    "t_lon": 45.615,
                    "t_orientacion": 45.133,
                    "t_static_control": 44.733,
                    "t_theta": 45.334,
                    "t_u": 45.334,
                    "t_utm_zone": 45.454,
                    "t_v": 45.334,
                    "t_x": 45.334,
                    "t_y": 45.334,
                    "theta": -45,
                    "throttle_L": 8396,
                    "throttle_R": 2788,
                    "u_raw": -0.4383034,
                    "utm_zone": 30,
                    "v_raw": 0.4383034,
                    "x": -7.0469652,
                    "y": 16.109581199999997
                }
            },
            "type": "Feature"
        },
        {
            "geometry": {
                "coordinates": [
                    -4.0835099999999995,
                    39.7946684
                ],
                "type": "Point"
            },
            "properties": {
                "navegacion": {
                    "Ah": 0,
                    "du_raw": -0.0205086,
                    "dv_raw": 0.0253916,
                    "fecha utc": "2014-05-24 23:59:41",
                    "orientacion_raw": 2.377373,
                    "static_control": 0,
                    "t_Ah": 44.732,
                    "t_T_L": 45.535,
                    "t_T_R": 45.535,
                    "t_du": 45.655,
                    "t_dv": 45.655,
                    "t_lat": 45.936,
                    "t_lon": 45.936,
                    "t_orientacion": 45.655,
                    "t_static_control": 45.735,
                    "t_theta": 45.655,
                    "t_u": 45.655,
                    "t_utm_zone": 45.735,
                    "t_v": 45.655,
                    "t_x": 45.655,
                    "t_y": 45.655,
                    "theta": -45.65856050122016,
                    "throttle_L": 8396,
                    "throttle_R": 2788,
                    "u_raw": -0.4383034,
                    "utm_zone": 30,
                    "v_raw": 0.4383034,
                    "x": -7.226654999999999,
                    "y": 16.2384891
                }
            },
            "type": "Feature"
        },
        {
            "geometry": {
                "coordinates": [
                    -4.0835085,
                    39.7946672
                ],
                "type": "Point"
            },
            "properties": {
                "navegacion": {
                    "Ah": 0,
                    "du_raw": 0.058596,
                    "dv_raw": 0.0029297999999999998,
                    "fecha utc": "2014-05-24 23:59:41",
                    "orientacion_raw": 2.389338,
                    "static_control": 0,
                    "t_Ah": 44.732,
                    "t_T_L": 46.056,
                    "t_T_R": 46.056,
                    "t_du": 46.016,
                    "t_dv": 46.016,
                    "t_lat": 46.297,
                    "t_lon": 46.297,
                    "t_orientacion": 46.136,
                    "t_static_control": 45.735,
                    "t_theta": 46.016,
                    "t_u": 46.016,
                    "t_utm_zone": 46.217,
                    "t_v": 46.016,
                    "t_x": 46.016,
                    "t_y": 46.016,
                    "theta": -46.30198652390557,
                    "throttle_L": 8366,
                    "throttle_R": 2829,
                    "u_raw": -0.4383034,
                    "utm_zone": 30,
                    "v_raw": 0.4283417,
                    "x": -7.3594691999999995,
                    "y": 16.418178899999997
                }
            },
            "type": "Feature"
        },
        {
            "geometry": {
                "coordinates": [
                    -4.0835064,
                    39.794665599999995
                ],
                "type": "Point"
            },
            "properties": {
                "navegacion": {
                    "Ah": 0,
                    "du_raw": 0.1044962,
                    "dv_raw": 0.0449236,
                    "fecha utc": "2014-05-24 23:59:41",
                    "orientacion_raw": 2.40116,
                    "static_control": 0,
                    "t_Ah": 44.732,
                    "t_T_L": 46.539,
                    "t_T_R": 46.539,
                    "t_du": 46.377,
                    "t_dv": 46.377,
                    "t_lat": 46.658,
                    "t_lon": 46.658,
                    "t_orientacion": 46.658,
                    "t_static_control": 45.735,
                    "t_theta": 46.377,
                    "t_u": 46.377,
                    "t_utm_zone": 46.457,
                    "t_v": 46.377,
                    "t_x": 46.377,
                    "t_y": 46.377,
                    "theta": -46.97498592698509,
                    "throttle_L": 8337,
                    "throttle_R": 2869,
                    "u_raw": -0.4482651,
                    "utm_zone": 30,
                    "v_raw": 0.4283417,
                    "x": -7.5274401,
                    "y": 16.5470868
                }
            },
            "type": "Feature"
        },
        {
            "geometry": {
                "coordinates": [
                    -4.083505,
                    39.794664399999995
                ],
                "type": "Point"
            },
            "properties": {
                "navegacion": {
                    "Ah": 0,
                    "du_raw": -0.0126958,
                    "dv_raw": -0.0517598,
                    "fecha utc": "2014-05-24 23:59:41",
                    "orientacion_raw": 2.40116,
                    "static_control": 0,
                    "t_Ah": 44.732,
                    "t_T_L": 46.539,
                    "t_T_R": 46.539,
                    "t_du": 46.739,
                    "t_dv": 46.739,
                    "t_lat": 47.02,
                    "t_lon": 47.02,
                    "t_orientacion": 46.658,
                    "t_static_control": 46.739,
                    "t_theta": 46.739,
                    "t_u": 46.739,
                    "t_utm_zone": 46.979,
                    "t_v": 46.739,
                    "t_x": 46.739,
                    "t_y": 46.739,
                    "theta": -47.663071537849746,
                    "throttle_L": 8337,
                    "throttle_R": 2869,
                    "u_raw": -0.4482651,
                    "utm_zone": 30,
                    "v_raw": 0.41838000000000003,
                    "x": -7.6563479999999995,
                    "y": 16.718964
                }
            },
            "type": "Feature"
        },
        {
            "geometry": {
                "coordinates": [
                    -4.083502999999999,
                    39.7946628
                ],
                "type": "Point"
            },
            "properties": {
                "navegacion": {
                    "Ah": 0,
                    "du_raw": -0.0380874,
                    "dv_raw": -0.0771514,
                    "fecha utc": "2014-05-24 23:59:41",
                    "orientacion_raw": 2.412838,
                    "static_control": 0,
                    "t_Ah": 44.732,
                    "t_T_L": 47.06,
                    "t_T_R": 47.06,
                    "t_du": 47.06,
                    "t_dv": 47.06,
                    "t_lat": 47.34,
                    "t_lon": 47.34,
                    "t_orientacion": 47.14,
                    "t_static_control": 46.739,
                    "t_theta": 47.06,
                    "t_u": 47.06,
                    "t_utm_zone": 47.22,
                    "t_v": 47.06,
                    "t_x": 47.06,
                    "t_y": 47.06,
                    "theta": -47.663071537849746,
                    "throttle_L": 8307,
                    "throttle_R": 2910,
                    "u_raw": -0.4482651,
                    "utm_zone": 30,
                    "v_raw": 0.4084183,
                    "x": -7.839944099999999,
                    "y": 16.8400593
                }
            },
            "type": "Feature"
        },
        {
            "geometry": {
                "coordinates": [
                    -4.0835016,
                    39.7946615
                ],
                "type": "Point"
            },
            "properties": {
                "navegacion": {
                    "Ah": 0,
                    "du_raw": -0.0009766,
                    "dv_raw": -0.0039064,
                    "fecha utc": "2014-05-24 23:59:41",
                    "orientacion_raw": 2.42437,
                    "static_control": 0,
                    "t_Ah": 44.732,
                    "t_T_L": 47.541,
                    "t_T_R": 47.541,
                    "t_du": 47.42,
                    "t_dv": 47.42,
                    "t_lat": 47.702,
                    "t_lon": 47.702,
                    "t_orientacion": 47.661,
                    "t_static_control": 46.739,
                    "t_theta": 47.42,
                    "t_u": 47.42,
                    "t_utm_zone": 47.702,
                    "t_v": 47.42,
                    "t_x": 47.42,
                    "t_y": 47.42,
                    "theta": -48.36641544278374,
                    "throttle_L": 8277,
                    "throttle_R": 2952,
                    "u_raw": -0.4482651,
                    "utm_zone": 30,
                    "v_raw": 0.4084183,
                    "x": -7.976664599999999,
                    "y": 17.0080302
                }
            },
            "type": "Feature"
        },
        {
            "geometry": {
                "coordinates": [
                    -4.0834996,
                    39.7946599
                ],
                "type": "Point"
            },
            "properties": {
                "navegacion": {
                    "Ah": 0,
                    "du_raw": -0.0703152,
                    "dv_raw": -0.0351576,
                    "fecha utc": "2014-05-24 23:59:41",
                    "orientacion_raw": 2.42437,
                    "static_control": 0,
                    "t_Ah": 44.732,
                    "t_T_L": 48.063,
                    "t_T_R": 48.063,
                    "t_du": 47.782,
                    "t_dv": 47.782,
                    "t_lat": 48.063,
                    "t_lon": 48.063,
                    "t_orientacion": 47.661,
                    "t_static_control": 47.742,
                    "t_theta": 47.782,
                    "t_u": 47.782,
                    "t_utm_zone": 47.983,
                    "t_v": 47.782,
                    "t_x": 47.782,
                    "t_y": 47.782,
                    "theta": -48.36641544278374,
                    "throttle_L": 8247,
                    "throttle_R": 2993,
                    "u_raw": -0.4482651,
                    "utm_zone": 30,
                    "v_raw": 0.3984585,
                    "x": -8.1563544,
                    "y": 17.129125499999997
                }
            },
            "type": "Feature"
        },
        {
            "geometry": {
                "coordinates": [
                    -4.0834982,
                    39.7946587
                ],
                "type": "Point"
            },
            "properties": {
                "navegacion": {
                    "Ah": 0,
                    "du_raw": -0.0332044,
                    "dv_raw": -0.0449236,
                    "fecha utc": "2014-05-24 23:59:41",
                    "orientacion_raw": 2.435754,
                    "static_control": 0,
                    "t_Ah": 44.732,
                    "t_T_L": 48.063,
                    "t_T_R": 48.063,
                    "t_du": 48.103,
                    "t_dv": 48.103,
                    "t_lat": 48.384,
                    "t_lon": 48.384,
                    "t_orientacion": 48.143,
                    "t_static_control": 47.742,
                    "t_theta": 48.103,
                    "t_u": 48.103,
                    "t_utm_zone": 48.223,
                    "t_v": 48.103,
                    "t_x": 48.103,
                    "t_y": 48.103,
                    "theta": -49.08558904310716,
                    "throttle_L": 8247,
                    "throttle_R": 2993,
                    "u_raw": -0.4482651,
                    "utm_zone": 30,
                    "v_raw": 0.3984585,
                    "x": -8.2891686,
                    "y": 17.2892838
                }
            },
            "type": "Feature"
        },
        {
            "geometry": {
                "coordinates": [
                    -4.0834963,
                    39.794657
                ],
                "type": "Point"
            },
            "properties": {
                "navegacion": {
                    "Ah": 0,
                    "du_raw": 0,
                    "dv_raw": -0.0029297999999999998,
                    "fecha utc": "2014-05-24 23:59:41",
                    "orientacion_raw": 2.446992,
                    "static_control": 0,
                    "t_Ah": 44.732,
                    "t_T_L": 48.545,
                    "t_T_R": 48.545,
                    "t_du": 48.464,
                    "t_dv": 48.464,
                    "t_lat": 48.745,
                    "t_lon": 48.745,
                    "t_orientacion": 48.664,
                    "t_static_control": 48.744,
                    "t_theta": 48.464,
                    "t_u": 48.464,
                    "t_utm_zone": 48.705,
                    "t_v": 48.464,
                    "t_x": 48.464,
                    "t_y": 48.464,
                    "theta": -49.70784022532083,
                    "throttle_L": 8216,
                    "throttle_R": 3034,
                    "u_raw": -0.4482651,
                    "utm_zone": 30,
                    "v_raw": 0.38849680000000003,
                    "x": -8.476671,
                    "y": 17.4064728
                }
            },
            "type": "Feature"
        },
        {
            "geometry": {
                "coordinates": [
                    -4.0834949,
                    39.7946558
                ],
                "type": "Point"
            },
            "properties": {
                "navegacion": {
                    "Ah": 0,
                    "du_raw": -0.0058595999999999995,
                    "dv_raw": 0.0205086,
                    "fecha utc": "2014-05-24 23:59:41",
                    "orientacion_raw": 2.446992,
                    "static_control": 0,
                    "t_Ah": 44.732,
                    "t_T_L": 49.066,
                    "t_T_R": 49.066,
                    "t_du": 48.825,
                    "t_dv": 48.825,
                    "t_lat": 49.106,
                    "t_lon": 49.106,
                    "t_orientacion": 48.664,
                    "t_static_control": 48.744,
                    "t_theta": 48.825,
                    "t_u": 48.825,
                    "t_utm_zone": 48.985,
                    "t_v": 48.825,
                    "t_x": 48.825,
                    "t_y": 48.825,
                    "theta": -50.44033817051415,
                    "throttle_L": 8186,
                    "throttle_R": 3076,
                    "u_raw": -0.4582268,
                    "utm_zone": 30,
                    "v_raw": 0.38849680000000003,
                    "x": -8.6094852,
                    "y": 17.558818499999997
                }
            },
            "type": "Feature"
        },
        {
            "geometry": {
                "coordinates": [
                    -4.0834931999999995,
                    39.794654099999995
                ],
                "type": "Point"
            },
            "properties": {
                "navegacion": {
                    "Ah": 0,
                    "du_raw": -0.0058595999999999995,
                    "dv_raw": -0.0068362,
                    "fecha utc": "2014-05-24 23:59:41",
                    "orientacion_raw": 2.45808,
                    "static_control": 0,
                    "t_Ah": 49.266,
                    "t_T_L": 49.066,
                    "t_T_R": 49.066,
                    "t_du": 49.186,
                    "t_dv": 49.186,
                    "t_lat": 49.467,
                    "t_lon": 49.467,
                    "t_orientacion": 49.146,
                    "t_static_control": 48.744,
                    "t_theta": 49.186,
                    "t_u": 49.186,
                    "t_utm_zone": 49.467,
                    "t_v": 49.186,
                    "t_x": 49.186,
                    "t_y": 49.186,
                    "theta": -50.44033817051415,
                    "throttle_L": 8186,
                    "throttle_R": 3076,
                    "u_raw": -0.4582268,
                    "utm_zone": 30,
                    "v_raw": 0.3785351,
                    "x": -8.7969876,
                    "y": 17.6877264
                }
            },
            "type": "Feature"
        },
        {
            "geometry": {
                "coordinates": [
                    -4.0834918,
                    39.794652899999996
                ],
                "type": "Point"
            },
            "properties": {
                "navegacion": {
                    "Ah": 0,
                    "du_raw": -0.0078128,
                    "dv_raw": 0.034181,
                    "fecha utc": "2014-05-24 23:59:41",
                    "orientacion_raw": 2.46902,
                    "static_control": 0,
                    "t_Ah": 49.266,
                    "t_T_L": 49.547,
                    "t_T_R": 49.547,
                    "t_du": 49.507,
                    "t_dv": 49.507,
                    "t_lat": 49.788,
                    "t_lon": 49.788,
                    "t_orientacion": 49.667,
                    "t_static_control": 49.748,
                    "t_theta": 49.507,
                    "t_u": 49.507,
                    "t_utm_zone": 49.708,
                    "t_v": 49.507,
                    "t_x": 49.507,
                    "t_y": 49.507,
                    "theta": -51.188641049791435,
                    "throttle_L": 8155,
                    "throttle_R": 3117,
                    "u_raw": -0.4582268,
                    "utm_zone": 30,
                    "v_raw": 0.3785351,
                    "x": -8.9298018,
                    "y": 17.840072099999997
                }
            },
            "type": "Feature"
        },
        {
            "geometry": {
                "coordinates": [
                    -4.083489999999999,
                    39.7946512
                ],
                "type": "Point"
            },
            "properties": {
                "navegacion": {
                    "Ah": 0,
                    "du_raw": -0.0986366,
                    "dv_raw": 0.0507832,
                    "fecha utc": "2014-05-24 23:59:41",
                    "orientacion_raw": 2.47981,
                    "static_control": 0,
                    "t_Ah": 49.266,
                    "t_T_L": 50.069,
                    "t_T_R": 50.069,
                    "t_du": 49.868,
                    "t_dv": 49.868,
                    "t_lat": 50.149,
                    "t_lon": 50.149,
                    "t_orientacion": 50.149,
                    "t_static_control": 49.748,
                    "t_theta": 49.868,
                    "t_u": 49.868,
                    "t_utm_zone": 49.989,
                    "t_v": 49.868,
                    "t_x": 49.868,
                    "t_y": 49.868,
                    "theta": -51.188641049791435,
                    "throttle_L": 8125,
                    "throttle_R": 3159,
                    "u_raw": -0.4582268,
                    "utm_zone": 30,
                    "v_raw": 0.3685734,
                    "x": -9.1173042,
                    "y": 17.9494485
                }
            },
            "type": "Feature"
        },
        {
            "geometry": {
                "coordinates": [
                    -4.0834887,
                    39.79465
                ],
                "type": "Point"
            },
            "properties": {
                "navegacion": {
                    "Ah": 0,
                    "du_raw": 0.0253916,
                    "dv_raw": 0.011719199999999999,
                    "fecha utc": "2014-05-24 23:59:41",
                    "orientacion_raw": 2.47981,
                    "static_control": 0,
                    "t_Ah": 49.266,
                    "t_T_L": 50.069,
                    "t_T_R": 50.069,
                    "t_du": 50.23,
                    "t_dv": 50.23,
                    "t_lat": 50.511,
                    "t_lon": 50.511,
                    "t_orientacion": 50.149,
                    "t_static_control": 49.748,
                    "t_theta": 50.23,
                    "t_u": 50.23,
                    "t_utm_zone": 50.47,
                    "t_v": 50.23,
                    "t_x": 50.23,
                    "t_y": 50.23,
                    "theta": -51.188641049791435,
                    "throttle_L": 8125,
                    "throttle_R": 3159,
                    "u_raw": -0.4582268,
                    "utm_zone": 30,
                    "v_raw": 0.3685734,
                    "x": -9.257931,
                    "y": 18.0978879
                }
            },
            "type": "Feature"
        },
        {
            "geometry": {
                "coordinates": [
                    -4.0834869,
                    39.7946483
                ],
                "type": "Point"
            },
            "properties": {
                "navegacion": {
                    "Ah": 0,
                    "du_raw": -0.0380874,
                    "dv_raw": 0.0498066,
                    "fecha utc": "2014-05-24 23:59:41",
                    "orientacion_raw": 2.490449,
                    "static_control": 0,
                    "t_Ah": 49.266,
                    "t_T_L": 50.551,
                    "t_T_R": 50.551,
                    "t_du": 50.552,
                    "t_dv": 50.552,
                    "t_lat": 50.832,
                    "t_lon": 50.832,
                    "t_orientacion": 50.631,
                    "t_static_control": 50.752,
                    "t_theta": 50.552,
                    "t_u": 50.552,
                    "t_utm_zone": 50.712,
                    "t_v": 50.552,
                    "t_x": 50.552,
                    "t_y": 50.552,
                    "theta": -51.953002308922926,
                    "throttle_L": 8094,
                    "throttle_R": 3200,
                    "u_raw": -0.4582268,
                    "utm_zone": 30,
                    "v_raw": 0.3685734,
                    "x": -9.4493397,
                    "y": 18.2189832
                }
            },
            "type": "Feature"
        },
        {
            "geometry": {
                "coordinates": [
                    -4.0834857,
                    39.7946471
                ],
                "type": "Point"
            },
            "properties": {
                "navegacion": {
                    "Ah": 0,
                    "du_raw": -0.0214852,
                    "dv_raw": -0.0214852,
                    "fecha utc": "2014-05-24 23:59:41",
                    "orientacion_raw": 2.500939,
                    "static_control": 0,
                    "t_Ah": 49.266,
                    "t_T_L": 51.033,
                    "t_T_R": 51.033,
                    "t_du": 50.912,
                    "t_dv": 50.912,
                    "t_lat": 51.192,
                    "t_lon": 51.192,
                    "t_orientacion": 51.153,
                    "t_static_control": 50.752,
                    "t_theta": 50.912,
                    "t_u": 50.912,
                    "t_utm_zone": 50.952,
                    "t_v": 50.912,
                    "t_x": 50.912,
                    "t_y": 50.912,
                    "theta": -51.953002308922926,
                    "throttle_L": 8063,
                    "throttle_R": 3241,
                    "u_raw": -0.4582268,
                    "utm_zone": 30,
                    "v_raw": 0.3586117,
                    "x": -9.5899665,
                    "y": 18.35961
                }
            },
            "type": "Feature"
        },
        {
            "geometry": {
                "coordinates": [
                    -4.0834839999999994,
                    39.7946454
                ],
                "type": "Point"
            },
            "properties": {
                "navegacion": {
                    "Ah": 0,
                    "du_raw": 0.0361342,
                    "dv_raw": 0.0283214,
                    "fecha utc": "2014-05-24 23:59:41",
                    "orientacion_raw": 2.500939,
                    "static_control": 0,
                    "t_Ah": 49.266,
                    "t_T_L": 51.554,
                    "t_T_R": 51.554,
                    "t_du": 51.273,
                    "t_dv": 51.273,
                    "t_lat": 51.555,
                    "t_lon": 51.555,
                    "t_orientacion": 51.153,
                    "t_static_control": 50.752,
                    "t_theta": 51.273,
                    "t_u": 51.273,
                    "t_utm_zone": 51.474,
                    "t_v": 51.273,
                    "t_x": 51.273,
                    "t_y": 51.273,
                    "theta": -53.325729890196335,
                    "throttle_L": 8032,
                    "throttle_R": 3282,
                    "u_raw": -0.4582268,
                    "utm_zone": 30,
                    "v_raw": 0.3586117,
                    "x": -9.7696563,
                    "y": 18.457267499999997
                }
            },
            "type": "Feature"
        },
        {
            "geometry": {
                "coordinates": [
                    -4.0834828,
                    39.7946441
                ],
                "type": "Point"
            },
            "properties": {
                "navegacion": {
                    "Ah": 0,
                    "du_raw": 0.0996132,
                    "dv_raw": 0.059572599999999996,
                    "fecha utc": "2014-05-24 23:59:41",
                    "orientacion_raw": 2.511279,
                    "static_control": 0,
                    "t_Ah": 49.266,
                    "t_T_L": 51.554,
                    "t_T_R": 51.554,
                    "t_du": 51.634,
                    "t_dv": 51.634,
                    "t_lat": 51.915,
                    "t_lon": 51.915,
                    "t_orientacion": 51.634,
                    "t_static_control": 51.755,
                    "t_theta": 51.634,
                    "t_u": 51.634,
                    "t_utm_zone": 51.714,
                    "t_v": 51.634,
                    "t_x": 51.634,
                    "t_y": 51.634,
                    "theta": -53.325729890196335,
                    "throttle_L": 8032,
                    "throttle_R": 3282,
                    "u_raw": -0.4681885,
                    "utm_zone": 30,
                    "v_raw": 0.34865,
                    "x": -9.906376799999999,
                    "y": 18.6096132
                }
            },
            "type": "Feature"
        },
        {
            "geometry": {
                "coordinates": [
                    -4.0834811,
                    39.7946424
                ],
                "type": "Point"
            },
            "properties": {
                "navegacion": {
                    "Ah": 0,
                    "du_raw": -0.0371108,
                    "dv_raw": 0.0126958,
                    "fecha utc": "2014-05-24 23:59:41",
                    "orientacion_raw": 2.521468,
                    "static_control": 0,
                    "t_Ah": 49.266,
                    "t_T_L": 52.036,
                    "t_T_R": 52.036,
                    "t_du": 51.956,
                    "t_dv": 51.956,
                    "t_lat": 52.236,
                    "t_lon": 52.236,
                    "t_orientacion": 52.156,
                    "t_static_control": 51.755,
                    "t_theta": 51.956,
                    "t_u": 51.956,
                    "t_utm_zone": 52.236,
                    "t_v": 51.956,
                    "t_x": 51.956,
                    "t_y": 51.956,
                    "theta": -54.117963430856236,
                    "throttle_L": 8002,
                    "throttle_R": 3323,
                    "u_raw": -0.4681885,
                    "utm_zone": 30,
                    "v_raw": 0.34865,
                    "x": -10.097785499999999,
                    "y": 18.718989599999997
                }
            },
            "type": "Feature"
        },
        {
            "geometry": {
                "coordinates": [
                    -4.0834798999999995,
                    39.7946411
                ],
                "type": "Point"
            },
            "properties": {
                "navegacion": {
                    "Ah": 0,
                    "du_raw": -0.0009766,
                    "dv_raw": -0.0156256,
                    "fecha utc": "2014-05-24 23:59:41",
                    "orientacion_raw": 2.521468,
                    "static_control": 0,
                    "t_Ah": 49.266,
                    "t_T_L": 52.561,
                    "t_T_R": 52.561,
                    "t_du": 52.316,
                    "t_dv": 52.316,
                    "t_lat": 52.598,
                    "t_lon": 52.598,
                    "t_orientacion": 52.156,
                    "t_static_control": 51.755,
                    "t_theta": 52.316,
                    "t_u": 52.316,
                    "t_utm_zone": 52.477,
                    "t_v": 52.316,
                    "t_x": 52.316,
                    "t_y": 52.316,
                    "theta": -54.117963430856236,
                    "throttle_L": 7971,
                    "throttle_R": 3364,
                    "u_raw": -0.4681885,
                    "utm_zone": 30,
                    "v_raw": 0.3386883,
                    "x": -10.238412299999998,
                    "y": 18.8478975
                }
            },
            "type": "Feature"
        },
        {
            "geometry": {
                "coordinates": [
                    -4.0834782999999995,
                    39.7946394
                ],
                "type": "Point"
            },
            "properties": {
                "navegacion": {
                    "Ah": 0,
                    "du_raw": -0.0419938,
                    "dv_raw": 0.0380874,
                    "fecha utc": "2014-05-24 23:59:41",
                    "orientacion_raw": 2.531508,
                    "static_control": 0,
                    "t_Ah": 49.266,
                    "t_T_L": 52.561,
                    "t_T_R": 52.561,
                    "t_du": 52.678,
                    "t_dv": 52.678,
                    "t_lat": 52.959,
                    "t_lon": 52.959,
                    "t_orientacion": 52.638,
                    "t_static_control": 52.758,
                    "t_theta": 52.678,
                    "t_u": 52.678,
                    "t_utm_zone": 52.959,
                    "t_v": 52.678,
                    "t_x": 52.678,
                    "t_y": 52.678,
                    "theta": -54.92636811077454,
                    "throttle_L": 7971,
                    "throttle_R": 3364,
                    "u_raw": -0.4681885,
                    "utm_zone": 30,
                    "v_raw": 0.3386883,
                    "x": -10.429820999999999,
                    "y": 18.957273899999997
                }
            },
            "type": "Feature"
        },
        {
            "geometry": {
                "coordinates": [
                    -4.0834771,
                    39.7946382
                ],
                "type": "Point"
            },
            "properties": {
                "navegacion": {
                    "Ah": 0,
                    "du_raw": -0.0351576,
                    "dv_raw": 0.0556662,
                    "fecha utc": "2014-05-24 23:59:41",
                    "orientacion_raw": 2.541399,
                    "static_control": 0,
                    "t_Ah": 49.266,
                    "t_T_L": 53.04,
                    "t_T_R": 53.04,
                    "t_du": 53.039,
                    "t_dv": 53.039,
                    "t_lat": 53.281,
                    "t_lon": 53.281,
                    "t_orientacion": 53.16,
                    "t_static_control": 52.758,
                    "t_theta": 53.039,
                    "t_u": 53.039,
                    "t_utm_zone": 53.24,
                    "t_v": 53.039,
                    "t_x": 53.039,
                    "t_y": 53.039,
                    "theta": -54.92636811077454,
                    "throttle_L": 7940,
                    "throttle_R": 3404,
                    "u_raw": -0.4681885,
                    "utm_zone": 30,
                    "v_raw": 0.3287266,
                    "x": -10.5782604,
                    "y": 19.0900881
                }
            },
            "type": "Feature"
        },
        {
            "geometry": {
                "coordinates": [
                    -4.0834755,
                    39.7946364
                ],
                "type": "Point"
            },
            "properties": {
                "navegacion": {
                    "Ah": 0,
                    "du_raw": 0.043947,
                    "dv_raw": 0.0214852,
                    "fecha utc": "2014-05-24 23:59:41",
                    "orientacion_raw": 2.55114,
                    "static_control": 0,
                    "t_Ah": 49.266,
                    "t_T_L": 53.562,
                    "t_T_R": 53.562,
                    "t_du": 53.36,
                    "t_dv": 53.36,
                    "t_lat": 53.641,
                    "t_lon": 53.641,
                    "t_orientacion": 53.641,
                    "t_static_control": 52.758,
                    "t_theta": 53.36,
                    "t_u": 53.36,
                    "t_utm_zone": 53.481,
                    "t_v": 53.36,
                    "t_x": 53.36,
                    "t_y": 53.36,
                    "theta": -54.92636811077454,
                    "throttle_L": 7910,
                    "throttle_R": 3445,
                    "u_raw": -0.4681885,
                    "utm_zone": 30,
                    "v_raw": 0.3287266,
                    "x": -10.7579502,
                    "y": 19.1877456
                }
            },
            "type": "Feature"
        },
        {
            "geometry": {
                "coordinates": [
                    -4.0834744,
                    39.7946351
                ],
                "type": "Point"
            },
            "properties": {
                "navegacion": {
                    "Ah": 0,
                    "du_raw": -0.1250048,
                    "dv_raw": -0.0039064,
                    "fecha utc": "2014-05-24 23:59:41",
                    "orientacion_raw": 2.55114,
                    "static_control": 0,
                    "t_Ah": 53.762,
                    "t_T_L": 53.562,
                    "t_T_R": 53.562,
                    "t_du": 53.722,
                    "t_dv": 53.722,
                    "t_lat": 54.003,
                    "t_lon": 54.003,
                    "t_orientacion": 53.641,
                    "t_static_control": 53.762,
                    "t_theta": 53.722,
                    "t_u": 53.722,
                    "t_utm_zone": 53.963,
                    "t_v": 53.722,
                    "t_x": 53.722,
                    "t_y": 53.722,
                    "theta": -55.75095347222686,
                    "throttle_L": 7910,
                    "throttle_R": 3445,
                    "u_raw": -0.4681885,
                    "utm_zone": 30,
                    "v_raw": 0.3287266,
                    "x": -10.898577,
                    "y": 19.316653499999997
                }
            },
            "type": "Feature"
        },
        {
            "geometry": {
                "coordinates": [
                    -4.0834728,
                    39.794633399999995
                ],
                "type": "Point"
            },
            "properties": {
                "navegacion": {
                    "Ah": 0,
                    "du_raw": 0.024415,
                    "dv_raw": 0.0283214,
                    "fecha utc": "2014-05-24 23:59:41",
                    "orientacion_raw": 2.560734,
                    "static_control": 0,
                    "t_Ah": 53.762,
                    "t_T_L": 54.043,
                    "t_T_R": 54.043,
                    "t_du": 54.083,
                    "t_dv": 54.083,
                    "t_lat": 54.364,
                    "t_lon": 54.364,
                    "t_orientacion": 54.163,
                    "t_static_control": 53.762,
                    "t_theta": 54.083,
                    "t_u": 54.083,
                    "t_utm_zone": 54.204,
                    "t_v": 54.083,
                    "t_x": 54.083,
                    "t_y": 54.083,
                    "theta": -55.75095347222686,
                    "throttle_L": 7879,
                    "throttle_R": 3484,
                    "u_raw": -0.4681885,
                    "utm_zone": 30,
                    "v_raw": 0.3187668,
                    "x": -11.0977983,
                    "y": 19.4299362
                }
            },
            "type": "Feature"
        },
        {
            "geometry": {
                "coordinates": [
                    -4.0834717,
                    39.7946321
                ],
                "type": "Point"
            },
            "properties": {
                "navegacion": {
                    "Ah": 0,
                    "du_raw": -0.0029297999999999998,
                    "dv_raw": 0.0410172,
                    "fecha utc": "2014-05-24 23:59:41",
                    "orientacion_raw": 2.570179,
                    "static_control": 0,
                    "t_Ah": 53.762,
                    "t_T_L": 54.565,
                    "t_T_R": 54.565,
                    "t_du": 54.404,
                    "t_dv": 54.404,
                    "t_lat": 54.685,
                    "t_lon": 54.685,
                    "t_orientacion": 54.645,
                    "t_static_control": 53.762,
                    "t_theta": 54.404,
                    "t_u": 54.404,
                    "t_utm_zone": 54.484,
                    "t_v": 54.404,
                    "t_x": 54.404,
                    "t_y": 54.404,
                    "theta": -56.59218230512988,
                    "throttle_L": 7849,
                    "throttle_R": 3524,
                    "u_raw": -0.4681885,
                    "utm_zone": 30,
                    "v_raw": 0.3187668,
                    "x": -11.226706199999999,
                    "y": 19.558844099999998
                }
            },
            "type": "Feature"
        },
        {
            "geometry": {
                "coordinates": [
                    -4.0834702,
                    39.794630399999996
                ],
                "type": "Point"
            },
            "properties": {
                "navegacion": {
                    "Ah": 0,
                    "du_raw": 0.0312512,
                    "dv_raw": -0.1279346,
                    "fecha utc": "2014-05-24 23:59:41",
                    "orientacion_raw": 2.570179,
                    "static_control": 0,
                    "t_Ah": 53.762,
                    "t_T_L": 55.047,
                    "t_T_R": 55.047,
                    "t_du": 54.766,
                    "t_dv": 54.766,
                    "t_lat": 55.047,
                    "t_lon": 55.047,
                    "t_orientacion": 54.645,
                    "t_static_control": 54.766,
                    "t_theta": 54.766,
                    "t_u": 54.766,
                    "t_utm_zone": 54.966,
                    "t_v": 54.766,
                    "t_x": 54.766,
                    "t_y": 54.766,
                    "theta": -56.59218230512988,
                    "throttle_L": 7819,
                    "throttle_R": 3563,
                    "u_raw": -0.4681885,
                    "utm_zone": 30,
                    "v_raw": 0.3088051,
                    "x": -11.429833799999999,
                    "y": 19.648688999999997
                }
            },
            "type": "Feature"
        },
        {
            "geometry": {
                "coordinates": [
                    -4.083469099999999,
                    39.7946291
                ],
                "type": "Point"
            },
            "properties": {
                "navegacion": {
                    "Ah": 0,
                    "du_raw": 0.0068362,
                    "dv_raw": -0.004883,
                    "fecha utc": "2014-05-24 23:59:41",
                    "orientacion_raw": 2.579478,
                    "static_control": 0,
                    "t_Ah": 53.762,
                    "t_T_L": 55.047,
                    "t_T_R": 55.047,
                    "t_du": 55.127,
                    "t_dv": 55.127,
                    "t_lat": 55.408,
                    "t_lon": 55.408,
                    "t_orientacion": 55.167,
                    "t_static_control": 54.766,
                    "t_theta": 55.127,
                    "t_u": 55.127,
                    "t_utm_zone": 55.207,
                    "t_v": 55.127,
                    "t_x": 55.127,
                    "t_y": 55.127,
                    "theta": -57.45002462828795,
                    "throttle_L": 7819,
                    "throttle_R": 3563,
                    "u_raw": -0.4681885,
                    "utm_zone": 30,
                    "v_raw": 0.3088051,
                    "x": -11.5782732,
                    "y": 19.769784299999998
                }
            },
            "type": "Feature"
        },
        {
            "geometry": {
                "coordinates": [
                    -4.0834677,
                    39.794627399999996
                ],
                "type": "Point"
            },
            "properties": {
                "navegacion": {
                    "Ah": 0,
                    "du_raw": -0.023438399999999998,
                    "dv_raw": -0.014649,
                    "fecha utc": "2014-05-24 23:59:41",
                    "orientacion_raw": 2.588631,
                    "static_control": 0,
                    "t_Ah": 53.762,
                    "t_T_L": 55.569,
                    "t_T_R": 55.569,
                    "t_du": 55.488,
                    "t_dv": 55.488,
                    "t_lat": 55.769,
                    "t_lon": 55.769,
                    "t_orientacion": 55.648,
                    "t_static_control": 55.769,
                    "t_theta": 55.488,
                    "t_u": 55.488,
                    "t_utm_zone": 55.729,
                    "t_v": 55.488,
                    "t_x": 55.488,
                    "t_y": 55.488,
                    "theta": -57.45002462828795,
                    "throttle_L": 7789,
                    "throttle_R": 3602,
                    "u_raw": -0.4681885,
                    "utm_zone": 30,
                    "v_raw": 0.2988434,
                    "x": -11.757962999999998,
                    "y": 19.867441799999998
                }
            },
            "type": "Feature"
        },
        {
            "geometry": {
                "coordinates": [
                    -4.0834665999999995,
                    39.794626099999995
                ],
                "type": "Point"
            },
            "properties": {
                "navegacion": {
                    "Ah": 0,
                    "du_raw": 0.0068362,
                    "dv_raw": -0.0302746,
                    "fecha utc": "2014-05-24 23:59:41",
                    "orientacion_raw": 2.588631,
                    "static_control": 0,
                    "t_Ah": 53.762,
                    "t_T_L": 56.05,
                    "t_T_R": 56.05,
                    "t_du": 55.809,
                    "t_dv": 55.809,
                    "t_lat": 56.09,
                    "t_lon": 56.09,
                    "t_orientacion": 55.648,
                    "t_static_control": 55.769,
                    "t_theta": 55.809,
                    "t_u": 55.809,
                    "t_utm_zone": 55.969,
                    "t_v": 55.809,
                    "t_x": 55.809,
                    "t_y": 55.809,
                    "theta": -57.45002462828795,
                    "throttle_L": 7759,
                    "throttle_R": 3641,
                    "u_raw": -0.4681885,
                    "utm_zone": 30,
                    "v_raw": 0.2988434,
                    "x": -11.9064024,
                    "y": 19.9885371
                }
            },
            "type": "Feature"
        },
        {
            "geometry": {
                "coordinates": [
                    -4.0834652,
                    39.794624299999995
                ],
                "type": "Point"
            },
            "properties": {
                "navegacion": {
                    "Ah": 0,
                    "du_raw": 0.046876799999999996,
                    "dv_raw": -0.0156256,
                    "fecha utc": "2014-05-24 23:59:41",
                    "orientacion_raw": 2.597639,
                    "static_control": 0,
                    "t_Ah": 53.762,
                    "t_T_L": 56.05,
                    "t_T_R": 56.05,
                    "t_du": 56.17,
                    "t_dv": 56.17,
                    "t_lat": 56.451,
                    "t_lon": 56.451,
                    "t_orientacion": 56.17,
                    "t_static_control": 55.769,
                    "t_theta": 56.17,
                    "t_u": 56.17,
                    "t_utm_zone": 56.451,
                    "t_v": 56.17,
                    "t_x": 56.17,
                    "t_y": 56.17,
                    "theta": -58.86109010984641,
                    "throttle_L": 7759,
                    "throttle_R": 3641,
                    "u_raw": -0.4681885,
                    "utm_zone": 30,
                    "v_raw": 0.2988434,
                    "x": -12.0978111,
                    "y": 20.0666631
                }
            },
            "type": "Feature"
        },
        {
            "geometry": {
                "coordinates": [
                    -4.0834641,
                    39.794623
                ],
                "type": "Point"
            },
            "properties": {
                "navegacion": {
                    "Ah": 0,
                    "du_raw": 0.0019532,
                    "dv_raw": -0.0449236,
                    "fecha utc": "2014-05-24 23:59:41",
                    "orientacion_raw": 2.606503,
                    "static_control": 0,
                    "t_Ah": 53.762,
                    "t_T_L": 56.532,
                    "t_T_R": 56.532,
                    "t_du": 56.531,
                    "t_dv": 56.531,
                    "t_lat": 56.812,
                    "t_lon": 56.812,
                    "t_orientacion": 56.652,
                    "t_static_control": 56.732,
                    "t_theta": 56.531,
                    "t_u": 56.531,
                    "t_utm_zone": 56.732,
                    "t_v": 56.531,
                    "t_x": 56.531,
                    "t_y": 56.531,
                    "theta": -58.86109010984641,
                    "throttle_L": 7730,
                    "throttle_R": 3679,
                    "u_raw": -0.4781502,
                    "utm_zone": 30,
                    "v_raw": 0.2888817,
                    "x": -12.2501568,
                    "y": 20.199477299999998
                }
            },
            "type": "Feature"
        },
        {
            "geometry": {
                "coordinates": [
                    -4.0834627999999995,
                    39.794621299999996
                ],
                "type": "Point"
            },
            "properties": {
                "navegacion": {
                    "Ah": 0,
                    "du_raw": -0.0332044,
                    "dv_raw": -0.0185554,
                    "fecha utc": "2014-05-24 23:59:41",
                    "orientacion_raw": 2.615225,
                    "static_control": 0,
                    "t_Ah": 53.762,
                    "t_T_L": 57.053,
                    "t_T_R": 57.053,
                    "t_du": 56.852,
                    "t_dv": 56.852,
                    "t_lat": 57.133,
                    "t_lon": 57.133,
                    "t_orientacion": 57.133,
                    "t_static_control": 56.732,
                    "t_theta": 56.852,
                    "t_u": 56.852,
                    "t_utm_zone": 56.973,
                    "t_v": 56.852,
                    "t_x": 56.852,
                    "t_y": 56.852,
                    "theta": -59.74364777162004,
                    "throttle_L": 7700,
                    "throttle_R": 3717,
                    "u_raw": -0.4781502,
                    "utm_zone": 30,
                    "v_raw": 0.2888817,
                    "x": -12.437659199999999,
                    "y": 20.289322199999997
                }
            },
            "type": "Feature"
        },
        {
            "geometry": {
                "coordinates": [
                    -4.0834618,
                    39.794619999999995
                ],
                "type": "Point"
            },
            "properties": {
                "navegacion": {
                    "Ah": 0,
                    "du_raw": 0.0673854,
                    "dv_raw": 0.0175788,
                    "fecha utc": "2014-05-24 23:59:41",
                    "orientacion_raw": 2.615225,
                    "static_control": 0,
                    "t_Ah": 53.762,
                    "t_T_L": 57.053,
                    "t_T_R": 57.053,
                    "t_du": 57.213,
                    "t_dv": 57.213,
                    "t_lat": 57.494,
                    "t_lon": 57.494,
                    "t_orientacion": 57.133,
                    "t_static_control": 56.732,
                    "t_theta": 57.213,
                    "t_u": 57.213,
                    "t_utm_zone": 57.454,
                    "t_v": 57.213,
                    "t_x": 57.213,
                    "t_y": 57.213,
                    "theta": -59.74364777162004,
                    "throttle_L": 7700,
                    "throttle_R": 3717,
                    "u_raw": -0.4781502,
                    "utm_zone": 30,
                    "v_raw": 0.27892,
                    "x": -12.578285999999999,
                    "y": 20.3986986
                }
            },
            "type": "Feature"
        },
        {
            "geometry": {
                "coordinates": [
                    -4.0834604,
                    39.794618299999996
                ],
                "type": "Point"
            },
            "properties": {
                "navegacion": {
                    "Ah": 0,
                    "du_raw": -0.0302746,
                    "dv_raw": -0.009766,
                    "fecha utc": "2014-05-24 23:59:41",
                    "orientacion_raw": 2.623804,
                    "static_control": 0,
                    "t_Ah": 53.762,
                    "t_T_L": 57.535,
                    "t_T_R": 57.535,
                    "t_du": 57.575,
                    "t_dv": 57.575,
                    "t_lat": 57.856,
                    "t_lon": 57.856,
                    "t_orientacion": 57.655,
                    "t_static_control": 57.735,
                    "t_theta": 57.575,
                    "t_u": 57.575,
                    "t_utm_zone": 57.735,
                    "t_v": 57.575,
                    "t_x": 57.575,
                    "t_y": 57.575,
                    "theta": -59.74364777162004,
                    "throttle_L": 7671,
                    "throttle_R": 3754,
                    "u_raw": -0.4781502,
                    "utm_zone": 30,
                    "v_raw": 0.27892,
                    "x": -12.7775073,
                    "y": 20.4885435
                }
            },
            "type": "Feature"
        },
        {
            "geometry": {
                "coordinates": [
                    -4.0834594,
                    39.7946169
                ],
                "type": "Point"
            },
            "properties": {
                "navegacion": {
                    "Ah": 0,
                    "du_raw": 0.0546896,
                    "dv_raw": 0.0332044,
                    "fecha utc": "2014-05-24 23:59:41",
                    "orientacion_raw": 2.632244,
                    "static_control": 0,
                    "t_Ah": 53.762,
                    "t_T_L": 58.056,
                    "t_T_R": 58.056,
                    "t_du": 57.936,
                    "t_dv": 57.936,
                    "t_lat": 58.216,
                    "t_lon": 58.216,
                    "t_orientacion": 58.136,
                    "t_static_control": 57.735,
                    "t_theta": 57.936,
                    "t_u": 57.936,
                    "t_utm_zone": 57.976,
                    "t_v": 57.936,
                    "t_x": 57.936,
                    "t_y": 57.936,
                    "theta": -60.64235455141933,
                    "throttle_L": 7642,
                    "throttle_R": 3791,
                    "u_raw": -0.4781502,
                    "utm_zone": 30,
                    "v_raw": 0.27892,
                    "x": -12.9181341,
                    "y": 20.6096388
                }
            },
            "type": "Feature"
        },
        {
            "geometry": {
                "coordinates": [
                    -4.0834581,
                    39.794615199999996
                ],
                "type": "Point"
            },
            "properties": {
                "navegacion": {
                    "Ah": 0,
                    "du_raw": -0.0166022,
                    "dv_raw": 0.0419938,
                    "fecha utc": "2014-05-24 23:59:41",
                    "orientacion_raw": 2.632244,
                    "static_control": 0,
                    "t_Ah": 58.256,
                    "t_T_L": 58.538,
                    "t_T_R": 58.538,
                    "t_du": 58.257,
                    "t_dv": 58.257,
                    "t_lat": 58.539,
                    "t_lon": 58.539,
                    "t_orientacion": 58.136,
                    "t_static_control": 57.735,
                    "t_theta": 58.257,
                    "t_u": 58.257,
                    "t_utm_zone": 58.457,
                    "t_v": 58.257,
                    "t_x": 58.257,
                    "t_y": 58.257,
                    "theta": -60.64235455141933,
                    "throttle_L": 7613,
                    "throttle_R": 3827,
                    "u_raw": -0.4781502,
                    "utm_zone": 30,
                    "v_raw": 0.2689583,
                    "x": -13.1095428,
                    "y": 20.6799522
                }
            },
            "type": "Feature"
        },
        {
            "geometry": {
                "coordinates": [
                    -4.0834570999999995,
                    39.7946139
                ],
                "type": "Point"
            },
            "properties": {
                "navegacion": {
                    "Ah": 0,
                    "du_raw": -0.1142622,
                    "dv_raw": -0.0068362,
                    "fecha utc": "2014-05-24 23:59:41",
                    "orientacion_raw": 2.640544,
                    "static_control": 0,
                    "t_Ah": 58.256,
                    "t_T_L": 58.538,
                    "t_T_R": 58.538,
                    "t_du": 58.617,
                    "t_dv": 58.617,
                    "t_lat": 58.899,
                    "t_lon": 58.899,
                    "t_orientacion": 58.658,
                    "t_static_control": 58.738,
                    "t_theta": 58.617,
                    "t_u": 58.617,
                    "t_utm_zone": 58.738,
                    "t_v": 58.617,
                    "t_x": 58.617,
                    "t_y": 58.617,
                    "theta": -60.64235455141933,
                    "throttle_L": 7613,
                    "throttle_R": 3827,
                    "u_raw": -0.4781502,
                    "utm_zone": 30,
                    "v_raw": 0.2689583,
                    "x": -13.257982199999999,
                    "y": 20.789328599999997
                }
            },
            "type": "Feature"
        },
        {
            "geometry": {
                "coordinates": [
                    -4.0834559,
                    39.794612099999995
                ],
                "type": "Point"
            },
            "properties": {
                "navegacion": {
                    "Ah": 0,
                    "du_raw": -0.0166022,
                    "dv_raw": -0.0058595999999999995,
                    "fecha utc": "2014-05-24 23:59:41",
                    "orientacion_raw": 2.648706,
                    "static_control": 0,
                    "t_Ah": 58.256,
                    "t_T_L": 59.059,
                    "t_T_R": 59.059,
                    "t_du": 58.979,
                    "t_dv": 58.979,
                    "t_lat": 59.26,
                    "t_lon": 59.26,
                    "t_orientacion": 59.139,
                    "t_static_control": 58.738,
                    "t_theta": 58.979,
                    "t_u": 58.979,
                    "t_utm_zone": 59.219,
                    "t_v": 58.979,
                    "t_x": 58.979,
                    "t_y": 58.979,
                    "theta": -61.557203395691154,
                    "throttle_L": 7585,
                    "throttle_R": 3863,
                    "u_raw": -0.4781502,
                    "utm_zone": 30,
                    "v_raw": 0.2689583,
                    "x": -13.4493909,
                    "y": 20.879173499999997
                }
            },
            "type": "Feature"
        },
        {
            "geometry": {
                "coordinates": [
                    -4.0834548999999996,
                    39.7946108
                ],
                "type": "Point"
            },
            "properties": {
                "navegacion": {
                    "Ah": 0,
                    "du_raw": -0.023438399999999998,
                    "dv_raw": 0.0449236,
                    "fecha utc": "2014-05-24 23:59:41",
                    "orientacion_raw": 2.648706,
                    "static_control": 0,
                    "t_Ah": 58.256,
                    "t_T_L": 59.541,
                    "t_T_R": 59.541,
                    "t_du": 59.34,
                    "t_dv": 59.34,
                    "t_lat": 59.58,
                    "t_lon": 59.58,
                    "t_orientacion": 59.139,
                    "t_static_control": 58.738,
                    "t_theta": 59.34,
                    "t_u": 59.34,
                    "t_utm_zone": 59.46,
                    "t_v": 59.34,
                    "t_x": 59.34,
                    "t_y": 59.34,
                    "theta": -61.557203395691154,
                    "throttle_L": 7557,
                    "throttle_R": 3899,
                    "u_raw": -0.4781502,
                    "utm_zone": 30,
                    "v_raw": 0.2589966,
                    "x": -13.597830299999998,
                    "y": 20.9885499
                }
            },
            "type": "Feature"
        },
        {
            "geometry": {
                "coordinates": [
                    -4.0834537,
                    39.794609099999995
                ],
                "type": "Point"
            },
            "properties": {
                "navegacion": {
                    "Ah": 0,
                    "du_raw": 0.11914519999999999,
                    "dv_raw": -0.039064,
                    "fecha utc": "2014-05-24 23:59:41",
                    "orientacion_raw": 2.656732,
                    "static_control": 0,
                    "t_Ah": 58.256,
                    "t_T_L": 59.541,
                    "t_T_R": 59.541,
                    "t_du": 59.661,
                    "t_dv": 59.661,
                    "t_lat": 59.942,
                    "t_lon": 59.942,
                    "t_orientacion": 59.661,
                    "t_static_control": 59.741,
                    "t_theta": 59.661,
                    "t_u": 59.661,
                    "t_utm_zone": 59.701,
                    "t_v": 59.661,
                    "t_x": 59.661,
                    "t_y": 59.661,
                    "theta": -61.557203395691154,
                    "throttle_L": 7557,
                    "throttle_R": 3899,
                    "u_raw": -0.4781502,
                    "utm_zone": 30,
                    "v_raw": 0.2589966,
                    "x": -13.789238999999998,
                    "y": 21.0588633
                }
            },
            "type": "Feature"
        },
        {
            "geometry": {
                "coordinates": [
                    -4.0834527,
                    39.7946078
                ],
                "type": "Point"
            },
            "properties": {
                "navegacion": {
                    "Ah": 0,
                    "du_raw": -0.004883,
                    "dv_raw": -0.1181686,
                    "fecha utc": "2014-05-24 23:59:41",
                    "orientacion_raw": 2.664622,
                    "static_control": 0,
                    "t_Ah": 58.256,
                    "t_T_L": 60.062,
                    "t_T_R": 60.062,
                    "t_du": 60.022,
                    "t_dv": 60.022,
                    "t_lat": 60.303,
                    "t_lon": 60.303,
                    "t_orientacion": 60.142,
                    "t_static_control": 59.741,
                    "t_theta": 60.022,
                    "t_u": 60.022,
                    "t_utm_zone": 60.222,
                    "t_v": 60.022,
                    "t_x": 60.022,
                    "t_y": 60.022,
                    "theta": -62.48815408144175,
                    "throttle_L": 7529,
                    "throttle_R": 3934,
                    "u_raw": -0.4781502,
                    "utm_zone": 30,
                    "v_raw": 0.2589966,
                    "x": -13.9376784,
                    "y": 21.168239699999997
                }
            },
            "type": "Feature"
        },
        {
            "geometry": {
                "coordinates": [
                    -4.0834515,
                    39.794606
                ],
                "type": "Point"
            },
            "properties": {
                "navegacion": {
                    "Ah": 0,
                    "du_raw": -0.011719199999999999,
                    "dv_raw": -0.0273448,
                    "fecha utc": "2014-05-24 23:59:41",
                    "orientacion_raw": 2.672379,
                    "static_control": 0,
                    "t_Ah": 58.256,
                    "t_T_L": 60.544,
                    "t_T_R": 60.544,
                    "t_du": 60.383,
                    "t_dv": 60.383,
                    "t_lat": 60.664,
                    "t_lon": 60.664,
                    "t_orientacion": 60.664,
                    "t_static_control": 59.741,
                    "t_theta": 60.383,
                    "t_u": 60.383,
                    "t_utm_zone": 60.463,
                    "t_v": 60.383,
                    "t_x": 60.383,
                    "t_y": 60.383,
                    "theta": -62.48815408144175,
                    "throttle_L": 7501,
                    "throttle_R": 3968,
                    "u_raw": -0.4781502,
                    "utm_zone": 30,
                    "v_raw": 0.2490349,
                    "x": -14.136899699999999,
                    "y": 21.250272
                }
            },
            "type": "Feature"
        },
        {
            "geometry": {
                "coordinates": [
                    -4.0834506,
                    39.7946047
                ],
                "type": "Point"
            },
            "properties": {
                "navegacion": {
                    "Ah": 0,
                    "du_raw": 0.0214852,
                    "dv_raw": -0.063479,
                    "fecha utc": "2014-05-24 23:59:41",
                    "orientacion_raw": 2.672379,
                    "static_control": 0,
                    "t_Ah": 58.256,
                    "t_T_L": 60.544,
                    "t_T_R": 60.544,
                    "t_du": 60.704,
                    "t_dv": 60.704,
                    "t_lat": 60.985,
                    "t_lon": 60.985,
                    "t_orientacion": 60.664,
                    "t_static_control": 60.744,
                    "t_theta": 60.704,
                    "t_u": 60.704,
                    "t_utm_zone": 60.985,
                    "t_v": 60.704,
                    "t_x": 60.704,
                    "t_y": 60.704,
                    "theta": -62.48815408144175,
                    "throttle_L": 7501,
                    "throttle_R": 3968,
                    "u_raw": -0.4781502,
                    "utm_zone": 30,
                    "v_raw": 0.2490349,
                    "x": -14.277526499999999,
                    "y": 21.3479295
                }
            },
            "type": "Feature"
        },
        {
            "geometry": {
                "coordinates": [
                    -4.0834494999999995,
                    39.7946029
                ],
                "type": "Point"
            },
            "properties": {
                "navegacion": {
                    "Ah": 0,
                    "du_raw": -0.039064,
                    "dv_raw": -0.0253916,
                    "fecha utc": "2014-05-24 23:59:41",
                    "orientacion_raw": 2.680003,
                    "static_control": 0,
                    "t_Ah": 58.256,
                    "t_T_L": 61.066,
                    "t_T_R": 61.066,
                    "t_du": 61.066,
                    "t_dv": 61.066,
                    "t_lat": 61.346,
                    "t_lon": 61.346,
                    "t_orientacion": 61.146,
                    "t_static_control": 60.744,
                    "t_theta": 61.066,
                    "t_u": 61.066,
                    "t_utm_zone": 61.226,
                    "t_v": 61.066,
                    "t_x": 61.066,
                    "t_y": 61.066,
                    "theta": -63.43494882292201,
                    "throttle_L": 7474,
                    "throttle_R": 4003,
                    "u_raw": -0.4781502,
                    "utm_zone": 30,
                    "v_raw": 0.2490349,
                    "x": -14.476747799999998,
                    "y": 21.429961799999997
                }
            },
            "type": "Feature"
        },
        {
            "geometry": {
                "coordinates": [
                    -4.0834486,
                    39.7946016
                ],
                "type": "Point"
            },
            "properties": {
                "navegacion": {
                    "Ah": 0,
                    "du_raw": 0.0009766,
                    "dv_raw": 0.0087894,
                    "fecha utc": "2014-05-24 23:59:41",
                    "orientacion_raw": 2.687497,
                    "static_control": 0,
                    "t_Ah": 58.256,
                    "t_T_L": 61.548,
                    "t_T_R": 61.548,
                    "t_du": 61.427,
                    "t_dv": 61.427,
                    "t_lat": 61.708,
                    "t_lon": 61.708,
                    "t_orientacion": 61.668,
                    "t_static_control": 60.744,
                    "t_theta": 61.427,
                    "t_u": 61.427,
                    "t_utm_zone": 61.708,
                    "t_v": 61.427,
                    "t_x": 61.427,
                    "t_y": 61.427,
                    "theta": -63.43494882292201,
                    "throttle_L": 7447,
                    "throttle_R": 4036,
                    "u_raw": -0.4781502,
                    "utm_zone": 30,
                    "v_raw": 0.2390751,
                    "x": -14.6173746,
                    "y": 21.519806699999997
                }
            },
            "type": "Feature"
        },
        {
            "geometry": {
                "coordinates": [
                    -4.0834475,
                    39.7945998
                ],
                "type": "Point"
            },
            "properties": {
                "navegacion": {
                    "Ah": 0,
                    "du_raw": 0.0214852,
                    "dv_raw": 0.0068362,
                    "fecha utc": "2014-05-24 23:59:41",
                    "orientacion_raw": 2.687497,
                    "static_control": 0,
                    "t_Ah": 58.256,
                    "t_T_L": 62.072,
                    "t_T_R": 62.072,
                    "t_du": 61.789,
                    "t_dv": 61.789,
                    "t_lat": 62.072,
                    "t_lon": 62.072,
                    "t_orientacion": 61.668,
                    "t_static_control": 61.748,
                    "t_theta": 61.789,
                    "t_u": 61.789,
                    "t_utm_zone": 61.989,
                    "t_v": 61.789,
                    "t_x": 61.789,
                    "t_y": 61.789,
                    "theta": -63.43494882292201,
                    "throttle_L": 7420,
                    "throttle_R": 4069,
                    "u_raw": -0.4781502,
                    "utm_zone": 30,
                    "v_raw": 0.2390751,
                    "x": -14.8165959,
                    "y": 21.5901201
                }
            },
            "type": "Feature"
        }
    ],
    "metadata": {
        "Flight_plan": "UCM/Prueba_2_simulacion.xml",
        "Incidencias": "Probando creación geojson.\n\nNinguna incidencia.",
        "Lugar": "UCM",
        "Mision": [
            "25_05_19__10_12_19.data"
        ],
        "Referencia": "Prueba_geojson",
        "Responsable": "Armando"
    },
    "type": "FeatureCollection"
}
