Individuo | Variable | Mascara | Original | Mutado | Noise | Lower | Upper
--------------------------------------------------
1         | 1        | 0       | 0.0000   | 0.0000   | 2.2587   | -600.0000 | 600.0000
1         | 2        | 0       | 0.0000   | 0.0000   | -0.6428  | -400.0000 | 200.0000
1         | 3        | 0       | 0.0000   | 0.0000   | -1.0263  | -20.0000 | 0.0000  
1         | 4        | 1       | 0.4313   | 1.1391   | 0.7078   | -600.0000 | 600.0000
1         | 5        | 0       | 14.5304  | 14.5304  | 1.9713   | -400.0000 | 200.0000
1         | 6        | 1       | -6.0573  | -3.3655  | 2.6917   | -20.0000 | 0.0000  
1         | 7        | 0       | 178.3667 | 178.3667 | 0.3229   | -600.0000 | 600.0000
1         | 8        | 1       | -234.8271 | -234.9006 | -0.0735  | -400.0000 | 200.0000
1         | 9        | 0       | -16.8759 | -16.8759 | 0.1300   | -20.0000 | 0.0000  
1         | 10       | 0       | 162.2377 | 162.2377 | 1.5064   | -600.0000 | 600.0000
1         | 11       | 0       | -40.4187 | -40.4187 | -1.6571  | -400.0000 | 200.0000
1         | 12       | 0       | -16.4129 | -16.4129 | -0.2481  | -20.0000 | 0.0000  
1         | 13       | 1       | 246.1670 | 246.6198 | 0.4528   | -600.0000 | 600.0000
1         | 14       | 0       | -128.6500 | -128.6500 | -0.7235  | -400.0000 | 200.0000
1         | 15       | 0       | -6.6448  | -6.6448  | 3.2715   | -20.0000 | 0.0000  
1         | 16       | 0       | 404.8405 | 404.8405 | 4.6534   | -600.0000 | 600.0000
1         | 17       | 1       | -298.1629 | -300.3158 | -2.1528  | -400.0000 | 200.0000
1         | 18       | 1       | -19.6171 | -14.9537 | 4.6634   | -20.0000 | 0.0000  
1         | 19       | 0       | 334.9231 | 334.9231 | 2.8041   | -600.0000 | 600.0000
1         | 20       | 0       | -34.1815 | -34.1815 | 0.5930   | -400.0000 | 200.0000
1         | 21       | 0       | -6.0072  | -6.0072  | 0.0654   | -20.0000 | 0.0000  
1         | 22       | 0       | 405.7860 | 405.7860 | 0.0785   | -600.0000 | 600.0000
1         | 23       | 0       | 81.6866  | 81.6866  | 0.7307   | -400.0000 | 200.0000
1         | 24       | 1       | -0.7816  | 0.0000   | 2.3320   | -20.0000 | 0.0000  
1         | 25       | 0       | 187.9387 | 187.9387 | -1.3660  | -600.0000 | 600.0000
1         | 26       | 0       | 12.7671  | 12.7671  | -2.6907  | -400.0000 | 200.0000
1         | 27       | 1       | 0.6352   | 1.2978   | 0.6625   | -20.0000 | 0.0000  
1         | 28       | 0       | 0.0000   | 0.0000   | 2.2234   | -600.0000 | 600.0000
1         | 29       | 0       | 0.0000   | 0.0000   | -2.9271  | -400.0000 | 200.0000
1         | 30       | 0       | 0.0000   | 0.0000   | 5.3560   | -20.0000 | 0.0000  

2         | 1        | 0       | 0.0000   | 0.0000   | 1.1168   | -600.0000 | 600.0000
2         | 2        | 0       | 0.0000   | 0.0000   | -0.8042  | -400.0000 | 200.0000
2         | 3        | 0       | 0.0000   | 0.0000   | -1.6753  | -20.0000 | 0.0000  
2         | 4        | 0       | -249.3381 | -249.3381 | 1.9964   | -600.0000 | 600.0000
2         | 5        | 1       | 146.4621 | 146.7722 | 0.3101   | -400.0000 | 200.0000
2         | 6        | 0       | -3.6589  | -3.6589  | 2.1358   | -20.0000 | 0.0000  
2         | 7        | 0       | 367.4899 | 367.4899 | 2.0623   | -600.0000 | 600.0000
2         | 8        | 1       | -390.0016 | -392.4622 | -2.4606  | -400.0000 | 200.0000
2         | 9        | 1       | -1.1745  | -2.5950  | -1.4204  | -20.0000 | 0.0000  
2         | 10       | 0       | 272.0052 | 272.0052 | -1.1611  | -600.0000 | 600.0000
2         | 11       | 0       | -217.1493 | -217.1493 | -1.4655  | -400.0000 | 200.0000
2         | 12       | 1       | -6.4832  | -7.4556  | -0.9724  | -20.0000 | 0.0000  
2         | 13       | 0       | 493.6070 | 493.6070 | 1.3920   | -600.0000 | 600.0000
2         | 14       | 0       | -389.9207 | -389.9207 | -0.6497  | -400.0000 | 200.0000
2         | 15       | 0       | -13.2255 | -13.2255 | -0.4630  | -20.0000 | 0.0000  
2         | 16       | 0       | 325.3474 | 325.3474 | -2.1231  | -600.0000 | 600.0000
2         | 17       | 0       | -9.3655  | -9.3655  | 1.8319   | -400.0000 | 200.0000
2         | 18       | 1       | -16.3645 | -13.6762 | 2.6883   | -20.0000 | 0.0000  
2         | 19       | 1       | 450.9240 | 450.1024 | -0.8216  | -600.0000 | 600.0000
2         | 20       | 0       | -73.9279 | -73.9279 | 2.0720   | -400.0000 | 200.0000
2         | 21       | 0       | -12.5060 | -12.5060 | 1.6394   | -20.0000 | 0.0000  
2         | 22       | 0       | 585.1184 | 585.1184 | 0.2119   | -600.0000 | 600.0000
2         | 23       | 0       | 103.3389 | 103.3389 | 1.7491   | -400.0000 | 200.0000
2         | 24       | 1       | -16.9575 | -15.9229 | 1.0346   | -20.0000 | 0.0000  
2         | 25       | 1       | -80.6797 | -82.3742 | -1.6944  | -600.0000 | 600.0000
2         | 26       | 0       | 13.8974  | 13.8974  | -1.5595  | -400.0000 | 200.0000
2         | 27       | 0       | -12.6822 | -12.6822 | 3.2069   | -20.0000 | 0.0000  
2         | 28       | 0       | 0.0000   | 0.0000   | 1.7291   | -600.0000 | 600.0000
2         | 29       | 0       | 0.0000   | 0.0000   | 2.9077   | -400.0000 | 200.0000
2         | 30       | 0       | 0.0000   | 0.0000   | -1.6036  | -20.0000 | 0.0000  

3         | 1        | 0       | 0.0000   | 0.0000   | -2.6249  | -600.0000 | 600.0000
3         | 2        | 0       | 0.0000   | 0.0000   | -1.6714  | -400.0000 | 200.0000
3         | 3        | 0       | 0.0000   | 0.0000   | -1.6938  | -20.0000 | 0.0000  
3         | 4        | 1       | 351.3097 | 353.7339 | 2.4241   | -600.0000 | 600.0000
3         | 5        | 0       | -358.5725 | -358.5725 | 1.6722   | -400.0000 | 200.0000
3         | 6        | 1       | -10.5149 | -8.5671  | 1.9478   | -20.0000 | 0.0000  
3         | 7        | 1       | 72.8140  | 72.5418  | -0.2721  | -600.0000 | 600.0000
3         | 8        | 0       | -22.9441 | -22.9441 | 2.1015   | -400.0000 | 200.0000
3         | 9        | 1       | -6.2274  | -5.8498  | 0.3776   | -20.0000 | 0.0000  
3         | 10       | 0       | -297.4871 | -297.4871 | 0.4414   | -600.0000 | 600.0000
3         | 11       | 1       | -394.0127 | -394.9510 | -0.9382  | -400.0000 | 200.0000
3         | 12       | 1       | -7.1530  | -7.0539  | 0.0991   | -20.0000 | 0.0000  
3         | 13       | 1       | 45.1100  | 47.1982  | 2.0881   | -600.0000 | 600.0000
3         | 14       | 0       | 101.6706 | 101.6706 | -0.3145  | -400.0000 | 200.0000
3         | 15       | 0       | -2.2368  | -2.2368  | 0.1724   | -20.0000 | 0.0000  
3         | 16       | 1       | -79.8333 | -77.3346 | 2.4987   | -600.0000 | 600.0000
3         | 17       | 0       | 198.3094 | 198.3094 | 0.5078   | -400.0000 | 200.0000
3         | 18       | 1       | -8.8188  | -8.2325  | 0.5863   | -20.0000 | 0.0000  
3         | 19       | 0       | -214.6054 | -214.6054 | 1.2771   | -600.0000 | 600.0000
3         | 20       | 1       | -271.0507 | -271.2868 | -0.2361  | -400.0000 | 200.0000
3         | 21       | 1       | -12.9896 | -10.3988 | 2.5908   | -20.0000 | 0.0000  
3         | 22       | 0       | 425.9688 | 425.9688 | -1.0812  | -600.0000 | 600.0000
3         | 23       | 0       | 131.5153 | 131.5153 | 0.8316   | -400.0000 | 200.0000
3         | 24       | 1       | -10.6738 | -8.8784  | 1.7954   | -20.0000 | 0.0000  
3         | 25       | 0       | 187.9387 | 187.9387 | -2.8030  | -600.0000 | 600.0000
3         | 26       | 0       | 12.7671  | 12.7671  | 0.0277   | -400.0000 | 200.0000
3         | 27       | 1       | -3.0161  | -2.3257  | 0.6904   | -20.0000 | 0.0000  
3         | 28       | 0       | 0.0000   | 0.0000   | -2.4129  | -600.0000 | 600.0000
3         | 29       | 0       | 0.0000   | 0.0000   | 1.1044   | -400.0000 | 200.0000
3         | 30       | 0       | 0.0000   | 0.0000   | 2.0453   | -20.0000 | 0.0000  

4         | 1        | 0       | 0.0000   | 0.0000   | 1.5336   | -600.0000 | 600.0000
4         | 2        | 0       | 0.0000   | 0.0000   | 0.3826   | -400.0000 | 200.0000
4         | 3        | 0       | 0.0000   | 0.0000   | -1.5516  | -20.0000 | 0.0000  
4         | 4        | 0       | -250.7774 | -250.7774 | -1.4051  | -600.0000 | 600.0000
4         | 5        | 1       | 147.2353 | 147.3595 | 0.1242   | -400.0000 | 200.0000
4         | 6        | 0       | -4.9208  | -4.9208  | 0.4896   | -20.0000 | 0.0000  
4         | 7        | 0       | 365.3544 | 229.9025 | -135.4519 | -600.0000 | 600.0000
4         | 8        | 1       | -390.0016 | -385.9217 | 4.0799   | -400.0000 | 200.0000
4         | 9        | 0       | -2.7215  | -2.7215  | -0.9423  | -20.0000 | 0.0000  
4         | 10       | 0       | 272.0052 | -132.4574 | -404.4626 | -600.0000 | 600.0000
4         | 11       | 0       | -217.1493 | -217.1493 | -3.2089  | -400.0000 | 200.0000
4         | 12       | 0       | -3.4121  | -3.4121  | 1.3968   | -20.0000 | 0.0000  
4         | 13       | 0       | -260.6117 | -260.6117 | -0.2329  | -600.0000 | 600.0000
4         | 14       | 0       | 124.4670 | 124.4670 | 3.9909   | -400.0000 | 200.0000
4         | 15       | 1       | -18.8590 | -18.5542 | 0.3047   | -20.0000 | 0.0000  
4         | 16       | 0       | -77.1701 | -77.1701 | 2.8295   | -600.0000 | 600.0000
4         | 17       | 1       | 198.3094 | 193.5365 | -4.7730  | -400.0000 | 200.0000
4         | 18       | 0       | -7.8508  | -7.8508  | 1.3596   | -20.0000 | 0.0000  
4         | 19       | 0       | 334.9231 | 334.9231 | -0.4011  | -600.0000 | 600.0000
4         | 20       | 0       | -30.8630 | -30.8630 | -1.3228  | -400.0000 | 200.0000
4         | 21       | 0       | -2.5767  | -2.5767  | -0.9997  | -20.0000 | 0.0000  
4         | 22       | 0       | 405.0070 | 405.0070 | -1.1524  | -600.0000 | 600.0000
4         | 23       | 0       | 80.2230  | 80.2230  | -1.6857  | -400.0000 | 200.0000
4         | 24       | 0       | -0.7816  | -0.7816  | 2.2074   | -20.0000 | 0.0000  
4         | 25       | 0       | -44.0551 | -44.0551 | 2.0381   | -600.0000 | 600.0000
4         | 26       | 0       | 36.7541  | 36.7541  | 3.2169   | -400.0000 | 200.0000
4         | 27       | 0       | -6.8654  | -6.8654  | -1.7651  | -20.0000 | 0.0000  
4         | 28       | 0       | 0.0000   | 0.0000   | -0.7106  | -600.0000 | 600.0000
4         | 29       | 0       | 0.0000   | 0.0000   | 0.9257   | -400.0000 | 200.0000
4         | 30       | 0       | 0.0000   | 0.0000   | -1.0400  | -20.0000 | 0.0000  

5         | 1        | 0       | 0.0000   | 0.0000   | 1.9241   | -600.0000 | 600.0000
5         | 2        | 0       | 0.0000   | 0.0000   | -1.4111  | -400.0000 | 200.0000
5         | 3        | 0       | 0.0000   | 0.0000   | -0.6499  | -20.0000 | 0.0000  
5         | 4        | 0       | 207.2436 | 207.2436 | -4.9901  | -600.0000 | 600.0000
5         | 5        | 1       | 80.0500  | 84.1684  | 4.1184   | -400.0000 | 200.0000
5         | 6        | 1       | -14.9906 | -15.3352 | -0.3446  | -20.0000 | 0.0000  
5         | 7        | 1       | 150.4872 | 149.3250 | -1.1622  | -600.0000 | 600.0000
5         | 8        | 1       | -54.5783 | -53.5477 | 1.0306   | -400.0000 | 200.0000
5         | 9        | 0       | -0.8962  | -0.8962  | 3.1022   | -20.0000 | 0.0000  
5         | 10       | 0       | 321.9281 | 321.9281 | 2.3214   | -600.0000 | 600.0000
5         | 11       | 1       | -147.9454 | -151.4196 | -3.4741  | -400.0000 | 200.0000
5         | 12       | 0       | -12.9892 | -12.9892 | -1.0056  | -20.0000 | 0.0000  
5         | 13       | 0       | -19.7452 | -19.7452 | -0.2672  | -600.0000 | 600.0000
5         | 14       | 0       | 80.4673  | 80.4673  | -0.5793  | -400.0000 | 200.0000
5         | 15       | 0       | -7.9250  | -7.9250  | -1.4631  | -20.0000 | 0.0000  
5         | 16       | 0       | 108.6458 | 108.6458 | -0.2075  | -600.0000 | 600.0000
5         | 17       | 0       | -32.0250 | -32.0250 | -1.3971  | -400.0000 | 200.0000
5         | 18       | 0       | -7.2462  | -7.2462  | 1.8372   | -20.0000 | 0.0000  
5         | 19       | 0       | 462.0318 | 462.0318 | -1.9045  | -600.0000 | 600.0000
5         | 20       | 0       | -131.6925 | -131.6925 | -0.1530  | -400.0000 | 200.0000
5         | 21       | 0       | -9.7914  | -9.7914  | -0.0197  | -20.0000 | 0.0000  
5         | 22       | 1       | 153.2089 | 152.3797 | -0.8292  | -600.0000 | 600.0000
5         | 23       | 1       | 155.4738 | 153.9793 | -1.4944  | -400.0000 | 200.0000
5         | 24       | 0       | -19.6177 | -19.6177 | -0.3692  | -20.0000 | 0.0000  
5         | 25       | 0       | -27.7878 | -27.7878 | -1.4952  | -600.0000 | 600.0000
5         | 26       | 0       | 12.6332  | 12.6332  | 0.7729   | -400.0000 | 200.0000
5         | 27       | 1       | -5.5459  | -2.2441  | 3.3018   | -20.0000 | 0.0000  
5         | 28       | 0       | 0.0000   | 0.0000   | 0.0494   | -600.0000 | 600.0000
5         | 29       | 0       | 0.0000   | 0.0000   | -1.4560  | -400.0000 | 200.0000
5         | 30       | 0       | 0.0000   | 0.0000   | 1.0562   | -20.0000 | 0.0000  

6         | 1        | 0       | 0.0000   | 0.0000   | 2.3453   | -600.0000 | 600.0000
6         | 2        | 0       | 0.0000   | 0.0000   | 3.5494   | -400.0000 | 200.0000
6         | 3        | 0       | 0.0000   | 0.0000   | 1.6118   | -20.0000 | 0.0000  
6         | 4        | 0       | 0.4313   | 0.4313   | 3.5800   | -600.0000 | 600.0000
6         | 5        | 0       | 14.5304  | 14.5304  | -1.1899  | -400.0000 | 200.0000
6         | 6        | 1       | -6.0573  | -5.5534  | 0.5039   | -20.0000 | 0.0000  
6         | 7        | 0       | 176.9190 | 176.9190 | -0.8982  | -600.0000 | 600.0000
6         | 8        | 0       | -232.7184 | -232.7184 | 1.0795   | -400.0000 | 200.0000
6         | 9        | 0       | -19.8934 | -19.8934 | 2.2303   | -20.0000 | 0.0000  
6         | 10       | 0       | 163.1284 | 163.1284 | -0.1558  | -600.0000 | 600.0000
6         | 11       | 0       | -40.4187 | -40.4187 | 2.0293   | -400.0000 | 200.0000
6         | 12       | 1       | -18.1214 | -19.8718 | -1.7503  | -20.0000 | 0.0000  
6         | 13       | 0       | 246.1670 | 246.1670 | 2.0633   | -600.0000 | 600.0000
6         | 14       | 0       | -126.8968 | -126.8968 | -3.2579  | -400.0000 | 200.0000
6         | 15       | 0       | -6.6448  | -6.6448  | -1.4165  | -20.0000 | 0.0000  
6         | 16       | 1       | 404.8405 | 405.2588 | 0.4183   | -600.0000 | 600.0000
6         | 17       | 1       | -298.1629 | -301.0050 | -2.8421  | -400.0000 | 200.0000
6         | 18       | 0       | -19.6171 | -19.6171 | 1.5020   | -20.0000 | 0.0000  
6         | 19       | 0       | 334.9231 | 334.9231 | 1.6960   | -600.0000 | 600.0000
6         | 20       | 0       | -32.7486 | -32.7486 | 1.0455   | -400.0000 | 200.0000
6         | 21       | 0       | -6.0072  | -6.0072  | -1.2994  | -20.0000 | 0.0000  
6         | 22       | 1       | 405.0070 | 403.7827 | -1.2243  | -600.0000 | 600.0000
6         | 23       | 1       | 81.6866  | 81.1423  | -0.5443  | -400.0000 | 200.0000
6         | 24       | 0       | -0.7816  | -0.7816  | 0.1218   | -20.0000 | 0.0000  
6         | 25       | 0       | 42.6186  | 42.6186  | -0.7239  | -600.0000 | 600.0000
6         | 26       | 0       | -106.6701 | -106.6701 | 2.8852   | -400.0000 | 200.0000
6         | 27       | 1       | -16.2653 | -10.4884 | 5.7769   | -20.0000 | 0.0000  
6         | 28       | 0       | 0.0000   | 0.0000   | 1.0851   | -600.0000 | 600.0000
6         | 29       | 0       | 0.0000   | 0.0000   | -1.7396  | -400.0000 | 200.0000
6         | 30       | 0       | 0.0000   | 0.0000   | 0.7760   | -20.0000 | 0.0000  

7         | 1        | 0       | 0.0000   | 0.0000   | -1.3228  | -600.0000 | 600.0000
7         | 2        | 0       | 0.0000   | 0.0000   | -2.1033  | -400.0000 | 200.0000
7         | 3        | 0       | 0.0000   | 0.0000   | -0.9674  | -20.0000 | 0.0000  
7         | 4        | 0       | -69.2442 | -69.2442 | 1.5944   | -600.0000 | 600.0000
7         | 5        | 0       | -336.6012 | -336.6012 | -0.3045  | -400.0000 | 200.0000
7         | 6        | 0       | -7.1835  | -7.1835  | 1.9822   | -20.0000 | 0.0000  
7         | 7        | 0       | 558.9733 | 558.9733 | 1.9400   | -600.0000 | 600.0000
7         | 8        | 0       | -62.0853 | -62.0853 | -0.4745  | -400.0000 | 200.0000
7         | 9        | 1       | -13.0545 | -9.8148  | 3.2397   | -20.0000 | 0.0000  
7         | 10       | 1       | 321.9281 | 321.6460 | -0.2821  | -600.0000 | 600.0000
7         | 11       | 0       | -149.3399 | -149.3399 | 1.8821   | -400.0000 | 200.0000
7         | 12       | 0       | -12.9892 | -12.9892 | -0.5140  | -20.0000 | 0.0000  
7         | 13       | 1       | -538.9377 | -538.4848 | 0.4529   | -600.0000 | 600.0000
7         | 14       | 0       | -70.6848 | -70.6848 | -1.8180  | -400.0000 | 200.0000
7         | 15       | 0       | -10.1541 | -10.1541 | -2.5871  | -20.0000 | 0.0000  
7         | 16       | 1       | -231.8360 | -235.5133 | -3.6773  | -600.0000 | 600.0000
7         | 17       | 0       | -188.6884 | -188.6884 | 5.5224   | -400.0000 | 200.0000
7         | 18       | 0       | -7.5742  | -7.5742  | -0.7075  | -20.0000 | 0.0000  
7         | 19       | 1       | -214.6054 | -208.8833 | 5.7221   | -600.0000 | 600.0000
7         | 20       | 0       | -271.0507 | -271.0507 | 1.5138   | -400.0000 | 200.0000
7         | 21       | 0       | -8.8240  | -8.8240  | 0.3835   | -20.0000 | 0.0000  
7         | 22       | 0       | 447.5350 | 447.5350 | 1.8436   | -600.0000 | 600.0000
7         | 23       | 0       | 39.3349  | 39.3349  | 0.8140   | -400.0000 | 200.0000
7         | 24       | 0       | -1.8048  | -1.8048  | 3.9441   | -20.0000 | 0.0000  
7         | 25       | 1       | 187.9387 | 190.5514 | 2.6128   | -600.0000 | 600.0000
7         | 26       | 0       | 14.1549  | 14.1549  | 0.1603   | -400.0000 | 200.0000
7         | 27       | 1       | -3.0161  | -2.7303  | 0.2857   | -20.0000 | 0.0000  
7         | 28       | 0       | 0.0000   | 0.0000   | -1.1148  | -600.0000 | 600.0000
7         | 29       | 0       | 0.0000   | 0.0000   | -1.2720  | -400.0000 | 200.0000
7         | 30       | 0       | 0.0000   | 0.0000   | -5.8051  | -20.0000 | 0.0000  

8         | 1        | 0       | 0.0000   | 0.0000   | 3.0496   | -600.0000 | 600.0000
8         | 2        | 0       | 0.0000   | 0.0000   | 1.3116   | -400.0000 | 200.0000
8         | 3        | 0       | 0.0000   | 0.0000   | -3.0105  | -20.0000 | 0.0000  
8         | 4        | 0       | -101.0699 | -101.0699 | 1.6458   | -600.0000 | 600.0000
8         | 5        | 0       | -142.6334 | -142.6334 | 0.4400   | -400.0000 | 200.0000
8         | 6        | 0       | -9.1819  | -9.1819  | 0.0845   | -20.0000 | 0.0000  
8         | 7        | 0       | 44.5279  | 44.5279  | -1.4625  | -600.0000 | 600.0000
8         | 8        | 0       | -47.8953 | -47.8953 | -0.1176  | -400.0000 | 200.0000
8         | 9        | 0       | -4.4208  | -4.4208  | -0.6678  | -20.0000 | 0.0000  
8         | 10       | 0       | 0.1353   | 0.1353   | 0.2544   | -600.0000 | 600.0000
8         | 11       | 0       | -156.0176 | -156.0176 | 0.3155   | -400.0000 | 200.0000
8         | 12       | 0       | -2.5895  | -2.5895  | -4.8088  | -20.0000 | 0.0000  
8         | 13       | 0       | -206.1203 | -206.1203 | -1.0356  | -600.0000 | 600.0000
8         | 14       | 0       | -127.6061 | -127.6061 | -0.0726  | -400.0000 | 200.0000
8         | 15       | 1       | -4.7511  | -7.9770  | -3.2259  | -20.0000 | 0.0000  
8         | 16       | 1       | -449.6623 | -446.9406 | 2.7217   | -600.0000 | 600.0000
8         | 17       | 0       | -282.1485 | -282.1485 | -2.8265  | -400.0000 | 200.0000
8         | 18       | 0       | -0.9711  | -0.9711  | -2.7092  | -20.0000 | 0.0000  
8         | 19       | 0       | -389.4100 | -389.4100 | -4.6575  | -600.0000 | 600.0000
8         | 20       | 0       | -59.3636 | -59.3636 | 2.8494   | -400.0000 | 200.0000
8         | 21       | 0       | -8.4137  | -8.4137  | 1.7412   | -20.0000 | 0.0000  
8         | 22       | 0       | -12.4506 | -12.4506 | 0.2674   | -600.0000 | 600.0000
8         | 23       | 0       | -13.1529 | -13.1529 | 0.7183   | -400.0000 | 200.0000
8         | 24       | 0       | -15.4035 | -15.4035 | -4.4686  | -20.0000 | 0.0000  
8         | 25       | 0       | 13.0299  | 13.0299  | 3.5327   | -600.0000 | 600.0000
8         | 26       | 1       | -148.4370 | -147.3452 | 1.0918   | -400.0000 | 200.0000
8         | 27       | 0       | -19.6375 | -19.6375 | -1.4353  | -20.0000 | 0.0000  
8         | 28       | 0       | 0.0000   | 0.0000   | -2.3782  | -600.0000 | 600.0000
8         | 29       | 0       | 0.0000   | 0.0000   | 4.3965   | -400.0000 | 200.0000
8         | 30       | 0       | 0.0000   | 0.0000   | 1.0210   | -20.0000 | 0.0000  

9         | 1        | 0       | 0.0000   | 0.0000   | -2.3660  | -600.0000 | 600.0000
9         | 2        | 0       | 0.0000   | 0.0000   | 4.4499   | -400.0000 | 200.0000
9         | 3        | 0       | 0.0000   | 0.0000   | -0.1992  | -20.0000 | 0.0000  
9         | 4        | 0       | 0.4313   | 0.4313   | -0.4254  | -600.0000 | 600.0000
9         | 5        | 1       | 14.5304  | 13.0887  | -1.4417  | -400.0000 | 200.0000
9         | 6        | 0       | -5.2910  | -5.2910  | 1.7209   | -20.0000 | 0.0000  
9         | 7        | 0       | 176.9190 | 176.9190 | 0.1260   | -600.0000 | 600.0000
9         | 8        | 0       | -229.3051 | -229.3051 | 0.5545   | -400.0000 | 200.0000
9         | 9        | 1       | -16.6867 | -16.7274 | -0.0407  | -20.0000 | 0.0000  
9         | 10       | 0       | 163.1284 | 163.1284 | 3.3052   | -600.0000 | 600.0000
9         | 11       | 0       | -39.9160 | -39.9160 | 1.8326   | -400.0000 | 200.0000
9         | 12       | 1       | -18.1747 | -19.6230 | -1.4483  | -20.0000 | 0.0000  
9         | 13       | 0       | 247.6380 | 247.6380 | 1.4688   | -600.0000 | 600.0000
9         | 14       | 1       | -126.8968 | -129.5208 | -2.6240  | -400.0000 | 200.0000
9         | 15       | 0       | -8.4628  | -8.4628  | -3.0388  | -20.0000 | 0.0000  
9         | 16       | 0       | 404.8405 | 404.8405 | 2.8254   | -600.0000 | 600.0000
9         | 17       | 0       | -298.1629 | -298.1629 | 2.8720   | -400.0000 | 200.0000
9         | 18       | 1       | -19.9417 | -19.8889 | 0.0528   | -20.0000 | 0.0000  
9         | 19       | 0       | 334.9231 | 334.9231 | 3.2569   | -600.0000 | 600.0000
9         | 20       | 1       | -31.9260 | -32.4794 | -0.5534  | -400.0000 | 200.0000
9         | 21       | 0       | -2.5767  | -2.5767  | 1.3544   | -20.0000 | 0.0000  
9         | 22       | 0       | 405.0070 | 405.0070 | -0.3988  | -600.0000 | 600.0000
9         | 23       | 0       | 80.2230  | 80.2230  | 2.5229   | -400.0000 | 200.0000
9         | 24       | 0       | 0.0000   | 0.0000   | 1.9978   | -20.0000 | 0.0000  
9         | 25       | 1       | 280.1252 | 279.6664 | -0.4588  | -600.0000 | 600.0000
9         | 26       | 1       | -176.6960 | -175.3116 | 1.3845   | -400.0000 | 200.0000
9         | 27       | 1       | -4.6564  | -6.6973  | -2.0409  | -20.0000 | 0.0000  
9         | 28       | 0       | 0.0000   | 0.0000   | -2.4300  | -600.0000 | 600.0000
9         | 29       | 0       | 0.0000   | 0.0000   | -0.5683  | -400.0000 | 200.0000
9         | 30       | 0       | 0.0000   | 0.0000   | 0.7947   | -20.0000 | 0.0000  

10        | 1        | 0       | 0.0000   | 0.0000   | 1.1598   | -600.0000 | 600.0000
10        | 2        | 0       | 0.0000   | 0.0000   | -0.8779  | -400.0000 | 200.0000
10        | 3        | 0       | 0.0000   | 0.0000   | 0.6322   | -20.0000 | 0.0000  
10        | 4        | 0       | 0.4313   | 0.4313   | -0.0870  | -600.0000 | 600.0000
10        | 5        | 0       | 14.5304  | 14.5304  | -3.3579  | -400.0000 | 200.0000
10        | 6        | 0       | -6.0573  | -6.0573  | -0.0329  | -20.0000 | 0.0000  
10        | 7        | 0       | 178.3667 | 178.3667 | 0.1596   | -600.0000 | 600.0000
10        | 8        | 0       | -234.8271 | -234.8271 | 0.2133   | -400.0000 | 200.0000
10        | 9        | 0       | -19.4851 | -19.4851 | -1.2749  | -20.0000 | 0.0000  
10        | 10       | 1       | 163.1284 | 162.9201 | -0.2083  | -600.0000 | 600.0000
10        | 11       | 0       | -41.1070 | -41.1070 | 4.4747   | -400.0000 | 200.0000
10        | 12       | 0       | -16.4129 | -16.4129 | 2.6864   | -20.0000 | 0.0000  
10        | 13       | 0       | 247.7969 | 247.7969 | 0.4238   | -600.0000 | 600.0000
10        | 14       | 1       | -126.8968 | -126.0713 | 0.8255   | -400.0000 | 200.0000
10        | 15       | 0       | -8.5215  | -8.5215  | -0.0993  | -20.0000 | 0.0000  
10        | 16       | 1       | -179.2949 | -178.7011 | 0.5938   | -600.0000 | 600.0000
10        | 17       | 0       | -46.0494 | -46.0494 | -3.3365  | -400.0000 | 200.0000
10        | 18       | 1       | -12.1551 | -13.3163 | -1.1612  | -20.0000 | 0.0000  
10        | 19       | 0       | -315.3278 | -315.3278 | -2.9239  | -600.0000 | 600.0000
10        | 20       | 1       | -338.9305 | -341.0430 | -2.1125  | -400.0000 | 200.0000
10        | 21       | 1       | -16.9428 | -20.0000 | -3.2154  | -20.0000 | 0.0000  
10        | 22       | 1       | 407.7627 | 404.6981 | -3.0646  | -600.0000 | 600.0000
10        | 23       | 0       | -169.7002 | -169.7002 | 0.8937   | -400.0000 | 200.0000
10        | 24       | 1       | -8.5626  | -9.1927  | -0.6301  | -20.0000 | 0.0000  
10        | 25       | 1       | -42.9138 | -41.4881 | 1.4257   | -600.0000 | 600.0000
10        | 26       | 0       | 36.5068  | 36.5068  | -0.6825  | -400.0000 | 200.0000
10        | 27       | 0       | -6.8654  | -6.8654  | -1.7912  | -20.0000 | 0.0000  
10        | 28       | 0       | 0.0000   | 0.0000   | 0.2571   | -600.0000 | 600.0000
10        | 29       | 0       | 0.0000   | 0.0000   | -2.1132  | -400.0000 | 200.0000
10        | 30       | 0       | 0.0000   | 0.0000   | 0.8533   | -20.0000 | 0.0000  

11        | 1        | 0       | 0.0000   | 0.0000   | 0.7411   | -600.0000 | 600.0000
11        | 2        | 0       | 0.0000   | 0.0000   | 1.8470   | -400.0000 | 200.0000
11        | 3        | 0       | 0.0000   | 0.0000   | 2.6369   | -20.0000 | 0.0000  
11        | 4        | 0       | -249.3381 | -249.3381 | -1.0113  | -600.0000 | 600.0000
11        | 5        | 1       | 146.4621 | 144.0892 | -2.3729  | -400.0000 | 200.0000
11        | 6        | 0       | -4.9208  | -4.9208  | -1.8244  | -20.0000 | 0.0000  
11        | 7        | 0       | 552.9384 | 552.9384 | 2.4395   | -600.0000 | 600.0000
11        | 8        | 0       | -391.7752 | -391.7752 | -1.5043  | -400.0000 | 200.0000
11        | 9        | 0       | -0.7438  | -0.7438  | 0.6122   | -20.0000 | 0.0000  
11        | 10       | 0       | 270.0919 | 270.0919 | 0.1560   | -600.0000 | 600.0000
11        | 11       | 0       | -217.1493 | -217.1493 | -0.8810  | -400.0000 | 200.0000
11        | 12       | 0       | -3.4121  | -3.4121  | -1.2109  | -20.0000 | 0.0000  
11        | 13       | 0       | -266.6266 | -266.6266 | -0.9921  | -600.0000 | 600.0000
11        | 14       | 1       | 123.6523 | 120.6012 | -3.0511  | -400.0000 | 200.0000
11        | 15       | 1       | -17.7484 | -17.0347 | 0.7137   | -20.0000 | 0.0000  
11        | 16       | 0       | -79.8333 | -79.8333 | -2.8141  | -600.0000 | 600.0000
11        | 17       | 0       | 200.0000 | 200.0000 | 1.8365   | -400.0000 | 200.0000
11        | 18       | 1       | -8.8188  | -8.2170  | 0.6018   | -20.0000 | 0.0000  
11        | 19       | 0       | -216.6197 | -216.6197 | 1.5859   | -600.0000 | 600.0000
11        | 20       | 1       | -271.0507 | -269.4571 | 1.5936   | -400.0000 | 200.0000
11        | 21       | 0       | -12.9896 | -12.9896 | 1.0624   | -20.0000 | 0.0000  
11        | 22       | 0       | -152.9601 | -152.9601 | -2.4004  | -600.0000 | 600.0000
11        | 23       | 0       | -358.7718 | -358.7718 | 0.1586   | -400.0000 | 200.0000
11        | 24       | 1       | -12.6085 | -15.0844 | -2.4758  | -20.0000 | 0.0000  
11        | 25       | 1       | -42.9138 | -40.8341 | 2.0797   | -600.0000 | 600.0000
11        | 26       | 1       | 36.5068  | 37.9721  | 1.4653   | -400.0000 | 200.0000
11        | 27       | 0       | -6.8654  | -6.8654  | 3.7290   | -20.0000 | 0.0000  
11        | 28       | 0       | 0.0000   | 0.0000   | 2.9453   | -600.0000 | 600.0000
11        | 29       | 0       | 0.0000   | 0.0000   | 1.9411   | -400.0000 | 200.0000
11        | 30       | 0       | 0.0000   | 0.0000   | -0.6524  | -20.0000 | 0.0000  

12        | 1        | 0       | 0.0000   | 0.0000   | 2.2141   | -600.0000 | 600.0000
12        | 2        | 0       | 0.0000   | 0.0000   | -0.2200  | -400.0000 | 200.0000
12        | 3        | 0       | 0.0000   | 0.0000   | 0.3671   | -20.0000 | 0.0000  
12        | 4        | 0       | 96.8389  | 96.8389  | 2.2773   | -600.0000 | 600.0000
12        | 5        | 0       | -96.6947 | -96.6947 | 1.8835   | -400.0000 | 200.0000
12        | 6        | 0       | -17.1184 | -17.1184 | -0.5096  | -20.0000 | 0.0000  
12        | 7        | 0       | 148.7982 | 148.7982 | 1.6113   | -600.0000 | 600.0000
12        | 8        | 1       | -235.8157 | -240.1524 | -4.3366  | -400.0000 | 200.0000
12        | 9        | 0       | -10.2433 | -10.2433 | 0.3491   | -20.0000 | 0.0000  
12        | 10       | 0       | 169.8054 | 169.8054 | -3.2300  | -600.0000 | 600.0000
12        | 11       | 0       | -244.1031 | -244.1031 | -2.8230  | -400.0000 | 200.0000
12        | 12       | 1       | -2.2783  | -3.0576  | -0.7793  | -20.0000 | 0.0000  
12        | 13       | 0       | 386.8575 | 386.8575 | 0.8108   | -600.0000 | 600.0000
12        | 14       | 1       | -365.8128 | -365.1463 | 0.6665   | -400.0000 | 200.0000
12        | 15       | 0       | -11.6279 | -11.6279 | 0.2427   | -20.0000 | 0.0000  
12        | 16       | 0       | -347.3917 | -347.3917 | 2.0155   | -600.0000 | 600.0000
12        | 17       | 0       | 85.4142  | 85.4142  | -2.7756  | -400.0000 | 200.0000
12        | 18       | 0       | -17.0616 | -17.0616 | -1.6023  | -20.0000 | 0.0000  
12        | 19       | 0       | -188.8258 | -188.8258 | -3.2891  | -600.0000 | 600.0000
12        | 20       | 1       | 119.6899 | 124.0767 | 4.3868   | -400.0000 | 200.0000
12        | 21       | 0       | -16.9015 | -16.9015 | -5.0155  | -20.0000 | 0.0000  
12        | 22       | 1       | -516.9577 | -518.1011 | -1.1434  | -600.0000 | 600.0000
12        | 23       | 0       | 69.4254  | 69.4254  | 2.2369   | -400.0000 | 200.0000
12        | 24       | 0       | -14.5140 | -14.5140 | 0.7878   | -20.0000 | 0.0000  
12        | 25       | 0       | 76.0900  | 76.0900  | -0.7664  | -600.0000 | 600.0000
12        | 26       | 0       | 82.2829  | 82.2829  | 0.3695   | -400.0000 | 200.0000
12        | 27       | 0       | -17.2570 | -17.2570 | -2.1902  | -20.0000 | 0.0000  
12        | 28       | 0       | 0.0000   | 0.0000   | 0.1000   | -600.0000 | 600.0000
12        | 29       | 0       | 0.0000   | 0.0000   | 0.1042   | -400.0000 | 200.0000
12        | 30       | 0       | 0.0000   | 0.0000   | -0.1622  | -20.0000 | 0.0000  

13        | 1        | 0       | 0.0000   | 0.0000   | 2.0664   | -600.0000 | 600.0000
13        | 2        | 0       | 0.0000   | 0.0000   | 1.5239   | -400.0000 | 200.0000
13        | 3        | 0       | 0.0000   | 0.0000   | -1.4969  | -20.0000 | 0.0000  
13        | 4        | 0       | 0.4313   | 0.4313   | -0.8051  | -600.0000 | 600.0000
13        | 5        | 1       | 13.4422  | 14.2491  | 0.8069   | -400.0000 | 200.0000
13        | 6        | 1       | -6.0573  | -3.1422  | 2.9151   | -20.0000 | 0.0000  
13        | 7        | 0       | 178.3667 | 178.3667 | -1.1256  | -600.0000 | 600.0000
13        | 8        | 0       | -232.8587 | -232.8587 | -0.6586  | -400.0000 | 200.0000
13        | 9        | 1       | -20.0000 | -20.0000 | -1.7547  | -20.0000 | 0.0000  
13        | 10       | 0       | 163.1284 | 163.1284 | 0.9449   | -600.0000 | 600.0000
13        | 11       | 1       | -42.5940 | -44.5892 | -1.9952  | -400.0000 | 200.0000
13        | 12       | 0       | -18.3547 | -18.3547 | -2.0296  | -20.0000 | 0.0000  
13        | 13       | 0       | 246.1670 | 246.1670 | -2.3641  | -600.0000 | 600.0000
13        | 14       | 1       | -126.8968 | -126.1748 | 0.7220   | -400.0000 | 200.0000
13        | 15       | 0       | -6.6448  | -6.6448  | 0.8075   | -20.0000 | 0.0000  
13        | 16       | 0       | 407.4138 | 407.4138 | 4.4851   | -600.0000 | 600.0000
13        | 17       | 0       | -297.9748 | -297.9748 | -0.0081  | -400.0000 | 200.0000
13        | 18       | 1       | -19.6171 | -20.0000 | -0.5314  | -20.0000 | 0.0000  
13        | 19       | 0       | 334.5670 | 334.5670 | -0.5546  | -600.0000 | 600.0000
13        | 20       | 0       | -35.7286 | -35.7286 | 2.7536   | -400.0000 | 200.0000
13        | 21       | 1       | -6.0072  | -5.6510  | 0.3562   | -20.0000 | 0.0000  
13        | 22       | 1       | 407.7406 | 406.6507 | -1.0899  | -600.0000 | 600.0000
13        | 23       | 0       | 81.3714  | 81.3714  | 2.4159   | -400.0000 | 200.0000
13        | 24       | 0       | -0.7816  | -0.7816  | -4.0334  | -20.0000 | 0.0000  
13        | 25       | 0       | 43.1968  | 43.1968  | 0.8890   | -600.0000 | 600.0000
13        | 26       | 1       | -106.6110 | -108.4270 | -1.8160  | -400.0000 | 200.0000
13        | 27       | 0       | -11.9623 | -11.9623 | 0.8897   | -20.0000 | 0.0000  
13        | 28       | 0       | 0.0000   | 0.0000   | -1.2586  | -600.0000 | 600.0000
13        | 29       | 0       | 0.0000   | 0.0000   | -1.9888  | -400.0000 | 200.0000
13        | 30       | 0       | 0.0000   | 0.0000   | 1.3920   | -20.0000 | 0.0000  

14        | 1        | 0       | 0.0000   | 0.0000   | -3.8467  | -600.0000 | 600.0000
14        | 2        | 0       | 0.0000   | 0.0000   | -0.2493  | -400.0000 | 200.0000
14        | 3        | 0       | 0.0000   | 0.0000   | -1.6581  | -20.0000 | 0.0000  
14        | 4        | 0       | 136.6706 | 136.6706 | -1.4464  | -600.0000 | 600.0000
14        | 5        | 0       | 124.2192 | 124.2192 | -1.7317  | -400.0000 | 200.0000
14        | 6        | 1       | -5.5205  | -5.3716  | 0.1490   | -20.0000 | 0.0000  
14        | 7        | 1       | 590.3553 | 589.0885 | -1.2668  | -600.0000 | 600.0000
14        | 8        | 0       | -223.5595 | -223.5595 | -3.5171  | -400.0000 | 200.0000
14        | 9        | 1       | -15.7936 | -15.8065 | -0.0129  | -20.0000 | 0.0000  
14        | 10       | 0       | 317.3634 | 317.3634 | -1.8337  | -600.0000 | 600.0000
14        | 11       | 1       | -248.1842 | -246.6359 | 1.5483   | -400.0000 | 200.0000
14        | 12       | 1       | -2.6888  | -1.8189  | 0.8699   | -20.0000 | 0.0000  
14        | 13       | 1       | 583.9675 | 585.7470 | 1.7795   | -600.0000 | 600.0000
14        | 14       | 0       | -175.4375 | -175.4375 | 0.0609   | -400.0000 | 200.0000
14        | 15       | 0       | -12.5872 | -12.5872 | 2.2668   | -20.0000 | 0.0000  
14        | 16       | 0       | -49.8823 | -49.8823 | 3.1887   | -600.0000 | 600.0000
14        | 17       | 0       | 35.0036  | 35.0036  | 1.2825   | -400.0000 | 200.0000
14        | 18       | 1       | -8.5142  | -6.6692  | 1.8451   | -20.0000 | 0.0000  
14        | 19       | 0       | 200.6548 | 200.6548 | 2.9314   | -600.0000 | 600.0000
14        | 20       | 1       | 66.2296  | 67.2310  | 1.0014   | -400.0000 | 200.0000
14        | 21       | 0       | -2.7559  | -2.7559  | 0.5091   | -20.0000 | 0.0000  
14        | 22       | 0       | 332.5763 | 332.5763 | -1.5677  | -600.0000 | 600.0000
14        | 23       | 0       | -64.9575 | -64.9575 | -0.5632  | -400.0000 | 200.0000
14        | 24       | 1       | -11.5156 | -8.8217  | 2.6939   | -20.0000 | 0.0000  
14        | 25       | 0       | -42.9138 | -42.9138 | -3.2403  | -600.0000 | 600.0000
14        | 26       | 0       | 36.5068  | 36.5068  | 1.1190   | -400.0000 | 200.0000
14        | 27       | 0       | -9.1307  | -9.1307  | 0.6453   | -20.0000 | 0.0000  
14        | 28       | 0       | 0.0000   | 0.0000   | -1.7022  | -600.0000 | 600.0000
14        | 29       | 0       | 0.0000   | 0.0000   | 5.5305   | -400.0000 | 200.0000
14        | 30       | 0       | 0.0000   | 0.0000   | 1.1402   | -20.0000 | 0.0000  

15        | 1        | 0       | 0.0000   | 0.0000   | 2.8128   | -600.0000 | 600.0000
15        | 2        | 0       | 0.0000   | 0.0000   | 0.4783   | -400.0000 | 200.0000
15        | 3        | 0       | 0.0000   | 0.0000   | 3.5574   | -20.0000 | 0.0000  
15        | 4        | 0       | 62.2882  | 62.2882  | -1.6998  | -600.0000 | 600.0000
15        | 5        | 0       | -63.4372 | -63.4372 | -0.9008  | -400.0000 | 200.0000
15        | 6        | 1       | -2.4669  | -2.8621  | -0.3951  | -20.0000 | 0.0000  
15        | 7        | 0       | -115.8206 | -115.8206 | -2.8208  | -600.0000 | 600.0000
15        | 8        | 0       | -319.5909 | -319.5909 | -0.9769  | -400.0000 | 200.0000
15        | 9        | 0       | -19.4243 | -19.4243 | -1.5702  | -20.0000 | 0.0000  
15        | 10       | 0       | 306.1647 | 306.1647 | 0.5375   | -600.0000 | 600.0000
15        | 11       | 0       | -27.8143 | -27.8143 | -4.1049  | -400.0000 | 200.0000
15        | 12       | 1       | -5.9184  | -4.6967  | 1.2217   | -20.0000 | 0.0000  
15        | 13       | 0       | -344.4430 | -344.4430 | 2.0753   | -600.0000 | 600.0000
15        | 14       | 1       | -318.1771 | -321.5831 | -3.4060  | -400.0000 | 200.0000
15        | 15       | 1       | -19.7091 | -19.9058 | -0.1967  | -20.0000 | 0.0000  
15        | 16       | 1       | -179.2949 | -179.7452 | -0.4503  | -600.0000 | 600.0000
15        | 17       | 0       | -46.0494 | -46.0494 | 3.1224   | -400.0000 | 200.0000
15        | 18       | 0       | -12.1551 | -12.1551 | 1.5920   | -20.0000 | 0.0000  
15        | 19       | 0       | -315.3278 | -315.3278 | 0.3453   | -600.0000 | 600.0000
15        | 20       | 0       | -338.9305 | -338.9305 | -0.0197  | -400.0000 | 200.0000
15        | 21       | 0       | -16.9428 | -16.9428 | 2.0322   | -20.0000 | 0.0000  
15        | 22       | 0       | 16.6254  | 16.6254  | 1.4436   | -600.0000 | 600.0000
15        | 23       | 0       | -94.6657 | -94.6657 | 0.7611   | -400.0000 | 200.0000
15        | 24       | 0       | -12.6144 | -12.6144 | 3.0860   | -20.0000 | 0.0000  
15        | 25       | 0       | -42.9138 | -42.9138 | 0.1751   | -600.0000 | 600.0000
15        | 26       | 0       | 36.5068  | 36.5068  | 2.5807   | -400.0000 | 200.0000
15        | 27       | 1       | -6.8654  | -5.6660  | 1.1994   | -20.0000 | 0.0000  
15        | 28       | 0       | 0.0000   | 0.0000   | -1.2824  | -600.0000 | 600.0000
15        | 29       | 0       | 0.0000   | 0.0000   | -1.6940  | -400.0000 | 200.0000
15        | 30       | 0       | 0.0000   | 0.0000   | -0.6241  | -20.0000 | 0.0000  

16        | 1        | 0       | 0.0000   | 0.0000   | 0.1910   | -600.0000 | 600.0000
16        | 2        | 0       | 0.0000   | 0.0000   | -1.5366  | -400.0000 | 200.0000
16        | 3        | 0       | 0.0000   | 0.0000   | 0.1694   | -20.0000 | 0.0000  
16        | 4        | 0       | -187.9360 | -187.9360 | -3.5987  | -600.0000 | 600.0000
16        | 5        | 0       | 102.5839 | 102.5839 | -3.0166  | -400.0000 | 200.0000
16        | 6        | 1       | -1.2903  | 0.0000   | 2.6167   | -20.0000 | 0.0000  
16        | 7        | 0       | -152.0979 | -152.0979 | -0.5032  | -600.0000 | 600.0000
16        | 8        | 0       | -263.6382 | -263.6382 | -1.0699  | -400.0000 | 200.0000
16        | 9        | 0       | -18.5361 | -18.5361 | 2.4192   | -20.0000 | 0.0000  
16        | 10       | 1       | 124.1383 | 123.9293 | -0.2090  | -600.0000 | 600.0000
16        | 11       | 0       | 0.9277   | 0.9277   | 3.2150   | -400.0000 | 200.0000
16        | 12       | 0       | -7.6102  | -7.6102  | -3.1083  | -20.0000 | 0.0000  
16        | 13       | 0       | -43.8071 | -43.8071 | 2.5908   | -600.0000 | 600.0000
16        | 14       | 0       | -172.1285 | -172.1285 | 2.0026   | -400.0000 | 200.0000
16        | 15       | 0       | -2.7333  | -2.7333  | 2.4822   | -20.0000 | 0.0000  
16        | 16       | 0       | -61.9404 | -61.9404 | -1.1681  | -600.0000 | 600.0000
16        | 17       | 0       | -99.0892 | -99.0892 | 0.7345   | -400.0000 | 200.0000
16        | 18       | 0       | -15.0668 | -15.0668 | -0.7010  | -20.0000 | 0.0000  
16        | 19       | 0       | -80.6208 | -80.6208 | 2.7417   | -600.0000 | 600.0000
16        | 20       | 0       | -373.6600 | -373.6600 | -1.9122  | -400.0000 | 200.0000
16        | 21       | 0       | -16.6850 | -16.6850 | -0.5220  | -20.0000 | 0.0000  
16        | 22       | 0       | 304.6417 | 304.6417 | 1.4364   | -600.0000 | 600.0000
16        | 23       | 0       | -55.2103 | -55.2103 | -0.1952  | -400.0000 | 200.0000
16        | 24       | 1       | -1.9128  | 0.0000   | 2.8593   | -20.0000 | 0.0000  
16        | 25       | 1       | 9.3661   | 8.3377   | -1.0284  | -600.0000 | 600.0000
16        | 26       | 0       | -148.4370 | -148.4370 | 0.1347   | -400.0000 | 200.0000
16        | 27       | 0       | -19.6375 | -19.6375 | -1.9269  | -20.0000 | 0.0000  
16        | 28       | 0       | 0.0000   | 0.0000   | 0.8099   | -600.0000 | 600.0000
16        | 29       | 0       | 0.0000   | 0.0000   | 0.0151   | -400.0000 | 200.0000
16        | 30       | 0       | 0.0000   | 0.0000   | 0.2901   | -20.0000 | 0.0000  

17        | 1        | 0       | 0.0000   | 0.0000   | -0.2602  | -600.0000 | 600.0000
17        | 2        | 0       | 0.0000   | 0.0000   | -3.3955  | -400.0000 | 200.0000
17        | 3        | 0       | 0.0000   | 0.0000   | -3.7926  | -20.0000 | 0.0000  
17        | 4        | 1       | 141.8617 | 139.8742 | -1.9875  | -600.0000 | 600.0000
17        | 5        | 1       | -339.3264 | -340.6515 | -1.3251  | -400.0000 | 200.0000
17        | 6        | 0       | -20.0000 | -20.0000 | -0.5936  | -20.0000 | 0.0000  
17        | 7        | 0       | 241.1630 | 241.1630 | -0.1110  | -600.0000 | 600.0000
17        | 8        | 0       | -356.3422 | -356.3422 | -0.0586  | -400.0000 | 200.0000
17        | 9        | 0       | -3.5628  | -3.5628  | -0.0461  | -20.0000 | 0.0000  
17        | 10       | 0       | 247.9981 | 247.9981 | -2.2164  | -600.0000 | 600.0000
17        | 11       | 1       | -351.1907 | -346.3761 | 4.8146   | -400.0000 | 200.0000
17        | 12       | 0       | -15.9017 | -15.9017 | 1.0630   | -20.0000 | 0.0000  
17        | 13       | 1       | 583.9675 | 582.3097 | -1.6578  | -600.0000 | 600.0000
17        | 14       | 0       | -175.4375 | -175.4375 | -0.3669  | -400.0000 | 200.0000
17        | 15       | 0       | -12.5872 | -12.5872 | -3.3962  | -20.0000 | 0.0000  
17        | 16       | 0       | 375.3595 | 375.3595 | -0.8751  | -600.0000 | 600.0000
17        | 17       | 0       | 168.3491 | 168.3491 | -2.3648  | -400.0000 | 200.0000
17        | 18       | 0       | -1.0647  | -1.0647  | 3.5644   | -20.0000 | 0.0000  
17        | 19       | 0       | 303.4353 | 303.4353 | -1.5460  | -600.0000 | 600.0000
17        | 20       | 0       | -174.7188 | -174.7188 | 1.8955   | -400.0000 | 200.0000
17        | 21       | 0       | -18.3300 | -18.3300 | 3.2600   | -20.0000 | 0.0000  
17        | 22       | 0       | 332.5763 | 332.5763 | -2.0844  | -600.0000 | 600.0000
17        | 23       | 0       | -65.0770 | -65.0770 | -0.2481  | -400.0000 | 200.0000
17        | 24       | 0       | -11.5156 | -11.5156 | 4.4650   | -20.0000 | 0.0000  
17        | 25       | 1       | -42.9138 | -43.0769 | -0.1631  | -600.0000 | 600.0000
17        | 26       | 0       | 36.2904  | 36.2904  | -1.1824  | -400.0000 | 200.0000
17        | 27       | 0       | -10.7888 | -10.7888 | -1.4675  | -20.0000 | 0.0000  
17        | 28       | 0       | 0.0000   | 0.0000   | -1.2157  | -600.0000 | 600.0000
17        | 29       | 0       | 0.0000   | 0.0000   | 1.8760   | -400.0000 | 200.0000
17        | 30       | 0       | 0.0000   | 0.0000   | -4.4565  | -20.0000 | 0.0000  

18        | 1        | 0       | 0.0000   | 0.0000   | -0.1827  | -600.0000 | 600.0000
18        | 2        | 0       | 0.0000   | 0.0000   | 0.4480   | -400.0000 | 200.0000
18        | 3        | 0       | 0.0000   | 0.0000   | -1.9018  | -20.0000 | 0.0000  
18        | 4        | 0       | -256.1505 | -256.1505 | -0.4826  | -600.0000 | 600.0000
18        | 5        | 0       | -41.5246 | -41.5246 | 0.8110   | -400.0000 | 200.0000
18        | 6        | 0       | -19.3900 | -19.3900 | 2.8450   | -20.0000 | 0.0000  
18        | 7        | 1       | -554.2659 | -552.9255 | 1.3403   | -600.0000 | 600.0000
18        | 8        | 0       | 93.5603  | 93.5603  | -1.8967  | -400.0000 | 200.0000
18        | 9        | 1       | -13.8462 | -15.3165 | -1.4703  | -20.0000 | 0.0000  
18        | 10       | 1       | -447.5274 | -449.1426 | -1.6152  | -600.0000 | 600.0000
18        | 11       | 1       | -86.6540 | -84.9607 | 1.6933   | -400.0000 | 200.0000
18        | 12       | 0       | -2.6898  | -2.6898  | -3.1547  | -20.0000 | 0.0000  
18        | 13       | 0       | -260.6117 | -260.6117 | 0.3154   | -600.0000 | 600.0000
18        | 14       | 1       | 124.4812 | 124.1331 | -0.3481  | -400.0000 | 200.0000
18        | 15       | 0       | -18.8590 | -18.8590 | 4.1217   | -20.0000 | 0.0000  
18        | 16       | 1       | -77.6486 | -77.3493 | 0.2993   | -600.0000 | 600.0000
18        | 17       | 0       | 198.3094 | 198.3094 | 2.4221   | -400.0000 | 200.0000
18        | 18       | 0       | -7.8508  | -7.8508  | -1.2455  | -20.0000 | 0.0000  
18        | 19       | 0       | 78.8784  | 78.8784  | 2.0539   | -600.0000 | 600.0000
18        | 20       | 1       | -240.5237 | -238.9789 | 1.5448   | -400.0000 | 200.0000
18        | 21       | 0       | -2.4274  | -2.4274  | 0.8200   | -20.0000 | 0.0000  
18        | 22       | 1       | 352.9575 | 357.7241 | 4.7667   | -600.0000 | 600.0000
18        | 23       | 0       | -4.9289  | -4.9289  | 1.3336   | -400.0000 | 200.0000
18        | 24       | 0       | -3.0250  | -3.0250  | 1.3564   | -20.0000 | 0.0000  
18        | 25       | 0       | -44.0551 | -44.0551 | -3.2435  | -600.0000 | 600.0000
18        | 26       | 1       | 36.7541  | 37.4029  | 0.6489   | -400.0000 | 200.0000
18        | 27       | 0       | -4.0805  | -4.0805  | -0.8156  | -20.0000 | 0.0000  
18        | 28       | 0       | 0.0000   | 0.0000   | 1.7913   | -600.0000 | 600.0000
18        | 29       | 0       | 0.0000   | 0.0000   | -1.2258  | -400.0000 | 200.0000
18        | 30       | 0       | 0.0000   | 0.0000   | 0.9659   | -20.0000 | 0.0000  

19        | 1        | 0       | 0.0000   | 0.0000   | -1.7442  | -600.0000 | 600.0000
19        | 2        | 0       | 0.0000   | 0.0000   | -1.5601  | -400.0000 | 200.0000
19        | 3        | 0       | 0.0000   | 0.0000   | 1.0176   | -20.0000 | 0.0000  
19        | 4        | 1       | -256.1505 | -259.4637 | -3.3132  | -600.0000 | 600.0000
19        | 5        | 0       | -47.7877 | -322.1625 | -274.3748 | -400.0000 | 200.0000
19        | 6        | 1       | -19.3900 | -20.0000 | -1.3163  | -20.0000 | 0.0000  
19        | 7        | 0       | -554.2659 | -554.2659 | 1.4472   | -600.0000 | 600.0000
19        | 8        | 1       | 93.5603  | 91.6439  | -1.9164  | -400.0000 | 200.0000
19        | 9        | 0       | -11.6036 | -11.6036 | 0.8235   | -20.0000 | 0.0000  
19        | 10       | 1       | -447.5274 | -445.9561 | 1.5713   | -600.0000 | 600.0000
19        | 11       | 1       | -86.6540 | -89.2950 | -2.6410  | -400.0000 | 200.0000
19        | 12       | 0       | -4.6001  | -4.6001  | 1.8385   | -20.0000 | 0.0000  
19        | 13       | 1       | -537.7970 | -539.7235 | -1.9265  | -600.0000 | 600.0000
19        | 14       | 1       | -70.6848 | -70.4350 | 0.2498   | -400.0000 | 200.0000
19        | 15       | 1       | -14.2473 | -12.3522 | 1.8951   | -20.0000 | 0.0000  
19        | 16       | 0       | -79.8333 | -79.8333 | -1.0665  | -600.0000 | 600.0000
19        | 17       | 0       | 200.0000 | 200.0000 | -0.5304  | -400.0000 | 200.0000
19        | 18       | 0       | -8.8188  | -8.8188  | -4.4898  | -20.0000 | 0.0000  
19        | 19       | 0       | 164.9159 | 164.9159 | 5.5517   | -600.0000 | 600.0000
19        | 20       | 1       | 35.6548  | 38.0064  | 2.3516   | -400.0000 | 200.0000
19        | 21       | 0       | -0.4830  | -0.4830  | -0.7759  | -20.0000 | 0.0000  
19        | 22       | 1       | 19.5604  | 20.1055  | 0.5451   | -600.0000 | 600.0000
19        | 23       | 0       | -206.2261 | -206.2261 | -2.4905  | -400.0000 | 200.0000
19        | 24       | 0       | -4.0963  | -4.0963  | 4.8688   | -20.0000 | 0.0000  
19        | 25       | 0       | -80.6797 | -80.6797 | 0.5786   | -600.0000 | 600.0000
19        | 26       | 1       | 13.9884  | 12.7604  | -1.2280  | -400.0000 | 200.0000
19        | 27       | 0       | -13.2731 | -13.2731 | 0.2251   | -20.0000 | 0.0000  
19        | 28       | 0       | 0.0000   | 0.0000   | 3.1538   | -600.0000 | 600.0000
19        | 29       | 0       | 0.0000   | 0.0000   | 4.3308   | -400.0000 | 200.0000
19        | 30       | 0       | 0.0000   | 0.0000   | 0.8258   | -20.0000 | 0.0000  

20        | 1        | 0       | 0.0000   | 0.0000   | 2.2530   | -600.0000 | 600.0000
20        | 2        | 0       | 0.0000   | 0.0000   | 0.1494   | -400.0000 | 200.0000
20        | 3        | 0       | 0.0000   | 0.0000   | 0.5236   | -20.0000 | 0.0000  
20        | 4        | 0       | 92.7348  | 92.7348  | 4.6329   | -600.0000 | 600.0000
20        | 5        | 0       | 119.3463 | 119.3463 | -1.7300  | -400.0000 | 200.0000
20        | 6        | 1       | -0.3852  | -0.3122  | 0.0730   | -20.0000 | 0.0000  
20        | 7        | 1       | -111.0313 | -107.9926 | 3.0387   | -600.0000 | 600.0000
20        | 8        | 0       | 96.5114  | 96.5114  | 0.5086   | -400.0000 | 200.0000
20        | 9        | 0       | -4.7094  | -4.7094  | -0.1872  | -20.0000 | 0.0000  
20        | 10       | 0       | 88.2347  | 88.2347  | -0.0228  | -600.0000 | 600.0000
20        | 11       | 0       | 171.9481 | 171.9481 | -1.5229  | -400.0000 | 200.0000
20        | 12       | 0       | -15.9905 | -15.9905 | -0.9193  | -20.0000 | 0.0000  
20        | 13       | 0       | -19.7452 | -19.7452 | 3.1436   | -600.0000 | 600.0000
20        | 14       | 0       | 80.4673  | 80.4673  | 0.1162   | -400.0000 | 200.0000
20        | 15       | 0       | -7.9250  | -7.9250  | 0.9454   | -20.0000 | 0.0000  
20        | 16       | 0       | 108.6458 | 108.6458 | -3.0376  | -600.0000 | 600.0000
20        | 17       | 0       | -32.0250 | -32.0250 | 1.1223   | -400.0000 | 200.0000
20        | 18       | 0       | -7.2462  | -7.2462  | 1.6470   | -20.0000 | 0.0000  
20        | 19       | 0       | 336.2719 | 336.2719 | 3.5650   | -600.0000 | 600.0000
20        | 20       | 1       | -34.1815 | -33.4950 | 0.6865   | -400.0000 | 200.0000
20        | 21       | 0       | -6.0072  | -6.0072  | -1.9309  | -20.0000 | 0.0000  
20        | 22       | 0       | 405.7860 | 190.9978 | -214.7882 | -600.0000 | 600.0000
20        | 23       | 0       | 81.6866  | 81.6866  | -3.8928  | -400.0000 | 200.0000
20        | 24       | 1       | -1.1646  | -2.9235  | -1.7589  | -20.0000 | 0.0000  
20        | 25       | 1       | 280.1252 | 280.3802 | 0.2550   | -600.0000 | 600.0000
20        | 26       | 1       | -176.6960 | -174.1429 | 2.5532   | -400.0000 | 200.0000
20        | 27       | 0       | -3.8174  | -3.8174  | 2.5573   | -20.0000 | 0.0000  
20        | 28       | 0       | 0.0000   | 0.0000   | 0.7641   | -600.0000 | 600.0000
20        | 29       | 0       | 0.0000   | 0.0000   | -0.2074  | -400.0000 | 200.0000
20        | 30       | 0       | 0.0000   | 0.0000   | 0.7651   | -20.0000 | 0.0000  

21        | 1        | 0       | 0.0000   | 0.0000   | -0.2434  | -600.0000 | 600.0000
21        | 2        | 0       | 0.0000   | 0.0000   | 0.3728   | -400.0000 | 200.0000
21        | 3        | 0       | 0.0000   | 0.0000   | -3.8861  | -20.0000 | 0.0000  
21        | 4        | 0       | 0.4313   | 0.4313   | 3.7690   | -600.0000 | 600.0000
21        | 5        | 1       | 14.5304  | 17.8572  | 3.3268   | -400.0000 | 200.0000
21        | 6        | 0       | -6.0573  | -6.0573  | 2.7823   | -20.0000 | 0.0000  
21        | 7        | 0       | 178.3667 | 178.3667 | 0.2046   | -600.0000 | 600.0000
21        | 8        | 0       | -234.8271 | -234.8271 | -3.4708  | -400.0000 | 200.0000
21        | 9        | 0       | -16.8759 | -16.8759 | -0.4384  | -20.0000 | 0.0000  
21        | 10       | 1       | 163.1284 | 163.5563 | 0.4279   | -600.0000 | 600.0000
21        | 11       | 0       | -40.4187 | -40.4187 | -2.3817  | -400.0000 | 200.0000
21        | 12       | 0       | -16.4129 | -16.4129 | -0.5077  | -20.0000 | 0.0000  
21        | 13       | 0       | 246.1670 | 246.1670 | 1.5823   | -600.0000 | 600.0000
21        | 14       | 0       | -126.8968 | -126.8968 | -0.9515  | -400.0000 | 200.0000
21        | 15       | 0       | -6.6448  | -6.6448  | -2.4165  | -20.0000 | 0.0000  
21        | 16       | 0       | 404.8405 | 404.8405 | -0.3508  | -600.0000 | 600.0000
21        | 17       | 0       | -298.1629 | -298.1629 | -1.2695  | -400.0000 | 200.0000
21        | 18       | 0       | -19.6171 | 0.0000   | 138.7563 | -20.0000 | 0.0000  
21        | 19       | 0       | 334.9231 | 334.9231 | -1.8244  | -600.0000 | 600.0000
21        | 20       | 0       | -34.1815 | -34.1815 | -1.0809  | -400.0000 | 200.0000
21        | 21       | 0       | -6.0072  | -6.0072  | -0.1669  | -20.0000 | 0.0000  
21        | 22       | 0       | 405.7860 | 405.7860 | 0.7358   | -600.0000 | 600.0000
21        | 23       | 0       | 81.6866  | 81.6866  | 1.6486   | -400.0000 | 200.0000
21        | 24       | 0       | -0.7816  | -0.7816  | -0.7732  | -20.0000 | 0.0000  
21        | 25       | 0       | 43.1221  | 43.1221  | -1.5784  | -600.0000 | 600.0000
21        | 26       | 0       | -106.9026 | -106.9026 | 2.3740   | -400.0000 | 200.0000
21        | 27       | 0       | -11.9623 | -11.9623 | 2.4660   | -20.0000 | 0.0000  
21        | 28       | 0       | 0.0000   | 0.0000   | -1.2566  | -600.0000 | 600.0000
21        | 29       | 0       | 0.0000   | 0.0000   | -0.3211  | -400.0000 | 200.0000
21        | 30       | 0       | 0.0000   | 0.0000   | -3.1403  | -20.0000 | 0.0000  

22        | 1        | 0       | 0.0000   | 0.0000   | -1.5329  | -600.0000 | 600.0000
22        | 2        | 0       | 0.0000   | 0.0000   | 1.5282   | -400.0000 | 200.0000
22        | 3        | 0       | 0.0000   | 0.0000   | 1.4759   | -20.0000 | 0.0000  
22        | 4        | 0       | 205.6251 | 205.6251 | 0.7458   | -600.0000 | 600.0000
22        | 5        | 1       | 80.8776  | 80.5143  | -0.3633  | -400.0000 | 200.0000
22        | 6        | 0       | -17.2099 | -17.2099 | -1.9784  | -20.0000 | 0.0000  
22        | 7        | 0       | 151.6421 | 151.6421 | 1.8772   | -600.0000 | 600.0000
22        | 8        | 0       | -52.6837 | -52.6837 | 0.9702   | -400.0000 | 200.0000
22        | 9        | 0       | 0.0000   | 0.0000   | 0.9061   | -20.0000 | 0.0000  
22        | 10       | 0       | 302.4742 | 302.4742 | 0.0698   | -600.0000 | 600.0000
22        | 11       | 1       | -27.8143 | -29.6212 | -1.8069  | -400.0000 | 200.0000
22        | 12       | 0       | -5.9184  | -5.9184  | -0.1738  | -20.0000 | 0.0000  
22        | 13       | 0       | -344.4430 | -344.4430 | 0.5169   | -600.0000 | 600.0000
22        | 14       | 0       | -318.1771 | -318.1771 | 1.2745   | -400.0000 | 200.0000
22        | 15       | 0       | -19.7091 | -19.7091 | -0.3782  | -20.0000 | 0.0000  
22        | 16       | 1       | -179.2949 | -178.2247 | 1.0702   | -600.0000 | 600.0000
22        | 17       | 1       | -46.0494 | -47.1616 | -1.1122  | -400.0000 | 200.0000
22        | 18       | 1       | -15.5278 | -14.7118 | 0.8160   | -20.0000 | 0.0000  
22        | 19       | 0       | -214.6054 | -214.6054 | -0.9568  | -600.0000 | 600.0000
22        | 20       | 1       | -271.0507 | -276.2772 | -5.2265  | -400.0000 | 200.0000
22        | 21       | 0       | -8.8240  | -8.8240  | 0.1097   | -20.0000 | 0.0000  
22        | 22       | 0       | -516.9577 | -516.9577 | 2.7186   | -600.0000 | 600.0000
22        | 23       | 0       | 69.4254  | 69.4254  | -1.1279  | -400.0000 | 200.0000
22        | 24       | 0       | -14.5140 | -14.5140 | -2.7162  | -20.0000 | 0.0000  
22        | 25       | 0       | -42.9138 | -42.9138 | 2.2552   | -600.0000 | 600.0000
22        | 26       | 1       | 36.5068  | 39.1131  | 2.6063   | -400.0000 | 200.0000
22        | 27       | 0       | -6.8654  | -6.8654  | -0.2600  | -20.0000 | 0.0000  
22        | 28       | 0       | 0.0000   | 0.0000   | -0.9784  | -600.0000 | 600.0000
22        | 29       | 0       | 0.0000   | 0.0000   | -1.2196  | -400.0000 | 200.0000
22        | 30       | 0       | 0.0000   | 0.0000   | -1.4026  | -20.0000 | 0.0000  

23        | 1        | 0       | 0.0000   | 0.0000   | -1.4155  | -600.0000 | 600.0000
23        | 2        | 0       | 0.0000   | 0.0000   | 2.0288   | -400.0000 | 200.0000
23        | 3        | 0       | 0.0000   | 0.0000   | 1.5647   | -20.0000 | 0.0000  
23        | 4        | 1       | -259.2051 | -262.5646 | -3.3595  | -600.0000 | 600.0000
23        | 5        | 0       | -43.7065 | -43.7065 | 1.8012   | -400.0000 | 200.0000
23        | 6        | 1       | -17.1392 | -19.1097 | -1.9705  | -20.0000 | 0.0000  
23        | 7        | 0       | -552.2750 | -552.2750 | -0.5994  | -600.0000 | 600.0000
23        | 8        | 1       | 93.8915  | 94.6495  | 0.7580   | -400.0000 | 200.0000
23        | 9        | 0       | -12.0859 | -12.0859 | -0.4439  | -20.0000 | 0.0000  
23        | 10       | 0       | -452.5527 | -452.5527 | 3.7465   | -600.0000 | 600.0000
23        | 11       | 0       | -86.6483 | -86.6483 | 4.6466   | -400.0000 | 200.0000
23        | 12       | 0       | -5.0428  | -5.0428  | -1.2574  | -20.0000 | 0.0000  
23        | 13       | 1       | -341.0148 | -339.8353 | 1.1795   | -600.0000 | 600.0000
23        | 14       | 0       | -22.3680 | -22.3680 | -0.4589  | -400.0000 | 200.0000
23        | 15       | 1       | -18.2931 | -20.0000 | -2.0511  | -20.0000 | 0.0000  
23        | 16       | 0       | -539.5294 | -539.5294 | -1.7671  | -600.0000 | 600.0000
23        | 17       | 1       | -81.1872 | -78.3795 | 2.8077   | -400.0000 | 200.0000
23        | 18       | 0       | -2.6739  | -2.6739  | -1.4085  | -20.0000 | 0.0000  
23        | 19       | 1       | -250.5006 | -250.1509 | 0.3497   | -600.0000 | 600.0000
23        | 20       | 0       | -132.4046 | -132.4046 | 0.4049   | -400.0000 | 200.0000
23        | 21       | 0       | -19.6308 | -19.6308 | -1.6628  | -20.0000 | 0.0000  
23        | 22       | 0       | -238.7447 | -238.7447 | -0.1510  | -600.0000 | 600.0000
23        | 23       | 0       | -95.7534 | -95.7534 | 0.6257   | -400.0000 | 200.0000
23        | 24       | 1       | -19.5316 | -19.4089 | 0.1227   | -20.0000 | 0.0000  
23        | 25       | 0       | -7.4182  | -7.4182  | 0.6693   | -600.0000 | 600.0000
23        | 26       | 1       | 155.8144 | 155.9334 | 0.1190   | -400.0000 | 200.0000
23        | 27       | 1       | -18.8584 | -18.8337 | 0.0247   | -20.0000 | 0.0000  
23        | 28       | 0       | 0.0000   | 0.0000   | -0.3037  | -600.0000 | 600.0000
23        | 29       | 0       | 0.0000   | 0.0000   | 1.5112   | -400.0000 | 200.0000
23        | 30       | 0       | 0.0000   | 0.0000   | 0.9721   | -20.0000 | 0.0000  

24        | 1        | 0       | 0.0000   | 0.0000   | -1.6647  | -600.0000 | 600.0000
24        | 2        | 0       | 0.0000   | 0.0000   | 0.4096   | -400.0000 | 200.0000
24        | 3        | 0       | 0.0000   | 0.0000   | 1.4523   | -20.0000 | 0.0000  
24        | 4        | 0       | -2.0191  | -2.0191  | -1.3092  | -600.0000 | 600.0000
24        | 5        | 0       | 13.0896  | 13.0896  | 0.9114   | -400.0000 | 200.0000
24        | 6        | 0       | -8.3035  | -8.3035  | -0.7416  | -20.0000 | 0.0000  
24        | 7        | 0       | 176.9190 | 176.9190 | 0.9789   | -600.0000 | 600.0000
24        | 8        | 0       | -229.3051 | -229.3051 | 1.2150   | -400.0000 | 200.0000
24        | 9        | 1       | -16.6867 | -14.1443 | 2.5424   | -20.0000 | 0.0000  
24        | 10       | 1       | 163.1284 | 160.8062 | -2.3222  | -600.0000 | 600.0000
24        | 11       | 0       | -39.9160 | -39.9160 | 0.5396   | -400.0000 | 200.0000
24        | 12       | 1       | -18.1747 | -16.1201 | 2.0545   | -20.0000 | 0.0000  
24        | 13       | 0       | 247.5465 | 247.5465 | -3.1387  | -600.0000 | 600.0000
24        | 14       | 0       | -126.8968 | -126.8968 | 0.9355   | -400.0000 | 200.0000
24        | 15       | 0       | -8.4628  | -8.4628  | 0.8742   | -20.0000 | 0.0000  
24        | 16       | 0       | 404.8405 | 404.8405 | 2.0933   | -600.0000 | 600.0000
24        | 17       | 0       | -298.1629 | -298.1629 | -0.8208  | -400.0000 | 200.0000
24        | 18       | 0       | -19.9417 | -19.9417 | 0.1556   | -20.0000 | 0.0000  
24        | 19       | 1       | 335.7532 | 338.4937 | 2.7404   | -600.0000 | 600.0000
24        | 20       | 0       | -34.1266 | -34.1266 | 1.3821   | -400.0000 | 200.0000
24        | 21       | 1       | -2.5767  | -4.2951  | -1.7184  | -20.0000 | 0.0000  
24        | 22       | 0       | 405.0070 | 405.0070 | 0.0548   | -600.0000 | 600.0000
24        | 23       | 0       | 80.2230  | 80.2230  | 0.2279   | -400.0000 | 200.0000
24        | 24       | 0       | 0.0000   | 0.0000   | -0.5375  | -20.0000 | 0.0000  
24        | 25       | 0       | 284.2056 | 284.2056 | -2.8184  | -600.0000 | 600.0000
24        | 26       | 0       | -180.2740 | -180.2740 | 2.4399   | -400.0000 | 200.0000
24        | 27       | 0       | -4.6564  | -4.6564  | 1.2539   | -20.0000 | 0.0000  
24        | 28       | 0       | 0.0000   | 0.0000   | 0.3231   | -600.0000 | 600.0000
24        | 29       | 0       | 0.0000   | 0.0000   | -2.2017  | -400.0000 | 200.0000
24        | 30       | 0       | 0.0000   | 0.0000   | -1.1982  | -20.0000 | 0.0000  

25        | 1        | 0       | 0.0000   | 0.0000   | 0.1101   | -600.0000 | 600.0000
25        | 2        | 0       | 0.0000   | 0.0000   | 2.6680   | -400.0000 | 200.0000
25        | 3        | 0       | 0.0000   | 0.0000   | 3.4370   | -20.0000 | 0.0000  
25        | 4        | 0       | 320.6259 | 320.6259 | 0.2127   | -600.0000 | 600.0000
25        | 5        | 0       | -158.8415 | -158.8415 | -0.4743  | -400.0000 | 200.0000
25        | 6        | 0       | -10.4025 | -10.4025 | -1.2334  | -20.0000 | 0.0000  
25        | 7        | 1       | 44.5279  | 47.0138  | 2.4860   | -600.0000 | 600.0000
25        | 8        | 1       | -47.8953 | -48.9592 | -1.0639  | -400.0000 | 200.0000
25        | 9        | 0       | -5.0912  | -5.0912  | -1.1366  | -20.0000 | 0.0000  
25        | 10       | 0       | 272.0052 | 272.0052 | -0.9677  | -600.0000 | 600.0000
25        | 11       | 0       | -217.1493 | -217.1493 | -2.2142  | -400.0000 | 200.0000
25        | 12       | 0       | -3.4121  | -3.4121  | -2.1228  | -20.0000 | 0.0000  
25        | 13       | 0       | -262.1746 | -262.1746 | -1.8320  | -600.0000 | 600.0000
25        | 14       | 0       | 123.6523 | 123.6523 | 0.1386   | -400.0000 | 200.0000
25        | 15       | 0       | -17.7484 | -17.7484 | 0.2661   | -20.0000 | 0.0000  
25        | 16       | 0       | -79.8333 | -79.8333 | 3.0066   | -600.0000 | 600.0000
25        | 17       | 0       | 198.3094 | 198.3094 | -0.0147  | -400.0000 | 200.0000
25        | 18       | 0       | -8.8188  | -8.8188  | -4.7143  | -20.0000 | 0.0000  
25        | 19       | 0       | -214.6054 | -214.6054 | -0.2213  | -600.0000 | 600.0000
25        | 20       | 0       | -271.0507 | -271.0507 | 0.3768   | -400.0000 | 200.0000
25        | 21       | 0       | -12.9896 | -12.9896 | -1.9006  | -20.0000 | 0.0000  
25        | 22       | 0       | -479.2350 | -479.2350 | -0.3085  | -600.0000 | 600.0000
25        | 23       | 1       | -256.0755 | -253.5026 | 2.5729   | -400.0000 | 200.0000
25        | 24       | 0       | -17.1606 | -17.1606 | 0.6595   | -20.0000 | 0.0000  
25        | 25       | 0       | -42.9138 | -42.9138 | -1.7032  | -600.0000 | 600.0000
25        | 26       | 0       | 36.5068  | 36.5068  | -0.1309  | -400.0000 | 200.0000
25        | 27       | 0       | -6.8654  | -6.8654  | -0.7026  | -20.0000 | 0.0000  
25        | 28       | 0       | 0.0000   | 0.0000   | 1.4952   | -600.0000 | 600.0000
25        | 29       | 0       | 0.0000   | 0.0000   | 0.4714   | -400.0000 | 200.0000
25        | 30       | 0       | 0.0000   | 0.0000   | -2.2572  | -20.0000 | 0.0000  

26        | 1        | 0       | 0.0000   | 0.0000   | -0.4446  | -600.0000 | 600.0000
26        | 2        | 0       | 0.0000   | 0.0000   | 1.5175   | -400.0000 | 200.0000
26        | 3        | 0       | 0.0000   | 0.0000   | -3.3648  | -20.0000 | 0.0000  
26        | 4        | 0       | 303.8865 | 303.8865 | 0.9641   | -600.0000 | 600.0000
26        | 5        | 0       | -163.4575 | -163.4575 | -1.7308  | -400.0000 | 200.0000
26        | 6        | 0       | 0.0000   | 0.0000   | 1.2638   | -20.0000 | 0.0000  
26        | 7        | 0       | 193.2171 | 193.2171 | -2.0507  | -600.0000 | 600.0000
26        | 8        | 0       | -352.9265 | -352.9265 | -2.6967  | -400.0000 | 200.0000
26        | 9        | 1       | -9.1101  | -8.1417  | 0.9684   | -20.0000 | 0.0000  
26        | 10       | 0       | 252.9519 | 252.9519 | -0.0055  | -600.0000 | 600.0000
26        | 11       | 0       | -297.0015 | -297.0015 | 3.7300   | -400.0000 | 200.0000
26        | 12       | 0       | -0.8765  | -0.8765  | 0.8040   | -20.0000 | 0.0000  
26        | 13       | 1       | 102.1747 | 102.3766 | 0.2019   | -600.0000 | 600.0000
26        | 14       | 0       | 171.3331 | 171.3331 | -0.1241  | -400.0000 | 200.0000
26        | 15       | 0       | -19.1516 | -19.1516 | 2.4839   | -20.0000 | 0.0000  
26        | 16       | 1       | -49.8823 | -47.6347 | 2.2476   | -600.0000 | 600.0000
26        | 17       | 1       | 35.0036  | 34.4524  | -0.5513  | -400.0000 | 200.0000
26        | 18       | 0       | -6.5078  | -6.5078  | 1.7694   | -20.0000 | 0.0000  
26        | 19       | 0       | 200.6548 | 200.6548 | -4.7451  | -600.0000 | 600.0000
26        | 20       | 1       | 66.2296  | 65.6470  | -0.5826  | -400.0000 | 200.0000
26        | 21       | 0       | -2.6760  | -2.6760  | 4.0545   | -20.0000 | 0.0000  
26        | 22       | 0       | 19.2630  | 19.2630  | -1.4505  | -600.0000 | 600.0000
26        | 23       | 1       | -94.6657 | -93.7725 | 0.8932   | -400.0000 | 200.0000
26        | 24       | 1       | -12.6144 | -14.9658 | -2.3514  | -20.0000 | 0.0000  
26        | 25       | 1       | 519.5098 | 517.0801 | -2.4298  | -600.0000 | 600.0000
26        | 26       | 0       | -74.0061 | -74.0061 | -3.4342  | -400.0000 | 200.0000
26        | 27       | 0       | -8.9821  | -8.9821  | -1.9843  | -20.0000 | 0.0000  
26        | 28       | 0       | 0.0000   | 0.0000   | -0.4633  | -600.0000 | 600.0000
26        | 29       | 0       | 0.0000   | 0.0000   | -1.8280  | -400.0000 | 200.0000
26        | 30       | 0       | 0.0000   | 0.0000   | -2.4865  | -20.0000 | 0.0000  

27        | 1        | 0       | 0.0000   | 0.0000   | -2.8389  | -600.0000 | 600.0000
27        | 2        | 0       | 0.0000   | 0.0000   | 0.2504   | -400.0000 | 200.0000
27        | 3        | 0       | 0.0000   | 0.0000   | 0.4222   | -20.0000 | 0.0000  
27        | 4        | 0       | 0.4313   | 0.4313   | -1.4735  | -600.0000 | 600.0000
27        | 5        | 0       | 13.4422  | 13.4422  | 0.0234   | -400.0000 | 200.0000
27        | 6        | 1       | -5.7942  | -7.1236  | -1.3294  | -20.0000 | 0.0000  
27        | 7        | 1       | 178.3667 | 176.0848 | -2.2820  | -600.0000 | 600.0000
27        | 8        | 0       | -232.8587 | -232.8587 | 2.4417   | -400.0000 | 200.0000
27        | 9        | 1       | -20.0000 | -19.6024 | 0.3976   | -20.0000 | 0.0000  
27        | 10       | 0       | 163.1284 | 163.1284 | -0.6123  | -600.0000 | 600.0000
27        | 11       | 0       | -42.5940 | -42.5940 | -0.1639  | -400.0000 | 200.0000
27        | 12       | 1       | -18.4703 | -18.0241 | 0.4462   | -20.0000 | 0.0000  
27        | 13       | 0       | 254.4854 | 254.4854 | -1.6121  | -600.0000 | 600.0000
27        | 14       | 0       | -126.8968 | -126.8968 | -0.8096  | -400.0000 | 200.0000
27        | 15       | 0       | -7.5498  | -7.5498  | 1.8849   | -20.0000 | 0.0000  
27        | 16       | 0       | -231.8360 | -231.8360 | 0.9805   | -600.0000 | 600.0000
27        | 17       | 1       | -188.6884 | -188.4135 | 0.2749   | -400.0000 | 200.0000
27        | 18       | 1       | -7.5742  | -8.4114  | -0.8372  | -20.0000 | 0.0000  
27        | 19       | 0       | -214.6054 | -214.6054 | 0.9207   | -600.0000 | 600.0000
27        | 20       | 1       | -271.0507 | -267.7221 | 3.3286   | -400.0000 | 200.0000
27        | 21       | 1       | -8.8240  | -10.7186 | -1.8946  | -20.0000 | 0.0000  
27        | 22       | 1       | 404.6816 | 403.2783 | -1.4033  | -600.0000 | 600.0000
27        | 23       | 0       | 81.3714  | 81.3714  | 0.1357   | -400.0000 | 200.0000
27        | 24       | 0       | -1.4797  | -1.4797  | 0.7171   | -20.0000 | 0.0000  
27        | 25       | 1       | 43.1968  | 245.6496 | 101.2264 | -600.0000 | 600.0000
27        | 26       | 0       | -107.3000 | -107.3000 | -1.8981  | -400.0000 | 200.0000
27        | 27       | 1       | -11.9623 | -13.4710 | -1.5087  | -20.0000 | 0.0000  
27        | 28       | 0       | 0.0000   | 0.0000   | 3.0355   | -600.0000 | 600.0000
27        | 29       | 0       | 0.0000   | 0.0000   | -4.4846  | -400.0000 | 200.0000
27        | 30       | 0       | 0.0000   | 0.0000   | 1.4408   | -20.0000 | 0.0000  

28        | 1        | 0       | 0.0000   | 0.0000   | -1.3798  | -600.0000 | 600.0000
28        | 2        | 0       | 0.0000   | 0.0000   | -2.8591  | -400.0000 | 200.0000
28        | 3        | 0       | 0.0000   | 0.0000   | 0.2615   | -20.0000 | 0.0000  
28        | 4        | 0       | 320.6259 | 320.6259 | 2.1538   | -600.0000 | 600.0000
28        | 5        | 0       | -158.8415 | -158.8415 | 2.1133   | -400.0000 | 200.0000
28        | 6        | 1       | -10.4025 | -13.8447 | -3.4422  | -20.0000 | 0.0000  
28        | 7        | 1       | 44.5279  | 42.9978  | -1.5301  | -600.0000 | 600.0000
28        | 8        | 0       | -47.8953 | -47.8953 | -2.0575  | -400.0000 | 200.0000
28        | 9        | 0       | -5.0912  | -5.0912  | 0.7320   | -20.0000 | 0.0000  
28        | 10       | 1       | 272.0052 | 271.4805 | -0.5247  | -600.0000 | 600.0000
28        | 11       | 0       | -217.1493 | -217.1493 | 1.5182   | -400.0000 | 200.0000
28        | 12       | 0       | -3.4121  | -3.4121  | 1.2568   | -20.0000 | 0.0000  
28        | 13       | 1       | -262.1746 | -262.7612 | -0.5866  | -600.0000 | 600.0000
28        | 14       | 0       | 123.6523 | 123.6523 | -0.4040  | -400.0000 | 200.0000
28        | 15       | 1       | -17.7484 | -17.8316 | -0.0832  | -20.0000 | 0.0000  
28        | 16       | 1       | -79.8333 | -78.7734 | 1.0599   | -600.0000 | 600.0000
28        | 17       | 0       | 198.3094 | 198.3094 | -1.2276  | -400.0000 | 200.0000
28        | 18       | 0       | -8.8188  | -8.8188  | 0.5970   | -20.0000 | 0.0000  
28        | 19       | 0       | -214.6054 | -214.6054 | -2.1115  | -600.0000 | 600.0000
28        | 20       | 0       | -271.0507 | -271.0507 | 1.8478   | -400.0000 | 200.0000
28        | 21       | 0       | -12.9896 | -12.9896 | 2.0910   | -20.0000 | 0.0000  
28        | 22       | 1       | -152.9601 | -152.1959 | 0.7641   | -600.0000 | 600.0000
28        | 23       | 0       | -358.7718 | -358.7718 | -1.6514  | -400.0000 | 200.0000
28        | 24       | 0       | -12.6085 | -12.6085 | 0.6757   | -20.0000 | 0.0000  
28        | 25       | 0       | -42.9138 | -42.9138 | 1.3941   | -600.0000 | 600.0000
28        | 26       | 0       | 36.5068  | 36.5068  | -1.0227  | -400.0000 | 200.0000
28        | 27       | 0       | -6.8654  | -6.8654  | -1.5886  | -20.0000 | 0.0000  
28        | 28       | 0       | 0.0000   | 0.0000   | 0.1526   | -600.0000 | 600.0000
28        | 29       | 0       | 0.0000   | 0.0000   | 2.8627   | -400.0000 | 200.0000
28        | 30       | 0       | 0.0000   | 0.0000   | 0.9000   | -20.0000 | 0.0000  

29        | 1        | 0       | 0.0000   | 0.0000   | -0.1124  | -600.0000 | 600.0000
29        | 2        | 0       | 0.0000   | 0.0000   | 5.7367   | -400.0000 | 200.0000
29        | 3        | 0       | 0.0000   | 0.0000   | 1.1357   | -20.0000 | 0.0000  
29        | 4        | 0       | 136.6706 | 136.6706 | -3.2847  | -600.0000 | 600.0000
29        | 5        | 0       | 124.2192 | 124.2192 | -0.0632  | -400.0000 | 200.0000
29        | 6        | 0       | -5.5205  | -5.5205  | 0.5667   | -20.0000 | 0.0000  
29        | 7        | 0       | 590.3553 | 590.3553 | 3.1143   | -600.0000 | 600.0000
29        | 8        | 1       | -223.5595 | -225.6147 | -2.0552  | -400.0000 | 200.0000
29        | 9        | 0       | -15.7936 | -15.7936 | -0.2839  | -20.0000 | 0.0000  
29        | 10       | 0       | 317.3634 | 317.3634 | -0.1354  | -600.0000 | 600.0000
29        | 11       | 0       | -248.1842 | -248.1842 | 0.5199   | -400.0000 | 200.0000
29        | 12       | 0       | -2.6888  | -2.6888  | 0.2707   | -20.0000 | 0.0000  
29        | 13       | 1       | 583.9675 | 579.7941 | -4.1734  | -600.0000 | 600.0000
29        | 14       | 0       | -175.4375 | -175.4375 | -2.2551  | -400.0000 | 200.0000
29        | 15       | 0       | -12.5872 | -12.5872 | 0.8888   | -20.0000 | 0.0000  
29        | 16       | 1       | 375.3595 | 376.0154 | 0.6560   | -600.0000 | 600.0000
29        | 17       | 0       | 168.3491 | 168.3491 | 0.8350   | -400.0000 | 200.0000
29        | 18       | 1       | -0.2800  | 0.0000   | 2.0165   | -20.0000 | 0.0000  
29        | 19       | 0       | 304.0538 | 304.0538 | 2.8068   | -600.0000 | 600.0000
29        | 20       | 1       | -174.2442 | -174.4083 | -0.1640  | -400.0000 | 200.0000
29        | 21       | 0       | -18.3300 | -18.3300 | 4.3017   | -20.0000 | 0.0000  
29        | 22       | 0       | 332.5763 | 332.5763 | 1.0583   | -600.0000 | 600.0000
29        | 23       | 1       | -64.9575 | -66.4678 | -1.5104  | -400.0000 | 200.0000
29        | 24       | 0       | -11.5156 | -11.5156 | 1.2473   | -20.0000 | 0.0000  
29        | 25       | 1       | -42.9618 | -43.3509 | -0.3891  | -600.0000 | 600.0000
29        | 26       | 0       | 36.7541  | 36.7541  | 0.1358   | -400.0000 | 200.0000
29        | 27       | 0       | -5.8121  | -5.8121  | -1.8680  | -20.0000 | 0.0000  
29        | 28       | 0       | 0.0000   | 0.0000   | -1.0237  | -600.0000 | 600.0000
29        | 29       | 0       | 0.0000   | 0.0000   | -0.2885  | -400.0000 | 200.0000
29        | 30       | 0       | 0.0000   | 0.0000   | 5.7769   | -20.0000 | 0.0000  

30        | 1        | 0       | 0.0000   | 0.0000   | 0.1563   | -600.0000 | 600.0000
30        | 2        | 0       | 0.0000   | 0.0000   | -1.8416  | -400.0000 | 200.0000
30        | 3        | 0       | 0.0000   | 0.0000   | -0.1288  | -20.0000 | 0.0000  
30        | 4        | 0       | 0.4313   | 0.4313   | -0.4700  | -600.0000 | 600.0000
30        | 5        | 0       | 16.4522  | 16.4522  | -1.1164  | -400.0000 | 200.0000
30        | 6        | 0       | -7.8113  | -7.8113  | 0.5246   | -20.0000 | 0.0000  
30        | 7        | 1       | 178.3667 | 179.6792 | 1.3125   | -600.0000 | 600.0000
30        | 8        | 1       | -236.8458 | -239.5156 | -2.6698  | -400.0000 | 200.0000
30        | 9        | 1       | -19.4851 | -18.8138 | 0.6712   | -20.0000 | 0.0000  
30        | 10       | 0       | 164.7548 | 164.7548 | 2.4956   | -600.0000 | 600.0000
30        | 11       | 0       | -41.1070 | -41.1070 | -2.1350  | -400.0000 | 200.0000
30        | 12       | 0       | -16.4129 | -16.4129 | 0.1185   | -20.0000 | 0.0000  
30        | 13       | 0       | 247.7969 | 247.7969 | -2.4916  | -600.0000 | 600.0000
30        | 14       | 0       | -131.8581 | -131.8581 | 0.9495   | -400.0000 | 200.0000
30        | 15       | 0       | -8.5215  | -8.5215  | 0.5758   | -20.0000 | 0.0000  
30        | 16       | 1       | 407.4138 | 407.0018 | -0.4120  | -600.0000 | 600.0000
30        | 17       | 0       | -297.9748 | -297.9748 | -0.9490  | -400.0000 | 200.0000
30        | 18       | 0       | -19.6171 | -19.6171 | -2.9068  | -20.0000 | 0.0000  
30        | 19       | 0       | 334.9231 | 334.9231 | -2.7601  | -600.0000 | 600.0000
30        | 20       | 0       | -30.8630 | -30.8630 | -3.1759  | -400.0000 | 200.0000
30        | 21       | 0       | -2.5767  | -2.5767  | 1.6973   | -20.0000 | 0.0000  
30        | 22       | 1       | 405.0070 | 403.9265 | -1.0805  | -600.0000 | 600.0000
30        | 23       | 1       | 80.2230  | 79.5074  | -0.7156  | -400.0000 | 200.0000
30        | 24       | 0       | -0.7816  | -0.7816  | 1.5030   | -20.0000 | 0.0000  
30        | 25       | 0       | 280.1252 | 280.1252 | 3.2402   | -600.0000 | 600.0000
30        | 26       | 0       | -176.6960 | -176.6960 | 4.8327   | -400.0000 | 200.0000
30        | 27       | 0       | -3.8174  | -3.8174  | -1.6138  | -20.0000 | 0.0000  
30        | 28       | 0       | 0.0000   | 0.0000   | 1.9717   | -600.0000 | 600.0000
30        | 29       | 0       | 0.0000   | 0.0000   | -2.8547  | -400.0000 | 200.0000
30        | 30       | 0       | 0.0000   | 0.0000   | 1.7036   | -20.0000 | 0.0000  

31        | 1        | 0       | 0.0000   | 0.0000   | -0.2239  | -600.0000 | 600.0000
31        | 2        | 0       | 0.0000   | 0.0000   | 2.5471   | -400.0000 | 200.0000
31        | 3        | 0       | 0.0000   | 0.0000   | -1.2283  | -20.0000 | 0.0000  
31        | 4        | 0       | 92.7348  | 92.7348  | -1.5201  | -600.0000 | 600.0000
31        | 5        | 0       | 121.8863 | 121.8863 | 0.7968   | -400.0000 | 200.0000
31        | 6        | 0       | 0.0000   | 0.0000   | -0.6880  | -20.0000 | 0.0000  
31        | 7        | 0       | -109.4222 | -109.4222 | -1.4165  | -600.0000 | 600.0000
31        | 8        | 0       | 99.5248  | 99.5248  | 2.7086   | -400.0000 | 200.0000
31        | 9        | 0       | -3.9529  | -3.9529  | -0.5063  | -20.0000 | 0.0000  
31        | 10       | 1       | 88.2347  | 85.6550  | -2.5797  | -600.0000 | 600.0000
31        | 11       | 0       | 172.8586 | 172.8586 | -1.9038  | -400.0000 | 200.0000
31        | 12       | 0       | -15.7125 | -15.7125 | -1.2888  | -20.0000 | 0.0000  
31        | 13       | 0       | -28.5536 | -28.5536 | 1.6364   | -600.0000 | 600.0000
31        | 14       | 0       | -2.9306  | -2.9306  | 1.4970   | -400.0000 | 200.0000
31        | 15       | 0       | 0.0000   | 0.0000   | 1.7766   | -20.0000 | 0.0000  
31        | 16       | 0       | -49.8823 | -49.8823 | 2.8563   | -600.0000 | 600.0000
31        | 17       | 0       | 35.0036  | 35.0036  | 2.6719   | -400.0000 | 200.0000
31        | 18       | 0       | -10.3540 | -10.3540 | 2.7175   | -20.0000 | 0.0000  
31        | 19       | 0       | 200.3664 | 200.3664 | -0.5996  | -600.0000 | 600.0000
31        | 20       | 0       | -124.1707 | -124.1707 | 1.2073   | -400.0000 | 200.0000
31        | 21       | 0       | -15.8965 | -15.8965 | -0.5940  | -20.0000 | 0.0000  
31        | 22       | 0       | 174.7272 | 174.7272 | 0.5797   | -600.0000 | 600.0000
31        | 23       | 0       | -69.3922 | -69.3922 | -0.2365  | -400.0000 | 200.0000
31        | 24       | 0       | -20.0000 | -20.0000 | -1.4580  | -20.0000 | 0.0000  
31        | 25       | 0       | -28.1802 | -28.1802 | -1.0228  | -600.0000 | 600.0000
31        | 26       | 1       | 12.6332  | 10.9981  | -1.6351  | -400.0000 | 200.0000
31        | 27       | 0       | -5.5459  | -5.5459  | 1.8910   | -20.0000 | 0.0000  
31        | 28       | 0       | 0.0000   | 0.0000   | 0.0130   | -600.0000 | 600.0000
31        | 29       | 0       | 0.0000   | 0.0000   | -3.6520  | -400.0000 | 200.0000
31        | 30       | 0       | 0.0000   | 0.0000   | -2.8755  | -20.0000 | 0.0000  

32        | 1        | 0       | 0.0000   | 0.0000   | -0.6887  | -600.0000 | 600.0000
32        | 2        | 0       | 0.0000   | 0.0000   | 1.3855   | -400.0000 | 200.0000
32        | 3        | 0       | 0.0000   | 0.0000   | -1.0370  | -20.0000 | 0.0000  
32        | 4        | 0       | -134.5434 | -134.5434 | -0.1304  | -600.0000 | 600.0000
32        | 5        | 0       | -130.9114 | -130.9114 | -0.3051  | -400.0000 | 200.0000
32        | 6        | 0       | -15.2491 | -15.2491 | 1.0754   | -20.0000 | 0.0000  
32        | 7        | 0       | -152.0979 | -152.0979 | 4.6709   | -600.0000 | 600.0000
32        | 8        | 1       | -263.6382 | -261.7094 | 1.9288   | -400.0000 | 200.0000
32        | 9        | 1       | -18.5361 | -20.0000 | -4.6639  | -20.0000 | 0.0000  
32        | 10       | 0       | 124.1383 | 124.1383 | 2.1581   | -600.0000 | 600.0000
32        | 11       | 1       | 0.9277   | 1.8923   | 0.9646   | -400.0000 | 200.0000
32        | 12       | 0       | -7.6102  | -7.6102  | -2.0480  | -20.0000 | 0.0000  
32        | 13       | 0       | -43.8071 | -43.8071 | 0.1281   | -600.0000 | 600.0000
32        | 14       | 0       | -171.1346 | -171.1346 | 1.2782   | -400.0000 | 200.0000
32        | 15       | 0       | -2.7333  | -2.7333  | -1.3641  | -20.0000 | 0.0000  
32        | 16       | 0       | 22.8981  | 22.8981  | -1.9874  | -600.0000 | 600.0000
32        | 17       | 0       | -112.4909 | -112.4909 | 0.9851   | -400.0000 | 200.0000
32        | 18       | 0       | -19.4872 | -19.4872 | -0.0061  | -20.0000 | 0.0000  
32        | 19       | 1       | -190.5026 | -192.4663 | -1.9637  | -600.0000 | 600.0000
32        | 20       | 0       | -169.8411 | -169.8411 | 3.2498   | -400.0000 | 200.0000
32        | 21       | 0       | -9.7572  | -20.0000 | -439.9446 | -20.0000 | 0.0000  
32        | 22       | 0       | -480.9863 | -480.9863 | 0.5334   | -600.0000 | 600.0000
32        | 23       | 0       | -159.1034 | -159.1034 | -0.4230  | -400.0000 | 200.0000
32        | 24       | 1       | -2.1689  | -4.4234  | -2.2545  | -20.0000 | 0.0000  
32        | 25       | 0       | 76.0900  | 76.0900  | 1.1532   | -600.0000 | 600.0000
32        | 26       | 1       | 82.2829  | 79.1139  | -3.1691  | -400.0000 | 200.0000
32        | 27       | 1       | -17.2570 | -15.6641 | 1.5929   | -20.0000 | 0.0000  
32        | 28       | 0       | 0.0000   | 0.0000   | 2.9270   | -600.0000 | 600.0000
32        | 29       | 0       | 0.0000   | 0.0000   | -1.8757  | -400.0000 | 200.0000
32        | 30       | 0       | 0.0000   | 0.0000   | 1.0874   | -20.0000 | 0.0000  

33        | 1        | 0       | 0.0000   | 0.0000   | -1.9931  | -600.0000 | 600.0000
33        | 2        | 0       | 0.0000   | 0.0000   | 1.7307   | -400.0000 | 200.0000
33        | 3        | 0       | 0.0000   | 0.0000   | 0.2488   | -20.0000 | 0.0000  
33        | 4        | 0       | -66.2645 | -66.2645 | -0.2670  | -600.0000 | 600.0000
33        | 5        | 0       | -335.0301 | -335.0301 | 0.8811   | -400.0000 | 200.0000
33        | 6        | 1       | -8.2448  | -8.5670  | -0.3222  | -20.0000 | 0.0000  
33        | 7        | 0       | 148.7982 | 148.7982 | -2.1156  | -600.0000 | 600.0000
33        | 8        | 1       | -235.8157 | -234.1974 | 1.6184   | -400.0000 | 200.0000
33        | 9        | 0       | -10.2433 | -10.2433 | 0.3278   | -20.0000 | 0.0000  
33        | 10       | 0       | 169.8054 | 169.8054 | 0.2304   | -600.0000 | 600.0000
33        | 11       | 0       | -244.1031 | -244.1031 | -0.9341  | -400.0000 | 200.0000
33        | 12       | 1       | -2.2783  | -20.0000 | -524.4969 | -20.0000 | 0.0000  
33        | 13       | 0       | 386.8575 | 386.8575 | -0.8981  | -600.0000 | 600.0000
33        | 14       | 1       | -368.1395 | -368.5845 | -0.4449  | -400.0000 | 200.0000
33        | 15       | 0       | -11.6279 | -11.6279 | -0.8924  | -20.0000 | 0.0000  
33        | 16       | 0       | -347.3917 | -347.3917 | -0.0507  | -600.0000 | 600.0000
33        | 17       | 1       | 85.4142  | 85.2371  | -0.1771  | -400.0000 | 200.0000
33        | 18       | 1       | -17.0616 | -16.2514 | 0.8101   | -20.0000 | 0.0000  
33        | 19       | 0       | 81.5118  | 81.5118  | 1.2570   | -600.0000 | 600.0000
33        | 20       | 1       | -30.5503 | -28.8887 | 1.6617   | -400.0000 | 200.0000
33        | 21       | 1       | -15.9738 | -15.6308 | 0.3430   | -20.0000 | 0.0000  
33        | 22       | 0       | 447.5350 | 447.5350 | -1.2876  | -600.0000 | 600.0000
33        | 23       | 1       | 36.6995  | 33.1447  | -3.5548  | -400.0000 | 200.0000
33        | 24       | 0       | -1.8048  | -1.8048  | -0.8922  | -20.0000 | 0.0000  
33        | 25       | 0       | 187.9387 | 187.9387 | 0.3667   | -600.0000 | 600.0000
33        | 26       | 1       | 14.1549  | 11.3990  | -2.7560  | -400.0000 | 200.0000
33        | 27       | 0       | -3.0161  | -3.0161  | -1.0058  | -20.0000 | 0.0000  
33        | 28       | 0       | 0.0000   | 0.0000   | 1.6761   | -600.0000 | 600.0000
33        | 29       | 0       | 0.0000   | 0.0000   | 0.2727   | -400.0000 | 200.0000
33        | 30       | 0       | 0.0000   | 0.0000   | -0.4167  | -20.0000 | 0.0000  

34        | 1        | 0       | 0.0000   | 0.0000   | -0.9698  | -600.0000 | 600.0000
34        | 2        | 0       | 0.0000   | 0.0000   | 0.3285   | -400.0000 | 200.0000
34        | 3        | 0       | 0.0000   | 0.0000   | 0.1086   | -20.0000 | 0.0000  
34        | 4        | 0       | 320.6259 | 320.6259 | 0.5275   | -600.0000 | 600.0000
34        | 5        | 1       | -158.8415 | -159.5450 | -0.7035  | -400.0000 | 200.0000
34        | 6        | 0       | -10.4025 | -10.4025 | 0.0546   | -20.0000 | 0.0000  
34        | 7        | 1       | -381.6862 | -381.0582 | 0.6281   | -600.0000 | 600.0000
34        | 8        | 0       | 117.0714 | 117.0714 | -1.1789  | -400.0000 | 200.0000
34        | 9        | 0       | -1.0777  | -1.0777  | -3.3513  | -20.0000 | 0.0000  
34        | 10       | 0       | 247.4907 | 247.4907 | -0.0245  | -600.0000 | 600.0000
34        | 11       | 0       | -351.1907 | -351.1907 | 1.1160   | -400.0000 | 200.0000
34        | 12       | 0       | -18.3032 | -18.3032 | -2.8442  | -20.0000 | 0.0000  
34        | 13       | 0       | 583.9675 | 583.9675 | -0.2260  | -600.0000 | 600.0000
34        | 14       | 0       | -175.4375 | -175.4375 | -2.5374  | -400.0000 | 200.0000
34        | 15       | 0       | -12.5872 | -12.5872 | -4.5981  | -20.0000 | 0.0000  
34        | 16       | 0       | 375.3595 | 375.3595 | 7.0374   | -600.0000 | 600.0000
34        | 17       | 0       | 168.3491 | -13.9630 | -182.3121 | -400.0000 | 200.0000
34        | 18       | 0       | -0.2800  | -0.2800  | 0.3281   | -20.0000 | 0.0000  
34        | 19       | 0       | -57.0726 | -57.0726 | 2.5305   | -600.0000 | 600.0000
34        | 20       | 0       | -315.4858 | -315.4858 | 1.3208   | -400.0000 | 200.0000
34        | 21       | 0       | -16.4723 | -16.4723 | 2.6920   | -20.0000 | 0.0000  
34        | 22       | 0       | -479.2350 | -479.2350 | 4.2994   | -600.0000 | 600.0000
34        | 23       | 0       | -256.0755 | -256.0755 | -2.5173  | -400.0000 | 200.0000
34        | 24       | 0       | -17.1606 | -17.1606 | 1.9874   | -20.0000 | 0.0000  
34        | 25       | 1       | -42.9138 | -46.1057 | -3.1919  | -600.0000 | 600.0000
34        | 26       | 1       | 36.5068  | 34.8541  | -1.6527  | -400.0000 | 200.0000
34        | 27       | 1       | -6.8654  | -5.4093  | 1.4561   | -20.0000 | 0.0000  
34        | 28       | 0       | 0.0000   | 0.0000   | 0.3746   | -600.0000 | 600.0000
34        | 29       | 0       | 0.0000   | 0.0000   | -1.5948  | -400.0000 | 200.0000
34        | 30       | 0       | 0.0000   | 0.0000   | -1.0114  | -20.0000 | 0.0000  

35        | 1        | 0       | 0.0000   | 0.0000   | 1.3518   | -600.0000 | 600.0000
35        | 2        | 0       | 0.0000   | 0.0000   | -1.6062  | -400.0000 | 200.0000
35        | 3        | 0       | 0.0000   | 0.0000   | -1.4803  | -20.0000 | 0.0000  
35        | 4        | 0       | 0.4313   | 0.4313   | -0.4046  | -600.0000 | 600.0000
35        | 5        | 0       | 16.4522  | 16.4522  | 6.0499   | -400.0000 | 200.0000
35        | 6        | 0       | -7.8113  | -7.8113  | -0.6740  | -20.0000 | 0.0000  
35        | 7        | 0       | 178.3667 | 178.3667 | 1.0022   | -600.0000 | 600.0000
35        | 8        | 0       | -236.8458 | -236.8458 | -1.3052  | -400.0000 | 200.0000
35        | 9        | 0       | -19.4851 | -19.4851 | 0.0633   | -20.0000 | 0.0000  
35        | 10       | 1       | 164.7548 | 166.8694 | 2.1146   | -600.0000 | 600.0000
35        | 11       | 0       | -41.1070 | -41.1070 | -1.0682  | -400.0000 | 200.0000
35        | 12       | 0       | -16.4129 | -16.4129 | 1.8601   | -20.0000 | 0.0000  
35        | 13       | 0       | 247.7969 | 247.7969 | 1.1156   | -600.0000 | 600.0000
35        | 14       | 1       | -131.8581 | -134.3047 | -2.4466  | -400.0000 | 200.0000
35        | 15       | 0       | -8.5215  | -8.5215  | 0.4169   | -20.0000 | 0.0000  
35        | 16       | 1       | 39.1407  | 38.7506  | -0.3902  | -600.0000 | 600.0000
35        | 17       | 0       | -254.5177 | 11.7068  | 266.2245 | -400.0000 | 200.0000
35        | 18       | 0       | -14.6151 | -14.6151 | -1.1785  | -20.0000 | 0.0000  
35        | 19       | 0       | -147.2590 | -147.2590 | 1.3712   | -600.0000 | 600.0000
35        | 20       | 0       | -387.9573 | -387.9573 | 6.5460   | -400.0000 | 200.0000
35        | 21       | 0       | -13.5584 | -13.5584 | 3.8205   | -20.0000 | 0.0000  
35        | 22       | 0       | -304.8507 | -304.8507 | -3.0263  | -600.0000 | 600.0000
35        | 23       | 0       | -303.2613 | -303.2613 | -0.5929  | -400.0000 | 200.0000
35        | 24       | 0       | -16.2687 | -16.2687 | 0.3023   | -20.0000 | 0.0000  
35        | 25       | 0       | -258.2221 | -258.2221 | -0.4466  | -600.0000 | 600.0000
35        | 26       | 0       | -295.9758 | -295.9758 | -1.5411  | -400.0000 | 200.0000
35        | 27       | 1       | -2.2524  | -3.8906  | -1.6382  | -20.0000 | 0.0000  
35        | 28       | 0       | 0.0000   | 0.0000   | 1.3426   | -600.0000 | 600.0000
35        | 29       | 0       | 0.0000   | 0.0000   | -0.5904  | -400.0000 | 200.0000
35        | 30       | 0       | 0.0000   | 0.0000   | 1.1570   | -20.0000 | 0.0000  

36        | 1        | 0       | 0.0000   | 0.0000   | -2.3260  | -600.0000 | 600.0000
36        | 2        | 0       | 0.0000   | 0.0000   | -0.7656  | -400.0000 | 200.0000
36        | 3        | 0       | 0.0000   | 0.0000   | 1.7751   | -20.0000 | 0.0000  
36        | 4        | 0       | 0.4313   | 0.4313   | 1.9949   | -600.0000 | 600.0000
36        | 5        | 0       | 16.4522  | 16.4522  | -0.9387  | -400.0000 | 200.0000
36        | 6        | 1       | -7.8113  | -6.0959  | 1.7154   | -20.0000 | 0.0000  
36        | 7        | 0       | 178.3667 | 178.3667 | 0.7396   | -600.0000 | 600.0000
36        | 8        | 0       | -236.8458 | -236.8458 | -1.6616  | -400.0000 | 200.0000
36        | 9        | 0       | -19.4851 | -19.4851 | 1.2354   | -20.0000 | 0.0000  
36        | 10       | 1       | 164.7548 | 165.4413 | 0.6865   | -600.0000 | 600.0000
36        | 11       | 1       | -41.1070 | -40.4714 | 0.6356   | -400.0000 | 200.0000
36        | 12       | 1       | -16.4129 | -16.0802 | 0.3327   | -20.0000 | 0.0000  
36        | 13       | 0       | 246.1670 | 246.1670 | 0.1167   | -600.0000 | 600.0000
36        | 14       | 0       | -126.8968 | -126.8968 | -1.9088  | -400.0000 | 200.0000
36        | 15       | 0       | -9.8403  | -9.8403  | 0.9050   | -20.0000 | 0.0000  
36        | 16       | 0       | 404.8405 | 404.8405 | -1.9921  | -600.0000 | 600.0000
36        | 17       | 1       | -298.1629 | 83.6406  | 190.9018 | -400.0000 | 200.0000
36        | 18       | 0       | -19.6171 | -19.6171 | -1.9763  | -20.0000 | 0.0000  
36        | 19       | 0       | 334.9231 | 334.9231 | 1.1768   | -600.0000 | 600.0000
36        | 20       | 1       | -30.8630 | -28.5799 | 2.2831   | -400.0000 | 200.0000
36        | 21       | 0       | -2.5767  | -2.5767  | -0.8966  | -20.0000 | 0.0000  
36        | 22       | 0       | 405.0070 | 405.0070 | 3.8717   | -600.0000 | 600.0000
36        | 23       | 0       | 80.2230  | 91.8465  | 11.6234  | -400.0000 | 200.0000
36        | 24       | 0       | -0.7816  | -0.7816  | 0.6247   | -20.0000 | 0.0000  
36        | 25       | 1       | 41.1616  | 41.2158  | 0.0542   | -600.0000 | 600.0000
36        | 26       | 0       | -107.4139 | -107.4139 | 0.2388   | -400.0000 | 200.0000
36        | 27       | 0       | -11.9623 | -11.9623 | 1.8251   | -20.0000 | 0.0000  
36        | 28       | 0       | 0.0000   | 0.0000   | 0.7875   | -600.0000 | 600.0000
36        | 29       | 0       | 0.0000   | 0.0000   | 1.2090   | -400.0000 | 200.0000
36        | 30       | 0       | 0.0000   | 0.0000   | 0.8800   | -20.0000 | 0.0000  

37        | 1        | 0       | 0.0000   | 0.0000   | 1.2946   | -600.0000 | 600.0000
37        | 2        | 0       | 0.0000   | 0.0000   | 1.3058   | -400.0000 | 200.0000
37        | 3        | 0       | 0.0000   | 0.0000   | -2.2719  | -20.0000 | 0.0000  
37        | 4        | 0       | 0.4313   | 0.4313   | 0.6595   | -600.0000 | 600.0000
37        | 5        | 0       | 14.1062  | 14.1062  | -1.2863  | -400.0000 | 200.0000
37        | 6        | 1       | -6.0573  | -6.4156  | -0.3583  | -20.0000 | 0.0000  
37        | 7        | 0       | 178.3667 | 178.3667 | -1.9596  | -600.0000 | 600.0000
37        | 8        | 0       | -232.8587 | 178.3337 | 411.1925 | -400.0000 | 200.0000
37        | 9        | 0       | -20.0000 | -20.0000 | -0.9017  | -20.0000 | 0.0000  
37        | 10       | 0       | 163.1284 | 163.1284 | -2.4135  | -600.0000 | 600.0000
37        | 11       | 0       | -42.5940 | -42.5940 | -2.5151  | -400.0000 | 200.0000
37        | 12       | 1       | -18.3547 | -19.3024 | -0.9478  | -20.0000 | 0.0000  
37        | 13       | 0       | 252.5570 | 252.5570 | 1.3741   | -600.0000 | 600.0000
37        | 14       | 0       | -126.7421 | -126.7421 | -0.7805  | -400.0000 | 200.0000
37        | 15       | 0       | -7.5498  | -7.5498  | 0.1058   | -20.0000 | 0.0000  
37        | 16       | 0       | 405.4116 | 405.4116 | 0.8154   | -600.0000 | 600.0000
37        | 17       | 0       | -297.9748 | -297.9748 | -0.6505  | -400.0000 | 200.0000
37        | 18       | 0       | -16.2237 | -16.2237 | 2.1094   | -20.0000 | 0.0000  
37        | 19       | 0       | 330.8214 | 330.8214 | -1.6398  | -600.0000 | 600.0000
37        | 20       | 0       | -35.7286 | -35.7286 | -1.4847  | -400.0000 | 200.0000
37        | 21       | 1       | -7.5937  | -9.0280  | -1.4343  | -20.0000 | 0.0000  
37        | 22       | 1       | 404.6816 | 406.6028 | 1.9212   | -600.0000 | 600.0000
37        | 23       | 0       | 81.4545  | 81.4545  | -3.4438  | -400.0000 | 200.0000
37        | 24       | 0       | -1.1203  | -1.1203  | 0.2948   | -20.0000 | 0.0000  
37        | 25       | 0       | 43.1968  | 43.1968  | -1.3113  | -600.0000 | 600.0000
37        | 26       | 0       | -106.6110 | -106.6110 | 0.1188   | -400.0000 | 200.0000
37        | 27       | 0       | -11.9623 | -11.9623 | 1.3228   | -20.0000 | 0.0000  
37        | 28       | 0       | 0.0000   | 0.0000   | 4.0698   | -600.0000 | 600.0000
37        | 29       | 0       | 0.0000   | 0.0000   | -2.1279  | -400.0000 | 200.0000
37        | 30       | 0       | 0.0000   | 0.0000   | -2.1548  | -20.0000 | 0.0000  

38        | 1        | 0       | 0.0000   | 0.0000   | 1.1964   | -600.0000 | 600.0000
38        | 2        | 0       | 0.0000   | 0.0000   | -0.6952  | -400.0000 | 200.0000
38        | 3        | 0       | 0.0000   | 0.0000   | -0.7367  | -20.0000 | 0.0000  
38        | 4        | 0       | -256.1505 | -256.1505 | 3.2713   | -600.0000 | 600.0000
38        | 5        | 0       | -45.5000 | -45.5000 | -0.1738  | -400.0000 | 200.0000
38        | 6        | 0       | -19.3900 | -19.3900 | -3.0245  | -20.0000 | 0.0000  
38        | 7        | 0       | -554.4515 | -554.4515 | -1.6804  | -600.0000 | 600.0000
38        | 8        | 1       | 93.8915  | 97.4187  | 3.5272   | -400.0000 | 200.0000
38        | 9        | 0       | -9.3169  | -9.3169  | -0.3782  | -20.0000 | 0.0000  
38        | 10       | 0       | -447.1505 | -447.1505 | 0.8984   | -600.0000 | 600.0000
38        | 11       | 0       | -86.6483 | -86.6483 | 1.1696   | -400.0000 | 200.0000
38        | 12       | 0       | -2.2326  | -2.2326  | -2.0543  | -20.0000 | 0.0000  
38        | 13       | 0       | -341.0148 | -341.0148 | -0.9480  | -600.0000 | 600.0000
38        | 14       | 0       | -24.2518 | -24.2518 | -0.2513  | -400.0000 | 200.0000
38        | 15       | 1       | -18.2931 | -17.7395 | 0.5536   | -20.0000 | 0.0000  
38        | 16       | 0       | -539.5294 | -539.5294 | -0.2495  | -600.0000 | 600.0000
38        | 17       | 0       | -81.1872 | -81.1872 | 0.8424   | -400.0000 | 200.0000
38        | 18       | 1       | -9.1873  | -11.7300 | -2.5427  | -20.0000 | 0.0000  
38        | 19       | 1       | -330.4613 | -328.0278 | 2.4335   | -600.0000 | 600.0000
38        | 20       | 0       | -176.6998 | -176.6998 | -2.7735  | -400.0000 | 200.0000
38        | 21       | 1       | -11.3585 | -11.9060 | -0.5475  | -20.0000 | 0.0000  
38        | 22       | 0       | -74.6232 | -74.6232 | 2.4930   | -600.0000 | 600.0000
38        | 23       | 0       | -32.2363 | -32.2363 | 4.2864   | -400.0000 | 200.0000
38        | 24       | 1       | -1.1385  | -5.2488  | -4.1103  | -20.0000 | 0.0000  
38        | 25       | 1       | -142.4730 | -146.5930 | -4.1200  | -600.0000 | 600.0000
38        | 26       | 0       | 93.7675  | 93.7675  | 1.9346   | -400.0000 | 200.0000
38        | 27       | 0       | -4.2488  | -4.2488  | 1.9564   | -20.0000 | 0.0000  
38        | 28       | 0       | 0.0000   | 0.0000   | 0.3511   | -600.0000 | 600.0000
38        | 29       | 0       | 0.0000   | 0.0000   | -2.9656  | -400.0000 | 200.0000
38        | 30       | 0       | 0.0000   | 0.0000   | -0.2532  | -20.0000 | 0.0000  

39        | 1        | 0       | 0.0000   | 0.0000   | 0.4585   | -600.0000 | 600.0000
39        | 2        | 0       | 0.0000   | 0.0000   | 2.3517   | -400.0000 | 200.0000
39        | 3        | 0       | 0.0000   | 0.0000   | -6.1419  | -20.0000 | 0.0000  
39        | 4        | 0       | 0.4313   | 0.4313   | -0.5858  | -600.0000 | 600.0000
39        | 5        | 0       | 14.5304  | 14.5304  | 1.7531   | -400.0000 | 200.0000
39        | 6        | 1       | -6.0573  | -8.4098  | -2.3525  | -20.0000 | 0.0000  
39        | 7        | 0       | 176.9190 | 176.9190 | -0.2306  | -600.0000 | 600.0000
39        | 8        | 0       | -232.7184 | -232.7184 | -3.8073  | -400.0000 | 200.0000
39        | 9        | 0       | -19.8934 | -19.8934 | -1.2819  | -20.0000 | 0.0000  
39        | 10       | 0       | 163.1284 | 163.1284 | -1.1204  | -600.0000 | 600.0000
39        | 11       | 0       | -40.4187 | -40.4187 | 0.4486   | -400.0000 | 200.0000
39        | 12       | 1       | -18.1214 | -15.4422 | 2.6792   | -20.0000 | 0.0000  
39        | 13       | 0       | 246.1670 | 246.1670 | -1.1373  | -600.0000 | 600.0000
39        | 14       | 1       | -127.3790 | -125.5380 | 1.8410   | -400.0000 | 200.0000
39        | 15       | 0       | -6.6448  | -6.6448  | -1.9661  | -20.0000 | 0.0000  
39        | 16       | 1       | 404.8405 | 408.8284 | 3.9879   | -600.0000 | 600.0000
39        | 17       | 0       | -299.5001 | -299.5001 | -0.6411  | -400.0000 | 200.0000
39        | 18       | 1       | -20.0000 | -20.0000 | -0.1554  | -20.0000 | 0.0000  
39        | 19       | 0       | -79.1931 | -79.1931 | 1.3863   | -600.0000 | 600.0000
39        | 20       | 0       | 140.1170 | 140.1170 | 0.8532   | -400.0000 | 200.0000
39        | 21       | 0       | -9.3414  | -9.3414  | 0.7242   | -20.0000 | 0.0000  
39        | 22       | 0       | 16.7874  | 16.7874  | -2.2729  | -600.0000 | 600.0000
39        | 23       | 0       | 70.1918  | 70.1918  | -0.8983  | -400.0000 | 200.0000
39        | 24       | 0       | -11.7295 | -11.7295 | -0.6922  | -20.0000 | 0.0000  
39        | 25       | 1       | 42.6186  | 40.0155  | -2.6031  | -600.0000 | 600.0000
39        | 26       | 0       | -106.6701 | -106.6701 | 0.8867   | -400.0000 | 200.0000
39        | 27       | 0       | -16.2653 | -16.2653 | 1.7445   | -20.0000 | 0.0000  
39        | 28       | 0       | 0.0000   | 0.0000   | -5.1330  | -600.0000 | 600.0000
39        | 29       | 0       | 0.0000   | 0.0000   | 0.3707   | -400.0000 | 200.0000
39        | 30       | 0       | 0.0000   | 0.0000   | -1.7318  | -20.0000 | 0.0000  

40        | 1        | 0       | 0.0000   | 0.0000   | 3.2796   | -600.0000 | 600.0000
40        | 2        | 0       | 0.0000   | 0.0000   | 0.8213   | -400.0000 | 200.0000
40        | 3        | 0       | 0.0000   | 0.0000   | 0.8649   | -20.0000 | 0.0000  
40        | 4        | 0       | 0.4313   | 0.4313   | -5.6205  | -600.0000 | 600.0000
40        | 5        | 0       | 14.5415  | 14.5415  | -2.3643  | -400.0000 | 200.0000
40        | 6        | 1       | -6.0573  | -8.0484  | -1.9911  | -20.0000 | 0.0000  
40        | 7        | 1       | 180.2448 | 180.9477 | 0.7028   | -600.0000 | 600.0000
40        | 8        | 0       | -234.8271 | -234.8271 | -1.6445  | -400.0000 | 200.0000
40        | 9        | 1       | -16.8759 | -16.6064 | 0.2694   | -20.0000 | 0.0000  
40        | 10       | 0       | 163.1284 | 163.1284 | -1.0221  | -600.0000 | 600.0000
40        | 11       | 0       | -40.4187 | -40.4187 | -3.9283  | -400.0000 | 200.0000
40        | 12       | 0       | -16.4129 | -16.4129 | 0.1547   | -20.0000 | 0.0000  
40        | 13       | 0       | 246.1670 | 246.1670 | -2.0418  | -600.0000 | 600.0000
40        | 14       | 0       | -126.8968 | -126.8968 | -1.9485  | -400.0000 | 200.0000
40        | 15       | 1       | -6.6448  | -9.8351  | -3.1904  | -20.0000 | 0.0000  
40        | 16       | 1       | 409.1641 | 408.9243 | -0.2397  | -600.0000 | 600.0000
40        | 17       | 0       | -298.1629 | -298.1629 | -2.4490  | -400.0000 | 200.0000
40        | 18       | 0       | -19.6171 | -19.6171 | 2.4217   | -20.0000 | 0.0000  
40        | 19       | 0       | 334.9231 | 334.9231 | -0.6620  | -600.0000 | 600.0000
40        | 20       | 0       | -34.1815 | -34.1815 | -0.1801  | -400.0000 | 200.0000
40        | 21       | 1       | -6.0072  | -9.7629  | -3.7557  | -20.0000 | 0.0000  
40        | 22       | 0       | 405.7860 | 405.7860 | 1.8736   | -600.0000 | 600.0000
40        | 23       | 1       | 81.6866  | 192.6409 | 55.4772  | -400.0000 | 200.0000
40        | 24       | 0       | -0.7816  | -0.7816  | 1.8706   | -20.0000 | 0.0000  
40        | 25       | 0       | -84.1309 | -84.1309 | 0.2360   | -600.0000 | 600.0000
40        | 26       | 1       | 13.9884  | 14.7041  | 0.7157   | -400.0000 | 200.0000
40        | 27       | 1       | -13.2731 | -16.5600 | -3.2869  | -20.0000 | 0.0000  
40        | 28       | 0       | 0.0000   | 0.0000   | 3.3452   | -600.0000 | 600.0000
40        | 29       | 0       | 0.0000   | 0.0000   | -1.1982  | -400.0000 | 200.0000
40        | 30       | 0       | 0.0000   | 0.0000   | 6.6390   | -20.0000 | 0.0000  

41        | 1        | 0       | 0.0000   | 0.0000   | 2.2163   | -600.0000 | 600.0000
41        | 2        | 0       | 0.0000   | 0.0000   | 0.7785   | -400.0000 | 200.0000
41        | 3        | 0       | 0.0000   | 0.0000   | 0.7672   | -20.0000 | 0.0000  
41        | 4        | 0       | 0.4313   | 0.4313   | 0.5982   | -600.0000 | 600.0000
41        | 5        | 0       | 16.4522  | 16.4522  | -2.1813  | -400.0000 | 200.0000
41        | 6        | 0       | -7.8113  | -7.8113  | 0.5912   | -20.0000 | 0.0000  
41        | 7        | 0       | 178.3667 | 178.3667 | -1.3222  | -600.0000 | 600.0000
41        | 8        | 0       | -236.8458 | -236.8458 | -0.6266  | -400.0000 | 200.0000
41        | 9        | 0       | -19.4851 | -19.4851 | -0.8374  | -20.0000 | 0.0000  
41        | 10       | 0       | 164.7548 | 164.7548 | -2.2944  | -600.0000 | 600.0000
41        | 11       | 0       | -41.1070 | -41.1070 | 0.1696   | -400.0000 | 200.0000
41        | 12       | 0       | -16.4129 | -16.4129 | -4.9174  | -20.0000 | 0.0000  
41        | 13       | 0       | 114.2554 | 114.2554 | 1.4680   | -600.0000 | 600.0000
41        | 14       | 0       | -309.7166 | -309.7166 | 4.0541   | -400.0000 | 200.0000
41        | 15       | 0       | -1.9637  | -1.9637  | -0.2028  | -20.0000 | 0.0000  
41        | 16       | 0       | 407.4138 | 407.4138 | 0.7459   | -600.0000 | 600.0000
41        | 17       | 0       | -297.9748 | -297.9748 | -1.0207  | -400.0000 | 200.0000
41        | 18       | 0       | -19.6171 | -19.6171 | 2.1580   | -20.0000 | 0.0000  
41        | 19       | 0       | 336.2719 | 336.2719 | -3.1490  | -600.0000 | 600.0000
41        | 20       | 0       | -34.1815 | -34.1815 | -5.1192  | -400.0000 | 200.0000
41        | 21       | 0       | -6.0072  | -6.0072  | 0.8332   | -20.0000 | 0.0000  
41        | 22       | 0       | 405.7860 | 405.7860 | 0.2058   | -600.0000 | 600.0000
41        | 23       | 1       | 81.6866  | 81.1552  | -0.5314  | -400.0000 | 200.0000
41        | 24       | 1       | -1.1646  | -1.8416  | -0.6770  | -20.0000 | 0.0000  
41        | 25       | 1       | 42.2281  | 42.8407  | 0.6126   | -600.0000 | 600.0000
41        | 26       | 0       | -106.9026 | -106.9026 | 2.5091   | -400.0000 | 200.0000
41        | 27       | 1       | -11.9623 | -11.7060 | 0.2563   | -20.0000 | 0.0000  
41        | 28       | 0       | 0.0000   | 0.0000   | 4.0948   | -600.0000 | 600.0000
41        | 29       | 0       | 0.0000   | 0.0000   | -0.3259  | -400.0000 | 200.0000
41        | 30       | 0       | 0.0000   | 0.0000   | 3.6436   | -20.0000 | 0.0000  

42        | 1        | 0       | 0.0000   | 0.0000   | 0.7968   | -600.0000 | 600.0000
42        | 2        | 0       | 0.0000   | 0.0000   | 1.4907   | -400.0000 | 200.0000
42        | 3        | 0       | 0.0000   | 0.0000   | -1.3947  | -20.0000 | 0.0000  
42        | 4        | 0       | 7.0232   | 7.0232   | -0.0252  | -600.0000 | 600.0000
42        | 5        | 1       | 101.8799 | 102.4407 | 0.5608   | -400.0000 | 200.0000
42        | 6        | 0       | -5.3440  | -5.3440  | -1.0251  | -20.0000 | 0.0000  
42        | 7        | 1       | 50.6846  | 49.9080  | -0.7767  | -600.0000 | 600.0000
42        | 8        | 0       | -42.6477 | -42.6477 | -1.6751  | -400.0000 | 200.0000
42        | 9        | 1       | -9.3694  | -6.3157  | 3.0536   | -20.0000 | 0.0000  
42        | 10       | 1       | -242.9419 | -242.3020 | 0.6398   | -600.0000 | 600.0000
42        | 11       | 0       | -60.7080 | -60.7080 | -2.1188  | -400.0000 | 200.0000
42        | 12       | 0       | -6.2223  | -6.2223  | 1.1953   | -20.0000 | 0.0000  
42        | 13       | 0       | -94.3586 | -94.3586 | 0.0203   | -600.0000 | 600.0000
42        | 14       | 0       | -224.3399 | -224.3399 | 0.5370   | -400.0000 | 200.0000
42        | 15       | 0       | -10.2800 | -10.2800 | -3.6053  | -20.0000 | 0.0000  
42        | 16       | 1       | 92.6399  | 92.4153  | -0.2245  | -600.0000 | 600.0000
42        | 17       | 0       | -373.7566 | -373.7566 | -0.0561  | -400.0000 | 200.0000
42        | 18       | 1       | -12.9158 | -13.2924 | -0.3765  | -20.0000 | 0.0000  
42        | 19       | 0       | 70.3709  | 70.3709  | -1.1269  | -600.0000 | 600.0000
42        | 20       | 0       | -194.0996 | -194.0996 | 0.1092   | -400.0000 | 200.0000
42        | 21       | 0       | -5.4165  | -5.4165  | 1.7448   | -20.0000 | 0.0000  
42        | 22       | 1       | -480.9863 | -479.8671 | 1.1192   | -600.0000 | 600.0000
42        | 23       | 1       | -159.1034 | -159.6833 | -0.5799  | -400.0000 | 200.0000
42        | 24       | 0       | -2.1689  | -2.1689  | 0.4849   | -20.0000 | 0.0000  
42        | 25       | 1       | 76.0900  | 74.4353  | -1.6547  | -600.0000 | 600.0000
42        | 26       | 0       | 82.2829  | 82.2829  | 0.7344   | -400.0000 | 200.0000
42        | 27       | 0       | -17.2570 | -17.2570 | -0.6862  | -20.0000 | 0.0000  
42        | 28       | 0       | 0.0000   | 0.0000   | 2.4995   | -600.0000 | 600.0000
42        | 29       | 0       | 0.0000   | 0.0000   | -4.2771  | -400.0000 | 200.0000
42        | 30       | 0       | 0.0000   | 0.0000   | -2.8311  | -20.0000 | 0.0000  

43        | 1        | 0       | 0.0000   | 0.0000   | -1.0628  | -600.0000 | 600.0000
43        | 2        | 0       | 0.0000   | 0.0000   | -0.0103  | -400.0000 | 200.0000
43        | 3        | 0       | 0.0000   | 0.0000   | -3.2429  | -20.0000 | 0.0000  
43        | 4        | 1       | 347.0055 | 348.6283 | 1.6228   | -600.0000 | 600.0000
43        | 5        | 0       | -100.9347 | -100.9347 | -0.9300  | -400.0000 | 200.0000
43        | 6        | 1       | -18.2616 | -20.0000 | -2.2596  | -20.0000 | 0.0000  
43        | 7        | 0       | 44.5279  | 44.5279  | -2.3140  | -600.0000 | 600.0000
43        | 8        | 0       | -45.8715 | -45.8715 | 3.3085   | -400.0000 | 200.0000
43        | 9        | 0       | -5.0912  | -5.0912  | -1.2768  | -20.0000 | 0.0000  
43        | 10       | 1       | -448.6430 | -449.6557 | -1.0127  | -600.0000 | 600.0000
43        | 11       | 0       | -86.6483 | -86.6483 | 3.5556   | -400.0000 | 200.0000
43        | 12       | 0       | -5.4729  | -5.4729  | -1.9817  | -20.0000 | 0.0000  
43        | 13       | 1       | -341.0148 | -342.7516 | -1.7368  | -600.0000 | 600.0000
43        | 14       | 0       | -24.2518 | -24.2518 | 1.5252   | -400.0000 | 200.0000
43        | 15       | 1       | -20.0000 | -19.4634 | 0.5366   | -20.0000 | 0.0000  
43        | 16       | 1       | -539.5294 | -542.6953 | -3.1659  | -600.0000 | 600.0000
43        | 17       | 0       | -81.1872 | -81.1872 | -2.7347  | -400.0000 | 200.0000
43        | 18       | 1       | -9.1873  | -11.1411 | -1.9538  | -20.0000 | 0.0000  
43        | 19       | 0       | -330.7077 | -330.7077 | 2.5267   | -600.0000 | 600.0000
43        | 20       | 1       | -176.6998 | -176.5399 | 0.1599   | -400.0000 | 200.0000
43        | 21       | 0       | -11.3585 | -11.3585 | 1.7745   | -20.0000 | 0.0000  
43        | 22       | 0       | -74.6232 | -74.6232 | 0.0593   | -600.0000 | 600.0000
43        | 23       | 0       | -30.5133 | -30.5133 | -1.0074  | -400.0000 | 200.0000
43        | 24       | 0       | -0.3838  | -0.3838  | -1.2163  | -20.0000 | 0.0000  
43        | 25       | 0       | -142.4730 | -142.4730 | 1.6953   | -600.0000 | 600.0000
43        | 26       | 0       | 93.0986  | 93.0986  | 0.5318   | -400.0000 | 200.0000
43        | 27       | 0       | -6.8098  | -6.8098  | -3.6899  | -20.0000 | 0.0000  
43        | 28       | 0       | 0.0000   | 0.0000   | 1.8458   | -600.0000 | 600.0000
43        | 29       | 0       | 0.0000   | 0.0000   | 0.2792   | -400.0000 | 200.0000
43        | 30       | 0       | 0.0000   | 0.0000   | 3.6935   | -20.0000 | 0.0000  

44        | 1        | 0       | 0.0000   | 0.0000   | 4.8070   | -600.0000 | 600.0000
44        | 2        | 0       | 0.0000   | 0.0000   | -2.5073  | -400.0000 | 200.0000
44        | 3        | 0       | 0.0000   | 0.0000   | -2.8415  | -20.0000 | 0.0000  
44        | 4        | 0       | -187.9360 | -187.9360 | -1.9767  | -600.0000 | 600.0000
44        | 5        | 0       | 100.7431 | 100.7431 | 1.2471   | -400.0000 | 200.0000
44        | 6        | 0       | -1.2903  | -1.2903  | -0.4540  | -20.0000 | 0.0000  
44        | 7        | 1       | -377.1203 | -377.2707 | -0.1504  | -600.0000 | 600.0000
44        | 8        | 0       | -174.6900 | -174.6900 | -0.6694  | -400.0000 | 200.0000
44        | 9        | 0       | 0.0000   | 0.0000   | -1.6899  | -20.0000 | 0.0000  
44        | 10       | 0       | -525.8298 | -525.8298 | 1.5451   | -600.0000 | 600.0000
44        | 11       | 0       | -342.7792 | -342.7792 | 1.1282   | -400.0000 | 200.0000
44        | 12       | 1       | -15.7229 | -20.0000 | -4.5655  | -20.0000 | 0.0000  
44        | 13       | 0       | 114.2554 | 114.2554 | 0.1923   | -600.0000 | 600.0000
44        | 14       | 0       | -309.7166 | -309.7166 | 1.2580   | -400.0000 | 200.0000
44        | 15       | 0       | -1.9637  | -1.9637  | -1.2977  | -20.0000 | 0.0000  
44        | 16       | 0       | -63.9426 | -63.9426 | 1.5096   | -600.0000 | 600.0000
44        | 17       | 0       | -99.0892 | -99.0892 | -1.9626  | -400.0000 | 200.0000
44        | 18       | 0       | -15.0377 | -15.0377 | -0.6477  | -20.0000 | 0.0000  
44        | 19       | 0       | -80.6208 | -80.6208 | 2.7882   | -600.0000 | 600.0000
44        | 20       | 1       | -373.6600 | -372.7714 | 0.8886   | -400.0000 | 200.0000
44        | 21       | 0       | -16.6850 | -16.6850 | -1.5736  | -20.0000 | 0.0000  
44        | 22       | 1       | -5.2281  | -7.5165  | -2.2884  | -600.0000 | 600.0000
44        | 23       | 0       | -149.1736 | -149.1736 | 1.0242   | -400.0000 | 200.0000
44        | 24       | 1       | -1.7031  | 0.0000   | 5.0832   | -20.0000 | 0.0000  
44        | 25       | 0       | -164.2812 | -164.2812 | -1.2176  | -600.0000 | 600.0000
44        | 26       | 0       | -51.6470 | -51.6470 | 4.0860   | -400.0000 | 200.0000
44        | 27       | 1       | -7.3547  | -7.9125  | -0.5578  | -20.0000 | 0.0000  
44        | 28       | 0       | 0.0000   | 0.0000   | -3.5504  | -600.0000 | 600.0000
44        | 29       | 0       | 0.0000   | 0.0000   | -1.2080  | -400.0000 | 200.0000
44        | 30       | 0       | 0.0000   | 0.0000   | -0.6461  | -20.0000 | 0.0000  

45        | 1        | 0       | 0.0000   | 0.0000   | -0.6969  | -600.0000 | 600.0000
45        | 2        | 0       | 0.0000   | 0.0000   | -2.4853  | -400.0000 | 200.0000
45        | 3        | 0       | 0.0000   | 0.0000   | 3.9473   | -20.0000 | 0.0000  
45        | 4        | 0       | 206.0662 | 206.0662 | -0.2322  | -600.0000 | 600.0000
45        | 5        | 0       | -162.3994 | -162.3994 | -1.5752  | -400.0000 | 200.0000
45        | 6        | 1       | -18.7656 | -14.7998 | 3.9657   | -20.0000 | 0.0000  
45        | 7        | 0       | 98.3698  | 98.3698  | 1.4102   | -600.0000 | 600.0000
45        | 8        | 1       | -159.1229 | -158.3085 | 0.8144   | -400.0000 | 200.0000
45        | 9        | 0       | -13.2383 | -13.2383 | -3.3583  | -20.0000 | 0.0000  
45        | 10       | 0       | -85.5274 | -85.5274 | -2.5727  | -600.0000 | 600.0000
45        | 11       | 1       | -323.5525 | -322.6556 | 0.8969   | -400.0000 | 200.0000
45        | 12       | 1       | -14.3245 | -12.3983 | 1.9262   | -20.0000 | 0.0000  
45        | 13       | 0       | -164.3012 | -164.3012 | 1.8810   | -600.0000 | 600.0000
45        | 14       | 0       | -13.9419 | -13.9419 | 3.6452   | -400.0000 | 200.0000
45        | 15       | 0       | -7.2376  | -7.2376  | -2.9041  | -20.0000 | 0.0000  
45        | 16       | 1       | -171.0733 | -173.6288 | -2.5555  | -600.0000 | 600.0000
45        | 17       | 1       | 191.9091 | 192.8605 | 0.9513   | -400.0000 | 200.0000
45        | 18       | 1       | -7.8845  | -7.3583  | 0.5262   | -20.0000 | 0.0000  
45        | 19       | 1       | -250.5006 | -250.0691 | 0.4316   | -600.0000 | 600.0000
45        | 20       | 0       | -132.4046 | -132.4046 | -3.8676  | -400.0000 | 200.0000
45        | 21       | 0       | -18.2077 | -18.2077 | 2.0424   | -20.0000 | 0.0000  
45        | 22       | 0       | -238.7447 | -238.7447 | 1.2215   | -600.0000 | 600.0000
45        | 23       | 0       | -95.7534 | -95.7534 | 1.6902   | -400.0000 | 200.0000
45        | 24       | 0       | -19.9536 | -19.9536 | 0.4459   | -20.0000 | 0.0000  
45        | 25       | 0       | 380.8524 | 380.8524 | -0.8217  | -600.0000 | 600.0000
45        | 26       | 0       | 53.1165  | 53.1165  | -2.0991  | -400.0000 | 200.0000
45        | 27       | 0       | -17.7179 | -17.7179 | 1.2396   | -20.0000 | 0.0000  
45        | 28       | 0       | 0.0000   | 0.0000   | -2.3888  | -600.0000 | 600.0000
45        | 29       | 0       | 0.0000   | 0.0000   | 0.7870   | -400.0000 | 200.0000
45        | 30       | 0       | 0.0000   | 0.0000   | -5.1992  | -20.0000 | 0.0000  

46        | 1        | 0       | 0.0000   | 0.0000   | 1.1220   | -600.0000 | 600.0000
46        | 2        | 0       | 0.0000   | 0.0000   | -0.0769  | -400.0000 | 200.0000
46        | 3        | 0       | 0.0000   | 0.0000   | 4.7673   | -20.0000 | 0.0000  
46        | 4        | 0       | 7.0232   | 7.0232   | 3.2469   | -600.0000 | 600.0000
46        | 5        | 0       | 104.4218 | 104.4218 | 1.8413   | -400.0000 | 200.0000
46        | 6        | 0       | -5.3440  | -5.3440  | -2.2461  | -20.0000 | 0.0000  
46        | 7        | 0       | 151.6421 | 151.6421 | -1.5389  | -600.0000 | 600.0000
46        | 8        | 0       | -52.6837 | -52.6837 | 4.1514   | -400.0000 | 200.0000
46        | 9        | 1       | -0.8962  | 0.0000   | 2.9759   | -20.0000 | 0.0000  
46        | 10       | 1       | 487.3045 | 486.9597 | -0.3448  | -600.0000 | 600.0000
46        | 11       | 1       | -391.1709 | -391.9683 | -0.7973  | -400.0000 | 200.0000
46        | 12       | 0       | -7.1549  | -7.1549  | 0.3418   | -20.0000 | 0.0000  
46        | 13       | 0       | 446.0515 | 446.0515 | 2.5637   | -600.0000 | 600.0000
46        | 14       | 0       | -18.2252 | -18.2252 | -5.8044  | -400.0000 | 200.0000
46        | 15       | 1       | -4.7776  | -3.1844  | 1.5932   | -20.0000 | 0.0000  
46        | 16       | 0       | -407.9140 | -407.9140 | 2.0689   | -600.0000 | 600.0000
46        | 17       | 0       | -123.0655 | -123.0655 | 2.3481   | -400.0000 | 200.0000
46        | 18       | 1       | -20.0000 | -20.0000 | -2.3143  | -20.0000 | 0.0000  
46        | 19       | 0       | -303.9854 | -303.9854 | 3.8997   | -600.0000 | 600.0000
46        | 20       | 0       | 35.8770  | 35.8770  | 0.4624   | -400.0000 | 200.0000
46        | 21       | 0       | -0.1638  | -0.1638  | 0.4735   | -20.0000 | 0.0000  
46        | 22       | 0       | -480.9863 | -480.9863 | 1.9179   | -600.0000 | 600.0000
46        | 23       | 0       | -159.1034 | -159.1034 | 0.9786   | -400.0000 | 200.0000
46        | 24       | 0       | -2.1689  | -2.1689  | 1.4011   | -20.0000 | 0.0000  
46        | 25       | 0       | 76.0900  | 76.0900  | 2.2403   | -600.0000 | 600.0000
46        | 26       | 0       | 82.2829  | 82.2829  | -1.0566  | -400.0000 | 200.0000
46        | 27       | 1       | -17.2570 | -19.6572 | -2.4002  | -20.0000 | 0.0000  
46        | 28       | 0       | 0.0000   | 0.0000   | -3.7320  | -600.0000 | 600.0000
46        | 29       | 0       | 0.0000   | 0.0000   | 1.5870   | -400.0000 | 200.0000
46        | 30       | 0       | 0.0000   | 0.0000   | 2.2765   | -20.0000 | 0.0000  

47        | 1        | 0       | 0.0000   | 0.0000   | -1.3351  | -600.0000 | 600.0000
47        | 2        | 0       | 0.0000   | 0.0000   | -0.5840  | -400.0000 | 200.0000
47        | 3        | 0       | 0.0000   | 0.0000   | 0.1979   | -20.0000 | 0.0000  
47        | 4        | 0       | 96.8389  | 96.8389  | 0.7229   | -600.0000 | 600.0000
47        | 5        | 0       | -96.6947 | -96.6947 | -0.7286  | -400.0000 | 200.0000
47        | 6        | 0       | -17.1184 | -17.1184 | -2.0700  | -20.0000 | 0.0000  
47        | 7        | 1       | 148.7982 | 148.5958 | -0.2024  | -600.0000 | 600.0000
47        | 8        | 0       | -235.8157 | -235.8157 | -0.6984  | -400.0000 | 200.0000
47        | 9        | 0       | -10.2433 | -10.2433 | -0.0245  | -20.0000 | 0.0000  
47        | 10       | 0       | 169.8054 | 169.8054 | 1.0860   | -600.0000 | 600.0000
47        | 11       | 0       | -244.1031 | -244.1031 | 0.4412   | -400.0000 | 200.0000
47        | 12       | 0       | -2.2783  | -2.2783  | -2.1588  | -20.0000 | 0.0000  
47        | 13       | 0       | 386.8575 | 386.8575 | 1.5505   | -600.0000 | 600.0000
47        | 14       | 1       | -365.8128 | -363.4531 | 2.3597   | -400.0000 | 200.0000
47        | 15       | 0       | -11.6279 | -11.6279 | -0.9736  | -20.0000 | 0.0000  
47        | 16       | 1       | -49.8823 | -44.6017 | 5.2805   | -600.0000 | 600.0000
47        | 17       | 0       | 35.0036  | 35.0036  | -1.8818  | -400.0000 | 200.0000
47        | 18       | 0       | -8.5142  | -8.5142  | 0.5222   | -20.0000 | 0.0000  
47        | 19       | 0       | 260.0143 | 260.0143 | -1.3959  | -600.0000 | 600.0000
47        | 20       | 1       | -44.1051 | -43.6138 | 0.4913   | -400.0000 | 200.0000
47        | 21       | 0       | -17.0594 | -17.0594 | -4.3878  | -20.0000 | 0.0000  
47        | 22       | 0       | -54.2828 | -54.2828 | -0.1988  | -600.0000 | 600.0000
47        | 23       | 0       | 4.8718   | 4.8718   | -0.8564  | -400.0000 | 200.0000
47        | 24       | 0       | -7.2749  | -7.2749  | 0.2441   | -20.0000 | 0.0000  
47        | 25       | 0       | 43.1221  | 43.1221  | -0.2066  | -600.0000 | 600.0000
47        | 26       | 0       | -106.9026 | -106.9026 | 0.9274   | -400.0000 | 200.0000
47        | 27       | 1       | -11.9623 | -14.0116 | -2.0493  | -20.0000 | 0.0000  
47        | 28       | 0       | 0.0000   | 0.0000   | 0.9022   | -600.0000 | 600.0000
47        | 29       | 0       | 0.0000   | 0.0000   | -5.2137  | -400.0000 | 200.0000
47        | 30       | 0       | 0.0000   | 0.0000   | -0.2128  | -20.0000 | 0.0000  

48        | 1        | 0       | 0.0000   | 0.0000   | 1.5876   | -600.0000 | 600.0000
48        | 2        | 0       | 0.0000   | 0.0000   | 2.4274   | -400.0000 | 200.0000
48        | 3        | 0       | 0.0000   | 0.0000   | 1.0708   | -20.0000 | 0.0000  
48        | 4        | 1       | 0.4313   | 1.7687   | 1.3374   | -600.0000 | 600.0000
48        | 5        | 0       | 14.5415  | 14.5415  | -0.6906  | -400.0000 | 200.0000
48        | 6        | 0       | -6.0573  | -6.0573  | -4.1722  | -20.0000 | 0.0000  
48        | 7        | 0       | 180.2448 | 180.2448 | -1.5124  | -600.0000 | 600.0000
48        | 8        | 0       | -234.8271 | -234.8271 | -0.5980  | -400.0000 | 200.0000
48        | 9        | 0       | -16.8759 | -16.8759 | -1.5196  | -20.0000 | 0.0000  
48        | 10       | 0       | 163.1284 | 163.1284 | -1.2623  | -600.0000 | 600.0000
48        | 11       | 0       | -40.4187 | -40.4187 | -0.7274  | -400.0000 | 200.0000
48        | 12       | 0       | -16.4129 | -16.4129 | -0.8996  | -20.0000 | 0.0000  
48        | 13       | 1       | 246.1670 | 246.2091 | 0.0421   | -600.0000 | 600.0000
48        | 14       | 0       | -126.8968 | -126.8968 | -4.2858  | -400.0000 | 200.0000
48        | 15       | 1       | -6.6448  | -7.1272  | -0.4824  | -20.0000 | 0.0000  
48        | 16       | 1       | 409.1641 | 407.2059 | -1.9582  | -600.0000 | 600.0000
48        | 17       | 0       | -298.1629 | -298.1629 | 1.7069   | -400.0000 | 200.0000
48        | 18       | 0       | -19.6171 | -19.6171 | 1.2938   | -20.0000 | 0.0000  
48        | 19       | 1       | -315.3278 | -311.4927 | 3.8352   | -600.0000 | 600.0000
48        | 20       | 0       | -338.9305 | -338.9305 | 1.0524   | -400.0000 | 200.0000
48        | 21       | 0       | -16.9428 | -16.9428 | 1.4825   | -20.0000 | 0.0000  
48        | 22       | 0       | 407.7627 | 407.7627 | 3.4681   | -600.0000 | 600.0000
48        | 23       | 0       | -169.7002 | -169.7002 | 1.6040   | -400.0000 | 200.0000
48        | 24       | 0       | -8.5626  | -8.5626  | -0.6109  | -20.0000 | 0.0000  
48        | 25       | 1       | -42.9138 | -44.8255 | -1.9117  | -600.0000 | 600.0000
48        | 26       | 1       | 36.5068  | 38.9416  | 2.4348   | -400.0000 | 200.0000
48        | 27       | 0       | -6.8654  | -6.8654  | 0.3538   | -20.0000 | 0.0000  
48        | 28       | 0       | 0.0000   | 0.0000   | -2.9817  | -600.0000 | 600.0000
48        | 29       | 0       | 0.0000   | 0.0000   | 1.1775   | -400.0000 | 200.0000
48        | 30       | 0       | 0.0000   | 0.0000   | 2.4144   | -20.0000 | 0.0000  

49        | 1        | 0       | 0.0000   | 0.0000   | -2.7813  | -600.0000 | 600.0000
49        | 2        | 0       | 0.0000   | 0.0000   | 2.7919   | -400.0000 | 200.0000
49        | 3        | 0       | 0.0000   | 0.0000   | -1.4444  | -20.0000 | 0.0000  
49        | 4        | 0       | 351.3097 | 351.3097 | -1.8715  | -600.0000 | 600.0000
49        | 5        | 0       | -358.5725 | -358.5725 | -3.6099  | -400.0000 | 200.0000
49        | 6        | 0       | -10.5149 | -10.5149 | -0.5456  | -20.0000 | 0.0000  
49        | 7        | 1       | 72.8140  | 70.0474  | -2.7666  | -600.0000 | 600.0000
49        | 8        | 0       | -22.9441 | -22.9441 | 3.2858   | -400.0000 | 200.0000
49        | 9        | 0       | -6.2274  | -6.2274  | 4.0180   | -20.0000 | 0.0000  
49        | 10       | 1       | -525.8298 | -525.9242 | -0.0944  | -600.0000 | 600.0000
49        | 11       | 1       | -342.7792 | -344.1187 | -1.3395  | -400.0000 | 200.0000
49        | 12       | 0       | -15.7229 | -15.7229 | 0.3735   | -20.0000 | 0.0000  
49        | 13       | 0       | 114.2554 | 114.2554 | 2.1779   | -600.0000 | 600.0000
49        | 14       | 0       | -309.7166 | -309.7166 | 1.8476   | -400.0000 | 200.0000
49        | 15       | 1       | -1.9637  | -1.0552  | 0.9085   | -20.0000 | 0.0000  
49        | 16       | 1       | -63.9426 | -62.6936 | 1.2490   | -600.0000 | 600.0000
49        | 17       | 1       | -99.0892 | -97.4255 | 1.6637   | -400.0000 | 200.0000
49        | 18       | 0       | -15.0377 | -15.0377 | -0.4422  | -20.0000 | 0.0000  
49        | 19       | 0       | -80.6208 | -80.6208 | 3.7226   | -600.0000 | 600.0000
49        | 20       | 1       | -373.6600 | -375.3956 | -1.7355  | -400.0000 | 200.0000
49        | 21       | 1       | -16.6850 | -16.3604 | 0.3246   | -20.0000 | 0.0000  
49        | 22       | 1       | 304.6417 | 304.3989 | -0.2428  | -600.0000 | 600.0000
49        | 23       | 0       | -55.2103 | -55.2103 | 1.2855   | -400.0000 | 200.0000
49        | 24       | 0       | -1.9128  | -1.9128  | -1.9263  | -20.0000 | 0.0000  
49        | 25       | 1       | -42.9138 | -40.8054 | 2.1084   | -600.0000 | 600.0000
49        | 26       | 1       | 36.5068  | 34.0535  | -2.4533  | -400.0000 | 200.0000
49        | 27       | 0       | -6.8654  | -6.8654  | -1.9251  | -20.0000 | 0.0000  
49        | 28       | 0       | 0.0000   | 0.0000   | 1.0183   | -600.0000 | 600.0000
49        | 29       | 0       | 0.0000   | 0.0000   | -1.5505  | -400.0000 | 200.0000
49        | 30       | 0       | 0.0000   | 0.0000   | 1.5002   | -20.0000 | 0.0000  

50        | 1        | 0       | 0.0000   | 0.0000   | -0.4995  | -600.0000 | 600.0000
50        | 2        | 0       | 0.0000   | 0.0000   | -3.7641  | -400.0000 | 200.0000
50        | 3        | 0       | 0.0000   | 0.0000   | 2.8366   | -20.0000 | 0.0000  
50        | 4        | 0       | 136.6706 | 136.6706 | -3.1467  | -600.0000 | 600.0000
50        | 5        | 0       | 124.2192 | 124.2192 | 1.5838   | -400.0000 | 200.0000
50        | 6        | 1       | -5.5205  | -4.7437  | 0.7769   | -20.0000 | 0.0000  
50        | 7        | 0       | 30.1961  | 30.1961  | 2.5045   | -600.0000 | 600.0000
50        | 8        | 0       | 26.3430  | 26.3430  | -0.4138  | -400.0000 | 200.0000
50        | 9        | 0       | -20.0000 | -20.0000 | -2.0183  | -20.0000 | 0.0000  
50        | 10       | 0       | 80.7614  | 80.7614  | -2.9109  | -600.0000 | 600.0000
50        | 11       | 0       | -246.0623 | -246.0623 | -1.9717  | -400.0000 | 200.0000
50        | 12       | 0       | -0.7415  | -0.7415  | 0.2090   | -20.0000 | 0.0000  
50        | 13       | 1       | -28.7395 | -30.7964 | -2.0569  | -600.0000 | 600.0000
50        | 14       | 1       | -2.9306  | -2.2559  | 0.6747   | -400.0000 | 200.0000
50        | 15       | 0       | -1.2634  | -1.2634  | 5.4194   | -20.0000 | 0.0000  
50        | 16       | 0       | 280.4501 | 280.4501 | -0.9586  | -600.0000 | 600.0000
50        | 17       | 0       | -272.3401 | -272.3401 | 3.9021   | -400.0000 | 200.0000
50        | 18       | 0       | -18.7515 | -18.7515 | 2.5043   | -20.0000 | 0.0000  
50        | 19       | 1       | 200.3664 | 200.5863 | 0.2199   | -600.0000 | 600.0000
50        | 20       | 1       | -124.1707 | -123.1031 | 1.0676   | -400.0000 | 200.0000
50        | 21       | 1       | -10.3292 | -8.8171  | 1.5121   | -20.0000 | 0.0000  
50        | 22       | 0       | -153.7501 | -153.7501 | 0.6906   | -600.0000 | 600.0000
50        | 23       | 1       | -360.4488 | -361.0830 | -0.6342  | -400.0000 | 200.0000
50        | 24       | 0       | -12.6085 | -12.6085 | -1.7571  | -20.0000 | 0.0000  
50        | 25       | 0       | -42.9138 | -42.9138 | 1.1286   | -600.0000 | 600.0000
50        | 26       | 1       | 36.5068  | 34.8111  | -1.6957  | -400.0000 | 200.0000
50        | 27       | 0       | -9.1307  | -9.1307  | -0.1318  | -20.0000 | 0.0000  
50        | 28       | 0       | 0.0000   | 0.0000   | 0.2280   | -600.0000 | 600.0000
50        | 29       | 0       | 0.0000   | 0.0000   | -1.3030  | -400.0000 | 200.0000
50        | 30       | 0       | 0.0000   | 0.0000   | -0.7034  | -20.0000 | 0.0000  

51        | 1        | 0       | 0.0000   | 0.0000   | -2.2944  | -600.0000 | 600.0000
51        | 2        | 0       | 0.0000   | 0.0000   | -1.0148  | -400.0000 | 200.0000
51        | 3        | 0       | 0.0000   | 0.0000   | 2.0652   | -20.0000 | 0.0000  
51        | 4        | 1       | 0.4313   | -2.6244  | -3.0558  | -600.0000 | 600.0000
51        | 5        | 0       | 13.4422  | 13.4422  | -1.5778  | -400.0000 | 200.0000
51        | 6        | 1       | -6.0573  | -6.4850  | -0.4277  | -20.0000 | 0.0000  
51        | 7        | 0       | 178.3667 | 178.3667 | -0.2090  | -600.0000 | 600.0000
51        | 8        | 0       | -232.8587 | -232.8587 | -2.6268  | -400.0000 | 200.0000
51        | 9        | 0       | -20.0000 | -20.0000 | -1.7388  | -20.0000 | 0.0000  
51        | 10       | 0       | 163.1284 | 163.1284 | 0.6093   | -600.0000 | 600.0000
51        | 11       | 0       | -42.5940 | -42.5940 | -1.5669  | -400.0000 | 200.0000
51        | 12       | 0       | -18.3547 | -18.3547 | 2.6371   | -20.0000 | 0.0000  
51        | 13       | 0       | 247.7969 | 247.7969 | 0.8720   | -600.0000 | 600.0000
51        | 14       | 1       | -126.8968 | -130.7154 | -3.8186  | -400.0000 | 200.0000
51        | 15       | 0       | -7.5498  | -7.5498  | 0.3180   | -20.0000 | 0.0000  
51        | 16       | 0       | 407.4138 | 407.4138 | -1.5972  | -600.0000 | 600.0000
51        | 17       | 1       | -297.9748 | -295.3195 | 2.6553   | -400.0000 | 200.0000
51        | 18       | 1       | -19.6171 | -20.0000 | -2.2637  | -20.0000 | 0.0000  
51        | 19       | 0       | 334.5670 | 334.5670 | 0.4248   | -600.0000 | 600.0000
51        | 20       | 0       | -35.7286 | -35.7286 | -2.6074  | -400.0000 | 200.0000
51        | 21       | 1       | -6.0072  | -3.6892  | 2.3180   | -20.0000 | 0.0000  
51        | 22       | 0       | 407.7406 | 407.7406 | -0.7818  | -600.0000 | 600.0000
51        | 23       | 0       | 81.3714  | 81.3714  | 1.4305   | -400.0000 | 200.0000
51        | 24       | 1       | -0.7816  | -1.1394  | -0.3578  | -20.0000 | 0.0000  
51        | 25       | 0       | 43.1968  | 43.1968  | 1.2487   | -600.0000 | 600.0000
51        | 26       | 0       | -106.6110 | -106.6110 | 0.5470   | -400.0000 | 200.0000
51        | 27       | 0       | -11.9623 | -11.9623 | -0.3486  | -20.0000 | 0.0000  
51        | 28       | 0       | 0.0000   | 0.0000   | -2.1199  | -600.0000 | 600.0000
51        | 29       | 0       | 0.0000   | 0.0000   | -0.1587  | -400.0000 | 200.0000
51        | 30       | 0       | 0.0000   | 0.0000   | -1.4260  | -20.0000 | 0.0000  

52        | 1        | 0       | 0.0000   | 0.0000   | -1.9293  | -600.0000 | 600.0000
52        | 2        | 0       | 0.0000   | 0.0000   | -0.7249  | -400.0000 | 200.0000
52        | 3        | 0       | 0.0000   | 0.0000   | 1.0757   | -20.0000 | 0.0000  
52        | 4        | 0       | 62.2882  | 62.2882  | 1.4450   | -600.0000 | 600.0000
52        | 5        | 0       | -63.4372 | -63.4372 | -2.2538  | -400.0000 | 200.0000
52        | 6        | 1       | -2.4669  | -0.1283  | 2.3387   | -20.0000 | 0.0000  
52        | 7        | 0       | -115.8206 | -115.8206 | -1.9291  | -600.0000 | 600.0000
52        | 8        | 0       | -319.5909 | -319.5909 | 0.7426   | -400.0000 | 200.0000
52        | 9        | 1       | -19.4243 | -20.0000 | -0.6375  | -20.0000 | 0.0000  
52        | 10       | 0       | 306.1647 | 306.1647 | 0.6814   | -600.0000 | 600.0000
52        | 11       | 0       | -27.8143 | -27.8143 | -2.8089  | -400.0000 | 200.0000
52        | 12       | 0       | -5.9184  | -5.9184  | -0.4662  | -20.0000 | 0.0000  
52        | 13       | 1       | -344.4430 | -344.0486 | 0.3944   | -600.0000 | 600.0000
52        | 14       | 0       | -318.1771 | -318.1771 | 2.3621   | -400.0000 | 200.0000
52        | 15       | 1       | -19.7091 | -18.0010 | 1.7081   | -20.0000 | 0.0000  
52        | 16       | 0       | -179.2949 | -179.2949 | -1.0739  | -600.0000 | 600.0000
52        | 17       | 0       | -46.0494 | -46.0494 | -2.1543  | -400.0000 | 200.0000
52        | 18       | 0       | -12.1551 | -12.1551 | 0.1343   | -20.0000 | 0.0000  
52        | 19       | 0       | -75.0301 | -75.0301 | 1.4781   | -600.0000 | 600.0000
52        | 20       | 0       | 142.4952 | 142.4952 | -2.3582  | -400.0000 | 200.0000
52        | 21       | 0       | -13.0349 | -13.0349 | -0.9306  | -20.0000 | 0.0000  
52        | 22       | 0       | 16.7874  | 16.7874  | 0.0665   | -600.0000 | 600.0000
52        | 23       | 0       | 70.1918  | 70.1918  | -0.1559  | -400.0000 | 200.0000
52        | 24       | 0       | -12.0691 | -12.0691 | 0.3737   | -20.0000 | 0.0000  
52        | 25       | 0       | -42.9138 | -42.9138 | -0.4768  | -600.0000 | 600.0000
52        | 26       | 0       | 36.5068  | 36.5068  | -0.2520  | -400.0000 | 200.0000
52        | 27       | 0       | -6.8654  | -6.8654  | 0.0251   | -20.0000 | 0.0000  
52        | 28       | 0       | 0.0000   | 0.0000   | 3.1624   | -600.0000 | 600.0000
52        | 29       | 0       | 0.0000   | 0.0000   | -4.1434  | -400.0000 | 200.0000
52        | 30       | 0       | 0.0000   | 0.0000   | 0.4963   | -20.0000 | 0.0000  

53        | 1        | 0       | 0.0000   | 0.0000   | -2.1029  | -600.0000 | 600.0000
53        | 2        | 0       | 0.0000   | 0.0000   | 1.8596   | -400.0000 | 200.0000
53        | 3        | 0       | 0.0000   | 0.0000   | -2.2670  | -20.0000 | 0.0000  
53        | 4        | 1       | -101.0699 | -97.8969 | 3.1730   | -600.0000 | 600.0000
53        | 5        | 1       | -142.6334 | -140.7911 | 1.8423   | -400.0000 | 200.0000
53        | 6        | 1       | -9.1819  | -7.8210  | 1.3609   | -20.0000 | 0.0000  
53        | 7        | 0       | 235.7158 | 235.7158 | 2.1119   | -600.0000 | 600.0000
53        | 8        | 1       | 21.2877  | 23.0323  | 1.7446   | -400.0000 | 200.0000
53        | 9        | 0       | -16.5661 | -16.5661 | 0.6581   | -20.0000 | 0.0000  
53        | 10       | 0       | -525.8298 | -525.8298 | 1.2385   | -600.0000 | 600.0000
53        | 11       | 0       | -342.7792 | -342.7792 | -3.4720  | -400.0000 | 200.0000
53        | 12       | 1       | -15.7229 | -14.8342 | 0.8887   | -20.0000 | 0.0000  
53        | 13       | 0       | 114.2554 | 114.2554 | 0.3179   | -600.0000 | 600.0000
53        | 14       | 1       | -309.7166 | -306.9361 | 2.7806   | -400.0000 | 200.0000
53        | 15       | 0       | -1.9637  | -1.9637  | 1.6513   | -20.0000 | 0.0000  
53        | 16       | 0       | -63.9426 | -63.9426 | -1.2498  | -600.0000 | 600.0000
53        | 17       | 0       | -99.0892 | -99.0892 | 4.2633   | -400.0000 | 200.0000
53        | 18       | 0       | -15.0377 | -15.0377 | 1.6250   | -20.0000 | 0.0000  
53        | 19       | 0       | -80.6208 | -80.6208 | -0.8060  | -600.0000 | 600.0000
53        | 20       | 0       | -373.6600 | -373.6600 | -2.8368  | -400.0000 | 200.0000
53        | 21       | 0       | -16.6850 | -16.6850 | -0.2071  | -20.0000 | 0.0000  
53        | 22       | 0       | 304.6417 | 304.6417 | 1.4587   | -600.0000 | 600.0000
53        | 23       | 0       | -55.2103 | -55.2103 | -0.7253  | -400.0000 | 200.0000
53        | 24       | 0       | -1.9128  | -1.9128  | -2.0952  | -20.0000 | 0.0000  
53        | 25       | 0       | 190.5400 | 190.5400 | 5.4227   | -600.0000 | 600.0000
53        | 26       | 0       | 15.1426  | 15.1426  | -4.1235  | -400.0000 | 200.0000
53        | 27       | 0       | -4.0799  | -4.0799  | 0.7376   | -20.0000 | 0.0000  
53        | 28       | 0       | 0.0000   | 0.0000   | -2.6879  | -600.0000 | 600.0000
53        | 29       | 0       | 0.0000   | 0.0000   | 1.0607   | -400.0000 | 200.0000
53        | 30       | 0       | 0.0000   | 0.0000   | 3.6409   | -20.0000 | 0.0000  

54        | 1        | 0       | 0.0000   | 0.0000   | -1.7922  | -600.0000 | 600.0000
54        | 2        | 0       | 0.0000   | 0.0000   | 1.5114   | -400.0000 | 200.0000
54        | 3        | 0       | 0.0000   | 0.0000   | 1.8068   | -20.0000 | 0.0000  
54        | 4        | 0       | 320.6259 | 320.6259 | 0.5241   | -600.0000 | 600.0000
54        | 5        | 1       | -158.8415 | -158.6853 | 0.1561   | -400.0000 | 200.0000
54        | 6        | 1       | -10.4025 | -9.6240  | 0.7785   | -20.0000 | 0.0000  
54        | 7        | 0       | 44.5279  | 44.5279  | 0.3542   | -600.0000 | 600.0000
54        | 8        | 1       | -47.8953 | -46.1644 | 1.7309   | -400.0000 | 200.0000
54        | 9        | 0       | -5.0912  | -5.0912  | -0.7937  | -20.0000 | 0.0000  
54        | 10       | 0       | 272.0052 | 272.0052 | -1.1428  | -600.0000 | 600.0000
54        | 11       | 0       | -217.1493 | -217.1493 | -2.6341  | -400.0000 | 200.0000
54        | 12       | 0       | -3.4121  | -3.4121  | -2.2655  | -20.0000 | 0.0000  
54        | 13       | 0       | 252.5570 | 252.5570 | -0.7709  | -600.0000 | 600.0000
54        | 14       | 0       | -126.7421 | -126.7421 | 2.8778   | -400.0000 | 200.0000
54        | 15       | 0       | -7.5498  | -7.5498  | -3.0637  | -20.0000 | 0.0000  
54        | 16       | 0       | 405.4116 | 405.4116 | 0.4760   | -600.0000 | 600.0000
54        | 17       | 1       | -297.9748 | -299.5594 | -1.5847  | -400.0000 | 200.0000
54        | 18       | 0       | -16.2237 | -16.2237 | -1.3523  | -20.0000 | 0.0000  
54        | 19       | 0       | 330.8214 | 330.8214 | 2.4832   | -600.0000 | 600.0000
54        | 20       | 0       | -35.7286 | -35.7286 | -1.1117  | -400.0000 | 200.0000
54        | 21       | 1       | -7.5937  | -9.9521  | -2.3585  | -20.0000 | 0.0000  
54        | 22       | 0       | 404.6816 | 404.6816 | 0.9515   | -600.0000 | 600.0000
54        | 23       | 0       | 81.4545  | 81.4545  | 0.6297   | -400.0000 | 200.0000
54        | 24       | 1       | -1.1203  | 0.0000   | 1.3476   | -20.0000 | 0.0000  
54        | 25       | 0       | -42.9138 | -42.9138 | -0.0006  | -600.0000 | 600.0000
54        | 26       | 0       | 36.5068  | 36.5068  | 0.9194   | -400.0000 | 200.0000
54        | 27       | 1       | -6.8654  | -5.9940  | 0.8714   | -20.0000 | 0.0000  
54        | 28       | 0       | 0.0000   | 0.0000   | 0.7416   | -600.0000 | 600.0000
54        | 29       | 0       | 0.0000   | 0.0000   | -2.7937  | -400.0000 | 200.0000
54        | 30       | 0       | 0.0000   | 0.0000   | -2.0643  | -20.0000 | 0.0000  

55        | 1        | 0       | 0.0000   | 0.0000   | -1.5964  | -600.0000 | 600.0000
55        | 2        | 0       | 0.0000   | 0.0000   | 1.1923   | -400.0000 | 200.0000
55        | 3        | 0       | 0.0000   | 0.0000   | 1.2173   | -20.0000 | 0.0000  
55        | 4        | 1       | 0.4313   | -1.1000  | -1.5314  | -600.0000 | 600.0000
55        | 5        | 0       | 14.5304  | 14.5304  | 0.3438   | -400.0000 | 200.0000
55        | 6        | 0       | -5.2910  | -5.2910  | 1.4441   | -20.0000 | 0.0000  
55        | 7        | 0       | 176.9190 | 176.9190 | 0.0857   | -600.0000 | 600.0000
55        | 8        | 1       | -232.7184 | -230.9549 | 1.7635   | -400.0000 | 200.0000
55        | 9        | 0       | -19.8934 | -19.8934 | -1.7913  | -20.0000 | 0.0000  
55        | 10       | 1       | 163.1284 | 164.3898 | 1.2615   | -600.0000 | 600.0000
55        | 11       | 0       | -40.4187 | -40.4187 | -1.1520  | -400.0000 | 200.0000
55        | 12       | 0       | -18.1214 | -18.1214 | -0.2758  | -20.0000 | 0.0000  
55        | 13       | 0       | 246.1670 | 246.1670 | 0.9322   | -600.0000 | 600.0000
55        | 14       | 0       | -126.8968 | -126.8968 | 3.5240   | -400.0000 | 200.0000
55        | 15       | 1       | -9.8403  | -9.3365  | 0.5038   | -20.0000 | 0.0000  
55        | 16       | 0       | 404.8405 | 404.8405 | -1.6047  | -600.0000 | 600.0000
55        | 17       | 0       | -298.1629 | -298.1629 | 0.1659   | -400.0000 | 200.0000
55        | 18       | 0       | -19.6171 | -19.6171 | 1.2189   | -20.0000 | 0.0000  
55        | 19       | 1       | 334.9231 | 334.6489 | -0.2742  | -600.0000 | 600.0000
55        | 20       | 0       | -30.8630 | -30.8630 | 1.0679   | -400.0000 | 200.0000
55        | 21       | 0       | -2.5767  | -2.5767  | -2.1097  | -20.0000 | 0.0000  
55        | 22       | 0       | 405.0070 | 405.0070 | 1.9400   | -600.0000 | 600.0000
55        | 23       | 0       | 80.2230  | 80.2230  | -1.0515  | -400.0000 | 200.0000
55        | 24       | 0       | -0.7816  | -0.7816  | -0.4933  | -20.0000 | 0.0000  
55        | 25       | 1       | 280.1252 | 279.5145 | -0.6107  | -600.0000 | 600.0000
55        | 26       | 0       | -176.6960 | -176.6960 | -1.3445  | -400.0000 | 200.0000
55        | 27       | 0       | -3.8174  | -3.8174  | 2.5016   | -20.0000 | 0.0000  
55        | 28       | 0       | 0.0000   | 0.0000   | -1.1074  | -600.0000 | 600.0000
55        | 29       | 0       | 0.0000   | 0.0000   | 0.1602   | -400.0000 | 200.0000
55        | 30       | 0       | 0.0000   | 0.0000   | -0.1835  | -20.0000 | 0.0000  

56        | 1        | 0       | 0.0000   | 0.0000   | 0.0541   | -600.0000 | 600.0000
56        | 2        | 0       | 0.0000   | 0.0000   | 0.8779   | -400.0000 | 200.0000
56        | 3        | 0       | 0.0000   | 0.0000   | 2.2048   | -20.0000 | 0.0000  
56        | 4        | 0       | 320.6259 | 320.6259 | 0.5845   | -600.0000 | 600.0000
56        | 5        | 0       | -158.8415 | -158.8415 | -0.8177  | -400.0000 | 200.0000
56        | 6        | 0       | -10.4025 | -10.4025 | -1.1273  | -20.0000 | 0.0000  
56        | 7        | 1       | 47.2096  | 50.0441  | 2.8345   | -600.0000 | 600.0000
56        | 8        | 0       | -47.8953 | -47.8953 | -7.0588  | -400.0000 | 200.0000
56        | 9        | 0       | -5.0912  | -5.0912  | -1.7009  | -20.0000 | 0.0000  
56        | 10       | 1       | 272.0052 | 265.7213 | -6.2839  | -600.0000 | 600.0000
56        | 11       | 0       | -215.6694 | -215.6694 | 1.8731   | -400.0000 | 200.0000
56        | 12       | 0       | -3.4121  | -3.4121  | 1.3950   | -20.0000 | 0.0000  
56        | 13       | 0       | -262.1746 | -262.1746 | 4.5943   | -600.0000 | 600.0000
56        | 14       | 0       | 125.3042 | 125.3042 | -0.6769  | -400.0000 | 200.0000
56        | 15       | 1       | -17.7484 | -20.0000 | -3.8090  | -20.0000 | 0.0000  
56        | 16       | 0       | -79.4049 | -79.4049 | 0.7079   | -600.0000 | 600.0000
56        | 17       | 1       | 200.0000 | 197.7527 | -2.2473  | -400.0000 | 200.0000
56        | 18       | 0       | -8.8188  | -8.8188  | -2.1059  | -20.0000 | 0.0000  
56        | 19       | 1       | -214.6054 | -216.7367 | -2.1313  | -600.0000 | 600.0000
56        | 20       | 0       | -270.2324 | -270.2324 | 0.5049   | -400.0000 | 200.0000
56        | 21       | 1       | -12.9896 | -11.4407 | 1.5489   | -20.0000 | 0.0000  
56        | 22       | 1       | -152.9601 | -154.5896 | -1.6296  | -600.0000 | 600.0000
56        | 23       | 0       | -356.7106 | -356.7106 | -0.0521  | -400.0000 | 200.0000
56        | 24       | 1       | -12.6085 | -12.9997 | -0.3912  | -20.0000 | 0.0000  
56        | 25       | 0       | -42.9138 | -42.9138 | 1.1324   | -600.0000 | 600.0000
56        | 26       | 1       | 35.2683  | 33.0538  | -2.2145  | -400.0000 | 200.0000
56        | 27       | 0       | -7.5202  | -7.5202  | -1.7092  | -20.0000 | 0.0000  
56        | 28       | 0       | 0.0000   | 0.0000   | -2.3345  | -600.0000 | 600.0000
56        | 29       | 0       | 0.0000   | 0.0000   | -3.0650  | -400.0000 | 200.0000
56        | 30       | 0       | 0.0000   | 0.0000   | 1.6073   | -20.0000 | 0.0000  

57        | 1        | 0       | 0.0000   | 0.0000   | 3.3097   | -600.0000 | 600.0000
57        | 2        | 0       | 0.0000   | 0.0000   | 0.6709   | -400.0000 | 200.0000
57        | 3        | 0       | 0.0000   | 0.0000   | 0.8558   | -20.0000 | 0.0000  
57        | 4        | 0       | 0.4313   | 0.4313   | -1.8589  | -600.0000 | 600.0000
57        | 5        | 1       | 16.4522  | 14.9678  | -1.4843  | -400.0000 | 200.0000
57        | 6        | 1       | -7.8113  | -7.3019  | 0.5094   | -20.0000 | 0.0000  
57        | 7        | 1       | 178.3667 | 182.8281 | 4.4614   | -600.0000 | 600.0000
57        | 8        | 1       | -236.8458 | -237.8696 | -1.0238  | -400.0000 | 200.0000
57        | 9        | 0       | -19.4851 | -19.4851 | -1.0998  | -20.0000 | 0.0000  
57        | 10       | 0       | 164.7548 | 164.7548 | -1.0406  | -600.0000 | 600.0000
57        | 11       | 1       | -41.1070 | -40.9148 | 0.1922   | -400.0000 | 200.0000
57        | 12       | 1       | -16.4129 | -15.7890 | 0.6239   | -20.0000 | 0.0000  
57        | 13       | 1       | 247.7969 | 249.5520 | 1.7551   | -600.0000 | 600.0000
57        | 14       | 0       | -131.8581 | -131.8581 | 0.7337   | -400.0000 | 200.0000
57        | 15       | 1       | -8.5215  | -9.4123  | -0.8908  | -20.0000 | 0.0000  
57        | 16       | 1       | 407.4138 | 407.7254 | 0.3116   | -600.0000 | 600.0000
57        | 17       | 0       | -297.9748 | -297.9748 | -0.4896  | -400.0000 | 200.0000
57        | 18       | 0       | -19.6171 | -19.6171 | 0.8661   | -20.0000 | 0.0000  
57        | 19       | 1       | 336.2719 | 336.5414 | 0.2696   | -600.0000 | 600.0000
57        | 20       | 0       | -34.1815 | -34.1815 | -0.8667  | -400.0000 | 200.0000
57        | 21       | 1       | -6.0072  | -2.8965  | 3.1107   | -20.0000 | 0.0000  
57        | 22       | 1       | 405.7860 | 404.9584 | -0.8275  | -600.0000 | 600.0000
57        | 23       | 0       | 81.6866  | 81.6866  | 1.5490   | -400.0000 | 200.0000
57        | 24       | 0       | -1.1646  | -1.1646  | 2.1610   | -20.0000 | 0.0000  
57        | 25       | 1       | 41.1616  | 40.8618  | -0.2998  | -600.0000 | 600.0000
57        | 26       | 1       | -107.4139 | -108.3352 | -0.9213  | -400.0000 | 200.0000
57        | 27       | 0       | -11.9623 | -11.9623 | -2.2583  | -20.0000 | 0.0000  
57        | 28       | 0       | 0.0000   | 0.0000   | 1.6653   | -600.0000 | 600.0000
57        | 29       | 0       | 0.0000   | 0.0000   | 2.8606   | -400.0000 | 200.0000
57        | 30       | 0       | 0.0000   | 0.0000   | 0.5087   | -20.0000 | 0.0000  

58        | 1        | 0       | 0.0000   | 0.0000   | 2.0133   | -600.0000 | 600.0000
58        | 2        | 0       | 0.0000   | 0.0000   | 1.5448   | -400.0000 | 200.0000
58        | 3        | 0       | 0.0000   | 0.0000   | -3.1390  | -20.0000 | 0.0000  
58        | 4        | 0       | -250.7774 | -250.7774 | -0.8636  | -600.0000 | 600.0000
58        | 5        | 0       | 147.1332 | 147.1332 | -0.7621  | -400.0000 | 200.0000
58        | 6        | 0       | -4.9208  | -4.9208  | 0.6108   | -20.0000 | 0.0000  
58        | 7        | 0       | 364.1220 | 364.1220 | -0.8860  | -600.0000 | 600.0000
58        | 8        | 0       | -390.0016 | -390.0016 | 0.7233   | -400.0000 | 200.0000
58        | 9        | 0       | -5.0340  | -5.0340  | 0.1385   | -20.0000 | 0.0000  
58        | 10       | 1       | 272.0052 | 271.6766 | -0.3286  | -600.0000 | 600.0000
58        | 11       | 1       | -217.1493 | -215.0016 | 2.1477   | -400.0000 | 200.0000
58        | 12       | 0       | -2.1240  | 0.0000   | 375.3484 | -20.0000 | 0.0000  
58        | 13       | 0       | 503.8267 | 503.8267 | -0.8343  | -600.0000 | 600.0000
58        | 14       | 0       | -192.1924 | -192.1924 | 0.8993   | -400.0000 | 200.0000
58        | 15       | 1       | -13.0609 | -20.0000 | -25.8576 | -20.0000 | 0.0000  
58        | 16       | 0       | -79.8333 | 212.8336 | 292.6669 | -600.0000 | 600.0000
58        | 17       | 0       | 198.3094 | 198.3094 | -0.0574  | -400.0000 | 200.0000
58        | 18       | 0       | -8.8188  | -8.8188  | -0.9205  | -20.0000 | 0.0000  
58        | 19       | 0       | 200.6548 | 200.6548 | -0.5596  | -600.0000 | 600.0000
58        | 20       | 0       | 66.2296  | 66.2296  | 0.1382   | -400.0000 | 200.0000
58        | 21       | 0       | -2.7559  | -2.7559  | -1.1676  | -20.0000 | 0.0000  
58        | 22       | 0       | -153.4597 | -153.4597 | -2.9206  | -600.0000 | 600.0000
58        | 23       | 0       | -358.7718 | -358.7718 | -1.8350  | -400.0000 | 200.0000
58        | 24       | 1       | -10.5307 | -10.4602 | 0.0705   | -20.0000 | 0.0000  
58        | 25       | 0       | -42.9618 | -42.9618 | 1.3250   | -600.0000 | 600.0000
58        | 26       | 0       | 36.7541  | 36.7541  | -0.6656  | -400.0000 | 200.0000
58        | 27       | 0       | -5.8121  | -5.8121  | -1.6291  | -20.0000 | 0.0000  
58        | 28       | 0       | 0.0000   | 0.0000   | -0.4077  | -600.0000 | 600.0000
58        | 29       | 0       | 0.0000   | 0.0000   | -0.2065  | -400.0000 | 200.0000
58        | 30       | 0       | 0.0000   | 0.0000   | 0.1997   | -20.0000 | 0.0000  

59        | 1        | 0       | 0.0000   | 0.0000   | 1.5391   | -600.0000 | 600.0000
59        | 2        | 0       | 0.0000   | 0.0000   | 1.8522   | -400.0000 | 200.0000
59        | 3        | 0       | 0.0000   | 0.0000   | -1.0616  | -20.0000 | 0.0000  
59        | 4        | 1       | 0.4313   | 4.4398   | 4.0085   | -600.0000 | 600.0000
59        | 5        | 0       | 13.4422  | 13.4422  | 3.1990   | -400.0000 | 200.0000
59        | 6        | 0       | -6.0573  | -6.0573  | 3.7702   | -20.0000 | 0.0000  
59        | 7        | 0       | 178.3667 | 178.3667 | -2.4655  | -600.0000 | 600.0000
59        | 8        | 0       | -232.8587 | -232.8587 | 0.0159   | -400.0000 | 200.0000
59        | 9        | 0       | -20.0000 | -20.0000 | 2.2751   | -20.0000 | 0.0000  
59        | 10       | 0       | 163.1284 | 163.1284 | 0.4025   | -600.0000 | 600.0000
59        | 11       | 1       | -42.5940 | -43.0200 | -0.4260  | -400.0000 | 200.0000
59        | 12       | 0       | -18.3547 | -18.3547 | 1.0302   | -20.0000 | 0.0000  
59        | 13       | 1       | 252.5570 | 252.8483 | 0.2913   | -600.0000 | 600.0000
59        | 14       | 1       | -126.8968 | -129.3653 | -2.4685  | -400.0000 | 200.0000
59        | 15       | 1       | -7.5498  | -8.6772  | -1.1274  | -20.0000 | 0.0000  
59        | 16       | 0       | -539.5294 | -539.5294 | 0.7292   | -600.0000 | 600.0000
59        | 17       | 0       | -81.1872 | -81.1872 | 0.1149   | -400.0000 | 200.0000
59        | 18       | 0       | -2.6739  | -2.6739  | -5.5140  | -20.0000 | 0.0000  
59        | 19       | 1       | 330.8214 | 328.5378 | -2.2837  | -600.0000 | 600.0000
59        | 20       | 0       | -35.7286 | -35.7286 | 2.3325   | -400.0000 | 200.0000
59        | 21       | 0       | -7.5937  | -7.5937  | -1.3746  | -20.0000 | 0.0000  
59        | 22       | 0       | 404.6816 | 404.6816 | 3.5686   | -600.0000 | 600.0000
59        | 23       | 1       | 81.3714  | 83.8353  | 2.4639   | -400.0000 | 200.0000
59        | 24       | 1       | -1.4797  | -0.6582  | 0.8214   | -20.0000 | 0.0000  
59        | 25       | 1       | 43.1968  | 43.2822  | 0.0853   | -600.0000 | 600.0000
59        | 26       | 1       | -106.6110 | -105.8310 | 0.7799   | -400.0000 | 200.0000
59        | 27       | 0       | -11.9623 | -11.9623 | 2.1027   | -20.0000 | 0.0000  
59        | 28       | 0       | 0.0000   | 0.0000   | -3.7427  | -600.0000 | 600.0000
59        | 29       | 0       | 0.0000   | 0.0000   | -2.1481  | -400.0000 | 200.0000
59        | 30       | 0       | 0.0000   | 0.0000   | 1.9921   | -20.0000 | 0.0000  

60        | 1        | 0       | 0.0000   | 0.0000   | -0.9413  | -600.0000 | 600.0000
60        | 2        | 0       | 0.0000   | 0.0000   | 1.2557   | -400.0000 | 200.0000
60        | 3        | 0       | 0.0000   | 0.0000   | 0.4599   | -20.0000 | 0.0000  
60        | 4        | 0       | 141.8617 | 141.8617 | -2.9705  | -600.0000 | 600.0000
60        | 5        | 0       | -339.3264 | -339.3264 | 1.5231   | -400.0000 | 200.0000
60        | 6        | 0       | -18.3179 | -18.3179 | 0.0817   | -20.0000 | 0.0000  
60        | 7        | 1       | 184.9593 | 182.6659 | -2.2934  | -600.0000 | 600.0000
60        | 8        | 0       | 133.4768 | 133.4768 | 3.2858   | -400.0000 | 200.0000
60        | 9        | 0       | -8.4239  | -8.4239  | 0.9380   | -20.0000 | 0.0000  
60        | 10       | 0       | 158.8696 | 158.8696 | 3.5084   | -600.0000 | 600.0000
60        | 11       | 0       | -306.1140 | -306.1140 | -2.3392  | -400.0000 | 200.0000
60        | 12       | 0       | -10.5216 | -10.5216 | 1.0814   | -20.0000 | 0.0000  
60        | 13       | 0       | 259.6765 | 259.6765 | -4.2019  | -600.0000 | 600.0000
60        | 14       | 0       | -237.4344 | -237.4344 | -0.5261  | -400.0000 | 200.0000
60        | 15       | 1       | -15.9549 | -13.6978 | 2.2572   | -20.0000 | 0.0000  
60        | 16       | 1       | 92.6399  | 93.1405  | 0.5007   | -600.0000 | 600.0000
60        | 17       | 1       | -373.7566 | -375.2470 | -1.4905  | -400.0000 | 200.0000
60        | 18       | 0       | -17.7126 | -17.7126 | -3.6845  | -20.0000 | 0.0000  
60        | 19       | 0       | 70.3709  | 70.3709  | 2.0608   | -600.0000 | 600.0000
60        | 20       | 0       | -194.0996 | -194.0996 | -0.7628  | -400.0000 | 200.0000
60        | 21       | 0       | -4.3170  | -4.3170  | 0.5303   | -20.0000 | 0.0000  
60        | 22       | 0       | 182.7500 | 182.7500 | -3.1261  | -600.0000 | 600.0000
60        | 23       | 0       | 107.3626 | 107.3626 | 0.6167   | -400.0000 | 200.0000
60        | 24       | 1       | -6.1501  | -6.5406  | -0.3904  | -20.0000 | 0.0000  
60        | 25       | 0       | -84.0827 | -84.0827 | -0.8735  | -600.0000 | 600.0000
60        | 26       | 0       | 3.0946   | 3.0946   | -1.5629  | -400.0000 | 200.0000
60        | 27       | 1       | -16.2261 | -15.1682 | 1.0578   | -20.0000 | 0.0000  
60        | 28       | 0       | 0.0000   | 0.0000   | 2.0210   | -600.0000 | 600.0000
60        | 29       | 0       | 0.0000   | 0.0000   | -3.2005  | -400.0000 | 200.0000
60        | 30       | 0       | 0.0000   | 0.0000   | 0.1322   | -20.0000 | 0.0000  

61        | 1        | 0       | 0.0000   | 0.0000   | 0.2448   | -600.0000 | 600.0000
61        | 2        | 0       | 0.0000   | 0.0000   | 1.7627   | -400.0000 | 200.0000
61        | 3        | 0       | 0.0000   | 0.0000   | 2.7769   | -20.0000 | 0.0000  
61        | 4        | 0       | 141.8617 | 141.8617 | 3.9083   | -600.0000 | 600.0000
61        | 5        | 1       | -339.3264 | -340.4342 | -1.1078  | -400.0000 | 200.0000
61        | 6        | 0       | -20.0000 | -20.0000 | 4.6324   | -20.0000 | 0.0000  
61        | 7        | 1       | 241.1630 | 236.5200 | -4.6429  | -600.0000 | 600.0000
61        | 8        | 0       | -356.3422 | -356.3422 | 1.6742   | -400.0000 | 200.0000
61        | 9        | 0       | -3.5628  | -3.5628  | -2.3128  | -20.0000 | 0.0000  
61        | 10       | 0       | 252.9519 | 252.9519 | 1.2885   | -600.0000 | 600.0000
61        | 11       | 0       | -297.0015 | -297.0015 | -2.0405  | -400.0000 | 200.0000
61        | 12       | 0       | -0.8765  | -0.8765  | 1.9276   | -20.0000 | 0.0000  
61        | 13       | 0       | 102.1747 | 102.1747 | 0.5992   | -600.0000 | 600.0000
61        | 14       | 1       | 171.3331 | 169.4906 | -1.8425  | -400.0000 | 200.0000
61        | 15       | 0       | -19.1516 | -19.1516 | -0.9767  | -20.0000 | 0.0000  
61        | 16       | 0       | -49.8823 | -49.8823 | 2.3435   | -600.0000 | 600.0000
61        | 17       | 1       | 35.0036  | 35.9692  | 0.9656   | -400.0000 | 200.0000
61        | 18       | 0       | -6.5078  | -6.5078  | 0.0699   | -20.0000 | 0.0000  
61        | 19       | 0       | 200.6548 | 200.6548 | -1.6690  | -600.0000 | 600.0000
61        | 20       | 0       | 66.2296  | 66.2296  | -0.4621  | -400.0000 | 200.0000
61        | 21       | 1       | -2.6760  | 0.0000   | 2.6982   | -20.0000 | 0.0000  
61        | 22       | 0       | 332.5763 | 332.5763 | -1.7228  | -600.0000 | 600.0000
61        | 23       | 0       | -64.9575 | -64.9575 | 6.6541   | -400.0000 | 200.0000
61        | 24       | 0       | -11.5156 | -11.5156 | 1.7101   | -20.0000 | 0.0000  
61        | 25       | 0       | -42.9138 | -42.9138 | -0.5616  | -600.0000 | 600.0000
61        | 26       | 1       | 36.2904  | 35.6378  | -0.6526  | -400.0000 | 200.0000
61        | 27       | 1       | -10.7888 | -12.5481 | -1.7594  | -20.0000 | 0.0000  
61        | 28       | 0       | 0.0000   | 0.0000   | -1.2773  | -600.0000 | 600.0000
61        | 29       | 0       | 0.0000   | 0.0000   | 0.4068   | -400.0000 | 200.0000
61        | 30       | 0       | 0.0000   | 0.0000   | 4.2501   | -20.0000 | 0.0000  

62        | 1        | 0       | 0.0000   | 0.0000   | -2.0154  | -600.0000 | 600.0000
62        | 2        | 0       | 0.0000   | 0.0000   | 1.6866   | -400.0000 | 200.0000
62        | 3        | 0       | 0.0000   | 0.0000   | 1.2956   | -20.0000 | 0.0000  
62        | 4        | 0       | -1.8165  | -1.8165  | 0.5823   | -600.0000 | 600.0000
62        | 5        | 0       | 15.8437  | 15.8437  | 1.0118   | -400.0000 | 200.0000
62        | 6        | 1       | -6.0573  | -9.2736  | -3.2163  | -20.0000 | 0.0000  
62        | 7        | 0       | 178.3667 | 178.3667 | 3.6013   | -600.0000 | 600.0000
62        | 8        | 0       | -234.8271 | -234.8271 | -3.3438  | -400.0000 | 200.0000
62        | 9        | 1       | -16.8759 | -15.8108 | 1.0651   | -20.0000 | 0.0000  
62        | 10       | 1       | -85.5274 | -86.8351 | -1.3077  | -600.0000 | 600.0000
62        | 11       | 1       | -323.4518 | -325.9701 | -2.5183  | -400.0000 | 200.0000
62        | 12       | 0       | -14.3245 | -14.3245 | 0.7562   | -20.0000 | 0.0000  
62        | 13       | 0       | 246.1670 | 246.1670 | -3.2811  | -600.0000 | 600.0000
62        | 14       | 1       | -126.8968 | -128.5795 | -1.6827  | -400.0000 | 200.0000
62        | 15       | 0       | -6.6448  | -6.6448  | -2.9789  | -20.0000 | 0.0000  
62        | 16       | 0       | 407.4138 | 407.4138 | 3.5298   | -600.0000 | 600.0000
62        | 17       | 0       | -297.9748 | -297.9748 | -1.6832  | -400.0000 | 200.0000
62        | 18       | 0       | -19.6171 | -19.6171 | 2.9300   | -20.0000 | 0.0000  
62        | 19       | 1       | 334.5670 | 334.8040 | 0.2371   | -600.0000 | 600.0000
62        | 20       | 1       | -35.7286 | -35.3950 | 0.3336   | -400.0000 | 200.0000
62        | 21       | 0       | -6.0072  | -6.0072  | -3.2218  | -20.0000 | 0.0000  
62        | 22       | 0       | 407.7406 | 395.2647 | -12.4759 | -600.0000 | 600.0000
62        | 23       | 0       | 81.3714  | 81.3714  | 0.5876   | -400.0000 | 200.0000
62        | 24       | 0       | -0.7816  | -0.7816  | 1.1304   | -20.0000 | 0.0000  
62        | 25       | 0       | 43.1968  | 43.1968  | 1.0831   | -600.0000 | 600.0000
62        | 26       | 0       | -106.6110 | -106.6110 | 0.9573   | -400.0000 | 200.0000
62        | 27       | 0       | -11.9623 | -11.9623 | -2.6314  | -20.0000 | 0.0000  
62        | 28       | 0       | 0.0000   | 0.0000   | -3.7479  | -600.0000 | 600.0000
62        | 29       | 0       | 0.0000   | 0.0000   | -1.1718  | -400.0000 | 200.0000
62        | 30       | 0       | 0.0000   | 0.0000   | -0.5595  | -20.0000 | 0.0000  

63        | 1        | 0       | 0.0000   | 0.0000   | 2.0971   | -600.0000 | 600.0000
63        | 2        | 0       | 0.0000   | 0.0000   | 2.4644   | -400.0000 | 200.0000
63        | 3        | 0       | 0.0000   | 0.0000   | -0.1587  | -20.0000 | 0.0000  
63        | 4        | 0       | 92.7348  | 92.7348  | 1.6890   | -600.0000 | 600.0000
63        | 5        | 0       | 119.3463 | 93.3141  | -26.0322 | -400.0000 | 200.0000
63        | 6        | 1       | -0.3852  | -2.9222  | -2.5370  | -20.0000 | 0.0000  
63        | 7        | 0       | -110.8989 | -110.8989 | 4.8924   | -600.0000 | 600.0000
63        | 8        | 0       | 96.5114  | 96.5114  | 0.2481   | -400.0000 | 200.0000
63        | 9        | 0       | -4.7094  | -4.7094  | -2.0739  | -20.0000 | 0.0000  
63        | 10       | 1       | 272.0052 | 276.1434 | 4.1382   | -600.0000 | 600.0000
63        | 11       | 1       | -217.1493 | -219.9975 | -2.8482  | -400.0000 | 200.0000
63        | 12       | 1       | -3.4121  | -2.0424  | 1.3697   | -20.0000 | 0.0000  
63        | 13       | 0       | -262.1746 | -262.1746 | 0.5765   | -600.0000 | 600.0000
63        | 14       | 0       | 123.6523 | 123.6523 | 2.1696   | -400.0000 | 200.0000
63        | 15       | 0       | -17.7484 | -17.7484 | -1.2568  | -20.0000 | 0.0000  
63        | 16       | 0       | -79.8333 | -79.8333 | 3.1649   | -600.0000 | 600.0000
63        | 17       | 0       | 198.3094 | 198.3094 | -2.0010  | -400.0000 | 200.0000
63        | 18       | 0       | -8.8188  | -8.8188  | 0.3638   | -20.0000 | 0.0000  
63        | 19       | 1       | -214.6054 | -218.2465 | -3.6411  | -600.0000 | 600.0000
63        | 20       | 1       | -271.0507 | -267.1024 | 3.9483   | -400.0000 | 200.0000
63        | 21       | 0       | -12.9896 | -12.9896 | -1.9447  | -20.0000 | 0.0000  
63        | 22       | 0       | -152.9601 | -152.9601 | 5.3158   | -600.0000 | 600.0000
63        | 23       | 0       | -358.7718 | -358.7718 | 1.5598   | -400.0000 | 200.0000
63        | 24       | 0       | -12.6085 | -12.6085 | 1.3916   | -20.0000 | 0.0000  
63        | 25       | 0       | -42.9138 | -42.9138 | 0.7737   | -600.0000 | 600.0000
63        | 26       | 0       | 36.5068  | 36.5068  | -1.9306  | -400.0000 | 200.0000
63        | 27       | 0       | -6.8654  | -6.8654  | -1.1222  | -20.0000 | 0.0000  
63        | 28       | 0       | 0.0000   | 0.0000   | -1.1859  | -600.0000 | 600.0000
63        | 29       | 0       | 0.0000   | 0.0000   | 0.0262   | -400.0000 | 200.0000
63        | 30       | 0       | 0.0000   | 0.0000   | -1.5872  | -20.0000 | 0.0000  

64        | 1        | 0       | 0.0000   | 0.0000   | 5.2608   | -600.0000 | 600.0000
64        | 2        | 0       | 0.0000   | 0.0000   | 0.6161   | -400.0000 | 200.0000
64        | 3        | 0       | 0.0000   | 0.0000   | 1.3281   | -20.0000 | 0.0000  
64        | 4        | 1       | 207.2436 | 205.7956 | -1.4480  | -600.0000 | 600.0000
64        | 5        | 1       | 80.0500  | 81.4115  | 1.3614   | -400.0000 | 200.0000
64        | 6        | 0       | -17.2099 | -17.2099 | -2.0833  | -20.0000 | 0.0000  
64        | 7        | 1       | 151.6421 | 149.5074 | -2.1348  | -600.0000 | 600.0000
64        | 8        | 0       | -52.6837 | -52.6837 | -0.5036  | -400.0000 | 200.0000
64        | 9        | 0       | -0.8962  | -0.8962  | -1.3555  | -20.0000 | 0.0000  
64        | 10       | 1       | 487.3045 | 488.0613 | 0.7568   | -600.0000 | 600.0000
64        | 11       | 0       | -391.1709 | -391.1709 | -1.3716  | -400.0000 | 200.0000
64        | 12       | 0       | -7.1549  | -7.1549  | -0.9431  | -20.0000 | 0.0000  
64        | 13       | 0       | -174.1205 | -174.1205 | 3.0308   | -600.0000 | 600.0000
64        | 14       | 0       | 4.3965   | 4.3965   | -0.6769  | -400.0000 | 200.0000
64        | 15       | 0       | -18.7487 | -18.7487 | -3.0396  | -20.0000 | 0.0000  
64        | 16       | 0       | -49.8823 | -49.8823 | -1.9634  | -600.0000 | 600.0000
64        | 17       | 0       | 35.0036  | 35.0036  | 4.6057   | -400.0000 | 200.0000
64        | 18       | 1       | -8.5142  | -5.4449  | 3.0693   | -20.0000 | 0.0000  
64        | 19       | 0       | -199.4320 | -199.4320 | -2.3804  | -600.0000 | 600.0000
64        | 20       | 0       | 36.6022  | 36.6022  | -0.5766  | -400.0000 | 200.0000
64        | 21       | 0       | -12.7537 | -12.7537 | -1.2003  | -20.0000 | 0.0000  
64        | 22       | 0       | -516.9577 | -516.9577 | -1.2494  | -600.0000 | 600.0000
64        | 23       | 0       | 69.4254  | 69.4254  | 2.4617   | -400.0000 | 200.0000
64        | 24       | 0       | -14.5140 | -14.5140 | -0.2143  | -20.0000 | 0.0000  
64        | 25       | 1       | -42.9618 | -40.8569 | 2.1049   | -600.0000 | 600.0000
64        | 26       | 0       | 36.7541  | 36.7541  | 0.5139   | -400.0000 | 200.0000
64        | 27       | 0       | -5.8121  | -5.8121  | 4.9923   | -20.0000 | 0.0000  
64        | 28       | 0       | 0.0000   | 0.0000   | 0.9203   | -600.0000 | 600.0000
64        | 29       | 0       | 0.0000   | 0.0000   | -1.0625  | -400.0000 | 200.0000
64        | 30       | 0       | 0.0000   | 0.0000   | -0.2070  | -20.0000 | 0.0000  

65        | 1        | 0       | 0.0000   | 0.0000   | 1.1238   | -600.0000 | 600.0000
65        | 2        | 0       | 0.0000   | 0.0000   | 2.9507   | -400.0000 | 200.0000
65        | 3        | 0       | 0.0000   | 0.0000   | 1.1353   | -20.0000 | 0.0000  
65        | 4        | 0       | 347.1247 | 347.1247 | -0.9063  | -600.0000 | 600.0000
65        | 5        | 0       | -103.6126 | -103.6126 | 1.0212   | -400.0000 | 200.0000
65        | 6        | 1       | -17.7307 | -20.0000 | -2.4127  | -20.0000 | 0.0000  
65        | 7        | 0       | 40.3470  | 40.3470  | -1.3497  | -600.0000 | 600.0000
65        | 8        | 0       | -47.8550 | -47.8550 | 2.7911   | -400.0000 | 200.0000
65        | 9        | 1       | -5.0912  | -6.8695  | -1.7783  | -20.0000 | 0.0000  
65        | 10       | 0       | -85.5274 | -85.5274 | -0.0145  | -600.0000 | 600.0000
65        | 11       | 0       | -323.4518 | -323.4518 | 0.8621   | -400.0000 | 200.0000
65        | 12       | 0       | -14.3245 | -14.3245 | -0.1986  | -20.0000 | 0.0000  
65        | 13       | 0       | -165.8175 | -165.8175 | -1.8839  | -600.0000 | 600.0000
65        | 14       | 0       | -12.4497 | -12.4497 | -0.8937  | -400.0000 | 200.0000
65        | 15       | 0       | -8.5844  | -8.5844  | -2.3328  | -20.0000 | 0.0000  
65        | 16       | 0       | -232.1267 | -232.1267 | 2.4355   | -600.0000 | 600.0000
65        | 17       | 1       | -194.2940 | -191.8505 | 2.4435   | -400.0000 | 200.0000
65        | 18       | 0       | -7.5742  | -7.5742  | 1.5383   | -20.0000 | 0.0000  
65        | 19       | 0       | -200.9693 | -506.7285 | -305.7592 | -600.0000 | 600.0000
65        | 20       | 0       | 34.3964  | 34.3964  | -2.8680  | -400.0000 | 200.0000
65        | 21       | 1       | -11.4171 | -9.9015  | 1.5156   | -20.0000 | 0.0000  
65        | 22       | 1       | -1.9587  | -1.0291  | 0.9295   | -600.0000 | 600.0000
65        | 23       | 1       | -149.1736 | -147.3409 | 1.8328   | -400.0000 | 200.0000
65        | 24       | 0       | -1.7031  | -1.7031  | 0.1563   | -20.0000 | 0.0000  
65        | 25       | 0       | -42.9138 | -42.9138 | 0.7163   | -600.0000 | 600.0000
65        | 26       | 0       | 36.5068  | 36.5068  | -0.2089  | -400.0000 | 200.0000
65        | 27       | 0       | -9.1307  | -9.1307  | 2.9550   | -20.0000 | 0.0000  
65        | 28       | 0       | 0.0000   | 0.0000   | 2.4637   | -600.0000 | 600.0000
65        | 29       | 0       | 0.0000   | 0.0000   | 4.5676   | -400.0000 | 200.0000
65        | 30       | 0       | 0.0000   | 0.0000   | -0.6643  | -20.0000 | 0.0000  

66        | 1        | 0       | 0.0000   | 0.0000   | -1.9333  | -600.0000 | 600.0000
66        | 2        | 0       | 0.0000   | 0.0000   | 3.6143   | -400.0000 | 200.0000
66        | 3        | 0       | 0.0000   | 0.0000   | -1.4805  | -20.0000 | 0.0000  
66        | 4        | 1       | 0.4313   | 1.8787   | 1.4473   | -600.0000 | 600.0000
66        | 5        | 0       | 14.5304  | 14.5304  | 4.3567   | -400.0000 | 200.0000
66        | 6        | 0       | -5.2910  | -5.2910  | -0.3195  | -20.0000 | 0.0000  
66        | 7        | 1       | 176.9190 | 173.3063 | -3.6127  | -600.0000 | 600.0000
66        | 8        | 0       | -232.7184 | -232.7184 | 1.9977   | -400.0000 | 200.0000
66        | 9        | 0       | -19.8934 | -19.8934 | -0.3019  | -20.0000 | 0.0000  
66        | 10       | 1       | 163.1284 | 163.0733 | -0.0551  | -600.0000 | 600.0000
66        | 11       | 0       | -40.4187 | -40.4187 | 1.1256   | -400.0000 | 200.0000
66        | 12       | 0       | -18.1214 | -18.1214 | -0.6824  | -20.0000 | 0.0000  
66        | 13       | 0       | 247.7969 | 247.7969 | 3.8921   | -600.0000 | 600.0000
66        | 14       | 1       | -131.8581 | -132.7219 | -0.8637  | -400.0000 | 200.0000
66        | 15       | 1       | -8.5215  | -4.9867  | 3.5348   | -20.0000 | 0.0000  
66        | 16       | 0       | 592.6181 | 592.6181 | -0.7129  | -600.0000 | 600.0000
66        | 17       | 0       | 124.9771 | 124.9771 | 3.3388   | -400.0000 | 200.0000
66        | 18       | 0       | -7.0186  | -7.0186  | -0.7141  | -20.0000 | 0.0000  
66        | 19       | 0       | 81.5118  | 81.5118  | -1.1279  | -600.0000 | 600.0000
66        | 20       | 1       | -30.5503 | -31.5616 | -1.0112  | -400.0000 | 200.0000
66        | 21       | 1       | -15.9738 | -15.8338 | 0.1400   | -20.0000 | 0.0000  
66        | 22       | 1       | 405.7860 | 404.0200 | -1.7660  | -600.0000 | 600.0000
66        | 23       | 0       | 81.6866  | 81.6866  | -2.2033  | -400.0000 | 200.0000
66        | 24       | 0       | -1.1646  | -1.1646  | 0.9922   | -20.0000 | 0.0000  
66        | 25       | 1       | 280.1252 | 274.3001 | -5.8251  | -600.0000 | 600.0000
66        | 26       | 0       | -176.6960 | -176.6960 | -0.6631  | -400.0000 | 200.0000
66        | 27       | 0       | -3.8174  | -3.8174  | -2.3833  | -20.0000 | 0.0000  
66        | 28       | 0       | 0.0000   | 0.0000   | -0.5768  | -600.0000 | 600.0000
66        | 29       | 0       | 0.0000   | 0.0000   | 0.9907   | -400.0000 | 200.0000
66        | 30       | 0       | 0.0000   | 0.0000   | -0.0684  | -20.0000 | 0.0000  

67        | 1        | 0       | 0.0000   | 0.0000   | -0.4091  | -600.0000 | 600.0000
67        | 2        | 0       | 0.0000   | 0.0000   | -0.4542  | -400.0000 | 200.0000
67        | 3        | 0       | 0.0000   | 0.0000   | 0.4837   | -20.0000 | 0.0000  
67        | 4        | 0       | 323.0350 | 323.0350 | -1.2399  | -600.0000 | 600.0000
67        | 5        | 0       | -157.3439 | -157.3439 | -6.4730  | -400.0000 | 200.0000
67        | 6        | 0       | -10.4025 | -10.4025 | -3.4797  | -20.0000 | 0.0000  
67        | 7        | 0       | 44.5279  | 44.5279  | -0.8889  | -600.0000 | 600.0000
67        | 8        | 0       | -47.8953 | -47.8953 | -1.0059  | -400.0000 | 200.0000
67        | 9        | 1       | -5.0912  | -4.3238  | 0.7674   | -20.0000 | 0.0000  
67        | 10       | 0       | 250.7119 | 250.7119 | -0.3930  | -600.0000 | 600.0000
67        | 11       | 1       | -351.1907 | -347.4191 | 3.7716   | -400.0000 | 200.0000
67        | 12       | 0       | -18.3032 | -18.3032 | -1.4097  | -20.0000 | 0.0000  
67        | 13       | 0       | 583.6403 | 583.6403 | -1.2813  | -600.0000 | 600.0000
67        | 14       | 0       | -175.0431 | -175.0431 | -2.8027  | -400.0000 | 200.0000
67        | 15       | 1       | -12.5872 | -14.5642 | -1.9770  | -20.0000 | 0.0000  
67        | 16       | 1       | -79.8333 | -79.3070 | 0.5263   | -600.0000 | 600.0000
67        | 17       | 0       | 195.9557 | 195.9557 | -0.1040  | -400.0000 | 200.0000
67        | 18       | 1       | -11.2198 | -8.6219  | 2.5979   | -20.0000 | 0.0000  
67        | 19       | 0       | 354.9512 | 354.9512 | 1.3087   | -600.0000 | 600.0000
67        | 20       | 0       | 134.0032 | 134.0032 | 1.3356   | -400.0000 | 200.0000
67        | 21       | 1       | -13.2401 | -13.2110 | 0.0291   | -20.0000 | 0.0000  
67        | 22       | 0       | 405.7860 | 405.7860 | -1.4997  | -600.0000 | 600.0000
67        | 23       | 0       | 82.1270  | 82.1270  | -1.0748  | -400.0000 | 200.0000
67        | 24       | 0       | -3.4786  | -3.4786  | 1.3708   | -20.0000 | 0.0000  
67        | 25       | 1       | -42.9138 | -43.8575 | -0.9438  | -600.0000 | 600.0000
67        | 26       | 0       | 36.5068  | 36.5068  | -2.4175  | -400.0000 | 200.0000
67        | 27       | 0       | -6.8654  | -6.8654  | 1.0453   | -20.0000 | 0.0000  
67        | 28       | 0       | 0.0000   | 0.0000   | -2.6493  | -600.0000 | 600.0000
67        | 29       | 0       | 0.0000   | 0.0000   | 0.1807   | -400.0000 | 200.0000
67        | 30       | 0       | 0.0000   | 0.0000   | 2.2725   | -20.0000 | 0.0000  

68        | 1        | 0       | 0.0000   | 0.0000   | 2.7260   | -600.0000 | 600.0000
68        | 2        | 0       | 0.0000   | 0.0000   | -2.5448  | -400.0000 | 200.0000
68        | 3        | 0       | 0.0000   | 0.0000   | -0.5454  | -20.0000 | 0.0000  
68        | 4        | 1       | -256.6167 | -259.0375 | -2.4208  | -600.0000 | 600.0000
68        | 5        | 1       | -46.1558 | -47.6723 | -1.5165  | -400.0000 | 200.0000
68        | 6        | 0       | -19.3900 | -19.3900 | 1.1943   | -20.0000 | 0.0000  
68        | 7        | 0       | -552.2750 | -552.2750 | -2.9212  | -600.0000 | 600.0000
68        | 8        | 0       | 93.8915  | 93.8915  | 3.4877   | -400.0000 | 200.0000
68        | 9        | 0       | -12.0859 | -12.0859 | -1.2069  | -20.0000 | 0.0000  
68        | 10       | 0       | -448.6430 | -448.6430 | -1.5149  | -600.0000 | 600.0000
68        | 11       | 0       | -86.6483 | -86.6483 | -0.2263  | -400.0000 | 200.0000
68        | 12       | 1       | -4.6001  | -5.4264  | -0.8263  | -20.0000 | 0.0000  
68        | 13       | 0       | -341.0148 | -341.0148 | 0.1896   | -600.0000 | 600.0000
68        | 14       | 0       | -24.7855 | -24.7855 | 1.5904   | -400.0000 | 200.0000
68        | 15       | 0       | -18.2931 | -18.2931 | -0.9208  | -20.0000 | 0.0000  
68        | 16       | 0       | -539.5294 | -539.5294 | 2.2829   | -600.0000 | 600.0000
68        | 17       | 0       | -81.1872 | -81.1872 | 0.9679   | -400.0000 | 200.0000
68        | 18       | 0       | -3.4687  | -3.4687  | -1.6703  | -20.0000 | 0.0000  
68        | 19       | 0       | -250.5006 | -250.5006 | 0.6833   | -600.0000 | 600.0000
68        | 20       | 0       | -132.4046 | -132.4046 | 0.9607   | -400.0000 | 200.0000
68        | 21       | 0       | -19.6308 | -19.6308 | -1.2696  | -20.0000 | 0.0000  
68        | 22       | 0       | -238.7447 | -238.7447 | 4.0261   | -600.0000 | 600.0000
68        | 23       | 0       | -95.7534 | -95.7534 | -1.6169  | -400.0000 | 200.0000
68        | 24       | 1       | -18.8765 | -16.9363 | 1.9402   | -20.0000 | 0.0000  
68        | 25       | 0       | -257.8858 | -257.8858 | -0.2992  | -600.0000 | 600.0000
68        | 26       | 0       | -295.9758 | -295.9758 | -1.5881  | -400.0000 | 200.0000
68        | 27       | 0       | -1.7280  | -1.7280  | 0.5889   | -20.0000 | 0.0000  
68        | 28       | 0       | 0.0000   | 0.0000   | 0.5287   | -600.0000 | 600.0000
68        | 29       | 0       | 0.0000   | 0.0000   | 2.5088   | -400.0000 | 200.0000
68        | 30       | 0       | 0.0000   | 0.0000   | 1.1709   | -20.0000 | 0.0000  

69        | 1        | 0       | 0.0000   | 0.0000   | 1.1113   | -600.0000 | 600.0000
69        | 2        | 0       | 0.0000   | 0.0000   | 0.0574   | -400.0000 | 200.0000
69        | 3        | 0       | 0.0000   | 0.0000   | -0.0973  | -20.0000 | 0.0000  
69        | 4        | 0       | 9.4976   | 9.4976   | -1.5805  | -600.0000 | 600.0000
69        | 5        | 0       | 104.4218 | 104.4218 | 0.4237   | -400.0000 | 200.0000
69        | 6        | 0       | -5.3440  | -5.3440  | -2.6563  | -20.0000 | 0.0000  
69        | 7        | 0       | 50.6846  | 50.6846  | -1.0277  | -600.0000 | 600.0000
69        | 8        | 0       | -42.0191 | -42.0191 | 0.1784   | -400.0000 | 200.0000
69        | 9        | 1       | -9.3694  | -9.2528  | 0.1166   | -20.0000 | 0.0000  
69        | 10       | 0       | -243.8294 | -243.8294 | 0.7694   | -600.0000 | 600.0000
69        | 11       | 0       | -60.9868 | -60.9868 | 0.6160   | -400.0000 | 200.0000
69        | 12       | 0       | -6.2223  | -6.2223  | 1.1211   | -20.0000 | 0.0000  
69        | 13       | 1       | 446.0515 | 443.0896 | -2.9619  | -600.0000 | 600.0000
69        | 14       | 0       | -18.2252 | -18.2252 | -3.1040  | -400.0000 | 200.0000
69        | 15       | 0       | -1.3434  | -1.3434  | 0.6363   | -20.0000 | 0.0000  
69        | 16       | 0       | -407.9140 | -407.9140 | 1.3669   | -600.0000 | 600.0000
69        | 17       | 0       | -123.0655 | -123.0655 | 0.7083   | -400.0000 | 200.0000
69        | 18       | 0       | -20.0000 | -20.0000 | -3.4396  | -20.0000 | 0.0000  
69        | 19       | 0       | -303.9854 | -303.9854 | -0.7442  | -600.0000 | 600.0000
69        | 20       | 1       | 37.7839  | 36.2960  | -1.4880  | -400.0000 | 200.0000
69        | 21       | 1       | -2.8715  | -1.5385  | 1.3330   | -20.0000 | 0.0000  
69        | 22       | 1       | 96.2068  | 95.6456  | -0.5612  | -600.0000 | 600.0000
69        | 23       | 0       | -79.8385 | -79.8385 | -3.1949  | -400.0000 | 200.0000
69        | 24       | 0       | -8.7113  | -8.7113  | 1.3550   | -20.0000 | 0.0000  
69        | 25       | 1       | 320.4085 | 321.4117 | 1.0033   | -600.0000 | 600.0000
69        | 26       | 1       | 87.7914  | 91.5758  | 3.7844   | -400.0000 | 200.0000
69        | 27       | 0       | -2.0731  | -2.0731  | -0.3380  | -20.0000 | 0.0000  
69        | 28       | 0       | 0.0000   | 0.0000   | -0.9942  | -600.0000 | 600.0000
69        | 29       | 0       | 0.0000   | 0.0000   | 0.1900   | -400.0000 | 200.0000
69        | 30       | 0       | 0.0000   | 0.0000   | 0.3727   | -20.0000 | 0.0000  

70        | 1        | 0       | 0.0000   | 0.0000   | 1.3849   | -600.0000 | 600.0000
70        | 2        | 0       | 0.0000   | 0.0000   | 1.2691   | -400.0000 | 200.0000
70        | 3        | 0       | 0.0000   | 0.0000   | -0.2499  | -20.0000 | 0.0000  
70        | 4        | 0       | 207.2436 | 207.2436 | -2.3665  | -600.0000 | 600.0000
70        | 5        | 1       | 80.0500  | 80.4387  | 0.3886   | -400.0000 | 200.0000
70        | 6        | 0       | -14.9906 | -14.9906 | 1.1199   | -20.0000 | 0.0000  
70        | 7        | 1       | 150.4872 | 148.9292 | -1.5580  | -600.0000 | 600.0000
70        | 8        | 0       | -54.5783 | -54.5783 | 1.8137   | -400.0000 | 200.0000
70        | 9        | 0       | -0.8962  | -0.8962  | -1.7831  | -20.0000 | 0.0000  
70        | 10       | 0       | 321.9281 | 321.9281 | -0.0764  | -600.0000 | 600.0000
70        | 11       | 0       | -147.9454 | -147.9454 | -1.2472  | -400.0000 | 200.0000
70        | 12       | 0       | -12.9892 | -12.9892 | -0.4555  | -20.0000 | 0.0000  
70        | 13       | 1       | 284.5346 | 286.2172 | 1.6826   | -600.0000 | 600.0000
70        | 14       | 0       | -256.7337 | -256.7337 | 0.5733   | -400.0000 | 200.0000
70        | 15       | 1       | -17.7905 | -17.2304 | 0.5601   | -20.0000 | 0.0000  
70        | 16       | 0       | -173.3043 | -173.3043 | 3.0351   | -600.0000 | 600.0000
70        | 17       | 1       | -227.7391 | -134.2435 | 46.7478  | -400.0000 | 200.0000
70        | 18       | 1       | -11.6479 | -10.3915 | 1.2563   | -20.0000 | 0.0000  
70        | 19       | 0       | -190.5026 | -190.5026 | -2.7343  | -600.0000 | 600.0000
70        | 20       | 0       | -169.8411 | -169.8411 | 2.3181   | -400.0000 | 200.0000
70        | 21       | 0       | -9.7572  | -9.7572  | 0.7673   | -20.0000 | 0.0000  
70        | 22       | 0       | -304.8507 | -304.8507 | 0.0167   | -600.0000 | 600.0000
70        | 23       | 0       | -308.2007 | -308.2007 | -0.4122  | -400.0000 | 200.0000
70        | 24       | 0       | -17.1003 | -17.1003 | 3.0865   | -20.0000 | 0.0000  
70        | 25       | 0       | -256.6909 | -256.6909 | 1.3088   | -600.0000 | 600.0000
70        | 26       | 0       | -297.3047 | -297.3047 | -0.6220  | -400.0000 | 200.0000
70        | 27       | 1       | -1.7280  | -3.2032  | -1.4752  | -20.0000 | 0.0000  
70        | 28       | 0       | 0.0000   | 0.0000   | 3.6802   | -600.0000 | 600.0000
70        | 29       | 0       | 0.0000   | 0.0000   | -0.9170  | -400.0000 | 200.0000
70        | 30       | 0       | 0.0000   | 0.0000   | -1.8444  | -20.0000 | 0.0000  

71        | 1        | 0       | 0.0000   | 0.0000   | -1.4291  | -600.0000 | 600.0000
71        | 2        | 0       | 0.0000   | 0.0000   | 2.2182   | -400.0000 | 200.0000
71        | 3        | 0       | 0.0000   | 0.0000   | -0.7037  | -20.0000 | 0.0000  
71        | 4        | 0       | 92.7348  | 92.7348  | 0.3844   | -600.0000 | 600.0000
71        | 5        | 1       | 121.8863 | 122.1513 | 0.2650   | -400.0000 | 200.0000
71        | 6        | 0       | 0.0000   | 0.0000   | -4.2723  | -20.0000 | 0.0000  
71        | 7        | 0       | -109.4222 | -109.4222 | -1.4389  | -600.0000 | 600.0000
71        | 8        | 1       | 99.5248  | 101.8873 | 2.3624   | -400.0000 | 200.0000
71        | 9        | 0       | -3.9529  | -3.9529  | -1.6595  | -20.0000 | 0.0000  
71        | 10       | 0       | 88.2347  | 88.2347  | -2.0618  | -600.0000 | 600.0000
71        | 11       | 1       | 172.8586 | 170.6457 | -2.2129  | -400.0000 | 200.0000
71        | 12       | 1       | -15.7125 | -14.6431 | 1.0693   | -20.0000 | 0.0000  
71        | 13       | 0       | -28.5536 | -28.5536 | 1.0433   | -600.0000 | 600.0000
71        | 14       | 0       | -2.9306  | -2.9306  | 1.7232   | -400.0000 | 200.0000
71        | 15       | 1       | 0.0000   | 0.0000   | 4.2782   | -20.0000 | 0.0000  
71        | 16       | 0       | -49.8823 | -49.8823 | 0.0357   | -600.0000 | 600.0000
71        | 17       | 0       | 35.0036  | 35.0036  | -1.6321  | -400.0000 | 200.0000
71        | 18       | 1       | -10.3540 | -1.8474  | 8.5067   | -20.0000 | 0.0000  
71        | 19       | 1       | 200.3664 | 199.9835 | -0.3829  | -600.0000 | 600.0000
71        | 20       | 0       | -124.1707 | -124.1707 | -2.1018  | -400.0000 | 200.0000
71        | 21       | 1       | -15.8965 | -19.1049 | -3.2084  | -20.0000 | 0.0000  
71        | 22       | 0       | 174.7272 | 174.7272 | 1.0485   | -600.0000 | 600.0000
71        | 23       | 0       | -69.3922 | -69.3922 | 0.0835   | -400.0000 | 200.0000
71        | 24       | 1       | -20.0000 | -20.0000 | -2.4047  | -20.0000 | 0.0000  
71        | 25       | 0       | -28.1802 | -28.1802 | 1.0166   | -600.0000 | 600.0000
71        | 26       | 0       | 12.6332  | 12.6332  | -0.4406  | -400.0000 | 200.0000
71        | 27       | 0       | -5.5459  | -5.5459  | 1.4725   | -20.0000 | 0.0000  
71        | 28       | 0       | 0.0000   | 0.0000   | 1.5221   | -600.0000 | 600.0000
71        | 29       | 0       | 0.0000   | 0.0000   | 0.4295   | -400.0000 | 200.0000
71        | 30       | 0       | 0.0000   | 0.0000   | -0.5902  | -20.0000 | 0.0000  

72        | 1        | 0       | 0.0000   | 0.0000   | -0.2963  | -600.0000 | 600.0000
72        | 2        | 0       | 0.0000   | 0.0000   | -0.0013  | -400.0000 | 200.0000
72        | 3        | 0       | 0.0000   | 0.0000   | -0.0339  | -20.0000 | 0.0000  
72        | 4        | 0       | -135.6780 | -135.6780 | 1.4768   | -600.0000 | 600.0000
72        | 5        | 0       | -133.1650 | -133.1650 | -1.3500  | -400.0000 | 200.0000
72        | 6        | 0       | -12.4013 | -12.4013 | 0.1987   | -20.0000 | 0.0000  
72        | 7        | 1       | -152.0979 | -156.6880 | -4.5901  | -600.0000 | 600.0000
72        | 8        | 0       | -263.6382 | -263.6382 | -0.7404  | -400.0000 | 200.0000
72        | 9        | 0       | -18.5361 | -18.5361 | 2.8882   | -20.0000 | 0.0000  
72        | 10       | 0       | 218.6300 | 218.6300 | -0.5529  | -600.0000 | 600.0000
72        | 11       | 1       | -210.8563 | -209.3006 | 1.5557   | -400.0000 | 200.0000
72        | 12       | 1       | -17.3358 | -17.5224 | -0.1865  | -20.0000 | 0.0000  
72        | 13       | 0       | 158.8755 | 158.8755 | 2.4353   | -600.0000 | 600.0000
72        | 14       | 0       | -323.0045 | -323.0045 | 2.2411   | -400.0000 | 200.0000
72        | 15       | 1       | -9.5082  | -8.5000  | 1.0082   | -20.0000 | 0.0000  
72        | 16       | 0       | 22.8981  | 22.8981  | 3.4224   | -600.0000 | 600.0000
72        | 17       | 0       | -112.2458 | -112.2458 | -2.6252  | -400.0000 | 200.0000
72        | 18       | 1       | -20.0000 | -20.0000 | -0.2567  | -20.0000 | 0.0000  
72        | 19       | 1       | -80.6208 | -82.0303 | -1.4095  | -600.0000 | 600.0000
72        | 20       | 1       | -373.6600 | -371.4949 | 2.1652   | -400.0000 | 200.0000
72        | 21       | 0       | -16.6850 | -16.6850 | 0.0233   | -20.0000 | 0.0000  
72        | 22       | 0       | 304.6417 | 304.6417 | 0.4790   | -600.0000 | 600.0000
72        | 23       | 0       | -55.2103 | -55.2103 | -0.0534  | -400.0000 | 200.0000
72        | 24       | 0       | -1.9128  | -1.9128  | -0.2693  | -20.0000 | 0.0000  
72        | 25       | 1       | 190.5400 | 189.9149 | -0.6251  | -600.0000 | 600.0000
72        | 26       | 0       | 15.1426  | 15.1426  | -6.8621  | -400.0000 | 200.0000
72        | 27       | 0       | -4.0799  | -4.0799  | 0.1384   | -20.0000 | 0.0000  
72        | 28       | 0       | 0.0000   | 0.0000   | 0.3723   | -600.0000 | 600.0000
72        | 29       | 0       | 0.0000   | 0.0000   | 1.5086   | -400.0000 | 200.0000
72        | 30       | 0       | 0.0000   | 0.0000   | 2.7072   | -20.0000 | 0.0000  

73        | 1        | 0       | 0.0000   | 0.0000   | -1.1972  | -600.0000 | 600.0000
73        | 2        | 0       | 0.0000   | 0.0000   | 0.7571   | -400.0000 | 200.0000
73        | 3        | 0       | 0.0000   | 0.0000   | 0.2734   | -20.0000 | 0.0000  
73        | 4        | 0       | 62.2882  | 62.2882  | 1.6924   | -600.0000 | 600.0000
73        | 5        | 0       | -62.6923 | -62.6923 | -1.1369  | -400.0000 | 200.0000
73        | 6        | 0       | -5.3198  | -5.3198  | -4.8680  | -20.0000 | 0.0000  
73        | 7        | 0       | -115.8206 | -115.8206 | -3.6152  | -600.0000 | 600.0000
73        | 8        | 1       | -319.5909 | -318.0089 | 1.5820   | -400.0000 | 200.0000
73        | 9        | 0       | -20.0000 | -20.0000 | -0.6680  | -20.0000 | 0.0000  
73        | 10       | 0       | 302.4742 | 302.4742 | -0.6121  | -600.0000 | 600.0000
73        | 11       | 0       | -27.8143 | -27.8143 | 0.5191   | -400.0000 | 200.0000
73        | 12       | 0       | -20.0000 | -20.0000 | 0.3739   | -20.0000 | 0.0000  
73        | 13       | 0       | -346.8436 | -346.8436 | 4.0573   | -600.0000 | 600.0000
73        | 14       | 0       | -318.1771 | -318.1771 | 0.4367   | -400.0000 | 200.0000
73        | 15       | 1       | -19.7091 | -20.0000 | -3.5993  | -20.0000 | 0.0000  
73        | 16       | 1       | -179.2949 | -179.7644 | -0.4694  | -600.0000 | 600.0000
73        | 17       | 0       | -46.0494 | -46.0494 | -1.9891  | -400.0000 | 200.0000
73        | 18       | 0       | -15.5278 | -15.5278 | -1.7019  | -20.0000 | 0.0000  
73        | 19       | 0       | -75.0301 | -75.0301 | -3.0246  | -600.0000 | 600.0000
73        | 20       | 1       | 141.6597 | 144.4309 | 2.7712   | -400.0000 | 200.0000
73        | 21       | 0       | -13.0349 | -13.0349 | -1.8968  | -20.0000 | 0.0000  
73        | 22       | 0       | 17.3898  | 17.3898  | -2.0692  | -600.0000 | 600.0000
73        | 23       | 1       | 70.1918  | 69.2910  | -0.9008  | -400.0000 | 200.0000
73        | 24       | 1       | -14.0872 | -11.4902 | 2.5970   | -20.0000 | 0.0000  
73        | 25       | 0       | 43.1221  | 43.1221  | 0.4326   | -600.0000 | 600.0000
73        | 26       | 0       | -106.9026 | -106.9026 | -0.4673  | -400.0000 | 200.0000
73        | 27       | 0       | -11.9623 | -11.9623 | -0.1795  | -20.0000 | 0.0000  
73        | 28       | 0       | 0.0000   | 0.0000   | 4.0355   | -600.0000 | 600.0000
73        | 29       | 0       | 0.0000   | 0.0000   | 1.3720   | -400.0000 | 200.0000
73        | 30       | 0       | 0.0000   | 0.0000   | -1.0829  | -20.0000 | 0.0000  

74        | 1        | 0       | 0.0000   | 0.0000   | -0.6423  | -600.0000 | 600.0000
74        | 2        | 0       | 0.0000   | 0.0000   | -1.0365  | -400.0000 | 200.0000
74        | 3        | 0       | 0.0000   | 0.0000   | -2.2104  | -20.0000 | 0.0000  
74        | 4        | 0       | 62.2882  | 62.2882  | -1.4143  | -600.0000 | 600.0000
74        | 5        | 1       | -63.4372 | -61.7394 | 1.6978   | -400.0000 | 200.0000
74        | 6        | 1       | -2.4669  | 0.0000   | 3.7511   | -20.0000 | 0.0000  
74        | 7        | 1       | -115.8206 | -115.0934 | 0.7271   | -600.0000 | 600.0000
74        | 8        | 0       | -319.5909 | -319.5909 | -1.7333  | -400.0000 | 200.0000
74        | 9        | 0       | -19.4243 | -19.4243 | 3.3180   | -20.0000 | 0.0000  
74        | 10       | 0       | 306.1647 | 306.1647 | -0.8616  | -600.0000 | 600.0000
74        | 11       | 0       | -27.8143 | -27.8143 | 0.2775   | -400.0000 | 200.0000
74        | 12       | 0       | -5.9184  | -5.9184  | 2.9013   | -20.0000 | 0.0000  
74        | 13       | 0       | -344.4430 | -344.4430 | -0.0903  | -600.0000 | 600.0000
74        | 14       | 0       | -318.1771 | -318.1771 | 1.6740   | -400.0000 | 200.0000
74        | 15       | 0       | -19.7091 | -19.7091 | 0.5844   | -20.0000 | 0.0000  
74        | 16       | 1       | -179.2949 | -178.8713 | 0.4236   | -600.0000 | 600.0000
74        | 17       | 0       | -46.0494 | -46.0494 | 1.6962   | -400.0000 | 200.0000
74        | 18       | 0       | -12.1551 | -12.1551 | 0.4731   | -20.0000 | 0.0000  
74        | 19       | 0       | 447.4313 | 447.4313 | 1.3605   | -600.0000 | 600.0000
74        | 20       | 0       | -101.5576 | -101.5576 | 0.1645   | -400.0000 | 200.0000
74        | 21       | 1       | -5.3950  | -2.6503  | 2.7447   | -20.0000 | 0.0000  
74        | 22       | 1       | 407.7627 | 411.2718 | 3.5090   | -600.0000 | 600.0000
74        | 23       | 0       | -169.7002 | -169.7002 | 0.3380   | -400.0000 | 200.0000
74        | 24       | 0       | -8.5626  | -8.5626  | -3.2651  | -20.0000 | 0.0000  
74        | 25       | 0       | -42.9138 | -42.9138 | 0.2916   | -600.0000 | 600.0000
74        | 26       | 0       | 36.5068  | 36.5068  | 0.1863   | -400.0000 | 200.0000
74        | 27       | 0       | -6.8654  | -6.8654  | 1.0367   | -20.0000 | 0.0000  
74        | 28       | 0       | 0.0000   | 0.0000   | 1.7167   | -600.0000 | 600.0000
74        | 29       | 0       | 0.0000   | 0.0000   | 2.4249   | -400.0000 | 200.0000
74        | 30       | 0       | 0.0000   | 0.0000   | 1.0454   | -20.0000 | 0.0000  

75        | 1        | 0       | 0.0000   | 0.0000   | -0.1127  | -600.0000 | 600.0000
75        | 2        | 0       | 0.0000   | 0.0000   | -1.6904  | -400.0000 | 200.0000
75        | 3        | 0       | 0.0000   | 0.0000   | -1.3940  | -20.0000 | 0.0000  
75        | 4        | 1       | -249.3381 | -249.2823 | 0.0559   | -600.0000 | 600.0000
75        | 5        | 0       | 146.4621 | 146.4621 | -1.6917  | -400.0000 | 200.0000
75        | 6        | 0       | -4.9208  | -4.9208  | -1.0847  | -20.0000 | 0.0000  
75        | 7        | 0       | 552.9384 | 552.9384 | 2.2069   | -600.0000 | 600.0000
75        | 8        | 0       | -391.7752 | -391.7752 | 1.1588   | -400.0000 | 200.0000
75        | 9        | 0       | -0.7438  | -0.7438  | 1.2493   | -20.0000 | 0.0000  
75        | 10       | 1       | 270.0919 | 270.6008 | 0.5088   | -600.0000 | 600.0000
75        | 11       | 0       | -217.1493 | -217.1493 | 1.8799   | -400.0000 | 200.0000
75        | 12       | 0       | -3.4121  | -3.4121  | 2.1882   | -20.0000 | 0.0000  
75        | 13       | 0       | -266.6266 | -266.6266 | 0.8872   | -600.0000 | 600.0000
75        | 14       | 0       | 123.6523 | 123.6523 | -0.5792  | -400.0000 | 200.0000
75        | 15       | 1       | -17.7484 | -15.8333 | 1.9151   | -20.0000 | 0.0000  
75        | 16       | 0       | -79.8333 | -79.8333 | -1.3120  | -600.0000 | 600.0000
75        | 17       | 0       | 200.0000 | 200.0000 | 2.6050   | -400.0000 | 200.0000
75        | 18       | 0       | -8.8188  | -8.8188  | -2.7929  | -20.0000 | 0.0000  
75        | 19       | 0       | -216.6197 | -216.6197 | 0.5855   | -600.0000 | 600.0000
75        | 20       | 1       | -271.0507 | -271.9350 | -0.8843  | -400.0000 | 200.0000
75        | 21       | 0       | -12.9896 | -12.9896 | 3.2731   | -20.0000 | 0.0000  
75        | 22       | 0       | -152.9601 | -152.9601 | -0.0480  | -600.0000 | 600.0000
75        | 23       | 0       | -358.7718 | -358.7718 | 0.7215   | -400.0000 | 200.0000
75        | 24       | 0       | -12.6085 | -12.6085 | 1.0210   | -20.0000 | 0.0000  
75        | 25       | 0       | -42.9138 | -42.9138 | -1.1283  | -600.0000 | 600.0000
75        | 26       | 0       | 36.5068  | 36.5068  | 1.7895   | -400.0000 | 200.0000
75        | 27       | 1       | -6.8654  | -6.1405  | 0.7249   | -20.0000 | 0.0000  
75        | 28       | 0       | 0.0000   | 0.0000   | 0.2400   | -600.0000 | 600.0000
75        | 29       | 0       | 0.0000   | 0.0000   | 4.5380   | -400.0000 | 200.0000
75        | 30       | 0       | 0.0000   | 0.0000   | -2.1420  | -20.0000 | 0.0000  

76        | 1        | 0       | 0.0000   | 0.0000   | -3.0552  | -600.0000 | 600.0000
76        | 2        | 0       | 0.0000   | 0.0000   | 1.6507   | -400.0000 | 200.0000
76        | 3        | 0       | 0.0000   | 0.0000   | 0.1446   | -20.0000 | 0.0000  
76        | 4        | 1       | -152.7738 | -151.7126 | 1.0612   | -600.0000 | 600.0000
76        | 5        | 0       | -244.1477 | -244.1477 | -4.4204  | -400.0000 | 200.0000
76        | 6        | 1       | -5.5316  | -4.1779  | 1.3537   | -20.0000 | 0.0000  
76        | 7        | 0       | 44.5279  | 44.5279  | 0.7445   | -600.0000 | 600.0000
76        | 8        | 0       | -47.8550 | -47.8550 | 0.1715   | -400.0000 | 200.0000
76        | 9        | 1       | -5.0912  | -3.8963  | 1.1949   | -20.0000 | 0.0000  
76        | 10       | 0       | -85.5274 | -85.5274 | 1.1368   | -600.0000 | 600.0000
76        | 11       | 0       | -323.4518 | -323.4518 | -2.0427  | -400.0000 | 200.0000
76        | 12       | 0       | -14.3245 | -14.3245 | -0.0848  | -20.0000 | 0.0000  
76        | 13       | 1       | -164.3012 | -161.3682 | 2.9331   | -600.0000 | 600.0000
76        | 14       | 0       | -12.4497 | -12.4497 | 1.4259   | -400.0000 | 200.0000
76        | 15       | 1       | -8.5844  | -7.4634  | 1.1210   | -20.0000 | 0.0000  
76        | 16       | 1       | -172.6839 | -172.4023 | 0.2816   | -600.0000 | 600.0000
76        | 17       | 0       | 191.9091 | 191.9091 | -0.7154  | -400.0000 | 200.0000
76        | 18       | 0       | -7.8845  | -7.8845  | 0.3793   | -20.0000 | 0.0000  
76        | 19       | 0       | 78.8784  | 78.8784  | 1.2745   | -600.0000 | 600.0000
76        | 20       | 0       | -239.7830 | -239.7830 | -0.3746  | -400.0000 | 200.0000
76        | 21       | 0       | -2.4274  | -2.4274  | -3.6513  | -20.0000 | 0.0000  
76        | 22       | 0       | 356.9112 | 356.9112 | -1.8551  | -600.0000 | 600.0000
76        | 23       | 0       | -4.9289  | -4.9289  | -0.8461  | -400.0000 | 200.0000
76        | 24       | 0       | -2.9884  | -2.9884  | 1.3550   | -20.0000 | 0.0000  
76        | 25       | 1       | 211.6333 | 213.3735 | 1.7402   | -600.0000 | 600.0000
76        | 26       | 0       | 7.7799   | 7.7799   | -0.1705  | -400.0000 | 200.0000
76        | 27       | 0       | -1.0815  | -1.0815  | 1.1551   | -20.0000 | 0.0000  
76        | 28       | 0       | 0.0000   | 0.0000   | 1.3045   | -600.0000 | 600.0000
76        | 29       | 0       | 0.0000   | 0.0000   | 0.4211   | -400.0000 | 200.0000
76        | 30       | 0       | 0.0000   | 0.0000   | 1.1952   | -20.0000 | 0.0000  

77        | 1        | 0       | 0.0000   | 0.0000   | -0.9688  | -600.0000 | 600.0000
77        | 2        | 0       | 0.0000   | 0.0000   | -0.6151  | -400.0000 | 200.0000
77        | 3        | 0       | 0.0000   | 0.0000   | -2.7118  | -20.0000 | 0.0000  
77        | 4        | 0       | 62.2882  | 62.2882  | -3.8299  | -600.0000 | 600.0000
77        | 5        | 0       | -63.4372 | -63.4372 | 0.6624   | -400.0000 | 200.0000
77        | 6        | 1       | -2.4669  | -1.0809  | 1.3861   | -20.0000 | 0.0000  
77        | 7        | 0       | 151.6421 | 151.6421 | -1.0361  | -600.0000 | 600.0000
77        | 8        | 0       | -52.6837 | -52.6837 | 1.1716   | -400.0000 | 200.0000
77        | 9        | 0       | 0.0000   | 0.0000   | -1.1865  | -20.0000 | 0.0000  
77        | 10       | 0       | 487.3045 | 487.3045 | 0.0737   | -600.0000 | 600.0000
77        | 11       | 1       | -391.8829 | -390.9119 | 0.9710   | -400.0000 | 200.0000
77        | 12       | 0       | -6.3091  | -6.3091  | 0.6124   | -20.0000 | 0.0000  
77        | 13       | 0       | -344.4430 | -344.4430 | 0.8384   | -600.0000 | 600.0000
77        | 14       | 0       | -318.1771 | -318.1771 | -1.9960  | -400.0000 | 200.0000
77        | 15       | 0       | -19.7091 | -19.7091 | 1.5088   | -20.0000 | 0.0000  
77        | 16       | 0       | -179.2949 | -179.2949 | 1.0098   | -600.0000 | 600.0000
77        | 17       | 1       | -46.0494 | -47.5985 | -1.5491  | -400.0000 | 200.0000
77        | 18       | 0       | -12.1551 | -12.1551 | -0.2373  | -20.0000 | 0.0000  
77        | 19       | 0       | -315.3278 | -315.3278 | 0.4824   | -600.0000 | 600.0000
77        | 20       | 0       | -338.9305 | -338.9305 | -1.6854  | -400.0000 | 200.0000
77        | 21       | 0       | -16.9428 | -16.9428 | 0.3115   | -20.0000 | 0.0000  
77        | 22       | 0       | 16.6254  | 16.6254  | -1.5555  | -600.0000 | 600.0000
77        | 23       | 1       | -94.6657 | -95.1481 | -0.4824  | -400.0000 | 200.0000
77        | 24       | 0       | -12.6144 | -12.6144 | 0.8065   | -20.0000 | 0.0000  
77        | 25       | 0       | -42.9138 | -42.9138 | 2.9568   | -600.0000 | 600.0000
77        | 26       | 0       | 36.5068  | 36.5068  | 2.0037   | -400.0000 | 200.0000
77        | 27       | 0       | -6.8654  | -6.8654  | -0.0732  | -20.0000 | 0.0000  
77        | 28       | 0       | 0.0000   | 0.0000   | 0.9216   | -600.0000 | 600.0000
77        | 29       | 0       | 0.0000   | 0.0000   | 1.6719   | -400.0000 | 200.0000
77        | 30       | 0       | 0.0000   | 0.0000   | 0.9316   | -20.0000 | 0.0000  

78        | 1        | 0       | 0.0000   | 0.0000   | 0.3456   | -600.0000 | 600.0000
78        | 2        | 0       | 0.0000   | 0.0000   | -2.0502  | -400.0000 | 200.0000
78        | 3        | 0       | 0.0000   | 0.0000   | -3.7742  | -20.0000 | 0.0000  
78        | 4        | 0       | 141.8617 | 141.8617 | -1.9640  | -600.0000 | 600.0000
78        | 5        | 0       | -339.3264 | -339.3264 | 3.4265   | -400.0000 | 200.0000
78        | 6        | 1       | -18.3179 | -17.3296 | 0.9883   | -20.0000 | 0.0000  
78        | 7        | 0       | 241.1630 | 241.1630 | -1.8609  | -600.0000 | 600.0000
78        | 8        | 0       | -356.3422 | -356.3422 | 0.0842   | -400.0000 | 200.0000
78        | 9        | 1       | -3.5628  | -3.1211  | 0.4417   | -20.0000 | 0.0000  
78        | 10       | 1       | 247.4907 | 248.7928 | 1.3022   | -600.0000 | 600.0000
78        | 11       | 1       | -351.1907 | -350.4513 | 0.7395   | -400.0000 | 200.0000
78        | 12       | 0       | -18.3032 | -18.3032 | 0.8924   | -20.0000 | 0.0000  
78        | 13       | 1       | -538.9377 | -540.2480 | -1.3103  | -600.0000 | 600.0000
78        | 14       | 0       | -70.6848 | -70.6848 | 3.2934   | -400.0000 | 200.0000
78        | 15       | 1       | -10.1541 | -9.7590  | 0.3951   | -20.0000 | 0.0000  
78        | 16       | 1       | 407.4138 | 405.4729 | -1.9410  | -600.0000 | 600.0000
78        | 17       | 0       | -297.9748 | -297.9748 | 0.7921   | -400.0000 | 200.0000
78        | 18       | 0       | -19.6171 | -19.6171 | -0.6164  | -20.0000 | 0.0000  
78        | 19       | 0       | -214.6054 | -214.6054 | 1.5959   | -600.0000 | 600.0000
78        | 20       | 0       | -271.0507 | -271.0507 | -3.6204  | -400.0000 | 200.0000
78        | 21       | 0       | -8.8240  | -8.8240  | 1.0419   | -20.0000 | 0.0000  
78        | 22       | 0       | -516.9577 | -516.9577 | 1.5355   | -600.0000 | 600.0000
78        | 23       | 0       | 69.4254  | 69.4254  | -0.4197  | -400.0000 | 200.0000
78        | 24       | 0       | -14.5140 | -14.5140 | 0.8302   | -20.0000 | 0.0000  
78        | 25       | 1       | -42.9138 | -44.1601 | -1.2464  | -600.0000 | 600.0000
78        | 26       | 0       | 36.5068  | 36.5068  | 0.0323   | -400.0000 | 200.0000
78        | 27       | 1       | -6.8654  | -10.0878 | -3.2224  | -20.0000 | 0.0000  
78        | 28       | 0       | 0.0000   | 0.0000   | 1.1441   | -600.0000 | 600.0000
78        | 29       | 0       | 0.0000   | 0.0000   | -1.7156  | -400.0000 | 200.0000
78        | 30       | 0       | 0.0000   | 0.0000   | -1.9455  | -20.0000 | 0.0000  

79        | 1        | 0       | 0.0000   | 0.0000   | -0.0471  | -600.0000 | 600.0000
79        | 2        | 0       | 0.0000   | 0.0000   | -0.2651  | -400.0000 | 200.0000
79        | 3        | 0       | 0.0000   | 0.0000   | 0.5096   | -20.0000 | 0.0000  
79        | 4        | 1       | 210.5473 | 211.8839 | 1.3367   | -600.0000 | 600.0000
79        | 5        | 1       | -162.3994 | -165.7474 | -3.3480  | -400.0000 | 200.0000
79        | 6        | 1       | -17.3398 | -17.5642 | -0.2244  | -20.0000 | 0.0000  
79        | 7        | 1       | 98.0840  | 99.1325  | 1.0486   | -600.0000 | 600.0000
79        | 8        | 0       | -159.1229 | -159.1229 | -1.8449  | -400.0000 | 200.0000
79        | 9        | 0       | -13.2383 | -13.2383 | -2.4891  | -20.0000 | 0.0000  
79        | 10       | 1       | 36.3210  | 39.2422  | 2.9212   | -600.0000 | 600.0000
79        | 11       | 1       | -314.7177 | -313.3540 | 1.3638   | -400.0000 | 200.0000
79        | 12       | 0       | -19.7659 | -19.7659 | 0.9085   | -20.0000 | 0.0000  
79        | 13       | 0       | -93.5589 | -93.5589 | 1.6497   | -600.0000 | 600.0000
79        | 14       | 1       | -222.9756 | -223.4559 | -0.4803  | -400.0000 | 200.0000
79        | 15       | 0       | -10.2800 | -10.2800 | 0.2500   | -20.0000 | 0.0000  
79        | 16       | 0       | 92.6399  | 92.6399  | -1.2247  | -600.0000 | 600.0000
79        | 17       | 0       | -373.7566 | -373.7566 | -0.0080  | -400.0000 | 200.0000
79        | 18       | 0       | -12.9158 | -12.9158 | -1.7036  | -20.0000 | 0.0000  
79        | 19       | 0       | 70.3709  | 70.3709  | -3.2263  | -600.0000 | 600.0000
79        | 20       | 0       | -194.0996 | -194.0996 | -2.1937  | -400.0000 | 200.0000
79        | 21       | 0       | -5.4165  | -5.4165  | 5.2892   | -20.0000 | 0.0000  
79        | 22       | 0       | -61.6672 | -61.6672 | -1.3104  | -600.0000 | 600.0000
79        | 23       | 1       | 33.2426  | 33.2297  | -0.0129  | -400.0000 | 200.0000
79        | 24       | 0       | -2.2761  | -20.0000 | -102.1930 | -20.0000 | 0.0000  
79        | 25       | 0       | -258.5503 | -258.5503 | -2.4206  | -600.0000 | 600.0000
79        | 26       | 1       | -134.3187 | -134.1173 | 0.2014   | -400.0000 | 200.0000
79        | 27       | 0       | -7.6579  | -7.6579  | 2.1154   | -20.0000 | 0.0000  
79        | 28       | 0       | 0.0000   | 0.0000   | -3.1936  | -600.0000 | 600.0000
79        | 29       | 0       | 0.0000   | 0.0000   | 1.4883   | -400.0000 | 200.0000
79        | 30       | 0       | 0.0000   | 0.0000   | -3.3081  | -20.0000 | 0.0000  

80        | 1        | 0       | 0.0000   | 0.0000   | -1.2514  | -600.0000 | 600.0000
80        | 2        | 0       | 0.0000   | 0.0000   | -0.9534  | -400.0000 | 200.0000
80        | 3        | 0       | 0.0000   | 0.0000   | -0.3950  | -20.0000 | 0.0000  
80        | 4        | 0       | 320.6259 | 320.6259 | 1.0451   | -600.0000 | 600.0000
80        | 5        | 0       | -158.8415 | -158.8415 | 2.6990   | -400.0000 | 200.0000
80        | 6        | 0       | -10.4025 | -10.4025 | -1.5337  | -20.0000 | 0.0000  
80        | 7        | 0       | 44.5279  | 44.5279  | 2.7877   | -600.0000 | 600.0000
80        | 8        | 0       | -47.8953 | -47.8953 | -3.2419  | -400.0000 | 200.0000
80        | 9        | 0       | -5.0912  | -5.0912  | -4.1549  | -20.0000 | 0.0000  
80        | 10       | 0       | 272.0052 | 272.0052 | 1.7625   | -600.0000 | 600.0000
80        | 11       | 0       | -217.1493 | -217.1493 | -2.2049  | -400.0000 | 200.0000
80        | 12       | 0       | -3.4121  | -3.4121  | -2.3327  | -20.0000 | 0.0000  
80        | 13       | 0       | -19.7452 | -19.7452 | 1.5879   | -600.0000 | 600.0000
80        | 14       | 1       | 80.4673  | 84.1320  | 3.6647   | -400.0000 | 200.0000
80        | 15       | 0       | -7.9250  | -7.9250  | -0.6280  | -20.0000 | 0.0000  
80        | 16       | 1       | 108.6458 | 108.3295 | -0.3163  | -600.0000 | 600.0000
80        | 17       | 1       | -32.0250 | -34.4179 | -2.3929  | -400.0000 | 200.0000
80        | 18       | 0       | -7.2462  | -7.2462  | 0.3500   | -20.0000 | 0.0000  
80        | 19       | 0       | 462.0318 | 462.0318 | 0.4018   | -600.0000 | 600.0000
80        | 20       | 0       | -131.6925 | -131.6925 | -0.9631  | -400.0000 | 200.0000
80        | 21       | 1       | -9.7914  | -9.6372  | 0.1541   | -20.0000 | 0.0000  
80        | 22       | 0       | -223.3494 | -223.3494 | 0.8491   | -600.0000 | 600.0000
80        | 23       | 0       | -77.1864 | -77.1864 | 0.6623   | -400.0000 | 200.0000
80        | 24       | 0       | -3.1978  | -3.1978  | 0.0049   | -20.0000 | 0.0000  
80        | 25       | 0       | -42.9138 | -42.9138 | 1.9123   | -600.0000 | 600.0000
80        | 26       | 0       | 36.5068  | 36.5068  | -2.8289  | -400.0000 | 200.0000
80        | 27       | 0       | -6.8654  | -6.8654  | 1.4435   | -20.0000 | 0.0000  
80        | 28       | 0       | 0.0000   | 0.0000   | 1.6980   | -600.0000 | 600.0000
80        | 29       | 0       | 0.0000   | 0.0000   | -0.5907  | -400.0000 | 200.0000
80        | 30       | 0       | 0.0000   | 0.0000   | -3.5037  | -20.0000 | 0.0000  

81        | 1        | 0       | 0.0000   | 0.0000   | -1.2771  | -600.0000 | 600.0000
81        | 2        | 0       | 0.0000   | 0.0000   | -0.8094  | -400.0000 | 200.0000
81        | 3        | 0       | 0.0000   | 0.0000   | -0.3001  | -20.0000 | 0.0000  
81        | 4        | 0       | 62.2882  | 62.2882  | -2.3703  | -600.0000 | 600.0000
81        | 5        | 0       | -62.1412 | -62.1412 | 3.0601   | -400.0000 | 200.0000
81        | 6        | 0       | -2.4669  | -2.4669  | -1.3644  | -20.0000 | 0.0000  
81        | 7        | 0       | 72.8140  | 72.8140  | -2.1348  | -600.0000 | 600.0000
81        | 8        | 0       | -22.9441 | -22.9441 | -0.8176  | -400.0000 | 200.0000
81        | 9        | 0       | -6.2274  | -6.2274  | 2.3604   | -20.0000 | 0.0000  
81        | 10       | 1       | -297.4871 | -294.4886 | 2.9985   | -600.0000 | 600.0000
81        | 11       | 0       | -394.0127 | -394.0127 | 1.8838   | -400.0000 | 200.0000
81        | 12       | 0       | -7.1530  | -7.1530  | 1.6122   | -20.0000 | 0.0000  
81        | 13       | 1       | 45.1100  | 46.0996  | 0.9896   | -600.0000 | 600.0000
81        | 14       | 0       | 101.6706 | 101.6706 | 0.6257   | -400.0000 | 200.0000
81        | 15       | 0       | -2.2368  | -2.2368  | 1.4903   | -20.0000 | 0.0000  
81        | 16       | 1       | 411.9914 | 410.6883 | -1.3031  | -600.0000 | 600.0000
81        | 17       | 0       | -108.9432 | -108.9432 | 1.5769   | -400.0000 | 200.0000
81        | 18       | 0       | -13.3274 | -13.3274 | -3.2400  | -20.0000 | 0.0000  
81        | 19       | 1       | 447.4313 | 446.9564 | -0.4749  | -600.0000 | 600.0000
81        | 20       | 0       | -101.5576 | -101.5576 | -1.2733  | -400.0000 | 200.0000
81        | 21       | 1       | -5.3950  | -6.0619  | -0.6669  | -20.0000 | 0.0000  
81        | 22       | 1       | 407.7627 | 409.0278 | 1.2651   | -600.0000 | 600.0000
81        | 23       | 0       | -169.7002 | -169.7002 | -2.6912  | -400.0000 | 200.0000
81        | 24       | 0       | -8.5626  | -8.5626  | 0.1678   | -20.0000 | 0.0000  
81        | 25       | 0       | -42.9138 | -42.9138 | 0.9563   | -600.0000 | 600.0000
81        | 26       | 0       | 34.6864  | 34.6864  | -1.8949  | -400.0000 | 200.0000
81        | 27       | 0       | -6.8654  | -6.8654  | 0.4259   | -20.0000 | 0.0000  
81        | 28       | 0       | 0.0000   | 0.0000   | 1.0549   | -600.0000 | 600.0000
81        | 29       | 0       | 0.0000   | 0.0000   | -0.8845  | -400.0000 | 200.0000
81        | 30       | 0       | 0.0000   | 0.0000   | -2.0351  | -20.0000 | 0.0000  

82        | 1        | 0       | 0.0000   | 0.0000   | 2.2281   | -600.0000 | 600.0000
82        | 2        | 0       | 0.0000   | 0.0000   | 0.2864   | -400.0000 | 200.0000
82        | 3        | 0       | 0.0000   | 0.0000   | -2.6512  | -20.0000 | 0.0000  
82        | 4        | 0       | -249.3381 | -249.3381 | -1.4176  | -600.0000 | 600.0000
82        | 5        | 0       | 146.4621 | 146.4621 | 1.3628   | -400.0000 | 200.0000
82        | 6        | 1       | -3.6589  | -5.0879  | -1.4290  | -20.0000 | 0.0000  
82        | 7        | 1       | 367.4899 | 365.2639 | -2.2260  | -600.0000 | 600.0000
82        | 8        | 0       | -390.0016 | -390.0016 | -0.4473  | -400.0000 | 200.0000
82        | 9        | 1       | -1.1745  | -3.6321  | -2.4576  | -20.0000 | 0.0000  
82        | 10       | 0       | 272.0052 | 272.0052 | -1.1576  | -600.0000 | 600.0000
82        | 11       | 0       | -217.1493 | -217.1493 | 1.8622   | -400.0000 | 200.0000
82        | 12       | 0       | -6.4832  | -6.4832  | 1.3132   | -20.0000 | 0.0000  
82        | 13       | 0       | -262.1746 | -262.1746 | 1.7644   | -600.0000 | 600.0000
82        | 14       | 0       | 123.6523 | 123.6523 | 0.1135   | -400.0000 | 200.0000
82        | 15       | 0       | -17.7484 | -17.7484 | -2.2887  | -20.0000 | 0.0000  
82        | 16       | 0       | -79.8333 | -79.8333 | -0.3039  | -600.0000 | 600.0000
82        | 17       | 0       | 196.5823 | 196.5823 | 1.3619   | -400.0000 | 200.0000
82        | 18       | 0       | -8.8188  | -8.8188  | -1.9385  | -20.0000 | 0.0000  
82        | 19       | 0       | -213.8682 | -213.8682 | 2.8510   | -600.0000 | 600.0000
82        | 20       | 0       | -271.0507 | -271.0507 | 1.9919   | -400.0000 | 200.0000
82        | 21       | 0       | -12.9896 | -12.9896 | -3.1617  | -20.0000 | 0.0000  
82        | 22       | 1       | -153.7501 | -155.2189 | -1.4688  | -600.0000 | 600.0000
82        | 23       | 0       | -360.4488 | -360.4488 | -1.3460  | -400.0000 | 200.0000
82        | 24       | 0       | -12.6085 | -12.6085 | -1.4555  | -20.0000 | 0.0000  
82        | 25       | 0       | -42.9138 | -42.9138 | -0.7562  | -600.0000 | 600.0000
82        | 26       | 1       | 36.5068  | 33.4789  | -3.0279  | -400.0000 | 200.0000
82        | 27       | 1       | -9.1307  | -9.3298  | -0.1991  | -20.0000 | 0.0000  
82        | 28       | 0       | 0.0000   | 0.0000   | 0.5766   | -600.0000 | 600.0000
82        | 29       | 0       | 0.0000   | 0.0000   | 2.8062   | -400.0000 | 200.0000
82        | 30       | 0       | 0.0000   | 0.0000   | -0.0580  | -20.0000 | 0.0000  

83        | 1        | 0       | 0.0000   | 0.0000   | -2.3998  | -600.0000 | 600.0000
83        | 2        | 0       | 0.0000   | 0.0000   | 2.6182   | -400.0000 | 200.0000
83        | 3        | 0       | 0.0000   | 0.0000   | 0.6379   | -20.0000 | 0.0000  
83        | 4        | 1       | 136.6706 | 135.4272 | -1.2434  | -600.0000 | 600.0000
83        | 5        | 0       | 124.2192 | 124.2192 | -0.1568  | -400.0000 | 200.0000
83        | 6        | 0       | -5.5205  | -5.5205  | -4.4777  | -20.0000 | 0.0000  
83        | 7        | 1       | 30.1961  | 29.5618  | -0.6343  | -600.0000 | 600.0000
83        | 8        | 0       | 26.3430  | 26.3430  | -1.0175  | -400.0000 | 200.0000
83        | 9        | 1       | -20.0000 | -19.7037 | 0.2963   | -20.0000 | 0.0000  
83        | 10       | 0       | 80.7614  | 80.7614  | -2.4134  | -600.0000 | 600.0000
83        | 11       | 0       | -246.0623 | -246.0623 | 0.1160   | -400.0000 | 200.0000
83        | 12       | 0       | -0.7415  | -0.7415  | -2.8018  | -20.0000 | 0.0000  
83        | 13       | 0       | -262.1746 | -262.1746 | 1.3458   | -600.0000 | 600.0000
83        | 14       | 0       | 123.6523 | 123.6523 | 1.3555   | -400.0000 | 200.0000
83        | 15       | 0       | -17.7484 | -17.7484 | 0.8841   | -20.0000 | 0.0000  
83        | 16       | 0       | -79.8333 | -79.8333 | 1.6952   | -600.0000 | 600.0000
83        | 17       | 0       | 196.5823 | 196.5823 | -0.8832  | -400.0000 | 200.0000
83        | 18       | 0       | -8.8188  | -8.8188  | 2.1124   | -20.0000 | 0.0000  
83        | 19       | 0       | 462.0318 | 462.0318 | -2.6633  | -600.0000 | 600.0000
83        | 20       | 1       | -131.6925 | -131.8114 | -0.1189  | -400.0000 | 200.0000
83        | 21       | 0       | -9.7914  | -9.7914  | -0.8909  | -20.0000 | 0.0000  
83        | 22       | 0       | 153.2089 | 153.2089 | 1.9477   | -600.0000 | 600.0000
83        | 23       | 0       | 155.4738 | 155.4738 | 1.0039   | -400.0000 | 200.0000
83        | 24       | 1       | -19.6177 | -18.2618 | 1.3558   | -20.0000 | 0.0000  
83        | 25       | 0       | -42.9138 | -42.9138 | -1.8870  | -600.0000 | 600.0000
83        | 26       | 0       | 36.5068  | 36.5068  | 0.9208   | -400.0000 | 200.0000
83        | 27       | 1       | -9.1307  | -10.0417 | -0.9110  | -20.0000 | 0.0000  
83        | 28       | 0       | 0.0000   | 0.0000   | -0.2822  | -600.0000 | 600.0000
83        | 29       | 0       | 0.0000   | 0.0000   | 2.3355   | -400.0000 | 200.0000
83        | 30       | 0       | 0.0000   | 0.0000   | -1.1908  | -20.0000 | 0.0000  

84        | 1        | 0       | 0.0000   | 0.0000   | -4.0310  | -600.0000 | 600.0000
84        | 2        | 0       | 0.0000   | 0.0000   | 1.0197   | -400.0000 | 200.0000
84        | 3        | 0       | 0.0000   | 0.0000   | -1.2753  | -20.0000 | 0.0000  
84        | 4        | 0       | 7.0232   | 7.0232   | -0.0751  | -600.0000 | 600.0000
84        | 5        | 0       | 104.4218 | 104.4218 | -0.8045  | -400.0000 | 200.0000
84        | 6        | 1       | -5.3440  | -5.6841  | -0.3401  | -20.0000 | 0.0000  
84        | 7        | 0       | 50.6846  | 50.6846  | -1.9718  | -600.0000 | 600.0000
84        | 8        | 0       | -42.6477 | -42.6477 | 1.3757   | -400.0000 | 200.0000
84        | 9        | 1       | -9.3694  | -6.6732  | 2.6962   | -20.0000 | 0.0000  
84        | 10       | 0       | -242.9419 | -242.9419 | 0.1436   | -600.0000 | 600.0000
84        | 11       | 1       | -60.9868 | -58.3899 | 2.5969   | -400.0000 | 200.0000
84        | 12       | 0       | -6.2223  | -6.2223  | 1.2807   | -20.0000 | 0.0000  
84        | 13       | 1       | 446.0515 | 450.6637 | 4.6122   | -600.0000 | 600.0000
84        | 14       | 0       | -18.2252 | -18.2252 | -2.2741  | -400.0000 | 200.0000
84        | 15       | 1       | -4.7776  | -8.4548  | -3.6772  | -20.0000 | 0.0000  
84        | 16       | 1       | -407.9140 | -408.4791 | -0.5650  | -600.0000 | 600.0000
84        | 17       | 0       | -123.0655 | -123.0655 | 0.0582   | -400.0000 | 200.0000
84        | 18       | 0       | -20.0000 | -20.0000 | -0.5717  | -20.0000 | 0.0000  
84        | 19       | 0       | -303.9854 | -303.9854 | 0.7579   | -600.0000 | 600.0000
84        | 20       | 1       | 35.8770  | 39.6133  | 3.7363   | -400.0000 | 200.0000
84        | 21       | 0       | -0.1638  | -0.1638  | 0.3390   | -20.0000 | 0.0000  
84        | 22       | 0       | -480.9863 | -480.9863 | 3.9103   | -600.0000 | 600.0000
84        | 23       | 0       | -159.1034 | -159.1034 | 0.4616   | -400.0000 | 200.0000
84        | 24       | 0       | -2.1689  | -2.1689  | 3.8897   | -20.0000 | 0.0000  
84        | 25       | 1       | 76.0900  | 74.7115  | -1.3785  | -600.0000 | 600.0000
84        | 26       | 1       | 82.2829  | 81.8672  | -0.4157  | -400.0000 | 200.0000
84        | 27       | 0       | -17.2570 | -17.2570 | 3.3249   | -20.0000 | 0.0000  
84        | 28       | 0       | 0.0000   | 0.0000   | -0.2945  | -600.0000 | 600.0000
84        | 29       | 0       | 0.0000   | 0.0000   | -2.6940  | -400.0000 | 200.0000
84        | 30       | 0       | 0.0000   | 0.0000   | 3.4733   | -20.0000 | 0.0000  

85        | 1        | 0       | 0.0000   | 0.0000   | -1.4634  | -600.0000 | 600.0000
85        | 2        | 0       | 0.0000   | 0.0000   | -3.1260  | -400.0000 | 200.0000
85        | 3        | 0       | 0.0000   | 0.0000   | 0.2810   | -20.0000 | 0.0000  
85        | 4        | 1       | 207.2436 | 204.9142 | -2.3294  | -600.0000 | 600.0000
85        | 5        | 1       | 80.0500  | 79.2011  | -0.8489  | -400.0000 | 200.0000
85        | 6        | 0       | -17.2099 | -17.2099 | 0.4140   | -20.0000 | 0.0000  
85        | 7        | 1       | 180.2448 | 176.8111 | -3.4338  | -600.0000 | 600.0000
85        | 8        | 1       | -233.3052 | -231.9178 | 1.3875   | -400.0000 | 200.0000
85        | 9        | 1       | -16.8759 | -13.3084 | 3.5675   | -20.0000 | 0.0000  
85        | 10       | 1       | 163.1284 | 164.6309 | 1.5025   | -600.0000 | 600.0000
85        | 11       | 0       | -38.1705 | -38.1705 | 1.9245   | -400.0000 | 200.0000
85        | 12       | 0       | -16.4129 | -16.4129 | 1.1021   | -20.0000 | 0.0000  
85        | 13       | 0       | 244.5029 | 244.5029 | -3.8732  | -600.0000 | 600.0000
85        | 14       | 1       | -126.8968 | -126.3805 | 0.5163   | -400.0000 | 200.0000
85        | 15       | 0       | -6.6448  | -6.6448  | -0.4807  | -20.0000 | 0.0000  
85        | 16       | 0       | 410.7267 | 410.7267 | 0.7618   | -600.0000 | 600.0000
85        | 17       | 0       | -298.1629 | -298.1629 | 0.1730   | -400.0000 | 200.0000
85        | 18       | 1       | -18.0130 | -17.9912 | 0.0218   | -20.0000 | 0.0000  
85        | 19       | 0       | -199.4320 | -199.4320 | -2.0166  | -600.0000 | 600.0000
85        | 20       | 1       | 36.6022  | 37.2878  | 0.6855   | -400.0000 | 200.0000
85        | 21       | 1       | -12.7537 | -14.0612 | -1.3074  | -20.0000 | 0.0000  
85        | 22       | 0       | -516.9577 | -516.9577 | 2.8812   | -600.0000 | 600.0000
85        | 23       | 0       | 69.4254  | 69.4254  | 4.2422   | -400.0000 | 200.0000
85        | 24       | 1       | -14.5140 | -9.6298  | 4.8842   | -20.0000 | 0.0000  
85        | 25       | 0       | -42.9138 | -42.9138 | -0.3692  | -600.0000 | 600.0000
85        | 26       | 0       | 36.5068  | 36.5068  | 1.0709   | -400.0000 | 200.0000
85        | 27       | 0       | -6.8654  | -6.8654  | 0.6358   | -20.0000 | 0.0000  
85        | 28       | 0       | 0.0000   | 0.0000   | -1.8079  | -600.0000 | 600.0000
85        | 29       | 0       | 0.0000   | 0.0000   | 0.0985   | -400.0000 | 200.0000
85        | 30       | 0       | 0.0000   | 0.0000   | -0.7152  | -20.0000 | 0.0000  

86        | 1        | 0       | 0.0000   | 0.0000   | -0.5101  | -600.0000 | 600.0000
86        | 2        | 0       | 0.0000   | 0.0000   | -3.1559  | -400.0000 | 200.0000
86        | 3        | 0       | 0.0000   | 0.0000   | 1.2080   | -20.0000 | 0.0000  
86        | 4        | 0       | 347.0055 | 347.0055 | -3.8195  | -600.0000 | 600.0000
86        | 5        | 1       | -100.9347 | -102.2948 | -1.3601  | -400.0000 | 200.0000
86        | 6        | 0       | -17.2125 | -17.2125 | -0.9884  | -20.0000 | 0.0000  
86        | 7        | 0       | 44.5279  | 44.5279  | 0.2947   | -600.0000 | 600.0000
86        | 8        | 1       | -47.8550 | -51.9712 | -4.1162  | -400.0000 | 200.0000
86        | 9        | 0       | -5.0912  | -5.0912  | 0.7608   | -20.0000 | 0.0000  
86        | 10       | 0       | 124.1383 | 124.1383 | -0.1120  | -600.0000 | 600.0000
86        | 11       | 0       | 2.4960   | 2.4960   | 0.8941   | -400.0000 | 200.0000
86        | 12       | 1       | -7.6102  | -7.7839  | -0.1737  | -20.0000 | 0.0000  
86        | 13       | 0       | -164.3012 | -164.3012 | 0.0310   | -600.0000 | 600.0000
86        | 14       | 0       | -12.4497 | -12.4497 | -0.1110  | -400.0000 | 200.0000
86        | 15       | 0       | -8.5844  | -8.5844  | -2.0934  | -20.0000 | 0.0000  
86        | 16       | 1       | -172.6839 | -175.6735 | -2.9896  | -600.0000 | 600.0000
86        | 17       | 0       | 191.9091 | 191.9091 | 0.1240   | -400.0000 | 200.0000
86        | 18       | 0       | -7.8845  | -7.8845  | -5.0406  | -20.0000 | 0.0000  
86        | 19       | 0       | -75.0301 | -75.0301 | 0.2528   | -600.0000 | 600.0000
86        | 20       | 0       | 142.4952 | 142.4952 | 3.5293   | -400.0000 | 200.0000
86        | 21       | 1       | -16.9584 | -15.9263 | 1.0321   | -20.0000 | 0.0000  
86        | 22       | 0       | -302.5307 | -302.5307 | -1.8519  | -600.0000 | 600.0000
86        | 23       | 1       | -304.7398 | -308.2674 | -3.5276  | -400.0000 | 200.0000
86        | 24       | 0       | -20.0000 | -20.0000 | -2.5005  | -20.0000 | 0.0000  
86        | 25       | 1       | -259.8867 | -261.8926 | -2.0059  | -600.0000 | 600.0000
86        | 26       | 1       | -132.5317 | -134.2736 | -1.7420  | -400.0000 | 200.0000
86        | 27       | 0       | -7.6579  | -7.6579  | 0.1194   | -20.0000 | 0.0000  
86        | 28       | 0       | 0.0000   | 0.0000   | -0.1067  | -600.0000 | 600.0000
86        | 29       | 0       | 0.0000   | 0.0000   | -3.0386  | -400.0000 | 200.0000
86        | 30       | 0       | 0.0000   | 0.0000   | 1.8274   | -20.0000 | 0.0000  

87        | 1        | 0       | 0.0000   | 0.0000   | 3.0447   | -600.0000 | 600.0000
87        | 2        | 0       | 0.0000   | 0.0000   | 0.6738   | -400.0000 | 200.0000
87        | 3        | 0       | 0.0000   | 0.0000   | 0.8778   | -20.0000 | 0.0000  
87        | 4        | 1       | -2.0191  | -4.5941  | -2.5750  | -600.0000 | 600.0000
87        | 5        | 0       | 13.0896  | 13.0896  | 2.2090   | -400.0000 | 200.0000
87        | 6        | 1       | -8.3035  | -9.1213  | -0.8178  | -20.0000 | 0.0000  
87        | 7        | 1       | 176.9190 | 176.3240 | -0.5950  | -600.0000 | 600.0000
87        | 8        | 0       | -229.3051 | -229.3051 | 2.5823   | -400.0000 | 200.0000
87        | 9        | 1       | -16.6867 | -16.0760 | 0.6107   | -20.0000 | 0.0000  
87        | 10       | 0       | 163.1284 | 163.1284 | 1.0140   | -600.0000 | 600.0000
87        | 11       | 0       | -39.9160 | -39.9160 | 3.4907   | -400.0000 | 200.0000
87        | 12       | 0       | -18.1747 | -18.1747 | -2.0274  | -20.0000 | 0.0000  
87        | 13       | 1       | 247.5465 | 248.9195 | 1.3730   | -600.0000 | 600.0000
87        | 14       | 1       | -126.8968 | -128.8318 | -1.9350  | -400.0000 | 200.0000
87        | 15       | 0       | -8.4628  | -8.4628  | 1.3093   | -20.0000 | 0.0000  
87        | 16       | 0       | 404.8405 | 404.8405 | 1.4996   | -600.0000 | 600.0000
87        | 17       | 0       | -298.1629 | -298.1629 | 2.7093   | -400.0000 | 200.0000
87        | 18       | 0       | -19.9417 | -19.9417 | -2.6039  | -20.0000 | 0.0000  
87        | 19       | 0       | 335.7532 | 335.7532 | -2.9266  | -600.0000 | 600.0000
87        | 20       | 0       | -34.1266 | -34.1266 | -2.3289  | -400.0000 | 200.0000
87        | 21       | 1       | -2.5767  | -1.8341  | 0.7426   | -20.0000 | 0.0000  
87        | 22       | 0       | 405.0070 | 405.0070 | 2.2934   | -600.0000 | 600.0000
87        | 23       | 0       | 80.2230  | 80.2230  | -0.9041  | -400.0000 | 200.0000
87        | 24       | 0       | 0.0000   | 0.0000   | -0.7299  | -20.0000 | 0.0000  
87        | 25       | 0       | 284.2056 | 284.2056 | -1.4269  | -600.0000 | 600.0000
87        | 26       | 0       | -180.2740 | -180.2740 | 0.8994   | -400.0000 | 200.0000
87        | 27       | 0       | -4.6564  | -4.6564  | -1.4330  | -20.0000 | 0.0000  
87        | 28       | 0       | 0.0000   | 0.0000   | 1.0841   | -600.0000 | 600.0000
87        | 29       | 0       | 0.0000   | 0.0000   | 1.6309   | -400.0000 | 200.0000
87        | 30       | 0       | 0.0000   | 0.0000   | -1.6602  | -20.0000 | 0.0000  

88        | 1        | 0       | 0.0000   | 0.0000   | -0.1709  | -600.0000 | 600.0000
88        | 2        | 0       | 0.0000   | 0.0000   | 1.2572   | -400.0000 | 200.0000
88        | 3        | 0       | 0.0000   | 0.0000   | -2.7565  | -20.0000 | 0.0000  
88        | 4        | 0       | -69.2442 | -69.2442 | -0.5133  | -600.0000 | 600.0000
88        | 5        | 0       | -336.6012 | -336.6012 | 1.8945   | -400.0000 | 200.0000
88        | 6        | 1       | -7.1835  | -6.0995  | 1.0840   | -20.0000 | 0.0000  
88        | 7        | 1       | 558.9733 | 557.5417 | -1.4316  | -600.0000 | 600.0000
88        | 8        | 0       | -62.0853 | -62.0853 | 0.8509   | -400.0000 | 200.0000
88        | 9        | 0       | -13.0545 | -13.0545 | -2.2520  | -20.0000 | 0.0000  
88        | 10       | 0       | 96.5611  | 96.5611  | -3.2982  | -600.0000 | 600.0000
88        | 11       | 0       | -316.4820 | -316.4820 | 4.9525   | -400.0000 | 200.0000
88        | 12       | 0       | -11.1191 | -11.1191 | 1.6041   | -20.0000 | 0.0000  
88        | 13       | 1       | 149.5863 | 144.7326 | -4.8538  | -600.0000 | 600.0000
88        | 14       | 0       | -106.6613 | -106.6613 | 0.6559   | -400.0000 | 200.0000
88        | 15       | 1       | -9.9136  | -9.8444  | 0.0692   | -20.0000 | 0.0000  
88        | 16       | 0       | 592.6181 | 592.6181 | -0.8157  | -600.0000 | 600.0000
88        | 17       | 1       | 124.9771 | 124.6689 | -0.3083  | -400.0000 | 200.0000
88        | 18       | 0       | -7.5319  | -7.5319  | -0.9320  | -20.0000 | 0.0000  
88        | 19       | 0       | 83.2528  | 83.2528  | -1.7879  | -600.0000 | 600.0000
88        | 20       | 1       | -30.5503 | -29.4719 | 1.0784   | -400.0000 | 200.0000
88        | 21       | 0       | -15.9738 | -15.9738 | -1.8200  | -20.0000 | 0.0000  
88        | 22       | 1       | 405.7860 | 405.2481 | -0.5378  | -600.0000 | 600.0000
88        | 23       | 1       | 82.1270  | 80.9024  | -1.2246  | -400.0000 | 200.0000
88        | 24       | 0       | -3.4786  | -3.4786  | 2.3008   | -20.0000 | 0.0000  
88        | 25       | 0       | 187.9387 | 187.9387 | 0.7154   | -600.0000 | 600.0000
88        | 26       | 1       | 14.1549  | 13.1597  | -0.9952  | -400.0000 | 200.0000
88        | 27       | 1       | -3.0161  | -0.8495  | 2.1666   | -20.0000 | 0.0000  
88        | 28       | 0       | 0.0000   | 0.0000   | -1.9593  | -600.0000 | 600.0000
88        | 29       | 0       | 0.0000   | 0.0000   | 1.0123   | -400.0000 | 200.0000
88        | 30       | 0       | 0.0000   | 0.0000   | -1.7341  | -20.0000 | 0.0000  

89        | 1        | 0       | 0.0000   | 0.0000   | 3.3212   | -600.0000 | 600.0000
89        | 2        | 0       | 0.0000   | 0.0000   | -3.3643  | -400.0000 | 200.0000
89        | 3        | 0       | 0.0000   | 0.0000   | -0.7212  | -20.0000 | 0.0000  
89        | 4        | 1       | 7.0232   | 6.9061   | -0.1172  | -600.0000 | 600.0000
89        | 5        | 1       | 101.8799 | 102.8459 | 0.9660   | -400.0000 | 200.0000
89        | 6        | 1       | -5.3440  | -4.4527  | 0.8913   | -20.0000 | 0.0000  
89        | 7        | 1       | 50.6846  | 48.7462  | -1.9385  | -600.0000 | 600.0000
89        | 8        | 0       | -42.6477 | -42.6477 | -2.0994  | -400.0000 | 200.0000
89        | 9        | 0       | -9.3694  | -9.3694  | -2.9015  | -20.0000 | 0.0000  
89        | 10       | 1       | -242.9419 | -240.3309 | 2.6110   | -600.0000 | 600.0000
89        | 11       | 0       | -60.7080 | -60.7080 | -2.4519  | -400.0000 | 200.0000
89        | 12       | 0       | -6.2223  | -6.2223  | -2.6951  | -20.0000 | 0.0000  
89        | 13       | 0       | -94.3586 | -94.3586 | -3.7157  | -600.0000 | 600.0000
89        | 14       | 0       | -224.3399 | -224.3399 | -1.9189  | -400.0000 | 200.0000
89        | 15       | 0       | -10.2800 | -10.2800 | -2.4719  | -20.0000 | 0.0000  
89        | 16       | 0       | 92.6399  | 92.6399  | 1.8292   | -600.0000 | 600.0000
89        | 17       | 0       | -373.7566 | -373.7566 | 2.3100   | -400.0000 | 200.0000
89        | 18       | 0       | -12.9158 | -12.9158 | 2.5201   | -20.0000 | 0.0000  
89        | 19       | 0       | 70.3709  | 70.3709  | -0.3036  | -600.0000 | 600.0000
89        | 20       | 0       | -194.0996 | -194.0996 | 2.9923   | -400.0000 | 200.0000
89        | 21       | 0       | -5.4165  | -5.4165  | 1.7269   | -20.0000 | 0.0000  
89        | 22       | 0       | -480.9863 | -480.9863 | -1.9801  | -600.0000 | 600.0000
89        | 23       | 0       | -159.1034 | -159.1034 | -0.0574  | -400.0000 | 200.0000
89        | 24       | 1       | -2.1689  | -7.7345  | -5.5656  | -20.0000 | 0.0000  
89        | 25       | 1       | 76.0900  | 71.2706  | -4.8194  | -600.0000 | 600.0000
89        | 26       | 1       | 82.2829  | 85.5662  | 3.2832   | -400.0000 | 200.0000
89        | 27       | 0       | -17.2570 | -17.2570 | 1.2696   | -20.0000 | 0.0000  
89        | 28       | 0       | 0.0000   | 0.0000   | 0.5553   | -600.0000 | 600.0000
89        | 29       | 0       | 0.0000   | 0.0000   | 2.8900   | -400.0000 | 200.0000
89        | 30       | 0       | 0.0000   | 0.0000   | 5.0976   | -20.0000 | 0.0000  

90        | 1        | 0       | 0.0000   | 0.0000   | -2.7438  | -600.0000 | 600.0000
90        | 2        | 0       | 0.0000   | 0.0000   | -1.9917  | -400.0000 | 200.0000
90        | 3        | 0       | 0.0000   | 0.0000   | -1.1368  | -20.0000 | 0.0000  
90        | 4        | 0       | 320.6259 | 320.6259 | -4.7549  | -600.0000 | 600.0000
90        | 5        | 1       | -158.8415 | -156.9181 | 1.9233   | -400.0000 | 200.0000
90        | 6        | 1       | -10.4025 | -10.8068 | -0.4043  | -20.0000 | 0.0000  
90        | 7        | 1       | -381.6862 | -381.9517 | -0.2655  | -600.0000 | 600.0000
90        | 8        | 1       | 117.0714 | 119.3134 | 2.2420   | -400.0000 | 200.0000
90        | 9        | 0       | -1.0777  | -1.0777  | -3.0651  | -20.0000 | 0.0000  
90        | 10       | 0       | 252.2914 | 252.2914 | 0.0546   | -600.0000 | 600.0000
90        | 11       | 1       | -211.3899 | -213.6434 | -2.2534  | -400.0000 | 200.0000
90        | 12       | 1       | -10.5766 | -9.5435  | 1.0332   | -20.0000 | 0.0000  
90        | 13       | 0       | 385.9643 | 385.9643 | -2.0768  | -600.0000 | 600.0000
90        | 14       | 0       | -124.4409 | -124.4409 | -0.5175  | -400.0000 | 200.0000
90        | 15       | 0       | -12.8440 | -12.8440 | -2.2968  | -20.0000 | 0.0000  
90        | 16       | 0       | 285.0015 | 285.0015 | 1.4395   | -600.0000 | 600.0000
90        | 17       | 0       | -128.6692 | -128.6692 | -1.8310  | -400.0000 | 200.0000
90        | 18       | 1       | -15.5079 | -15.4820 | 0.0259   | -20.0000 | 0.0000  
90        | 19       | 1       | -57.0726 | -57.6732 | -0.6006  | -600.0000 | 600.0000
90        | 20       | 0       | -315.4858 | -315.4858 | 2.2526   | -400.0000 | 200.0000
90        | 21       | 0       | -16.4723 | -16.4723 | -2.1745  | -20.0000 | 0.0000  
90        | 22       | 1       | -479.2350 | -475.9616 | 3.2735   | -600.0000 | 600.0000
90        | 23       | 0       | -256.0755 | -256.0755 | 0.8374   | -400.0000 | 200.0000
90        | 24       | 0       | -17.1606 | -17.1606 | -2.6245  | -20.0000 | 0.0000  
90        | 25       | 0       | -42.9138 | -42.9138 | -0.9747  | -600.0000 | 600.0000
90        | 26       | 1       | 36.5068  | 37.5600  | 1.0532   | -400.0000 | 200.0000
90        | 27       | 1       | -6.8654  | -9.1050  | -2.2396  | -20.0000 | 0.0000  
90        | 28       | 0       | 0.0000   | 0.0000   | 2.5648   | -600.0000 | 600.0000
90        | 29       | 0       | 0.0000   | 0.0000   | 0.8203   | -400.0000 | 200.0000
90        | 30       | 0       | 0.0000   | 0.0000   | 2.2218   | -20.0000 | 0.0000  

91        | 1        | 0       | 0.0000   | 0.0000   | 0.0659   | -600.0000 | 600.0000
91        | 2        | 0       | 0.0000   | 0.0000   | -0.1785  | -400.0000 | 200.0000
91        | 3        | 0       | 0.0000   | 0.0000   | 1.7311   | -20.0000 | 0.0000  
91        | 4        | 0       | -152.7738 | -152.7738 | -0.8759  | -600.0000 | 600.0000
91        | 5        | 0       | -244.1477 | -244.1477 | 0.5253   | -400.0000 | 200.0000
91        | 6        | 1       | -5.5316  | -2.4558  | 3.0758   | -20.0000 | 0.0000  
91        | 7        | 0       | -4.9491  | -4.9491  | 3.3586   | -600.0000 | 600.0000
91        | 8        | 1       | -351.3723 | -351.1658 | 0.2065   | -400.0000 | 200.0000
91        | 9        | 1       | -15.5963 | -12.1947 | 3.4016   | -20.0000 | 0.0000  
91        | 10       | 0       | 219.9105 | 219.9105 | -1.0915  | -600.0000 | 600.0000
91        | 11       | 0       | -354.3215 | -354.3215 | 1.7256   | -400.0000 | 200.0000
91        | 12       | 0       | -2.9759  | -2.9759  | 2.4804   | -20.0000 | 0.0000  
91        | 13       | 0       | -5.8242  | -5.8242  | -0.0872  | -600.0000 | 600.0000
91        | 14       | 0       | -111.6481 | -111.6481 | -3.1698  | -400.0000 | 200.0000
91        | 15       | 0       | -8.1518  | -8.1518  | -1.2480  | -20.0000 | 0.0000  
91        | 16       | 1       | 389.6172 | 384.9658 | -4.6513  | -600.0000 | 600.0000
91        | 17       | 1       | -191.3145 | -188.9636 | 2.3509   | -400.0000 | 200.0000
91        | 18       | 1       | -6.4397  | -5.0561  | 1.3835   | -20.0000 | 0.0000  
91        | 19       | 0       | 78.8784  | 78.8784  | 0.3742   | -600.0000 | 600.0000
91        | 20       | 0       | -239.7830 | -239.7830 | 3.2420   | -400.0000 | 200.0000
91        | 21       | 0       | -2.4274  | -2.4274  | -2.5658  | -20.0000 | 0.0000  
91        | 22       | 0       | 356.9112 | 356.9112 | -1.3199  | -600.0000 | 600.0000
91        | 23       | 0       | -4.9289  | -4.9289  | -2.2872  | -400.0000 | 200.0000
91        | 24       | 0       | -2.9884  | -2.9884  | -0.8486  | -20.0000 | 0.0000  
91        | 25       | 0       | -80.6797 | -80.6797 | 0.2920   | -600.0000 | 600.0000
91        | 26       | 0       | 13.9884  | 13.9884  | -1.1656  | -400.0000 | 200.0000
91        | 27       | 0       | -13.2731 | -13.2731 | 0.4187   | -20.0000 | 0.0000  
91        | 28       | 0       | 0.0000   | 0.0000   | 2.5528   | -600.0000 | 600.0000
91        | 29       | 0       | 0.0000   | 0.0000   | -0.8538  | -400.0000 | 200.0000
91        | 30       | 0       | 0.0000   | 0.0000   | 0.2700   | -20.0000 | 0.0000  

92        | 1        | 0       | 0.0000   | 0.0000   | 3.5218   | -600.0000 | 600.0000
92        | 2        | 0       | 0.0000   | 0.0000   | -2.6238  | -400.0000 | 200.0000
92        | 3        | 0       | 0.0000   | 0.0000   | 2.3681   | -20.0000 | 0.0000  
92        | 4        | 1       | 62.2882  | 59.4725  | -2.8157  | -600.0000 | 600.0000
92        | 5        | 0       | -63.4372 | -63.4372 | -2.5015  | -400.0000 | 200.0000
92        | 6        | 1       | -5.3198  | 0.0000   | 5.4015   | -20.0000 | 0.0000  
92        | 7        | 1       | 72.8140  | 73.1819  | 0.3679   | -600.0000 | 600.0000
92        | 8        | 1       | -22.9441 | -20.4625 | 2.4816   | -400.0000 | 200.0000
92        | 9        | 0       | -6.2274  | -6.2274  | 3.1873   | -20.0000 | 0.0000  
92        | 10       | 0       | -525.8298 | -525.8298 | 0.7581   | -600.0000 | 600.0000
92        | 11       | 1       | -342.7792 | -344.9671 | -2.1879  | -400.0000 | 200.0000
92        | 12       | 1       | -15.7229 | -13.3343 | 2.3886   | -20.0000 | 0.0000  
92        | 13       | 0       | -344.4430 | -344.4430 | 1.1127   | -600.0000 | 600.0000
92        | 14       | 1       | -318.1771 | -319.0620 | -0.8849  | -400.0000 | 200.0000
92        | 15       | 1       | -19.7091 | -20.0000 | -2.3352  | -20.0000 | 0.0000  
92        | 16       | 0       | -179.2949 | -179.2949 | -0.0037  | -600.0000 | 600.0000
92        | 17       | 0       | -46.0494 | -46.0494 | -0.6563  | -400.0000 | 200.0000
92        | 18       | 1       | -15.5278 | -15.6418 | -0.1140  | -20.0000 | 0.0000  
92        | 19       | 1       | -75.0301 | -72.3762 | 2.6539   | -600.0000 | 600.0000
92        | 20       | 1       | 142.4952 | 143.7520 | 1.2568   | -400.0000 | 200.0000
92        | 21       | 0       | -13.0349 | -13.0349 | -3.3875  | -20.0000 | 0.0000  
92        | 22       | 0       | 17.3898  | 17.3898  | 0.0564   | -600.0000 | 600.0000
92        | 23       | 0       | 70.1918  | 70.1918  | 3.5051   | -400.0000 | 200.0000
92        | 24       | 0       | -14.0872 | -14.0872 | -1.7115  | -20.0000 | 0.0000  
92        | 25       | 0       | -42.9138 | -42.9138 | -2.0750  | -600.0000 | 600.0000
92        | 26       | 1       | 36.5068  | 40.4648  | 3.9580   | -400.0000 | 200.0000
92        | 27       | 0       | -6.8654  | -6.8654  | -2.2529  | -20.0000 | 0.0000  
92        | 28       | 0       | 0.0000   | 0.0000   | 0.3333   | -600.0000 | 600.0000
92        | 29       | 0       | 0.0000   | 0.0000   | -2.0738  | -400.0000 | 200.0000
92        | 30       | 0       | 0.0000   | 0.0000   | -0.8432  | -20.0000 | 0.0000  

93        | 1        | 0       | 0.0000   | 0.0000   | -4.6625  | -600.0000 | 600.0000
93        | 2        | 0       | 0.0000   | 0.0000   | -2.1495  | -400.0000 | 200.0000
93        | 3        | 0       | 0.0000   | 0.0000   | -5.5500  | -20.0000 | 0.0000  
93        | 4        | 0       | 141.8617 | 141.8617 | 3.3362   | -600.0000 | 600.0000
93        | 5        | 0       | -339.3264 | -339.3264 | -0.7971  | -400.0000 | 200.0000
93        | 6        | 1       | -18.3179 | -19.3645 | -1.0466  | -20.0000 | 0.0000  
93        | 7        | 0       | 241.1630 | 241.1630 | -3.4475  | -600.0000 | 600.0000
93        | 8        | 0       | -356.3422 | -356.3422 | -4.0372  | -400.0000 | 200.0000
93        | 9        | 0       | -3.5628  | -3.5628  | 1.6131   | -20.0000 | 0.0000  
93        | 10       | 0       | 247.4907 | 247.4907 | -1.4007  | -600.0000 | 600.0000
93        | 11       | 1       | -351.1907 | -350.7741 | 0.4166   | -400.0000 | 200.0000
93        | 12       | 1       | -18.3032 | -17.6683 | 0.6350   | -20.0000 | 0.0000  
93        | 13       | 0       | 583.9675 | 583.9675 | -2.9985  | -600.0000 | 600.0000
93        | 14       | 0       | -175.4375 | -175.4375 | 3.3042   | -400.0000 | 200.0000
93        | 15       | 1       | -12.5872 | -12.1632 | 0.4239   | -20.0000 | 0.0000  
93        | 16       | 0       | 409.1641 | 409.1641 | -1.0458  | -600.0000 | 600.0000
93        | 17       | 1       | -298.1629 | -298.9950 | -0.8320  | -400.0000 | 200.0000
93        | 18       | 1       | -19.6171 | -20.0000 | -0.5600  | -20.0000 | 0.0000  
93        | 19       | 0       | 334.9231 | 334.9231 | -2.4962  | -600.0000 | 600.0000
93        | 20       | 1       | -34.1815 | -36.0773 | -1.8958  | -400.0000 | 200.0000
93        | 21       | 0       | -6.0072  | -6.0072  | -2.2039  | -20.0000 | 0.0000  
93        | 22       | 0       | 332.5763 | 332.5763 | 0.7355   | -600.0000 | 600.0000
93        | 23       | 1       | -64.9575 | -66.8351 | -1.8777  | -400.0000 | 200.0000
93        | 24       | 1       | -11.5156 | -10.3251 | 1.1904   | -20.0000 | 0.0000  
93        | 25       | 1       | -42.9138 | -43.4965 | -0.5827  | -600.0000 | 600.0000
93        | 26       | 1       | 36.5068  | 35.1750  | -1.3318  | -400.0000 | 200.0000
93        | 27       | 0       | -9.1307  | -9.1307  | -0.6953  | -20.0000 | 0.0000  
93        | 28       | 0       | 0.0000   | 0.0000   | 1.3268   | -600.0000 | 600.0000
93        | 29       | 0       | 0.0000   | 0.0000   | 2.0072   | -400.0000 | 200.0000
93        | 30       | 0       | 0.0000   | 0.0000   | 1.8037   | -20.0000 | 0.0000  

94        | 1        | 0       | 0.0000   | 0.0000   | 0.4297   | -600.0000 | 600.0000
94        | 2        | 0       | 0.0000   | 0.0000   | -0.8292  | -400.0000 | 200.0000
94        | 3        | 0       | 0.0000   | 0.0000   | 0.4033   | -20.0000 | 0.0000  
94        | 4        | 1       | 141.8617 | 140.1064 | -1.7553  | -600.0000 | 600.0000
94        | 5        | 0       | -341.0476 | -341.0476 | 1.9863   | -400.0000 | 200.0000
94        | 6        | 1       | -18.3179 | -20.0000 | -2.2841  | -20.0000 | 0.0000  
94        | 7        | 0       | 241.1630 | 241.1630 | 0.9801   | -600.0000 | 600.0000
94        | 8        | 0       | -356.3422 | -356.3422 | -1.6727  | -400.0000 | 200.0000
94        | 9        | 1       | -3.5628  | -3.6007  | -0.0379  | -20.0000 | 0.0000  
94        | 10       | 1       | 245.9765 | 246.7841 | 0.8076   | -600.0000 | 600.0000
94        | 11       | 1       | -351.3416 | -351.2189 | 0.1227   | -400.0000 | 200.0000
94        | 12       | 0       | -18.3032 | -18.3032 | 3.2363   | -20.0000 | 0.0000  
94        | 13       | 0       | 583.9675 | 583.9675 | 1.4405   | -600.0000 | 600.0000
94        | 14       | 1       | -175.4375 | -178.8946 | -3.4571  | -400.0000 | 200.0000
94        | 15       | 0       | -12.5872 | -12.5872 | -0.5636  | -20.0000 | 0.0000  
94        | 16       | 0       | 92.6399  | 92.6399  | 0.2778   | -600.0000 | 600.0000
94        | 17       | 0       | -373.7566 | -373.7566 | -2.2118  | -400.0000 | 200.0000
94        | 18       | 1       | -17.7126 | -17.2040 | 0.5087   | -20.0000 | 0.0000  
94        | 19       | 0       | 70.3709  | 70.3709  | -1.0990  | -600.0000 | 600.0000
94        | 20       | 0       | -194.0996 | -194.0996 | 2.1833   | -400.0000 | 200.0000
94        | 21       | 1       | -5.9422  | -3.5536  | 2.3886   | -20.0000 | 0.0000  
94        | 22       | 1       | 182.7500 | 179.2926 | -3.4574  | -600.0000 | 600.0000
94        | 23       | 0       | 107.3626 | 107.3626 | -1.0411  | -400.0000 | 200.0000
94        | 24       | 0       | -6.1501  | -6.1501  | -1.2231  | -20.0000 | 0.0000  
94        | 25       | 0       | -84.0827 | -84.0827 | -0.9183  | -600.0000 | 600.0000
94        | 26       | 0       | 3.0946   | 3.0946   | -2.2126  | -400.0000 | 200.0000
94        | 27       | 1       | -17.1215 | -16.7276 | 0.3938   | -20.0000 | 0.0000  
94        | 28       | 0       | 0.0000   | 0.0000   | -1.4859  | -600.0000 | 600.0000
94        | 29       | 0       | 0.0000   | 0.0000   | -3.8673  | -400.0000 | 200.0000
94        | 30       | 0       | 0.0000   | 0.0000   | -2.4923  | -20.0000 | 0.0000  

95        | 1        | 0       | 0.0000   | 0.0000   | -5.4349  | -600.0000 | 600.0000
95        | 2        | 0       | 0.0000   | 0.0000   | -1.3640  | -400.0000 | 200.0000
95        | 3        | 0       | 0.0000   | 0.0000   | -3.7589  | -20.0000 | 0.0000  
95        | 4        | 1       | 0.4313   | -2.2616  | -2.6929  | -600.0000 | 600.0000
95        | 5        | 1       | 14.5304  | 11.4328  | -3.0976  | -400.0000 | 200.0000
95        | 6        | 1       | -7.5164  | -12.3271 | -4.8107  | -20.0000 | 0.0000  
95        | 7        | 0       | 178.3667 | 178.3667 | -1.1419  | -600.0000 | 600.0000
95        | 8        | 0       | -237.6730 | -237.6730 | 1.7270   | -400.0000 | 200.0000
95        | 9        | 0       | -16.8759 | -16.8759 | 0.1931   | -20.0000 | 0.0000  
95        | 10       | 0       | 272.0052 | 272.0052 | -1.7790  | -600.0000 | 600.0000
95        | 11       | 0       | -217.1493 | -217.1493 | -3.7961  | -400.0000 | 200.0000
95        | 12       | 1       | -3.4121  | -3.0604  | 0.3517   | -20.0000 | 0.0000  
95        | 13       | 1       | -262.1746 | -259.5486 | 2.6259   | -600.0000 | 600.0000
95        | 14       | 1       | 125.2339 | 123.1270 | -2.1069  | -400.0000 | 200.0000
95        | 15       | 0       | -17.7484 | -17.7484 | 1.4668   | -20.0000 | 0.0000  
95        | 16       | 0       | -270.3222 | -270.3222 | -0.8777  | -600.0000 | 600.0000
95        | 17       | 0       | -161.8709 | -161.8709 | 1.6830   | -400.0000 | 200.0000
95        | 18       | 1       | -10.5180 | -10.1701 | 0.3479   | -20.0000 | 0.0000  
95        | 19       | 0       | -55.8716 | -55.8716 | 0.4588   | -600.0000 | 600.0000
95        | 20       | 0       | -315.4858 | -315.4858 | -2.1857  | -400.0000 | 200.0000
95        | 21       | 0       | -16.4723 | -16.4723 | 0.8184   | -20.0000 | 0.0000  
95        | 22       | 1       | -5.2281  | -5.2604  | -0.0323  | -600.0000 | 600.0000
95        | 23       | 0       | -149.1736 | -149.1736 | -0.0492  | -400.0000 | 200.0000
95        | 24       | 0       | -1.7031  | -1.7031  | 1.3370   | -20.0000 | 0.0000  
95        | 25       | 0       | -164.2812 | -164.2812 | -1.6643  | -600.0000 | 600.0000
95        | 26       | 0       | -51.6470 | -51.6470 | 1.1315   | -400.0000 | 200.0000
95        | 27       | 0       | -7.3547  | -7.3547  | 1.1749   | -20.0000 | 0.0000  
95        | 28       | 0       | 0.0000   | 0.0000   | -0.4938  | -600.0000 | 600.0000
95        | 29       | 0       | 0.0000   | 0.0000   | -0.5414  | -400.0000 | 200.0000
95        | 30       | 0       | 0.0000   | 0.0000   | -0.3210  | -20.0000 | 0.0000  

96        | 1        | 0       | 0.0000   | 0.0000   | -0.7205  | -600.0000 | 600.0000
96        | 2        | 0       | 0.0000   | 0.0000   | -2.0544  | -400.0000 | 200.0000
96        | 3        | 0       | 0.0000   | 0.0000   | -2.9143  | -20.0000 | 0.0000  
96        | 4        | 0       | 319.2854 | 319.2854 | -2.0866  | -600.0000 | 600.0000
96        | 5        | 0       | -159.9391 | -159.9391 | 3.4567   | -400.0000 | 200.0000
96        | 6        | 0       | -10.4025 | -10.4025 | -1.0137  | -20.0000 | 0.0000  
96        | 7        | 1       | 153.0066 | -181.5479 | -167.2772 | -600.0000 | 600.0000
96        | 8        | 0       | 123.6300 | 123.6300 | -0.1776  | -400.0000 | 200.0000
96        | 9        | 0       | -0.3183  | -0.3183  | 2.4211   | -20.0000 | 0.0000  
96        | 10       | 0       | 124.1383 | 124.1383 | -1.3580  | -600.0000 | 600.0000
96        | 11       | 0       | 0.9277   | 0.9277   | 0.0779   | -400.0000 | 200.0000
96        | 12       | 1       | -7.6102  | -10.9253 | -3.3151  | -20.0000 | 0.0000  
96        | 13       | 0       | -43.8071 | -43.8071 | -3.2906  | -600.0000 | 600.0000
96        | 14       | 0       | -172.3835 | -172.3835 | -0.8920  | -400.0000 | 200.0000
96        | 15       | 0       | -2.7333  | -2.7333  | -0.5492  | -20.0000 | 0.0000  
96        | 16       | 1       | 24.4375  | 24.3922  | -0.0453  | -600.0000 | 600.0000
96        | 17       | 0       | -109.7500 | -109.7500 | 0.3561   | -400.0000 | 200.0000
96        | 18       | 0       | -19.2833 | -19.2833 | 1.5543   | -20.0000 | 0.0000  
96        | 19       | 0       | -190.5026 | -190.5026 | -1.4802  | -600.0000 | 600.0000
96        | 20       | 1       | -171.8826 | -172.0687 | -0.1860  | -400.0000 | 200.0000
96        | 21       | 0       | -12.0235 | -12.0235 | -1.2003  | -20.0000 | 0.0000  
96        | 22       | 0       | 96.2068  | 96.2068  | 2.0240   | -600.0000 | 600.0000
96        | 23       | 0       | -79.1600 | -79.1600 | -1.4690  | -400.0000 | 200.0000
96        | 24       | 0       | -7.8419  | -7.8419  | 3.4403   | -20.0000 | 0.0000  
96        | 25       | 0       | 9.3661   | 9.3661   | 0.1754   | -600.0000 | 600.0000
96        | 26       | 0       | -148.4370 | -148.4370 | 0.6041   | -400.0000 | 200.0000
96        | 27       | 0       | -19.6375 | -19.6375 | -5.2254  | -20.0000 | 0.0000  
96        | 28       | 0       | 0.0000   | 0.0000   | 0.1102   | -600.0000 | 600.0000
96        | 29       | 0       | 0.0000   | 0.0000   | -0.3961  | -400.0000 | 200.0000
96        | 30       | 0       | 0.0000   | 0.0000   | -2.2472  | -20.0000 | 0.0000  

97        | 1        | 0       | 0.0000   | 0.0000   | -5.0700  | -600.0000 | 600.0000
97        | 2        | 0       | 0.0000   | 0.0000   | -2.2594  | -400.0000 | 200.0000
97        | 3        | 0       | 0.0000   | 0.0000   | -0.1783  | -20.0000 | 0.0000  
97        | 4        | 0       | -249.3381 | -249.3381 | -1.6173  | -600.0000 | 600.0000
97        | 5        | 1       | 146.4621 | 148.8166 | 2.3545   | -400.0000 | 200.0000
97        | 6        | 1       | -4.9208  | -5.2541  | -0.3334  | -20.0000 | 0.0000  
97        | 7        | 1       | 364.8281 | 366.0477 | 1.2196   | -600.0000 | 600.0000
97        | 8        | 1       | -390.0016 | -390.9162 | -0.9146  | -400.0000 | 200.0000
97        | 9        | 0       | -0.7438  | -0.7438  | -0.6345  | -20.0000 | 0.0000  
97        | 10       | 1       | 272.0052 | 274.9375 | 2.9323   | -600.0000 | 600.0000
97        | 11       | 0       | -217.1493 | -217.1493 | 1.6818   | -400.0000 | 200.0000
97        | 12       | 0       | -3.4121  | -3.4121  | -0.7832  | -20.0000 | 0.0000  
97        | 13       | 0       | -262.1746 | -262.1746 | 3.9206   | -600.0000 | 600.0000
97        | 14       | 0       | 123.6523 | 123.6523 | -2.4780  | -400.0000 | 200.0000
97        | 15       | 0       | -17.7484 | -17.7484 | -2.2061  | -20.0000 | 0.0000  
97        | 16       | 0       | -79.8333 | -79.8333 | -1.3718  | -600.0000 | 600.0000
97        | 17       | 0       | 198.3094 | 198.3094 | 1.5497   | -400.0000 | 200.0000
97        | 18       | 0       | -8.8188  | -8.8188  | -0.4468  | -20.0000 | 0.0000  
97        | 19       | 0       | 334.9231 | 334.9231 | -1.4326  | -600.0000 | 600.0000
97        | 20       | 1       | -34.1815 | -37.4374 | -3.2558  | -400.0000 | 200.0000
97        | 21       | 0       | -6.0072  | -6.0072  | 1.8594   | -20.0000 | 0.0000  
97        | 22       | 0       | 405.7860 | 405.7860 | 0.5887   | -600.0000 | 600.0000
97        | 23       | 0       | 81.6866  | 81.6866  | -2.0870  | -400.0000 | 200.0000
97        | 24       | 0       | -0.7816  | -0.7816  | -1.7832  | -20.0000 | 0.0000  
97        | 25       | 0       | -42.9138 | -42.9138 | -0.7410  | -600.0000 | 600.0000
97        | 26       | 0       | 36.5068  | 36.5068  | -1.9048  | -400.0000 | 200.0000
97        | 27       | 0       | -6.8654  | -6.8654  | -1.5111  | -20.0000 | 0.0000  
97        | 28       | 0       | 0.0000   | 0.0000   | 0.9913   | -600.0000 | 600.0000
97        | 29       | 0       | 0.0000   | 0.0000   | -0.7823  | -400.0000 | 200.0000
97        | 30       | 0       | 0.0000   | 0.0000   | 1.6482   | -20.0000 | 0.0000  

98        | 1        | 0       | 0.0000   | 0.0000   | -2.5953  | -600.0000 | 600.0000
98        | 2        | 0       | 0.0000   | 0.0000   | 2.7989   | -400.0000 | 200.0000
98        | 3        | 0       | 0.0000   | 0.0000   | 0.2088   | -20.0000 | 0.0000  
98        | 4        | 0       | 92.7348  | 92.7348  | -0.6993  | -600.0000 | 600.0000
98        | 5        | 0       | 119.3463 | 119.3463 | -3.0385  | -400.0000 | 200.0000
98        | 6        | 0       | -0.3852  | -0.3852  | 0.9255   | -20.0000 | 0.0000  
98        | 7        | 0       | 178.3667 | 178.3667 | -0.8381  | -600.0000 | 600.0000
98        | 8        | 0       | -234.8271 | -234.8271 | 2.3794   | -400.0000 | 200.0000
98        | 9        | 0       | -16.8759 | -16.8759 | 3.1554   | -20.0000 | 0.0000  
98        | 10       | 1       | 163.1284 | 162.9255 | -0.2029  | -600.0000 | 600.0000
98        | 11       | 1       | -40.4187 | -37.9334 | 2.4853   | -400.0000 | 200.0000
98        | 12       | 1       | -16.4129 | -16.6227 | -0.2098  | -20.0000 | 0.0000  
98        | 13       | 1       | -262.1746 | -261.7109 | 0.4637   | -600.0000 | 600.0000
98        | 14       | 0       | 123.6523 | 123.6523 | 2.9428   | -400.0000 | 200.0000
98        | 15       | 0       | -17.7484 | -17.7484 | 3.5031   | -20.0000 | 0.0000  
98        | 16       | 0       | -79.8333 | -79.8333 | 0.5240   | -600.0000 | 600.0000
98        | 17       | 0       | 198.3094 | 198.3094 | 1.5180   | -400.0000 | 200.0000
98        | 18       | 0       | -8.8188  | -8.8188  | 3.9970   | -20.0000 | 0.0000  
98        | 19       | 0       | -214.6054 | -214.6054 | -1.4016  | -600.0000 | 600.0000
98        | 20       | 0       | -271.0507 | -271.0507 | -0.5624  | -400.0000 | 200.0000
98        | 21       | 0       | -12.9896 | -12.9896 | 3.4876   | -20.0000 | 0.0000  
98        | 22       | 1       | -152.9601 | -151.1979 | 1.7622   | -600.0000 | 600.0000
98        | 23       | 0       | -358.7718 | -358.7718 | -1.3508  | -400.0000 | 200.0000
98        | 24       | 1       | -12.6085 | -11.1654 | 1.4431   | -20.0000 | 0.0000  
98        | 25       | 0       | -42.9138 | -42.9138 | 1.2646   | -600.0000 | 600.0000
98        | 26       | 1       | 36.5068  | 34.4255  | -2.0813  | -400.0000 | 200.0000
98        | 27       | 1       | -6.8654  | -5.6413  | 1.2241   | -20.0000 | 0.0000  
98        | 28       | 0       | 0.0000   | 0.0000   | 3.2285   | -600.0000 | 600.0000
98        | 29       | 0       | 0.0000   | 0.0000   | 2.3255   | -400.0000 | 200.0000
98        | 30       | 0       | 0.0000   | 0.0000   | -2.2147  | -20.0000 | 0.0000  

99        | 1        | 0       | 0.0000   | 0.0000   | 0.0561   | -600.0000 | 600.0000
99        | 2        | 0       | 0.0000   | 0.0000   | -2.6690  | -400.0000 | 200.0000
99        | 3        | 0       | 0.0000   | 0.0000   | -0.8024  | -20.0000 | 0.0000  
99        | 4        | 1       | 302.9900 | 301.0181 | -1.9719  | -600.0000 | 600.0000
99        | 5        | 0       | -165.5145 | -165.5145 | -0.3646  | -400.0000 | 200.0000
99        | 6        | 1       | 0.0000   | 0.0000   | 1.1063   | -20.0000 | 0.0000  
99        | 7        | 0       | 365.1200 | 365.1200 | 2.2667   | -600.0000 | 600.0000
99        | 8        | 0       | -390.2554 | -390.2554 | 1.3057   | -400.0000 | 200.0000
99        | 9        | 0       | -0.7438  | -0.7438  | 1.7921   | -20.0000 | 0.0000  
99        | 10       | 0       | 272.0052 | 272.0052 | -0.0724  | -600.0000 | 600.0000
99        | 11       | 0       | -219.7618 | -219.7618 | 1.3670   | -400.0000 | 200.0000
99        | 12       | 0       | -3.4121  | -3.4121  | -3.1002  | -20.0000 | 0.0000  
99        | 13       | 1       | -262.1746 | -262.1031 | 0.0715   | -600.0000 | 600.0000
99        | 14       | 0       | 123.6523 | 123.6523 | -1.2917  | -400.0000 | 200.0000
99        | 15       | 1       | -17.7484 | -19.9351 | -2.1867  | -20.0000 | 0.0000  
99        | 16       | 0       | -76.4799 | -76.4799 | -0.7944  | -600.0000 | 600.0000
99        | 17       | 0       | 198.3094 | 198.3094 | 0.3002   | -400.0000 | 200.0000
99        | 18       | 0       | -8.8188  | -8.8188  | 1.1956   | -20.0000 | 0.0000  
99        | 19       | 0       | -214.6054 | -214.6054 | -1.3603  | -600.0000 | 600.0000
99        | 20       | 0       | -271.0507 | -271.0507 | -1.4709  | -400.0000 | 200.0000
99        | 21       | 0       | -16.6084 | -16.6084 | 1.5764   | -20.0000 | 0.0000  
99        | 22       | 1       | -150.2540 | -152.6473 | -2.3934  | -600.0000 | 600.0000
99        | 23       | 0       | -358.7718 | -358.7718 | -4.9353  | -400.0000 | 200.0000
99        | 24       | 1       | -10.5307 | -5.8920  | 4.6388   | -20.0000 | 0.0000  
99        | 25       | 0       | -42.9618 | -42.9618 | -0.1779  | -600.0000 | 600.0000
99        | 26       | 0       | 36.3543  | 36.3543  | -0.3002  | -400.0000 | 200.0000
99        | 27       | 0       | -5.8121  | -5.8121  | 3.0920   | -20.0000 | 0.0000  
99        | 28       | 0       | 0.0000   | 0.0000   | -0.0223  | -600.0000 | 600.0000
99        | 29       | 0       | 0.0000   | 0.0000   | 0.0358   | -400.0000 | 200.0000
99        | 30       | 0       | 0.0000   | 0.0000   | -1.1194  | -20.0000 | 0.0000  

100       | 1        | 0       | 0.0000   | 0.0000   | -2.2836  | -600.0000 | 600.0000
100       | 2        | 0       | 0.0000   | 0.0000   | 0.1191   | -400.0000 | 200.0000
100       | 3        | 0       | 0.0000   | 0.0000   | -2.5672  | -20.0000 | 0.0000  
100       | 4        | 0       | 0.4313   | 0.4313   | 0.4514   | -600.0000 | 600.0000
100       | 5        | 0       | 14.5304  | 14.5304  | -0.9287  | -400.0000 | 200.0000
100       | 6        | 1       | -6.0573  | -1.1421  | 4.9152   | -20.0000 | 0.0000  
100       | 7        | 0       | 178.3667 | 178.3667 | -2.0840  | -600.0000 | 600.0000
100       | 8        | 0       | -234.8271 | -234.8271 | -1.2054  | -400.0000 | 200.0000
100       | 9        | 0       | -16.8759 | -16.8759 | 0.6058   | -20.0000 | 0.0000  
100       | 10       | 0       | 163.1284 | 163.1284 | 1.4704   | -600.0000 | 600.0000
100       | 11       | 0       | -40.4187 | -40.4187 | 2.2491   | -400.0000 | 200.0000
100       | 12       | 0       | -16.4129 | -16.4129 | -2.8039  | -20.0000 | 0.0000  
100       | 13       | 0       | 246.1670 | 246.1670 | -4.8817  | -600.0000 | 600.0000
100       | 14       | 1       | -126.8968 | -125.0864 | 1.8104   | -400.0000 | 200.0000
100       | 15       | 0       | -6.6448  | -6.6448  | 1.3250   | -20.0000 | 0.0000  
100       | 16       | 0       | -270.3222 | -270.3222 | 1.1441   | -600.0000 | 600.0000
100       | 17       | 0       | -163.2544 | -163.2544 | 1.0397   | -400.0000 | 200.0000
100       | 18       | 0       | -11.5634 | -11.5634 | 2.5411   | -20.0000 | 0.0000  
100       | 19       | 0       | -56.6531 | -56.6531 | 2.9489   | -600.0000 | 600.0000
100       | 20       | 1       | -315.4858 | -314.0329 | 1.4529   | -400.0000 | 200.0000
100       | 21       | 0       | -16.4723 | -16.4723 | 2.9257   | -20.0000 | 0.0000  
100       | 22       | 0       | -1.9587  | -1.9587  | 1.5829   | -600.0000 | 600.0000
100       | 23       | 0       | -149.1736 | -149.1736 | 1.8127   | -400.0000 | 200.0000
100       | 24       | 0       | -1.7031  | -1.7031  | 3.8496   | -20.0000 | 0.0000  
100       | 25       | 0       | -164.2812 | -164.2812 | 1.1778   | -600.0000 | 600.0000
100       | 26       | 0       | -51.6470 | -51.6470 | -0.0613  | -400.0000 | 200.0000
100       | 27       | 0       | -7.3547  | -7.3547  | 1.0293   | -20.0000 | 0.0000  
100       | 28       | 0       | 0.0000   | 0.0000   | 2.0560   | -600.0000 | 600.0000
100       | 29       | 0       | 0.0000   | 0.0000   | 1.8993   | -400.0000 | 200.0000
100       | 30       | 0       | 0.0000   | 0.0000   | 1.6982   | -20.0000 | 0.0000  

101       | 1        | 0       | 0.0000   | 0.0000   | 0.1461   | -600.0000 | 600.0000
101       | 2        | 0       | 0.0000   | 0.0000   | -3.0745  | -400.0000 | 200.0000
101       | 3        | 0       | 0.0000   | 0.0000   | -3.5790  | -20.0000 | 0.0000  
101       | 4        | 0       | 320.6259 | 320.6259 | -1.8212  | -600.0000 | 600.0000
101       | 5        | 0       | -158.8415 | -158.8415 | -2.1603  | -400.0000 | 200.0000
101       | 6        | 0       | -10.4025 | -10.4025 | 1.1693   | -20.0000 | 0.0000  
101       | 7        | 0       | -381.6862 | -381.6862 | 0.6009   | -600.0000 | 600.0000
101       | 8        | 0       | 117.0714 | 117.0714 | 1.6257   | -400.0000 | 200.0000
101       | 9        | 0       | -1.0777  | -1.0777  | 4.7380   | -20.0000 | 0.0000  
101       | 10       | 0       | 252.2914 | 252.2914 | -0.8193  | -600.0000 | 600.0000
101       | 11       | 0       | -211.3899 | -211.3899 | -3.3693  | -400.0000 | 200.0000
101       | 12       | 0       | -10.5766 | -10.5766 | 1.0965   | -20.0000 | 0.0000  
101       | 13       | 0       | 385.9643 | 385.9643 | -1.8473  | -600.0000 | 600.0000
101       | 14       | 0       | -124.4409 | -124.4409 | 1.6916   | -400.0000 | 200.0000
101       | 15       | 1       | -12.8440 | -14.5842 | -1.7402  | -20.0000 | 0.0000  
101       | 16       | 1       | 285.0015 | 280.7176 | -4.2839  | -600.0000 | 600.0000
101       | 17       | 1       | -128.6692 | -125.9290 | 2.7402   | -400.0000 | 200.0000
101       | 18       | 1       | -15.5079 | -16.8527 | -1.3448  | -20.0000 | 0.0000  
101       | 19       | 0       | -199.4320 | -199.4320 | 6.1700   | -600.0000 | 600.0000
101       | 20       | 0       | 36.6022  | 36.6022  | -0.9952  | -400.0000 | 200.0000
101       | 21       | 1       | -12.7537 | -10.7763 | 1.9775   | -20.0000 | 0.0000  
101       | 22       | 0       | -153.4597 | -153.4597 | 2.0900   | -600.0000 | 600.0000
101       | 23       | 0       | -362.3050 | -362.3050 | -0.8321  | -400.0000 | 200.0000
101       | 24       | 0       | -10.5307 | -10.5307 | -0.3317  | -20.0000 | 0.0000  
101       | 25       | 0       | -42.9138 | -42.9138 | 0.5498   | -600.0000 | 600.0000
101       | 26       | 0       | 36.5068  | 36.5068  | 5.7566   | -400.0000 | 200.0000
101       | 27       | 0       | -6.8654  | -6.8654  | -2.9221  | -20.0000 | 0.0000  
101       | 28       | 0       | 0.0000   | 0.0000   | 0.0425   | -600.0000 | 600.0000
101       | 29       | 0       | 0.0000   | 0.0000   | 0.9866   | -400.0000 | 200.0000
101       | 30       | 0       | 0.0000   | 0.0000   | 0.2607   | -20.0000 | 0.0000  

102       | 1        | 0       | 0.0000   | 0.0000   | 3.5094   | -600.0000 | 600.0000
102       | 2        | 0       | 0.0000   | 0.0000   | -0.2801  | -400.0000 | 200.0000
102       | 3        | 0       | 0.0000   | 0.0000   | 0.4961   | -20.0000 | 0.0000  
102       | 4        | 0       | 98.9590  | 98.9590  | -2.2062  | -600.0000 | 600.0000
102       | 5        | 0       | 38.1330  | 38.1330  | -0.8423  | -400.0000 | 200.0000
102       | 6        | 1       | -7.7043  | -6.4185  | 1.2857   | -20.0000 | 0.0000  
102       | 7        | 1       | 168.7402 | 169.6693 | 0.9291   | -600.0000 | 600.0000
102       | 8        | 1       | -120.2910 | -120.1190 | 0.1721   | -400.0000 | 200.0000
102       | 9        | 0       | -16.2013 | -16.2013 | 2.1971   | -20.0000 | 0.0000  
102       | 10       | 1       | 242.0859 | 241.7881 | -0.2979  | -600.0000 | 600.0000
102       | 11       | 1       | -66.1212 | -65.1687 | 0.9525   | -400.0000 | 200.0000
102       | 12       | 0       | 0.0000   | 0.0000   | 0.2587   | -20.0000 | 0.0000  
102       | 13       | 0       | -262.1746 | -262.1746 | -3.5767  | -600.0000 | 600.0000
102       | 14       | 1       | 123.6523 | 122.7615 | -0.8908  | -400.0000 | 200.0000
102       | 15       | 0       | -17.7484 | -17.7484 | -0.5259  | -20.0000 | 0.0000  
102       | 16       | 1       | -79.8333 | -78.4972 | 1.3361   | -600.0000 | 600.0000
102       | 17       | 0       | 196.5823 | 196.5823 | -0.1655  | -400.0000 | 200.0000
102       | 18       | 0       | -8.8188  | -8.8188  | -2.0759  | -20.0000 | 0.0000  
102       | 19       | 0       | -213.8682 | -213.8682 | 1.9845   | -600.0000 | 600.0000
102       | 20       | 0       | -271.0507 | -271.0507 | -0.8370  | -400.0000 | 200.0000
102       | 21       | 0       | -12.9896 | -12.9896 | 3.3643   | -20.0000 | 0.0000  
102       | 22       | 0       | -153.7501 | -153.7501 | 1.3974   | -600.0000 | 600.0000
102       | 23       | 0       | -360.4488 | -360.4488 | 2.0906   | -400.0000 | 200.0000
102       | 24       | 1       | -12.6085 | -13.0582 | -0.4497  | -20.0000 | 0.0000  
102       | 25       | 0       | -42.9138 | -42.9138 | 0.7780   | -600.0000 | 600.0000
102       | 26       | 0       | 36.5068  | 36.5068  | 2.0039   | -400.0000 | 200.0000
102       | 27       | 0       | -9.1307  | -9.1307  | 2.2240   | -20.0000 | 0.0000  
102       | 28       | 0       | 0.0000   | 0.0000   | 4.0635   | -600.0000 | 600.0000
102       | 29       | 0       | 0.0000   | 0.0000   | -0.5767  | -400.0000 | 200.0000
102       | 30       | 0       | 0.0000   | 0.0000   | -2.6326  | -20.0000 | 0.0000  

103       | 1        | 0       | 0.0000   | 0.0000   | -1.2376  | -600.0000 | 600.0000
103       | 2        | 0       | 0.0000   | 0.0000   | -2.1463  | -400.0000 | 200.0000
103       | 3        | 0       | 0.0000   | 0.0000   | -3.8919  | -20.0000 | 0.0000  
103       | 4        | 0       | 92.7348  | 92.7348  | 1.7161   | -600.0000 | 600.0000
103       | 5        | 1       | 119.3463 | 122.1601 | 2.8138   | -400.0000 | 200.0000
103       | 6        | 0       | -0.3852  | -0.3852  | 1.8927   | -20.0000 | 0.0000  
103       | 7        | 1       | -110.8989 | -109.6640 | 1.2349   | -600.0000 | 600.0000
103       | 8        | 0       | 96.5114  | 96.5114  | -0.3896  | -400.0000 | 200.0000
103       | 9        | 0       | -4.7094  | -4.7094  | 0.1125   | -20.0000 | 0.0000  
103       | 10       | 1       | 272.0052 | 273.6782 | 1.6730   | -600.0000 | 600.0000
103       | 11       | 0       | -217.1493 | -217.1493 | 0.4883   | -400.0000 | 200.0000
103       | 12       | 0       | -3.4121  | -3.4121  | -3.1830  | -20.0000 | 0.0000  
103       | 13       | 0       | -262.1746 | -306.2376 | -44.0631 | -600.0000 | 600.0000
103       | 14       | 1       | 123.6523 | 121.0998 | -2.5525  | -400.0000 | 200.0000
103       | 15       | 0       | -17.7484 | -17.7484 | -1.3681  | -20.0000 | 0.0000  
103       | 16       | 0       | 411.9914 | 411.9914 | 2.2303   | -600.0000 | 600.0000
103       | 17       | 0       | -108.9432 | -108.9432 | 1.3530   | -400.0000 | 200.0000
103       | 18       | 0       | -13.3274 | -13.3274 | 1.5711   | -20.0000 | 0.0000  
103       | 19       | 0       | 352.0211 | 352.0211 | 0.4564   | -600.0000 | 600.0000
103       | 20       | 0       | -129.4813 | -129.4813 | 0.8163   | -400.0000 | 200.0000
103       | 21       | 1       | -16.3312 | -13.0170 | 3.3142   | -20.0000 | 0.0000  
103       | 22       | 0       | -152.9601 | -152.9601 | 1.6072   | -600.0000 | 600.0000
103       | 23       | 1       | -358.7718 | -358.2622 | 0.5096   | -400.0000 | 200.0000
103       | 24       | 1       | -12.6085 | -12.8629 | -0.2544  | -20.0000 | 0.0000  
103       | 25       | 0       | -42.9138 | -42.9138 | 0.6467   | -600.0000 | 600.0000
103       | 26       | 1       | 36.5068  | 35.1286  | -1.3782  | -400.0000 | 200.0000
103       | 27       | 0       | -6.8654  | -6.8654  | 2.4384   | -20.0000 | 0.0000  
103       | 28       | 0       | 0.0000   | 0.0000   | 1.1025   | -600.0000 | 600.0000
103       | 29       | 0       | 0.0000   | 0.0000   | 3.4798   | -400.0000 | 200.0000
103       | 30       | 0       | 0.0000   | 0.0000   | 0.2679   | -20.0000 | 0.0000  

104       | 1        | 0       | 0.0000   | 0.0000   | -0.5808  | -600.0000 | 600.0000
104       | 2        | 0       | 0.0000   | 0.0000   | -1.1127  | -400.0000 | 200.0000
104       | 3        | 0       | 0.0000   | 0.0000   | 0.1448   | -20.0000 | 0.0000  
104       | 4        | 0       | -249.3381 | -249.3381 | 0.6834   | -600.0000 | 600.0000
104       | 5        | 0       | 146.4621 | 146.4621 | -1.5240  | -400.0000 | 200.0000
104       | 6        | 1       | -4.9208  | -4.6022  | 0.3186   | -20.0000 | 0.0000  
104       | 7        | 0       | 364.8281 | 364.8281 | 1.6848   | -600.0000 | 600.0000
104       | 8        | 1       | -390.0016 | -387.0014 | 3.0002   | -400.0000 | 200.0000
104       | 9        | 1       | -0.7438  | -2.0258  | -1.2820  | -20.0000 | 0.0000  
104       | 10       | 0       | 272.0052 | 272.0052 | -0.1735  | -600.0000 | 600.0000
104       | 11       | 0       | -217.1493 | -217.1493 | -2.3785  | -400.0000 | 200.0000
104       | 12       | 0       | -3.4121  | -3.4121  | 0.4603   | -20.0000 | 0.0000  
104       | 13       | 0       | -262.1746 | -262.1746 | -2.2134  | -600.0000 | 600.0000
104       | 14       | 0       | 123.6523 | 123.6523 | -0.1299  | -400.0000 | 200.0000
104       | 15       | 0       | -17.7484 | -17.7484 | -1.3012  | -20.0000 | 0.0000  
104       | 16       | 0       | -79.8333 | -79.8333 | 1.4634   | -600.0000 | 600.0000
104       | 17       | 0       | 198.3094 | 198.3094 | 0.3499   | -400.0000 | 200.0000
104       | 18       | 1       | -8.8188  | -11.1037 | -2.2848  | -20.0000 | 0.0000  
104       | 19       | 0       | -214.6054 | -214.6054 | 2.9366   | -600.0000 | 600.0000
104       | 20       | 0       | -271.0507 | -271.0507 | 1.5009   | -400.0000 | 200.0000
104       | 21       | 0       | -12.9896 | -12.9896 | 0.4096   | -20.0000 | 0.0000  
104       | 22       | 1       | -152.9601 | -148.2521 | 4.7080   | -600.0000 | 600.0000
104       | 23       | 0       | -358.7718 | -358.7718 | -1.7387  | -400.0000 | 200.0000
104       | 24       | 0       | -12.6085 | -12.6085 | -2.4887  | -20.0000 | 0.0000  
104       | 25       | 0       | -42.9138 | -42.9138 | -1.8761  | -600.0000 | 600.0000
104       | 26       | 0       | 36.5068  | 36.5068  | -1.5463  | -400.0000 | 200.0000
104       | 27       | 1       | -6.8654  | -5.8501  | 1.0153   | -20.0000 | 0.0000  
104       | 28       | 0       | 0.0000   | 0.0000   | 2.3140   | -600.0000 | 600.0000
104       | 29       | 0       | 0.0000   | 0.0000   | -2.2228  | -400.0000 | 200.0000
104       | 30       | 0       | 0.0000   | 0.0000   | 2.3564   | -20.0000 | 0.0000  

105       | 1        | 0       | 0.0000   | 0.0000   | 3.3988   | -600.0000 | 600.0000
105       | 2        | 0       | 0.0000   | 0.0000   | 1.7199   | -400.0000 | 200.0000
105       | 3        | 0       | 0.0000   | 0.0000   | 4.1068   | -20.0000 | 0.0000  
105       | 4        | 0       | 92.7348  | 92.7348  | 1.9060   | -600.0000 | 600.0000
105       | 5        | 0       | 119.3463 | 119.3463 | 0.3197   | -400.0000 | 200.0000
105       | 6        | 1       | -0.3852  | -3.5027  | -3.1175  | -20.0000 | 0.0000  
105       | 7        | 0       | -111.0313 | -111.0313 | 3.0545   | -600.0000 | 600.0000
105       | 8        | 0       | 96.5114  | 96.5114  | -3.7367  | -400.0000 | 200.0000
105       | 9        | 1       | -4.7094  | -9.7785  | -5.0690  | -20.0000 | 0.0000  
105       | 10       | 0       | 88.2347  | -178.3720 | -266.6067 | -600.0000 | 600.0000
105       | 11       | 1       | 171.9481 | 172.5582 | 0.6101   | -400.0000 | 200.0000
105       | 12       | 0       | -15.9905 | -15.9905 | -5.0551  | -20.0000 | 0.0000  
105       | 13       | 1       | 284.5346 | 287.3875 | 2.8529   | -600.0000 | 600.0000
105       | 14       | 1       | -256.7337 | -254.3776 | 2.3561   | -400.0000 | 200.0000
105       | 15       | 0       | -17.7905 | -20.0000 | -119.7611 | -20.0000 | 0.0000  
105       | 16       | 0       | -173.3043 | -173.3043 | 2.5215   | -600.0000 | 600.0000
105       | 17       | 1       | -227.7391 | -226.0776 | 1.6615   | -400.0000 | 200.0000
105       | 18       | 0       | -11.6479 | -11.6479 | -0.5771  | -20.0000 | 0.0000  
105       | 19       | 0       | -313.7170 | -313.7170 | 0.9349   | -600.0000 | 600.0000
105       | 20       | 1       | -338.9305 | -341.1712 | -2.2407  | -400.0000 | 200.0000
105       | 21       | 0       | -17.0970 | -17.0970 | 1.6012   | -20.0000 | 0.0000  
105       | 22       | 0       | -516.9577 | -516.9577 | -1.6705  | -600.0000 | 600.0000
105       | 23       | 0       | 69.4254  | 69.4254  | 0.2174   | -400.0000 | 200.0000
105       | 24       | 0       | -14.5140 | -14.5140 | -0.0071  | -20.0000 | 0.0000  
105       | 25       | 0       | -80.6797 | -80.6797 | 0.4842   | -600.0000 | 600.0000
105       | 26       | 1       | 13.9884  | 14.1186  | 0.1302   | -400.0000 | 200.0000
105       | 27       | 1       | -13.2731 | -14.7665 | -1.4934  | -20.0000 | 0.0000  
105       | 28       | 0       | 0.0000   | 0.0000   | 0.9461   | -600.0000 | 600.0000
105       | 29       | 0       | 0.0000   | 0.0000   | -0.4371  | -400.0000 | 200.0000
105       | 30       | 0       | 0.0000   | 0.0000   | -0.2940  | -20.0000 | 0.0000  

106       | 1        | 0       | 0.0000   | 0.0000   | -3.0303  | -600.0000 | 600.0000
106       | 2        | 0       | 0.0000   | 0.0000   | 1.7394   | -400.0000 | 200.0000
106       | 3        | 0       | 0.0000   | 0.0000   | -0.4297  | -20.0000 | 0.0000  
106       | 4        | 0       | -251.2841 | -251.2841 | 0.5801   | -600.0000 | 600.0000
106       | 5        | 1       | 144.9492 | 142.6983 | -2.2509  | -400.0000 | 200.0000
106       | 6        | 1       | -4.9208  | -1.1932  | 3.7275   | -20.0000 | 0.0000  
106       | 7        | 0       | 365.1200 | 365.1200 | 2.6061   | -600.0000 | 600.0000
106       | 8        | 1       | -390.2554 | -390.1048 | 0.1505   | -400.0000 | 200.0000
106       | 9        | 0       | -0.7438  | -0.7438  | 1.6047   | -20.0000 | 0.0000  
106       | 10       | 1       | 272.0052 | 271.7061 | -0.2991  | -600.0000 | 600.0000
106       | 11       | 1       | -219.7618 | -219.6702 | 0.0915   | -400.0000 | 200.0000
106       | 12       | 0       | -3.4121  | -3.4121  | 0.8331   | -20.0000 | 0.0000  
106       | 13       | 0       | -262.1746 | -262.1746 | -1.1647  | -600.0000 | 600.0000
106       | 14       | 1       | 123.6523 | 121.0936 | -2.5587  | -400.0000 | 200.0000
106       | 15       | 0       | -17.7484 | -17.7484 | -0.6867  | -20.0000 | 0.0000  
106       | 16       | 1       | -76.4799 | -78.7958 | -2.3159  | -600.0000 | 600.0000
106       | 17       | 0       | 198.3094 | 198.3094 | 0.0117   | -400.0000 | 200.0000
106       | 18       | 0       | -8.8188  | -8.8188  | 3.2116   | -20.0000 | 0.0000  
106       | 19       | 0       | -214.6054 | -214.6054 | -2.2376  | -600.0000 | 600.0000
106       | 20       | 0       | -271.0507 | -271.0507 | -1.2441  | -400.0000 | 200.0000
106       | 21       | 1       | -16.6084 | -15.5228 | 1.0855   | -20.0000 | 0.0000  
106       | 22       | 0       | -152.8052 | -152.8052 | 1.6538   | -600.0000 | 600.0000
106       | 23       | 0       | -357.4663 | -357.4663 | -3.6876  | -400.0000 | 200.0000
106       | 24       | 1       | -12.6085 | -17.3522 | -4.7437  | -20.0000 | 0.0000  
106       | 25       | 0       | -42.9138 | -42.9138 | -1.2015  | -600.0000 | 600.0000
106       | 26       | 0       | 36.5068  | 36.5068  | -0.8905  | -400.0000 | 200.0000
106       | 27       | 0       | -6.8654  | -6.8654  | 1.4404   | -20.0000 | 0.0000  
106       | 28       | 0       | 0.0000   | 0.0000   | 2.5320   | -600.0000 | 600.0000
106       | 29       | 0       | 0.0000   | 0.0000   | -3.1257  | -400.0000 | 200.0000
106       | 30       | 0       | 0.0000   | 0.0000   | -3.1437  | -20.0000 | 0.0000  

107       | 1        | 0       | 0.0000   | 0.0000   | 2.0654   | -600.0000 | 600.0000
107       | 2        | 0       | 0.0000   | 0.0000   | 1.9332   | -400.0000 | 200.0000
107       | 3        | 0       | 0.0000   | 0.0000   | 1.3718   | -20.0000 | 0.0000  
107       | 4        | 1       | 92.7348  | 89.9722  | -2.7626  | -600.0000 | 600.0000
107       | 5        | 0       | 119.3463 | 119.3463 | -3.6339  | -400.0000 | 200.0000
107       | 6        | 0       | -0.9139  | -0.9139  | -2.6661  | -20.0000 | 0.0000  
107       | 7        | 0       | 151.0364 | 151.0364 | -0.9148  | -600.0000 | 600.0000
107       | 8        | 1       | 123.1274 | 125.9703 | 2.8429   | -400.0000 | 200.0000
107       | 9        | 1       | -0.3183  | 0.0000   | 1.4061   | -20.0000 | 0.0000  
107       | 10       | 0       | 272.0052 | 272.0052 | -0.3408  | -600.0000 | 600.0000
107       | 11       | 0       | -217.1493 | -217.1493 | -1.6346  | -400.0000 | 200.0000
107       | 12       | 0       | -3.4121  | -3.4121  | 1.2968   | -20.0000 | 0.0000  
107       | 13       | 0       | -262.1746 | -262.1746 | 1.6829   | -600.0000 | 600.0000
107       | 14       | 0       | 125.2339 | 125.2339 | 1.3127   | -400.0000 | 200.0000
107       | 15       | 0       | -17.7484 | -17.7484 | -0.9080  | -20.0000 | 0.0000  
107       | 16       | 0       | -79.8333 | -79.8333 | -0.7482  | -600.0000 | 600.0000
107       | 17       | 1       | 198.3094 | 198.8972 | 0.5877   | -400.0000 | 200.0000
107       | 18       | 0       | -8.8188  | -8.8188  | -0.4261  | -20.0000 | 0.0000  
107       | 19       | 0       | -214.6054 | -214.6054 | -1.2739  | -600.0000 | 600.0000
107       | 20       | 0       | -271.0507 | -271.0507 | -0.2688  | -400.0000 | 200.0000
107       | 21       | 1       | -12.9896 | -11.8365 | 1.1531   | -20.0000 | 0.0000  
107       | 22       | 0       | -152.9601 | -152.9601 | -0.9186  | -600.0000 | 600.0000
107       | 23       | 0       | -358.7718 | -358.7718 | 1.8329   | -400.0000 | 200.0000
107       | 24       | 0       | -14.1549 | -14.1549 | 0.7723   | -20.0000 | 0.0000  
107       | 25       | 0       | -79.2607 | -79.2607 | -2.2228  | -600.0000 | 600.0000
107       | 26       | 1       | 13.9884  | 16.7007  | 2.7123   | -400.0000 | 200.0000
107       | 27       | 0       | -13.2731 | -13.2731 | 0.1553   | -20.0000 | 0.0000  
107       | 28       | 0       | 0.0000   | 0.0000   | -0.4597  | -600.0000 | 600.0000
107       | 29       | 0       | 0.0000   | 0.0000   | -1.0672  | -400.0000 | 200.0000
107       | 30       | 0       | 0.0000   | 0.0000   | -1.0728  | -20.0000 | 0.0000  

108       | 1        | 0       | 0.0000   | 0.0000   | 0.6706   | -600.0000 | 600.0000
108       | 2        | 0       | 0.0000   | 0.0000   | -1.4521  | -400.0000 | 200.0000
108       | 3        | 0       | 0.0000   | 0.0000   | -1.1600  | -20.0000 | 0.0000  
108       | 4        | 0       | 0.4313   | 0.4313   | 2.1146   | -600.0000 | 600.0000
108       | 5        | 0       | 13.4422  | 13.4422  | 1.6967   | -400.0000 | 200.0000
108       | 6        | 0       | -6.0573  | -6.0573  | 2.7881   | -20.0000 | 0.0000  
108       | 7        | 0       | 178.3667 | -5.8136  | -184.1804 | -600.0000 | 600.0000
108       | 8        | 0       | -232.8587 | -232.8587 | 2.7769   | -400.0000 | 200.0000
108       | 9        | 0       | -20.0000 | -20.0000 | 2.5362   | -20.0000 | 0.0000  
108       | 10       | 0       | 163.1284 | 163.1284 | 3.4947   | -600.0000 | 600.0000
108       | 11       | 1       | -42.5940 | -44.3594 | -1.7654  | -400.0000 | 200.0000
108       | 12       | 0       | -18.3547 | -18.3547 | -1.9675  | -20.0000 | 0.0000  
108       | 13       | 1       | 252.5570 | 253.7228 | 1.1658   | -600.0000 | 600.0000
108       | 14       | 0       | -126.8968 | -126.8968 | 0.9066   | -400.0000 | 200.0000
108       | 15       | 0       | -7.5498  | -7.5498  | -2.0492  | -20.0000 | 0.0000  
108       | 16       | 1       | 405.4116 | 405.7539 | 0.3422   | -600.0000 | 600.0000
108       | 17       | 0       | -297.9748 | -297.9748 | -1.7690  | -400.0000 | 200.0000
108       | 18       | 0       | -18.7687 | -18.7687 | -1.1743  | -20.0000 | 0.0000  
108       | 19       | 0       | 330.8214 | 330.8214 | -0.8034  | -600.0000 | 600.0000
108       | 20       | 0       | -35.7286 | -35.7286 | -0.1244  | -400.0000 | 200.0000
108       | 21       | 0       | -7.5937  | -7.5937  | 0.5992   | -20.0000 | 0.0000  
108       | 22       | 0       | 96.2068  | 96.2068  | 1.6497   | -600.0000 | 600.0000
108       | 23       | 0       | -79.8385 | -79.8385 | -0.5134  | -400.0000 | 200.0000
108       | 24       | 1       | -8.3203  | -7.7443  | 0.5760   | -20.0000 | 0.0000  
108       | 25       | 1       | 317.8599 | 777.6771 | 229.9086 | -600.0000 | 600.0000
108       | 26       | 1       | 87.7914  | 88.2734  | 0.4820   | -400.0000 | 200.0000
108       | 27       | 0       | -2.0731  | -2.0731  | -3.6252  | -20.0000 | 0.0000  
108       | 28       | 0       | 0.0000   | 0.0000   | 0.4670   | -600.0000 | 600.0000
108       | 29       | 0       | 0.0000   | 0.0000   | 2.6567   | -400.0000 | 200.0000
108       | 30       | 0       | 0.0000   | 0.0000   | 1.9400   | -20.0000 | 0.0000  

109       | 1        | 0       | 0.0000   | 0.0000   | 0.1706   | -600.0000 | 600.0000
109       | 2        | 0       | 0.0000   | 0.0000   | 1.0571   | -400.0000 | 200.0000
109       | 3        | 0       | 0.0000   | 0.0000   | 2.6506   | -20.0000 | 0.0000  
109       | 4        | 0       | -249.3381 | -249.3381 | 2.0495   | -600.0000 | 600.0000
109       | 5        | 1       | 146.4621 | 145.5567 | -0.9054  | -400.0000 | 200.0000
109       | 6        | 0       | -3.6589  | -20.0000 | -288.7193 | -20.0000 | 0.0000  
109       | 7        | 1       | 367.4899 | 368.9621 | 1.4722   | -600.0000 | 600.0000
109       | 8        | 0       | -390.0016 | -390.0016 | -4.0587  | -400.0000 | 200.0000
109       | 9        | 0       | -1.1745  | -1.1745  | 0.9792   | -20.0000 | 0.0000  
109       | 10       | 0       | 306.1647 | 306.1647 | 0.2557   | -600.0000 | 600.0000
109       | 11       | 0       | -27.8143 | -27.8143 | 3.6091   | -400.0000 | 200.0000
109       | 12       | 0       | -8.6382  | -8.6382  | -3.6293  | -20.0000 | 0.0000  
109       | 13       | 0       | -344.4430 | -344.4430 | -0.2080  | -600.0000 | 600.0000
109       | 14       | 1       | -318.1771 | -318.4342 | -0.2571  | -400.0000 | 200.0000
109       | 15       | 0       | -19.7091 | -19.7091 | 0.4829   | -20.0000 | 0.0000  
109       | 16       | 0       | -177.4149 | -177.4149 | -1.0648  | -600.0000 | 600.0000
109       | 17       | 0       | -46.3868 | -46.3868 | 1.9535   | -400.0000 | 200.0000
109       | 18       | 0       | -10.9856 | -10.9856 | 1.3614   | -20.0000 | 0.0000  
109       | 19       | 0       | -213.8682 | -213.8682 | -0.6070  | -600.0000 | 600.0000
109       | 20       | 1       | -271.0507 | -271.4854 | -0.4346  | -400.0000 | 200.0000
109       | 21       | 1       | -12.9896 | -13.4714 | -0.4818  | -20.0000 | 0.0000  
109       | 22       | 0       | -153.7501 | -153.7501 | 0.7175   | -600.0000 | 600.0000
109       | 23       | 0       | -360.4488 | -360.4488 | -0.5782  | -400.0000 | 200.0000
109       | 24       | 0       | -12.6085 | -12.6085 | -4.7420  | -20.0000 | 0.0000  
109       | 25       | 0       | -42.9138 | -42.9138 | 0.9347   | -600.0000 | 600.0000
109       | 26       | 0       | 36.5068  | 36.5068  | -2.7881  | -400.0000 | 200.0000
109       | 27       | 0       | -9.1307  | -9.1307  | -0.6198  | -20.0000 | 0.0000  
109       | 28       | 0       | 0.0000   | 0.0000   | 1.0950   | -600.0000 | 600.0000
109       | 29       | 0       | 0.0000   | 0.0000   | 1.0153   | -400.0000 | 200.0000
109       | 30       | 0       | 0.0000   | 0.0000   | -1.2090  | -20.0000 | 0.0000  

110       | 1        | 0       | 0.0000   | 0.0000   | -3.9222  | -600.0000 | 600.0000
110       | 2        | 0       | 0.0000   | 0.0000   | 1.5923   | -400.0000 | 200.0000
110       | 3        | 0       | 0.0000   | 0.0000   | -2.2299  | -20.0000 | 0.0000  
110       | 4        | 0       | 62.2882  | 62.2882  | 0.1177   | -600.0000 | 600.0000
110       | 5        | 1       | -63.4372 | -64.2349 | -0.7977  | -400.0000 | 200.0000
110       | 6        | 1       | -2.4669  | -1.2992  | 1.1677   | -20.0000 | 0.0000  
110       | 7        | 1       | -115.8206 | -112.7568 | 3.0637   | -600.0000 | 600.0000
110       | 8        | 0       | -319.5909 | -319.5909 | 1.9330   | -400.0000 | 200.0000
110       | 9        | 0       | -19.4243 | -19.4243 | -3.9237  | -20.0000 | 0.0000  
110       | 10       | 0       | 306.1647 | 306.1647 | 2.9250   | -600.0000 | 600.0000
110       | 11       | 0       | -27.8143 | -27.8143 | 0.0556   | -400.0000 | 200.0000
110       | 12       | 0       | -5.9184  | -5.9184  | 0.3085   | -20.0000 | 0.0000  
110       | 13       | 1       | -344.4430 | -344.5796 | -0.1366  | -600.0000 | 600.0000
110       | 14       | 0       | -318.1771 | -318.1771 | 1.8900   | -400.0000 | 200.0000
110       | 15       | 0       | -19.7091 | -19.7091 | 0.9143   | -20.0000 | 0.0000  
110       | 16       | 0       | 407.4138 | 407.4138 | 4.6818   | -600.0000 | 600.0000
110       | 17       | 0       | -297.9748 | -297.9748 | -1.8836  | -400.0000 | 200.0000
110       | 18       | 0       | -19.6171 | -19.6171 | -1.7784  | -20.0000 | 0.0000  
110       | 19       | 1       | 336.2719 | 337.1571 | 0.8853   | -600.0000 | 600.0000
110       | 20       | 0       | -34.1815 | -34.1815 | 1.7824   | -400.0000 | 200.0000
110       | 21       | 0       | -6.0072  | -6.0072  | 1.7011   | -20.0000 | 0.0000  
110       | 22       | 1       | 405.7860 | 409.2029 | 3.4170   | -600.0000 | 600.0000
110       | 23       | 1       | 81.6866  | 81.7381  | 0.0516   | -400.0000 | 200.0000
110       | 24       | 0       | -0.7816  | -0.7816  | -4.4057  | -20.0000 | 0.0000  
110       | 25       | 1       | 43.1221  | 40.6020  | -2.5201  | -600.0000 | 600.0000
110       | 26       | 1       | -106.9026 | -108.5136 | -1.6110  | -400.0000 | 200.0000
110       | 27       | 1       | -11.9623 | -13.9279 | -1.9656  | -20.0000 | 0.0000  
110       | 28       | 0       | 0.0000   | 0.0000   | 0.5218   | -600.0000 | 600.0000
110       | 29       | 0       | 0.0000   | 0.0000   | 1.2515   | -400.0000 | 200.0000
110       | 30       | 0       | 0.0000   | 0.0000   | -0.2520  | -20.0000 | 0.0000  

111       | 1        | 0       | 0.0000   | 0.0000   | 0.1374   | -600.0000 | 600.0000
111       | 2        | 0       | 0.0000   | 0.0000   | 0.8684   | -400.0000 | 200.0000
111       | 3        | 0       | 0.0000   | 0.0000   | -0.7998  | -20.0000 | 0.0000  
111       | 4        | 0       | 0.4313   | 0.4313   | 0.8391   | -600.0000 | 600.0000
111       | 5        | 1       | 14.3237  | 13.9694  | -0.3544  | -400.0000 | 200.0000
111       | 6        | 0       | -6.0573  | -6.0573  | 2.1447   | -20.0000 | 0.0000  
111       | 7        | 1       | 178.3667 | 177.3564 | -1.0104  | -600.0000 | 600.0000
111       | 8        | 0       | -233.6458 | -233.6458 | 0.3035   | -400.0000 | 200.0000
111       | 9        | 0       | -16.8759 | -16.8759 | -2.8336  | -20.0000 | 0.0000  
111       | 10       | 0       | 163.1284 | 163.1284 | -1.8775  | -600.0000 | 600.0000
111       | 11       | 1       | -40.4187 | -41.9400 | -1.5212  | -400.0000 | 200.0000
111       | 12       | 0       | -16.4129 | -16.4129 | -0.8381  | -20.0000 | 0.0000  
111       | 13       | 1       | 247.7969 | 249.1552 | 1.3583   | -600.0000 | 600.0000
111       | 14       | 0       | -127.9178 | -127.9178 | 3.7141   | -400.0000 | 200.0000
111       | 15       | 0       | -8.5215  | -8.5215  | -3.1053  | -20.0000 | 0.0000  
111       | 16       | 1       | 407.4138 | 408.1925 | 0.7786   | -600.0000 | 600.0000
111       | 17       | 0       | -297.9748 | -297.9748 | -0.4627  | -400.0000 | 200.0000
111       | 18       | 1       | -19.6171 | -20.0000 | -2.7349  | -20.0000 | 0.0000  
111       | 19       | 0       | 336.2719 | 336.2719 | -1.4588  | -600.0000 | 600.0000
111       | 20       | 1       | -34.4748 | -32.9724 | 1.5024   | -400.0000 | 200.0000
111       | 21       | 0       | -6.0072  | -6.0072  | 0.1935   | -20.0000 | 0.0000  
111       | 22       | 0       | 405.7860 | 405.7860 | 2.4497   | -600.0000 | 600.0000
111       | 23       | 0       | 82.1270  | 82.1270  | -1.6711  | -400.0000 | 200.0000
111       | 24       | 1       | -3.4786  | -4.5819  | -1.1033  | -20.0000 | 0.0000  
111       | 25       | 0       | 42.6014  | 42.6014  | -0.8919  | -600.0000 | 600.0000
111       | 26       | 0       | -106.9026 | -106.9026 | 0.9156   | -400.0000 | 200.0000
111       | 27       | 0       | -11.9623 | -11.9623 | 3.4100   | -20.0000 | 0.0000  
111       | 28       | 0       | 0.0000   | 0.0000   | 2.4597   | -600.0000 | 600.0000
111       | 29       | 0       | 0.0000   | 0.0000   | -0.5076  | -400.0000 | 200.0000
111       | 30       | 0       | 0.0000   | 0.0000   | 0.5692   | -20.0000 | 0.0000  

112       | 1        | 0       | 0.0000   | 0.0000   | -1.3824  | -600.0000 | 600.0000
112       | 2        | 0       | 0.0000   | 0.0000   | 1.0106   | -400.0000 | 200.0000
112       | 3        | 0       | 0.0000   | 0.0000   | 1.1286   | -20.0000 | 0.0000  
112       | 4        | 1       | 207.2436 | 205.6324 | -1.6112  | -600.0000 | 600.0000
112       | 5        | 0       | 80.0500  | 80.0500  | 1.3183   | -400.0000 | 200.0000
112       | 6        | 0       | -17.2099 | -17.2099 | 0.5927   | -20.0000 | 0.0000  
112       | 7        | 0       | 151.6421 | 151.6421 | 2.0202   | -600.0000 | 600.0000
112       | 8        | 0       | -52.6837 | -52.6837 | 3.7690   | -400.0000 | 200.0000
112       | 9        | 1       | -0.8962  | -0.8786  | 0.0176   | -20.0000 | 0.0000  
112       | 10       | 1       | 487.3045 | 486.1971 | -1.1074  | -600.0000 | 600.0000
112       | 11       | 0       | -391.1709 | -391.1709 | -1.9194  | -400.0000 | 200.0000
112       | 12       | 0       | -7.1549  | -7.1549  | -4.6348  | -20.0000 | 0.0000  
112       | 13       | 0       | -538.9377 | -538.9377 | 1.6827   | -600.0000 | 600.0000
112       | 14       | 0       | -70.6848 | -70.6848 | -0.6635  | -400.0000 | 200.0000
112       | 15       | 1       | -14.2473 | -15.9811 | -1.7337  | -20.0000 | 0.0000  
112       | 16       | 1       | -231.8360 | -235.1746 | -3.3386  | -600.0000 | 600.0000
112       | 17       | 0       | -188.6884 | -188.6884 | 2.9398   | -400.0000 | 200.0000
112       | 18       | 0       | -7.5742  | -7.5742  | -2.6547  | -20.0000 | 0.0000  
112       | 19       | 1       | -199.4320 | -198.5083 | 0.9237   | -600.0000 | 600.0000
112       | 20       | 0       | 36.6022  | 36.6022  | -1.9030  | -400.0000 | 200.0000
112       | 21       | 0       | -12.7537 | -12.7537 | -2.7540  | -20.0000 | 0.0000  
112       | 22       | 0       | 296.9333 | 296.9333 | -2.5363  | -600.0000 | 600.0000
112       | 23       | 1       | -115.7141 | -119.2006 | -3.4865  | -400.0000 | 200.0000
112       | 24       | 0       | -18.8431 | -18.8431 | 2.5210   | -20.0000 | 0.0000  
112       | 25       | 0       | -42.9138 | -42.9138 | 1.1486   | -600.0000 | 600.0000
112       | 26       | 0       | 36.5068  | 36.5068  | 1.2482   | -400.0000 | 200.0000
112       | 27       | 0       | -6.8654  | -6.8654  | 1.7356   | -20.0000 | 0.0000  
112       | 28       | 0       | 0.0000   | 0.0000   | -1.9461  | -600.0000 | 600.0000
112       | 29       | 0       | 0.0000   | 0.0000   | -3.1351  | -400.0000 | 200.0000
112       | 30       | 0       | 0.0000   | 0.0000   | -1.0637  | -20.0000 | 0.0000  

113       | 1        | 0       | 0.0000   | 0.0000   | -3.2869  | -600.0000 | 600.0000
113       | 2        | 0       | 0.0000   | 0.0000   | 2.3864   | -400.0000 | 200.0000
113       | 3        | 0       | 0.0000   | 0.0000   | -0.0900  | -20.0000 | 0.0000  
113       | 4        | 0       | 320.6259 | 320.6259 | 0.7437   | -600.0000 | 600.0000
113       | 5        | 1       | -158.8415 | -159.7387 | -0.8973  | -400.0000 | 200.0000
113       | 6        | 0       | -10.4025 | -10.4025 | -1.4787  | -20.0000 | 0.0000  
113       | 7        | 0       | 44.5279  | 44.5279  | -1.2659  | -600.0000 | 600.0000
113       | 8        | 1       | -47.8953 | -49.6145 | -1.7192  | -400.0000 | 200.0000
113       | 9        | 0       | -5.0912  | -5.0912  | -0.9087  | -20.0000 | 0.0000  
113       | 10       | 0       | 272.0052 | 272.0052 | 2.0562   | -600.0000 | 600.0000
113       | 11       | 0       | -217.1493 | -217.1493 | -2.0120  | -400.0000 | 200.0000
113       | 12       | 0       | -3.4121  | -3.4121  | -2.0890  | -20.0000 | 0.0000  
113       | 13       | 0       | -262.1746 | -262.1746 | -3.8665  | -600.0000 | 600.0000
113       | 14       | 0       | 123.6523 | 123.6523 | -1.9205  | -400.0000 | 200.0000
113       | 15       | 1       | -17.7484 | -15.9908 | 1.7576   | -20.0000 | 0.0000  
113       | 16       | 1       | -79.8333 | -82.2354 | -2.4020  | -600.0000 | 600.0000
113       | 17       | 1       | 198.3094 | 198.7174 | 0.4080   | -400.0000 | 200.0000
113       | 18       | 0       | -8.8188  | -8.8188  | -0.5806  | -20.0000 | 0.0000  
113       | 19       | 1       | 200.6548 | 198.6592 | -1.9956  | -600.0000 | 600.0000
113       | 20       | 0       | 66.2296  | 66.2296  | -0.2339  | -400.0000 | 200.0000
113       | 21       | 0       | -2.7559  | -2.7559  | 0.6235   | -20.0000 | 0.0000  
113       | 22       | 1       | -223.3494 | -219.6861 | 3.6633   | -600.0000 | 600.0000
113       | 23       | 1       | -77.1864 | -77.7631 | -0.5767  | -400.0000 | 200.0000
113       | 24       | 0       | -3.1978  | -3.1978  | -0.9595  | -20.0000 | 0.0000  
113       | 25       | 0       | -42.9138 | -42.9138 | 3.8599   | -600.0000 | 600.0000
113       | 26       | 0       | 36.5068  | 36.5068  | -1.8868  | -400.0000 | 200.0000
113       | 27       | 0       | -6.8654  | -6.8654  | 0.2328   | -20.0000 | 0.0000  
113       | 28       | 0       | 0.0000   | 0.0000   | -1.5206  | -600.0000 | 600.0000
113       | 29       | 0       | 0.0000   | 0.0000   | -4.2027  | -400.0000 | 200.0000
113       | 30       | 0       | 0.0000   | 0.0000   | 1.6889   | -20.0000 | 0.0000  

114       | 1        | 0       | 0.0000   | 0.0000   | -2.4929  | -600.0000 | 600.0000
114       | 2        | 0       | 0.0000   | 0.0000   | 0.4598   | -400.0000 | 200.0000
114       | 3        | 0       | 0.0000   | 0.0000   | 2.7431   | -20.0000 | 0.0000  
114       | 4        | 0       | 1.7422   | 1.7422   | -0.1095  | -600.0000 | 600.0000
114       | 5        | 1       | 16.4522  | 14.1626  | -2.2896  | -400.0000 | 200.0000
114       | 6        | 0       | -10.6436 | -10.6436 | -0.6689  | -20.0000 | 0.0000  
114       | 7        | 0       | 179.2755 | 179.2755 | -0.8621  | -600.0000 | 600.0000
114       | 8        | 0       | -232.6189 | -232.6189 | -0.2936  | -400.0000 | 200.0000
114       | 9        | 1       | -19.4851 | -19.1275 | 0.3576   | -20.0000 | 0.0000  
114       | 10       | 0       | 164.7548 | 164.7548 | -1.4838  | -600.0000 | 600.0000
114       | 11       | 0       | -38.2463 | -38.2463 | 1.1185   | -400.0000 | 200.0000
114       | 12       | 0       | -14.3990 | -14.3990 | -0.3197  | -20.0000 | 0.0000  
114       | 13       | 0       | 247.7969 | 247.7969 | -3.0950  | -600.0000 | 600.0000
114       | 14       | 0       | -131.8581 | -131.8581 | 0.6591   | -400.0000 | 200.0000
114       | 15       | 0       | -7.0151  | -7.0151  | 2.0956   | -20.0000 | 0.0000  
114       | 16       | 0       | 407.4138 | 407.4138 | 1.5540   | -600.0000 | 600.0000
114       | 17       | 0       | -300.5620 | -300.5620 | 2.2920   | -400.0000 | 200.0000
114       | 18       | 0       | -19.6171 | -19.6171 | -4.6821  | -20.0000 | 0.0000  
114       | 19       | 0       | 336.2719 | 336.2719 | 1.0152   | -600.0000 | 600.0000
114       | 20       | 1       | -34.8354 | -32.5845 | 2.2509   | -400.0000 | 200.0000
114       | 21       | 0       | -7.1534  | -7.1534  | 1.2753   | -20.0000 | 0.0000  
114       | 22       | 0       | 405.7860 | 405.7860 | 3.7002   | -600.0000 | 600.0000
114       | 23       | 1       | 79.1915  | 77.7741  | -1.4174  | -400.0000 | 200.0000
114       | 24       | 0       | -1.1646  | -1.1646  | 3.3085   | -20.0000 | 0.0000  
114       | 25       | 0       | 43.2802  | 43.2802  | -0.2840  | -600.0000 | 600.0000
114       | 26       | 0       | -106.9026 | -106.9026 | -2.9661  | -400.0000 | 200.0000
114       | 27       | 1       | -8.6383  | -9.9419  | -1.3036  | -20.0000 | 0.0000  
114       | 28       | 0       | 0.0000   | 0.0000   | 1.0443   | -600.0000 | 600.0000
114       | 29       | 0       | 0.0000   | 0.0000   | 0.7734   | -400.0000 | 200.0000
114       | 30       | 0       | 0.0000   | 0.0000   | -2.6281  | -20.0000 | 0.0000  

115       | 1        | 0       | 0.0000   | 0.0000   | 0.3094   | -600.0000 | 600.0000
115       | 2        | 0       | 0.0000   | 0.0000   | -1.1165  | -400.0000 | 200.0000
115       | 3        | 0       | 0.0000   | 0.0000   | -2.0922  | -20.0000 | 0.0000  
115       | 4        | 0       | 141.8617 | 141.8617 | -0.7820  | -600.0000 | 600.0000
115       | 5        | 0       | -341.0476 | -341.0476 | -3.0310  | -400.0000 | 200.0000
115       | 6        | 0       | -18.3179 | -18.3179 | -1.2279  | -20.0000 | 0.0000  
115       | 7        | 0       | 241.1630 | 241.1630 | 1.3636   | -600.0000 | 600.0000
115       | 8        | 0       | -356.3422 | -356.3422 | 1.4907   | -400.0000 | 200.0000
115       | 9        | 0       | -3.5628  | -3.5628  | 1.2490   | -20.0000 | 0.0000  
115       | 10       | 0       | 245.9765 | 245.9765 | 2.1859   | -600.0000 | 600.0000
115       | 11       | 0       | -351.3416 | -351.3416 | 1.0441   | -400.0000 | 200.0000
115       | 12       | 0       | -18.3032 | -18.3032 | 2.6098   | -20.0000 | 0.0000  
115       | 13       | 1       | -67.3357 | -68.0051 | -0.6693  | -600.0000 | 600.0000
115       | 14       | 1       | -324.4269 | -323.8979 | 0.5290   | -400.0000 | 200.0000
115       | 15       | 0       | -0.4170  | -0.4170  | 0.8126   | -20.0000 | 0.0000  
115       | 16       | 0       | 92.6399  | 92.6399  | 4.0905   | -600.0000 | 600.0000
115       | 17       | 0       | -373.7566 | -373.7566 | 0.2843   | -400.0000 | 200.0000
115       | 18       | 0       | -17.7126 | -17.7126 | -0.3598  | -20.0000 | 0.0000  
115       | 19       | 0       | 70.3709  | 70.3709  | 2.3947   | -600.0000 | 600.0000
115       | 20       | 0       | -194.0996 | -194.0996 | -3.3158  | -400.0000 | 200.0000
115       | 21       | 0       | -5.9422  | -5.9422  | -1.9298  | -20.0000 | 0.0000  
115       | 22       | 1       | 182.7500 | 179.6714 | -3.0786  | -600.0000 | 600.0000
115       | 23       | 1       | 107.3626 | 104.5914 | -2.7712  | -400.0000 | 200.0000
115       | 24       | 1       | -6.1501  | -6.9764  | -0.8262  | -20.0000 | 0.0000  
115       | 25       | 0       | -84.0827 | -84.0827 | -3.4862  | -600.0000 | 600.0000
115       | 26       | 0       | 3.0946   | 3.0946   | 2.4450   | -400.0000 | 200.0000
115       | 27       | 0       | -17.1215 | -17.1215 | -1.9393  | -20.0000 | 0.0000  
115       | 28       | 0       | 0.0000   | 0.0000   | -0.9567  | -600.0000 | 600.0000
115       | 29       | 0       | 0.0000   | 0.0000   | 0.2388   | -400.0000 | 200.0000
115       | 30       | 0       | 0.0000   | 0.0000   | -1.4474  | -20.0000 | 0.0000  

116       | 1        | 0       | 0.0000   | 0.0000   | 0.7753   | -600.0000 | 600.0000
116       | 2        | 0       | 0.0000   | 0.0000   | -5.5384  | -400.0000 | 200.0000
116       | 3        | 0       | 0.0000   | 0.0000   | 3.3446   | -20.0000 | 0.0000  
116       | 4        | 1       | 351.3097 | 352.7388 | 1.4290   | -600.0000 | 600.0000
116       | 5        | 0       | -358.5725 | -358.5725 | 3.7133   | -400.0000 | 200.0000
116       | 6        | 0       | -10.5149 | -10.5149 | 2.3856   | -20.0000 | 0.0000  
116       | 7        | 1       | 72.8140  | 72.7744  | -0.0396  | -600.0000 | 600.0000
116       | 8        | 0       | -22.9441 | -22.9441 | -1.1678  | -400.0000 | 200.0000
116       | 9        | 0       | -6.2274  | -6.2274  | 1.2604   | -20.0000 | 0.0000  
116       | 10       | 1       | -525.8298 | -525.1808 | 0.6491   | -600.0000 | 600.0000
116       | 11       | 0       | -342.7792 | -342.7792 | 3.0037   | -400.0000 | 200.0000
116       | 12       | 0       | -15.7229 | -15.7229 | 6.2799   | -20.0000 | 0.0000  
116       | 13       | 1       | 114.2554 | 120.4315 | 6.1761   | -600.0000 | 600.0000
116       | 14       | 0       | -309.7166 | -309.7166 | -2.1695  | -400.0000 | 200.0000
116       | 15       | 0       | -1.9637  | -1.9637  | 0.6162   | -20.0000 | 0.0000  
116       | 16       | 0       | -63.9426 | -63.9426 | 1.7198   | -600.0000 | 600.0000
116       | 17       | 0       | -99.0892 | -99.0892 | 1.5824   | -400.0000 | 200.0000
116       | 18       | 0       | -15.0377 | -15.0377 | -1.6573  | -20.0000 | 0.0000  
116       | 19       | 1       | -34.8477 | -37.0087 | -2.1610  | -600.0000 | 600.0000
116       | 20       | 0       | -2.8518  | -2.8518  | -4.9456  | -400.0000 | 200.0000
116       | 21       | 0       | -2.8902  | -2.8902  | -0.3185  | -20.0000 | 0.0000  
116       | 22       | 0       | 16.7874  | 16.7874  | 0.3882   | -600.0000 | 600.0000
116       | 23       | 1       | 70.1918  | 68.1705  | -2.0213  | -400.0000 | 200.0000
116       | 24       | 1       | -12.0691 | -11.7173 | 0.3518   | -20.0000 | 0.0000  
116       | 25       | 0       | 380.8524 | 380.8524 | 0.0035   | -600.0000 | 600.0000
116       | 26       | 0       | 53.1165  | 53.1165  | 1.2388   | -400.0000 | 200.0000
116       | 27       | 0       | -17.7179 | -17.7179 | 0.0402   | -20.0000 | 0.0000  
116       | 28       | 0       | 0.0000   | 0.0000   | 3.7671   | -600.0000 | 600.0000
116       | 29       | 0       | 0.0000   | 0.0000   | 3.1364   | -400.0000 | 200.0000
116       | 30       | 0       | 0.0000   | 0.0000   | -0.3212  | -20.0000 | 0.0000  

117       | 1        | 0       | 0.0000   | 0.0000   | 0.0519   | -600.0000 | 600.0000
117       | 2        | 0       | 0.0000   | 0.0000   | -1.7692  | -400.0000 | 200.0000
117       | 3        | 0       | 0.0000   | 0.0000   | 1.6633   | -20.0000 | 0.0000  
117       | 4        | 0       | 141.8617 | 141.8617 | 4.1049   | -600.0000 | 600.0000
117       | 5        | 0       | -339.3264 | -339.3264 | 2.8975   | -400.0000 | 200.0000
117       | 6        | 0       | -20.0000 | -20.0000 | -5.4052  | -20.0000 | 0.0000  
117       | 7        | 0       | 241.1630 | 241.1630 | -0.4953  | -600.0000 | 600.0000
117       | 8        | 0       | -356.3422 | -356.3422 | -1.9731  | -400.0000 | 200.0000
117       | 9        | 0       | -3.5628  | -3.5628  | -0.2461  | -20.0000 | 0.0000  
117       | 10       | 0       | 247.9981 | 247.9981 | -0.7773  | -600.0000 | 600.0000
117       | 11       | 0       | -351.1907 | -351.1907 | -0.9634  | -400.0000 | 200.0000
117       | 12       | 1       | -15.9017 | -16.6025 | -0.7008  | -20.0000 | 0.0000  
117       | 13       | 1       | 583.9675 | 582.0689 | -1.8986  | -600.0000 | 600.0000
117       | 14       | 0       | -175.4375 | -175.4375 | -0.0616  | -400.0000 | 200.0000
117       | 15       | 1       | -12.5872 | -10.1364 | 2.4508   | -20.0000 | 0.0000  
117       | 16       | 0       | 375.3595 | 375.3595 | 1.2102   | -600.0000 | 600.0000
117       | 17       | 0       | 168.3491 | 168.3491 | -3.3497  | -400.0000 | 200.0000
117       | 18       | 0       | -1.0647  | 0.0000   | 150.8361 | -20.0000 | 0.0000  
117       | 19       | 0       | 303.4353 | 303.4353 | 2.3751   | -600.0000 | 600.0000
117       | 20       | 0       | -174.7188 | -174.7188 | -4.1284  | -400.0000 | 200.0000
117       | 21       | 0       | -18.3300 | -18.3300 | -4.1593  | -20.0000 | 0.0000  
117       | 22       | 0       | 332.5763 | 332.5763 | -0.8723  | -600.0000 | 600.0000
117       | 23       | 0       | -64.9575 | -64.9575 | -0.1529  | -400.0000 | 200.0000
117       | 24       | 0       | -11.5156 | -11.5156 | 2.7506   | -20.0000 | 0.0000  
117       | 25       | 0       | -42.9138 | -42.9138 | 0.2383   | -600.0000 | 600.0000
117       | 26       | 1       | 36.2904  | 34.7363  | -1.5540  | -400.0000 | 200.0000
117       | 27       | 0       | -10.7888 | -10.7888 | -1.5052  | -20.0000 | 0.0000  
117       | 28       | 0       | 0.0000   | 0.0000   | 2.5163   | -600.0000 | 600.0000
117       | 29       | 0       | 0.0000   | 0.0000   | -1.0113  | -400.0000 | 200.0000
117       | 30       | 0       | 0.0000   | 0.0000   | -3.8898  | -20.0000 | 0.0000  

118       | 1        | 0       | 0.0000   | 0.0000   | -4.9929  | -600.0000 | 600.0000
118       | 2        | 0       | 0.0000   | 0.0000   | -1.4464  | -400.0000 | 200.0000
118       | 3        | 0       | 0.0000   | 0.0000   | -2.9024  | -20.0000 | 0.0000  
118       | 4        | 0       | -250.7774 | -250.7774 | -3.5800  | -600.0000 | 600.0000
118       | 5        | 1       | 147.2353 | 146.1989 | -1.0364  | -400.0000 | 200.0000
118       | 6        | 0       | -4.9208  | -4.9208  | 0.4703   | -20.0000 | 0.0000  
118       | 7        | 0       | 365.3544 | 365.3544 | -5.4821  | -600.0000 | 600.0000
118       | 8        | 0       | -390.0016 | -390.0016 | -0.7002  | -400.0000 | 200.0000
118       | 9        | 1       | -2.7215  | -1.6781  | 1.0434   | -20.0000 | 0.0000  
118       | 10       | 1       | 272.0052 | 269.4055 | -2.5997  | -600.0000 | 600.0000
118       | 11       | 0       | -217.1493 | -217.1493 | -1.1961  | -400.0000 | 200.0000
118       | 12       | 0       | -3.4121  | -3.4121  | -0.4253  | -20.0000 | 0.0000  
118       | 13       | 0       | -537.7970 | -537.7970 | 0.4560   | -600.0000 | 600.0000
118       | 14       | 0       | -70.6848 | -70.6848 | 1.3862   | -400.0000 | 200.0000
118       | 15       | 0       | -14.2473 | -14.2473 | -1.1047  | -20.0000 | 0.0000  
118       | 16       | 0       | -232.1267 | -232.1267 | -1.2784  | -600.0000 | 600.0000
118       | 17       | 1       | -194.2940 | -194.2746 | 0.0194   | -400.0000 | 200.0000
118       | 18       | 0       | -7.5742  | -7.5742  | -6.5162  | -20.0000 | 0.0000  
118       | 19       | 0       | -200.9693 | -200.9693 | 1.4340   | -600.0000 | 600.0000
118       | 20       | 1       | 34.3964  | 36.2233  | 1.8270   | -400.0000 | 200.0000
118       | 21       | 0       | -11.4171 | -11.4171 | -3.7511  | -20.0000 | 0.0000  
118       | 22       | 0       | -516.3488 | -516.3488 | 3.7198   | -600.0000 | 600.0000
118       | 23       | 0       | 66.7128  | 66.7128  | 2.0595   | -400.0000 | 200.0000
118       | 24       | 0       | -14.2848 | -14.2848 | 0.3457   | -20.0000 | 0.0000  
118       | 25       | 0       | -81.2601 | -81.2601 | -1.9359  | -600.0000 | 600.0000
118       | 26       | 1       | 13.3563  | 12.9782  | -0.3780  | -400.0000 | 200.0000
118       | 27       | 1       | -13.3741 | -13.3768 | -0.0027  | -20.0000 | 0.0000  
118       | 28       | 0       | 0.0000   | 0.0000   | -1.4099  | -600.0000 | 600.0000
118       | 29       | 0       | 0.0000   | 0.0000   | 0.7605   | -400.0000 | 200.0000
118       | 30       | 0       | 0.0000   | 0.0000   | 1.5728   | -20.0000 | 0.0000  

119       | 1        | 0       | 0.0000   | 0.0000   | -2.8301  | -600.0000 | 600.0000
119       | 2        | 0       | 0.0000   | 0.0000   | -1.4626  | -400.0000 | 200.0000
119       | 3        | 0       | 0.0000   | 0.0000   | -0.9715  | -20.0000 | 0.0000  
119       | 4        | 0       | -101.0699 | -101.0699 | 0.2321   | -600.0000 | 600.0000
119       | 5        | 0       | -142.6334 | -142.6334 | -0.5681  | -400.0000 | 200.0000
119       | 6        | 1       | -9.1819  | -6.4632  | 2.7187   | -20.0000 | 0.0000  
119       | 7        | 0       | 235.7158 | 235.7158 | -1.6148  | -600.0000 | 600.0000
119       | 8        | 0       | 21.2877  | 21.2877  | 1.0080   | -400.0000 | 200.0000
119       | 9        | 0       | -16.5661 | -16.5661 | -2.6311  | -20.0000 | 0.0000  
119       | 10       | 0       | 3.2298   | 3.2298   | 1.9738   | -600.0000 | 600.0000
119       | 11       | 0       | -152.8251 | -152.8251 | 2.7798   | -400.0000 | 200.0000
119       | 12       | 0       | -2.5895  | -2.5895  | -3.1146  | -20.0000 | 0.0000  
119       | 13       | 1       | -164.3012 | -165.0722 | -0.7710  | -600.0000 | 600.0000
119       | 14       | 0       | -12.4497 | -12.4497 | 2.1618   | -400.0000 | 200.0000
119       | 15       | 1       | -8.5844  | -10.9369 | -2.3525  | -20.0000 | 0.0000  
119       | 16       | 0       | -231.8360 | -231.8360 | -4.0802  | -600.0000 | 600.0000
119       | 17       | 1       | -186.4257 | -184.9687 | 1.4570   | -400.0000 | 200.0000
119       | 18       | 0       | -7.5742  | -7.5742  | 0.8201   | -20.0000 | 0.0000  
119       | 19       | 0       | -214.6054 | -214.6054 | 1.1893   | -600.0000 | 600.0000
119       | 20       | 0       | -271.0507 | -271.0507 | 2.2904   | -400.0000 | 200.0000
119       | 21       | 0       | -9.4839  | -9.4839  | 1.2830   | -20.0000 | 0.0000  
119       | 22       | 0       | -153.4597 | -153.4597 | -0.4860  | -600.0000 | 600.0000
119       | 23       | 0       | -358.7718 | -358.7718 | -0.4966  | -400.0000 | 200.0000
119       | 24       | 0       | -10.5307 | -10.5307 | -0.5746  | -20.0000 | 0.0000  
119       | 25       | 0       | -42.9618 | -42.9618 | 0.5335   | -600.0000 | 600.0000
119       | 26       | 0       | 36.7541  | 36.7541  | -0.5102  | -400.0000 | 200.0000
119       | 27       | 1       | -5.8121  | -6.0692  | -0.2570  | -20.0000 | 0.0000  
119       | 28       | 0       | 0.0000   | 0.0000   | 0.2613   | -600.0000 | 600.0000
119       | 29       | 0       | 0.0000   | 0.0000   | -0.0624  | -400.0000 | 200.0000
119       | 30       | 0       | 0.0000   | 0.0000   | 0.1580   | -20.0000 | 0.0000  

120       | 1        | 0       | 0.0000   | 0.0000   | 3.6709   | -600.0000 | 600.0000
120       | 2        | 0       | 0.0000   | 0.0000   | 1.6899   | -400.0000 | 200.0000
120       | 3        | 0       | 0.0000   | 0.0000   | 2.2790   | -20.0000 | 0.0000  
120       | 4        | 0       | 0.4313   | 0.4313   | 1.0228   | -600.0000 | 600.0000
120       | 5        | 0       | 14.5304  | 14.5304  | 2.4805   | -400.0000 | 200.0000
120       | 6        | 0       | -5.2910  | -5.2910  | -2.8319  | -20.0000 | 0.0000  
120       | 7        | 0       | 176.9190 | 176.9190 | -4.5338  | -600.0000 | 600.0000
120       | 8        | 0       | -232.7184 | -232.7184 | 1.5710   | -400.0000 | 200.0000
120       | 9        | 0       | -19.8934 | -19.8934 | 1.6515   | -20.0000 | 0.0000  
120       | 10       | 0       | 163.1284 | 163.1284 | -1.9055  | -600.0000 | 600.0000
120       | 11       | 1       | -40.4187 | -42.2410 | -1.8223  | -400.0000 | 200.0000
120       | 12       | 1       | -18.1214 | -16.4041 | 1.7173   | -20.0000 | 0.0000  
120       | 13       | 0       | 247.7969 | 247.7969 | 1.3475   | -600.0000 | 600.0000
120       | 14       | 0       | -131.8581 | -131.8581 | -2.1799  | -400.0000 | 200.0000
120       | 15       | 0       | -8.5215  | -8.5215  | -2.5469  | -20.0000 | 0.0000  
120       | 16       | 0       | 407.4138 | 407.4138 | -2.4051  | -600.0000 | 600.0000
120       | 17       | 0       | -297.9748 | -297.9748 | 0.4899   | -400.0000 | 200.0000
120       | 18       | 0       | -19.6171 | -19.6171 | 0.4401   | -20.0000 | 0.0000  
120       | 19       | 0       | 462.0318 | 462.0318 | -1.9563  | -600.0000 | 600.0000
120       | 20       | 0       | -131.6925 | -131.6925 | 0.6580   | -400.0000 | 200.0000
120       | 21       | 1       | -9.7914  | -7.6877  | 2.1036   | -20.0000 | 0.0000  
120       | 22       | 0       | 149.9722 | 149.9722 | 2.9588   | -600.0000 | 600.0000
120       | 23       | 1       | -21.0639 | -20.8643 | 0.1996   | -400.0000 | 200.0000
120       | 24       | 0       | -5.3377  | -5.3377  | 0.4787   | -20.0000 | 0.0000  
120       | 25       | 0       | -27.7878 | -76.7555 | -48.9676 | -600.0000 | 600.0000
120       | 26       | 0       | 12.6332  | 12.6332  | 0.9317   | -400.0000 | 200.0000
120       | 27       | 1       | -5.5459  | -6.2560  | -0.7101  | -20.0000 | 0.0000  
120       | 28       | 0       | 0.0000   | 0.0000   | -1.1189  | -600.0000 | 600.0000
120       | 29       | 0       | 0.0000   | 0.0000   | -0.0247  | -400.0000 | 200.0000
120       | 30       | 0       | 0.0000   | 0.0000   | -0.3882  | -20.0000 | 0.0000  

121       | 1        | 0       | 0.0000   | 0.0000   | 2.0216   | -600.0000 | 600.0000
121       | 2        | 0       | 0.0000   | 0.0000   | 1.8331   | -400.0000 | 200.0000
121       | 3        | 0       | 0.0000   | 0.0000   | -0.8703  | -20.0000 | 0.0000  
121       | 4        | 1       | 0.4313   | 1.7311   | 1.2998   | -600.0000 | 600.0000
121       | 5        | 1       | 14.5304  | 16.7395  | 2.2091   | -400.0000 | 200.0000
121       | 6        | 0       | -6.0573  | -20.0000 | -17.4521 | -20.0000 | 0.0000  
121       | 7        | 0       | 178.3667 | 178.3667 | 2.8717   | -600.0000 | 600.0000
121       | 8        | 0       | -234.8271 | -234.8271 | 1.1270   | -400.0000 | 200.0000
121       | 9        | 0       | -19.4851 | -19.4851 | -2.9858  | -20.0000 | 0.0000  
121       | 10       | 0       | 163.1284 | 163.1284 | 0.9240   | -600.0000 | 600.0000
121       | 11       | 1       | -41.1070 | -39.9727 | 1.1343   | -400.0000 | 200.0000
121       | 12       | 0       | -16.4129 | -16.4129 | -0.7191  | -20.0000 | 0.0000  
121       | 13       | 0       | 246.1670 | 246.1670 | -1.6737  | -600.0000 | 600.0000
121       | 14       | 0       | -126.8968 | -126.8968 | 0.3217   | -400.0000 | 200.0000
121       | 15       | 0       | -6.6448  | -6.6448  | 0.6247   | -20.0000 | 0.0000  
121       | 16       | 0       | 404.8405 | 404.8405 | 0.7947   | -600.0000 | 600.0000
121       | 17       | 0       | -298.1629 | -298.1629 | 0.3390   | -400.0000 | 200.0000
121       | 18       | 0       | -19.6171 | -19.6171 | 0.6151   | -20.0000 | 0.0000  
121       | 19       | 0       | 334.9231 | 334.9231 | -2.1393  | -600.0000 | 600.0000
121       | 20       | 1       | -34.1815 | -32.6799 | 1.5016   | -400.0000 | 200.0000
121       | 21       | 0       | -6.0072  | -6.0072  | -0.2980  | -20.0000 | 0.0000  
121       | 22       | 1       | 405.7860 | 408.7962 | 3.0102   | -600.0000 | 600.0000
121       | 23       | 1       | 81.6866  | 84.8230  | 3.1364   | -400.0000 | 200.0000
121       | 24       | 0       | -0.7816  | -0.7816  | 2.4232   | -20.0000 | 0.0000  
121       | 25       | 0       | 43.1221  | 43.1221  | -1.3229  | -600.0000 | 600.0000
121       | 26       | 0       | -106.9026 | -106.9026 | -0.7056  | -400.0000 | 200.0000
121       | 27       | 0       | -11.9623 | -11.9623 | 0.0936   | -20.0000 | 0.0000  
121       | 28       | 0       | 0.0000   | 0.0000   | 0.4919   | -600.0000 | 600.0000
121       | 29       | 0       | 0.0000   | 0.0000   | -0.9161  | -400.0000 | 200.0000
121       | 30       | 0       | 0.0000   | 0.0000   | 0.9822   | -20.0000 | 0.0000  

122       | 1        | 0       | 0.0000   | 0.0000   | -1.8483  | -600.0000 | 600.0000
122       | 2        | 0       | 0.0000   | 0.0000   | -0.7141  | -400.0000 | 200.0000
122       | 3        | 0       | 0.0000   | 0.0000   | -3.2847  | -20.0000 | 0.0000  
122       | 4        | 0       | 62.2882  | 62.2882  | 1.2466   | -600.0000 | 600.0000
122       | 5        | 0       | -63.4372 | -63.4372 | -1.1385  | -400.0000 | 200.0000
122       | 6        | 1       | -5.3198  | -4.6602  | 0.6596   | -20.0000 | 0.0000  
122       | 7        | 0       | -115.8206 | -115.8206 | 1.3501   | -600.0000 | 600.0000
122       | 8        | 1       | -319.5909 | -320.9452 | -1.3544  | -400.0000 | 200.0000
122       | 9        | 1       | -19.4243 | -18.9329 | 0.4914   | -20.0000 | 0.0000  
122       | 10       | 1       | 487.3045 | 485.4503 | -1.8541  | -600.0000 | 600.0000
122       | 11       | 0       | -391.8829 | -391.8829 | 3.1590   | -400.0000 | 200.0000
122       | 12       | 0       | -6.3091  | -6.3091  | 1.5427   | -20.0000 | 0.0000  
122       | 13       | 0       | -538.9377 | -538.9377 | 2.5830   | -600.0000 | 600.0000
122       | 14       | 1       | -70.6848 | -66.8421 | 3.8427   | -400.0000 | 200.0000
122       | 15       | 1       | -10.1541 | -9.3052  | 0.8489   | -20.0000 | 0.0000  
122       | 16       | 0       | -231.8360 | -231.8360 | 1.1862   | -600.0000 | 600.0000
122       | 17       | 0       | -188.6884 | -188.6884 | -0.5378  | -400.0000 | 200.0000
122       | 18       | 1       | -7.5742  | -6.6565  | 0.9177   | -20.0000 | 0.0000  
122       | 19       | 0       | -75.0301 | -75.0301 | 1.1644   | -600.0000 | 600.0000
122       | 20       | 0       | 142.4952 | 142.4952 | 0.5627   | -400.0000 | 200.0000
122       | 21       | 0       | -13.0349 | -13.0349 | -3.3804  | -20.0000 | 0.0000  
122       | 22       | 0       | 17.3898  | 17.3898  | -0.8154  | -600.0000 | 600.0000
122       | 23       | 0       | 70.1918  | 70.1918  | 4.0684   | -400.0000 | 200.0000
122       | 24       | 0       | -14.0872 | -14.0872 | -0.8352  | -20.0000 | 0.0000  
122       | 25       | 0       | -42.9138 | -42.9138 | 3.5511   | -600.0000 | 600.0000
122       | 26       | 0       | 36.5068  | 36.5068  | -1.6229  | -400.0000 | 200.0000
122       | 27       | 0       | -6.8654  | -6.8654  | -5.4804  | -20.0000 | 0.0000  
122       | 28       | 0       | 0.0000   | 0.0000   | -0.8821  | -600.0000 | 600.0000
122       | 29       | 0       | 0.0000   | 0.0000   | -1.7924  | -400.0000 | 200.0000
122       | 30       | 0       | 0.0000   | 0.0000   | -0.5377  | -20.0000 | 0.0000  

123       | 1        | 0       | 0.0000   | 0.0000   | 0.8790   | -600.0000 | 600.0000
123       | 2        | 0       | 0.0000   | 0.0000   | 2.7433   | -400.0000 | 200.0000
123       | 3        | 0       | 0.0000   | 0.0000   | 2.8799   | -20.0000 | 0.0000  
123       | 4        | 0       | 0.4313   | 0.4313   | -0.6903  | -600.0000 | 600.0000
123       | 5        | 0       | 14.5304  | 14.5304  | 2.9608   | -400.0000 | 200.0000
123       | 6        | 1       | -5.2910  | -2.4500  | 2.8411   | -20.0000 | 0.0000  
123       | 7        | 1       | 176.9190 | 179.0904 | 2.1714   | -600.0000 | 600.0000
123       | 8        | 1       | -232.7184 | -233.9369 | -1.2185  | -400.0000 | 200.0000
123       | 9        | 0       | -19.8934 | -19.8934 | 0.7357   | -20.0000 | 0.0000  
123       | 10       | 0       | 163.1284 | 163.1284 | -3.6829  | -600.0000 | 600.0000
123       | 11       | 0       | -40.4187 | -40.4187 | -1.0585  | -400.0000 | 200.0000
123       | 12       | 1       | -18.1214 | -17.3790 | 0.7425   | -20.0000 | 0.0000  
123       | 13       | 0       | 246.1670 | 246.1670 | 0.3303   | -600.0000 | 600.0000
123       | 14       | 1       | -126.8968 | -125.6784 | 1.2184   | -400.0000 | 200.0000
123       | 15       | 1       | -9.8403  | -10.6174 | -0.7771  | -20.0000 | 0.0000  
123       | 16       | 0       | 404.8405 | 404.8405 | -1.4487  | -600.0000 | 600.0000
123       | 17       | 0       | -298.1629 | -298.1629 | 0.9901   | -400.0000 | 200.0000
123       | 18       | 1       | -19.6171 | -18.0588 | 1.5583   | -20.0000 | 0.0000  
123       | 19       | 0       | 336.2719 | 336.2719 | -0.4036  | -600.0000 | 600.0000
123       | 20       | 1       | -34.1815 | -32.5624 | 1.6191   | -400.0000 | 200.0000
123       | 21       | 0       | -6.0072  | -6.0072  | -1.8886  | -20.0000 | 0.0000  
123       | 22       | 0       | 405.7860 | 405.7860 | -1.2087  | -600.0000 | 600.0000
123       | 23       | 0       | 81.6866  | 81.6866  | -0.6703  | -400.0000 | 200.0000
123       | 24       | 0       | -1.1646  | -1.1646  | -1.0158  | -20.0000 | 0.0000  
123       | 25       | 0       | 42.2281  | 42.2281  | 1.1914   | -600.0000 | 600.0000
123       | 26       | 0       | -106.9026 | -106.9026 | 1.2769   | -400.0000 | 200.0000
123       | 27       | 0       | -11.9623 | -11.9623 | -2.5259  | -20.0000 | 0.0000  
123       | 28       | 0       | 0.0000   | 0.0000   | 2.4626   | -600.0000 | 600.0000
123       | 29       | 0       | 0.0000   | 0.0000   | -0.0983  | -400.0000 | 200.0000
123       | 30       | 0       | 0.0000   | 0.0000   | -1.1761  | -20.0000 | 0.0000  

124       | 1        | 0       | 0.0000   | 0.0000   | 3.3711   | -600.0000 | 600.0000
124       | 2        | 0       | 0.0000   | 0.0000   | 1.9484   | -400.0000 | 200.0000
124       | 3        | 0       | 0.0000   | 0.0000   | -0.1695  | -20.0000 | 0.0000  
124       | 4        | 0       | -256.1505 | -256.1505 | 0.6220   | -600.0000 | 600.0000
124       | 5        | 0       | -41.5246 | -41.5246 | 1.0074   | -400.0000 | 200.0000
124       | 6        | 1       | -19.3900 | -18.2963 | 1.0937   | -20.0000 | 0.0000  
124       | 7        | 0       | -554.2659 | -554.2659 | 0.5272   | -600.0000 | 600.0000
124       | 8        | 0       | 93.5603  | 93.5603  | 3.2045   | -400.0000 | 200.0000
124       | 9        | 0       | -13.8462 | -13.8462 | -1.3138  | -20.0000 | 0.0000  
124       | 10       | 0       | -447.5274 | -447.5274 | -1.2784  | -600.0000 | 600.0000
124       | 11       | 0       | -86.6540 | -86.6540 | -2.3062  | -400.0000 | 200.0000
124       | 12       | 0       | -2.6898  | -2.6898  | 0.1634   | -20.0000 | 0.0000  
124       | 13       | 0       | -537.7970 | -537.7970 | -0.8878  | -600.0000 | 600.0000
124       | 14       | 1       | -70.6848 | -68.2946 | 2.3902   | -400.0000 | 200.0000
124       | 15       | 0       | -14.2473 | -14.2473 | -0.5359  | -20.0000 | 0.0000  
124       | 16       | 0       | -232.1267 | -232.1267 | -1.9075  | -600.0000 | 600.0000
124       | 17       | 0       | -194.2940 | -194.2940 | 1.6827   | -400.0000 | 200.0000
124       | 18       | 1       | -7.5742  | -9.3665  | -1.7924  | -20.0000 | 0.0000  
124       | 19       | 0       | -200.9693 | -200.9693 | 1.8572   | -600.0000 | 600.0000
124       | 20       | 0       | 34.3964  | 34.3964  | -0.5504  | -400.0000 | 200.0000
124       | 21       | 0       | -11.4171 | -11.4171 | -2.2740  | -20.0000 | 0.0000  
124       | 22       | 0       | -1.9587  | -1.9587  | -3.0730  | -600.0000 | 600.0000
124       | 23       | 0       | -149.1736 | -149.1736 | -1.7970  | -400.0000 | 200.0000
124       | 24       | 0       | -1.7031  | -1.7031  | 1.0974   | -20.0000 | 0.0000  
124       | 25       | 0       | -81.2601 | -81.2601 | -1.9652  | -600.0000 | 600.0000
124       | 26       | 0       | 13.3563  | 13.3563  | 2.0267   | -400.0000 | 200.0000
124       | 27       | 0       | -13.3741 | -13.3741 | 3.6211   | -20.0000 | 0.0000  
124       | 28       | 0       | 0.0000   | 0.0000   | 0.3689   | -600.0000 | 600.0000
124       | 29       | 0       | 0.0000   | 0.0000   | -0.6814  | -400.0000 | 200.0000
124       | 30       | 0       | 0.0000   | 0.0000   | -1.2723  | -20.0000 | 0.0000  

125       | 1        | 0       | 0.0000   | 0.0000   | -6.0612  | -600.0000 | 600.0000
125       | 2        | 0       | 0.0000   | 0.0000   | -0.7410  | -400.0000 | 200.0000
125       | 3        | 0       | 0.0000   | 0.0000   | -0.8381  | -20.0000 | 0.0000  
125       | 4        | 0       | 0.4313   | 0.4313   | -0.3379  | -600.0000 | 600.0000
125       | 5        | 0       | 14.5304  | 14.5304  | 1.0727   | -400.0000 | 200.0000
125       | 6        | 0       | -5.2910  | 0.0000   | 230.2949 | -20.0000 | 0.0000  
125       | 7        | 0       | 176.9190 | 176.9190 | -2.6968  | -600.0000 | 600.0000
125       | 8        | 0       | -232.7184 | -232.7184 | -0.4083  | -400.0000 | 200.0000
125       | 9        | 1       | -19.8934 | -20.0000 | -0.9073  | -20.0000 | 0.0000  
125       | 10       | 0       | 163.1284 | 163.1284 | 1.3491   | -600.0000 | 600.0000
125       | 11       | 1       | -40.4187 | -39.9684 | 0.4503   | -400.0000 | 200.0000
125       | 12       | 0       | -18.1214 | -18.1214 | 0.0485   | -20.0000 | 0.0000  
125       | 13       | 1       | 246.1670 | 248.5548 | 2.3879   | -600.0000 | 600.0000
125       | 14       | 0       | -126.8968 | -126.8968 | -0.3119  | -400.0000 | 200.0000
125       | 15       | 1       | -9.8403  | -9.6909  | 0.1494   | -20.0000 | 0.0000  
125       | 16       | 0       | 404.8405 | 404.8405 | 0.0667   | -600.0000 | 600.0000
125       | 17       | 1       | -298.1629 | -299.2260 | -1.0630  | -400.0000 | 200.0000
125       | 18       | 1       | -19.6171 | -18.7297 | 0.8874   | -20.0000 | 0.0000  
125       | 19       | 1       | 334.9231 | 336.7627 | 1.8396   | -600.0000 | 600.0000
125       | 20       | 0       | -30.8630 | -30.8630 | 0.4613   | -400.0000 | 200.0000
125       | 21       | 0       | -2.5767  | -2.5767  | -0.6396  | -20.0000 | 0.0000  
125       | 22       | 0       | 405.0070 | 405.0070 | -1.2714  | -600.0000 | 600.0000
125       | 23       | 0       | 80.2230  | 80.2230  | 2.2016   | -400.0000 | 200.0000
125       | 24       | 0       | -0.7816  | -0.7816  | -2.7618  | -20.0000 | 0.0000  
125       | 25       | 0       | 280.1252 | 280.1252 | 0.0255   | -600.0000 | 600.0000
125       | 26       | 0       | -176.6960 | -176.6960 | 1.0926   | -400.0000 | 200.0000
125       | 27       | 1       | -3.8174  | -3.0666  | 0.7508   | -20.0000 | 0.0000  
125       | 28       | 0       | 0.0000   | 0.0000   | 3.3477   | -600.0000 | 600.0000
125       | 29       | 0       | 0.0000   | 0.0000   | 1.4395   | -400.0000 | 200.0000
125       | 30       | 0       | 0.0000   | 0.0000   | 0.5402   | -20.0000 | 0.0000  

126       | 1        | 0       | 0.0000   | 0.0000   | -2.3064  | -600.0000 | 600.0000
126       | 2        | 0       | 0.0000   | 0.0000   | 3.0545   | -400.0000 | 200.0000
126       | 3        | 0       | 0.0000   | 0.0000   | 2.0744   | -20.0000 | 0.0000  
126       | 4        | 1       | -135.6780 | -132.3620 | 3.3160   | -600.0000 | 600.0000
126       | 5        | 0       | -133.1650 | -133.1650 | -0.8883  | -400.0000 | 200.0000
126       | 6        | 0       | -12.4013 | -12.4013 | -0.7154  | -20.0000 | 0.0000  
126       | 7        | 1       | -152.0979 | -154.2460 | -2.1482  | -600.0000 | 600.0000
126       | 8        | 0       | -263.6382 | -263.6382 | -4.7297  | -400.0000 | 200.0000
126       | 9        | 0       | -18.5361 | -18.5361 | -3.1321  | -20.0000 | 0.0000  
126       | 10       | 0       | 218.6300 | 218.6300 | -0.7904  | -600.0000 | 600.0000
126       | 11       | 0       | -210.8563 | -210.8563 | -0.6493  | -400.0000 | 200.0000
126       | 12       | 1       | -17.3358 | -16.3147 | 1.0211   | -20.0000 | 0.0000  
126       | 13       | 0       | 158.8755 | 158.8755 | -3.6778  | -600.0000 | 600.0000
126       | 14       | 0       | -323.0045 | -323.0045 | 1.9221   | -400.0000 | 200.0000
126       | 15       | 0       | -9.5082  | -9.5082  | 3.2501   | -20.0000 | 0.0000  
126       | 16       | 0       | 22.8981  | 22.8981  | -3.4747  | -600.0000 | 600.0000
126       | 17       | 0       | -112.2458 | -112.2458 | -0.4988  | -400.0000 | 200.0000
126       | 18       | 0       | -20.0000 | -20.0000 | -0.7505  | -20.0000 | 0.0000  
126       | 19       | 0       | -80.6208 | -80.6208 | -3.1057  | -600.0000 | 600.0000
126       | 20       | 0       | -373.6600 | -373.6600 | -1.6931  | -400.0000 | 200.0000
126       | 21       | 0       | -16.6850 | -16.6850 | -3.6931  | -20.0000 | 0.0000  
126       | 22       | 0       | 304.6417 | 304.6417 | -0.1080  | -600.0000 | 600.0000
126       | 23       | 1       | -55.2103 | -54.8314 | 0.3789   | -400.0000 | 200.0000
126       | 24       | 0       | -1.9128  | -1.9128  | 1.7114   | -20.0000 | 0.0000  
126       | 25       | 0       | 190.5400 | 190.5400 | -0.9566  | -600.0000 | 600.0000
126       | 26       | 1       | 15.1426  | 17.9223  | 2.7797   | -400.0000 | 200.0000
126       | 27       | 0       | -4.0799  | -4.0799  | -0.9327  | -20.0000 | 0.0000  
126       | 28       | 0       | 0.0000   | 0.0000   | -0.0318  | -600.0000 | 600.0000
126       | 29       | 0       | 0.0000   | 0.0000   | -0.5121  | -400.0000 | 200.0000
126       | 30       | 0       | 0.0000   | 0.0000   | -3.4758  | -20.0000 | 0.0000  

127       | 1        | 0       | 0.0000   | 0.0000   | -0.4041  | -600.0000 | 600.0000
127       | 2        | 0       | 0.0000   | 0.0000   | 3.6652   | -400.0000 | 200.0000
127       | 3        | 0       | 0.0000   | 0.0000   | -3.0444  | -20.0000 | 0.0000  
127       | 4        | 0       | 141.8617 | 141.8617 | 2.0804   | -600.0000 | 600.0000
127       | 5        | 0       | -339.3264 | -339.3264 | 2.6952   | -400.0000 | 200.0000
127       | 6        | 0       | -18.3179 | -18.3179 | -1.0439  | -20.0000 | 0.0000  
127       | 7        | 1       | 241.1630 | 239.7237 | -1.4393  | -600.0000 | 600.0000
127       | 8        | 0       | -356.3422 | -356.3422 | 3.9302   | -400.0000 | 200.0000
127       | 9        | 0       | -3.5628  | -3.5628  | 2.0369   | -20.0000 | 0.0000  
127       | 10       | 0       | 247.4907 | 247.4907 | 0.8749   | -600.0000 | 600.0000
127       | 11       | 0       | -351.1907 | -351.1907 | -0.1758  | -400.0000 | 200.0000
127       | 12       | 1       | -18.3032 | -20.0000 | -3.2270  | -20.0000 | 0.0000  
127       | 13       | 1       | -538.9377 | -537.7148 | 1.2228   | -600.0000 | 600.0000
127       | 14       | 0       | -70.6848 | -70.6848 | -0.0351  | -400.0000 | 200.0000
127       | 15       | 0       | -10.1541 | -10.1541 | -0.5656  | -20.0000 | 0.0000  
127       | 16       | 1       | 405.4116 | 410.6931 | 5.2815   | -600.0000 | 600.0000
127       | 17       | 0       | -297.8918 | -297.8918 | 4.3131   | -400.0000 | 200.0000
127       | 18       | 0       | -18.7687 | -18.7687 | -2.7296  | -20.0000 | 0.0000  
127       | 19       | 1       | 330.8214 | 332.3943 | 1.5729   | -600.0000 | 600.0000
127       | 20       | 0       | -35.7286 | -35.7286 | 3.2267   | -400.0000 | 200.0000
127       | 21       | 1       | -7.5937  | -7.6339  | -0.0403  | -20.0000 | 0.0000  
127       | 22       | 0       | -516.9577 | -516.9577 | -1.7421  | -600.0000 | 600.0000
127       | 23       | 1       | 69.4254  | 69.2610  | -0.1644  | -400.0000 | 200.0000
127       | 24       | 0       | -14.5140 | -14.5140 | 1.2119   | -20.0000 | 0.0000  
127       | 25       | 1       | -42.9138 | -46.0057 | -3.0919  | -600.0000 | 600.0000
127       | 26       | 0       | 36.5068  | 36.5068  | 4.0372   | -400.0000 | 200.0000
127       | 27       | 0       | -6.8654  | -6.8654  | 1.2499   | -20.0000 | 0.0000  
127       | 28       | 0       | 0.0000   | 0.0000   | -2.9352  | -600.0000 | 600.0000
127       | 29       | 0       | 0.0000   | 0.0000   | 1.9016   | -400.0000 | 200.0000
127       | 30       | 0       | 0.0000   | 0.0000   | -0.1809  | -20.0000 | 0.0000  

128       | 1        | 0       | 0.0000   | 0.0000   | 2.0525   | -600.0000 | 600.0000
128       | 2        | 0       | 0.0000   | 0.0000   | 0.1267   | -400.0000 | 200.0000
128       | 3        | 0       | 0.0000   | 0.0000   | 3.7234   | -20.0000 | 0.0000  
128       | 4        | 0       | -69.2442 | -69.2442 | -0.3405  | -600.0000 | 600.0000
128       | 5        | 0       | -336.6012 | -336.6012 | 3.3739   | -400.0000 | 200.0000
128       | 6        | 1       | -7.1835  | -7.9522  | -0.7687  | -20.0000 | 0.0000  
128       | 7        | 0       | 558.9733 | 558.9733 | -0.0437  | -600.0000 | 600.0000
128       | 8        | 1       | -62.0853 | -61.8002 | 0.2851   | -400.0000 | 200.0000
128       | 9        | 0       | -13.0545 | -13.0545 | -2.8813  | -20.0000 | 0.0000  
128       | 10       | 0       | 321.9281 | 321.9281 | -2.7071  | -600.0000 | 600.0000
128       | 11       | 1       | -149.3399 | -151.2817 | -1.9418  | -400.0000 | 200.0000
128       | 12       | 1       | -12.9892 | -17.2701 | -4.2809  | -20.0000 | 0.0000  
128       | 13       | 1       | -82.2458 | -84.0108 | -1.7650  | -600.0000 | 600.0000
128       | 14       | 1       | -193.1516 | -195.1631 | -2.0115  | -400.0000 | 200.0000
128       | 15       | 1       | -19.6852 | -19.4772 | 0.2080   | -20.0000 | 0.0000  
128       | 16       | 0       | -172.5609 | -172.5609 | 0.1952   | -600.0000 | 600.0000
128       | 17       | 1       | -227.6566 | -225.3368 | 2.3199   | -400.0000 | 200.0000
128       | 18       | 0       | -11.6479 | -11.6479 | 2.1384   | -20.0000 | 0.0000  
128       | 19       | 0       | 83.2528  | 83.2528  | 1.4402   | -600.0000 | 600.0000
128       | 20       | 0       | -30.5503 | -30.5503 | 2.2158   | -400.0000 | 200.0000
128       | 21       | 0       | -15.9738 | -15.9738 | 1.4589   | -20.0000 | 0.0000  
128       | 22       | 0       | 447.5350 | 447.5350 | 2.3117   | -600.0000 | 600.0000
128       | 23       | 1       | 39.3349  | 39.7962  | 0.4613   | -400.0000 | 200.0000
128       | 24       | 0       | -1.8048  | -1.8048  | -2.6188  | -20.0000 | 0.0000  
128       | 25       | 1       | 187.9387 | 188.0621 | 0.1234   | -600.0000 | 600.0000
128       | 26       | 0       | 14.1549  | 14.1549  | 1.0596   | -400.0000 | 200.0000
128       | 27       | 1       | -3.0161  | -7.2018  | -4.1858  | -20.0000 | 0.0000  
128       | 28       | 0       | 0.0000   | 0.0000   | 2.5959   | -600.0000 | 600.0000
128       | 29       | 0       | 0.0000   | 0.0000   | 2.5269   | -400.0000 | 200.0000
128       | 30       | 0       | 0.0000   | 0.0000   | 1.0069   | -20.0000 | 0.0000  

129       | 1        | 0       | 0.0000   | 0.0000   | -1.6537  | -600.0000 | 600.0000
129       | 2        | 0       | 0.0000   | 0.0000   | -0.0569  | -400.0000 | 200.0000
129       | 3        | 0       | 0.0000   | 0.0000   | 0.7249   | -20.0000 | 0.0000  
129       | 4        | 0       | -250.7774 | -250.7774 | 1.8405   | -600.0000 | 600.0000
129       | 5        | 0       | 147.1332 | 147.1332 | 3.1235   | -400.0000 | 200.0000
129       | 6        | 1       | -4.9208  | -3.3768  | 1.5440   | -20.0000 | 0.0000  
129       | 7        | 0       | 364.1220 | 364.1220 | 0.9115   | -600.0000 | 600.0000
129       | 8        | 0       | -390.0016 | -390.0016 | -2.5087  | -400.0000 | 200.0000
129       | 9        | 0       | -5.0340  | -5.0340  | 2.1856   | -20.0000 | 0.0000  
129       | 10       | 0       | 272.0052 | 133.6886 | -138.3166 | -600.0000 | 600.0000
129       | 11       | 1       | -217.1493 | -214.3871 | 2.7623   | -400.0000 | 200.0000
129       | 12       | 0       | -2.1240  | 0.0000   | 190.8307 | -20.0000 | 0.0000  
129       | 13       | 0       | -264.3851 | -264.3851 | -1.4600  | -600.0000 | 600.0000
129       | 14       | 0       | 123.6523 | 123.6523 | -2.4445  | -400.0000 | 200.0000
129       | 15       | 0       | -17.7484 | -17.7484 | -0.8033  | -20.0000 | 0.0000  
129       | 16       | 0       | -79.8333 | -79.8333 | 1.9283   | -600.0000 | 600.0000
129       | 17       | 1       | 200.0000 | 200.0000 | 0.2205   | -400.0000 | 200.0000
129       | 18       | 0       | -8.8188  | -8.8188  | 1.2348   | -20.0000 | 0.0000  
129       | 19       | 0       | -214.6054 | -214.6054 | -2.0417  | -600.0000 | 600.0000
129       | 20       | 0       | -271.0507 | -271.0507 | 3.6613   | -400.0000 | 200.0000
129       | 21       | 0       | -9.4839  | -9.4839  | 0.8826   | -20.0000 | 0.0000  
129       | 22       | 0       | -153.4597 | -153.4597 | -2.1946  | -600.0000 | 600.0000
129       | 23       | 1       | -358.7718 | -357.7531 | 1.0187   | -400.0000 | 200.0000
129       | 24       | 1       | -10.5307 | -13.2736 | -2.7429  | -20.0000 | 0.0000  
129       | 25       | 1       | -42.9138 | -41.3607 | 1.5531   | -600.0000 | 600.0000
129       | 26       | 0       | 36.5068  | 36.5068  | -0.9997  | -400.0000 | 200.0000
129       | 27       | 0       | -9.1307  | -14.3736 | -5.2429  | -20.0000 | 0.0000  
129       | 28       | 0       | 0.0000   | 0.0000   | 1.7631   | -600.0000 | 600.0000
129       | 29       | 0       | 0.0000   | 0.0000   | 2.0773   | -400.0000 | 200.0000
129       | 30       | 0       | 0.0000   | 0.0000   | -0.2848  | -20.0000 | 0.0000  

130       | 1        | 0       | 0.0000   | 0.0000   | -1.6639  | -600.0000 | 600.0000
130       | 2        | 0       | 0.0000   | 0.0000   | -0.6497  | -400.0000 | 200.0000
130       | 3        | 0       | 0.0000   | 0.0000   | 2.8230   | -20.0000 | 0.0000  
130       | 4        | 0       | -134.5434 | -134.5434 | 2.2687   | -600.0000 | 600.0000
130       | 5        | 1       | -130.9114 | -129.5841 | 1.3273   | -400.0000 | 200.0000
130       | 6        | 0       | -15.2491 | -15.2491 | -3.7471  | -20.0000 | 0.0000  
130       | 7        | 0       | -153.6018 | -153.6018 | -3.6660  | -600.0000 | 600.0000
130       | 8        | 0       | -263.6382 | -263.6382 | 1.6573   | -400.0000 | 200.0000
130       | 9        | 0       | -18.5361 | -18.5361 | 2.3020   | -20.0000 | 0.0000  
130       | 10       | 1       | 124.1383 | 125.4730 | 1.3347   | -600.0000 | 600.0000
130       | 11       | 0       | 0.9277   | 0.9277   | 0.5779   | -400.0000 | 200.0000
130       | 12       | 0       | -7.6102  | -7.6102  | -1.3823  | -20.0000 | 0.0000  
130       | 13       | 0       | -44.9530 | -44.9530 | 0.3691   | -600.0000 | 600.0000
130       | 14       | 1       | -171.2619 | -169.2539 | 2.0081   | -400.0000 | 200.0000
130       | 15       | 0       | -2.6979  | -2.6979  | -3.3125  | -20.0000 | 0.0000  
130       | 16       | 1       | -79.8333 | -74.9939 | 4.8394   | -600.0000 | 600.0000
130       | 17       | 0       | 198.3094 | 198.3094 | 0.2013   | -400.0000 | 200.0000
130       | 18       | 0       | -8.8188  | -8.8188  | 0.6253   | -20.0000 | 0.0000  
130       | 19       | 0       | -214.6054 | -214.6054 | -0.7412  | -600.0000 | 600.0000
130       | 20       | 1       | -271.0507 | -269.4554 | 1.5954   | -400.0000 | 200.0000
130       | 21       | 1       | -12.9896 | -16.9164 | -3.9268  | -20.0000 | 0.0000  
130       | 22       | 0       | -479.2350 | -479.2350 | -0.4253  | -600.0000 | 600.0000
130       | 23       | 0       | -256.0755 | -256.0755 | -1.6884  | -400.0000 | 200.0000
130       | 24       | 1       | -17.1606 | -12.8164 | 4.3441   | -20.0000 | 0.0000  
130       | 25       | 1       | -42.9138 | -41.8532 | 1.0606   | -600.0000 | 600.0000
130       | 26       | 0       | 36.5068  | 36.5068  | 1.9518   | -400.0000 | 200.0000
130       | 27       | 1       | -6.8654  | -7.5133  | -0.6479  | -20.0000 | 0.0000  
130       | 28       | 0       | 0.0000   | 0.0000   | -3.6574  | -600.0000 | 600.0000
130       | 29       | 0       | 0.0000   | 0.0000   | 0.2508   | -400.0000 | 200.0000
130       | 30       | 0       | 0.0000   | 0.0000   | 1.4095   | -20.0000 | 0.0000  

131       | 1        | 0       | 0.0000   | 0.0000   | 2.7979   | -600.0000 | 600.0000
131       | 2        | 0       | 0.0000   | 0.0000   | 2.5810   | -400.0000 | 200.0000
131       | 3        | 0       | 0.0000   | 0.0000   | 0.1285   | -20.0000 | 0.0000  
131       | 4        | 0       | 92.7348  | 92.7348  | -0.8050  | -600.0000 | 600.0000
131       | 5        | 0       | 119.3463 | 119.3463 | 1.9213   | -400.0000 | 200.0000
131       | 6        | 1       | -0.3852  | 0.0000   | 3.5062   | -20.0000 | 0.0000  
131       | 7        | 1       | 178.3667 | 181.9801 | 3.6134   | -600.0000 | 600.0000
131       | 8        | 1       | -234.8271 | -238.3253 | -3.4982  | -400.0000 | 200.0000
131       | 9        | 0       | -16.8759 | -16.8759 | 0.8664   | -20.0000 | 0.0000  
131       | 10       | 0       | 163.1284 | 163.1284 | 0.6055   | -600.0000 | 600.0000
131       | 11       | 0       | -40.4187 | -40.4187 | -0.0100  | -400.0000 | 200.0000
131       | 12       | 0       | -16.4129 | -16.4129 | -2.1050  | -20.0000 | 0.0000  
131       | 13       | 0       | -262.1746 | -262.1746 | -0.2132  | -600.0000 | 600.0000
131       | 14       | 1       | 123.6523 | 124.6136 | 0.9613   | -400.0000 | 200.0000
131       | 15       | 1       | -17.7484 | -16.9241 | 0.8243   | -20.0000 | 0.0000  
131       | 16       | 0       | -79.8333 | -79.8333 | -0.5823  | -600.0000 | 600.0000
131       | 17       | 1       | 198.3094 | 198.5952 | 0.2858   | -400.0000 | 200.0000
131       | 18       | 0       | -8.8188  | -8.8188  | -0.8239  | -20.0000 | 0.0000  
131       | 19       | 0       | -214.6054 | -214.6054 | -3.2456  | -600.0000 | 600.0000
131       | 20       | 0       | -271.0507 | -271.0507 | -3.1418  | -400.0000 | 200.0000
131       | 21       | 0       | -12.9896 | -12.9896 | 2.2749   | -20.0000 | 0.0000  
131       | 22       | 1       | -152.9601 | -152.9597 | 0.0004   | -600.0000 | 600.0000
131       | 23       | 1       | -358.7718 | -358.1780 | 0.5938   | -400.0000 | 200.0000
131       | 24       | 1       | -12.6085 | -12.9459 | -0.3373  | -20.0000 | 0.0000  
131       | 25       | 1       | -42.9138 | -42.5157 | 0.3981   | -600.0000 | 600.0000
131       | 26       | 0       | 36.5068  | 36.5068  | 0.5986   | -400.0000 | 200.0000
131       | 27       | 1       | -6.8654  | -3.9912  | 2.8742   | -20.0000 | 0.0000  
131       | 28       | 0       | 0.0000   | 0.0000   | 0.5487   | -600.0000 | 600.0000
131       | 29       | 0       | 0.0000   | 0.0000   | 2.0601   | -400.0000 | 200.0000
131       | 30       | 0       | 0.0000   | 0.0000   | -0.0967  | -20.0000 | 0.0000  

132       | 1        | 0       | 0.0000   | 0.0000   | -1.3257  | -600.0000 | 600.0000
132       | 2        | 0       | 0.0000   | 0.0000   | -0.9485  | -400.0000 | 200.0000
132       | 3        | 0       | 0.0000   | 0.0000   | -3.0546  | -20.0000 | 0.0000  
132       | 4        | 0       | 62.2882  | 62.2882  | -1.1429  | -600.0000 | 600.0000
132       | 5        | 0       | -63.4372 | -63.4372 | 0.2789   | -400.0000 | 200.0000
132       | 6        | 0       | -5.3198  | -5.3198  | -0.8761  | -20.0000 | 0.0000  
132       | 7        | 1       | -117.0136 | -118.3306 | -1.3170  | -600.0000 | 600.0000
132       | 8        | 1       | -319.5909 | -318.2255 | 1.3654   | -400.0000 | 200.0000
132       | 9        | 1       | -19.4243 | -20.0000 | -3.8642  | -20.0000 | 0.0000  
132       | 10       | 1       | 302.4742 | 301.7376 | -0.7366  | -600.0000 | 600.0000
132       | 11       | 0       | -27.8143 | -27.8143 | 2.9768   | -400.0000 | 200.0000
132       | 12       | 0       | -5.1832  | -5.1832  | -1.1342  | -20.0000 | 0.0000  
132       | 13       | 0       | -344.4430 | -344.4430 | 2.8399   | -600.0000 | 600.0000
132       | 14       | 1       | -318.7446 | -321.1022 | -2.3576  | -400.0000 | 200.0000
132       | 15       | 0       | -19.7091 | -19.7091 | -3.2302  | -20.0000 | 0.0000  
132       | 16       | 0       | -179.2949 | -179.2949 | -0.8050  | -600.0000 | 600.0000
132       | 17       | 0       | -48.4713 | -48.4713 | 0.2675   | -400.0000 | 200.0000
132       | 18       | 0       | -15.5278 | -15.5278 | -0.0904  | -20.0000 | 0.0000  
132       | 19       | 0       | -75.0301 | -75.0301 | -0.2302  | -600.0000 | 600.0000
132       | 20       | 0       | 141.9596 | 141.9596 | -4.4941  | -400.0000 | 200.0000
132       | 21       | 0       | -14.3165 | -14.3165 | 0.0811   | -20.0000 | 0.0000  
132       | 22       | 1       | 17.3898  | 19.9402  | 2.5504   | -600.0000 | 600.0000
132       | 23       | 0       | 70.1918  | 70.1918  | 1.3920   | -400.0000 | 200.0000
132       | 24       | 1       | -14.0872 | -17.2910 | -3.2038  | -20.0000 | 0.0000  
132       | 25       | 1       | -42.9138 | -41.7027 | 1.2110   | -600.0000 | 600.0000
132       | 26       | 0       | 36.5068  | 36.5068  | -2.4229  | -400.0000 | 200.0000
132       | 27       | 0       | -6.8654  | -6.8654  | 0.5077   | -20.0000 | 0.0000  
132       | 28       | 0       | 0.0000   | 0.0000   | 4.9094   | -600.0000 | 600.0000
132       | 29       | 0       | 0.0000   | 0.0000   | -2.2582  | -400.0000 | 200.0000
132       | 30       | 0       | 0.0000   | 0.0000   | -3.4021  | -20.0000 | 0.0000  

133       | 1        | 0       | 0.0000   | 0.0000   | 1.1228   | -600.0000 | 600.0000
133       | 2        | 0       | 0.0000   | 0.0000   | 1.6012   | -400.0000 | 200.0000
133       | 3        | 0       | 0.0000   | 0.0000   | -1.1228  | -20.0000 | 0.0000  
133       | 4        | 1       | 96.8389  | 97.7831  | 0.9442   | -600.0000 | 600.0000
133       | 5        | 0       | -96.6947 | -96.6947 | 0.1547   | -400.0000 | 200.0000
133       | 6        | 0       | -17.1184 | -17.1184 | 0.7816   | -20.0000 | 0.0000  
133       | 7        | 0       | 555.5432 | 555.5432 | -0.7328  | -600.0000 | 600.0000
133       | 8        | 1       | -60.3874 | -60.9240 | -0.5365  | -400.0000 | 200.0000
133       | 9        | 0       | -13.0545 | -13.0545 | -0.7977  | -20.0000 | 0.0000  
133       | 10       | 0       | 96.5611  | 330.9559 | 234.3948 | -600.0000 | 600.0000
133       | 11       | 0       | -313.3769 | -313.3769 | -5.7230  | -400.0000 | 200.0000
133       | 12       | 1       | -11.1191 | -11.5538 | -0.4346  | -20.0000 | 0.0000  
133       | 13       | 0       | 186.8174 | 186.8174 | 0.6492   | -600.0000 | 600.0000
133       | 14       | 0       | -106.7002 | -106.7002 | 3.8995   | -400.0000 | 200.0000
133       | 15       | 1       | -9.9136  | -9.7130  | 0.2006   | -20.0000 | 0.0000  
133       | 16       | 1       | 592.6181 | 594.5357 | 1.9176   | -600.0000 | 600.0000
133       | 17       | 1       | 124.9771 | 122.2659 | -2.7112  | -400.0000 | 200.0000
133       | 18       | 0       | -7.0186  | -7.0186  | 1.9993   | -20.0000 | 0.0000  
133       | 19       | 1       | -188.8258 | -189.2640 | -0.4382  | -600.0000 | 600.0000
133       | 20       | 1       | 120.4957 | 121.5639 | 1.0681   | -400.0000 | 200.0000
133       | 21       | 0       | -16.9015 | -16.9015 | 1.2566   | -20.0000 | 0.0000  
133       | 22       | 0       | 296.9333 | 296.9333 | -0.2205  | -600.0000 | 600.0000
133       | 23       | 0       | -115.7141 | -115.7141 | 1.0763   | -400.0000 | 200.0000
133       | 24       | 0       | -18.8431 | -18.8431 | 4.7097   | -20.0000 | 0.0000  
133       | 25       | 0       | 76.0900  | 76.0900  | 1.2968   | -600.0000 | 600.0000
133       | 26       | 0       | 82.2829  | 82.2829  | 0.4264   | -400.0000 | 200.0000
133       | 27       | 0       | -17.2570 | -17.2570 | 2.6513   | -20.0000 | 0.0000  
133       | 28       | 0       | 0.0000   | 0.0000   | 2.0385   | -600.0000 | 600.0000
133       | 29       | 0       | 0.0000   | 0.0000   | -1.6368  | -400.0000 | 200.0000
133       | 30       | 0       | 0.0000   | 0.0000   | 2.9800   | -20.0000 | 0.0000  

134       | 1        | 0       | 0.0000   | 0.0000   | -3.3690  | -600.0000 | 600.0000
134       | 2        | 0       | 0.0000   | 0.0000   | -2.9374  | -400.0000 | 200.0000
134       | 3        | 0       | 0.0000   | 0.0000   | 0.5106   | -20.0000 | 0.0000  
134       | 4        | 1       | 141.8617 | 143.1783 | 1.3166   | -600.0000 | 600.0000
134       | 5        | 0       | -339.3264 | -339.3264 | -1.7722  | -400.0000 | 200.0000
134       | 6        | 1       | -18.3179 | -17.0207 | 1.2972   | -20.0000 | 0.0000  
134       | 7        | 1       | 241.1630 | 239.0099 | -2.1530  | -600.0000 | 600.0000
134       | 8        | 0       | -356.3422 | -356.3422 | 0.1140   | -400.0000 | 200.0000
134       | 9        | 0       | -3.5628  | -3.5628  | -1.4773  | -20.0000 | 0.0000  
134       | 10       | 0       | 252.2914 | 252.2914 | 3.5153   | -600.0000 | 600.0000
134       | 11       | 0       | -211.3899 | -211.3899 | 1.3869   | -400.0000 | 200.0000
134       | 12       | 1       | -10.5766 | -12.7949 | -2.2183  | -20.0000 | 0.0000  
134       | 13       | 1       | 385.9643 | 385.5992 | -0.3651  | -600.0000 | 600.0000
134       | 14       | 0       | -124.4409 | -124.4409 | 0.9812   | -400.0000 | 200.0000
134       | 15       | 1       | -12.8440 | -11.9275 | 0.9165   | -20.0000 | 0.0000  
134       | 16       | 0       | 285.0015 | 285.0015 | 1.8441   | -600.0000 | 600.0000
134       | 17       | 1       | -128.6692 | -128.2983 | 0.3709   | -400.0000 | 200.0000
134       | 18       | 1       | -15.5079 | -14.9518 | 0.5561   | -20.0000 | 0.0000  
134       | 19       | 1       | 304.0538 | 305.5373 | 1.4835   | -600.0000 | 600.0000
134       | 20       | 0       | -174.2442 | -244.4126 | -70.1683 | -400.0000 | 200.0000
134       | 21       | 0       | -18.3300 | -18.3300 | 3.0880   | -20.0000 | 0.0000  
134       | 22       | 0       | 332.5763 | 332.5763 | -2.4132  | -600.0000 | 600.0000
134       | 23       | 1       | -64.9575 | -69.0120 | -4.0546  | -400.0000 | 200.0000
134       | 24       | 0       | -11.5156 | -11.5156 | 0.0745   | -20.0000 | 0.0000  
134       | 25       | 0       | -42.9138 | -42.9138 | 0.4034   | -600.0000 | 600.0000
134       | 26       | 1       | 36.5068  | 39.0116  | 2.5048   | -400.0000 | 200.0000
134       | 27       | 0       | -9.1307  | -9.1307  | -0.5000  | -20.0000 | 0.0000  
134       | 28       | 0       | 0.0000   | 0.0000   | 3.0600   | -600.0000 | 600.0000
134       | 29       | 0       | 0.0000   | 0.0000   | 0.0661   | -400.0000 | 200.0000
134       | 30       | 0       | 0.0000   | 0.0000   | 0.7163   | -20.0000 | 0.0000  

135       | 1        | 0       | 0.0000   | 0.0000   | -0.6751  | -600.0000 | 600.0000
135       | 2        | 0       | 0.0000   | 0.0000   | 3.3419   | -400.0000 | 200.0000
135       | 3        | 0       | 0.0000   | 0.0000   | 1.5293   | -20.0000 | 0.0000  
135       | 4        | 0       | 0.4313   | 0.4313   | 1.7026   | -600.0000 | 600.0000
135       | 5        | 0       | 16.4522  | 16.4522  | 1.0499   | -400.0000 | 200.0000
135       | 6        | 0       | -7.8113  | -7.8113  | 0.2142   | -20.0000 | 0.0000  
135       | 7        | 1       | 178.3667 | 178.9838 | 0.6171   | -600.0000 | 600.0000
135       | 8        | 1       | -236.8458 | -240.7034 | -3.8576  | -400.0000 | 200.0000
135       | 9        | 0       | -19.4851 | -19.4851 | 0.5320   | -20.0000 | 0.0000  
135       | 10       | 0       | 164.7548 | 164.7548 | 3.7551   | -600.0000 | 600.0000
135       | 11       | 1       | -41.1070 | -41.3606 | -0.2536  | -400.0000 | 200.0000
135       | 12       | 1       | -16.4129 | -17.5909 | -1.1781  | -20.0000 | 0.0000  
135       | 13       | 0       | 38.5362  | 38.5362  | 0.1750   | -600.0000 | 600.0000
135       | 14       | 0       | -335.6968 | -335.6968 | 3.5120   | -400.0000 | 200.0000
135       | 15       | 1       | -14.5666 | -12.9911 | 1.5755   | -20.0000 | 0.0000  
135       | 16       | 1       | 39.1407  | 41.5261  | 2.3854   | -600.0000 | 600.0000
135       | 17       | 1       | -254.5177 | -253.0824 | 1.4353   | -400.0000 | 200.0000
135       | 18       | 1       | -14.6151 | -14.7290 | -0.1139  | -20.0000 | 0.0000  
135       | 19       | 0       | 336.2719 | 336.2719 | 0.9479   | -600.0000 | 600.0000
135       | 20       | 1       | -34.1815 | -36.3147 | -2.1332  | -400.0000 | 200.0000
135       | 21       | 1       | -6.0072  | -7.4917  | -1.4845  | -20.0000 | 0.0000  
135       | 22       | 1       | 405.7860 | 404.7392 | -1.0468  | -600.0000 | 600.0000
135       | 23       | 0       | 81.6866  | 81.6866  | -0.0665  | -400.0000 | 200.0000
135       | 24       | 0       | -1.1646  | -1.1646  | 0.0060   | -20.0000 | 0.0000  
135       | 25       | 0       | 41.1616  | 41.1616  | -1.7527  | -600.0000 | 600.0000
135       | 26       | 0       | -107.4139 | -107.4139 | 0.5280   | -400.0000 | 200.0000
135       | 27       | 0       | -11.9623 | -11.9623 | -6.2898  | -20.0000 | 0.0000  
135       | 28       | 0       | 0.0000   | 0.0000   | 1.4927   | -600.0000 | 600.0000
135       | 29       | 0       | 0.0000   | 0.0000   | -0.3210  | -400.0000 | 200.0000
135       | 30       | 0       | 0.0000   | 0.0000   | -1.2582  | -20.0000 | 0.0000  

136       | 1        | 0       | 0.0000   | 0.0000   | 2.6475   | -600.0000 | 600.0000
136       | 2        | 0       | 0.0000   | 0.0000   | -1.2469  | -400.0000 | 200.0000
136       | 3        | 0       | 0.0000   | 0.0000   | 1.6517   | -20.0000 | 0.0000  
136       | 4        | 0       | 323.0350 | 323.0350 | 0.3493   | -600.0000 | 600.0000
136       | 5        | 0       | -157.3439 | -157.3439 | 1.0284   | -400.0000 | 200.0000
136       | 6        | 0       | -10.4025 | -10.4025 | -0.7198  | -20.0000 | 0.0000  
136       | 7        | 0       | 44.5279  | 44.5279  | -1.1198  | -600.0000 | 600.0000
136       | 8        | 0       | -47.8953 | -47.8953 | 0.2101   | -400.0000 | 200.0000
136       | 9        | 1       | -5.0912  | -4.1502  | 0.9410   | -20.0000 | 0.0000  
136       | 10       | 0       | 250.7119 | 250.7119 | -2.2432  | -600.0000 | 600.0000
136       | 11       | 1       | -351.1907 | -349.6578 | 1.5330   | -400.0000 | 200.0000
136       | 12       | 0       | -18.3032 | -18.3032 | -0.0211  | -20.0000 | 0.0000  
136       | 13       | 0       | 583.6403 | 583.6403 | 0.3924   | -600.0000 | 600.0000
136       | 14       | 0       | -175.0431 | -175.0431 | -2.5859  | -400.0000 | 200.0000
136       | 15       | 1       | -12.5872 | -14.1507 | -1.5635  | -20.0000 | 0.0000  
136       | 16       | 0       | -79.8333 | -79.8333 | -1.4210  | -600.0000 | 600.0000
136       | 17       | 0       | 195.9557 | 195.9557 | -0.1079  | -400.0000 | 200.0000
136       | 18       | 0       | -11.2198 | -11.2198 | 4.9376   | -20.0000 | 0.0000  
136       | 19       | 0       | -213.8682 | -213.8682 | 1.2032   | -600.0000 | 600.0000
136       | 20       | 0       | -271.0507 | -271.0507 | -1.9229  | -400.0000 | 200.0000
136       | 21       | 0       | -12.9896 | -12.9896 | -2.8054  | -20.0000 | 0.0000  
136       | 22       | 0       | -479.2350 | -479.2350 | -1.3025  | -600.0000 | 600.0000
136       | 23       | 1       | -256.0755 | -255.7848 | 0.2907   | -400.0000 | 200.0000
136       | 24       | 0       | -17.1606 | -17.1606 | 1.7614   | -20.0000 | 0.0000  
136       | 25       | 0       | -42.9138 | -42.9138 | -1.5237  | -600.0000 | 600.0000
136       | 26       | 0       | 36.5068  | 36.5068  | 1.0352   | -400.0000 | 200.0000
136       | 27       | 0       | -6.8654  | -6.8654  | 2.7462   | -20.0000 | 0.0000  
136       | 28       | 0       | 0.0000   | 0.0000   | -1.7309  | -600.0000 | 600.0000
136       | 29       | 0       | 0.0000   | 0.0000   | 1.6360   | -400.0000 | 200.0000
136       | 30       | 0       | 0.0000   | 0.0000   | -0.4331  | -20.0000 | 0.0000  

137       | 1        | 0       | 0.0000   | 0.0000   | 0.2222   | -600.0000 | 600.0000
137       | 2        | 0       | 0.0000   | 0.0000   | 0.4581   | -400.0000 | 200.0000
137       | 3        | 0       | 0.0000   | 0.0000   | 0.5548   | -20.0000 | 0.0000  
137       | 4        | 0       | 0.4313   | 0.4313   | -0.0919  | -600.0000 | 600.0000
137       | 5        | 0       | 13.4422  | 13.4422  | 0.6179   | -400.0000 | 200.0000
137       | 6        | 1       | -6.0573  | -6.9817  | -0.9244  | -20.0000 | 0.0000  
137       | 7        | 0       | 178.3667 | 178.3667 | 0.2798   | -600.0000 | 600.0000
137       | 8        | 0       | -232.8587 | -232.8587 | -1.4381  | -400.0000 | 200.0000
137       | 9        | 1       | -20.0000 | -20.0000 | -0.0155  | -20.0000 | 0.0000  
137       | 10       | 1       | 163.1284 | 161.1620 | -1.9664  | -600.0000 | 600.0000
137       | 11       | 0       | -42.5940 | -42.5940 | -2.4199  | -400.0000 | 200.0000
137       | 12       | 0       | -18.3547 | -18.3547 | -2.3589  | -20.0000 | 0.0000  
137       | 13       | 0       | 252.5570 | 252.5570 | -0.8669  | -600.0000 | 600.0000
137       | 14       | 0       | -126.8968 | -126.8968 | -0.0654  | -400.0000 | 200.0000
137       | 15       | 1       | -7.5498  | -20.0000 | -114.3533 | -20.0000 | 0.0000  
137       | 16       | 0       | 405.4116 | 405.4116 | -0.3635  | -600.0000 | 600.0000
137       | 17       | 0       | -297.9748 | -297.9748 | 0.7714   | -400.0000 | 200.0000
137       | 18       | 1       | -18.7687 | -19.5750 | -0.8063  | -20.0000 | 0.0000  
137       | 19       | 0       | 330.8214 | 330.8214 | 1.5715   | -600.0000 | 600.0000
137       | 20       | 0       | -35.7286 | -35.7286 | 2.4170   | -400.0000 | 200.0000
137       | 21       | 0       | -7.5937  | -7.5937  | -1.2399  | -20.0000 | 0.0000  
137       | 22       | 0       | 404.6816 | 404.6816 | -0.2420  | -600.0000 | 600.0000
137       | 23       | 0       | 81.3714  | 81.3714  | 2.2339   | -400.0000 | 200.0000
137       | 24       | 0       | -1.4797  | -1.4797  | -1.1379  | -20.0000 | 0.0000  
137       | 25       | 0       | 43.1968  | 43.1968  | 0.4690   | -600.0000 | 600.0000
137       | 26       | 1       | -106.6110 | -103.2003 | 3.4107   | -400.0000 | 200.0000
137       | 27       | 0       | -11.9623 | -11.9623 | 1.6490   | -20.0000 | 0.0000  
137       | 28       | 0       | 0.0000   | 0.0000   | 1.6511   | -600.0000 | 600.0000
137       | 29       | 0       | 0.0000   | 0.0000   | -0.5835  | -400.0000 | 200.0000
137       | 30       | 0       | 0.0000   | 0.0000   | -0.0555  | -20.0000 | 0.0000  

138       | 1        | 0       | 0.0000   | 0.0000   | 1.7438   | -600.0000 | 600.0000
138       | 2        | 0       | 0.0000   | 0.0000   | -0.1137  | -400.0000 | 200.0000
138       | 3        | 0       | 0.0000   | 0.0000   | 1.3827   | -20.0000 | 0.0000  
138       | 4        | 1       | -250.7774 | -248.7250 | 2.0524   | -600.0000 | 600.0000
138       | 5        | 0       | 147.1332 | 147.1332 | -1.1975  | -400.0000 | 200.0000
138       | 6        | 0       | -5.6600  | -5.6600  | 0.9058   | -20.0000 | 0.0000  
138       | 7        | 0       | 365.6223 | 365.6223 | 3.1503   | -600.0000 | 600.0000
138       | 8        | 0       | -390.0016 | -390.0016 | 2.5494   | -400.0000 | 200.0000
138       | 9        | 1       | -3.0912  | -3.9333  | -0.8421  | -20.0000 | 0.0000  
138       | 10       | 0       | 271.2609 | 271.2609 | -2.5204  | -600.0000 | 600.0000
138       | 11       | 1       | -217.1493 | -215.3571 | 1.7922   | -400.0000 | 200.0000
138       | 12       | 0       | -2.1240  | -2.1240  | -0.7168  | -20.0000 | 0.0000  
138       | 13       | 0       | -264.3851 | -264.3851 | 1.3803   | -600.0000 | 600.0000
138       | 14       | 0       | 124.9396 | 124.9396 | -0.8339  | -400.0000 | 200.0000
138       | 15       | 0       | -17.7484 | -17.7484 | 1.3515   | -20.0000 | 0.0000  
138       | 16       | 0       | -50.6316 | -50.6316 | 1.6322   | -600.0000 | 600.0000
138       | 17       | 1       | 33.5059  | 28.7989  | -4.7070  | -400.0000 | 200.0000
138       | 18       | 1       | -8.5142  | -7.0240  | 1.4903   | -20.0000 | 0.0000  
138       | 19       | 0       | 201.1600 | 201.1600 | 2.6060   | -600.0000 | 600.0000
138       | 20       | 0       | 65.8023  | 65.8023  | 2.2707   | -400.0000 | 200.0000
138       | 21       | 0       | -2.7559  | -2.7559  | -1.5627  | -20.0000 | 0.0000  
138       | 22       | 1       | -153.2201 | -152.4425 | 0.7776   | -600.0000 | 600.0000
138       | 23       | 0       | -358.7718 | -358.7718 | 1.9654   | -400.0000 | 200.0000
138       | 24       | 0       | -12.6085 | -12.6085 | 2.5526   | -20.0000 | 0.0000  
138       | 25       | 1       | -42.5252 | -42.6944 | -0.1692  | -600.0000 | 600.0000
138       | 26       | 0       | 36.8763  | 36.8763  | -0.6928  | -400.0000 | 200.0000
138       | 27       | 0       | -6.8654  | -6.8654  | -1.1436  | -20.0000 | 0.0000  
138       | 28       | 0       | 0.0000   | 0.0000   | -0.9567  | -600.0000 | 600.0000
138       | 29       | 0       | 0.0000   | 0.0000   | -0.4762  | -400.0000 | 200.0000
138       | 30       | 0       | 0.0000   | 0.0000   | 0.1252   | -20.0000 | 0.0000  

139       | 1        | 0       | 0.0000   | 0.0000   | -0.8165  | -600.0000 | 600.0000
139       | 2        | 0       | 0.0000   | 0.0000   | -2.0846  | -400.0000 | 200.0000
139       | 3        | 0       | 0.0000   | 0.0000   | -2.8227  | -20.0000 | 0.0000  
139       | 4        | 1       | 206.0662 | 205.8365 | -0.2297  | -600.0000 | 600.0000
139       | 5        | 0       | -162.3994 | -162.3994 | 3.3156   | -400.0000 | 200.0000
139       | 6        | 0       | -18.7656 | -18.7656 | 1.3681   | -20.0000 | 0.0000  
139       | 7        | 1       | 98.3698  | 98.1413  | -0.2285  | -600.0000 | 600.0000
139       | 8        | 1       | -159.1229 | -157.4903 | 1.6326   | -400.0000 | 200.0000
139       | 9        | 0       | -13.2383 | -13.2383 | -1.6603  | -20.0000 | 0.0000  
139       | 10       | 0       | -85.5274 | -85.5274 | -3.6066  | -600.0000 | 600.0000
139       | 11       | 0       | -323.5525 | -323.5525 | -0.9348  | -400.0000 | 200.0000
139       | 12       | 0       | -14.3245 | -14.3245 | 1.2298   | -20.0000 | 0.0000  
139       | 13       | 0       | -164.3012 | -164.3012 | 2.5334   | -600.0000 | 600.0000
139       | 14       | 0       | -13.9419 | -13.9419 | -1.0825  | -400.0000 | 200.0000
139       | 15       | 1       | -7.2376  | -7.0243  | 0.2133   | -20.0000 | 0.0000  
139       | 16       | 0       | -79.8333 | -79.8333 | -0.5022  | -600.0000 | 600.0000
139       | 17       | 1       | 196.5823 | 195.5812 | -1.0011  | -400.0000 | 200.0000
139       | 18       | 1       | -8.8188  | -5.6507  | 3.1681   | -20.0000 | 0.0000  
139       | 19       | 0       | 334.9231 | 334.9231 | 0.3529   | -600.0000 | 600.0000
139       | 20       | 1       | -30.5842 | -27.4897 | 3.0946   | -400.0000 | 200.0000
139       | 21       | 0       | -8.0763  | -8.0763  | -0.0872  | -20.0000 | 0.0000  
139       | 22       | 0       | 403.8566 | 403.8566 | -2.6511  | -600.0000 | 600.0000
139       | 23       | 0       | 81.6866  | 81.6866  | 1.1265   | -400.0000 | 200.0000
139       | 24       | 0       | -0.7816  | -0.7816  | 0.4121   | -20.0000 | 0.0000  
139       | 25       | 0       | 146.5040 | 146.5040 | -0.5039  | -600.0000 | 600.0000
139       | 26       | 0       | 117.4182 | 117.4182 | 0.4383   | -400.0000 | 200.0000
139       | 27       | 0       | -1.0096  | -1.0096  | -2.7849  | -20.0000 | 0.0000  
139       | 28       | 0       | 0.0000   | 0.0000   | 1.6648   | -600.0000 | 600.0000
139       | 29       | 0       | 0.0000   | 0.0000   | 0.7370   | -400.0000 | 200.0000
139       | 30       | 0       | 0.0000   | 0.0000   | 1.9854   | -20.0000 | 0.0000  

140       | 1        | 0       | 0.0000   | 0.0000   | -0.3718  | -600.0000 | 600.0000
140       | 2        | 0       | 0.0000   | 0.0000   | -0.1125  | -400.0000 | 200.0000
140       | 3        | 0       | 0.0000   | 0.0000   | 1.4667   | -20.0000 | 0.0000  
140       | 4        | 0       | 351.3097 | 351.3097 | 0.8230   | -600.0000 | 600.0000
140       | 5        | 0       | -358.5725 | -358.5725 | -0.3843  | -400.0000 | 200.0000
140       | 6        | 0       | -10.5149 | -10.5149 | -0.8114  | -20.0000 | 0.0000  
140       | 7        | 1       | 72.8140  | 71.5240  | -1.2900  | -600.0000 | 600.0000
140       | 8        | 0       | -22.9441 | -22.9441 | -1.4359  | -400.0000 | 200.0000
140       | 9        | 0       | -6.2274  | -6.2274  | 1.1202   | -20.0000 | 0.0000  
140       | 10       | 1       | -297.4871 | -296.9832 | 0.5039   | -600.0000 | 600.0000
140       | 11       | 1       | -394.0127 | -392.3189 | 1.6938   | -400.0000 | 200.0000
140       | 12       | 0       | -7.1530  | -7.1530  | -0.4632  | -20.0000 | 0.0000  
140       | 13       | 0       | 45.1100  | 45.1100  | -2.4566  | -600.0000 | 600.0000
140       | 14       | 0       | 101.3557 | 101.3557 | -0.7891  | -400.0000 | 200.0000
140       | 15       | 1       | -2.2368  | -1.7826  | 0.4542   | -20.0000 | 0.0000  
140       | 16       | 0       | -347.3917 | -347.3917 | 1.6517   | -600.0000 | 600.0000
140       | 17       | 0       | 85.4142  | 85.4142  | -0.4818  | -400.0000 | 200.0000
140       | 18       | 0       | -17.0616 | -17.0616 | 1.1160   | -20.0000 | 0.0000  
140       | 19       | 0       | 83.2528  | 83.2528  | -0.0621  | -600.0000 | 600.0000
140       | 20       | 0       | -30.0281 | -30.0281 | -5.0649  | -400.0000 | 200.0000
140       | 21       | 0       | -15.9738 | -15.9738 | -0.4099  | -20.0000 | 0.0000  
140       | 22       | 0       | 447.5350 | 447.5350 | 3.1150   | -600.0000 | 600.0000
140       | 23       | 0       | 39.3349  | 39.3349  | 0.1408   | -400.0000 | 200.0000
140       | 24       | 0       | -1.8048  | -1.8048  | -1.5802  | -20.0000 | 0.0000  
140       | 25       | 0       | -164.2812 | -164.2812 | 2.1149   | -600.0000 | 600.0000
140       | 26       | 0       | -50.3587 | -50.3587 | 0.9316   | -400.0000 | 200.0000
140       | 27       | 0       | -7.1688  | -7.1688  | 2.3389   | -20.0000 | 0.0000  
140       | 28       | 0       | 0.0000   | 0.0000   | -4.9012  | -600.0000 | 600.0000
140       | 29       | 0       | 0.0000   | 0.0000   | 0.7390   | -400.0000 | 200.0000
140       | 30       | 0       | 0.0000   | 0.0000   | -1.0151  | -20.0000 | 0.0000  

141       | 1        | 0       | 0.0000   | 0.0000   | -0.1143  | -600.0000 | 600.0000
141       | 2        | 0       | 0.0000   | 0.0000   | -1.1304  | -400.0000 | 200.0000
141       | 3        | 0       | 0.0000   | 0.0000   | 0.8973   | -20.0000 | 0.0000  
141       | 4        | 0       | 62.2882  | 62.2882  | 1.3870   | -600.0000 | 600.0000
141       | 5        | 1       | -63.4372 | -60.8872 | 2.5500   | -400.0000 | 200.0000
141       | 6        | 1       | -2.4669  | -1.1062  | 1.3607   | -20.0000 | 0.0000  
141       | 7        | 1       | -377.1203 | -379.2014 | -2.0811  | -600.0000 | 600.0000
141       | 8        | 0       | -174.6900 | -174.6900 | -0.9232  | -400.0000 | 200.0000
141       | 9        | 0       | 0.0000   | 0.0000   | 1.2159   | -20.0000 | 0.0000  
141       | 10       | 0       | -525.8298 | -525.8298 | 0.2370   | -600.0000 | 600.0000
141       | 11       | 1       | -342.7792 | -342.5006 | 0.2786   | -400.0000 | 200.0000
141       | 12       | 1       | -15.7229 | -12.6889 | 3.0340   | -20.0000 | 0.0000  
141       | 13       | 1       | 247.7969 | 247.3161 | -0.4809  | -600.0000 | 600.0000
141       | 14       | 0       | -131.8581 | -131.8581 | 0.4125   | -400.0000 | 200.0000
141       | 15       | 0       | -8.5215  | -8.5215  | 3.4789   | -20.0000 | 0.0000  
141       | 16       | 1       | -63.9426 | -60.4510 | 3.4916   | -600.0000 | 600.0000
141       | 17       | 0       | -99.0892 | -99.0892 | 2.4749   | -400.0000 | 200.0000
141       | 18       | 0       | -15.0377 | -15.0377 | 0.9157   | -20.0000 | 0.0000  
141       | 19       | 0       | -75.0301 | -75.0301 | 0.3256   | -600.0000 | 600.0000
141       | 20       | 0       | 142.4952 | 142.4952 | 2.6786   | -400.0000 | 200.0000
141       | 21       | 1       | -13.0349 | -12.7767 | 0.2582   | -20.0000 | 0.0000  
141       | 22       | 1       | 16.7874  | 17.5822  | 0.7948   | -600.0000 | 600.0000
141       | 23       | 0       | 70.1918  | 70.1918  | 1.1370   | -400.0000 | 200.0000
141       | 24       | 1       | -12.0691 | -12.1672 | -0.0981  | -20.0000 | 0.0000  
141       | 25       | 0       | 146.5040 | 146.5040 | -1.3435  | -600.0000 | 600.0000
141       | 26       | 0       | 117.4182 | 117.4182 | 1.8857   | -400.0000 | 200.0000
141       | 27       | 1       | -1.0096  | -2.9419  | -1.9323  | -20.0000 | 0.0000  
141       | 28       | 0       | 0.0000   | 0.0000   | 0.0539   | -600.0000 | 600.0000
141       | 29       | 0       | 0.0000   | 0.0000   | -1.5417  | -400.0000 | 200.0000
141       | 30       | 0       | 0.0000   | 0.0000   | 0.9247   | -20.0000 | 0.0000  

142       | 1        | 0       | 0.0000   | 0.0000   | 0.8358   | -600.0000 | 600.0000
142       | 2        | 0       | 0.0000   | 0.0000   | -0.0838  | -400.0000 | 200.0000
142       | 3        | 0       | 0.0000   | 0.0000   | -0.6165  | -20.0000 | 0.0000  
142       | 4        | 0       | 62.2882  | 62.2882  | -1.9255  | -600.0000 | 600.0000
142       | 5        | 0       | -63.4372 | -63.4372 | -0.6072  | -400.0000 | 200.0000
142       | 6        | 0       | -2.4669  | -2.4669  | 0.5023   | -20.0000 | 0.0000  
142       | 7        | 1       | -115.8206 | -117.3747 | -1.5541  | -600.0000 | 600.0000
142       | 8        | 0       | -319.5909 | -319.5909 | 1.7402   | -400.0000 | 200.0000
142       | 9        | 0       | -19.4243 | -19.4243 | 1.7898   | -20.0000 | 0.0000  
142       | 10       | 0       | 124.1383 | 124.1383 | -2.2970  | -600.0000 | 600.0000
142       | 11       | 1       | 0.9277   | -1.7660  | -2.6937  | -400.0000 | 200.0000
142       | 12       | 0       | -7.6102  | -7.6102  | -0.3375  | -20.0000 | 0.0000  
142       | 13       | 0       | -43.8071 | -43.8071 | -0.0747  | -600.0000 | 600.0000
142       | 14       | 0       | -172.1285 | -172.1285 | -2.9137  | -400.0000 | 200.0000
142       | 15       | 0       | -2.7333  | -2.7333  | 0.5069   | -20.0000 | 0.0000  
142       | 16       | 0       | 92.6399  | 92.6399  | -1.0133  | -600.0000 | 600.0000
142       | 17       | 0       | -373.7566 | -373.7566 | 0.2049   | -400.0000 | 200.0000
142       | 18       | 0       | -17.7126 | -17.7126 | -0.3641  | -20.0000 | 0.0000  
142       | 19       | 0       | 447.4313 | 447.4313 | -1.1644  | -600.0000 | 600.0000
142       | 20       | 0       | -101.5576 | -101.5576 | -1.6360  | -400.0000 | 200.0000
142       | 21       | 0       | -5.3950  | -5.3950  | 2.3389   | -20.0000 | 0.0000  
142       | 22       | 0       | 407.7627 | 407.7627 | -0.4697  | -600.0000 | 600.0000
142       | 23       | 0       | -169.7002 | -169.7002 | 2.7390   | -400.0000 | 200.0000
142       | 24       | 0       | -8.5626  | -8.5626  | 3.5896   | -20.0000 | 0.0000  
142       | 25       | 1       | -42.9138 | -44.3830 | -1.4693  | -600.0000 | 600.0000
142       | 26       | 0       | 36.5068  | 36.5068  | -1.4964  | -400.0000 | 200.0000
142       | 27       | 0       | -6.8654  | -6.8654  | 0.4628   | -20.0000 | 0.0000  
142       | 28       | 0       | 0.0000   | 0.0000   | -1.6846  | -600.0000 | 600.0000
142       | 29       | 0       | 0.0000   | 0.0000   | -1.6532  | -400.0000 | 200.0000
142       | 30       | 0       | 0.0000   | 0.0000   | -1.4610  | -20.0000 | 0.0000  

143       | 1        | 0       | 0.0000   | 0.0000   | -3.4844  | -600.0000 | 600.0000
143       | 2        | 0       | 0.0000   | 0.0000   | 2.5811   | -400.0000 | 200.0000
143       | 3        | 0       | 0.0000   | 0.0000   | 2.2507   | -20.0000 | 0.0000  
143       | 4        | 0       | -250.7774 | -250.7774 | -3.0802  | -600.0000 | 600.0000
143       | 5        | 1       | 147.1332 | 146.6767 | -0.4565  | -400.0000 | 200.0000
143       | 6        | 0       | -4.9208  | -4.9208  | -1.3863  | -20.0000 | 0.0000  
143       | 7        | 0       | 364.1220 | 364.1220 | -0.4989  | -600.0000 | 600.0000
143       | 8        | 0       | -390.0016 | -390.0016 | -1.3421  | -400.0000 | 200.0000
143       | 9        | 0       | -5.0340  | -5.0340  | 3.8398   | -20.0000 | 0.0000  
143       | 10       | 0       | 272.0052 | 272.0052 | 3.0525   | -600.0000 | 600.0000
143       | 11       | 0       | -217.1493 | -217.1493 | -2.3736  | -400.0000 | 200.0000
143       | 12       | 0       | -2.1240  | -2.1240  | 0.4314   | -20.0000 | 0.0000  
143       | 13       | 0       | -264.3851 | -264.3851 | 2.3809   | -600.0000 | 600.0000
143       | 14       | 0       | 123.6523 | 123.6523 | -0.7639  | -400.0000 | 200.0000
143       | 15       | 1       | -17.7484 | -16.4783 | 1.2701   | -20.0000 | 0.0000  
143       | 16       | 0       | -49.8823 | -49.8823 | 1.8026   | -600.0000 | 600.0000
143       | 17       | 0       | 35.0036  | 35.0036  | 1.2044   | -400.0000 | 200.0000
143       | 18       | 0       | -8.5142  | -8.5142  | 1.5999   | -20.0000 | 0.0000  
143       | 19       | 0       | 200.6548 | 200.6548 | 1.7945   | -600.0000 | 600.0000
143       | 20       | 1       | 66.2296  | 67.1828  | 0.9532   | -400.0000 | 200.0000
143       | 21       | 0       | -2.7559  | -2.7559  | -3.2030  | -20.0000 | 0.0000  
143       | 22       | 1       | -153.4597 | -152.4712 | 0.9885   | -600.0000 | 600.0000
143       | 23       | 0       | -358.7718 | -358.7718 | 1.9950   | -400.0000 | 200.0000
143       | 24       | 0       | -10.5307 | -10.5307 | -0.8876  | -20.0000 | 0.0000  
143       | 25       | 0       | -42.9618 | -42.9618 | 3.6340   | -600.0000 | 600.0000
143       | 26       | 0       | 36.7541  | 36.7541  | 3.0677   | -400.0000 | 200.0000
143       | 27       | 0       | -5.8121  | -5.8121  | -1.0849  | -20.0000 | 0.0000  
143       | 28       | 0       | 0.0000   | 0.0000   | 0.1709   | -600.0000 | 600.0000
143       | 29       | 0       | 0.0000   | 0.0000   | 0.3193   | -400.0000 | 200.0000
143       | 30       | 0       | 0.0000   | 0.0000   | -1.0324  | -20.0000 | 0.0000  

144       | 1        | 0       | 0.0000   | 0.0000   | -0.8181  | -600.0000 | 600.0000
144       | 2        | 0       | 0.0000   | 0.0000   | 1.3833   | -400.0000 | 200.0000
144       | 3        | 0       | 0.0000   | 0.0000   | -3.0714  | -20.0000 | 0.0000  
144       | 4        | 0       | 0.4313   | 0.4313   | -2.3766  | -600.0000 | 600.0000
144       | 5        | 1       | 14.5304  | 14.9106  | 0.3802   | -400.0000 | 200.0000
144       | 6        | 1       | -7.5164  | -6.6383  | 0.8781   | -20.0000 | 0.0000  
144       | 7        | 0       | 178.3667 | 178.3667 | 3.9519   | -600.0000 | 600.0000
144       | 8        | 0       | -237.6730 | -237.6730 | -0.9810  | -400.0000 | 200.0000
144       | 9        | 0       | -16.8759 | -16.8759 | 2.0585   | -20.0000 | 0.0000  
144       | 10       | 0       | 163.1284 | 163.1284 | 2.3486   | -600.0000 | 600.0000
144       | 11       | 1       | -41.8856 | -42.6517 | -0.7661  | -400.0000 | 200.0000
144       | 12       | 0       | -16.4129 | -16.4129 | 2.9473   | -20.0000 | 0.0000  
144       | 13       | 0       | 246.1670 | 246.1670 | -3.4436  | -600.0000 | 600.0000
144       | 14       | 0       | -128.2984 | -128.2984 | -0.6055  | -400.0000 | 200.0000
144       | 15       | 0       | -6.6448  | -6.6448  | -0.9748  | -20.0000 | 0.0000  
144       | 16       | 0       | -270.3222 | -270.3222 | 3.6367   | -600.0000 | 600.0000
144       | 17       | 0       | -161.8709 | -161.8709 | -0.3157  | -400.0000 | 200.0000
144       | 18       | 0       | -10.5180 | -10.5180 | 1.9221   | -20.0000 | 0.0000  
144       | 19       | 1       | -55.8716 | -56.6034 | -0.7318  | -600.0000 | 600.0000
144       | 20       | 1       | -315.4858 | -315.1331 | 0.3527   | -400.0000 | 200.0000
144       | 21       | 0       | -16.4723 | -16.4723 | -2.4846  | -20.0000 | 0.0000  
144       | 22       | 1       | 304.6417 | 306.0356 | 1.3939   | -600.0000 | 600.0000
144       | 23       | 0       | -55.2103 | -55.2103 | -0.9524  | -400.0000 | 200.0000
144       | 24       | 0       | -1.9128  | -1.9128  | 0.4152   | -20.0000 | 0.0000  
144       | 25       | 0       | 190.5400 | 190.5400 | 0.5912   | -600.0000 | 600.0000
144       | 26       | 0       | 15.1426  | 15.1426  | 1.4587   | -400.0000 | 200.0000
144       | 27       | 0       | -4.0799  | -4.0799  | -0.9588  | -20.0000 | 0.0000  
144       | 28       | 0       | 0.0000   | 0.0000   | 1.1232   | -600.0000 | 600.0000
144       | 29       | 0       | 0.0000   | 0.0000   | -2.8970  | -400.0000 | 200.0000
144       | 30       | 0       | 0.0000   | 0.0000   | -1.6368  | -20.0000 | 0.0000  

145       | 1        | 0       | 0.0000   | 0.0000   | -2.8255  | -600.0000 | 600.0000
145       | 2        | 0       | 0.0000   | 0.0000   | -0.2573  | -400.0000 | 200.0000
145       | 3        | 0       | 0.0000   | 0.0000   | -0.8655  | -20.0000 | 0.0000  
145       | 4        | 0       | -187.9360 | -187.9360 | 1.6490   | -600.0000 | 600.0000
145       | 5        | 1       | 102.5839 | 101.5704 | -1.0135  | -400.0000 | 200.0000
145       | 6        | 0       | -1.2903  | -1.2903  | -4.0466  | -20.0000 | 0.0000  
145       | 7        | 0       | -377.1203 | -377.1203 | 1.4146   | -600.0000 | 600.0000
145       | 8        | 0       | -176.4946 | -176.4946 | 2.4605   | -400.0000 | 200.0000
145       | 9        | 0       | -1.4274  | -1.4274  | 2.2215   | -20.0000 | 0.0000  
145       | 10       | 0       | -525.8298 | -525.8298 | -2.6601  | -600.0000 | 600.0000
145       | 11       | 0       | -344.5837 | -344.5837 | 0.2133   | -400.0000 | 200.0000
145       | 12       | 1       | -14.4101 | -15.1759 | -0.7657  | -20.0000 | 0.0000  
145       | 13       | 1       | 114.2554 | 112.9746 | -1.2808  | -600.0000 | 600.0000
145       | 14       | 0       | -309.7166 | -309.7166 | -1.0872  | -400.0000 | 200.0000
145       | 15       | 0       | 0.0000   | 0.0000   | -3.2037  | -20.0000 | 0.0000  
145       | 16       | 1       | -61.9404 | -63.1537 | -1.2132  | -600.0000 | 600.0000
145       | 17       | 0       | -99.0892 | -99.0892 | 2.0442   | -400.0000 | 200.0000
145       | 18       | 0       | -15.0668 | -15.0668 | -1.8373  | -20.0000 | 0.0000  
145       | 19       | 0       | -34.8477 | -34.8477 | 4.0383   | -600.0000 | 600.0000
145       | 20       | 1       | -2.8518  | -2.0536  | 0.7982   | -400.0000 | 200.0000
145       | 21       | 1       | -2.8902  | -4.6636  | -1.7735  | -20.0000 | 0.0000  
145       | 22       | 0       | 304.6417 | 304.6417 | 0.5334   | -600.0000 | 600.0000
145       | 23       | 0       | -53.2653 | -53.2653 | -0.5033  | -400.0000 | 200.0000
145       | 24       | 1       | -1.9128  | -3.7265  | -1.8136  | -20.0000 | 0.0000  
145       | 25       | 0       | -258.5503 | -258.5503 | 1.4824   | -600.0000 | 600.0000
145       | 26       | 1       | -134.9742 | -71.8134 | 31.5804  | -400.0000 | 200.0000
145       | 27       | 1       | -9.6175  | -7.8603  | 1.7572   | -20.0000 | 0.0000  
145       | 28       | 0       | 0.0000   | 0.0000   | -3.3841  | -600.0000 | 600.0000
145       | 29       | 0       | 0.0000   | 0.0000   | 1.6154   | -400.0000 | 200.0000
145       | 30       | 0       | 0.0000   | 0.0000   | -1.7485  | -20.0000 | 0.0000  

146       | 1        | 0       | 0.0000   | 0.0000   | 0.6493   | -600.0000 | 600.0000
146       | 2        | 0       | 0.0000   | 0.0000   | 2.5193   | -400.0000 | 200.0000
146       | 3        | 0       | 0.0000   | 0.0000   | -0.0760  | -20.0000 | 0.0000  
146       | 4        | 0       | 207.2436 | 207.2436 | -2.8911  | -600.0000 | 600.0000
146       | 5        | 1       | 80.0500  | 80.5701  | 0.5201   | -400.0000 | 200.0000
146       | 6        | 1       | -17.2099 | -19.6206 | -2.4107  | -20.0000 | 0.0000  
146       | 7        | 0       | 50.6846  | 50.6846  | 2.9542   | -600.0000 | 600.0000
146       | 8        | 1       | -42.6477 | -44.0418 | -1.3941  | -400.0000 | 200.0000
146       | 9        | 0       | -9.3694  | -9.3694  | 1.1706   | -20.0000 | 0.0000  
146       | 10       | 0       | -242.9419 | -242.9419 | -0.6312  | -600.0000 | 600.0000
146       | 11       | 1       | -60.9868 | -58.9996 | 1.9872   | -400.0000 | 200.0000
146       | 12       | 1       | -6.2223  | -7.2673  | -1.0450  | -20.0000 | 0.0000  
146       | 13       | 1       | -174.1205 | -173.6561 | 0.4645   | -600.0000 | 600.0000
146       | 14       | 0       | 4.3965   | 4.3965   | 3.9020   | -400.0000 | 200.0000
146       | 15       | 0       | -18.7487 | -18.7487 | 2.9464   | -20.0000 | 0.0000  
146       | 16       | 0       | -49.8823 | -49.8823 | -0.3115  | -600.0000 | 600.0000
146       | 17       | 0       | 35.0036  | 35.0036  | 0.9309   | -400.0000 | 200.0000
146       | 18       | 0       | -8.5142  | -8.5142  | -0.9458  | -20.0000 | 0.0000  
146       | 19       | 0       | -199.4320 | -199.4320 | 1.1632   | -600.0000 | 600.0000
146       | 20       | 0       | 36.6022  | 36.6022  | -1.8122  | -400.0000 | 200.0000
146       | 21       | 1       | -12.7537 | -12.1680 | 0.5857   | -20.0000 | 0.0000  
146       | 22       | 0       | -516.9577 | -516.9577 | 2.3446   | -600.0000 | 600.0000
146       | 23       | 0       | 69.4254  | 69.4254  | 0.9077   | -400.0000 | 200.0000
146       | 24       | 1       | -14.5140 | -14.4593 | 0.0547   | -20.0000 | 0.0000  
146       | 25       | 1       | -42.9138 | -43.9591 | -1.0453  | -600.0000 | 600.0000
146       | 26       | 0       | 36.5068  | 36.5068  | 2.6893   | -400.0000 | 200.0000
146       | 27       | 0       | -6.8654  | -6.8654  | 2.8435   | -20.0000 | 0.0000  
146       | 28       | 0       | 0.0000   | 0.0000   | 1.9815   | -600.0000 | 600.0000
146       | 29       | 0       | 0.0000   | 0.0000   | 0.0082   | -400.0000 | 200.0000
146       | 30       | 0       | 0.0000   | 0.0000   | -0.7932  | -20.0000 | 0.0000  

147       | 1        | 0       | 0.0000   | 0.0000   | 3.9043   | -600.0000 | 600.0000
147       | 2        | 0       | 0.0000   | 0.0000   | 1.7141   | -400.0000 | 200.0000
147       | 3        | 0       | 0.0000   | 0.0000   | 2.8760   | -20.0000 | 0.0000  
147       | 4        | 1       | 319.2854 | 317.5032 | -1.7822  | -600.0000 | 600.0000
147       | 5        | 1       | -159.9391 | -160.6911 | -0.7520  | -400.0000 | 200.0000
147       | 6        | 0       | -10.4025 | -10.4025 | 0.3316   | -20.0000 | 0.0000  
147       | 7        | 0       | 153.0066 | 153.0066 | 0.5322   | -600.0000 | 600.0000
147       | 8        | 0       | 123.6300 | 123.6300 | -0.8428  | -400.0000 | 200.0000
147       | 9        | 0       | -0.3183  | -0.3183  | 1.1777   | -20.0000 | 0.0000  
147       | 10       | 1       | 124.1383 | 119.3846 | -4.7537  | -600.0000 | 600.0000
147       | 11       | 0       | 0.9277   | 0.9277   | -1.6010  | -400.0000 | 200.0000
147       | 12       | 0       | -7.6102  | -7.6102  | 1.1681   | -20.0000 | 0.0000  
147       | 13       | 0       | -43.8071 | -43.8071 | 3.8223   | -600.0000 | 600.0000
147       | 14       | 0       | -172.3835 | -172.3835 | -3.9008  | -400.0000 | 200.0000
147       | 15       | 0       | -2.7333  | -2.7333  | -1.3862  | -20.0000 | 0.0000  
147       | 16       | 0       | 24.4375  | 24.4375  | 2.0180   | -600.0000 | 600.0000
147       | 17       | 0       | -109.7500 | -109.7500 | -0.1455  | -400.0000 | 200.0000
147       | 18       | 0       | -19.2833 | -19.2833 | 1.0336   | -20.0000 | 0.0000  
147       | 19       | 0       | -190.5026 | -190.5026 | 3.4875   | -600.0000 | 600.0000
147       | 20       | 0       | -171.8826 | -171.8826 | 1.0598   | -400.0000 | 200.0000
147       | 21       | 0       | -12.0235 | -12.0235 | 0.3504   | -20.0000 | 0.0000  
147       | 22       | 0       | 96.2068  | 96.2068  | -2.4868  | -600.0000 | 600.0000
147       | 23       | 0       | -79.1600 | -79.1600 | -2.5772  | -400.0000 | 200.0000
147       | 24       | 0       | -7.8419  | -7.8419  | 0.2103   | -20.0000 | 0.0000  
147       | 25       | 0       | 9.3661   | 9.3661   | -0.7031  | -600.0000 | 600.0000
147       | 26       | 0       | -148.4370 | -148.4370 | -1.4273  | -400.0000 | 200.0000
147       | 27       | 0       | -19.6375 | -19.6375 | 0.1841   | -20.0000 | 0.0000  
147       | 28       | 0       | 0.0000   | 0.0000   | -0.1975  | -600.0000 | 600.0000
147       | 29       | 0       | 0.0000   | 0.0000   | -0.1108  | -400.0000 | 200.0000
147       | 30       | 0       | 0.0000   | 0.0000   | -0.4045  | -20.0000 | 0.0000  

148       | 1        | 0       | 0.0000   | 0.0000   | 0.6680   | -600.0000 | 600.0000
148       | 2        | 0       | 0.0000   | 0.0000   | 0.9078   | -400.0000 | 200.0000
148       | 3        | 0       | 0.0000   | 0.0000   | -2.3058  | -20.0000 | 0.0000  
148       | 4        | 0       | 347.0055 | 347.0055 | 2.2253   | -600.0000 | 600.0000
148       | 5        | 0       | -100.9347 | -100.9347 | -2.9120  | -400.0000 | 200.0000
148       | 6        | 0       | -18.2616 | -18.2616 | 0.9642   | -20.0000 | 0.0000  
148       | 7        | 0       | 44.5279  | 44.5279  | -0.2676  | -600.0000 | 600.0000
148       | 8        | 0       | -47.8550 | -47.8550 | 1.1514   | -400.0000 | 200.0000
148       | 9        | 1       | -5.0912  | -2.4423  | 2.6489   | -20.0000 | 0.0000  
148       | 10       | 0       | -85.5274 | -85.5274 | 1.1417   | -600.0000 | 600.0000
148       | 11       | 0       | -323.4518 | -323.4518 | 0.3472   | -400.0000 | 200.0000
148       | 12       | 1       | -14.3245 | -14.9648 | -0.6403  | -20.0000 | 0.0000  
148       | 13       | 1       | -164.3012 | -165.4647 | -1.1634  | -600.0000 | 600.0000
148       | 14       | 0       | -12.4497 | -12.4497 | -0.6214  | -400.0000 | 200.0000
148       | 15       | 0       | -8.5844  | -8.5844  | -1.1245  | -20.0000 | 0.0000  
148       | 16       | 1       | -172.6839 | -175.3708 | -2.6869  | -600.0000 | 600.0000
148       | 17       | 0       | 191.9091 | 191.9091 | 1.4254   | -400.0000 | 200.0000
148       | 18       | 0       | -7.8845  | -7.8845  | -1.1842  | -20.0000 | 0.0000  
148       | 19       | 0       | -315.3278 | -315.3278 | -2.4945  | -600.0000 | 600.0000
148       | 20       | 1       | -338.9305 | -336.2210 | 2.7095   | -400.0000 | 200.0000
148       | 21       | 0       | -16.9428 | -16.9428 | -2.5223  | -20.0000 | 0.0000  
148       | 22       | 1       | -304.8507 | -306.5324 | -1.6817  | -600.0000 | 600.0000
148       | 23       | 0       | -304.7398 | -304.7398 | 0.0740   | -400.0000 | 200.0000
148       | 24       | 1       | -17.1003 | -20.0000 | -2.9037  | -20.0000 | 0.0000  
148       | 25       | 0       | -257.8858 | -257.8858 | -5.0019  | -600.0000 | 600.0000
148       | 26       | 0       | -295.9758 | -295.9758 | -1.9775  | -400.0000 | 200.0000
148       | 27       | 0       | -1.7280  | -1.7280  | -1.9313  | -20.0000 | 0.0000  
148       | 28       | 0       | 0.0000   | 0.0000   | -1.0224  | -600.0000 | 600.0000
148       | 29       | 0       | 0.0000   | 0.0000   | -2.4372  | -400.0000 | 200.0000
148       | 30       | 0       | 0.0000   | 0.0000   | -1.4240  | -20.0000 | 0.0000  

149       | 1        | 0       | 0.0000   | 0.0000   | -0.0740  | -600.0000 | 600.0000
149       | 2        | 0       | 0.0000   | 0.0000   | -0.2947  | -400.0000 | 200.0000
149       | 3        | 0       | 0.0000   | 0.0000   | -1.0511  | -20.0000 | 0.0000  
149       | 4        | 0       | 62.2882  | 62.2882  | -0.2312  | -600.0000 | 600.0000
149       | 5        | 1       | -63.4372 | -65.1226 | -1.6854  | -400.0000 | 200.0000
149       | 6        | 1       | -2.4669  | -1.9516  | 0.5154   | -20.0000 | 0.0000  
149       | 7        | 0       | -115.8206 | -115.8206 | -3.0427  | -600.0000 | 600.0000
149       | 8        | 1       | -319.5909 | -318.9862 | 0.6046   | -400.0000 | 200.0000
149       | 9        | 1       | -19.4243 | -18.4224 | 1.0019   | -20.0000 | 0.0000  
149       | 10       | 0       | 306.1647 | 306.1647 | -0.8988  | -600.0000 | 600.0000
149       | 11       | 0       | -27.8143 | -27.8143 | -0.7533  | -400.0000 | 200.0000
149       | 12       | 1       | -5.9184  | -5.5661  | 0.3523   | -20.0000 | 0.0000  
149       | 13       | 0       | -344.4430 | -344.4430 | 0.3116   | -600.0000 | 600.0000
149       | 14       | 0       | -318.1771 | -318.1771 | 0.4424   | -400.0000 | 200.0000
149       | 15       | 0       | -19.7091 | -19.7091 | -0.4072  | -20.0000 | 0.0000  
149       | 16       | 0       | -179.2949 | -179.2949 | -2.7118  | -600.0000 | 600.0000
149       | 17       | 0       | -46.0494 | -46.0494 | 2.0534   | -400.0000 | 200.0000
149       | 18       | 0       | -12.1551 | -12.1551 | 0.1160   | -20.0000 | 0.0000  
149       | 19       | 0       | -75.0301 | -75.0301 | 2.3327   | -600.0000 | 600.0000
149       | 20       | 0       | 142.4952 | 142.4952 | 3.3531   | -400.0000 | 200.0000
149       | 21       | 0       | -13.0349 | -13.0349 | 3.3780   | -20.0000 | 0.0000  
149       | 22       | 0       | 16.7874  | 16.7874  | -1.4297  | -600.0000 | 600.0000
149       | 23       | 1       | 70.1918  | 73.0116  | 2.8198   | -400.0000 | 200.0000
149       | 24       | 0       | -12.0691 | -12.0691 | -1.5189  | -20.0000 | 0.0000  
149       | 25       | 1       | 190.5400 | 189.1766 | -1.3634  | -600.0000 | 600.0000
149       | 26       | 0       | 15.1426  | 15.1426  | -1.4406  | -400.0000 | 200.0000
149       | 27       | 0       | -4.0799  | -4.0799  | -1.2095  | -20.0000 | 0.0000  
149       | 28       | 0       | 0.0000   | 0.0000   | 0.1619   | -600.0000 | 600.0000
149       | 29       | 0       | 0.0000   | 0.0000   | -0.3023  | -400.0000 | 200.0000
149       | 30       | 0       | 0.0000   | 0.0000   | -1.2164  | -20.0000 | 0.0000  

150       | 1        | 0       | 0.0000   | 0.0000   | 0.5667   | -600.0000 | 600.0000
150       | 2        | 0       | 0.0000   | 0.0000   | -0.4467  | -400.0000 | 200.0000
150       | 3        | 0       | 0.0000   | 0.0000   | -0.3256  | -20.0000 | 0.0000  
150       | 4        | 0       | 92.7348  | 92.7348  | 1.5579   | -600.0000 | 600.0000
150       | 5        | 0       | 119.3463 | 119.3463 | 2.2454   | -400.0000 | 200.0000
150       | 6        | 0       | 0.0000   | 0.0000   | 0.1743   | -20.0000 | 0.0000  
150       | 7        | 1       | -109.4222 | -106.7579 | 2.6643   | -600.0000 | 600.0000
150       | 8        | 1       | 96.5114  | 93.4047  | -3.1067  | -400.0000 | 200.0000
150       | 9        | 1       | -4.7094  | -6.4639  | -1.7545  | -20.0000 | 0.0000  
150       | 10       | 1       | 88.2347  | 89.3024  | 1.0677   | -600.0000 | 600.0000
150       | 11       | 1       | 174.2920 | 175.7377 | 1.4457   | -400.0000 | 200.0000
150       | 12       | 0       | -16.6267 | -16.6267 | 0.0550   | -20.0000 | 0.0000  
150       | 13       | 0       | -262.1746 | -262.1746 | -0.4823  | -600.0000 | 600.0000
150       | 14       | 1       | 123.6523 | 122.6399 | -1.0124  | -400.0000 | 200.0000
150       | 15       | 0       | -17.7484 | -17.7484 | -1.0559  | -20.0000 | 0.0000  
150       | 16       | 0       | -79.8333 | -79.8333 | 1.1152   | -600.0000 | 600.0000
150       | 17       | 0       | 196.5823 | 196.5823 | -1.0051  | -400.0000 | 200.0000
150       | 18       | 0       | -8.8188  | -8.8188  | -0.5380  | -20.0000 | 0.0000  
150       | 19       | 0       | -213.8682 | -213.8682 | 1.6296   | -600.0000 | 600.0000
150       | 20       | 1       | -271.0507 | -272.3992 | -1.3484  | -400.0000 | 200.0000
150       | 21       | 0       | -12.9896 | -12.9896 | 1.7118   | -20.0000 | 0.0000  
150       | 22       | 1       | 178.1044 | 173.8665 | -4.2380  | -600.0000 | 600.0000
150       | 23       | 0       | -72.4372 | -72.4372 | -0.6624  | -400.0000 | 200.0000
150       | 24       | 1       | -20.0000 | -20.0000 | -3.5243  | -20.0000 | 0.0000  
150       | 25       | 0       | -27.7878 | -27.7878 | -0.0388  | -600.0000 | 600.0000
150       | 26       | 0       | 12.6332  | 12.6332  | 1.0332   | -400.0000 | 200.0000
150       | 27       | 0       | -5.5459  | -5.5459  | -1.4793  | -20.0000 | 0.0000  
150       | 28       | 0       | 0.0000   | 0.0000   | -3.5917  | -600.0000 | 600.0000
150       | 29       | 0       | 0.0000   | 0.0000   | 0.2834   | -400.0000 | 200.0000
150       | 30       | 0       | 0.0000   | 0.0000   | -0.8773  | -20.0000 | 0.0000  

151       | 1        | 0       | 0.0000   | 0.0000   | 1.6216   | -600.0000 | 600.0000
151       | 2        | 0       | 0.0000   | 0.0000   | 3.8821   | -400.0000 | 200.0000
151       | 3        | 0       | 0.0000   | 0.0000   | 0.0434   | -20.0000 | 0.0000  
151       | 4        | 0       | 2.9514   | 2.9514   | 1.3581   | -600.0000 | 600.0000
151       | 5        | 1       | 14.5415  | 19.2488  | 4.7073   | -400.0000 | 200.0000
151       | 6        | 1       | -6.0573  | -2.6857  | 3.3716   | -20.0000 | 0.0000  
151       | 7        | 1       | 181.5356 | 183.5938 | 2.0582   | -600.0000 | 600.0000
151       | 8        | 0       | -234.8271 | -234.8271 | 1.0054   | -400.0000 | 200.0000
151       | 9        | 1       | 0.0000   | -2.9482  | -2.9482  | -20.0000 | 0.0000  
151       | 10       | 0       | 161.8556 | 161.8556 | -1.0188  | -600.0000 | 600.0000
151       | 11       | 0       | -40.4187 | -40.4187 | 0.3124   | -400.0000 | 200.0000
151       | 12       | 0       | -16.4129 | -16.4129 | -0.9947  | -20.0000 | 0.0000  
151       | 13       | 0       | 246.1670 | 246.1670 | 2.2739   | -600.0000 | 600.0000
151       | 14       | 0       | -126.8968 | -126.8968 | -1.4473  | -400.0000 | 200.0000
151       | 15       | 0       | -6.9776  | -6.9776  | 4.0382   | -20.0000 | 0.0000  
151       | 16       | 0       | 409.1641 | 409.1641 | 1.1126   | -600.0000 | 600.0000
151       | 17       | 1       | -298.1629 | -294.0848 | 4.0781   | -400.0000 | 200.0000
151       | 18       | 0       | -19.6171 | -19.6171 | 2.0068   | -20.0000 | 0.0000  
151       | 19       | 0       | 175.7280 | 175.7280 | 0.0748   | -600.0000 | 600.0000
151       | 20       | 1       | -34.1815 | -35.6209 | -1.4394  | -400.0000 | 200.0000
151       | 21       | 1       | -6.0072  | -7.1166  | -1.1094  | -20.0000 | 0.0000  
151       | 22       | 1       | 408.1165 | 409.0962 | 0.9797   | -600.0000 | 600.0000
151       | 23       | 0       | 81.0983  | 81.0983  | 3.0141   | -400.0000 | 200.0000
151       | 24       | 1       | -0.7816  | 0.0000   | 4.2375   | -20.0000 | 0.0000  
151       | 25       | 1       | -80.1076 | -79.7679 | 0.3397   | -600.0000 | 600.0000
151       | 26       | 0       | 13.9884  | 13.9884  | -0.0378  | -400.0000 | 200.0000
151       | 27       | 0       | -13.2731 | -13.2731 | 0.7271   | -20.0000 | 0.0000  
151       | 28       | 0       | 0.0000   | 0.0000   | -0.0418  | -600.0000 | 600.0000
151       | 29       | 0       | 0.0000   | 0.0000   | 1.9791   | -400.0000 | 200.0000
151       | 30       | 0       | 0.0000   | 0.0000   | -2.1994  | -20.0000 | 0.0000  

152       | 1        | 0       | 0.0000   | 0.0000   | -3.3825  | -600.0000 | 600.0000
152       | 2        | 0       | 0.0000   | 0.0000   | -1.1093  | -400.0000 | 200.0000
152       | 3        | 0       | 0.0000   | 0.0000   | -2.8188  | -20.0000 | 0.0000  
152       | 4        | 0       | 0.4313   | 0.4313   | -1.5537  | -600.0000 | 600.0000
152       | 5        | 0       | 13.4422  | 13.4422  | -1.7930  | -400.0000 | 200.0000
152       | 6        | 0       | -6.0573  | -6.0573  | 3.9377   | -20.0000 | 0.0000  
152       | 7        | 0       | 178.3667 | 178.3667 | -4.1197  | -600.0000 | 600.0000
152       | 8        | 1       | -232.8587 | -232.2407 | 0.6180   | -400.0000 | 200.0000
152       | 9        | 0       | -20.0000 | -20.0000 | -3.1599  | -20.0000 | 0.0000  
152       | 10       | 1       | 163.1284 | 162.9308 | -0.1976  | -600.0000 | 600.0000
152       | 11       | 0       | -42.5940 | -42.5940 | -3.5967  | -400.0000 | 200.0000
152       | 12       | 0       | -18.3547 | -18.3547 | 4.6120   | -20.0000 | 0.0000  
152       | 13       | 0       | 246.1670 | 246.1670 | 0.1485   | -600.0000 | 600.0000
152       | 14       | 1       | -126.8968 | -128.2049 | -1.3081  | -400.0000 | 200.0000
152       | 15       | 1       | -6.6448  | -6.1297  | 0.5151   | -20.0000 | 0.0000  
152       | 16       | 1       | 407.4138 | 407.4498 | 0.0360   | -600.0000 | 600.0000
152       | 17       | 0       | -297.9748 | -297.9748 | 2.2121   | -400.0000 | 200.0000
152       | 18       | 1       | -19.6171 | -20.0000 | -1.2937  | -20.0000 | 0.0000  
152       | 19       | 0       | 334.5670 | 334.5670 | -1.7149  | -600.0000 | 600.0000
152       | 20       | 1       | -35.7286 | -39.4792 | -3.7505  | -400.0000 | 200.0000
152       | 21       | 0       | -6.0072  | -6.0072  | -0.4810  | -20.0000 | 0.0000  
152       | 22       | 0       | 407.7406 | 407.7406 | -1.7579  | -600.0000 | 600.0000
152       | 23       | 1       | 81.3714  | 76.7561  | -4.6153  | -400.0000 | 200.0000
152       | 24       | 0       | -0.7816  | -0.7816  | 0.4855   | -20.0000 | 0.0000  
152       | 25       | 0       | 43.1968  | 43.1968  | 1.3183   | -600.0000 | 600.0000
152       | 26       | 0       | -106.6110 | -106.6110 | 0.8627   | -400.0000 | 200.0000
152       | 27       | 1       | -11.9623 | -10.4226 | 1.5397   | -20.0000 | 0.0000  
152       | 28       | 0       | 0.0000   | 0.0000   | -1.0543  | -600.0000 | 600.0000
152       | 29       | 0       | 0.0000   | 0.0000   | -0.4382  | -400.0000 | 200.0000
152       | 30       | 0       | 0.0000   | 0.0000   | -1.8438  | -20.0000 | 0.0000  

153       | 1        | 0       | 0.0000   | 0.0000   | -1.4622  | -600.0000 | 600.0000
153       | 2        | 0       | 0.0000   | 0.0000   | 0.2615   | -400.0000 | 200.0000
153       | 3        | 0       | 0.0000   | 0.0000   | -0.3300  | -20.0000 | 0.0000  
153       | 4        | 0       | 0.4313   | 0.4313   | -0.7188  | -600.0000 | 600.0000
153       | 5        | 0       | 13.4422  | 13.4422  | 2.3206   | -400.0000 | 200.0000
153       | 6        | 0       | -6.0573  | -6.0573  | 0.1590   | -20.0000 | 0.0000  
153       | 7        | 1       | 178.3667 | 173.8664 | -4.5004  | -600.0000 | 600.0000
153       | 8        | 0       | -232.8587 | -232.8587 | 0.2536   | -400.0000 | 200.0000
153       | 9        | 0       | -20.0000 | -20.0000 | 0.5806   | -20.0000 | 0.0000  
153       | 10       | 0       | 163.1284 | 163.1284 | 1.4103   | -600.0000 | 600.0000
153       | 11       | 0       | -42.5940 | -42.5940 | -0.1086  | -400.0000 | 200.0000
153       | 12       | 1       | -18.3547 | -16.6950 | 1.6597   | -20.0000 | 0.0000  
153       | 13       | 0       | 252.5570 | 252.5570 | 0.9476   | -600.0000 | 600.0000
153       | 14       | 1       | -126.8968 | -129.0846 | -2.1878  | -400.0000 | 200.0000
153       | 15       | 0       | -7.5498  | -7.5498  | 1.3356   | -20.0000 | 0.0000  
153       | 16       | 1       | 405.4116 | 404.5118 | -0.8999  | -600.0000 | 600.0000
153       | 17       | 0       | -297.9748 | -297.9748 | 0.3699   | -400.0000 | 200.0000
153       | 18       | 0       | -18.7687 | -18.7687 | 1.2557   | -20.0000 | 0.0000  
153       | 19       | 1       | 330.8214 | 332.2580 | 1.4365   | -600.0000 | 600.0000
153       | 20       | 0       | -35.7286 | -35.7286 | 1.1666   | -400.0000 | 200.0000
153       | 21       | 0       | -7.5937  | -7.5937  | 1.2719   | -20.0000 | 0.0000  
153       | 22       | 0       | 96.2068  | 96.2068  | 2.9420   | -600.0000 | 600.0000
153       | 23       | 0       | -79.8385 | -79.8385 | 2.8460   | -400.0000 | 200.0000
153       | 24       | 1       | -8.3203  | -7.2799  | 1.0404   | -20.0000 | 0.0000  
153       | 25       | 0       | 317.8599 | 317.8599 | 0.7065   | -600.0000 | 600.0000
153       | 26       | 1       | 87.7914  | 87.0893  | -0.7021  | -400.0000 | 200.0000
153       | 27       | 0       | -2.0731  | -2.0731  | 3.0649   | -20.0000 | 0.0000  
153       | 28       | 0       | 0.0000   | 0.0000   | -3.0001  | -600.0000 | 600.0000
153       | 29       | 0       | 0.0000   | 0.0000   | 2.2909   | -400.0000 | 200.0000
153       | 30       | 0       | 0.0000   | 0.0000   | 0.4963   | -20.0000 | 0.0000  

154       | 1        | 0       | 0.0000   | 0.0000   | 1.4838   | -600.0000 | 600.0000
154       | 2        | 0       | 0.0000   | 0.0000   | -0.6453  | -400.0000 | 200.0000
154       | 3        | 0       | 0.0000   | 0.0000   | 0.5911   | -20.0000 | 0.0000  
154       | 4        | 0       | 0.4313   | 0.4313   | 0.3493   | -600.0000 | 600.0000
154       | 5        | 0       | 14.1062  | 14.1062  | 2.0373   | -400.0000 | 200.0000
154       | 6        | 0       | -6.0573  | -6.0573  | 0.9801   | -20.0000 | 0.0000  
154       | 7        | 0       | 178.3667 | 178.3667 | -1.1973  | -600.0000 | 600.0000
154       | 8        | 0       | -232.8587 | -232.8587 | 3.4226   | -400.0000 | 200.0000
154       | 9        | 0       | -20.0000 | 0.0000   | 149.0213 | -20.0000 | 0.0000  
154       | 10       | 0       | 163.1284 | 163.1284 | -1.3180  | -600.0000 | 600.0000
154       | 11       | 0       | -42.5940 | -42.5940 | -0.5107  | -400.0000 | 200.0000
154       | 12       | 0       | -18.3547 | -18.3547 | -4.5120  | -20.0000 | 0.0000  
154       | 13       | 0       | -262.1746 | -262.1746 | -2.2810  | -600.0000 | 600.0000
154       | 14       | 0       | 123.6523 | 123.6523 | 2.5244   | -400.0000 | 200.0000
154       | 15       | 0       | -17.7484 | -17.7484 | 1.1132   | -20.0000 | 0.0000  
154       | 16       | 1       | -79.8333 | -78.6012 | 1.2321   | -600.0000 | 600.0000
154       | 17       | 0       | 198.3094 | 198.3094 | -0.1471  | -400.0000 | 200.0000
154       | 18       | 0       | -8.8188  | -8.8188  | -0.4942  | -20.0000 | 0.0000  
154       | 19       | 0       | -214.6054 | -214.6054 | 1.2044   | -600.0000 | 600.0000
154       | 20       | 0       | -271.0507 | -271.0507 | -0.4554  | -400.0000 | 200.0000
154       | 21       | 0       | -12.9896 | -12.9896 | -0.5864  | -20.0000 | 0.0000  
154       | 22       | 0       | -152.9601 | -152.9601 | -0.7433  | -600.0000 | 600.0000
154       | 23       | 1       | -358.7718 | -356.5436 | 2.2282   | -400.0000 | 200.0000
154       | 24       | 0       | -12.6085 | -12.6085 | -3.2305  | -20.0000 | 0.0000  
154       | 25       | 0       | 43.1968  | 43.1968  | 1.2011   | -600.0000 | 600.0000
154       | 26       | 0       | -106.6110 | -106.6110 | 1.0073   | -400.0000 | 200.0000
154       | 27       | 1       | -11.9623 | -14.1051 | -2.1429  | -20.0000 | 0.0000  
154       | 28       | 0       | 0.0000   | 0.0000   | 0.8871   | -600.0000 | 600.0000
154       | 29       | 0       | 0.0000   | 0.0000   | -0.5781  | -400.0000 | 200.0000
154       | 30       | 0       | 0.0000   | 0.0000   | 2.4873   | -20.0000 | 0.0000  

155       | 1        | 0       | 0.0000   | 0.0000   | 4.7277   | -600.0000 | 600.0000
155       | 2        | 0       | 0.0000   | 0.0000   | -2.5106  | -400.0000 | 200.0000
155       | 3        | 0       | 0.0000   | 0.0000   | 1.6296   | -20.0000 | 0.0000  
155       | 4        | 0       | 320.6259 | 320.6259 | -1.0691  | -600.0000 | 600.0000
155       | 5        | 0       | -158.8415 | -158.8415 | -0.1695  | -400.0000 | 200.0000
155       | 6        | 0       | -10.4025 | -10.4025 | 0.2822   | -20.0000 | 0.0000  
155       | 7        | 1       | -381.6862 | -384.3509 | -2.6646  | -600.0000 | 600.0000
155       | 8        | 0       | 117.0714 | 117.0714 | 0.9574   | -400.0000 | 200.0000
155       | 9        | 0       | -1.0777  | -1.0777  | 0.1067   | -20.0000 | 0.0000  
155       | 10       | 1       | 252.2914 | 251.8264 | -0.4650  | -600.0000 | 600.0000
155       | 11       | 0       | -211.3899 | -211.3899 | -2.6077  | -400.0000 | 200.0000
155       | 12       | 0       | -10.5766 | -10.5766 | 0.3551   | -20.0000 | 0.0000  
155       | 13       | 0       | 385.9643 | 385.9643 | 1.7150   | -600.0000 | 600.0000
155       | 14       | 0       | -124.4409 | -124.4409 | -3.7988  | -400.0000 | 200.0000
155       | 15       | 0       | -12.8440 | -12.8440 | 0.1833   | -20.0000 | 0.0000  
155       | 16       | 0       | 285.0015 | 285.0015 | -0.0032  | -600.0000 | 600.0000
155       | 17       | 0       | -128.6692 | -262.5675 | -133.8983 | -400.0000 | 200.0000
155       | 18       | 0       | -15.5079 | -15.5079 | -0.6865  | -20.0000 | 0.0000  
155       | 19       | 0       | -199.4320 | -199.4320 | 2.0457   | -600.0000 | 600.0000
155       | 20       | 1       | 36.6022  | 35.8361  | -0.7661  | -400.0000 | 200.0000
155       | 21       | 0       | -12.7537 | -12.7537 | 2.2347   | -20.0000 | 0.0000  
155       | 22       | 0       | -153.4597 | -153.4597 | -1.4361  | -600.0000 | 600.0000
155       | 23       | 1       | -362.3050 | -361.1917 | 1.1134   | -400.0000 | 200.0000
155       | 24       | 0       | -10.5307 | -10.5307 | -4.6092  | -20.0000 | 0.0000  
155       | 25       | 0       | -42.9138 | -42.9138 | 1.5819   | -600.0000 | 600.0000
155       | 26       | 1       | 36.5068  | 41.1737  | 4.6668   | -400.0000 | 200.0000
155       | 27       | 0       | -6.8654  | -6.8654  | -2.3145  | -20.0000 | 0.0000  
155       | 28       | 0       | 0.0000   | 0.0000   | -2.3742  | -600.0000 | 600.0000
155       | 29       | 0       | 0.0000   | 0.0000   | -0.5731  | -400.0000 | 200.0000
155       | 30       | 0       | 0.0000   | 0.0000   | 3.8248   | -20.0000 | 0.0000  

156       | 1        | 0       | 0.0000   | 0.0000   | 3.7295   | -600.0000 | 600.0000
156       | 2        | 0       | 0.0000   | 0.0000   | -0.4489  | -400.0000 | 200.0000
156       | 3        | 0       | 0.0000   | 0.0000   | -1.9577  | -20.0000 | 0.0000  
156       | 4        | 1       | 92.7348  | 92.7421  | 0.0073   | -600.0000 | 600.0000
156       | 5        | 0       | 119.3463 | 119.3463 | -3.8291  | -400.0000 | 200.0000
156       | 6        | 0       | 0.0000   | 0.0000   | 1.4685   | -20.0000 | 0.0000  
156       | 7        | 1       | -109.4222 | -112.7169 | -3.2946  | -600.0000 | 600.0000
156       | 8        | 0       | 96.5114  | 96.5114  | -0.9214  | -400.0000 | 200.0000
156       | 9        | 0       | -4.7094  | -4.7094  | -1.2327  | -20.0000 | 0.0000  
156       | 10       | 0       | 88.2347  | 88.2347  | -3.6118  | -600.0000 | 600.0000
156       | 11       | 0       | 174.2920 | 174.2920 | 3.8073   | -400.0000 | 200.0000
156       | 12       | 1       | -16.6267 | -10.3561 | 6.2706   | -20.0000 | 0.0000  
156       | 13       | 0       | -28.7395 | -28.7395 | 1.9363   | -600.0000 | 600.0000
156       | 14       | 1       | -2.9306  | -4.7677  | -1.8371  | -400.0000 | 200.0000
156       | 15       | 1       | -1.2634  | -1.2452  | 0.0183   | -20.0000 | 0.0000  
156       | 16       | 1       | 280.4501 | 278.8532 | -1.5968  | -600.0000 | 600.0000
156       | 17       | 0       | -272.3401 | -272.3401 | -2.9514  | -400.0000 | 200.0000
156       | 18       | 1       | -18.7515 | -17.7779 | 0.9737   | -20.0000 | 0.0000  
156       | 19       | 1       | 200.3664 | 203.6043 | 3.2379   | -600.0000 | 600.0000
156       | 20       | 0       | -124.1707 | -124.1707 | -0.1385  | -400.0000 | 200.0000
156       | 21       | 0       | -10.3292 | -10.3292 | 1.4951   | -20.0000 | 0.0000  
156       | 22       | 0       | 178.1044 | 178.1044 | 2.8418   | -600.0000 | 600.0000
156       | 23       | 1       | -72.4372 | -71.3385 | 1.0987   | -400.0000 | 200.0000
156       | 24       | 1       | -20.0000 | -20.0000 | -5.7742  | -20.0000 | 0.0000  
156       | 25       | 0       | -27.7878 | -27.7878 | -2.5528  | -600.0000 | 600.0000
156       | 26       | 0       | 12.6332  | 12.6332  | 0.9398   | -400.0000 | 200.0000
156       | 27       | 0       | -5.5459  | -5.5459  | 0.8852   | -20.0000 | 0.0000  
156       | 28       | 0       | 0.0000   | 0.0000   | 1.1341   | -600.0000 | 600.0000
156       | 29       | 0       | 0.0000   | 0.0000   | 1.0567   | -400.0000 | 200.0000
156       | 30       | 0       | 0.0000   | 0.0000   | -0.6989  | -20.0000 | 0.0000  

157       | 1        | 0       | 0.0000   | 0.0000   | 0.9173   | -600.0000 | 600.0000
157       | 2        | 0       | 0.0000   | 0.0000   | 1.4155   | -400.0000 | 200.0000
157       | 3        | 0       | 0.0000   | 0.0000   | 2.0977   | -20.0000 | 0.0000  
157       | 4        | 0       | 0.4313   | 0.4313   | 2.6479   | -600.0000 | 600.0000
157       | 5        | 0       | 13.4422  | 13.4422  | 2.9414   | -400.0000 | 200.0000
157       | 6        | 1       | -5.7942  | -5.1853  | 0.6089   | -20.0000 | 0.0000  
157       | 7        | 1       | 178.3667 | 178.2772 | -0.0896  | -600.0000 | 600.0000
157       | 8        | 1       | -232.8587 | -231.2655 | 1.5933   | -400.0000 | 200.0000
157       | 9        | 0       | -20.0000 | -20.0000 | -1.4182  | -20.0000 | 0.0000  
157       | 10       | 0       | 163.1284 | 163.1284 | -1.6857  | -600.0000 | 600.0000
157       | 11       | 1       | -42.5940 | -43.7447 | -1.1507  | -400.0000 | 200.0000
157       | 12       | 0       | -18.4703 | -18.4703 | 2.2352   | -20.0000 | 0.0000  
157       | 13       | 1       | 254.4854 | 254.4463 | -0.0391  | -600.0000 | 600.0000
157       | 14       | 0       | -126.8968 | -126.8968 | 0.8808   | -400.0000 | 200.0000
157       | 15       | 0       | -7.5498  | -20.0000 | -369.0647 | -20.0000 | 0.0000  
157       | 16       | 0       | 405.4116 | 405.4116 | 0.1531   | -600.0000 | 600.0000
157       | 17       | 0       | -297.8918 | -297.8918 | -1.3127  | -400.0000 | 200.0000
157       | 18       | 1       | -18.7687 | -16.0428 | 2.7259   | -20.0000 | 0.0000  
157       | 19       | 1       | 330.8214 | 333.1446 | 2.3231   | -600.0000 | 600.0000
157       | 20       | 1       | -35.7286 | -36.1099 | -0.3812  | -400.0000 | 200.0000
157       | 21       | 1       | -7.5937  | -5.1823  | 2.4114   | -20.0000 | 0.0000  
157       | 22       | 0       | 404.6816 | 404.6816 | -3.7280  | -600.0000 | 600.0000
157       | 23       | 0       | 81.3714  | 81.3714  | -0.3556  | -400.0000 | 200.0000
157       | 24       | 0       | -1.4797  | -1.4797  | 1.6581   | -20.0000 | 0.0000  
157       | 25       | 0       | 43.1968  | 43.1968  | 1.9839   | -600.0000 | 600.0000
157       | 26       | 1       | -107.3000 | -108.5549 | -1.2549  | -400.0000 | 200.0000
157       | 27       | 0       | -11.9623 | -11.9623 | -0.8127  | -20.0000 | 0.0000  
157       | 28       | 0       | 0.0000   | 0.0000   | 0.7919   | -600.0000 | 600.0000
157       | 29       | 0       | 0.0000   | 0.0000   | -1.3540  | -400.0000 | 200.0000
157       | 30       | 0       | 0.0000   | 0.0000   | 0.8704   | -20.0000 | 0.0000  

158       | 1        | 0       | 0.0000   | 0.0000   | -2.3580  | -600.0000 | 600.0000
158       | 2        | 0       | 0.0000   | 0.0000   | -1.5923  | -400.0000 | 200.0000
158       | 3        | 0       | 0.0000   | 0.0000   | -3.6702  | -20.0000 | 0.0000  
158       | 4        | 1       | -167.7193 | -164.7976 | 2.9217   | -600.0000 | 600.0000
158       | 5        | 1       | -237.7640 | -235.6166 | 2.1475   | -400.0000 | 200.0000
158       | 6        | 0       | -3.1458  | -3.1458  | 2.0758   | -20.0000 | 0.0000  
158       | 7        | 0       | -455.3299 | -455.3299 | 0.8271   | -600.0000 | 600.0000
158       | 8        | 0       | 141.4720 | 141.4720 | -1.2674  | -400.0000 | 200.0000
158       | 9        | 1       | -18.6711 | -20.0000 | -2.2583  | -20.0000 | 0.0000  
158       | 10       | 0       | 36.3210  | 36.3210  | 2.5978   | -600.0000 | 600.0000
158       | 11       | 0       | -314.7177 | -314.7177 | 0.7954   | -400.0000 | 200.0000
158       | 12       | 1       | -19.7659 | -16.6183 | 3.1475   | -20.0000 | 0.0000  
158       | 13       | 0       | -264.3851 | -264.3851 | -1.6515  | -600.0000 | 600.0000
158       | 14       | 0       | 123.6523 | 123.6523 | -2.2824  | -400.0000 | 200.0000
158       | 15       | 1       | -17.7484 | -16.5087 | 1.2397   | -20.0000 | 0.0000  
158       | 16       | 0       | -49.8823 | -49.8823 | -0.2663  | -600.0000 | 600.0000
158       | 17       | 0       | 35.0036  | 35.0036  | -1.3666  | -400.0000 | 200.0000
158       | 18       | 1       | -8.5142  | -9.0504  | -0.5361  | -20.0000 | 0.0000  
158       | 19       | 0       | -214.6054 | -214.6054 | 1.6461   | -600.0000 | 600.0000
158       | 20       | 0       | -271.0507 | -271.0507 | 1.0664   | -400.0000 | 200.0000
158       | 21       | 0       | -12.9896 | -12.9896 | 0.4228   | -20.0000 | 0.0000  
158       | 22       | 0       | -152.9601 | -152.9601 | -0.0428  | -600.0000 | 600.0000
158       | 23       | 1       | -358.7718 | -355.3246 | 3.4472   | -400.0000 | 200.0000
158       | 24       | 0       | -12.6085 | -12.6085 | -0.5817  | -20.0000 | 0.0000  
158       | 25       | 0       | -42.9138 | -42.9138 | 0.2806   | -600.0000 | 600.0000
158       | 26       | 0       | 36.5068  | 36.5068  | -1.0026  | -400.0000 | 200.0000
158       | 27       | 0       | -6.8654  | -6.8654  | 0.1644   | -20.0000 | 0.0000  
158       | 28       | 0       | 0.0000   | 0.0000   | -1.5732  | -600.0000 | 600.0000
158       | 29       | 0       | 0.0000   | 0.0000   | -0.4176  | -400.0000 | 200.0000
158       | 30       | 0       | 0.0000   | 0.0000   | -1.4144  | -20.0000 | 0.0000  

159       | 1        | 0       | 0.0000   | 0.0000   | 4.0625   | -600.0000 | 600.0000
159       | 2        | 0       | 0.0000   | 0.0000   | 1.6001   | -400.0000 | 200.0000
159       | 3        | 0       | 0.0000   | 0.0000   | -1.9797  | -20.0000 | 0.0000  
159       | 4        | 0       | -259.2051 | -259.2051 | 0.7633   | -600.0000 | 600.0000
159       | 5        | 1       | -43.7065 | -44.4228 | -0.7163  | -400.0000 | 200.0000
159       | 6        | 1       | -17.1392 | -16.5616 | 0.5776   | -20.0000 | 0.0000  
159       | 7        | 0       | -552.2750 | -552.2750 | -1.9947  | -600.0000 | 600.0000
159       | 8        | 0       | 93.8915  | 93.8915  | 3.4971   | -400.0000 | 200.0000
159       | 9        | 0       | -12.0859 | -12.0859 | -4.7282  | -20.0000 | 0.0000  
159       | 10       | 0       | -452.5527 | -452.5527 | 0.9843   | -600.0000 | 600.0000
159       | 11       | 1       | -86.6483 | -85.8122 | 0.8360   | -400.0000 | 200.0000
159       | 12       | 0       | -5.0428  | -20.0000 | -72.6742 | -20.0000 | 0.0000  
159       | 13       | 1       | -341.0148 | -339.6644 | 1.3503   | -600.0000 | 600.0000
159       | 14       | 0       | -22.3680 | -22.3680 | 2.9997   | -400.0000 | 200.0000
159       | 15       | 0       | -18.2931 | -18.2931 | 0.3269   | -20.0000 | 0.0000  
159       | 16       | 1       | 405.4116 | 402.3286 | -3.0831  | -600.0000 | 600.0000
159       | 17       | 0       | -297.9748 | -297.9748 | 1.7735   | -400.0000 | 200.0000
159       | 18       | 0       | -18.7687 | -18.7687 | -3.3383  | -20.0000 | 0.0000  
159       | 19       | 0       | -250.5006 | -250.5006 | 1.5900   | -600.0000 | 600.0000
159       | 20       | 1       | -132.4046 | -130.4710 | 1.9336   | -400.0000 | 200.0000
159       | 21       | 0       | -19.6308 | -19.6308 | -1.7076  | -20.0000 | 0.0000  
159       | 22       | 0       | -238.7447 | -238.7447 | -2.6442  | -600.0000 | 600.0000
159       | 23       | 0       | -95.7534 | -95.7534 | -1.4919  | -400.0000 | 200.0000
159       | 24       | 0       | -19.5316 | -19.5316 | -1.0001  | -20.0000 | 0.0000  
159       | 25       | 0       | -7.4182  | -7.4182  | -0.7984  | -600.0000 | 600.0000
159       | 26       | 0       | 155.8144 | 155.8144 | 2.6708   | -400.0000 | 200.0000
159       | 27       | 0       | -18.8584 | -18.8584 | -1.1269  | -20.0000 | 0.0000  
159       | 28       | 0       | 0.0000   | 0.0000   | 2.4563   | -600.0000 | 600.0000
159       | 29       | 0       | 0.0000   | 0.0000   | 1.2887   | -400.0000 | 200.0000
159       | 30       | 0       | 0.0000   | 0.0000   | 1.3856   | -20.0000 | 0.0000  

160       | 1        | 0       | 0.0000   | 0.0000   | 0.5048   | -600.0000 | 600.0000
160       | 2        | 0       | 0.0000   | 0.0000   | -2.1440  | -400.0000 | 200.0000
160       | 3        | 0       | 0.0000   | 0.0000   | -2.4595  | -20.0000 | 0.0000  
160       | 4        | 1       | 489.8742 | 487.7351 | -2.1391  | -600.0000 | 600.0000
160       | 5        | 1       | 55.2292  | 54.5647  | -0.6645  | -400.0000 | 200.0000
160       | 6        | 0       | -8.0569  | -8.0569  | 1.4574   | -20.0000 | 0.0000  
160       | 7        | 0       | 241.1630 | 241.1630 | -1.3862  | -600.0000 | 600.0000
160       | 8        | 0       | -356.3422 | -356.3422 | 0.5072   | -400.0000 | 200.0000
160       | 9        | 0       | -3.5628  | -3.5628  | 1.2641   | -20.0000 | 0.0000  
160       | 10       | 0       | 247.4907 | 247.4907 | 0.0596   | -600.0000 | 600.0000
160       | 11       | 0       | -351.1907 | -351.1907 | 0.5872   | -400.0000 | 200.0000
160       | 12       | 0       | -18.3032 | -18.3032 | 0.9009   | -20.0000 | 0.0000  
160       | 13       | 1       | -66.4763 | -63.8982 | 2.5781   | -600.0000 | 600.0000
160       | 14       | 1       | -324.4269 | -326.2133 | -1.7865  | -400.0000 | 200.0000
160       | 15       | 0       | -0.4170  | -0.4170  | -3.7824  | -20.0000 | 0.0000  
160       | 16       | 1       | -223.4078 | -224.2010 | -0.7931  | -600.0000 | 600.0000
160       | 17       | 1       | -255.0996 | -254.6033 | 0.4964   | -400.0000 | 200.0000
160       | 18       | 0       | -15.7017 | -15.7017 | -1.1109  | -20.0000 | 0.0000  
160       | 19       | 0       | -90.1790 | -232.5462 | -142.3672 | -600.0000 | 600.0000
160       | 20       | 1       | 144.7031 | 143.3191 | -1.3840  | -400.0000 | 200.0000
160       | 21       | 0       | -9.8588  | -9.8588  | 1.2974   | -20.0000 | 0.0000  
160       | 22       | 0       | 16.6254  | 16.6254  | 1.8126   | -600.0000 | 600.0000
160       | 23       | 1       | -94.6657 | -90.2426 | 4.4230   | -400.0000 | 200.0000
160       | 24       | 0       | -12.6144 | -12.6144 | -3.4776  | -20.0000 | 0.0000  
160       | 25       | 1       | -140.6415 | -140.6773 | -0.0358  | -600.0000 | 600.0000
160       | 26       | 0       | 93.0986  | 93.0986  | -1.8330  | -400.0000 | 200.0000
160       | 27       | 0       | -6.8098  | -6.8098  | 3.8613   | -20.0000 | 0.0000  
160       | 28       | 0       | 0.0000   | 0.0000   | -0.5323  | -600.0000 | 600.0000
160       | 29       | 0       | 0.0000   | 0.0000   | 3.4167   | -400.0000 | 200.0000
160       | 30       | 0       | 0.0000   | 0.0000   | -2.8056  | -20.0000 | 0.0000  

161       | 1        | 0       | 0.0000   | 0.0000   | -0.5985  | -600.0000 | 600.0000
161       | 2        | 0       | 0.0000   | 0.0000   | -1.6274  | -400.0000 | 200.0000
161       | 3        | 0       | 0.0000   | 0.0000   | 4.4368   | -20.0000 | 0.0000  
161       | 4        | 0       | 303.8865 | 303.8865 | -1.1658  | -600.0000 | 600.0000
161       | 5        | 0       | -163.4575 | -163.4575 | -3.1144  | -400.0000 | 200.0000
161       | 6        | 0       | 0.0000   | 0.0000   | 0.9289   | -20.0000 | 0.0000  
161       | 7        | 0       | 193.2171 | 193.2171 | 1.1436   | -600.0000 | 600.0000
161       | 8        | 1       | -352.9265 | -349.3686 | 3.5579   | -400.0000 | 200.0000
161       | 9        | 0       | -9.1101  | -9.1101  | 1.9353   | -20.0000 | 0.0000  
161       | 10       | 0       | 247.9981 | 247.9981 | 0.2719   | -600.0000 | 600.0000
161       | 11       | 0       | -351.1907 | -351.1907 | 1.7469   | -400.0000 | 200.0000
161       | 12       | 0       | -15.9017 | -15.9017 | -2.8968  | -20.0000 | 0.0000  
161       | 13       | 0       | 583.9675 | 583.9675 | 1.1250   | -600.0000 | 600.0000
161       | 14       | 0       | -175.4375 | -175.4375 | 0.4182   | -400.0000 | 200.0000
161       | 15       | 0       | -12.5872 | -12.5872 | -2.7349  | -20.0000 | 0.0000  
161       | 16       | 1       | 375.3595 | 376.5625 | 1.2030   | -600.0000 | 600.0000
161       | 17       | 1       | 168.3491 | 167.4699 | -0.8793  | -400.0000 | 200.0000
161       | 18       | 1       | -1.0647  | -2.2117  | -1.1470  | -20.0000 | 0.0000  
161       | 19       | 0       | 303.4353 | 303.4353 | 0.3931   | -600.0000 | 600.0000
161       | 20       | 0       | -174.7188 | -174.7188 | 0.4559   | -400.0000 | 200.0000
161       | 21       | 0       | -18.3300 | -18.3300 | -0.1192  | -20.0000 | 0.0000  
161       | 22       | 0       | 19.2630  | 19.2630  | 1.9058   | -600.0000 | 600.0000
161       | 23       | 0       | -94.6657 | -94.6657 | -1.4438  | -400.0000 | 200.0000
161       | 24       | 0       | -12.6144 | -12.6144 | 0.6527   | -20.0000 | 0.0000  
161       | 25       | 0       | 519.5098 | 519.5098 | 1.6064   | -600.0000 | 600.0000
161       | 26       | 0       | -74.0061 | -74.0061 | -1.6561  | -400.0000 | 200.0000
161       | 27       | 1       | -8.9821  | -10.4744 | -1.4923  | -20.0000 | 0.0000  
161       | 28       | 0       | 0.0000   | 0.0000   | -2.4562  | -600.0000 | 600.0000
161       | 29       | 0       | 0.0000   | 0.0000   | 1.4662   | -400.0000 | 200.0000
161       | 30       | 0       | 0.0000   | 0.0000   | -4.3366  | -20.0000 | 0.0000  

162       | 1        | 0       | 0.0000   | 0.0000   | 0.5280   | -600.0000 | 600.0000
162       | 2        | 0       | 0.0000   | 0.0000   | -0.8146  | -400.0000 | 200.0000
162       | 3        | 0       | 0.0000   | 0.0000   | -1.0759  | -20.0000 | 0.0000  
162       | 4        | 0       | -135.6780 | -135.6780 | -1.2701  | -600.0000 | 600.0000
162       | 5        | 0       | -130.7838 | -130.7838 | -4.0530  | -400.0000 | 200.0000
162       | 6        | 1       | -15.2491 | -15.5421 | -0.2929  | -20.0000 | 0.0000  
162       | 7        | 0       | -152.0979 | -152.0979 | -0.7721  | -600.0000 | 600.0000
162       | 8        | 1       | -263.6382 | -265.2314 | -1.5932  | -400.0000 | 200.0000
162       | 9        | 1       | -18.5361 | -19.4129 | -0.8768  | -20.0000 | 0.0000  
162       | 10       | 1       | 163.1284 | 164.3369 | 1.2085   | -600.0000 | 600.0000
162       | 11       | 1       | -40.4187 | -40.8993 | -0.4805  | -400.0000 | 200.0000
162       | 12       | 0       | -16.8290 | -16.8290 | 0.0656   | -20.0000 | 0.0000  
162       | 13       | 0       | 249.7451 | 249.7451 | -0.5119  | -600.0000 | 600.0000
162       | 14       | 1       | -127.9767 | -127.8504 | 0.1263   | -400.0000 | 200.0000
162       | 15       | 1       | -7.5498  | -6.8341  | 0.7157   | -20.0000 | 0.0000  
162       | 16       | 0       | -270.3222 | -270.3222 | -0.6054  | -600.0000 | 600.0000
162       | 17       | 0       | -158.5558 | -158.5558 | 1.0999   | -400.0000 | 200.0000
162       | 18       | 1       | -11.5634 | -5.5959  | 5.9675   | -20.0000 | 0.0000  
162       | 19       | 0       | -56.6531 | -56.6531 | 0.5563   | -600.0000 | 600.0000
162       | 20       | 0       | -315.4858 | -315.4858 | -3.4513  | -400.0000 | 200.0000
162       | 21       | 0       | -15.4949 | -15.4949 | -0.4563  | -20.0000 | 0.0000  
162       | 22       | 1       | -3.3866  | -4.5980  | -1.2114  | -600.0000 | 600.0000
162       | 23       | 1       | -148.8789 | -151.2027 | -2.3238  | -400.0000 | 200.0000
162       | 24       | 0       | -1.7031  | -1.7031  | -0.9900  | -20.0000 | 0.0000  
162       | 25       | 1       | -76.3762 | -75.2369 | 1.1394   | -600.0000 | 600.0000
162       | 26       | 0       | 13.9884  | 13.9884  | -0.7771  | -400.0000 | 200.0000
162       | 27       | 1       | -14.8512 | -14.4495 | 0.4017   | -20.0000 | 0.0000  
162       | 28       | 0       | 0.0000   | 0.0000   | -1.4418  | -600.0000 | 600.0000
162       | 29       | 0       | 0.0000   | 0.0000   | 2.2947   | -400.0000 | 200.0000
162       | 30       | 0       | 0.0000   | 0.0000   | -1.1668  | -20.0000 | 0.0000  

163       | 1        | 0       | 0.0000   | 0.0000   | 0.6112   | -600.0000 | 600.0000
163       | 2        | 0       | 0.0000   | 0.0000   | -0.2342  | -400.0000 | 200.0000
163       | 3        | 0       | 0.0000   | 0.0000   | 1.1094   | -20.0000 | 0.0000  
163       | 4        | 0       | -248.7852 | -248.7852 | 1.9443   | -600.0000 | 600.0000
163       | 5        | 1       | 146.4621 | 148.3643 | 1.9022   | -400.0000 | 200.0000
163       | 6        | 1       | -2.7733  | -5.2719  | -2.4987  | -20.0000 | 0.0000  
163       | 7        | 0       | 367.7528 | 367.7528 | 2.3358   | -600.0000 | 600.0000
163       | 8        | 0       | -390.0016 | -390.0016 | -0.3780  | -400.0000 | 200.0000
163       | 9        | 0       | -2.4596  | -2.4596  | -0.3386  | -20.0000 | 0.0000  
163       | 10       | 0       | 303.3200 | 303.3200 | 0.0357   | -600.0000 | 600.0000
163       | 11       | 0       | -30.1278 | -30.1278 | 0.9561   | -400.0000 | 200.0000
163       | 12       | 0       | -8.6382  | -8.6382  | -1.0037  | -20.0000 | 0.0000  
163       | 13       | 0       | -344.4430 | -344.4430 | -2.8233  | -600.0000 | 600.0000
163       | 14       | 1       | -318.1771 | -319.6271 | -1.4500  | -400.0000 | 200.0000
163       | 15       | 1       | -15.2938 | -14.4385 | 0.8553   | -20.0000 | 0.0000  
163       | 16       | 0       | -177.4149 | -177.4149 | -1.6944  | -600.0000 | 600.0000
163       | 17       | 0       | -43.4268 | -43.4268 | -2.6369  | -400.0000 | 200.0000
163       | 18       | 1       | -10.9856 | -10.6995 | 0.2861   | -20.0000 | 0.0000  
163       | 19       | 1       | -213.6362 | -216.7211 | -3.0848  | -600.0000 | 600.0000
163       | 20       | 0       | -273.6643 | -273.6643 | 0.7270   | -400.0000 | 200.0000
163       | 21       | 0       | -12.9896 | -12.9896 | -1.7972  | -20.0000 | 0.0000  
163       | 22       | 1       | -154.1749 | -155.8344 | -1.6595  | -600.0000 | 600.0000
163       | 23       | 0       | -360.4488 | -360.4488 | 2.1429   | -400.0000 | 200.0000
163       | 24       | 0       | -12.6085 | -12.6085 | 2.1845   | -20.0000 | 0.0000  
163       | 25       | 0       | -42.9138 | -42.9138 | 0.5974   | -600.0000 | 600.0000
163       | 26       | 1       | 36.4353  | 36.7194  | 0.2840   | -400.0000 | 200.0000
163       | 27       | 0       | -6.9997  | -6.9997  | 0.0498   | -20.0000 | 0.0000  
163       | 28       | 0       | 0.0000   | 0.0000   | -2.8210  | -600.0000 | 600.0000
163       | 29       | 0       | 0.0000   | 0.0000   | -3.5349  | -400.0000 | 200.0000
163       | 30       | 0       | 0.0000   | 0.0000   | 0.3114   | -20.0000 | 0.0000  

164       | 1        | 0       | 0.0000   | 0.0000   | 4.9543   | -600.0000 | 600.0000
164       | 2        | 0       | 0.0000   | 0.0000   | -1.9876  | -400.0000 | 200.0000
164       | 3        | 0       | 0.0000   | 0.0000   | -1.2496  | -20.0000 | 0.0000  
164       | 4        | 0       | -250.7774 | -250.7774 | 0.4695   | -600.0000 | 600.0000
164       | 5        | 1       | 147.1332 | 144.8757 | -2.2575  | -400.0000 | 200.0000
164       | 6        | 0       | -4.9208  | -4.9208  | -4.5672  | -20.0000 | 0.0000  
164       | 7        | 1       | 364.1220 | 365.7936 | 1.6716   | -600.0000 | 600.0000
164       | 8        | 0       | -390.0016 | -390.0016 | 1.6641   | -400.0000 | 200.0000
164       | 9        | 1       | -5.0340  | -8.0478  | -3.0137  | -20.0000 | 0.0000  
164       | 10       | 0       | 272.0052 | 272.0052 | -2.2177  | -600.0000 | 600.0000
164       | 11       | 0       | -217.1493 | -217.1493 | -0.5129  | -400.0000 | 200.0000
164       | 12       | 0       | -2.1240  | -2.1240  | -0.9331  | -20.0000 | 0.0000  
164       | 13       | 0       | -264.3851 | -264.3851 | 3.4653   | -600.0000 | 600.0000
164       | 14       | 0       | 123.6523 | 123.6523 | 0.3133   | -400.0000 | 200.0000
164       | 15       | 0       | -17.7484 | -17.7484 | 0.3956   | -20.0000 | 0.0000  
164       | 16       | 0       | -79.8333 | -79.8333 | -0.5571  | -600.0000 | 600.0000
164       | 17       | 1       | 200.0000 | 200.0000 | 0.3048   | -400.0000 | 200.0000
164       | 18       | 0       | -8.8188  | -8.8188  | 0.0866   | -20.0000 | 0.0000  
164       | 19       | 1       | -214.6054 | -214.9092 | -0.3038  | -600.0000 | 600.0000
164       | 20       | 0       | -271.0507 | -271.0507 | 0.0115   | -400.0000 | 200.0000
164       | 21       | 0       | -9.4839  | -9.4839  | 1.5217   | -20.0000 | 0.0000  
164       | 22       | 0       | -153.4597 | -153.4597 | -3.8666  | -600.0000 | 600.0000
164       | 23       | 0       | -358.7718 | -358.7718 | 1.6503   | -400.0000 | 200.0000
164       | 24       | 0       | -10.5307 | -10.5307 | 0.7035   | -20.0000 | 0.0000  
164       | 25       | 0       | -42.9138 | -42.9138 | -0.8696  | -600.0000 | 600.0000
164       | 26       | 0       | 36.5068  | 36.5068  | 1.0226   | -400.0000 | 200.0000
164       | 27       | 1       | -6.8654  | -7.8750  | -1.0096  | -20.0000 | 0.0000  
164       | 28       | 0       | 0.0000   | 0.0000   | -2.4759  | -600.0000 | 600.0000
164       | 29       | 0       | 0.0000   | 0.0000   | -4.1283  | -400.0000 | 200.0000
164       | 30       | 0       | 0.0000   | 0.0000   | 1.9235   | -20.0000 | 0.0000  

165       | 1        | 0       | 0.0000   | 0.0000   | 0.6226   | -600.0000 | 600.0000
165       | 2        | 0       | 0.0000   | 0.0000   | -0.4757  | -400.0000 | 200.0000
165       | 3        | 0       | 0.0000   | 0.0000   | -0.9467  | -20.0000 | 0.0000  
165       | 4        | 1       | -256.1505 | -255.9950 | 0.1555   | -600.0000 | 600.0000
165       | 5        | 0       | -41.5246 | -41.5246 | 2.8695   | -400.0000 | 200.0000
165       | 6        | 0       | -19.3900 | -19.3900 | 3.8809   | -20.0000 | 0.0000  
165       | 7        | 0       | -554.2659 | -554.2659 | -2.4217  | -600.0000 | 600.0000
165       | 8        | 0       | 93.5603  | 93.5603  | -5.0047  | -400.0000 | 200.0000
165       | 9        | 1       | -13.8462 | -11.7077 | 2.1384   | -20.0000 | 0.0000  
165       | 10       | 0       | -447.5274 | -447.5274 | 1.6605   | -600.0000 | 600.0000
165       | 11       | 0       | -86.6540 | -86.6540 | -1.4676  | -400.0000 | 200.0000
165       | 12       | 1       | -2.6898  | -4.4380  | -1.7482  | -20.0000 | 0.0000  
165       | 13       | 1       | -537.7970 | -541.8162 | -4.0191  | -600.0000 | 600.0000
165       | 14       | 0       | -70.6848 | -70.6848 | 0.2444   | -400.0000 | 200.0000
165       | 15       | 0       | -14.2473 | -14.2473 | 0.4795   | -20.0000 | 0.0000  
165       | 16       | 0       | -170.1782 | -170.1782 | -1.4611  | -600.0000 | 600.0000
165       | 17       | 1       | 190.4245 | 187.0325 | -3.3920  | -400.0000 | 200.0000
165       | 18       | 0       | -7.4306  | -7.4306  | 1.7582   | -20.0000 | 0.0000  
165       | 19       | 1       | -312.9988 | -312.3271 | 0.6718   | -600.0000 | 600.0000
165       | 20       | 0       | -338.9305 | -338.9305 | 0.9693   | -400.0000 | 200.0000
165       | 21       | 0       | -17.2944 | -17.2944 | 3.4157   | -20.0000 | 0.0000  
165       | 22       | 1       | -304.8507 | -309.1960 | -4.3453  | -600.0000 | 600.0000
165       | 23       | 0       | -304.6080 | -304.6080 | -0.1785  | -400.0000 | 200.0000
165       | 24       | 1       | -17.1003 | -19.2481 | -2.1479  | -20.0000 | 0.0000  
165       | 25       | 0       | -81.2601 | -81.2601 | 0.1214   | -600.0000 | 600.0000
165       | 26       | 0       | 13.3563  | 13.3563  | 1.1483   | -400.0000 | 200.0000
165       | 27       | 1       | -13.3741 | -9.2937  | 4.0804   | -20.0000 | 0.0000  
165       | 28       | 0       | 0.0000   | 0.0000   | -1.4531  | -600.0000 | 600.0000
165       | 29       | 0       | 0.0000   | 0.0000   | 0.9380   | -400.0000 | 200.0000
165       | 30       | 0       | 0.0000   | 0.0000   | 0.5088   | -20.0000 | 0.0000  

166       | 1        | 0       | 0.0000   | 0.0000   | -1.2995  | -600.0000 | 600.0000
166       | 2        | 0       | 0.0000   | 0.0000   | -2.2641  | -400.0000 | 200.0000
166       | 3        | 0       | 0.0000   | 0.0000   | 2.1042   | -20.0000 | 0.0000  
166       | 4        | 0       | -66.2645 | -66.2645 | -0.6989  | -600.0000 | 600.0000
166       | 5        | 0       | -335.0301 | -335.0301 | -0.8932  | -400.0000 | 200.0000
166       | 6        | 1       | -8.2448  | -6.3008  | 1.9440   | -20.0000 | 0.0000  
166       | 7        | 1       | 555.5432 | 552.6587 | -2.8845  | -600.0000 | 600.0000
166       | 8        | 0       | -60.3874 | -60.3874 | -0.8115  | -400.0000 | 200.0000
166       | 9        | 0       | -13.0545 | -13.0545 | -0.0659  | -20.0000 | 0.0000  
166       | 10       | 0       | 96.5611  | 96.5611  | 2.6418   | -600.0000 | 600.0000
166       | 11       | 0       | -313.3769 | -313.3769 | 0.0224   | -400.0000 | 200.0000
166       | 12       | 0       | -11.1191 | -11.1191 | -0.6967  | -20.0000 | 0.0000  
166       | 13       | 0       | 186.8174 | 186.8174 | -1.6081  | -600.0000 | 600.0000
166       | 14       | 0       | -106.7002 | -106.7002 | -0.4078  | -400.0000 | 200.0000
166       | 15       | 1       | -9.9136  | -9.4353  | 0.4783   | -20.0000 | 0.0000  
166       | 16       | 0       | 407.4138 | 407.4138 | -0.1848  | -600.0000 | 600.0000
166       | 17       | 0       | -297.9748 | -297.9748 | 1.2653   | -400.0000 | 200.0000
166       | 18       | 0       | -19.6171 | -19.6171 | 1.2208   | -20.0000 | 0.0000  
166       | 19       | 1       | 336.2719 | 335.7570 | -0.5149  | -600.0000 | 600.0000
166       | 20       | 0       | -34.1815 | -34.1815 | 3.2120   | -400.0000 | 200.0000
166       | 21       | 0       | -6.0072  | -6.0072  | 1.0202   | -20.0000 | 0.0000  
166       | 22       | 0       | 447.5350 | 447.5350 | 0.3341   | -600.0000 | 600.0000
166       | 23       | 0       | 36.6995  | 36.6995  | -2.0062  | -400.0000 | 200.0000
166       | 24       | 0       | -1.8048  | -1.8048  | 1.3050   | -20.0000 | 0.0000  
166       | 25       | 0       | 187.9387 | 187.9387 | -0.4074  | -600.0000 | 600.0000
166       | 26       | 0       | 14.1549  | 14.1549  | -1.6926  | -400.0000 | 200.0000
166       | 27       | 1       | -3.0161  | -1.0328  | 1.9833   | -20.0000 | 0.0000  
166       | 28       | 0       | 0.0000   | 0.0000   | 2.4659   | -600.0000 | 600.0000
166       | 29       | 0       | 0.0000   | 0.0000   | -1.0605  | -400.0000 | 200.0000
166       | 30       | 0       | 0.0000   | 0.0000   | -1.1693  | -20.0000 | 0.0000  

167       | 1        | 0       | 0.0000   | 0.0000   | -2.4593  | -600.0000 | 600.0000
167       | 2        | 0       | 0.0000   | 0.0000   | 1.3378   | -400.0000 | 200.0000
167       | 3        | 0       | 0.0000   | 0.0000   | -2.1220  | -20.0000 | 0.0000  
167       | 4        | 1       | 0.4313   | 4.7155   | 4.2842   | -600.0000 | 600.0000
167       | 5        | 1       | 14.3237  | 13.2405  | -1.0832  | -400.0000 | 200.0000
167       | 6        | 0       | -6.0573  | 0.0000   | 129.2980 | -20.0000 | 0.0000  
167       | 7        | 0       | 178.3667 | 178.3667 | -1.5335  | -600.0000 | 600.0000
167       | 8        | 0       | -233.6458 | -233.6458 | 0.9408   | -400.0000 | 200.0000
167       | 9        | 0       | -16.8759 | -16.8759 | 3.5055   | -20.0000 | 0.0000  
167       | 10       | 0       | 371.2334 | 371.2334 | -0.0729  | -600.0000 | 600.0000
167       | 11       | 0       | 86.0680  | 86.0680  | 1.2655   | -400.0000 | 200.0000
167       | 12       | 0       | -2.6586  | -2.6586  | 0.4595   | -20.0000 | 0.0000  
167       | 13       | 0       | 495.8887 | 495.8887 | -1.0630  | -600.0000 | 600.0000
167       | 14       | 0       | -93.1946 | -93.1946 | -0.8549  | -400.0000 | 200.0000
167       | 15       | 0       | -9.9697  | -9.9697  | -3.1236  | -20.0000 | 0.0000  
167       | 16       | 1       | 357.9542 | 356.0246 | -1.9296  | -600.0000 | 600.0000
167       | 17       | 0       | -10.0216 | -10.0216 | -0.9430  | -400.0000 | 200.0000
167       | 18       | 1       | -5.9607  | -6.6599  | -0.6992  | -20.0000 | 0.0000  
167       | 19       | 0       | -213.8682 | -213.8682 | -2.7720  | -600.0000 | 600.0000
167       | 20       | 0       | -271.0507 | -271.0507 | -0.2888  | -400.0000 | 200.0000
167       | 21       | 1       | -12.9896 | -11.0542 | 1.9354   | -20.0000 | 0.0000  
167       | 22       | 0       | -479.2350 | -479.2350 | -1.1554  | -600.0000 | 600.0000
167       | 23       | 0       | -256.0755 | -256.0755 | 1.5146   | -400.0000 | 200.0000
167       | 24       | 0       | -17.1606 | -17.1606 | 3.0853   | -20.0000 | 0.0000  
167       | 25       | 0       | 42.6014  | 42.6014  | -3.5142  | -600.0000 | 600.0000
167       | 26       | 0       | -106.9026 | -106.9026 | 1.6872   | -400.0000 | 200.0000
167       | 27       | 1       | -11.9623 | -11.6082 | 0.3540   | -20.0000 | 0.0000  
167       | 28       | 0       | 0.0000   | 0.0000   | -2.8441  | -600.0000 | 600.0000
167       | 29       | 0       | 0.0000   | 0.0000   | -0.9274  | -400.0000 | 200.0000
167       | 30       | 0       | 0.0000   | 0.0000   | -0.4318  | -20.0000 | 0.0000  

168       | 1        | 0       | 0.0000   | 0.0000   | -0.5867  | -600.0000 | 600.0000
168       | 2        | 0       | 0.0000   | 0.0000   | 1.7897   | -400.0000 | 200.0000
168       | 3        | 0       | 0.0000   | 0.0000   | -1.7269  | -20.0000 | 0.0000  
168       | 4        | 0       | 347.1247 | 347.1247 | 2.6178   | -600.0000 | 600.0000
168       | 5        | 0       | -101.8733 | -101.8733 | -0.4570  | -400.0000 | 200.0000
168       | 6        | 0       | -17.7307 | -17.7307 | 1.9699   | -20.0000 | 0.0000  
168       | 7        | 0       | 44.5279  | 73.3185  | 28.7907  | -600.0000 | 600.0000
168       | 8        | 0       | -47.8550 | -47.8550 | 2.1947   | -400.0000 | 200.0000
168       | 9        | 0       | -5.0912  | -5.0912  | -1.1212  | -20.0000 | 0.0000  
168       | 10       | 0       | -85.5274 | -85.5274 | 2.1982   | -600.0000 | 600.0000
168       | 11       | 1       | -323.4518 | -324.9088 | -1.4570  | -400.0000 | 200.0000
168       | 12       | 0       | -14.3245 | -14.3245 | -1.4554  | -20.0000 | 0.0000  
168       | 13       | 0       | -164.3012 | -164.3012 | 0.5750   | -600.0000 | 600.0000
168       | 14       | 1       | -12.4497 | -14.6519 | -2.2022  | -400.0000 | 200.0000
168       | 15       | 1       | -8.5844  | -5.2804  | 3.3041   | -20.0000 | 0.0000  
168       | 16       | 0       | -170.1782 | -170.1782 | -0.0232  | -600.0000 | 600.0000
168       | 17       | 1       | 189.7647 | 189.2251 | -0.5395  | -400.0000 | 200.0000
168       | 18       | 1       | -7.8845  | -6.1282  | 1.7563   | -20.0000 | 0.0000  
168       | 19       | 0       | -312.9988 | -312.9988 | 1.7531   | -600.0000 | 600.0000
168       | 20       | 0       | -338.9305 | -338.9305 | -0.4905  | -400.0000 | 200.0000
168       | 21       | 0       | -17.2944 | -17.2944 | -3.3870  | -20.0000 | 0.0000  
168       | 22       | 0       | -304.8507 | -304.8507 | -4.0166  | -600.0000 | 600.0000
168       | 23       | 1       | -304.6080 | -307.3109 | -2.7028  | -400.0000 | 200.0000
168       | 24       | 0       | -17.1003 | -17.1003 | 3.4140   | -20.0000 | 0.0000  
168       | 25       | 0       | -7.4182  | -7.4182  | 0.9005   | -600.0000 | 600.0000
168       | 26       | 0       | 155.8144 | 155.8144 | -1.4820  | -400.0000 | 200.0000
168       | 27       | 0       | -18.8584 | -18.8584 | -1.7750  | -20.0000 | 0.0000  
168       | 28       | 0       | 0.0000   | 0.0000   | -0.9642  | -600.0000 | 600.0000
168       | 29       | 0       | 0.0000   | 0.0000   | 0.4325   | -400.0000 | 200.0000
168       | 30       | 0       | 0.0000   | 0.0000   | 0.3809   | -20.0000 | 0.0000  

169       | 1        | 0       | 0.0000   | 0.0000   | 2.9229   | -600.0000 | 600.0000
169       | 2        | 0       | 0.0000   | 0.0000   | -0.7450  | -400.0000 | 200.0000
169       | 3        | 0       | 0.0000   | 0.0000   | -0.8260  | -20.0000 | 0.0000  
169       | 4        | 1       | 96.8389  | 99.6508  | 2.8119   | -600.0000 | 600.0000
169       | 5        | 0       | -96.6947 | -96.6947 | -0.8341  | -400.0000 | 200.0000
169       | 6        | 0       | -17.1184 | -17.1184 | 0.8873   | -20.0000 | 0.0000  
169       | 7        | 0       | 148.7982 | 148.7982 | -0.2049  | -600.0000 | 600.0000
169       | 8        | 0       | -235.8157 | -235.8157 | -2.5712  | -400.0000 | 200.0000
169       | 9        | 0       | -10.2433 | -10.2433 | -2.0696  | -20.0000 | 0.0000  
169       | 10       | 0       | 169.8054 | 169.8054 | -1.5379  | -600.0000 | 600.0000
169       | 11       | 1       | -244.1031 | -245.1610 | -1.0579  | -400.0000 | 200.0000
169       | 12       | 1       | -2.2783  | -2.0177  | 0.2606   | -20.0000 | 0.0000  
169       | 13       | 0       | 386.8575 | 386.8575 | 1.2303   | -600.0000 | 600.0000
169       | 14       | 0       | -365.8128 | -365.8128 | -1.0569  | -400.0000 | 200.0000
169       | 15       | 1       | -11.6279 | -14.3132 | -2.6853  | -20.0000 | 0.0000  
169       | 16       | 0       | -49.8823 | -49.8823 | 1.2770   | -600.0000 | 600.0000
169       | 17       | 0       | 35.0036  | 35.0036  | 2.2350   | -400.0000 | 200.0000
169       | 18       | 0       | -8.5142  | -8.5142  | 3.4057   | -20.0000 | 0.0000  
169       | 19       | 0       | 200.6548 | 135.9722 | -64.6826 | -600.0000 | 600.0000
169       | 20       | 0       | 66.2296  | 66.2296  | 1.8624   | -400.0000 | 200.0000
169       | 21       | 0       | -2.7559  | -2.7559  | -2.0741  | -20.0000 | 0.0000  
169       | 22       | 0       | -223.3494 | -223.3494 | -0.4079  | -600.0000 | 600.0000
169       | 23       | 1       | -77.1864 | -74.2218 | 2.9646   | -400.0000 | 200.0000
169       | 24       | 0       | -3.1978  | -3.1978  | 1.8955   | -20.0000 | 0.0000  
169       | 25       | 0       | -355.1572 | -355.1572 | 2.3688   | -600.0000 | 600.0000
169       | 26       | 0       | -66.9490 | -66.9490 | -0.5510  | -400.0000 | 200.0000
169       | 27       | 1       | -5.3386  | -8.0879  | -2.7493  | -20.0000 | 0.0000  
169       | 28       | 0       | 0.0000   | 0.0000   | -0.6333  | -600.0000 | 600.0000
169       | 29       | 0       | 0.0000   | 0.0000   | 1.8233   | -400.0000 | 200.0000
169       | 30       | 0       | 0.0000   | 0.0000   | -1.6000  | -20.0000 | 0.0000  

170       | 1        | 0       | 0.0000   | 0.0000   | -2.0835  | -600.0000 | 600.0000
170       | 2        | 0       | 0.0000   | 0.0000   | -3.5002  | -400.0000 | 200.0000
170       | 3        | 0       | 0.0000   | 0.0000   | 6.0683   | -20.0000 | 0.0000  
170       | 4        | 0       | 347.0055 | 347.0055 | 2.6842   | -600.0000 | 600.0000
170       | 5        | 0       | -103.9217 | -103.9217 | -1.7977  | -400.0000 | 200.0000
170       | 6        | 1       | -15.4631 | -14.1053 | 1.3578   | -20.0000 | 0.0000  
170       | 7        | 0       | 44.5279  | 44.5279  | -0.4019  | -600.0000 | 600.0000
170       | 8        | 0       | -47.8550 | -47.8550 | 1.5532   | -400.0000 | 200.0000
170       | 9        | 1       | -5.0912  | -5.9893  | -0.8981  | -20.0000 | 0.0000  
170       | 10       | 1       | -178.3022 | -179.8681 | -1.5659  | -600.0000 | 600.0000
170       | 11       | 0       | 2.4960   | 2.4960   | -0.0222  | -400.0000 | 200.0000
170       | 12       | 0       | -7.6102  | -7.6102  | 1.5379   | -20.0000 | 0.0000  
170       | 13       | 0       | -164.3012 | -164.3012 | -0.8449  | -600.0000 | 600.0000
170       | 14       | 0       | -12.4497 | -12.4497 | -0.8565  | -400.0000 | 200.0000
170       | 15       | 1       | -8.5844  | -10.4535 | -1.8690  | -20.0000 | 0.0000  
170       | 16       | 0       | -171.4995 | -171.4995 | -3.3276  | -600.0000 | 600.0000
170       | 17       | 1       | 191.9091 | 191.8530 | -0.0562  | -400.0000 | 200.0000
170       | 18       | 0       | -7.8845  | -7.8845  | -2.3715  | -20.0000 | 0.0000  
170       | 19       | 1       | -313.7170 | -314.7675 | -1.0506  | -600.0000 | 600.0000
170       | 20       | 0       | -338.9305 | -338.9305 | -5.3643  | -400.0000 | 200.0000
170       | 21       | 0       | -17.0970 | -17.0970 | -1.9810  | -20.0000 | 0.0000  
170       | 22       | 0       | -516.9577 | -516.9577 | -3.7910  | -600.0000 | 600.0000
170       | 23       | 0       | 69.4254  | 69.4254  | 0.2759   | -400.0000 | 200.0000
170       | 24       | 1       | -14.5140 | -19.8398 | -5.3257  | -20.0000 | 0.0000  
170       | 25       | 0       | -80.6797 | -80.6797 | -0.5898  | -600.0000 | 600.0000
170       | 26       | 0       | 13.9884  | 13.9884  | -0.5917  | -400.0000 | 200.0000
170       | 27       | 1       | -13.2731 | -14.0013 | -0.7282  | -20.0000 | 0.0000  
170       | 28       | 0       | 0.0000   | 0.0000   | 1.9482   | -600.0000 | 600.0000
170       | 29       | 0       | 0.0000   | 0.0000   | -1.1929  | -400.0000 | 200.0000
170       | 30       | 0       | 0.0000   | 0.0000   | -2.2486  | -20.0000 | 0.0000  

171       | 1        | 0       | 0.0000   | 0.0000   | -3.2462  | -600.0000 | 600.0000
171       | 2        | 0       | 0.0000   | 0.0000   | -0.4878  | -400.0000 | 200.0000
171       | 3        | 0       | 0.0000   | 0.0000   | 1.0753   | -20.0000 | 0.0000  
171       | 4        | 1       | 92.7348  | 97.1015  | 4.3667   | -600.0000 | 600.0000
171       | 5        | 0       | 119.3463 | 119.3463 | 2.4841   | -400.0000 | 200.0000
171       | 6        | 1       | -0.3852  | 0.0000   | 1.7067   | -20.0000 | 0.0000  
171       | 7        | 0       | -110.8989 | -110.8989 | -0.8682  | -600.0000 | 600.0000
171       | 8        | 0       | 96.5114  | 96.5114  | -0.4053  | -400.0000 | 200.0000
171       | 9        | 0       | -4.7094  | -4.7094  | 4.7133   | -20.0000 | 0.0000  
171       | 10       | 0       | 88.2347  | 88.2347  | 2.3834   | -600.0000 | 600.0000
171       | 11       | 0       | 173.6283 | 173.6283 | 0.9647   | -400.0000 | 200.0000
171       | 12       | 1       | -15.9905 | -17.9147 | -1.9242  | -20.0000 | 0.0000  
171       | 13       | 0       | -19.7452 | -19.7452 | -3.0155  | -600.0000 | 600.0000
171       | 14       | 1       | 83.5955  | 81.9678  | -1.6278  | -400.0000 | 200.0000
171       | 15       | 1       | -8.9955  | -8.9000  | 0.0955   | -20.0000 | 0.0000  
171       | 16       | 1       | 107.3448 | 105.4417 | -1.9030  | -600.0000 | 600.0000
171       | 17       | 1       | -32.0250 | -32.2131 | -0.1881  | -400.0000 | 200.0000
171       | 18       | 0       | -7.2462  | -7.2462  | -0.6263  | -20.0000 | 0.0000  
171       | 19       | 1       | 460.1577 | 459.2222 | -0.9355  | -600.0000 | 600.0000
171       | 20       | 0       | -131.0086 | -131.0086 | 1.9464   | -400.0000 | 200.0000
171       | 21       | 1       | -9.7914  | -9.6896  | 0.1017   | -20.0000 | 0.0000  
171       | 22       | 0       | 151.9110 | 151.9110 | 1.6666   | -600.0000 | 600.0000
171       | 23       | 1       | 155.8296 | 156.8411 | 1.0116   | -400.0000 | 200.0000
171       | 24       | 0       | -19.6177 | -19.6177 | -1.0852  | -20.0000 | 0.0000  
171       | 25       | 0       | -27.7878 | 8.9800   | 36.7679  | -600.0000 | 600.0000
171       | 26       | 0       | 12.6332  | 12.6332  | 2.0894   | -400.0000 | 200.0000
171       | 27       | 0       | -5.5459  | -5.5459  | 2.4057   | -20.0000 | 0.0000  
171       | 28       | 0       | 0.0000   | 0.0000   | 1.8683   | -600.0000 | 600.0000
171       | 29       | 0       | 0.0000   | 0.0000   | 1.4570   | -400.0000 | 200.0000
171       | 30       | 0       | 0.0000   | 0.0000   | -0.6289  | -20.0000 | 0.0000  

172       | 1        | 0       | 0.0000   | 0.0000   | -0.4233  | -600.0000 | 600.0000
172       | 2        | 0       | 0.0000   | 0.0000   | -1.6566  | -400.0000 | 200.0000
172       | 3        | 0       | 0.0000   | 0.0000   | 3.8084   | -20.0000 | 0.0000  
172       | 4        | 1       | 0.4313   | 1.6237   | 1.1924   | -600.0000 | 600.0000
172       | 5        | 1       | 14.5415  | 16.8258  | 2.2842   | -400.0000 | 200.0000
172       | 6        | 0       | -6.0573  | -6.0573  | 0.2650   | -20.0000 | 0.0000  
172       | 7        | 1       | 180.2448 | 176.9244 | -3.3205  | -600.0000 | 600.0000
172       | 8        | 0       | -234.8271 | -234.8271 | -2.3974  | -400.0000 | 200.0000
172       | 9        | 1       | -16.8759 | -20.0000 | -3.6311  | -20.0000 | 0.0000  
172       | 10       | 1       | 163.1284 | 162.3865 | -0.7419  | -600.0000 | 600.0000
172       | 11       | 0       | -40.4187 | -40.4187 | 0.7280   | -400.0000 | 200.0000
172       | 12       | 1       | -16.4129 | -15.0915 | 1.3214   | -20.0000 | 0.0000  
172       | 13       | 0       | 246.1670 | 246.1670 | -1.1599  | -600.0000 | 600.0000
172       | 14       | 0       | -126.8968 | -27.4035 | 99.4933  | -400.0000 | 200.0000
172       | 15       | 1       | -6.6448  | -4.1863  | 2.4585   | -20.0000 | 0.0000  
172       | 16       | 0       | 409.1641 | 409.1641 | 2.3964   | -600.0000 | 600.0000
172       | 17       | 0       | -298.1629 | -298.1629 | 1.3948   | -400.0000 | 200.0000
172       | 18       | 0       | -19.6171 | -19.6171 | -3.9196  | -20.0000 | 0.0000  
172       | 19       | 1       | -315.3278 | -313.5902 | 1.7377   | -600.0000 | 600.0000
172       | 20       | 0       | -338.9305 | -338.9305 | 2.0896   | -400.0000 | 200.0000
172       | 21       | 0       | -16.9428 | -16.9428 | -2.2067  | -20.0000 | 0.0000  
172       | 22       | 0       | 407.7627 | 407.7627 | 1.0140   | -600.0000 | 600.0000
172       | 23       | 0       | -169.7002 | -169.7002 | -2.1330  | -400.0000 | 200.0000
172       | 24       | 0       | -8.5626  | -8.5626  | -1.8716  | -20.0000 | 0.0000  
172       | 25       | 1       | -42.9138 | -39.2089 | 3.7049   | -600.0000 | 600.0000
172       | 26       | 0       | 36.5068  | 36.5068  | 2.3887   | -400.0000 | 200.0000
172       | 27       | 0       | -6.8654  | -6.8654  | 2.4620   | -20.0000 | 0.0000  
172       | 28       | 0       | 0.0000   | 0.0000   | -0.9609  | -600.0000 | 600.0000
172       | 29       | 0       | 0.0000   | 0.0000   | -0.6007  | -400.0000 | 200.0000
172       | 30       | 0       | 0.0000   | 0.0000   | 1.7798   | -20.0000 | 0.0000  

173       | 1        | 0       | 0.0000   | 0.0000   | -0.2655  | -600.0000 | 600.0000
173       | 2        | 0       | 0.0000   | 0.0000   | -0.7612  | -400.0000 | 200.0000
173       | 3        | 0       | 0.0000   | 0.0000   | 1.3859   | -20.0000 | 0.0000  
173       | 4        | 0       | 0.4313   | 0.4313   | 1.6481   | -600.0000 | 600.0000
173       | 5        | 0       | 14.5304  | 14.5304  | -2.6308  | -400.0000 | 200.0000
173       | 6        | 0       | -6.0573  | -6.0573  | -1.8763  | -20.0000 | 0.0000  
173       | 7        | 0       | 178.3667 | 178.3667 | 1.1810   | -600.0000 | 600.0000
173       | 8        | 0       | -234.8271 | -234.8271 | -1.9574  | -400.0000 | 200.0000
173       | 9        | 1       | -19.4851 | -20.0000 | -1.1461  | -20.0000 | 0.0000  
173       | 10       | 0       | 163.1284 | 163.1284 | 1.2025   | -600.0000 | 600.0000
173       | 11       | 1       | -41.1070 | -41.3969 | -0.2899  | -400.0000 | 200.0000
173       | 12       | 0       | -16.4129 | -16.4129 | 2.8374   | -20.0000 | 0.0000  
173       | 13       | 0       | 246.1670 | 246.1670 | -4.5250  | -600.0000 | 600.0000
173       | 14       | 0       | -126.8968 | -400.0000 | -452.9167 | -400.0000 | 200.0000
173       | 15       | 0       | -6.6448  | -6.6448  | 0.1222   | -20.0000 | 0.0000  
173       | 16       | 0       | 404.8405 | 404.8405 | 0.0038   | -600.0000 | 600.0000
173       | 17       | 1       | -298.1629 | -300.4139 | -2.2510  | -400.0000 | 200.0000
173       | 18       | 1       | -19.6171 | -20.0000 | -1.9946  | -20.0000 | 0.0000  
173       | 19       | 0       | 334.9231 | 334.9231 | 5.7910   | -600.0000 | 600.0000
173       | 20       | 1       | -34.1815 | -30.5688 | 3.6128   | -400.0000 | 200.0000
173       | 21       | 1       | -6.0072  | -5.8817  | 0.1255   | -20.0000 | 0.0000  
173       | 22       | 0       | 405.7860 | 405.7860 | 2.9749   | -600.0000 | 600.0000
173       | 23       | 0       | 81.6866  | 81.6866  | -3.6224  | -400.0000 | 200.0000
173       | 24       | 0       | -0.7816  | -0.7816  | -3.0457  | -20.0000 | 0.0000  
173       | 25       | 1       | -42.9138 | -45.5564 | -2.6426  | -600.0000 | 600.0000
173       | 26       | 0       | 36.5068  | 36.5068  | 0.3768   | -400.0000 | 200.0000
173       | 27       | 1       | -8.0058  | -7.7248  | 0.2810   | -20.0000 | 0.0000  
173       | 28       | 0       | 0.0000   | 0.0000   | 1.2511   | -600.0000 | 600.0000
173       | 29       | 0       | 0.0000   | 0.0000   | -2.1410  | -400.0000 | 200.0000
173       | 30       | 0       | 0.0000   | 0.0000   | 2.3985   | -20.0000 | 0.0000  

174       | 1        | 0       | 0.0000   | 0.0000   | 2.5634   | -600.0000 | 600.0000
174       | 2        | 0       | 0.0000   | 0.0000   | -2.6061  | -400.0000 | 200.0000
174       | 3        | 0       | 0.0000   | 0.0000   | -0.4410  | -20.0000 | 0.0000  
174       | 4        | 1       | -249.3381 | -249.1138 | 0.2243   | -600.0000 | 600.0000
174       | 5        | 0       | 144.9802 | 144.9802 | -0.0834  | -400.0000 | 200.0000
174       | 6        | 0       | -4.9208  | -4.9208  | -1.2501  | -20.0000 | 0.0000  
174       | 7        | 0       | 364.8281 | 364.8281 | -0.1381  | -600.0000 | 600.0000
174       | 8        | 0       | -390.0016 | -390.0016 | 1.9021   | -400.0000 | 200.0000
174       | 9        | 0       | -0.7438  | -0.7438  | -1.6583  | -20.0000 | 0.0000  
174       | 10       | 0       | 274.0974 | 274.0974 | 1.8101   | -600.0000 | 600.0000
174       | 11       | 0       | -217.1493 | -217.1493 | -4.2266  | -400.0000 | 200.0000
174       | 12       | 0       | -1.1719  | -1.1719  | 0.4287   | -20.0000 | 0.0000  
174       | 13       | 1       | -264.1523 | -261.6627 | 2.4896   | -600.0000 | 600.0000
174       | 14       | 0       | 123.6523 | 123.6523 | 1.3415   | -400.0000 | 200.0000
174       | 15       | 1       | -18.1533 | -18.8706 | -0.7173  | -20.0000 | 0.0000  
174       | 16       | 0       | -79.8333 | -79.8333 | -0.4220  | -600.0000 | 600.0000
174       | 17       | 1       | 198.3094 | 192.7825 | -5.5269  | -400.0000 | 200.0000
174       | 18       | 0       | -8.8188  | -8.8188  | 0.0520   | -20.0000 | 0.0000  
174       | 19       | 0       | -214.6054 | -214.6054 | 0.1047   | -600.0000 | 600.0000
174       | 20       | 0       | -271.0507 | -271.0507 | -1.7041  | -400.0000 | 200.0000
174       | 21       | 0       | -12.9896 | -12.9896 | 1.1856   | -20.0000 | 0.0000  
174       | 22       | 1       | -152.9601 | -154.2908 | -1.3307  | -600.0000 | 600.0000
174       | 23       | 0       | -358.7718 | -358.7718 | 5.1511   | -400.0000 | 200.0000
174       | 24       | 0       | -12.6085 | -12.6085 | -1.3567  | -20.0000 | 0.0000  
174       | 25       | 0       | -42.5252 | -42.5252 | -0.2951  | -600.0000 | 600.0000
174       | 26       | 0       | 36.8763  | 36.8763  | -3.3195  | -400.0000 | 200.0000
174       | 27       | 0       | -6.8654  | -6.8654  | -1.7320  | -20.0000 | 0.0000  
174       | 28       | 0       | 0.0000   | 0.0000   | -0.4044  | -600.0000 | 600.0000
174       | 29       | 0       | 0.0000   | 0.0000   | -1.5167  | -400.0000 | 200.0000
174       | 30       | 0       | 0.0000   | 0.0000   | -2.2036  | -20.0000 | 0.0000  

175       | 1        | 0       | 0.0000   | 0.0000   | 2.6056   | -600.0000 | 600.0000
175       | 2        | 0       | 0.0000   | 0.0000   | -0.9011  | -400.0000 | 200.0000
175       | 3        | 0       | 0.0000   | 0.0000   | 0.3715   | -20.0000 | 0.0000  
175       | 4        | 1       | 0.4313   | -0.4608  | -0.8921  | -600.0000 | 600.0000
175       | 5        | 0       | 14.5304  | 14.5304  | 3.8737   | -400.0000 | 200.0000
175       | 6        | 1       | -5.2910  | -7.7968  | -2.5058  | -20.0000 | 0.0000  
175       | 7        | 0       | 176.9190 | 176.9190 | 4.1556   | -600.0000 | 600.0000
175       | 8        | 1       | -232.7184 | -229.7520 | 2.9664   | -400.0000 | 200.0000
175       | 9        | 1       | -19.8934 | -20.0000 | -2.0041  | -20.0000 | 0.0000  
175       | 10       | 0       | 163.1284 | 163.1284 | 0.0224   | -600.0000 | 600.0000
175       | 11       | 1       | -40.4187 | -43.6658 | -3.2471  | -400.0000 | 200.0000
175       | 12       | 0       | -18.1214 | -18.1214 | -2.5050  | -20.0000 | 0.0000  
175       | 13       | 1       | 246.1670 | 246.6835 | 0.5166   | -600.0000 | 600.0000
175       | 14       | 1       | -126.8968 | -126.0453 | 0.8515   | -400.0000 | 200.0000
175       | 15       | 0       | -9.8403  | -9.8403  | -1.3903  | -20.0000 | 0.0000  
175       | 16       | 0       | 404.8405 | 404.8405 | 0.6606   | -600.0000 | 600.0000
175       | 17       | 0       | -298.1629 | -298.1629 | -0.5928  | -400.0000 | 200.0000
175       | 18       | 0       | -19.6171 | -19.6171 | 1.1281   | -20.0000 | 0.0000  
175       | 19       | 0       | 336.2719 | 336.2719 | 1.6353   | -600.0000 | 600.0000
175       | 20       | 0       | -34.1815 | -34.1815 | 0.0543   | -400.0000 | 200.0000
175       | 21       | 1       | -6.0072  | -4.5010  | 1.5062   | -20.0000 | 0.0000  
175       | 22       | 1       | 405.7860 | 407.4295 | 1.6435   | -600.0000 | 600.0000
175       | 23       | 1       | 81.6866  | 82.7141  | 1.0275   | -400.0000 | 200.0000
175       | 24       | 1       | -1.1646  | -2.1477  | -0.9831  | -20.0000 | 0.0000  
175       | 25       | 0       | 42.2281  | 42.2281  | -1.8172  | -600.0000 | 600.0000
175       | 26       | 0       | -106.9026 | -106.9026 | -1.2754  | -400.0000 | 200.0000
175       | 27       | 0       | -11.9623 | -11.9623 | 2.3310   | -20.0000 | 0.0000  
175       | 28       | 0       | 0.0000   | 0.0000   | 0.4410   | -600.0000 | 600.0000
175       | 29       | 0       | 0.0000   | 0.0000   | -1.7592  | -400.0000 | 200.0000
175       | 30       | 0       | 0.0000   | 0.0000   | 2.0576   | -20.0000 | 0.0000  

176       | 1        | 0       | 0.0000   | 0.0000   | 2.2906   | -600.0000 | 600.0000
176       | 2        | 0       | 0.0000   | 0.0000   | -0.9110  | -400.0000 | 200.0000
176       | 3        | 0       | 0.0000   | 0.0000   | -0.8705  | -20.0000 | 0.0000  
176       | 4        | 0       | 206.0662 | 206.0662 | 4.2009   | -600.0000 | 600.0000
176       | 5        | 0       | -162.3994 | -162.3994 | -1.8779  | -400.0000 | 200.0000
176       | 6        | 0       | -18.7656 | -18.7656 | 4.4146   | -20.0000 | 0.0000  
176       | 7        | 0       | 98.3698  | 98.3698  | -2.2916  | -600.0000 | 600.0000
176       | 8        | 1       | -159.1229 | -159.1309 | -0.0080  | -400.0000 | 200.0000
176       | 9        | 0       | -13.2383 | -13.2383 | -2.7492  | -20.0000 | 0.0000  
176       | 10       | 0       | -85.5274 | -85.5274 | -2.5607  | -600.0000 | 600.0000
176       | 11       | 0       | -323.5525 | -323.5525 | -3.2777  | -400.0000 | 200.0000
176       | 12       | 0       | -14.3245 | -14.3245 | 0.8370   | -20.0000 | 0.0000  
176       | 13       | 1       | -164.3012 | -163.5791 | 0.7222   | -600.0000 | 600.0000
176       | 14       | 0       | -13.9419 | -13.9419 | -2.3799  | -400.0000 | 200.0000
176       | 15       | 0       | -7.2376  | -7.2376  | -1.4907  | -20.0000 | 0.0000  
176       | 16       | 0       | -171.0733 | -171.0733 | 0.7567   | -600.0000 | 600.0000
176       | 17       | 0       | 191.9091 | 191.9091 | -1.8456  | -400.0000 | 200.0000
176       | 18       | 0       | -7.8845  | -7.8845  | 0.0919   | -20.0000 | 0.0000  
176       | 19       | 1       | -250.5006 | -250.0021 | 0.4986   | -600.0000 | 600.0000
176       | 20       | 0       | -132.4046 | -132.4046 | -2.0433  | -400.0000 | 200.0000
176       | 21       | 1       | -18.2077 | -17.2912 | 0.9165   | -20.0000 | 0.0000  
176       | 22       | 0       | -238.7447 | -238.7447 | 2.5515   | -600.0000 | 600.0000
176       | 23       | 0       | -95.7534 | -95.7534 | 1.5007   | -400.0000 | 200.0000
176       | 24       | 0       | -19.9536 | -19.9536 | -0.4300  | -20.0000 | 0.0000  
176       | 25       | 0       | -258.5503 | -258.5503 | 0.2897   | -600.0000 | 600.0000
176       | 26       | 0       | -134.9742 | -134.9742 | 0.7105   | -400.0000 | 200.0000
176       | 27       | 1       | -9.6175  | -10.7555 | -1.1380  | -20.0000 | 0.0000  
176       | 28       | 0       | 0.0000   | 0.0000   | -3.7907  | -600.0000 | 600.0000
176       | 29       | 0       | 0.0000   | 0.0000   | 2.7420   | -400.0000 | 200.0000
176       | 30       | 0       | 0.0000   | 0.0000   | -1.4794  | -20.0000 | 0.0000  

177       | 1        | 0       | 0.0000   | 0.0000   | 4.1086   | -600.0000 | 600.0000
177       | 2        | 0       | 0.0000   | 0.0000   | 0.3379   | -400.0000 | 200.0000
177       | 3        | 0       | 0.0000   | 0.0000   | -2.4718  | -20.0000 | 0.0000  
177       | 4        | 0       | 205.6251 | 205.6251 | 0.0406   | -600.0000 | 600.0000
177       | 5        | 0       | 80.8776  | 80.8776  | -1.6687  | -400.0000 | 200.0000
177       | 6        | 1       | -17.2099 | -18.1794 | -0.9695  | -20.0000 | 0.0000  
177       | 7        | 0       | -115.8206 | -115.8206 | 1.2676   | -600.0000 | 600.0000
177       | 8        | 0       | -319.5909 | -319.5909 | 4.7785   | -400.0000 | 200.0000
177       | 9        | 1       | -19.4243 | -16.5320 | 2.8923   | -20.0000 | 0.0000  
177       | 10       | 0       | 306.1647 | 306.1647 | 3.8300   | -600.0000 | 600.0000
177       | 11       | 0       | -27.8143 | -27.8143 | -2.3330  | -400.0000 | 200.0000
177       | 12       | 0       | -5.9184  | -5.9184  | 1.8140   | -20.0000 | 0.0000  
177       | 13       | 0       | -538.9377 | -538.9377 | 1.0195   | -600.0000 | 600.0000
177       | 14       | 0       | -70.6848 | -70.6848 | -0.8279  | -400.0000 | 200.0000
177       | 15       | 0       | -10.1541 | -10.1541 | 0.9103   | -20.0000 | 0.0000  
177       | 16       | 1       | -231.8360 | -233.7753 | -1.9393  | -600.0000 | 600.0000
177       | 17       | 1       | -188.6884 | -190.2177 | -1.5293  | -400.0000 | 200.0000
177       | 18       | 0       | -7.5742  | -7.5742  | 1.7137   | -20.0000 | 0.0000  
177       | 19       | 1       | -214.6054 | -215.2122 | -0.6068  | -600.0000 | 600.0000
177       | 20       | 0       | -271.0507 | -271.0507 | 3.5451   | -400.0000 | 200.0000
177       | 21       | 0       | -8.8240  | -8.8240  | -4.3443  | -20.0000 | 0.0000  
177       | 22       | 1       | -516.9577 | -521.6844 | -4.7267  | -600.0000 | 600.0000
177       | 23       | 0       | 69.4254  | 69.4254  | 1.4395   | -400.0000 | 200.0000
177       | 24       | 0       | -14.5140 | -14.5140 | -1.8014  | -20.0000 | 0.0000  
177       | 25       | 1       | -42.9138 | -39.1223 | 3.7915   | -600.0000 | 600.0000
177       | 26       | 0       | 36.5068  | 36.5068  | -4.1031  | -400.0000 | 200.0000
177       | 27       | 0       | -6.8654  | -6.8654  | 1.1348   | -20.0000 | 0.0000  
177       | 28       | 0       | 0.0000   | 0.0000   | 1.1051   | -600.0000 | 600.0000
177       | 29       | 0       | 0.0000   | 0.0000   | 1.3346   | -400.0000 | 200.0000
177       | 30       | 0       | 0.0000   | 0.0000   | -0.2354  | -20.0000 | 0.0000  

178       | 1        | 0       | 0.0000   | 0.0000   | -0.7703  | -600.0000 | 600.0000
178       | 2        | 0       | 0.0000   | 0.0000   | -3.2544  | -400.0000 | 200.0000
178       | 3        | 0       | 0.0000   | 0.0000   | -2.0609  | -20.0000 | 0.0000  
178       | 4        | 0       | 0.4313   | 0.4313   | 0.2437   | -600.0000 | 600.0000
178       | 5        | 0       | 14.5304  | 14.5304  | -3.8262  | -400.0000 | 200.0000
178       | 6        | 0       | -6.0573  | -6.0573  | 1.2317   | -20.0000 | 0.0000  
178       | 7        | 0       | 178.3667 | 178.3667 | -0.1271  | -600.0000 | 600.0000
178       | 8        | 0       | -234.8271 | -234.8271 | 2.5818   | -400.0000 | 200.0000
178       | 9        | 1       | -19.4851 | -18.7853 | 0.6997   | -20.0000 | 0.0000  
178       | 10       | 0       | 163.1284 | 163.1284 | 0.4711   | -600.0000 | 600.0000
178       | 11       | 0       | -41.1070 | -41.1070 | -0.3565  | -400.0000 | 200.0000
178       | 12       | 1       | -16.4129 | -18.8238 | -2.4110  | -20.0000 | 0.0000  
178       | 13       | 0       | 247.7969 | 318.1547 | 70.3577  | -600.0000 | 600.0000
178       | 14       | 1       | -126.8968 | -126.8244 | 0.0724   | -400.0000 | 200.0000
178       | 15       | 0       | -8.5215  | -8.5215  | -3.4764  | -20.0000 | 0.0000  
178       | 16       | 0       | -231.8360 | -231.8360 | 1.5850   | -600.0000 | 600.0000
178       | 17       | 0       | -188.6884 | -188.6884 | 1.3337   | -400.0000 | 200.0000
178       | 18       | 0       | -7.5742  | -7.5742  | 0.0134   | -20.0000 | 0.0000  
178       | 19       | 1       | 336.2719 | 334.6901 | -1.5818  | -600.0000 | 600.0000
178       | 20       | 0       | -34.1815 | -34.1815 | 0.5160   | -400.0000 | 200.0000
178       | 21       | 1       | -6.0072  | -4.9303  | 1.0769   | -20.0000 | 0.0000  
178       | 22       | 0       | 405.7860 | 405.7860 | 1.8704   | -600.0000 | 600.0000
178       | 23       | 0       | 81.6866  | 81.6866  | 0.7431   | -400.0000 | 200.0000
178       | 24       | 0       | -0.7816  | -0.7816  | -2.7761  | -20.0000 | 0.0000  
178       | 25       | 0       | 43.1221  | 43.1221  | -1.2595  | -600.0000 | 600.0000
178       | 26       | 1       | -106.9026 | -106.6520 | 0.2506   | -400.0000 | 200.0000
178       | 27       | 0       | -11.9623 | -11.9623 | 1.6191   | -20.0000 | 0.0000  
178       | 28       | 0       | 0.0000   | 0.0000   | -1.4761  | -600.0000 | 600.0000
178       | 29       | 0       | 0.0000   | 0.0000   | -2.4518  | -400.0000 | 200.0000
178       | 30       | 0       | 0.0000   | 0.0000   | -0.0577  | -20.0000 | 0.0000  

179       | 1        | 0       | 0.0000   | 0.0000   | 0.6800   | -600.0000 | 600.0000
179       | 2        | 0       | 0.0000   | 0.0000   | 1.3398   | -400.0000 | 200.0000
179       | 3        | 0       | 0.0000   | 0.0000   | 0.0656   | -20.0000 | 0.0000  
179       | 4        | 0       | 205.6251 | 205.6251 | -4.8076  | -600.0000 | 600.0000
179       | 5        | 0       | 80.8776  | 80.8776  | -2.9658  | -400.0000 | 200.0000
179       | 6        | 1       | -17.2099 | -16.3794 | 0.8305   | -20.0000 | 0.0000  
179       | 7        | 0       | 151.6421 | 151.6421 | 1.9270   | -600.0000 | 600.0000
179       | 8        | 0       | -52.6837 | -52.6837 | 1.7232   | -400.0000 | 200.0000
179       | 9        | 0       | 0.0000   | 0.0000   | -0.7151  | -20.0000 | 0.0000  
179       | 10       | 0       | 487.3045 | 487.3045 | 1.1960   | -600.0000 | 600.0000
179       | 11       | 1       | -391.8829 | -391.2302 | 0.6527   | -400.0000 | 200.0000
179       | 12       | 0       | -6.3091  | -6.3091  | -1.1127  | -20.0000 | 0.0000  
179       | 13       | 0       | -82.2458 | -82.2458 | 3.1880   | -600.0000 | 600.0000
179       | 14       | 0       | -193.1516 | -193.1516 | 2.1149   | -400.0000 | 200.0000
179       | 15       | 0       | -19.6852 | -19.6852 | -1.6480  | -20.0000 | 0.0000  
179       | 16       | 1       | -172.5609 | -169.8941 | 2.6669   | -600.0000 | 600.0000
179       | 17       | 0       | -227.6566 | -227.6566 | 0.6490   | -400.0000 | 200.0000
179       | 18       | 1       | -11.6479 | -10.7913 | 0.8566   | -20.0000 | 0.0000  
179       | 19       | 0       | 83.2528  | 83.2528  | -3.2585  | -600.0000 | 600.0000
179       | 20       | 0       | -30.5503 | -30.5503 | -1.0591  | -400.0000 | 200.0000
179       | 21       | 1       | -15.9738 | -16.7575 | -0.7837  | -20.0000 | 0.0000  
179       | 22       | 0       | -516.9577 | -516.9577 | -1.4834  | -600.0000 | 600.0000
179       | 23       | 0       | 69.4254  | 69.4254  | -2.0478  | -400.0000 | 200.0000
179       | 24       | 0       | -14.5140 | -14.5140 | 3.2387   | -20.0000 | 0.0000  
179       | 25       | 0       | -42.9138 | -42.9138 | -2.1307  | -600.0000 | 600.0000
179       | 26       | 0       | 36.5068  | 36.5068  | 0.3989   | -400.0000 | 200.0000
179       | 27       | 0       | -6.8654  | -6.8654  | -3.9112  | -20.0000 | 0.0000  
179       | 28       | 0       | 0.0000   | 0.0000   | -1.1216  | -600.0000 | 600.0000
179       | 29       | 0       | 0.0000   | 0.0000   | 3.6237   | -400.0000 | 200.0000
179       | 30       | 0       | 0.0000   | 0.0000   | 2.2045   | -20.0000 | 0.0000  

180       | 1        | 0       | 0.0000   | 0.0000   | -2.2325  | -600.0000 | 600.0000
180       | 2        | 0       | 0.0000   | 0.0000   | -1.6014  | -400.0000 | 200.0000
180       | 3        | 0       | 0.0000   | 0.0000   | 2.8203   | -20.0000 | 0.0000  
180       | 4        | 0       | 92.7348  | 92.7348  | 1.2282   | -600.0000 | 600.0000
180       | 5        | 0       | 119.3463 | 119.3463 | 1.8136   | -400.0000 | 200.0000
180       | 6        | 1       | -0.3852  | 0.0000   | 1.7205   | -20.0000 | 0.0000  
180       | 7        | 0       | -111.0313 | -111.0313 | 0.6611   | -600.0000 | 600.0000
180       | 8        | 0       | 96.5114  | 96.5114  | -1.8701  | -400.0000 | 200.0000
180       | 9        | 0       | -4.7094  | -4.7094  | 1.4513   | -20.0000 | 0.0000  
180       | 10       | 0       | 88.2347  | 88.2347  | -0.9572  | -600.0000 | 600.0000
180       | 11       | 1       | 171.9481 | 170.4036 | -1.5445  | -400.0000 | 200.0000
180       | 12       | 0       | -15.9905 | -15.9905 | 1.6811   | -20.0000 | 0.0000  
180       | 13       | 0       | -262.1746 | -262.1746 | 1.1745   | -600.0000 | 600.0000
180       | 14       | 0       | 123.6523 | 123.6523 | 0.6596   | -400.0000 | 200.0000
180       | 15       | 0       | -17.7484 | -17.7484 | 3.5652   | -20.0000 | 0.0000  
180       | 16       | 0       | -79.8333 | -79.8333 | -0.2671  | -600.0000 | 600.0000
180       | 17       | 1       | 198.3094 | 199.3399 | 1.0305   | -400.0000 | 200.0000
180       | 18       | 0       | -8.8188  | -8.8188  | 0.6432   | -20.0000 | 0.0000  
180       | 19       | 1       | 200.6548 | 200.7571 | 0.1023   | -600.0000 | 600.0000
180       | 20       | 1       | 66.2296  | 69.6589  | 3.4293   | -400.0000 | 200.0000
180       | 21       | 0       | -2.7559  | -2.7559  | 3.1298   | -20.0000 | 0.0000  
180       | 22       | 1       | 149.9722 | 147.4667 | -2.5055  | -600.0000 | 600.0000
180       | 23       | 0       | -21.0639 | -21.0639 | 3.4883   | -400.0000 | 200.0000
180       | 24       | 1       | -5.3377  | -5.9290  | -0.5912  | -20.0000 | 0.0000  
180       | 25       | 0       | -27.7878 | -27.7878 | -2.5846  | -600.0000 | 600.0000
180       | 26       | 0       | 12.6332  | 12.6332  | -0.8014  | -400.0000 | 200.0000
180       | 27       | 0       | -5.5459  | -5.5459  | -0.3988  | -20.0000 | 0.0000  
180       | 28       | 0       | 0.0000   | 0.0000   | -2.0074  | -600.0000 | 600.0000
180       | 29       | 0       | 0.0000   | 0.0000   | 1.0064   | -400.0000 | 200.0000
180       | 30       | 0       | 0.0000   | 0.0000   | -3.5474  | -20.0000 | 0.0000  

181       | 1        | 0       | 0.0000   | 0.0000   | -1.1884  | -600.0000 | 600.0000
181       | 2        | 0       | 0.0000   | 0.0000   | 1.1373   | -400.0000 | 200.0000
181       | 3        | 0       | 0.0000   | 0.0000   | -1.4620  | -20.0000 | 0.0000  
181       | 4        | 1       | 351.3097 | 350.3264 | -0.9833  | -600.0000 | 600.0000
181       | 5        | 0       | -358.5725 | -358.5725 | -0.5950  | -400.0000 | 200.0000
181       | 6        | 1       | -10.5149 | -11.3631 | -0.8482  | -20.0000 | 0.0000  
181       | 7        | 0       | -152.0979 | -152.0979 | 2.1037   | -600.0000 | 600.0000
181       | 8        | 0       | -263.6382 | -263.6382 | -4.0204  | -400.0000 | 200.0000
181       | 9        | 1       | -20.0000 | -19.5640 | 0.4360   | -20.0000 | 0.0000  
181       | 10       | 0       | 218.6300 | 218.6300 | -1.0720  | -600.0000 | 600.0000
181       | 11       | 0       | -210.8563 | -210.8563 | 0.2884   | -400.0000 | 200.0000
181       | 12       | 1       | -17.3358 | -18.5160 | -1.1802  | -20.0000 | 0.0000  
181       | 13       | 1       | 158.8755 | 159.3379 | 0.4624   | -600.0000 | 600.0000
181       | 14       | 1       | -323.0045 | -320.4181 | 2.5864   | -400.0000 | 200.0000
181       | 15       | 0       | -9.5082  | -9.5082  | -0.1152  | -20.0000 | 0.0000  
181       | 16       | 1       | 92.6399  | 93.1422  | 0.5024   | -600.0000 | 600.0000
181       | 17       | 0       | -373.7566 | -373.7566 | -1.5960  | -400.0000 | 200.0000
181       | 18       | 0       | -17.6111 | -17.6111 | 0.7647   | -20.0000 | 0.0000  
181       | 19       | 1       | 352.0211 | 350.9685 | -1.0526  | -600.0000 | 600.0000
181       | 20       | 0       | -129.4813 | -129.4813 | 0.6303   | -400.0000 | 200.0000
181       | 21       | 0       | -16.3312 | -16.3312 | 0.8571   | -20.0000 | 0.0000  
181       | 22       | 1       | 425.9688 | 429.1945 | 3.2257   | -600.0000 | 600.0000
181       | 23       | 0       | 131.5153 | 131.5153 | -0.1543  | -400.0000 | 200.0000
181       | 24       | 0       | -10.6738 | -10.6738 | 0.5789   | -20.0000 | 0.0000  
181       | 25       | 0       | 187.9387 | 187.9387 | 1.2768   | -600.0000 | 600.0000
181       | 26       | 1       | 12.7671  | 15.4894  | 2.7223   | -400.0000 | 200.0000
181       | 27       | 0       | -3.0161  | -3.0161  | 2.9174   | -20.0000 | 0.0000  
181       | 28       | 0       | 0.0000   | 0.0000   | -2.4098  | -600.0000 | 600.0000
181       | 29       | 0       | 0.0000   | 0.0000   | 1.3714   | -400.0000 | 200.0000
181       | 30       | 0       | 0.0000   | 0.0000   | 2.5664   | -20.0000 | 0.0000  

182       | 1        | 0       | 0.0000   | 0.0000   | 3.1473   | -600.0000 | 600.0000
182       | 2        | 0       | 0.0000   | 0.0000   | -0.6195  | -400.0000 | 200.0000
182       | 3        | 0       | 0.0000   | 0.0000   | -0.0592  | -20.0000 | 0.0000  
182       | 4        | 0       | 0.4313   | 0.4313   | 1.9312   | -600.0000 | 600.0000
182       | 5        | 0       | 14.5304  | 14.5304  | -0.7289  | -400.0000 | 200.0000
182       | 6        | 0       | -6.0573  | -6.0573  | 1.4878   | -20.0000 | 0.0000  
182       | 7        | 0       | 176.9190 | 176.9190 | 3.0490   | -600.0000 | 600.0000
182       | 8        | 0       | -232.7184 | -232.7184 | -2.4196  | -400.0000 | 200.0000
182       | 9        | 0       | -19.8934 | -19.8934 | 0.4990   | -20.0000 | 0.0000  
182       | 10       | 0       | 163.1284 | 163.1284 | 0.3445   | -600.0000 | 600.0000
182       | 11       | 1       | -40.4187 | -41.6124 | -1.1937  | -400.0000 | 200.0000
182       | 12       | 1       | -18.1214 | -16.0029 | 2.1185   | -20.0000 | 0.0000  
182       | 13       | 1       | 246.1670 | 242.7012 | -3.4658  | -600.0000 | 600.0000
182       | 14       | 0       | -126.8968 | -126.8968 | 1.5560   | -400.0000 | 200.0000
182       | 15       | 0       | -6.6448  | -6.6448  | -1.3981  | -20.0000 | 0.0000  
182       | 16       | 0       | 404.8405 | 404.8405 | 0.3272   | -600.0000 | 600.0000
182       | 17       | 0       | -298.1629 | -298.1629 | -3.2301  | -400.0000 | 200.0000
182       | 18       | 1       | -19.6171 | -20.0000 | -0.9638  | -20.0000 | 0.0000  
182       | 19       | 1       | 334.9231 | 335.3705 | 0.4474   | -600.0000 | 600.0000
182       | 20       | 0       | -32.7486 | -32.7486 | -0.0605  | -400.0000 | 200.0000
182       | 21       | 1       | -6.0072  | -3.7569  | 2.2503   | -20.0000 | 0.0000  
182       | 22       | 1       | 405.0070 | 404.9235 | -0.0835  | -600.0000 | 600.0000
182       | 23       | 1       | 81.6866  | 81.9132  | 0.2267   | -400.0000 | 200.0000
182       | 24       | 1       | -0.7816  | -3.6760  | -2.8944  | -20.0000 | 0.0000  
182       | 25       | 0       | 42.6186  | 42.6186  | 1.1124   | -600.0000 | 600.0000
182       | 26       | 0       | -106.6701 | -106.6701 | -4.0026  | -400.0000 | 200.0000
182       | 27       | 1       | -16.2653 | -16.7530 | -0.4877  | -20.0000 | 0.0000  
182       | 28       | 0       | 0.0000   | 0.0000   | 0.6808   | -600.0000 | 600.0000
182       | 29       | 0       | 0.0000   | 0.0000   | -3.6934  | -400.0000 | 200.0000
182       | 30       | 0       | 0.0000   | 0.0000   | 2.2425   | -20.0000 | 0.0000  

183       | 1        | 0       | 0.0000   | 0.0000   | -2.6268  | -600.0000 | 600.0000
183       | 2        | 0       | 0.0000   | 0.0000   | -3.2285  | -400.0000 | 200.0000
183       | 3        | 0       | 0.0000   | 0.0000   | -1.8935  | -20.0000 | 0.0000  
183       | 4        | 0       | 92.7348  | 92.7348  | 1.2113   | -600.0000 | 600.0000
183       | 5        | 0       | 119.3463 | 119.3463 | -1.1178  | -400.0000 | 200.0000
183       | 6        | 0       | -0.3852  | -0.3852  | -1.4665  | -20.0000 | 0.0000  
183       | 7        | 1       | -111.0313 | -110.6078 | 0.4234   | -600.0000 | 600.0000
183       | 8        | 1       | 96.5114  | 97.0639  | 0.5526   | -400.0000 | 200.0000
183       | 9        | 0       | -4.7094  | -4.7094  | 1.9338   | -20.0000 | 0.0000  
183       | 10       | 1       | 88.2347  | 89.0584  | 0.8237   | -600.0000 | 600.0000
183       | 11       | 0       | 171.9481 | 171.9481 | -3.7321  | -400.0000 | 200.0000
183       | 12       | 0       | -15.9905 | -15.9905 | -3.4992  | -20.0000 | 0.0000  
183       | 13       | 0       | -19.7452 | -19.7452 | -3.9645  | -600.0000 | 600.0000
183       | 14       | 1       | 80.4673  | 80.3011  | -0.1663  | -400.0000 | 200.0000
183       | 15       | 0       | -7.9250  | -7.9250  | 2.2672   | -20.0000 | 0.0000  
183       | 16       | 0       | 108.6458 | 108.6458 | 4.2770   | -600.0000 | 600.0000
183       | 17       | 0       | -32.0250 | -32.0250 | -3.9542  | -400.0000 | 200.0000
183       | 18       | 0       | -7.2462  | -7.2462  | 1.2295   | -20.0000 | 0.0000  
183       | 19       | 0       | -213.8682 | -213.8682 | 1.0680   | -600.0000 | 600.0000
183       | 20       | 0       | -271.0507 | -271.0507 | -3.7176  | -400.0000 | 200.0000
183       | 21       | 0       | -12.9896 | -12.9896 | 1.4574   | -20.0000 | 0.0000  
183       | 22       | 1       | -153.7501 | -150.3682 | 3.3819   | -600.0000 | 600.0000
183       | 23       | 0       | -360.4488 | -360.4488 | 2.4750   | -400.0000 | 200.0000
183       | 24       | 0       | -12.6085 | -12.6085 | 0.0389   | -20.0000 | 0.0000  
183       | 25       | 0       | -27.7878 | -27.7878 | 1.7136   | -600.0000 | 600.0000
183       | 26       | 0       | 12.6332  | 12.6332  | -5.3582  | -400.0000 | 200.0000
183       | 27       | 0       | -5.5459  | -5.5459  | -0.6709  | -20.0000 | 0.0000  
183       | 28       | 0       | 0.0000   | 0.0000   | 1.0974   | -600.0000 | 600.0000
183       | 29       | 0       | 0.0000   | 0.0000   | 2.2762   | -400.0000 | 200.0000
183       | 30       | 0       | 0.0000   | 0.0000   | 0.2206   | -20.0000 | 0.0000  

184       | 1        | 0       | 0.0000   | 0.0000   | -4.9717  | -600.0000 | 600.0000
184       | 2        | 0       | 0.0000   | 0.0000   | 2.4425   | -400.0000 | 200.0000
184       | 3        | 0       | 0.0000   | 0.0000   | -2.8334  | -20.0000 | 0.0000  
184       | 4        | 1       | 347.0055 | 346.9133 | -0.0922  | -600.0000 | 600.0000
184       | 5        | 0       | -100.9347 | -100.9347 | -0.4667  | -400.0000 | 200.0000
184       | 6        | 1       | -18.2616 | -18.1501 | 0.1115   | -20.0000 | 0.0000  
184       | 7        | 0       | 43.2542  | 43.2542  | 0.0922   | -600.0000 | 600.0000
184       | 8        | 0       | -50.7059 | -50.7059 | 1.0312   | -400.0000 | 200.0000
184       | 9        | 0       | -5.0912  | -5.0912  | 2.5291   | -20.0000 | 0.0000  
184       | 10       | 0       | -82.0085 | -82.0085 | 2.6784   | -600.0000 | 600.0000
184       | 11       | 0       | -326.3986 | -326.3986 | 4.5325   | -400.0000 | 200.0000
184       | 12       | 0       | -14.3245 | -14.3245 | 1.8166   | -20.0000 | 0.0000  
184       | 13       | 0       | -165.0286 | -165.0286 | 0.8265   | -600.0000 | 600.0000
184       | 14       | 1       | -12.4497 | -12.5033 | -0.0537  | -400.0000 | 200.0000
184       | 15       | 0       | -8.5844  | -8.5844  | -0.9566  | -20.0000 | 0.0000  
184       | 16       | 0       | -281.6086 | -281.6086 | -2.5230  | -600.0000 | 600.0000
184       | 17       | 0       | -41.0091 | -41.0091 | 0.6545   | -400.0000 | 200.0000
184       | 18       | 0       | -13.9712 | -13.9712 | 0.6552   | -20.0000 | 0.0000  
184       | 19       | 0       | 259.1778 | 259.1778 | -0.6497  | -600.0000 | 600.0000
184       | 20       | 0       | 55.4032  | 55.4032  | -1.5238  | -400.0000 | 200.0000
184       | 21       | 1       | -17.9497 | -11.6294 | 6.3203   | -20.0000 | 0.0000  
184       | 22       | 0       | 143.0073 | 143.0073 | 0.1465   | -600.0000 | 600.0000
184       | 23       | 0       | -288.0160 | -288.0160 | 2.6070   | -400.0000 | 200.0000
184       | 24       | 1       | -20.0000 | -20.0000 | -2.0586  | -20.0000 | 0.0000  
184       | 25       | 0       | -42.9138 | -42.9138 | 0.4229   | -600.0000 | 600.0000
184       | 26       | 0       | 36.1658  | 36.1658  | -1.6701  | -400.0000 | 200.0000
184       | 27       | 0       | -6.8654  | -6.8654  | -2.0895  | -20.0000 | 0.0000  
184       | 28       | 0       | 0.0000   | 0.0000   | 1.3924   | -600.0000 | 600.0000
184       | 29       | 0       | 0.0000   | 0.0000   | -0.1085  | -400.0000 | 200.0000
184       | 30       | 0       | 0.0000   | 0.0000   | -0.5395  | -20.0000 | 0.0000  

185       | 1        | 0       | 0.0000   | 0.0000   | 1.2978   | -600.0000 | 600.0000
185       | 2        | 0       | 0.0000   | 0.0000   | -0.0800  | -400.0000 | 200.0000
185       | 3        | 0       | 0.0000   | 0.0000   | -0.5178  | -20.0000 | 0.0000  
185       | 4        | 0       | 0.4313   | 0.4313   | 0.4783   | -600.0000 | 600.0000
185       | 5        | 0       | 14.1310  | 14.1310  | -0.6675  | -400.0000 | 200.0000
185       | 6        | 0       | -7.2816  | -7.2816  | 0.7627   | -20.0000 | 0.0000  
185       | 7        | 0       | 151.6421 | 151.6421 | -4.3769  | -600.0000 | 600.0000
185       | 8        | 0       | -52.6837 | -52.6837 | -4.0955  | -400.0000 | 200.0000
185       | 9        | 0       | -0.8962  | -0.8962  | -1.7555  | -20.0000 | 0.0000  
185       | 10       | 0       | 487.3045 | 487.3045 | 3.6704   | -600.0000 | 600.0000
185       | 11       | 0       | -391.1709 | -391.1709 | 1.0188   | -400.0000 | 200.0000
185       | 12       | 1       | -7.1549  | -7.2905  | -0.1357  | -20.0000 | 0.0000  
185       | 13       | 0       | -538.9377 | -538.9377 | -1.3323  | -600.0000 | 600.0000
185       | 14       | 0       | -70.6848 | -70.6848 | -3.0499  | -400.0000 | 200.0000
185       | 15       | 1       | -14.2473 | -13.9174 | 0.3299   | -20.0000 | 0.0000  
185       | 16       | 1       | -231.8360 | -232.5490 | -0.7130  | -600.0000 | 600.0000
185       | 17       | 0       | -188.6884 | -188.6884 | 0.2224   | -400.0000 | 200.0000
185       | 18       | 0       | -7.5742  | -7.5742  | -0.2672  | -20.0000 | 0.0000  
185       | 19       | 1       | 334.9231 | 336.0557 | 1.1326   | -600.0000 | 600.0000
185       | 20       | 1       | -34.1815 | -34.0937 | 0.0879   | -400.0000 | 200.0000
185       | 21       | 0       | -6.0072  | -6.0072  | -0.5703  | -20.0000 | 0.0000  
185       | 22       | 0       | 404.9863 | 404.9863 | 1.9529   | -600.0000 | 600.0000
185       | 23       | 0       | 81.6866  | 81.6866  | 0.1488   | -400.0000 | 200.0000
185       | 24       | 1       | -0.7816  | -0.7954  | -0.0138  | -20.0000 | 0.0000  
185       | 25       | 0       | -84.1309 | -84.1309 | 0.6368   | -600.0000 | 600.0000
185       | 26       | 0       | 13.9884  | 13.9884  | 2.7717   | -400.0000 | 200.0000
185       | 27       | 0       | -13.2731 | -13.2731 | 4.6085   | -20.0000 | 0.0000  
185       | 28       | 0       | 0.0000   | 0.0000   | -1.0204  | -600.0000 | 600.0000
185       | 29       | 0       | 0.0000   | 0.0000   | 2.2335   | -400.0000 | 200.0000
185       | 30       | 0       | 0.0000   | 0.0000   | 0.6529   | -20.0000 | 0.0000  

186       | 1        | 0       | 0.0000   | 0.0000   | -1.0290  | -600.0000 | 600.0000
186       | 2        | 0       | 0.0000   | 0.0000   | -2.2078  | -400.0000 | 200.0000
186       | 3        | 0       | 0.0000   | 0.0000   | 0.8205   | -20.0000 | 0.0000  
186       | 4        | 0       | 0.4313   | 0.4313   | 0.8607   | -600.0000 | 600.0000
186       | 5        | 1       | 14.5304  | 15.2217  | 0.6913   | -400.0000 | 200.0000
186       | 6        | 1       | -6.0573  | -10.6690 | -4.6117  | -20.0000 | 0.0000  
186       | 7        | 0       | 176.9190 | 176.9190 | 0.9594   | -600.0000 | 600.0000
186       | 8        | 0       | -232.7184 | -232.7184 | 2.1417   | -400.0000 | 200.0000
186       | 9        | 0       | -19.8934 | -19.8934 | -0.8863  | -20.0000 | 0.0000  
186       | 10       | 1       | 163.1284 | 161.9151 | -1.2133  | -600.0000 | 600.0000
186       | 11       | 0       | -40.4187 | -40.4187 | -0.1002  | -400.0000 | 200.0000
186       | 12       | 1       | -18.1214 | -14.8329 | 3.2885   | -20.0000 | 0.0000  
186       | 13       | 0       | 246.1670 | 246.1670 | -0.5537  | -600.0000 | 600.0000
186       | 14       | 0       | -127.3790 | -127.3790 | 0.1145   | -400.0000 | 200.0000
186       | 15       | 1       | -6.6448  | -6.7287  | -0.0839  | -20.0000 | 0.0000  
186       | 16       | 0       | 404.8405 | 404.8405 | -1.2258  | -600.0000 | 600.0000
186       | 17       | 0       | -299.5001 | -299.5001 | -1.3957  | -400.0000 | 200.0000
186       | 18       | 1       | -20.0000 | -20.0000 | -2.4934  | -20.0000 | 0.0000  
186       | 19       | 0       | 334.9231 | 334.9231 | 2.2104   | -600.0000 | 600.0000
186       | 20       | 1       | -30.5842 | -29.1593 | 1.4249   | -400.0000 | 200.0000
186       | 21       | 0       | -8.0763  | -8.0763  | 2.4162   | -20.0000 | 0.0000  
186       | 22       | 0       | 403.8566 | 403.8566 | 0.8352   | -600.0000 | 600.0000
186       | 23       | 0       | 81.6866  | 81.6866  | -1.9057  | -400.0000 | 200.0000
186       | 24       | 1       | -0.7816  | 0.0000   | 2.4871   | -20.0000 | 0.0000  
186       | 25       | 0       | 42.6186  | 42.6186  | 0.4800   | -600.0000 | 600.0000
186       | 26       | 0       | -106.6701 | -106.6701 | 1.2670   | -400.0000 | 200.0000
186       | 27       | 1       | -16.2653 | -15.7302 | 0.5351   | -20.0000 | 0.0000  
186       | 28       | 0       | 0.0000   | 0.0000   | -0.7114  | -600.0000 | 600.0000
186       | 29       | 0       | 0.0000   | 0.0000   | -0.5975  | -400.0000 | 200.0000
186       | 30       | 0       | 0.0000   | 0.0000   | 1.6548   | -20.0000 | 0.0000  

187       | 1        | 0       | 0.0000   | 0.0000   | 2.0769   | -600.0000 | 600.0000
187       | 2        | 0       | 0.0000   | 0.0000   | 1.6062   | -400.0000 | 200.0000
187       | 3        | 0       | 0.0000   | 0.0000   | 0.4274   | -20.0000 | 0.0000  
187       | 4        | 0       | -187.9360 | -187.9360 | -1.2422  | -600.0000 | 600.0000
187       | 5        | 1       | 100.7431 | 103.0502 | 2.3072   | -400.0000 | 200.0000
187       | 6        | 1       | -1.2903  | -0.0706  | 1.2197   | -20.0000 | 0.0000  
187       | 7        | 0       | -377.1203 | -377.1203 | -1.2667  | -600.0000 | 600.0000
187       | 8        | 0       | -174.6900 | -174.6900 | 1.2030   | -400.0000 | 200.0000
187       | 9        | 0       | 0.0000   | 0.0000   | -1.0064  | -20.0000 | 0.0000  
187       | 10       | 0       | -525.8298 | -525.8298 | 1.7892   | -600.0000 | 600.0000
187       | 11       | 0       | -342.7792 | -342.7792 | 5.3411   | -400.0000 | 200.0000
187       | 12       | 1       | -15.7229 | -12.9310 | 2.7919   | -20.0000 | 0.0000  
187       | 13       | 0       | 114.2554 | 114.2554 | 3.0395   | -600.0000 | 600.0000
187       | 14       | 1       | -309.7166 | -310.0559 | -0.3393  | -400.0000 | 200.0000
187       | 15       | 1       | -1.9637  | -1.7863  | 0.1775   | -20.0000 | 0.0000  
187       | 16       | 1       | -63.9426 | -57.1026 | 6.8400   | -600.0000 | 600.0000
187       | 17       | 1       | -99.0892 | -100.8801 | -1.7909  | -400.0000 | 200.0000
187       | 18       | 1       | -15.0377 | -17.1806 | -2.1430  | -20.0000 | 0.0000  
187       | 19       | 0       | -80.6208 | -80.6208 | -3.0378  | -600.0000 | 600.0000
187       | 20       | 0       | -373.6600 | -373.6600 | 2.7604   | -400.0000 | 200.0000
187       | 21       | 1       | -16.6850 | -18.9697 | -2.2847  | -20.0000 | 0.0000  
187       | 22       | 1       | 304.6417 | 301.4759 | -3.1658  | -600.0000 | 600.0000
187       | 23       | 0       | -55.2103 | -55.2103 | -1.2450  | -400.0000 | 200.0000
187       | 24       | 0       | -1.9128  | -1.9128  | 0.7423   | -20.0000 | 0.0000  
187       | 25       | 0       | 190.5400 | -78.2755 | -268.8155 | -600.0000 | 600.0000
187       | 26       | 1       | 15.1426  | 17.3699  | 2.2273   | -400.0000 | 200.0000
187       | 27       | 0       | -4.0799  | -4.0799  | 0.8572   | -20.0000 | 0.0000  
187       | 28       | 0       | 0.0000   | 0.0000   | -0.5581  | -600.0000 | 600.0000
187       | 29       | 0       | 0.0000   | 0.0000   | -0.8220  | -400.0000 | 200.0000
187       | 30       | 0       | 0.0000   | 0.0000   | 1.5021   | -20.0000 | 0.0000  

188       | 1        | 0       | 0.0000   | 0.0000   | 1.2406   | -600.0000 | 600.0000
188       | 2        | 0       | 0.0000   | 0.0000   | -3.4976  | -400.0000 | 200.0000
188       | 3        | 0       | 0.0000   | 0.0000   | -2.4305  | -20.0000 | 0.0000  
188       | 4        | 1       | 0.4313   | -1.9255  | -2.3569  | -600.0000 | 600.0000
188       | 5        | 1       | 14.3237  | 16.1089  | 1.7852   | -400.0000 | 200.0000
188       | 6        | 1       | -6.0573  | -5.4932  | 0.5641   | -20.0000 | 0.0000  
188       | 7        | 0       | 178.3667 | 178.3667 | -0.4637  | -600.0000 | 600.0000
188       | 8        | 1       | -233.6458 | -231.4825 | 2.1633   | -400.0000 | 200.0000
188       | 9        | 1       | -16.8759 | -16.8964 | -0.0206  | -20.0000 | 0.0000  
188       | 10       | 1       | 163.1284 | 163.9917 | 0.8633   | -600.0000 | 600.0000
188       | 11       | 0       | -40.4187 | -40.4187 | -2.0468  | -400.0000 | 200.0000
188       | 12       | 0       | -16.4129 | -16.4129 | -3.2176  | -20.0000 | 0.0000  
188       | 13       | 0       | 247.7969 | 247.7969 | 3.8670   | -600.0000 | 600.0000
188       | 14       | 1       | -127.9178 | -128.4793 | -0.5615  | -400.0000 | 200.0000
188       | 15       | 0       | -8.5215  | -8.5215  | 1.2902   | -20.0000 | 0.0000  
188       | 16       | 0       | 407.4138 | 407.4138 | -0.9669  | -600.0000 | 600.0000
188       | 17       | 0       | -297.9748 | -297.9748 | 1.4417   | -400.0000 | 200.0000
188       | 18       | 0       | -19.6171 | -19.6171 | -0.5982  | -20.0000 | 0.0000  
188       | 19       | 0       | 336.2719 | 336.2719 | 0.3913   | -600.0000 | 600.0000
188       | 20       | 1       | -34.4748 | -32.7560 | 1.7188   | -400.0000 | 200.0000
188       | 21       | 1       | -6.0072  | -4.3468  | 1.6604   | -20.0000 | 0.0000  
188       | 22       | 1       | 447.5350 | 448.9625 | 1.4275   | -600.0000 | 600.0000
188       | 23       | 1       | 39.3349  | 40.8430  | 1.5081   | -400.0000 | 200.0000
188       | 24       | 0       | -1.8048  | -1.8048  | -0.8851  | -20.0000 | 0.0000  
188       | 25       | 0       | 42.6014  | 42.6014  | 1.8050   | -600.0000 | 600.0000
188       | 26       | 0       | -106.9026 | -106.9026 | 0.4933   | -400.0000 | 200.0000
188       | 27       | 0       | -11.9623 | -11.9623 | -0.9892  | -20.0000 | 0.0000  
188       | 28       | 0       | 0.0000   | 0.0000   | 0.9071   | -600.0000 | 600.0000
188       | 29       | 0       | 0.0000   | 0.0000   | -0.2385  | -400.0000 | 200.0000
188       | 30       | 0       | 0.0000   | 0.0000   | -0.3852  | -20.0000 | 0.0000  

189       | 1        | 0       | 0.0000   | 0.0000   | 0.1729   | -600.0000 | 600.0000
189       | 2        | 0       | 0.0000   | 0.0000   | 0.3563   | -400.0000 | 200.0000
189       | 3        | 0       | 0.0000   | 0.0000   | -4.0696  | -20.0000 | 0.0000  
189       | 4        | 1       | -249.3381 | -247.8303 | 1.5079   | -600.0000 | 600.0000
189       | 5        | 0       | 146.4621 | 146.4621 | 2.4408   | -400.0000 | 200.0000
189       | 6        | 1       | -3.6589  | -3.5292  | 0.1297   | -20.0000 | 0.0000  
189       | 7        | 0       | 367.4899 | 367.4899 | 1.1909   | -600.0000 | 600.0000
189       | 8        | 0       | -390.0016 | -390.0016 | -0.8605  | -400.0000 | 200.0000
189       | 9        | 0       | -1.1745  | -1.1745  | 1.5064   | -20.0000 | 0.0000  
189       | 10       | 1       | 306.1647 | 305.9664 | -0.1983  | -600.0000 | 600.0000
189       | 11       | 0       | -27.8143 | -27.8143 | 5.2919   | -400.0000 | 200.0000
189       | 12       | 0       | -8.6382  | -8.6382  | 2.3561   | -20.0000 | 0.0000  
189       | 13       | 1       | -344.4430 | -343.9928 | 0.4502   | -600.0000 | 600.0000
189       | 14       | 0       | -318.1771 | -318.1771 | -0.5805  | -400.0000 | 200.0000
189       | 15       | 1       | -19.7091 | -20.0000 | -0.4247  | -20.0000 | 0.0000  
189       | 16       | 0       | -177.4149 | -177.4149 | -3.9028  | -600.0000 | 600.0000
189       | 17       | 0       | -46.3868 | -46.3868 | 0.9546   | -400.0000 | 200.0000
189       | 18       | 0       | -10.9856 | -10.9856 | 5.3963   | -20.0000 | 0.0000  
189       | 19       | 0       | -213.8682 | -213.8682 | 0.7886   | -600.0000 | 600.0000
189       | 20       | 1       | -271.0507 | -271.9116 | -0.8608  | -400.0000 | 200.0000
189       | 21       | 0       | -12.9896 | -12.9896 | -1.5727  | -20.0000 | 0.0000  
189       | 22       | 1       | -153.7501 | -154.3702 | -0.6201  | -600.0000 | 600.0000
189       | 23       | 1       | -360.4488 | -360.1618 | 0.2870   | -400.0000 | 200.0000
189       | 24       | 0       | -12.6085 | -12.6085 | -2.4429  | -20.0000 | 0.0000  
189       | 25       | 1       | -42.9138 | 618.1970 | 330.5554 | -600.0000 | 600.0000
189       | 26       | 1       | 36.5068  | 36.1218  | -0.3850  | -400.0000 | 200.0000
189       | 27       | 0       | -9.1307  | -9.1307  | 1.8043   | -20.0000 | 0.0000  
189       | 28       | 0       | 0.0000   | 0.0000   | 5.1332   | -600.0000 | 600.0000
189       | 29       | 0       | 0.0000   | 0.0000   | 0.9676   | -400.0000 | 200.0000
189       | 30       | 0       | 0.0000   | 0.0000   | 2.0477   | -20.0000 | 0.0000  

190       | 1        | 0       | 0.0000   | 0.0000   | 1.7707   | -600.0000 | 600.0000
190       | 2        | 0       | 0.0000   | 0.0000   | 0.3039   | -400.0000 | 200.0000
190       | 3        | 0       | 0.0000   | 0.0000   | 0.3721   | -20.0000 | 0.0000  
190       | 4        | 0       | -69.2442 | -69.2442 | -2.2824  | -600.0000 | 600.0000
190       | 5        | 0       | -336.6012 | -336.6012 | 0.7235   | -400.0000 | 200.0000
190       | 6        | 1       | -7.1835  | -7.2258  | -0.0424  | -20.0000 | 0.0000  
190       | 7        | 0       | 558.9733 | 558.9733 | 3.6001   | -600.0000 | 600.0000
190       | 8        | 0       | -62.0853 | -62.0853 | 1.6173   | -400.0000 | 200.0000
190       | 9        | 0       | -13.0545 | -13.0545 | 4.0011   | -20.0000 | 0.0000  
190       | 10       | 0       | 321.9281 | 321.9281 | 1.9856   | -600.0000 | 600.0000
190       | 11       | 0       | -149.3399 | -149.3399 | -3.3348  | -400.0000 | 200.0000
190       | 12       | 0       | -12.9892 | -12.9892 | 3.0576   | -20.0000 | 0.0000  
190       | 13       | 1       | -82.2458 | -84.5183 | -2.2725  | -600.0000 | 600.0000
190       | 14       | 0       | -193.1516 | -193.1516 | 1.8819   | -400.0000 | 200.0000
190       | 15       | 0       | -19.6852 | -19.6852 | -1.1188  | -20.0000 | 0.0000  
190       | 16       | 0       | -172.5609 | -172.5609 | 1.4381   | -600.0000 | 600.0000
190       | 17       | 0       | -227.6566 | -227.6566 | 1.1289   | -400.0000 | 200.0000
190       | 18       | 0       | -11.6479 | -11.6479 | -0.0700  | -20.0000 | 0.0000  
190       | 19       | 0       | 83.2528  | 83.2528  | 2.9348   | -600.0000 | 600.0000
190       | 20       | 0       | -30.5503 | -30.5503 | -2.6404  | -400.0000 | 200.0000
190       | 21       | 0       | -15.9738 | -15.9738 | 1.1343   | -20.0000 | 0.0000  
190       | 22       | 0       | 447.5350 | 356.1909 | -91.3441 | -600.0000 | 600.0000
190       | 23       | 0       | 39.3349  | 39.3349  | -0.5777  | -400.0000 | 200.0000
190       | 24       | 0       | -1.8048  | -1.8048  | 0.8290   | -20.0000 | 0.0000  
190       | 25       | 0       | 187.9387 | 187.9387 | 2.1566   | -600.0000 | 600.0000
190       | 26       | 1       | 14.1549  | 14.1569  | 0.0020   | -400.0000 | 200.0000
190       | 27       | 0       | -3.0161  | -3.0161  | 0.1338   | -20.0000 | 0.0000  
190       | 28       | 0       | 0.0000   | 0.0000   | -1.0008  | -600.0000 | 600.0000
190       | 29       | 0       | 0.0000   | 0.0000   | -0.4929  | -400.0000 | 200.0000
190       | 30       | 0       | 0.0000   | 0.0000   | -0.7318  | -20.0000 | 0.0000  

191       | 1        | 0       | 0.0000   | 0.0000   | -0.6817  | -600.0000 | 600.0000
191       | 2        | 0       | 0.0000   | 0.0000   | 0.2105   | -400.0000 | 200.0000
191       | 3        | 0       | 0.0000   | 0.0000   | -0.6676  | -20.0000 | 0.0000  
191       | 4        | 0       | 349.0930 | 349.0930 | 1.0943   | -600.0000 | 600.0000
191       | 5        | 0       | -100.9347 | -100.9347 | 2.9586   | -400.0000 | 200.0000
191       | 6        | 0       | -18.2616 | -18.2616 | 0.6472   | -20.0000 | 0.0000  
191       | 7        | 0       | 153.0066 | 153.0066 | -1.1084  | -600.0000 | 600.0000
191       | 8        | 1       | 124.2063 | 119.5192 | -4.6870  | -400.0000 | 200.0000
191       | 9        | 0       | -0.3183  | -0.3183  | 0.4163   | -20.0000 | 0.0000  
191       | 10       | 0       | 321.9281 | 321.9281 | 0.2025   | -600.0000 | 600.0000
191       | 11       | 1       | -149.3399 | -147.5362 | 1.8037   | -400.0000 | 200.0000
191       | 12       | 0       | -12.9892 | -12.9892 | 0.4507   | -20.0000 | 0.0000  
191       | 13       | 0       | 38.5362  | 38.5362  | -0.0031  | -600.0000 | 600.0000
191       | 14       | 1       | -335.6968 | -338.3215 | -2.6248  | -400.0000 | 200.0000
191       | 15       | 1       | -11.0518 | -12.7478 | -1.6960  | -20.0000 | 0.0000  
191       | 16       | 0       | 39.1407  | 39.1407  | -2.4916  | -600.0000 | 600.0000
191       | 17       | 0       | -254.5177 | -254.5177 | 0.5135   | -400.0000 | 200.0000
191       | 18       | 0       | -14.6151 | -14.6151 | 1.6307   | -20.0000 | 0.0000  
191       | 19       | 0       | 257.2274 | 257.2274 | -0.2717  | -600.0000 | 600.0000
191       | 20       | 1       | 60.5153  | 63.2228  | 2.7075   | -400.0000 | 200.0000
191       | 21       | 0       | -14.1679 | -14.1679 | 1.8511   | -20.0000 | 0.0000  
191       | 22       | 0       | 16.6254  | 16.6254  | -0.3028  | -600.0000 | 600.0000
191       | 23       | 1       | -94.6657 | -90.8709 | 3.7948   | -400.0000 | 200.0000
191       | 24       | 1       | -12.6144 | -14.0718 | -1.4574  | -20.0000 | 0.0000  
191       | 25       | 0       | 515.2295 | 515.2295 | 1.4027   | -600.0000 | 600.0000
191       | 26       | 0       | 96.5038  | 96.5038  | 0.8727   | -400.0000 | 200.0000
191       | 27       | 0       | -8.9821  | -8.9821  | -0.6546  | -20.0000 | 0.0000  
191       | 28       | 0       | 0.0000   | 0.0000   | 0.9118   | -600.0000 | 600.0000
191       | 29       | 0       | 0.0000   | 0.0000   | 1.1074   | -400.0000 | 200.0000
191       | 30       | 0       | 0.0000   | 0.0000   | 2.5814   | -20.0000 | 0.0000  

192       | 1        | 0       | 0.0000   | 0.0000   | 0.0791   | -600.0000 | 600.0000
192       | 2        | 0       | 0.0000   | 0.0000   | -2.7350  | -400.0000 | 200.0000
192       | 3        | 0       | 0.0000   | 0.0000   | 0.7270   | -20.0000 | 0.0000  
192       | 4        | 0       | 351.3097 | 351.3097 | 1.7724   | -600.0000 | 600.0000
192       | 5        | 0       | -358.5725 | -358.5725 | 0.3188   | -400.0000 | 200.0000
192       | 6        | 1       | -10.5149 | -11.7791 | -1.2642  | -20.0000 | 0.0000  
192       | 7        | 1       | -115.8206 | -119.8708 | -4.0502  | -600.0000 | 600.0000
192       | 8        | 1       | -319.5909 | -318.7429 | 0.8480   | -400.0000 | 200.0000
192       | 9        | 1       | -19.4243 | -18.6025 | 0.8219   | -20.0000 | 0.0000  
192       | 10       | 0       | 302.4742 | 302.4742 | 0.9143   | -600.0000 | 600.0000
192       | 11       | 0       | -27.8143 | -27.8143 | -2.1373  | -400.0000 | 200.0000
192       | 12       | 0       | -5.9184  | -5.9184  | 0.1236   | -20.0000 | 0.0000  
192       | 13       | 0       | 114.2554 | 114.2554 | -0.2849  | -600.0000 | 600.0000
192       | 14       | 0       | -309.7166 | -309.7166 | -0.1899  | -400.0000 | 200.0000
192       | 15       | 0       | -1.9637  | -1.9637  | -2.5797  | -20.0000 | 0.0000  
192       | 16       | 1       | -63.9426 | -62.8039 | 1.1387   | -600.0000 | 600.0000
192       | 17       | 1       | -99.0892 | -93.7815 | 5.3077   | -400.0000 | 200.0000
192       | 18       | 0       | -15.0377 | -15.0377 | -1.0837  | -20.0000 | 0.0000  
192       | 19       | 1       | -80.6208 | -79.9646 | 0.6562   | -600.0000 | 600.0000
192       | 20       | 0       | -373.6600 | -373.6600 | 1.5190   | -400.0000 | 200.0000
192       | 21       | 1       | -16.6850 | -20.0000 | -4.1190  | -20.0000 | 0.0000  
192       | 22       | 1       | 304.6417 | 301.7110 | -2.9307  | -600.0000 | 600.0000
192       | 23       | 0       | -55.2103 | -55.2103 | 4.1682   | -400.0000 | 200.0000
192       | 24       | 0       | -1.9128  | -1.9128  | -1.6898  | -20.0000 | 0.0000  
192       | 25       | 1       | 9.3661   | 10.5149  | 1.1488   | -600.0000 | 600.0000
192       | 26       | 0       | -148.4370 | -148.4370 | -0.2054  | -400.0000 | 200.0000
192       | 27       | 0       | -19.6375 | -19.6375 | 2.2424   | -20.0000 | 0.0000  
192       | 28       | 0       | 0.0000   | 0.0000   | -1.2770  | -600.0000 | 600.0000
192       | 29       | 0       | 0.0000   | 0.0000   | -1.1925  | -400.0000 | 200.0000
192       | 30       | 0       | 0.0000   | 0.0000   | -1.3485  | -20.0000 | 0.0000  

193       | 1        | 0       | 0.0000   | 0.0000   | -3.7720  | -600.0000 | 600.0000
193       | 2        | 0       | 0.0000   | 0.0000   | -0.0696  | -400.0000 | 200.0000
193       | 3        | 0       | 0.0000   | 0.0000   | 0.1843   | -20.0000 | 0.0000  
193       | 4        | 1       | 0.4313   | 2.9956   | 2.5642   | -600.0000 | 600.0000
193       | 5        | 0       | 14.5415  | 14.5415  | -1.8918  | -400.0000 | 200.0000
193       | 6        | 1       | -6.0573  | -6.9395  | -0.8822  | -20.0000 | 0.0000  
193       | 7        | 0       | 180.2448 | 180.2448 | 1.8961   | -600.0000 | 600.0000
193       | 8        | 0       | -234.8271 | -234.8271 | 0.6152   | -400.0000 | 200.0000
193       | 9        | 1       | -16.8759 | -16.4775 | 0.3984   | -20.0000 | 0.0000  
193       | 10       | 1       | 163.1284 | 162.9014 | -0.2270  | -600.0000 | 600.0000
193       | 11       | 0       | -40.4187 | -40.4187 | 1.4154   | -400.0000 | 200.0000
193       | 12       | 0       | -16.4129 | -16.4129 | 0.3728   | -20.0000 | 0.0000  
193       | 13       | 0       | 246.1670 | 246.1670 | 1.0849   | -600.0000 | 600.0000
193       | 14       | 1       | -126.8968 | -130.3081 | -3.4113  | -400.0000 | 200.0000
193       | 15       | 0       | -6.6448  | -6.6448  | -0.0899  | -20.0000 | 0.0000  
193       | 16       | 0       | 375.3595 | 375.3595 | -2.8490  | -600.0000 | 600.0000
193       | 17       | 1       | 168.3491 | 165.9357 | -2.4134  | -400.0000 | 200.0000
193       | 18       | 0       | -0.2800  | -0.2800  | -0.4078  | -20.0000 | 0.0000  
193       | 19       | 0       | 304.0538 | 304.0538 | 1.2079   | -600.0000 | 600.0000
193       | 20       | 0       | -174.2442 | -174.2442 | 0.2258   | -400.0000 | 200.0000
193       | 21       | 1       | -18.3300 | -20.0000 | -2.6039  | -20.0000 | 0.0000  
193       | 22       | 0       | 405.7860 | 405.7860 | -1.0690  | -600.0000 | 600.0000
193       | 23       | 0       | 81.6866  | 81.6866  | -0.3278  | -400.0000 | 200.0000
193       | 24       | 0       | -0.7816  | -0.7816  | 1.3405   | -20.0000 | 0.0000  
193       | 25       | 0       | -84.1309 | -84.1309 | 0.3100   | -600.0000 | 600.0000
193       | 26       | 0       | 13.9884  | 13.9884  | 1.3478   | -400.0000 | 200.0000
193       | 27       | 1       | -13.2731 | -11.6379 | 1.6352   | -20.0000 | 0.0000  
193       | 28       | 0       | 0.0000   | 0.0000   | 2.3347   | -600.0000 | 600.0000
193       | 29       | 0       | 0.0000   | 0.0000   | 0.7811   | -400.0000 | 200.0000
193       | 30       | 0       | 0.0000   | 0.0000   | 1.7487   | -20.0000 | 0.0000  

194       | 1        | 0       | 0.0000   | 0.0000   | -0.0839  | -600.0000 | 600.0000
194       | 2        | 0       | 0.0000   | 0.0000   | -1.0041  | -400.0000 | 200.0000
194       | 3        | 0       | 0.0000   | 0.0000   | 2.2807   | -20.0000 | 0.0000  
194       | 4        | 0       | 141.8617 | 141.8617 | -0.0201  | -600.0000 | 600.0000
194       | 5        | 1       | -339.3264 | -337.0875 | 2.2389   | -400.0000 | 200.0000
194       | 6        | 0       | -20.0000 | -20.0000 | -2.4206  | -20.0000 | 0.0000  
194       | 7        | 0       | 241.1630 | 241.1630 | -0.6280  | -600.0000 | 600.0000
194       | 8        | 0       | -356.3422 | -356.3422 | -2.1907  | -400.0000 | 200.0000
194       | 9        | 0       | -3.5628  | -3.5628  | 0.4209   | -20.0000 | 0.0000  
194       | 10       | 0       | 247.9981 | 247.9981 | 1.0523   | -600.0000 | 600.0000
194       | 11       | 0       | -351.1907 | -351.1907 | -1.9788  | -400.0000 | 200.0000
194       | 12       | 0       | -15.9017 | -15.9017 | 0.5070   | -20.0000 | 0.0000  
194       | 13       | 0       | -67.3357 | -67.3357 | -0.8231  | -600.0000 | 600.0000
194       | 14       | 0       | -324.4269 | -324.4269 | -1.6937  | -400.0000 | 200.0000
194       | 15       | 1       | -0.4170  | -2.1831  | -1.7662  | -20.0000 | 0.0000  
194       | 16       | 0       | 375.3595 | 375.3595 | -1.0326  | -600.0000 | 600.0000
194       | 17       | 1       | 168.3491 | 164.8563 | -3.4928  | -400.0000 | 200.0000
194       | 18       | 1       | -1.0647  | -1.8659  | -0.8012  | -20.0000 | 0.0000  
194       | 19       | 0       | 303.4353 | 303.4353 | -2.2915  | -600.0000 | 600.0000
194       | 20       | 0       | -174.7188 | -174.7188 | 0.0582   | -400.0000 | 200.0000
194       | 21       | 0       | -18.3300 | -18.3300 | 1.0278   | -20.0000 | 0.0000  
194       | 22       | 1       | 332.5763 | 331.8872 | -0.6891  | -600.0000 | 600.0000
194       | 23       | 0       | -65.0770 | -65.0770 | -0.6334  | -400.0000 | 200.0000
194       | 24       | 0       | -11.5156 | -11.5156 | 3.3592   | -20.0000 | 0.0000  
194       | 25       | 1       | -42.9138 | -46.2187 | -3.3050  | -600.0000 | 600.0000
194       | 26       | 1       | 36.2904  | 37.4839  | 1.1935   | -400.0000 | 200.0000
194       | 27       | 1       | -10.7888 | -8.1082  | 2.6806   | -20.0000 | 0.0000  
194       | 28       | 0       | 0.0000   | 0.0000   | 0.4148   | -600.0000 | 600.0000
194       | 29       | 0       | 0.0000   | 0.0000   | 1.9357   | -400.0000 | 200.0000
194       | 30       | 0       | 0.0000   | 0.0000   | -1.2787  | -20.0000 | 0.0000  

195       | 1        | 0       | 0.0000   | 0.0000   | 1.1308   | -600.0000 | 600.0000
195       | 2        | 0       | 0.0000   | 0.0000   | -0.5949  | -400.0000 | 200.0000
195       | 3        | 0       | 0.0000   | 0.0000   | 0.4345   | -20.0000 | 0.0000  
195       | 4        | 0       | 92.7348  | 92.7348  | 1.6381   | -600.0000 | 600.0000
195       | 5        | 1       | 119.3463 | 118.1966 | -1.1497  | -400.0000 | 200.0000
195       | 6        | 0       | -0.9139  | -0.9139  | 4.0094   | -20.0000 | 0.0000  
195       | 7        | 0       | 151.0364 | 151.0364 | -4.1318  | -600.0000 | 600.0000
195       | 8        | 0       | 123.1274 | 123.1274 | -0.1760  | -400.0000 | 200.0000
195       | 9        | 0       | -0.3183  | -0.3183  | 0.0710   | -20.0000 | 0.0000  
195       | 10       | 1       | 163.1284 | 164.8345 | 1.7061   | -600.0000 | 600.0000
195       | 11       | 0       | -41.8856 | -41.8856 | 1.1177   | -400.0000 | 200.0000
195       | 12       | 0       | -16.4129 | -16.4129 | 2.4243   | -20.0000 | 0.0000  
195       | 13       | 0       | 246.1670 | 246.1670 | -0.5871  | -600.0000 | 600.0000
195       | 14       | 0       | -128.2984 | -128.2984 | -3.4698  | -400.0000 | 200.0000
195       | 15       | 0       | -6.6448  | -6.6448  | 2.7382   | -20.0000 | 0.0000  
195       | 16       | 0       | -79.8333 | -79.8333 | -0.2284  | -600.0000 | 600.0000
195       | 17       | 0       | 198.3094 | 198.3094 | -2.4856  | -400.0000 | 200.0000
195       | 18       | 0       | -8.8188  | -8.8188  | -1.5203  | -20.0000 | 0.0000  
195       | 19       | 0       | -214.6054 | -214.6054 | -0.4470  | -600.0000 | 600.0000
195       | 20       | 1       | -271.0507 | -271.2235 | -0.1728  | -400.0000 | 200.0000
195       | 21       | 1       | -12.9896 | -13.5508 | -0.5612  | -20.0000 | 0.0000  
195       | 22       | 0       | -152.9601 | -152.9601 | -4.0477  | -600.0000 | 600.0000
195       | 23       | 0       | -358.7718 | -358.7718 | -0.2678  | -400.0000 | 200.0000
195       | 24       | 1       | -14.1549 | -13.9476 | 0.2073   | -20.0000 | 0.0000  
195       | 25       | 0       | -79.2607 | -79.2607 | -0.3072  | -600.0000 | 600.0000
195       | 26       | 0       | 13.9884  | 13.9884  | -0.8655  | -400.0000 | 200.0000
195       | 27       | 0       | -13.2731 | -13.2731 | -0.9032  | -20.0000 | 0.0000  
195       | 28       | 0       | 0.0000   | 0.0000   | -2.1650  | -600.0000 | 600.0000
195       | 29       | 0       | 0.0000   | 0.0000   | -1.8271  | -400.0000 | 200.0000
195       | 30       | 0       | 0.0000   | 0.0000   | 2.0053   | -20.0000 | 0.0000  

196       | 1        | 0       | 0.0000   | 0.0000   | -0.2805  | -600.0000 | 600.0000
196       | 2        | 0       | 0.0000   | 0.0000   | 4.6800   | -400.0000 | 200.0000
196       | 3        | 0       | 0.0000   | 0.0000   | -0.8038  | -20.0000 | 0.0000  
196       | 4        | 1       | 206.0662 | 208.0015 | 1.9353   | -600.0000 | 600.0000
196       | 5        | 0       | -162.3994 | -162.3994 | -0.1647  | -400.0000 | 200.0000
196       | 6        | 0       | -18.7656 | -18.7656 | 4.7165   | -20.0000 | 0.0000  
196       | 7        | 0       | 98.3698  | 98.3698  | -0.4379  | -600.0000 | 600.0000
196       | 8        | 1       | -159.1229 | -160.4183 | -1.2954  | -400.0000 | 200.0000
196       | 9        | 0       | -13.2383 | -13.2383 | -0.7019  | -20.0000 | 0.0000  
196       | 10       | 1       | -85.5274 | -88.0978 | -2.5704  | -600.0000 | 600.0000
196       | 11       | 0       | -323.5525 | -323.5525 | -1.5797  | -400.0000 | 200.0000
196       | 12       | 0       | -14.3245 | -14.3245 | 0.5042   | -20.0000 | 0.0000  
196       | 13       | 0       | -164.3012 | -164.3012 | 1.0205   | -600.0000 | 600.0000
196       | 14       | 0       | -13.9419 | -13.9419 | 1.8325   | -400.0000 | 200.0000
196       | 15       | 0       | -7.2376  | -7.2376  | -4.1113  | -20.0000 | 0.0000  
196       | 16       | 1       | -79.8333 | -79.0262 | 0.8071   | -600.0000 | 600.0000
196       | 17       | 0       | 196.5823 | 196.5823 | 1.6864   | -400.0000 | 200.0000
196       | 18       | 1       | -8.8188  | -9.0784  | -0.2596  | -20.0000 | 0.0000  
196       | 19       | 0       | -79.1931 | -79.1931 | -0.0409  | -600.0000 | 600.0000
196       | 20       | 0       | 140.1170 | 140.1170 | -0.4547  | -400.0000 | 200.0000
196       | 21       | 0       | -9.3414  | -9.3414  | 2.4300   | -20.0000 | 0.0000  
196       | 22       | 0       | 16.7874  | 16.7874  | 1.6109   | -600.0000 | 600.0000
196       | 23       | 0       | 70.1918  | 70.1918  | 3.9206   | -400.0000 | 200.0000
196       | 24       | 0       | -11.7295 | -11.7295 | 1.5938   | -20.0000 | 0.0000  
196       | 25       | 0       | 146.5040 | 146.5040 | -3.6652  | -600.0000 | 600.0000
196       | 26       | 0       | 117.4182 | 117.4182 | 3.4541   | -400.0000 | 200.0000
196       | 27       | 1       | -1.0096  | -0.2398  | 0.7698   | -20.0000 | 0.0000  
196       | 28       | 0       | 0.0000   | 0.0000   | 2.6836   | -600.0000 | 600.0000
196       | 29       | 0       | 0.0000   | 0.0000   | -0.5405  | -400.0000 | 200.0000
196       | 30       | 0       | 0.0000   | 0.0000   | -0.6571  | -20.0000 | 0.0000  

197       | 1        | 0       | 0.0000   | 0.0000   | -1.2608  | -600.0000 | 600.0000
197       | 2        | 0       | 0.0000   | 0.0000   | 2.2394   | -400.0000 | 200.0000
197       | 3        | 0       | 0.0000   | 0.0000   | 2.9838   | -20.0000 | 0.0000  
197       | 4        | 0       | 0.4313   | 0.4313   | -1.9665  | -600.0000 | 600.0000
197       | 5        | 1       | 14.5304  | 17.3928  | 2.8624   | -400.0000 | 200.0000
197       | 6        | 0       | -6.0573  | -6.0573  | -2.4676  | -20.0000 | 0.0000  
197       | 7        | 0       | 178.3667 | 178.3667 | -3.3055  | -600.0000 | 600.0000
197       | 8        | 1       | -234.8271 | -238.0888 | -3.2617  | -400.0000 | 200.0000
197       | 9        | 1       | -16.8759 | -20.0000 | -4.3350  | -20.0000 | 0.0000  
197       | 10       | 0       | 163.1284 | 163.1284 | 1.2841   | -600.0000 | 600.0000
197       | 11       | 1       | -40.4187 | -44.2542 | -3.8355  | -400.0000 | 200.0000
197       | 12       | 1       | -16.4129 | -17.6000 | -1.1871  | -20.0000 | 0.0000  
197       | 13       | 0       | 246.1670 | 246.1670 | 0.8974   | -600.0000 | 600.0000
197       | 14       | 0       | -126.8968 | -126.8968 | -1.6334  | -400.0000 | 200.0000
197       | 15       | 0       | -6.6448  | -6.6448  | -0.8973  | -20.0000 | 0.0000  
197       | 16       | 1       | 404.8405 | 407.5794 | 2.7389   | -600.0000 | 600.0000
197       | 17       | 1       | -298.1629 | -297.4010 | 0.7619   | -400.0000 | 200.0000
197       | 18       | 1       | -19.6171 | -17.9945 | 1.6226   | -20.0000 | 0.0000  
197       | 19       | 1       | -214.6054 | -217.8161 | -3.2107  | -600.0000 | 600.0000
197       | 20       | 1       | -271.0507 | -269.2000 | 1.8507   | -400.0000 | 200.0000
197       | 21       | 1       | -12.9896 | -11.0601 | 1.9295   | -20.0000 | 0.0000  
197       | 22       | 0       | -152.9601 | -152.9601 | -1.7438  | -600.0000 | 600.0000
197       | 23       | 0       | -358.7718 | -358.7718 | -2.2751  | -400.0000 | 200.0000
197       | 24       | 0       | -12.6085 | -12.6085 | -2.4397  | -20.0000 | 0.0000  
197       | 25       | 0       | 43.1221  | 43.1221  | -0.5944  | -600.0000 | 600.0000
197       | 26       | 0       | -106.9026 | -106.9026 | 0.6915   | -400.0000 | 200.0000
197       | 27       | 1       | -11.9623 | -15.0620 | -3.0997  | -20.0000 | 0.0000  
197       | 28       | 0       | 0.0000   | 0.0000   | -0.4183  | -600.0000 | 600.0000
197       | 29       | 0       | 0.0000   | 0.0000   | -0.5800  | -400.0000 | 200.0000
197       | 30       | 0       | 0.0000   | 0.0000   | -1.9054  | -20.0000 | 0.0000  

198       | 1        | 0       | 0.0000   | 0.0000   | -2.0137  | -600.0000 | 600.0000
198       | 2        | 0       | 0.0000   | 0.0000   | -2.6127  | -400.0000 | 200.0000
198       | 3        | 0       | 0.0000   | 0.0000   | -0.7637  | -20.0000 | 0.0000  
198       | 4        | 1       | -256.1505 | -256.4449 | -0.2944  | -600.0000 | 600.0000
198       | 5        | 0       | -45.5000 | -45.5000 | -0.3112  | -400.0000 | 200.0000
198       | 6        | 0       | -19.3900 | -19.3900 | 4.6134   | -20.0000 | 0.0000  
198       | 7        | 0       | -554.4515 | -554.4515 | 3.1939   | -600.0000 | 600.0000
198       | 8        | 1       | 93.8915  | 92.4767  | -1.4148  | -400.0000 | 200.0000
198       | 9        | 0       | -9.3169  | -9.3169  | -3.2375  | -20.0000 | 0.0000  
198       | 10       | 1       | -447.1505 | -447.3748 | -0.2243  | -600.0000 | 600.0000
198       | 11       | 0       | -86.6483 | -86.6483 | -1.2505  | -400.0000 | 200.0000
198       | 12       | 0       | -2.2326  | -2.2326  | -1.0065  | -20.0000 | 0.0000  
198       | 13       | 1       | -341.0148 | -343.8813 | -2.8665  | -600.0000 | 600.0000
198       | 14       | 0       | -24.2518 | -24.2518 | 0.8421   | -400.0000 | 200.0000
198       | 15       | 0       | -18.2931 | -18.2931 | 1.9112   | -20.0000 | 0.0000  
198       | 16       | 0       | -539.5294 | -539.5294 | 1.5396   | -600.0000 | 600.0000
198       | 17       | 0       | -81.1872 | -81.1872 | 1.6032   | -400.0000 | 200.0000
198       | 18       | 1       | -9.1873  | -6.5461  | 2.6412   | -20.0000 | 0.0000  
198       | 19       | 1       | -330.4613 | -332.5904 | -2.1291  | -600.0000 | 600.0000
198       | 20       | 0       | -176.6998 | -176.6998 | 0.5667   | -400.0000 | 200.0000
198       | 21       | 0       | -11.3585 | -11.3585 | -1.0254  | -20.0000 | 0.0000  
198       | 22       | 0       | -74.6232 | -74.6232 | 0.2691   | -600.0000 | 600.0000
198       | 23       | 0       | -32.2363 | -32.2363 | 1.1233   | -400.0000 | 200.0000
198       | 24       | 1       | -1.1385  | -4.0884  | -2.9499  | -20.0000 | 0.0000  
198       | 25       | 1       | -142.4730 | -143.2198 | -0.7468  | -600.0000 | 600.0000
198       | 26       | 0       | 93.7675  | 93.7675  | 0.2843   | -400.0000 | 200.0000
198       | 27       | 0       | -4.2488  | -4.2488  | -0.7097  | -20.0000 | 0.0000  
198       | 28       | 0       | 0.0000   | 0.0000   | 1.9286   | -600.0000 | 600.0000
198       | 29       | 0       | 0.0000   | 0.0000   | 3.0081   | -400.0000 | 200.0000
198       | 30       | 0       | 0.0000   | 0.0000   | 0.1728   | -20.0000 | 0.0000  

199       | 1        | 0       | 0.0000   | 0.0000   | 2.3436   | -600.0000 | 600.0000
199       | 2        | 0       | 0.0000   | 0.0000   | -2.0883  | -400.0000 | 200.0000
199       | 3        | 0       | 0.0000   | 0.0000   | -2.0228  | -20.0000 | 0.0000  
199       | 4        | 0       | -251.2841 | -251.2841 | -0.2571  | -600.0000 | 600.0000
199       | 5        | 0       | 144.9492 | 144.9492 | 0.2254   | -400.0000 | 200.0000
199       | 6        | 0       | -4.9208  | -4.9208  | -1.2162  | -20.0000 | 0.0000  
199       | 7        | 0       | 193.2171 | 193.2171 | 2.6075   | -600.0000 | 600.0000
199       | 8        | 0       | -352.4745 | -352.4745 | 1.2697   | -400.0000 | 200.0000
199       | 9        | 1       | -7.7761  | -9.4264  | -1.6502  | -20.0000 | 0.0000  
199       | 10       | 1       | 250.9324 | 252.1019 | 1.1695   | -600.0000 | 600.0000
199       | 11       | 0       | -298.2176 | -298.2176 | -4.1739  | -400.0000 | 200.0000
199       | 12       | 0       | -0.8765  | -0.8765  | 0.1876   | -20.0000 | 0.0000  
199       | 13       | 0       | 102.1747 | 102.1747 | -1.1646  | -600.0000 | 600.0000
199       | 14       | 1       | 171.3331 | 200.0000 | 104.8149 | -400.0000 | 200.0000
199       | 15       | 0       | -16.4705 | -16.4705 | -1.1899  | -20.0000 | 0.0000  
199       | 16       | 0       | -281.6086 | -281.6086 | 0.5827   | -600.0000 | 600.0000
199       | 17       | 0       | -41.0091 | -41.0091 | -0.0820  | -400.0000 | 200.0000
199       | 18       | 1       | -13.9712 | -12.4773 | 1.4939   | -20.0000 | 0.0000  
199       | 19       | 0       | 257.2274 | 257.2274 | 0.1428   | -600.0000 | 600.0000
199       | 20       | 0       | 55.4032  | 55.4032  | -1.4768  | -400.0000 | 200.0000
199       | 21       | 1       | -15.7269 | -12.8367 | 2.8901   | -20.0000 | 0.0000  
199       | 22       | 0       | -152.8052 | -152.8052 | -2.2522  | -600.0000 | 600.0000
199       | 23       | 0       | -357.4663 | -357.4663 | -1.2227  | -400.0000 | 200.0000
199       | 24       | 1       | -12.6085 | -15.4345 | -2.8260  | -20.0000 | 0.0000  
199       | 25       | 0       | -42.9138 | -42.9138 | 1.3975   | -600.0000 | 600.0000
199       | 26       | 1       | 36.5068  | 36.1924  | -0.3144  | -400.0000 | 200.0000
199       | 27       | 0       | -6.8654  | -6.8654  | 1.7524   | -20.0000 | 0.0000  
199       | 28       | 0       | 0.0000   | 0.0000   | 0.6747   | -600.0000 | 600.0000
199       | 29       | 0       | 0.0000   | 0.0000   | -0.0323  | -400.0000 | 200.0000
199       | 30       | 0       | 0.0000   | 0.0000   | -0.0557  | -20.0000 | 0.0000  

200       | 1        | 0       | 0.0000   | 0.0000   | -0.9957  | -600.0000 | 600.0000
200       | 2        | 0       | 0.0000   | 0.0000   | -0.4252  | -400.0000 | 200.0000
200       | 3        | 0       | 0.0000   | 0.0000   | -1.1231  | -20.0000 | 0.0000  
200       | 4        | 1       | -250.4336 | -252.7168 | -2.2832  | -600.0000 | 600.0000
200       | 5        | 1       | 147.1332 | 150.0261 | 2.8929   | -400.0000 | 200.0000
200       | 6        | 1       | -4.9208  | -2.3507  | 2.5700   | -20.0000 | 0.0000  
200       | 7        | 0       | 362.3042 | 362.3042 | -3.8005  | -600.0000 | 600.0000
200       | 8        | 0       | -390.0016 | -390.0016 | 3.7751   | -400.0000 | 200.0000
200       | 9        | 1       | -5.0340  | -2.3194  | 2.7146   | -20.0000 | 0.0000  
200       | 10       | 0       | 272.0052 | 272.0052 | 0.0571   | -600.0000 | 600.0000
200       | 11       | 0       | -219.4559 | -219.4559 | 0.2304   | -400.0000 | 200.0000
200       | 12       | 1       | -2.1240  | 0.0000   | 2.3309   | -20.0000 | 0.0000  
200       | 13       | 0       | -264.3851 | -264.3851 | 2.8178   | -600.0000 | 600.0000
200       | 14       | 0       | 123.6523 | 123.6523 | 0.1712   | -400.0000 | 200.0000
200       | 15       | 1       | -17.7484 | -17.3073 | 0.4410   | -20.0000 | 0.0000  
200       | 16       | 0       | -82.6578 | -82.6578 | 0.6010   | -600.0000 | 600.0000
200       | 17       | 0       | 197.9506 | 197.9506 | 1.8691   | -400.0000 | 200.0000
200       | 18       | 0       | -8.8188  | -8.8188  | -0.0277  | -20.0000 | 0.0000  
200       | 19       | 0       | -57.0726 | -57.0726 | -0.7693  | -600.0000 | 600.0000
200       | 20       | 1       | -315.4858 | -314.7238 | 0.7620   | -400.0000 | 200.0000
200       | 21       | 0       | -16.4723 | -16.4723 | -2.8587  | -20.0000 | 0.0000  
200       | 22       | 0       | -479.2350 | -479.2350 | 1.7777   | -600.0000 | 600.0000
200       | 23       | 0       | -256.0755 | -256.0755 | -2.2805  | -400.0000 | 200.0000
200       | 24       | 0       | -17.1606 | -17.1606 | -3.0142  | -20.0000 | 0.0000  
200       | 25       | 1       | -42.9618 | -42.6232 | 0.3386   | -600.0000 | 600.0000
200       | 26       | 0       | 36.7541  | 36.7541  | -0.8423  | -400.0000 | 200.0000
200       | 27       | 0       | -7.3840  | -7.3840  | -0.8312  | -20.0000 | 0.0000  
200       | 28       | 0       | 0.0000   | 0.0000   | 1.9604   | -600.0000 | 600.0000
200       | 29       | 0       | 0.0000   | 0.0000   | 4.6114   | -400.0000 | 200.0000
200       | 30       | 0       | 0.0000   | 0.0000   | -1.8773  | -20.0000 | 0.0000  

