,Prof paparazzi,t_paparazzi
0,0.0,4.875
1,0.0,5.372
2,0.0,5.864
3,0.0,6.363
4,0.0,6.862
5,0.0,7.371
6,0.0,7.857
7,0.0,8.36
8,0.0,8.859
9,0.0,9.362
10,0.0,9.853
11,0.0,10.361
12,0.0,10.848
13,0.0,11.359
14,0.0,11.845
15,0.0,12.347
16,0.0,12.841
17,0.0,13.344
18,0.0,13.844
19,0.0,14.334
20,0.0,14.839
21,0.0,15.337
22,0.0,15.835
23,0.0,16.338
24,0.0,16.835
25,0.0,17.327
26,0.0,17.822
27,0.0,18.327
28,0.0,18.827
29,0.0,19.325
30,0.0,19.826
31,0.0,20.349
32,0.0,20.827
33,0.0,21.317
34,0.0,21.814
35,0.0,22.33
36,0.0,22.805
37,0.0,23.303
38,0.0,23.803
39,0.0,24.3
40,0.0,24.803
41,0.0,25.311
42,0.0,25.801
43,0.0,26.3
44,0.0,26.802
45,0.0,27.292
46,0.0,27.789
47,0.0,28.285
48,0.0,28.791
49,0.0,29.288
50,0.0,29.787
51,0.0,30.28
52,0.0,30.786
53,0.0,31.289
54,0.0,31.78
55,0.0,32.276
56,0.0,32.77
57,0.0,33.27
58,0.0,33.769
59,0.0,34.268
60,0.0,34.764
61,0.0,35.265
62,0.0,35.767
63,0.0,36.263
64,0.0,36.763
65,0.0,37.262
66,0.0,37.759
67,0.0,38.263
68,0.0,38.754
69,0.0,39.253
70,0.0,39.759
71,0.0,40.244
72,0.0,40.753
73,0.0,41.246
74,0.0,41.744
75,0.0,42.243
76,0.0,42.742
77,0.0,43.231
78,0.0,43.732
79,0.0,44.23
80,0.0,44.729
81,0.0,45.234
82,0.0,45.725
83,0.0,46.232
84,0.0,46.727
85,0.0,47.225
86,0.0,47.718
87,0.0,48.217
88,0.0,48.718
89,0.0,49.211
90,0.0,49.717
91,0.0,50.242
92,0.0,50.72
93,0.0,51.219
94,0.0,51.709
95,0.0,52.201
96,0.0,52.701
97,0.0,53.204
98,0.0,53.697
99,0.0,54.197
100,0.0,54.693
101,0.0,55.196
102,0.0,55.691
103,0.0,56.185
104,0.0,56.691
105,0.0,57.19
106,0.0,57.69
107,0.0,58.192
108,0.0,58.686
109,0.0,59.179
110,0.0,59.675
111,0.0,60.179
112,0.0,60.678
113,0.0,61.17
114,0.0,61.679
115,0.0,62.175
116,0.0,62.67
117,0.0,63.162
118,0.0,63.662
119,0.0,64.174
120,0.0,64.666
121,0.0,65.169
122,0.0,65.667
123,0.0,66.155
124,0.0,66.651
125,0.0,67.149
126,0.0,67.653
127,0.0,68.151
128,0.0,68.646
129,0.0,69.145
130,0.0,69.646
131,0.0,70.138
132,0.0,70.642
133,0.0,71.14
134,0.0,71.638
135,0.0,72.142
136,0.0,72.637
137,0.0,73.141
138,0.0,73.626
139,0.0,74.128
140,0.0,74.624
141,0.0,75.127
142,0.0,75.632
143,0.0,76.119
144,0.0,76.616
145,0.0,77.112
146,0.0,77.615
147,0.0,78.114
148,0.0,78.609
149,0.0,79.118
150,0.0,79.612
151,0.0,80.105
152,0.0,80.608
153,0.0,81.106
154,0.0,81.604
155,0.0,82.1
156,0.0,82.643
157,0.0,83.094
158,0.0,83.596
159,0.0,84.095
160,0.0,84.595
161,0.0,85.092
162,0.0,85.589
163,0.0,86.095
164,0.0,86.582
165,0.0,87.079
166,0.0,87.58
167,0.0,88.079
168,0.0,88.579
169,0.0,89.074
170,0.0,89.571
171,0.0,90.069
172,0.0,90.566
173,0.0,91.064
174,0.0,91.57
175,0.0,92.067
176,0.0,92.559
177,0.0,93.059
178,0.0,93.559
179,0.0,94.091
180,0.0,94.551
181,0.0,95.057
182,0.0,95.548
183,0.0,96.054
184,0.0,96.546
185,0.0,97.045
186,0.0,97.542
187,0.0,98.052
188,0.0,98.543
189,0.0,99.038
190,0.0,99.534
191,0.0,100.041
192,0.0,100.537
193,0.0,101.032
194,0.0,101.533
195,0.0,102.031
196,0.0,102.537
197,0.0,103.024
198,0.0,103.529
199,0.0,104.019
200,0.0,104.516
201,0.0,105.02
202,0.0,105.518
203,0.0,106.021
204,0.0,106.515
205,0.0,107.009
206,0.0,107.507
207,0.0,108.004
208,0.0,108.503
209,0.0,108.997
210,0.0,109.504
211,0.0,110.003
212,0.0,110.495
213,0.0,111.005
214,0.0,111.491
215,0.0,111.987
216,0.0,112.493
217,0.0,112.992
218,0.0,113.49
219,0.0,113.996
220,0.0,114.486
221,0.0,114.991
222,0.0,115.478
223,0.0,115.992
224,0.0,116.479
225,0.0,116.992
226,0.0,117.493
227,0.0,117.982
228,0.0,118.496
229,0.0,118.968
230,0.0,119.498
231,0.0,119.985
232,0.0,120.467
233,0.0,120.968
234,0.0,121.462
235,0.0,121.958
236,0.0,122.459
237,0.0,122.959
238,0.0,123.459
239,0.0,123.946
240,0.0,124.456
241,0.0,124.947
242,0.0,125.449
243,0.0,125.947
244,0.0,126.448
245,0.0,126.951
246,0.0,127.438
247,0.0,127.939
248,0.0,128.433
249,0.0,128.932
250,0.0,129.43
251,0.0,129.927
252,0.0,130.428
253,0.0,130.958
254,0.0,131.424
255,0.0,131.923
256,0.0,132.419
257,0.0,132.917
258,0.0,133.415
259,0.0,133.918
260,0.0,134.415
261,0.0,134.908
262,0.0,135.416
263,0.0,135.919
264,0.0,136.411
265,0.0,136.903
266,0.0,137.403
267,0.0,137.906
268,0.0,138.398
269,0.0,138.899
270,0.0,139.395
271,0.0,139.894
272,0.0,140.395
273,0.0,140.891
274,0.0,141.393
275,0.0,141.896
276,0.0,142.389
277,0.0,142.882
278,0.0,143.379
279,0.0,143.886
280,0.0,144.376
281,0.0,144.878
282,0.0,145.382
283,0.0,145.875
284,0.0,146.373
285,0.0,146.874
286,0.0,147.366
287,0.0,147.863
288,0.0,148.361
289,0.0,148.874
290,0.0,149.357
291,0.0,149.869
292,0.0,150.357
293,0.0,150.855
294,0.0,151.357
295,0.0,151.852
296,0.0,152.347
297,0.0,152.85
298,0.0,153.344
299,0.0,153.846
300,0.0,154.346
301,0.0,154.843
302,0.0,155.338
303,0.0,155.85
304,0.0,156.343
305,0.0,156.839
306,0.0,157.337
307,0.0,157.834
308,0.0,158.327
309,0.0,158.824
310,0.0,159.332
311,0.0,159.822
312,0.0,160.325
313,0.0,160.827
314,0.0,161.316
315,0.0,161.816
316,0.0,162.313
317,0.0,162.81
318,0.0,163.315
319,0.0,163.818
320,0.0,164.31
321,0.0,164.804
322,0.0,165.315
323,0.0,165.803
324,0.0,166.311
325,0.0,166.803
326,0.0,167.301
327,0.0,167.801
328,0.0,168.294
329,0.0,168.803
330,0.0,169.3
331,0.0,169.797
332,0.0,170.287
333,0.0,170.783
334,0.0,171.283
335,0.0,171.779
336,0.0,172.283
337,0.0,172.783
338,0.0,173.276
339,0.0,173.773
340,0.0,174.275
341,0.0,174.776
342,0.0,175.343
343,0.0,175.779
344,0.0,176.27
345,0.0,176.773
346,0.0,177.267
347,0.0,177.771
348,0.0,178.261
349,0.0,178.76
350,0.0,179.254
351,0.0,179.756
352,0.0,180.25
353,0.0,180.75
354,0.0,181.246
355,0.0,181.744
356,0.0,182.247
357,0.0,182.744
358,0.0,183.243
359,0.0,183.747
360,0.0,184.242
361,0.0,184.745
362,0.0,185.238
363,0.0,185.736
364,0.0,186.259
365,0.0,186.731
366,0.0,187.23
367,0.0,187.729
368,0.0,188.226
369,0.0,188.718
370,0.0,189.218
371,0.0,189.713
372,0.0,190.224
373,0.0,190.713
374,0.0,191.21
375,0.0,191.71
376,0.0,192.205
377,0.0,192.702
378,0.0,193.208
379,0.0,193.706
380,0.0,194.198
381,0.0,194.703
382,0.0,195.195
383,0.0,195.69
384,0.0,196.198
385,0.0,196.693
386,0.0,197.193
387,0.0,197.697
388,0.0,198.19
389,0.0,198.683
390,0.0,199.186
391,0.0,199.677
392,0.0,200.177
393,0.0,200.679
394,0.0,201.174
395,0.0,201.67
396,0.0,202.17
397,0.0,202.675
398,0.0,203.167
399,0.0,203.667
400,0.0,204.168
401,0.0,204.666
402,0.0,205.165
403,0.0,205.655
404,0.0,206.161
405,0.0,206.659
406,0.0,207.158
407,0.0,207.662
408,0.0,208.153
409,0.0,208.651
410,0.0,209.151
411,0.0,209.65
412,0.0,210.146
413,0.0,210.676
414,0.0,211.147
415,0.0,211.649
416,0.0,212.149
417,0.0,212.646
418,0.0,213.151
419,0.0,213.638
420,0.0,214.138
421,0.0,214.652
422,0.0,215.138
423,0.0,215.624
424,0.0,216.154
425,0.0,216.655
426,0.0,217.124
427,0.0,217.621
428,0.0,218.117
429,0.0,218.613
430,0.0,219.114
431,0.0,219.622
432,0.0,220.109
433,0.0,220.61
434,0.0,221.115
435,0.0,221.607
436,0.0,222.103
437,0.0,222.605
438,0.0,223.105
439,0.0,223.609
440,0.0,224.099
441,0.0,224.597
442,0.0,225.097
443,0.0,225.599
444,0.0,226.094
445,0.0,226.586
446,0.0,227.089
447,0.0,227.582
448,0.0,228.086
449,0.0,228.579
450,0.0,229.087
451,0.0,229.585
452,0.0,230.075
453,0.0,230.575
454,0.0,231.076
455,0.0,231.574
456,0.0,232.073
457,0.0,232.563
458,0.0,233.064
459,0.0,233.561
460,0.0,234.07
461,0.0,234.554
462,0.0,235.062
463,0.0,235.558
464,0.0,236.052
465,0.0,236.554
466,0.0,237.047
467,0.0,237.544
468,0.0,238.051
469,0.0,238.546
470,0.0,239.047
471,0.0,239.539
472,0.0,240.043
473,0.0,240.539
474,0.0,241.041
475,0.0,241.549
476,0.0,242.031
477,0.0,242.534
478,0.0,243.038
479,0.0,243.531
480,0.0,244.023
481,0.0,244.526
482,0.0,245.024
483,0.0,245.521
484,0.0,246.021
485,0.0,246.524
486,0.0,247.015
487,0.0,247.523
488,0.0,248.015
489,0.0,248.513
490,0.0,249.012
491,0.0,249.503
492,0.0,250.011
493,0.0,250.5
494,0.0,251.002
495,0.0,251.502
496,0.0,252.001
497,0.0,252.494
498,0.0,252.99
499,0.0,253.501
500,0.0,253.987
501,0.0,254.487
502,0.0,254.983
503,0.0,255.483
504,0.0,255.986
505,0.0,256.483
506,0.0,256.976
507,0.0,257.478
508,0.0,257.979
509,0.0,258.484
510,0.0,258.97
511,0.0,259.47
512,0.0,259.973
513,0.0,260.484
514,0.0,260.969
515,0.0,261.458
516,0.0,261.965
517,0.0,262.462
518,0.0,262.955
519,0.0,263.458
520,0.0,263.962
521,0.0,264.453
522,0.0,264.95
523,0.0,265.447
524,0.0,265.949
525,0.0,266.456
526,0.0,266.948
527,0.0,267.449
528,0.0,267.944
529,0.0,268.435
530,0.0,268.939
531,0.0,269.439
532,0.0,269.937
533,0.0,270.439
534,0.0,270.937
535,0.0,271.424
536,0.0,271.927
537,0.0,272.435
538,0.0,272.918
539,0.0,273.426
540,0.0,273.922
541,0.0,274.427
542,0.0,274.911
543,0.0,275.463
544,0.0,275.913
545,0.0,276.406
546,0.0,276.91
547,0.0,277.409
548,0.0,277.903
549,0.0,278.399
550,0.0,278.898
551,0.0,279.406
552,0.0,279.895
553,0.0,280.398
554,0.0,280.897
555,0.0,281.403
556,0.0,281.895
557,0.0,282.401
558,0.0,282.891
559,0.0,283.383
560,0.0,283.882
561,0.0,284.384
562,0.0,284.877
563,0.0,285.38
564,0.0,285.882
565,0.0,286.371
566,0.0,286.875
567,0.0,287.373
568,0.0,287.872
569,0.0,288.372
570,0.0,288.867
571,0.0,289.362
572,0.0,289.858
573,0.0,290.361
574,0.0,290.862
575,0.0,291.352
576,0.0,291.86
577,0.0,292.362
578,0.0,292.875
579,0.0,293.349
580,0.0,293.851
581,0.0,294.355
582,0.0,294.839
583,0.0,295.339
584,0.0,295.838
585,0.0,296.336
586,0.0,296.844
587,0.0,297.33
588,0.0,297.835
589,0.0,298.334
590,0.0,298.826
591,0.0,299.325
592,0.0,299.822
593,0.0,300.319
594,0.0,300.825
595,0.0,301.322
596,0.0,301.825
597,0.0,302.326
598,0.0,302.814
599,0.0,303.322
600,0.0,303.876
601,0.0,304.312
602,0.0,304.805
603,0.0,305.303
604,0.0,305.802
605,0.0,306.307
606,0.0,306.798
607,0.0,307.297
608,0.0,307.799
609,0.0,308.299
610,0.0,308.814
611,0.0,309.324
612,0.0,309.797
613,0.0,310.286
614,0.0,310.815
615,0.0,311.315
616,0.0,311.784
617,0.0,312.283
618,0.0,312.787
619,0.0,313.277
620,0.0,313.78
621,0.0,314.279
622,0.0,314.778
623,0.0,315.281
624,0.0,315.768
625,0.0,316.278
626,0.0,316.766
627,0.0,317.262
628,0.0,317.762
629,0.0,318.27
630,0.0,318.755
631,0.0,319.262
632,0.0,319.755
633,0.0,320.254
634,0.0,320.751
635,0.0,321.247
636,0.0,321.751
637,0.0,322.246
638,0.0,322.747
639,0.0,323.253
640,0.0,323.745
641,0.0,324.245
642,0.0,324.744
643,0.0,325.238
644,0.0,325.733
645,0.0,326.239
646,0.0,326.729
647,0.0,327.23
648,0.0,327.724
649,0.0,328.22
650,0.0,328.726
651,0.0,329.223
652,0.0,329.723
653,0.0,330.214
654,0.0,330.721
655,0.0,331.225
656,0.0,331.708
657,0.0,332.214
658,0.0,332.716
659,0.0,333.209
660,0.0,333.712
661,0.0,334.202
662,0.0,334.702
663,0.0,335.199
664,0.0,335.703
665,0.0,336.207
666,0.0,336.7
667,0.0,337.203
668,0.0,337.703
669,0.0,338.202
670,0.0,338.692
671,0.0,339.184
672,0.0,339.687
673,0.0,340.187
674,0.0,340.679
675,0.0,341.179
676,0.0,341.676
677,0.0,342.171
678,0.0,342.676
679,0.0,343.176
680,0.0,343.67
681,0.0,344.179
682,0.0,344.67
683,0.0,345.159
684,0.0,345.666
685,0.0,346.164
686,0.0,346.659
687,0.0,347.16
688,0.0,347.652
689,0.0,348.156
690,0.0,348.651
691,0.0,349.152
692,0.0,349.648
693,0.0,350.149
694,0.0,350.643
695,0.0,351.15
696,0.0,351.646
697,0.0,352.149
698,0.0,352.642
699,0.0,353.14
700,0.0,353.639
701,0.0,354.132
702,0.0,354.636
703,0.0,355.134
704,0.0,355.628
705,0.0,356.13
706,0.0,356.627
707,0.0,357.127
708,0.0,357.624
709,0.0,358.116
710,0.0,358.615
711,0.0,359.113
712,0.0,359.624
713,0.0,360.108
714,0.0,360.611
715,0.0,361.107
716,0.0,361.603
717,0.0,362.105
718,0.0,362.603
719,0.0,363.099
720,0.0,363.599
721,0.0,364.099
722,0.0,364.595
723,0.0,365.09
724,0.0,365.597
725,0.0,366.087
726,0.0,366.591
727,0.0,367.091
728,0.0,367.582
729,0.0,368.085
730,0.0,368.579
731,0.0,369.077
732,0.0,369.576
733,0.0,370.08
734,0.0,370.572
735,0.0,371.074
736,0.0,371.568
737,0.0,372.07
738,0.0,372.57
739,0.0,373.065
740,0.0,373.567
741,0.0,374.065
742,0.0,374.564
743,0.0,375.055
744,0.0,375.563
745,0.0,376.054
746,0.0,376.551
747,0.0,377.054
748,0.0,377.552
749,0.0,378.059
750,0.0,378.542
751,0.0,379.055
752,0.0,379.542
753,0.0,380.042
754,0.0,380.543
755,0.0,381.032
756,0.0,381.537
757,0.0,382.035
758,0.0,382.527
759,0.0,383.039
760,0.0,383.53
761,0.0,384.019
762,0.0,384.521
763,0.0,385.021
764,0.0,385.523
765,0.0,386.012
766,0.0,386.52
767,0.0,387.01
768,0.0,387.516
769,0.0,388.011
770,0.0,388.508
771,0.0,389.01
772,0.0,389.514
773,0.0,390.003
774,0.0,390.504
775,0.0,391.003
776,0.0,391.499
777,0.0,391.997
778,0.0,392.498
779,0.0,392.993
780,0.0,393.494
781,0.0,393.987
782,0.0,394.49
783,0.0,394.989
784,0.0,395.486
785,0.0,395.978
786,0.0,396.487
787,0.0,396.98
788,0.0,397.51
789,0.0,397.975
790,0.0,398.476
791,0.0,398.97
792,0.0,399.468
793,0.0,399.968
794,0.0,400.465
795,0.0,400.961
796,0.0,401.464
797,0.0,401.956
798,0.0,402.463
799,0.0,402.96
800,0.0,403.453
801,0.0,403.966
802,0.0,404.471
803,0.0,404.955
804,0.0,405.457
805,0.0,405.97
806,0.0,406.456
807,0.0,406.959
808,0.0,407.466
809,0.0,407.976
810,0.0,408.438
811,0.0,408.962
812,0.0,409.435
813,0.0,409.936
814,0.0,410.433
815,0.0,410.933
816,0.0,411.427
817,0.0,411.924
818,0.0,412.427
819,0.0,412.923
820,0.0,413.424
821,0.0,413.927
822,0.0,414.42
823,0.0,414.925
824,0.0,415.417
825,0.0,415.917
826,0.0,416.411
827,0.0,416.908
828,0.0,417.414
829,0.0,417.907
830,0.0,418.407
831,0.0,418.907
832,0.0,419.399
833,0.0,419.908
834,0.0,420.394
835,0.0,420.893
836,0.0,421.403
837,0.0,421.902
838,0.0,422.391
839,0.0,422.885
840,0.0,423.389
841,0.0,423.887
842,0.0,424.38
843,0.0,424.881
844,0.0,425.379
845,0.0,425.878
846,0.0,426.378
847,0.0,426.875
848,0.0,427.372
849,0.0,427.867
850,0.0,428.366
851,0.0,428.876
852,0.0,429.362
853,0.0,429.865
854,0.0,430.359
855,0.0,430.862
856,0.0,431.365
857,0.0,431.859
858,0.0,432.352
859,0.0,432.864
860,0.0,433.353
861,0.0,433.85
862,0.0,434.35
863,0.0,434.84
864,0.0,435.345
865,0.0,435.839
866,0.0,436.341
867,0.0,436.842
868,0.0,437.338
869,0.0,437.837
870,0.0,438.339
871,0.0,438.826
872,0.0,439.33
873,0.0,439.831
874,0.0,440.328
875,0.0,440.828
876,0.0,441.319
877,0.0,441.816
878,0.0,442.316
879,0.0,442.814
880,0.0,443.311
881,0.0,443.811
882,0.0,444.315
883,0.0,444.808
884,0.0,445.307
885,0.0,445.803
886,0.0,446.302
887,0.0,446.803
888,0.0,447.305
889,0.0,447.809
890,0.0,448.299
891,0.0,448.791
892,0.0,449.296
893,0.0,449.801
894,0.0,450.292
895,0.0,450.791
896,0.0,451.286
897,0.0,451.787
898,0.0,452.281
899,0.0,452.782
900,0.0,453.286
901,0.0,453.775
902,0.0,454.287
903,0.0,454.775
904,0.0,455.27
905,0.0,455.775
906,0.0,456.271
907,0.0,456.766
908,0.0,457.263
909,0.0,457.766
910,0.0,458.263
911,0.0,458.759
912,0.0,459.266
913,0.0,459.753
914,0.0,460.256
915,0.0,460.749
916,0.0,461.25
917,0.0,461.758
918,0.0,462.244
919,0.0,462.755
920,0.0,463.241
921,0.0,463.75
922,0.0,464.243
923,0.0,464.735
924,0.0,465.239
925,0.0,465.739
926,0.0,466.731
927,0.0,467.235
928,0.0,467.724
929,0.0,468.23
930,0.0,468.728
931,0.0,469.224
932,0.0,469.718
933,0.0,470.221
934,0.0,470.711
935,0.0,471.218
936,0.0,471.715
937,0.0,472.211
938,0.0,472.714
939,0.0,473.206
940,0.0,473.718
941,0.0,474.2
942,0.0,474.7
943,0.0,475.203
944,0.0,475.699
945,0.0,476.198
946,0.0,476.703
947,0.0,477.196
948,0.0,477.719
949,0.0,478.192
950,0.0,478.689
951,0.0,479.19
952,0.0,479.681
953,0.0,480.184
954,0.0,480.684
955,0.0,481.18
956,0.0,481.678
957,0.0,482.177
958,0.0,482.721
959,0.0,483.174
960,0.0,483.666
961,0.0,484.166
962,0.0,484.663
963,0.0,485.168
964,0.0,485.66
965,0.0,486.163
966,0.0,486.658
967,0.0,487.154
968,0.0,487.654
969,0.0,488.154
970,0.0,488.651
971,0.0,489.152
972,0.0,489.647
973,0.0,490.149
974,0.0,490.64
975,0.0,491.145
976,0.0,491.635
977,0.0,492.136
978,0.0,492.64
979,0.0,493.144
980,0.0,493.636
981,0.0,494.13
982,0.0,494.631
983,0.0,495.131
984,0.0,495.631
985,0.0,496.119
986,0.0,496.622
987,0.0,497.126
988,0.0,497.625
989,0.0,498.119
990,0.0,498.631
991,0.0,499.117
992,0.0,499.632
993,0.0,500.133
994,0.0,500.633
995,0.0,501.121
996,0.0,501.605
997,0.0,502.122
998,0.0,502.605
999,0.0,503.099
1000,0.0,503.6
1001,0.0,504.097
1002,0.0,504.605
1003,0.0,505.094
1004,0.0,505.591
1005,0.0,506.1
1006,0.0,506.587
1007,0.0,507.09
1008,0.0,507.59
1009,0.0,508.083
1010,0.0,508.582
1011,0.0,509.083
1012,0.0,509.577
1013,0.0,510.079
1014,0.0,510.576
1015,0.0,511.075
1016,0.0,511.581
1017,0.0,512.071
1018,0.0,512.586
1019,0.0,513.064
1020,0.0,513.566
1021,0.0,514.062
1022,0.0,514.563
1023,0.0,515.058
1024,0.0,515.555
1025,0.0,516.053
1026,0.0,516.556
1027,0.0,517.056
1028,0.0,517.551
1029,0.0,518.076
1030,0.0,518.554
1031,0.0,519.043
1032,0.0,519.542
1033,0.0,520.037
1034,0.0,520.543
1035,0.0,521.042
1036,0.0,521.536
1037,0.0,522.042
1038,0.0,522.532
1039,0.0,523.033
1040,0.0,523.531
1041,0.0,524.03
1042,0.0,524.523
1043,0.0,525.019
1044,0.0,525.529
1045,0.0,526.016
1046,0.0,526.514
1047,0.0,527.017
1048,0.0,527.511
1049,0.0,528.017
1050,0.0,528.511
1051,0.0,529.023
1052,0.0,529.508
1053,0.0,530.003
1054,0.0,530.501
1055,0.0,530.998
1056,0.0,531.502
1057,0.0,532.001
1058,0.0,532.508
1059,0.0,532.992
1060,0.0,533.491
1061,0.0,533.995
1062,0.0,534.491
1063,0.0,534.987
1064,0.0,535.487
1065,0.0,535.992
1066,0.0,536.484
1067,0.0,536.977
1068,0.0,537.475
1069,0.0,537.979
1070,0.0,538.485
1071,0.0,538.969
1072,0.0,539.474
1073,0.0,539.969
1074,0.0,540.479
1075,0.0,540.97
1076,0.0,541.467
1077,0.0,541.963
1078,0.0,542.459
1079,0.0,542.967
1080,0.0,543.456
1081,0.0,543.955
1082,0.0,544.457
1083,0.0,544.951
1084,0.0,545.46
1085,0.0,545.947
1086,0.0,546.446
1087,0.0,546.944
1088,0.0,547.441
1089,0.0,547.942
1090,0.0,548.437
1091,0.0,548.939
1092,0.0,549.44
1093,0.0,549.931
1094,0.0,550.431
1095,0.0,550.929
1096,0.0,551.433
1097,0.0,551.923
1098,0.0,552.435
1099,0.0,552.924
1100,0.0,553.418
1101,0.0,553.923
1102,0.0,554.428
1103,0.0,554.919
1104,0.0,555.413
1105,0.0,555.911
1106,0.0,556.413
1107,0.0,556.908
1108,0.0,557.425
1109,0.0,557.91
1110,0.0,558.401
1111,0.0,558.904
1112,0.0,559.402
1113,0.0,559.902
1114,0.0,560.473
1115,0.0,560.899
1116,0.0,561.402
1117,0.0,561.891
1118,0.0,562.392
1119,0.0,562.89
1120,0.0,563.385
1121,0.0,563.891
1122,0.0,564.391
1123,0.0,564.882
1124,0.0,565.382
1125,0.0,565.879
1126,0.0,566.387
1127,0.0,566.87
1128,0.0,567.368
1129,0.0,567.866
1130,0.0,568.366
1131,0.0,568.867
1132,0.0,569.36
1133,0.0,569.866
1134,0.0,570.356
1135,0.0,570.865
1136,0.0,571.361
1137,0.0,571.859
1138,0.0,572.348
1139,0.0,572.852
1140,0.0,573.359
1141,0.0,573.846
1142,0.0,574.344
1143,0.0,574.846
1144,0.0,575.353
1145,0.0,575.838
1146,0.0,576.338
1147,0.0,576.834
1148,0.0,577.331
1149,0.0,577.83
1150,0.0,578.33
1151,0.0,578.831
1152,0.0,579.322
1153,0.0,579.828
1154,0.0,580.323
1155,0.0,580.824
1156,0.0,581.328
1157,0.0,581.822
1158,0.0,582.314
1159,0.0,582.816
1160,0.0,583.316
1161,0.0,583.814
1162,0.0,584.307
1163,0.0,584.815
1164,0.0,585.305
1165,0.0,585.806
1166,0.0,586.304
1167,0.0,586.803
1168,0.0,587.309
1169,0.0,587.794
1170,0.0,588.302
1171,0.0,588.792
1172,0.0,589.287
1173,0.0,589.792
1174,0.0,590.294
1175,0.0,590.789
1176,0.0,591.288
1177,0.0,591.81
1178,0.0,592.284
1179,0.0,592.778
1180,0.0,593.279
1181,0.0,593.774
1182,0.0,594.28
1183,0.0,594.771
1184,0.0,595.281
1185,0.0,595.771
1186,0.0,596.284
1187,0.0,596.77
1188,0.0,597.286
1189,0.0,597.772
1190,0.0,598.289
1191,0.0,598.758
1192,0.0,599.259
1193,0.0,599.755
1194,0.0,600.252
1195,0.0,600.75
1196,0.0,601.252
1197,0.0,601.753
1198,0.0,602.243
1199,0.0,602.747
1200,0.0,603.253
1201,0.0,603.744
1202,0.0,604.244
1203,0.0,604.744
1204,0.0,605.235
1205,0.0,605.735
1206,0.0,606.237
1207,0.0,606.729
1208,0.0,607.233
1209,0.0,607.732
1210,0.0,608.231
1211,0.0,608.728
1212,0.0,609.219
1213,0.0,609.731
1214,0.0,610.229
1215,0.0,610.72
1216,0.0,611.211
1217,0.0,611.707
1218,0.0,612.215
1219,0.0,612.706
1220,0.0,613.216
1221,0.0,613.705
1222,0.0,614.2
1223,0.0,614.711
1224,0.0,615.202
1225,0.0,615.704
1226,0.0,616.207
1227,0.0,616.699
1228,0.0,617.202
1229,0.0,617.701
1230,0.0,618.192
1231,0.0,618.688
1232,0.0,619.189
1233,0.0,619.684
1234,0.0,620.183
1235,0.0,620.683
1236,0.0,621.177
1237,0.0,621.677
1238,0.0,622.176
1239,0.0,622.67
1240,0.0,623.179
1241,0.0,623.675
1242,0.0,624.166
1243,0.0,624.669
1244,0.0,625.169
1245,0.0,625.666
1246,0.0,626.161
1247,0.0,626.667
1248,0.0,627.16
1249,0.0,627.659
1250,0.0,628.158
1251,0.0,628.662
1252,0.0,629.155
1253,0.0,629.651
1254,0.0,630.156
1255,0.0,630.644
1256,0.0,631.141
1257,0.0,631.638
1258,0.0,632.136
1259,0.0,632.642
1260,0.0,633.14
1261,0.0,633.647
1262,0.0,634.138
1263,0.0,634.629
1264,0.0,635.141
1265,0.0,635.624
1266,0.0,636.127
1267,0.0,636.628
1268,0.0,637.13
1269,0.0,637.624
1270,0.0,638.154
1271,0.0,638.613
1272,0.0,639.115
1273,0.0,639.611
1274,0.0,640.114
1275,0.0,640.608
1276,0.0,641.108
1277,0.0,641.604
1278,0.0,642.108
1279,0.0,642.6
1280,0.0,643.102
1281,0.0,643.595
1282,0.0,644.103
1283,0.0,644.599
1284,0.0,645.09
1285,0.0,645.595
1286,0.0,646.094
1287,0.0,646.593
1288,0.0,647.087
1289,0.0,647.592
1290,0.0,648.087
1291,0.0,648.577
1292,0.0,649.082
1293,0.0,649.58
1294,0.0,650.085
1295,0.0,650.571
1296,0.0,651.083
1297,0.0,651.57
1298,0.0,652.066
1299,0.0,652.57
1300,0.0,653.06
1301,0.0,653.568
1302,0.0,654.066
1303,0.0,654.559
1304,0.0,655.067
1305,0.0,655.554
1306,0.0,656.055
1307,0.0,656.555
1308,0.0,657.054
1309,0.0,657.553
1310,0.0,658.045
1311,0.0,658.544
1312,0.0,659.051
1313,0.0,659.539
1314,0.0,660.042
1315,0.0,660.535
1316,0.0,661.048
1317,0.0,661.538
1318,0.0,662.035
1319,0.0,662.53
1320,0.0,663.028
1321,0.0,663.531
1322,0.0,664.025
1323,0.0,664.526
1324,0.0,666.017
1325,0.0,666.512
1326,0.0,667.018
1327,0.0,667.513
1328,0.0,668.51
1329,0.0,669.006
1330,0.0,669.507
1331,0.0,670.006
1332,0.0,670.498
1333,0.0,670.994
1334,0.0,671.5
1335,0.0,671.994
1336,0.0,672.494
1337,0.0,672.99
1338,0.0,673.487
1339,0.0,673.985
1340,0.0,674.484
1341,0.0,674.988
1342,0.0,675.49
1343,0.0,675.981
1344,0.0,676.476
1345,0.0,676.974
1346,0.0,677.473
1347,0.0,677.977
1348,0.0,678.475
1349,0.0,678.968
1350,0.0,679.472
1351,0.0,679.978
1352,0.0,680.466
1353,0.0,680.961
1354,0.0,681.459
1355,0.0,681.962
1356,0.0,682.456
1357,0.0,682.956
1358,0.0,683.452
1359,0.0,683.98
1360,0.0,684.448
1361,0.0,684.949
1362,0.0,685.451
1363,0.0,685.953
1364,0.0,686.446
1365,0.0,686.951
1366,0.0,687.448
1367,0.0,687.939
1368,0.0,688.439
1369,0.0,688.936
1370,0.0,689.44
1371,0.0,689.931
1372,0.0,690.433
1373,0.0,690.934
1374,0.0,691.434
1375,0.0,691.935
1376,0.0,692.421
1377,0.0,692.931
1378,0.0,693.436
1379,0.0,693.927
1380,0.0,694.425
1381,0.0,694.94
1382,0.0,695.443
1383,0.0,695.942
1384,0.0,696.409
1385,0.0,696.941
1386,0.0,697.402
1387,0.0,697.905
1388,0.0,698.405
1389,0.0,698.902
1390,0.0,699.399
1391,0.0,699.891
1392,0.0,700.393
1393,0.0,700.891
1394,0.0,701.396
1395,0.0,701.891
1396,0.0,702.386
1397,0.0,702.889
1398,0.0,703.394
1399,0.0,703.883
1400,0.0,704.389
1401,0.0,704.879
1402,0.0,705.38
1403,0.0,705.887
1404,0.0,706.373
1405,0.0,706.879
1406,0.0,707.372
1407,0.0,707.866
1408,0.0,708.363
1409,0.0,708.866
1410,0.0,709.367
1411,0.0,709.858
1412,0.0,710.367
1413,0.0,710.864
1414,0.0,711.354
1415,0.0,711.858
1416,0.0,712.355
1417,0.0,712.863
1418,0.0,713.355
1419,0.0,713.843
1420,0.0,714.344
1421,0.0,714.839
1422,0.0,715.343
1423,0.0,715.843
1424,0.0,716.343
1425,0.0,716.841
1426,0.0,717.335
1427,0.0,717.831
1428,0.0,718.328
1429,0.0,718.831
1430,0.0,719.331
1431,0.0,719.837
1432,0.0,720.325
1433,0.0,720.819
1434,0.0,721.318
1435,0.0,721.828
1436,0.0,722.315
1437,0.0,722.818
1438,0.0,723.311
1439,0.0,723.813
1440,0.0,724.307
1441,0.0,724.811
1442,0.0,725.303
1443,0.0,725.805
1444,0.0,726.299
1445,0.0,726.802
1446,0.0,727.301
1447,0.0,727.796
1448,0.0,728.299
1449,0.0,728.802
1450,0.0,729.293
1451,0.0,729.792
1452,0.0,730.291
1453,0.0,730.787
1454,0.0,731.295
1455,0.0,731.785
1456,0.0,732.283
1457,0.0,732.776
1458,0.0,733.276
1459,0.0,733.78
1460,0.0,734.27
1461,0.0,734.767
1462,0.0,735.268
1463,0.0,735.766
1464,0.0,736.264
1465,0.0,736.762
1466,0.0,737.265
1467,0.0,737.764
1468,0.0,738.256
1469,0.0,738.756
1470,0.0,739.276
1471,0.0,739.757
1472,0.0,740.256
1473,0.0,740.751
1474,0.0,741.253
1475,0.0,741.744
1476,0.0,742.247
1477,0.0,742.754
1478,0.0,743.245
1479,0.0,743.737
1480,0.0,744.236
1481,0.0,744.738
1482,0.0,745.237
1483,0.0,745.729
1484,0.0,746.234
1485,0.0,746.733
1486,0.0,747.226
1487,0.0,747.727
1488,0.0,748.227
1489,0.0,748.73
1490,0.0,749.223
1491,0.0,749.717
1492,0.0,750.219
1493,0.0,750.718
1494,0.0,751.217
1495,0.0,751.708
1496,0.0,752.211
1497,0.0,752.71
1498,0.0,753.207
1499,0.0,753.707
1500,0.0,754.205
1501,0.0,754.711
1502,0.0,755.202
1503,0.0,755.695
1504,0.0,756.192
1505,0.0,756.691
1506,0.0,757.189
1507,0.0,757.687
1508,0.0,758.191
1509,0.0,758.684
1510,0.0,759.182
1511,0.0,759.684
1512,0.0,760.183
1513,0.0,760.684
1514,0.0,761.172
1515,0.0,761.676
1516,0.0,762.176
1517,0.0,762.668
1518,0.0,763.173
1519,0.0,763.675
1520,0.0,764.163
1521,0.0,764.666
1522,0.0,765.172
1523,0.0,765.663
1524,0.0,766.156
1525,0.0,766.658
1526,0.0,767.152
1527,0.0,767.664
1528,0.0,768.15
1529,0.0,768.649
1530,0.0,769.147
1531,0.0,769.654
1532,0.0,770.147
1533,0.0,770.655
1534,0.0,771.144
1535,0.0,771.635
1536,0.0,772.14
1537,0.0,772.661
1538,0.0,773.141
1539,0.0,773.631
1540,0.0,774.131
1541,0.0,774.628
1542,0.0,775.129
1543,0.0,775.626
1544,0.0,776.119
1545,0.0,776.615
1546,0.0,777.117
1547,0.0,777.614
1548,0.0,778.123
1549,0.0,778.619
1550,0.0,779.115
1551,0.0,779.613
1552,0.0,780.106
1553,0.0,780.612
1554,0.0,781.102
1555,0.0,781.598
1556,0.0,782.104
1557,0.0,782.602
1558,0.0,783.095
1559,0.0,783.59
1560,0.0,784.09
1561,0.0,784.591
1562,0.0,785.094
1563,0.0,785.59
1564,0.0,786.085
1565,0.0,786.587
1566,0.0,787.086
1567,0.0,787.584
1568,0.0,788.084
1569,0.0,788.581
1570,0.0,789.08
1571,0.0,789.575
1572,0.0,790.07
1573,0.0,790.588
1574,0.0,791.074
1575,0.0,791.596
1576,0.0,792.08
1577,0.0,792.59
1578,0.0,793.058
1579,0.0,793.557
1580,0.0,794.079
1581,0.0,794.593
1582,0.0,795.055
1583,0.0,795.557
1584,0.0,796.055
1585,0.0,796.547
1586,0.0,797.046
1587,0.0,797.554
1588,0.0,798.045
1589,0.0,798.54
1590,0.0,799.039
1591,0.0,799.537
1592,0.0,800.043
1593,0.0,800.539
1594,0.0,801.047
1595,0.0,801.527
1596,0.0,802.028
1597,0.0,802.528
1598,0.0,803.024
1599,0.0,803.526
1600,0.0,804.027
1601,0.0,804.532
1602,0.0,805.024
1603,0.0,805.529
1604,0.0,806.024
1605,0.0,806.519
1606,0.0,807.011
1607,0.0,807.515
1608,0.0,808.018
1609,0.0,808.508
1610,0.0,809.009
1611,0.0,809.508
1612,0.0,810.0
1613,0.0,810.51
1614,0.0,811.028
1615,0.0,811.503
1616,0.0,811.999
1617,0.0,812.49
1618,0.0,812.992
1619,0.0,813.491
1620,0.0,813.991
1621,0.0,814.483
1622,0.0,814.993
1623,0.0,815.487
1624,0.0,815.979
1625,0.0,816.482
1626,0.0,816.977
1627,0.0,817.486
1628,0.0,817.97
1629,0.0,818.481
1630,0.0,818.97
1631,0.0,819.465
1632,0.0,819.971
1633,0.0,820.462
1634,0.0,820.965
1635,0.0,821.465
1636,0.0,821.955
1637,0.0,822.455
1638,0.0,822.954
1639,0.0,823.46
1640,0.0,823.948
1641,0.0,824.451
1642,0.0,824.951
1643,0.0,825.458
1644,0.0,825.949
1645,0.0,826.439
1646,0.0,826.945
1647,0.0,827.437
1648,0.0,827.937
1649,0.0,828.431
1650,0.0,828.932
1651,0.0,829.433
1652,0.0,829.935
1653,0.0,830.423
1654,0.0,830.931
1655,0.0,831.424
1656,0.0,831.928
1657,0.0,832.428
1658,0.0,832.923
1659,0.0,833.419
1660,0.0,833.915
1661,0.0,834.418
1662,0.0,834.916
1663,0.0,835.406
1664,0.0,835.917
1665,0.0,836.412
1666,0.0,836.904
1667,0.0,837.404
1668,0.0,837.906
1669,0.0,838.409
1670,0.0,838.896
1671,0.0,839.394
1672,0.0,839.891
1673,0.0,840.393
1674,0.0,840.89
1675,0.0,841.386
1676,0.0,841.89
1677,0.0,842.391
1678,0.0,842.891
1679,0.0,843.376
1680,0.0,843.877
1681,0.0,844.375
1682,0.0,844.88
1683,0.0,845.379
1684,0.0,845.877
1685,0.0,846.367
1686,0.0,846.88
1687,0.0,847.38
1688,0.0,847.867
1689,0.0,848.365
1690,0.0,848.859
1691,0.0,849.357
1692,0.0,849.881
1693,0.0,850.355
1694,0.0,850.85
1695,0.0,851.348
1696,0.0,851.848
1697,0.0,852.347
1698,0.0,852.844
1699,0.0,853.352
1700,0.0,853.846
1701,0.0,854.35
1702,0.0,854.841
1703,0.0,855.341
1704,0.0,855.84
1705,0.0,856.334
1706,0.0,856.839
1707,0.0,857.329
1708,0.0,857.831
1709,0.0,858.329
1710,0.0,858.827
1711,0.0,859.318
1712,0.0,859.818
1713,0.0,860.317
1714,0.0,860.816
1715,0.0,861.313
1716,0.0,861.817
1717,0.0,862.319
1718,0.0,862.814
1719,0.0,863.312
1720,0.0,863.81
1721,0.0,864.305
1722,0.0,864.805
1723,0.0,865.297
1724,0.0,865.802
1725,0.0,866.301
1726,0.0,866.804
1727,0.0,867.305
1728,0.0,867.795
1729,0.0,868.288
1730,0.0,868.786
1731,0.0,869.288
1732,0.0,869.782
1733,0.0,870.282
1734,0.0,870.779
1735,0.0,871.281
1736,0.0,871.776
1737,0.0,872.271
1738,0.0,872.776
1739,0.0,873.273
1740,0.0,873.774
1741,0.0,874.279
1742,0.0,874.77
1743,0.0,875.265
1744,0.0,875.766
1745,0.0,876.264
1746,0.0,876.763
1747,0.0,877.259
1748,0.0,877.763
1749,0.0,878.258
1750,0.0,878.754
1751,0.0,879.254
1752,0.0,879.752
1753,0.0,880.257
1754,0.0,880.75
1755,0.0,881.24
1756,0.0,881.75
1757,0.0,882.239
1758,0.0,882.736
1759,0.0,883.232
1760,0.0,883.738
1761,0.0,884.236
1762,0.0,884.728
1763,0.0,885.228
1764,0.0,885.731
1765,0.0,886.222
1766,0.0,886.728
1767,0.0,887.226
1768,0.0,887.718
1769,0.0,888.227
1770,0.0,888.72
1771,0.0,889.217
1772,0.0,889.716
1773,0.0,890.227
1774,0.0,890.715
1775,0.0,891.214
1776,0.0,891.703
1777,0.0,892.232
1778,0.0,892.7
1779,0.0,893.195
1780,0.0,893.701
1781,0.0,894.198
1782,0.0,894.693
1783,0.0,895.201
1784,0.0,895.695
1785,0.0,896.189
1786,0.0,896.686
1787,0.0,897.19
1788,0.0,897.69
1789,0.0,898.185
1790,0.0,898.688
1791,0.0,899.178
1792,0.0,899.679
1793,0.0,900.179
1794,0.0,900.679
1795,0.0,901.18
1796,0.0,901.676
1797,0.0,902.179
1798,0.0,902.667
1799,0.0,903.163
1800,0.0,903.66
1801,0.0,904.16
1802,0.0,904.662
1803,0.0,905.169
1804,0.0,905.653
1805,0.0,906.153
1806,0.0,906.648
1807,0.0,907.147
1808,0.0,907.647
1809,0.0,908.148
1810,0.0,908.643
1811,0.0,909.143
1812,0.0,909.641
1813,0.0,910.176
1814,0.0,910.635
1815,0.0,911.138
1816,0.0,911.632
1817,0.0,912.135
1818,0.0,912.635
1819,0.0,913.134
1820,0.0,913.626
1821,0.0,914.134
1822,0.0,914.625
1823,0.0,915.123
1824,0.0,915.617
1825,0.0,916.126
1826,0.0,916.62
1827,0.0,917.115
1828,0.0,917.615
1829,0.0,918.114
1830,0.0,918.608
1831,0.0,919.108
1832,0.0,919.61
1833,0.0,920.109
1834,0.0,920.599
1835,0.0,921.103
1836,0.0,921.601
1837,0.0,922.107
1838,0.0,922.593
1839,0.0,923.091
1840,0.0,923.589
1841,0.0,924.129
1842,0.0,924.584
1843,0.0,925.081
1844,0.0,925.588
1845,0.0,926.086
1846,0.0,926.578
1847,0.0,927.089
1848,0.0,927.574
1849,0.0,928.07
1850,0.0,928.572
1851,0.0,929.074
1852,0.0,929.568
1853,0.0,930.065
1854,0.0,930.569
1855,0.0,931.072
1856,0.0,931.559
1857,0.0,932.063
1858,0.0,932.557
1859,0.0,933.06
1860,0.0,933.565
1861,0.0,934.053
1862,0.0,934.549
1863,0.0,935.054
1864,0.0,935.547
1865,0.0,936.049
1866,0.0,936.548
1867,0.0,937.05
1868,0.0,937.546
1869,0.0,938.04
1870,0.0,938.539
1871,0.0,939.041
1872,0.0,939.539
1873,0.0,940.042
1874,0.0,940.539
1875,0.0,941.029
1876,0.0,941.531
1877,0.0,942.028
1878,0.0,942.528
1879,0.0,943.019
1880,0.0,943.519
1881,0.0,944.019
1882,0.0,944.516
1883,0.0,945.01
1884,0.0,945.519
1885,0.0,946.007
1886,0.0,946.514
1887,0.0,947.012
1888,0.0,947.504
1889,0.0,948.007
1890,0.0,948.499
1891,0.0,949.011
1892,0.0,949.497
1893,0.0,949.998
1894,0.0,950.499
1895,0.0,950.992
1896,0.0,951.495
1897,0.0,951.998
1898,0.0,952.485
1899,0.0,952.983
1900,0.0,953.481
1901,0.0,953.983
1902,0.0,954.476
1903,0.0,954.979
1904,0.0,955.475
1905,0.0,955.971
1906,0.0,956.475
1907,0.0,956.97
1908,0.0,957.466
1909,0.0,957.973
1910,0.0,958.467
1911,0.0,958.962
1912,0.0,959.47
1913,0.0,959.962
1914,0.0,960.472
1915,0.0,960.954
1916,0.0,961.461
1917,0.0,961.95
1918,0.0,962.451
1919,0.0,962.951
1920,0.0,963.444
1921,0.0,963.948
1922,0.0,964.445
1923,0.0,964.951
1924,0.0,965.437
1925,0.0,965.946
1926,0.0,966.436
1927,0.0,966.944
1928,0.0,967.435
1929,0.0,967.933
1930,0.0,968.428
1931,0.0,968.926
1932,0.0,969.422
1933,0.0,969.923
1934,0.0,970.424
1935,0.0,970.923
1936,0.0,971.418
1937,0.0,971.926
1938,0.0,972.42
1939,0.0,972.921
1940,0.0,973.408
1941,0.0,973.912
1942,0.0,974.404
1943,0.0,974.907
1944,0.0,975.405
1945,0.0,975.902
1946,0.0,976.397
1947,0.0,976.897
1948,0.0,977.398
1949,0.0,977.894
1950,0.0,978.395
1951,0.0,978.886
1952,0.0,979.391
1953,0.0,979.883
1954,0.0,980.387
1955,0.0,980.886
1956,0.0,981.386
1957,0.0,981.876
1958,0.0,982.385
1959,0.0,982.887
1960,0.0,983.376
1961,0.0,983.873
1962,0.0,984.369
1963,0.0,984.879
1964,0.0,985.374
1965,0.0,985.866
1966,0.0,986.362
1967,0.0,986.872
1968,0.0,987.358
1969,0.0,987.871
1970,0.0,988.363
1971,0.0,988.859
1972,0.0,989.378
1973,0.0,989.863
1974,0.0,990.349
1975,0.0,990.845
1976,0.0,991.349
1977,0.0,991.84
1978,0.0,992.345
1979,0.0,992.838
1980,0.0,993.342
1981,0.0,993.842
1982,0.0,994.332
1983,0.0,994.838
1984,0.0,995.33
1985,0.0,995.834
1986,0.0,996.326
1987,0.0,996.827
1988,0.0,997.322
1989,0.0,997.827
1990,0.0,998.33
1991,0.0,998.82
1992,0.0,999.321
1993,0.0,999.822
1994,0.0,1000.317
1995,0.0,1000.811
1996,0.0,1001.313
1997,0.0,1001.812
1998,0.0,1002.31
1999,0.0,1002.805
2000,0.0,1003.311
2001,0.0,1003.81
2002,0.0,1004.3
2003,0.0,1004.794
2004,0.0,1005.293
2005,0.0,1005.797
2006,0.0,1006.29
2007,0.0,1006.801
2008,0.0,1007.286
2009,0.0,1007.787
2010,0.0,1008.283
2011,0.0,1008.793
2012,0.0,1009.286
2013,0.0,1009.782
2014,0.0,1010.275
2015,0.0,1010.775
2016,0.0,1011.277
2017,0.0,1011.769
2018,0.0,1012.273
2019,0.0,1012.768
2020,0.0,1013.271
2021,0.0,1013.765
2022,0.0,1014.267
2023,0.0,1014.772
2024,0.0,1015.262
2025,0.0,1015.812
2026,0.0,1016.253
2027,0.0,1016.754
2028,0.0,1017.252
2029,0.0,1017.745
2030,0.0,1018.246
2031,0.0,1018.751
2032,0.0,1019.242
2033,0.0,1019.744
2034,0.0,1020.244
2035,0.0,1020.747
2036,0.0,1021.732
2037,0.0,1022.237
2038,0.0,1022.739
2039,0.0,1023.233
2040,0.0,1023.729
2041,0.0,1024.229
2042,0.0,1024.73
2043,0.0,1025.225
2044,0.0,1025.726
2045,0.0,1026.223
2046,0.0,1026.73
2047,0.0,1027.22
2048,0.0,1027.711
2049,0.0,1028.211
2050,0.0,1028.71
2051,0.0,1029.208
2052,0.0,1029.707
2053,0.0,1030.21
2054,0.0,1030.703
2055,0.0,1031.203
2056,0.0,1031.702
2057,0.0,1032.197
2058,0.0,1032.707
2059,0.0,1033.2
2060,0.0,1033.695
2061,0.0,1034.196
2062,0.0,1034.689
2063,0.0,1035.187
2064,0.0,1035.686
2065,0.0,1036.199
2066,0.0,1036.685
2067,0.0,1037.189
2068,0.0,1037.684
2069,0.0,1038.176
2070,0.0,1038.677
2071,0.0,1039.175
2072,0.0,1039.671
2073,0.0,1040.174
2074,0.0,1040.67
2075,0.0,1041.166
2076,0.0,1041.669
2077,0.0,1042.167
2078,0.0,1042.661
2079,0.0,1043.164
2080,0.0,1043.654
2081,0.0,1044.16
2082,0.0,1044.651
2083,0.0,1045.157
2084,0.0,1045.647
2085,0.0,1046.151
2086,0.0,1046.648
2087,0.0,1047.148
2088,0.0,1047.643
2089,0.0,1048.139
2090,0.0,1048.649
2091,0.0,1049.134
2092,0.0,1049.637
2093,0.0,1050.131
2094,0.0,1050.643
2095,0.0,1051.132
2096,0.0,1051.631
2097,0.0,1052.125
2098,0.0,1052.624
2099,0.0,1053.125
2100,0.0,1053.632
2101,0.0,1054.123
2102,0.0,1054.615
2103,0.0,1055.118
2104,0.0,1055.623
2105,0.0,1056.115
2106,0.0,1056.617
2107,0.0,1057.104
2108,0.0,1057.609
2109,0.0,1058.103
2110,0.0,1058.603
2111,0.0,1059.108
2112,0.0,1059.601
2113,0.0,1060.094
2114,0.0,1060.598
2115,0.0,1061.094
2116,0.0,1061.591
2117,0.0,1062.093
2118,0.0,1062.594
2119,0.0,1063.083
2120,0.0,1063.582
2121,0.0,1064.084
2122,0.0,1064.597
2123,0.0,1065.082
2124,0.0,1065.577
2125,0.0,1066.082
2126,0.0,1066.571
2127,0.0,1067.072
2128,0.0,1067.571
2129,0.0,1068.07
2130,0.0,1068.561
2131,0.0,1069.06
2132,0.0,1069.567
2133,0.0,1070.058
2134,0.0,1070.556
2135,0.0,1071.08
2136,0.0,1071.55
2137,0.0,1072.056
2138,0.0,1072.554
2139,0.0,1073.047
2140,0.0,1073.546
2141,0.0,1074.042
2142,0.0,1074.555
2143,0.0,1075.04
2144,0.0,1075.541
2145,0.0,1076.047
2146,0.0,1076.547
2147,0.0,1077.037
2148,0.0,1077.542
2149,0.0,1078.029
2150,0.0,1078.529
2151,0.0,1079.025
2152,0.0,1079.529
2153,0.0,1080.031
2154,0.0,1080.52
2155,0.0,1081.018
2156,0.0,1081.529
2157,0.0,1082.02
2158,0.0,1082.524
2159,0.0,1083.017
2160,0.0,1083.52
2161,0.0,1084.013
2162,0.0,1084.51
2163,0.0,1085.009
2164,0.0,1085.511
2165,0.0,1086.005
2166,0.0,1086.511
2167,0.0,1087.013
2168,0.0,1087.514
2169,0.0,1088.014
2170,0.0,1088.517
2171,0.0,1089.015
2172,0.0,1089.508
2173,0.0,1090.026
2174,0.0,1090.517
2175,0.0,1090.985
2176,0.0,1091.48
2177,0.0,1091.983
2178,0.0,1092.49
2179,0.0,1092.981
2180,0.0,1093.48
2181,0.0,1093.971
2182,0.0,1094.478
2183,0.0,1094.966
2184,0.0,1095.473
2185,0.0,1095.963
2186,0.0,1096.465
2187,0.0,1096.967
2188,0.0,1097.457
2189,0.0,1097.958
2190,0.0,1098.469
2191,0.0,1098.955
2192,0.0,1099.452
2193,0.0,1099.95
2194,0.0,1100.453
2195,0.0,1100.948
2196,0.0,1101.447
2197,0.0,1101.943
2198,0.0,1102.445
2199,0.0,1102.946
2200,0.0,1103.442
2201,0.0,1103.944
2202,0.0,1104.444
2203,0.0,1104.937
2204,0.0,1105.439
2205,0.0,1105.927
2206,0.0,1106.433
2207,0.0,1106.934
2208,0.0,1107.424
2209,0.0,1107.927
2210,0.0,1108.42
2211,0.0,1108.923
2212,0.0,1109.423
2213,0.0,1109.921
2214,0.0,1110.424
2215,0.0,1110.908
2216,0.0,1111.408
2217,0.0,1111.906
2218,0.0,1112.406
2219,0.0,1112.904
2220,0.0,1113.416
2221,0.0,1113.907
2222,0.0,1114.403
2223,0.0,1114.906
2224,0.0,1115.405
2225,0.0,1115.897
2226,0.0,1116.389
2227,0.0,1116.895
2228,0.0,1117.392
2229,0.0,1117.885
2230,0.0,1118.383
2231,0.0,1118.885
2232,0.0,1119.393
2233,0.0,1119.879
2234,0.0,1120.383
2235,0.0,1120.906
2236,0.0,1121.371
2237,0.0,1121.883
2238,0.0,1122.371
2239,0.0,1122.867
2240,0.0,1123.364
2241,0.0,1123.868
2242,0.0,1124.362
2243,0.0,1124.865
2244,0.0,1125.366
2245,0.0,1125.864
2246,0.0,1126.367
2247,0.0,1126.858
2248,0.0,1127.355
2249,0.0,1127.851
2250,0.0,1128.35
2251,0.0,1128.855
2252,0.0,1129.346
2253,0.0,1129.847
2254,0.0,1130.349
2255,0.0,1130.843
2256,0.0,1131.336
2257,0.0,1131.833
2258,0.0,1132.345
2259,0.0,1132.831
2260,0.0,1133.33
2261,0.0,1133.827
2262,0.0,1134.335
2263,0.0,1134.828
2264,0.0,1135.327
2265,0.0,1135.821
2266,0.0,1136.321
2267,0.0,1136.816
2268,0.0,1137.315
2269,0.0,1137.818
2270,0.0,1138.324
2271,0.0,1138.815
2272,0.0,1139.322
2273,0.0,1139.812
2274,0.0,1140.306
2275,0.0,1140.803
2276,0.0,1141.306
2277,0.0,1141.799
2278,0.0,1142.302
2279,0.0,1142.794
2280,0.0,1143.297
2281,0.0,1143.796
2282,0.0,1144.297
2283,0.0,1144.787
2284,0.0,1145.29
2285,0.0,1145.784
2286,0.0,1146.282
2287,0.0,1146.785
2288,0.0,1147.29
2289,0.0,1147.783
2290,0.0,1148.281
2291,0.0,1148.779
2292,0.0,1149.274
2293,0.0,1149.774
2294,0.0,1150.273
2295,0.0,1150.77
2296,0.0,1151.269
2297,0.0,1151.766
2298,0.0,1152.261
2299,0.0,1152.756
2300,0.0,1153.268
2301,0.0,1153.766
2302,0.0,1154.263
2303,0.0,1154.754
2304,0.0,1155.249
2305,0.0,1155.757
2306,0.0,1156.251
2307,0.0,1156.742
2308,0.0,1157.242
2309,0.0,1157.747
2310,0.0,1158.237
2311,0.0,1158.741
2312,0.0,1159.237
2313,0.0,1159.738
2314,0.0,1160.232
2315,0.0,1160.729
2316,0.0,1161.239
2317,0.0,1161.73
2318,0.0,1162.229
2319,0.0,1162.722
2320,0.0,1163.225
2321,0.0,1163.718
2322,0.0,1164.217
2323,0.0,1164.714
2324,0.0,1165.214
2325,0.0,1165.71
2326,0.0,1166.214
2327,0.0,1166.707
2328,0.0,1167.213
2329,0.0,1167.708
2330,0.0,1168.212
2331,0.0,1168.703
2332,0.0,1169.202
2333,0.0,1169.701
2334,0.0,1170.196
2335,0.0,1170.699
2336,0.0,1171.191
2337,0.0,1171.692
2338,0.0,1172.191
2339,0.0,1172.684
2340,0.0,1173.184
2341,0.0,1173.681
2342,0.0,1174.179
2343,0.0,1174.705
2344,0.0,1175.187
2345,0.0,1175.678
2346,0.0,1176.169
2347,0.0,1176.676
2348,0.0,1177.169
2349,0.0,1177.666
2350,0.0,1178.167
2351,0.0,1178.664
2352,0.0,1179.161
2353,0.0,1179.659
2354,0.0,1180.16
2355,0.0,1180.66
2356,0.0,1181.153
2357,0.0,1181.684
2358,0.0,1182.163
2359,0.0,1182.647
2360,0.0,1183.152
2361,0.0,1183.667
2362,0.0,1184.155
2363,0.0,1184.656
2364,0.0,1185.144
2365,0.0,1185.659
2366,0.0,1186.145
2367,0.0,1186.647
2368,0.0,1187.162
2369,0.0,1187.635
2370,0.0,1188.162
2371,0.0,1188.634
2372,0.0,1189.127
2373,0.0,1189.63
2374,0.0,1190.129
2375,0.0,1190.625
2376,0.0,1191.123
2377,0.0,1191.617
2378,0.0,1192.12
2379,0.0,1192.618
2380,0.0,1193.119
2381,0.0,1193.617
2382,0.0,1194.123
2383,0.0,1194.608
2384,0.0,1195.102
2385,0.0,1195.603
2386,0.0,1196.101
2387,0.0,1196.604
2388,0.0,1197.095
2389,0.0,1197.6
2390,0.0,1198.1
2391,0.0,1198.591
2392,0.0,1199.1
2393,0.0,1199.587
2394,0.0,1200.084
2395,0.0,1200.589
2396,0.0,1201.085
2397,0.0,1201.585
2398,0.0,1202.08
2399,0.0,1202.582
2400,0.0,1203.075
2401,0.0,1203.578
2402,0.0,1204.075
2403,0.0,1204.57
2404,0.0,1205.073
2405,0.0,1205.577
2406,0.0,1206.066
2407,0.0,1206.564
2408,0.0,1207.065
2409,0.0,1207.564
2410,0.0,1208.059
2411,0.0,1208.56
2412,0.0,1209.056
2413,0.0,1209.559
2414,0.0,1210.051
2415,0.0,1210.554
2416,0.0,1211.051
2417,0.0,1211.551
2418,0.0,1212.054
2419,0.0,1213.038
2420,0.0,1213.541
2421,0.0,1214.04
2422,0.0,1214.539
2423,0.0,1215.044
2424,0.0,1215.532
2425,0.0,1216.031
2426,0.0,1216.529
2427,0.0,1217.024
2428,0.0,1217.524
2429,0.0,1218.02
2430,0.0,1218.518
2431,0.0,1219.021
2432,0.0,1219.515
2433,0.0,1220.015
2434,0.0,1220.512
2435,0.0,1221.007
2436,0.0,1221.508
2437,0.0,1222.008
2438,0.0,1222.506
2439,0.0,1223.003
2440,0.0,1223.503
2441,0.0,1224.011
2442,0.0,1224.499
2443,0.0,1224.997
2444,0.0,1225.496
2445,0.0,1225.998
2446,0.0,1226.501
2447,0.0,1226.991
2448,0.0,1227.485
2449,0.0,1227.984
2450,0.0,1228.486
2451,0.0,1228.985
2452,0.0,1229.486
2453,0.0,1229.986
2454,0.0,1230.482
2455,0.0,1230.985
2456,0.0,1231.483
2457,0.0,1231.975
2458,0.0,1232.474
2459,0.0,1232.973
2460,0.0,1233.475
2461,0.0,1233.963
2462,0.0,1234.463
2463,0.0,1234.965
2464,0.0,1235.46
2465,0.0,1235.967
2466,0.0,1236.454
2467,0.0,1236.965
2468,0.0,1237.45
2469,0.0,1237.96
2470,0.0,1238.453
2471,0.0,1238.958
2472,0.0,1239.449
2473,0.0,1239.948
2474,0.0,1240.441
2475,0.0,1240.939
2476,0.0,1241.44
2477,0.0,1241.935
2478,0.0,1242.438
2479,0.0,1242.935
2480,0.0,1243.432
2481,0.0,1243.928
2482,0.0,1244.425
2483,0.0,1244.935
2484,0.0,1245.42
2485,0.0,1245.924
2486,0.0,1246.419
2487,0.0,1246.92
2488,0.0,1247.423
2489,0.0,1247.911
2490,0.0,1248.409
2491,0.0,1248.914
2492,0.0,1249.407
2493,0.0,1249.906
2494,0.0,1250.407
2495,0.0,1250.9
2496,0.0,1251.403
2497,0.0,1251.909
2498,0.0,1252.399
2499,0.0,1252.898
2500,0.0,1253.398
2501,0.0,1253.89
2502,0.0,1254.39
2503,0.0,1254.886
2504,0.0,1255.388
2505,0.0,1255.886
2506,0.0,1256.385
2507,0.0,1256.891
2508,0.0,1257.382
2509,0.0,1257.886
2510,0.0,1258.373
2511,0.0,1258.88
2512,0.0,1259.368
2513,0.0,1259.88
2514,0.0,1260.371
2515,0.0,1260.868
2516,0.0,1261.372
2517,0.0,1261.865
2518,0.0,1262.363
2519,0.0,1262.86
2520,0.0,1263.36
2521,0.0,1263.865
2522,0.0,1264.355
2523,0.0,1264.862
2524,0.0,1265.352
2525,0.0,1265.857
2526,0.0,1266.348
2527,0.0,1266.846
2528,0.0,1267.34
2529,0.0,1267.843
2530,0.0,1268.336
2531,0.0,1268.834
2532,0.0,1269.331
2533,0.0,1269.836
2534,0.0,1270.339
2535,0.0,1270.829
2536,0.0,1271.331
2537,0.0,1271.831
2538,0.0,1272.326
2539,0.0,1272.822
2540,0.0,1273.316
2541,0.0,1273.821
2542,0.0,1274.32
2543,0.0,1274.812
2544,0.0,1275.315
2545,0.0,1275.809
2546,0.0,1276.31
2547,0.0,1276.804
2548,0.0,1277.313
2549,0.0,1277.81
2550,0.0,1278.305
2551,0.0,1278.81
2552,0.0,1279.308
2553,0.0,1279.81
2554,0.0,1280.321
2555,0.0,1280.81
2556,0.0,1281.31
2557,0.0,1281.802
2558,0.0,1282.284
2559,0.0,1282.781
2560,0.0,1283.313
2561,0.0,1283.779
2562,0.0,1284.284
2563,0.0,1284.782
2564,0.0,1285.281
2565,0.0,1285.773
2566,0.0,1286.276
2567,0.0,1286.781
2568,0.0,1287.272
2569,0.0,1287.77
2570,0.0,1288.264
2571,0.0,1288.765
2572,0.0,1289.259
2573,0.0,1289.772
2574,0.0,1290.257
2575,0.0,1290.764
2576,0.0,1291.257
2577,0.0,1291.754
2578,0.0,1292.284
2579,0.0,1292.757
2580,0.0,1293.251
2581,0.0,1293.743
2582,0.0,1294.248
2583,0.0,1294.746
2584,0.0,1295.235
2585,0.0,1295.734
2586,0.0,1296.239
2587,0.0,1296.739
2588,0.0,1297.234
2589,0.0,1297.734
2590,0.0,1298.234
2591,0.0,1298.731
2592,0.0,1299.228
2593,0.0,1299.722
2594,0.0,1300.221
2595,0.0,1300.718
2596,0.0,1301.216
2597,0.0,1301.717
2598,0.0,1302.218
2599,0.0,1302.711
2600,0.0,1303.211
2601,0.0,1303.708
2602,0.0,1304.21
2603,0.0,1304.717
2604,0.0,1305.206
2605,0.0,1305.703
2606,0.0,1306.202
2607,0.0,1306.694
2608,0.0,1307.199
2609,0.0,1307.69
2610,0.0,1308.196
2611,0.0,1308.694
2612,0.0,1309.198
2613,0.0,1309.691
2614,0.0,1310.183
2615,0.0,1310.683
2616,0.0,1311.18
2617,0.0,1311.684
2618,0.0,1312.176
2619,0.0,1312.676
2620,0.0,1313.182
2621,0.0,1313.679
2622,0.0,1314.175
2623,0.0,1314.679
2624,0.0,1315.17
2625,0.0,1315.663
2626,0.0,1316.166
2627,0.0,1316.662
2628,0.0,1317.167
2629,0.0,1317.662
2630,0.0,1318.173
2631,0.0,1318.657
2632,0.0,1319.156
2633,0.0,1319.661
2634,0.0,1320.147
2635,0.0,1320.656
2636,0.0,1321.144
2637,0.0,1321.642
2638,0.0,1322.149
2639,0.0,1322.638
2640,0.0,1323.141
2641,0.0,1323.64
2642,0.0,1324.132
2643,0.0,1324.633
2644,0.0,1325.135
2645,0.0,1325.624
2646,0.0,1326.129
2647,0.0,1326.628
2648,0.0,1327.125
2649,0.0,1327.617
2650,0.0,1328.124
2651,0.0,1328.62
2652,0.0,1329.12
2653,0.0,1329.617
2654,0.0,1330.111
2655,0.0,1330.613
2656,0.0,1331.106
2657,0.0,1331.606
2658,0.0,1332.103
2659,0.0,1332.607
2660,0.0,1333.105
2661,0.0,1333.602
2662,0.0,1334.101
2663,0.0,1334.602
2664,0.0,1335.095
2665,0.0,1335.591
2666,0.0,1336.087
2667,0.0,1336.592
2668,0.0,1337.09
2669,0.0,1337.585
2670,0.0,1338.09
2671,0.0,1338.585
2672,0.0,1339.08
2673,0.0,1339.581
2674,0.0,1340.08
2675,0.0,1340.577
2676,0.0,1341.071
2677,0.0,1341.575
2678,0.0,1342.069
2679,0.0,1342.565
2680,0.0,1343.069
2681,0.0,1343.571
2682,0.0,1344.064
2683,0.0,1344.562
2684,0.0,1345.056
2685,0.0,1345.555
2686,0.0,1346.058
2687,0.0,1346.548
2688,0.0,1347.053
2689,0.0,1347.561
2690,0.0,1348.043
2691,0.0,1348.542
2692,0.0,1349.046
2693,0.0,1349.551
2694,0.0,1350.036
2695,0.0,1350.54
2696,0.0,1351.033
2697,0.0,1351.536
2698,0.0,1352.041
2699,0.0,1352.53
2700,0.0,1353.025
2701,0.0,1353.525
2702,0.0,1354.023
2703,0.0,1354.533
2704,0.0,1355.018
2705,0.0,1355.525
2706,0.0,1356.02
2707,0.0,1356.524
2708,0.0,1357.015
2709,0.0,1357.514
2710,0.0,1358.014
2711,0.0,1358.504
2712,0.0,1359.013
2713,0.0,1359.503
2714,0.0,1360.001
2715,0.0,1360.503
2716,0.0,1361.008
2717,0.0,1361.491
2718,0.0,1361.993
2719,0.0,1362.49
2720,0.0,1362.99
2721,0.0,1363.487
2722,0.0,1363.986
2723,0.0,1364.496
2724,0.0,1364.987
2725,0.0,1365.486
2726,0.0,1365.978
2727,0.0,1366.476
2728,0.0,1366.976
2729,0.0,1367.48
2730,0.0,1367.97
2731,0.0,1368.473
2732,0.0,1368.975
2733,0.0,1369.478
2734,0.0,1369.969
2735,0.0,1370.462
2736,0.0,1370.965
2737,0.0,1371.459
2738,0.0,1371.957
2739,0.0,1372.46
2740,0.0,1372.952
2741,0.0,1373.453
2742,0.0,1373.956
2743,0.0,1374.46
2744,0.0,1374.951
2745,0.0,1375.448
2746,0.0,1375.947
2747,0.0,1376.445
2748,0.0,1376.944
2749,0.0,1377.448
2750,0.0,1377.936
2751,0.0,1378.44
2752,0.0,1378.936
2753,0.0,1379.441
2754,0.0,1379.931
2755,0.0,1380.444
2756,0.0,1380.949
2757,0.0,1381.451
2758,0.0,1381.932
2759,0.0,1382.416
2760,0.0,1382.916
2761,0.0,1383.415
2762,0.0,1383.917
2763,0.0,1384.413
2764,0.0,1384.908
2765,0.0,1385.405
2766,0.0,1385.911
2767,0.0,1386.403
2768,0.0,1386.912
2769,0.0,1387.406
2770,0.0,1387.903
2771,0.0,1388.395
2772,0.0,1388.9
2773,0.0,1389.399
2774,0.0,1389.892
2775,0.0,1390.39
2776,0.0,1390.893
2777,0.0,1391.398
2778,0.0,1391.885
2779,0.0,1392.387
2780,0.0,1392.881
2781,0.0,1393.377
2782,0.0,1393.876
2783,0.0,1394.38
2784,0.0,1394.873
2785,0.0,1395.379
2786,0.0,1395.874
2787,0.0,1396.374
2788,0.0,1396.871
2789,0.0,1397.373
2790,0.0,1397.868
2791,0.0,1398.361
2792,0.0,1398.862
2793,0.0,1399.362
2794,0.0,1399.854
2795,0.0,1400.356
2796,0.0,1400.86
2797,0.0,1401.35
2798,0.0,1401.852
2799,0.0,1402.349
2800,0.0,1402.887
2801,0.0,1403.354
2802,0.0,1403.838
2803,0.0,1404.35
2804,0.0,1404.836
2805,0.0,1405.333
2806,0.0,1405.834
2807,0.0,1406.34
2808,0.0,1406.834
2809,0.0,1407.332
2810,0.0,1407.825
2811,0.0,1408.325
2812,0.0,1408.821
2813,0.0,1409.319
2814,0.0,1409.819
2815,0.0,1410.321
2816,0.0,1410.82
2817,0.0,1411.315
2818,0.0,1411.811
2819,0.0,1412.323
2820,0.0,1412.818
2821,0.0,1413.312
2822,0.0,1414.307
2823,0.0,1414.8
2824,0.0,1415.298
2825,0.0,1415.796
2826,0.0,1416.297
2827,0.0,1416.792
2828,0.0,1417.293
2829,0.0,1417.795
2830,0.0,1418.289
2831,0.0,1418.792
2832,0.0,1419.287
2833,0.0,1419.783
2834,0.0,1420.286
2835,0.0,1420.782
2836,0.0,1421.278
2837,0.0,1421.785
2838,0.0,1422.28
2839,0.0,1422.777
2840,0.0,1423.275
2841,0.0,1423.775
2842,0.0,1424.279
2843,0.0,1424.771
2844,0.0,1425.263
2845,0.0,1425.771
2846,0.0,1426.258
2847,0.0,1426.761
2848,0.0,1427.267
2849,0.0,1427.759
2850,0.0,1428.258
2851,0.0,1428.751
2852,0.0,1429.251
2853,0.0,1429.754
2854,0.0,1430.243
2855,0.0,1430.747
2856,0.0,1431.244
2857,0.0,1431.745
2858,0.0,1432.248
2859,0.0,1432.739
2860,0.0,1433.233
2861,0.0,1433.735
2862,0.0,1434.236
2863,0.0,1434.732
2864,0.0,1435.231
2865,0.0,1435.723
2866,0.0,1436.223
2867,0.0,1436.72
2868,0.0,1437.223
2869,0.0,1437.718
2870,0.0,1438.217
2871,0.0,1438.711
2872,0.0,1439.214
2873,0.0,1439.715
2874,0.0,1440.214
2875,0.0,1440.705
2876,0.0,1441.209
2877,0.0,1441.707
2878,0.0,1442.206
2879,0.0,1442.708
2880,0.0,1443.195
2881,0.0,1443.698
2882,0.0,1444.195
2883,0.0,1444.69
2884,0.0,1445.198
2885,0.0,1445.684
2886,0.0,1446.195
2887,0.0,1446.682
2888,0.0,1447.181
2889,0.0,1447.678
2890,0.0,1448.177
2891,0.0,1448.68
2892,0.0,1449.178
2893,0.0,1449.67
2894,0.0,1450.168
2895,0.0,1450.666
2896,0.0,1451.178
2897,0.0,1451.742
2898,0.0,1452.16
2899,0.0,1452.665
2900,0.0,1453.158
2901,0.0,1453.661
2902,0.0,1454.159
2903,0.0,1454.658
2904,0.0,1455.157
2905,0.0,1455.652
2906,0.0,1456.168
2907,0.0,1456.642
2908,0.0,1457.143
2909,0.0,1457.642
2910,0.0,1458.151
2911,0.0,1458.642
2912,0.0,1459.138
2913,0.0,1459.633
2914,0.0,1460.14
2915,0.0,1460.635
2916,0.0,1461.128
2917,0.0,1461.631
2918,0.0,1462.13
2919,0.0,1462.63
2920,0.0,1463.12
2921,0.0,1463.629
2922,0.0,1464.118
2923,0.0,1464.614
2924,0.0,1465.119
2925,0.0,1465.615
2926,0.0,1466.122
2927,0.0,1466.608
2928,0.0,1467.118
2929,0.0,1467.604
2930,0.0,1468.104
2931,0.0,1468.605
2932,0.0,1469.112
2933,0.0,1469.602
2934,0.0,1470.101
2935,0.0,1471.59
2936,0.0,1472.1
2937,0.0,1472.585
2938,0.0,1473.095
2939,0.0,1473.592
2940,0.0,1474.095
2941,0.0,1474.595
2942,0.0,1475.093
2943,0.0,1475.582
2944,0.0,1476.095
2945,0.0,1476.597
2946,0.0,1477.096
2947,0.0,1477.583
2948,0.0,1478.071
2949,0.0,1478.567
2950,0.0,1479.065
2951,0.0,1479.567
2952,0.0,1480.063
2953,0.0,1480.563
2954,0.0,1481.063
2955,0.0,1481.561
2956,0.0,1482.067
2957,0.0,1482.555
2958,0.0,1483.055
2959,0.0,1483.554
2960,0.0,1484.055
2961,0.0,1484.554
2962,0.0,1485.045
2963,0.0,1485.541
2964,0.0,1486.044
2965,0.0,1486.542
2966,0.0,1487.031
2967,0.0,1487.531
2968,0.0,1488.031
2969,0.0,1488.53
2970,0.0,1489.03
2971,0.0,1489.525
2972,0.0,1490.023
2973,0.0,1490.528
2974,0.0,1491.023
2975,0.0,1491.516
2976,0.0,1492.026
2977,0.0,1492.519
2978,0.0,1493.011
2979,0.0,1493.511
2980,0.0,1494.013
2981,0.0,1494.51
2982,0.0,1495.006
2983,0.0,1495.507
2984,0.0,1496.007
2985,0.0,1496.506
2986,0.0,1496.996
2987,0.0,1497.495
2988,0.0,1497.998
2989,0.0,1498.491
2990,0.0,1498.994
2991,0.0,1499.487
2992,0.0,1499.989
2993,0.0,1500.49
2994,0.0,1500.987
2995,0.0,1501.487
2996,0.0,1501.987
2997,0.0,1502.482
2998,0.0,1502.978
2999,0.0,1503.483
3000,0.0,1503.978
3001,0.0,1504.475
3002,0.0,1504.97
3003,0.0,1505.474
3004,0.0,1505.964
3005,0.0,1506.465
3006,0.0,1506.967
3007,0.0,1507.464
3008,0.0,1507.961
3009,0.0,1508.454
3010,0.0,1508.966
3011,0.0,1509.452
3012,0.0,1509.96
3013,0.0,1510.453
3014,0.0,1510.956
3015,0.0,1511.451
3016,0.0,1511.947
3017,0.0,1512.442
3018,0.0,1512.943
3019,0.0,1513.469
3020,0.0,1513.938
3021,0.0,1514.437
3022,0.0,1514.933
3023,0.0,1515.431
3024,0.0,1515.927
3025,0.0,1516.43
3026,0.0,1516.936
3027,0.0,1517.421
3028,0.0,1517.924
3029,0.0,1518.418
3030,0.0,1518.922
3031,0.0,1519.427
3032,0.0,1519.911
3033,0.0,1520.41
3034,0.0,1520.921
3035,0.0,1521.412
3036,0.0,1521.908
3037,0.0,1522.405
3038,0.0,1522.898
3039,0.0,1523.404
3040,0.0,1523.898
3041,0.0,1524.426
3042,0.0,1524.9
3043,0.0,1525.397
3044,0.0,1525.893
3045,0.0,1526.393
3046,0.0,1526.891
3047,0.0,1527.389
3048,0.0,1527.889
3049,0.0,1528.387
3050,0.0,1528.894
3051,0.0,1529.387
3052,0.0,1529.875
3053,0.0,1530.374
3054,0.0,1530.874
3055,0.0,1531.376
3056,0.0,1531.866
3057,0.0,1532.38
3058,0.0,1532.871
3059,0.0,1533.375
3060,0.0,1533.863
3061,0.0,1534.365
3062,0.0,1534.863
3063,0.0,1535.365
3064,0.0,1536.354
3065,0.0,1536.849
3066,0.0,1537.348
3067,0.0,1537.846
3068,0.0,1538.35
3069,0.0,1538.847
3070,0.0,1539.341
3071,0.0,1539.844
3072,0.0,1540.337
3073,0.0,1540.834
3074,0.0,1541.342
3075,0.0,1541.831
3076,0.0,1542.34
3077,0.0,1542.83
3078,0.0,1543.331
3079,0.0,1543.829
3080,0.0,1544.327
3081,0.0,1544.821
3082,0.0,1545.323
3083,0.0,1545.821
3084,0.0,1546.814
3085,0.0,1547.311
3086,0.0,1547.818
3087,0.0,1548.308
3088,0.0,1548.804
3089,0.0,1549.81
3090,0.0,1550.304
3091,0.0,1550.798
3092,0.0,1551.296
3093,0.0,1551.795
3094,0.0,1552.313
3095,0.0,1555.286
3096,0.0,1556.282
3097,0.0,1556.778
3098,0.0,1557.279
3099,0.0,1557.772
3100,0.0,1562.266
3101,0.0,1562.759
3102,0.0,1563.761
3103,0.0,1566.249
3104,0.0,1566.752
3105,0.0,1567.249
3106,0.0,1567.748
3107,0.0,1568.239
3108,0.0,1568.763
3109,0.0,1569.25
3110,0.0,1569.754
3111,0.0,1570.256
3112,0.0,1570.752
3113,0.0,1571.242
3114,0.0,1571.755
3115,0.0,1572.219
3116,0.0,1572.718
3117,0.0,1573.215
3118,0.0,1573.714
3119,0.0,1574.218
3120,0.0,1574.711
3121,0.0,1575.209
3122,0.0,1575.709
3123,0.0,1576.205
3124,0.0,1576.715
3125,0.0,1577.202
3126,0.0,1577.702
3127,0.0,1578.202
3128,0.0,1578.697
3129,0.0,1579.2
3130,0.0,1579.689
3131,0.0,1580.189
3132,0.0,1580.691
3133,0.0,1581.197
3134,0.0,1582.694
3135,0.0,1583.185
3136,0.0,1583.683
3137,0.0,1584.175
3138,0.0,1584.675
3139,0.0,1585.173
3140,0.0,1585.681
3141,0.0,1586.175
3142,0.0,1586.667
3143,0.0,1587.169
3144,0.0,1587.66
3145,0.0,1588.166
3146,0.0,1588.658
3147,0.0,1589.166
3148,0.0,1589.656
3149,0.0,1590.157
3150,0.0,1590.658
3151,0.0,1591.155
3152,0.0,1591.66
3153,0.0,1592.151
3154,0.0,1592.657
3155,0.0,1593.143
3156,0.0,1593.639
3157,0.0,1594.138
3158,0.0,1594.65
3159,0.0,1595.141
3160,0.0,1595.639
3161,0.0,1596.142
3162,0.0,1596.635
3163,0.0,1597.125
3164,0.0,1597.623
3165,0.0,1598.129
3166,0.0,1598.628
3167,0.0,1599.123
3168,0.0,1599.618
3169,0.0,1600.118
3170,0.0,1600.616
3171,0.0,1601.118
3172,0.0,1601.617
3173,0.0,1602.109
3174,0.0,1602.612
3175,0.0,1603.106
3176,0.0,1603.607
3177,0.0,1604.102
3178,0.0,1604.605
3179,0.0,1605.098
3180,0.0,1605.598
3181,0.0,1606.094
3182,0.0,1606.601
3183,0.0,1607.091
3184,0.0,1607.591
3185,0.0,1608.093
3186,0.0,1608.59
3187,0.0,1609.09
3188,0.0,1609.58
3189,0.0,1610.088
3190,0.0,1610.579
3191,0.0,1611.08
3192,0.0,1611.579
3193,0.0,1612.077
3194,0.0,1612.568
3195,0.0,1613.078
3196,0.0,1613.577
3197,0.0,1614.064
3198,0.0,1614.563
3199,0.0,1615.061
3200,0.0,1615.572
3201,0.0,1616.063
3202,0.0,1616.56
3203,0.0,1617.053
3204,0.0,1617.556
3205,0.0,1618.051
3206,0.0,1618.545
3207,0.0,1619.046
3208,0.0,1619.549
3209,0.0,1620.048
3210,0.0,1620.544
3211,0.0,1621.046
3212,0.0,1621.549
3213,0.0,1622.038
3214,0.0,1622.545
3215,0.0,1623.034
3216,0.0,1623.537
3217,0.0,1624.055
3218,0.0,1624.527
3219,0.0,1625.024
3220,0.0,1625.523
3221,0.0,1626.026
3222,0.0,1626.516
3223,0.0,1627.017
3224,0.0,1627.523
3225,0.0,1628.011
3226,0.0,1628.513
3227,0.0,1629.008
3228,0.0,1629.514
3229,0.0,1630.012
3230,0.0,1630.503
3231,0.0,1631.011
3232,0.0,1631.501
3233,0.0,1631.998
3234,0.0,1632.504
3235,0.0,1632.995
3236,0.0,1633.495
3237,0.0,1633.991
3238,0.0,1634.501
3239,0.0,1634.988
3240,0.0,1635.486
3241,0.0,1635.989
3242,0.0,1636.479
3243,0.0,1636.986
3244,0.0,1637.483
3245,0.0,1637.976
3246,0.0,1638.474
3247,0.0,1638.972
3248,0.0,1639.478
3249,0.0,1639.967
3250,0.0,1640.469
3251,0.0,1640.97
3252,0.0,1641.461
3253,0.0,1641.966
3254,0.0,1642.471
3255,0.0,1642.956
3256,0.0,1643.456
3257,0.0,1643.955
3258,0.0,1644.456
3259,0.0,1644.949
3260,0.0,1645.45
3261,0.0,1645.952
3262,0.0,1646.451
3263,0.0,1646.943
3264,0.0,1647.447
3265,0.0,1647.944
3266,0.0,1648.446
3267,0.0,1648.94
3268,0.0,1649.434
3269,0.0,1649.931
3270,0.0,1650.434
3271,0.0,1650.934
3272,0.0,1651.428
3273,0.0,1651.933
3274,0.0,1652.434
3275,0.0,1652.924
3276,0.0,1653.423
3277,0.0,1653.922
3278,0.0,1654.428
3279,0.0,1654.912
3280,0.0,1655.414
3281,0.0,1655.91
3282,0.0,1656.408
3283,0.0,1656.906
3284,0.0,1657.401
3285,0.0,1657.908
3286,0.0,1658.405
3287,0.0,1658.909
3288,0.0,1659.403
3289,0.0,1659.899
3290,0.0,1660.405
3291,0.0,1660.89
3292,0.0,1661.392
3293,0.0,1661.892
3294,0.0,1662.386
3295,0.0,1662.89
3296,0.0,1663.388
3297,0.0,1663.878
3298,0.0,1664.384
3299,0.0,1664.885
3300,0.0,1665.374
3301,0.0,1665.886
3302,0.0,1666.394
3303,0.0,1666.87
3304,0.0,1667.387
3305,0.0,1667.871
3306,0.0,1668.387
3307,0.0,1668.875
3308,0.0,1669.363
3309,0.0,1669.864
3310,0.0,1670.357
3311,0.0,1670.86
3312,0.0,1671.359
3313,0.0,1671.866
3314,0.0,1672.353
3315,0.0,1672.859
3316,0.0,1673.351
3317,0.0,1673.849
3318,0.0,1674.347
3319,0.0,1674.84
3320,0.0,1675.35
3321,0.0,1675.835
3322,0.0,1676.334
3323,0.0,1676.833
3324,0.0,1677.33
3325,0.0,1677.835
3326,0.0,1678.336
3327,0.0,1678.83
3328,0.0,1679.351
3329,0.0,1679.822
3330,0.0,1680.322
3331,0.0,1680.82
3332,0.0,1681.315
3333,0.0,1681.82
3334,0.0,1682.314
3335,0.0,1682.815
3336,0.0,1683.308
3337,0.0,1683.812
3338,0.0,1684.317
3339,0.0,1684.813
3340,0.0,1685.306
3341,0.0,1685.798
3342,0.0,1686.299
3343,0.0,1686.795
3344,0.0,1687.297
3345,0.0,1687.798
3346,0.0,1688.297
3347,0.0,1688.789
3348,0.0,1689.289
3349,0.0,1689.791
3350,0.0,1690.282
3351,0.0,1690.786
3352,0.0,1691.28
3353,0.0,1691.783
3354,0.0,1692.281
3355,0.0,1692.779
3356,0.0,1693.271
3357,0.0,1693.773
3358,0.0,1694.271
3359,0.0,1694.771
3360,0.0,1695.269
3361,0.0,1695.768
3362,0.0,1696.273
3363,0.0,1696.765
3364,0.0,1697.257
3365,0.0,1697.767
3366,0.0,1698.265
3367,0.0,1698.754
3368,0.0,1699.263
3369,0.0,1699.753
3370,0.0,1700.25
3371,0.0,1700.743
3372,0.0,1701.245
3373,0.0,1701.745
3374,0.0,1702.237
3375,0.0,1702.742
3376,0.0,1703.238
3377,0.0,1703.738
3378,0.0,1704.241
3379,0.0,1704.734
3380,0.0,1705.227
3381,0.0,1705.727
3382,0.0,1706.228
3383,0.0,1706.723
3384,0.0,1707.224
3385,0.0,1707.72
3386,0.0,1708.218
3387,0.0,1708.714
3388,0.0,1709.219
3389,0.0,1709.714
3390,0.0,1710.211
3391,0.0,1710.706
3392,0.0,1711.209
3393,0.0,1711.708
3394,0.0,1712.202
3395,0.0,1712.699
3396,0.0,1713.202
3397,0.0,1713.699
3398,0.0,1714.196
3399,0.0,1714.702
3400,0.0,1715.195
3401,0.0,1716.19
3402,0.0,1717.682
3403,0.0,1718.193
3404,0.0,1718.69
3405,0.0,1719.178
3406,0.0,1719.675
3407,0.0,1720.171
3408,0.0,1720.678
3409,0.0,1721.171
3410,0.0,1721.668
3411,0.0,1722.167
3412,0.0,1722.663
3413,0.0,1723.158
3414,0.0,1723.67
3415,0.0,1724.16
3416,0.0,1724.662
3417,0.0,1725.155
3418,0.0,1725.654
3419,0.0,1726.162
3420,0.0,1726.647
3421,0.0,1727.151
3422,0.0,1727.644
3423,0.0,1728.147
3424,0.0,1728.641
3425,0.0,1729.139
3426,0.0,1729.637
3427,0.0,1730.147
3428,0.0,1730.638
3429,0.0,1731.138
3430,0.0,1731.629
3431,0.0,1732.136
3432,0.0,1732.631
3433,0.0,1733.125
3434,0.0,1733.627
3435,0.0,1734.126
3436,0.0,1734.626
3437,0.0,1735.116
3438,0.0,1735.624
3439,0.0,1736.124
3440,0.0,1736.618
3441,0.0,1737.11
3442,0.0,1737.612
3443,0.0,1738.118
3444,0.0,1738.602
3445,0.0,1739.103
3446,0.0,1739.599
3447,0.0,1740.098
3448,0.0,1740.601
3449,0.0,1741.092
3450,0.0,1741.597
3451,0.0,1742.095
3452,0.0,1742.588
3453,0.0,1743.097
3454,0.0,1743.583
3455,0.0,1744.096
3456,0.0,1744.586
3457,0.0,1745.082
3458,0.0,1745.583
3459,0.0,1746.075
3460,0.0,1746.578
3461,0.0,1747.084
3462,0.0,1747.574
3463,0.0,1748.073
3464,0.0,1748.569
3465,0.0,1749.069
3466,0.0,1749.566
3467,0.0,1750.063
3468,0.0,1750.559
3469,0.0,1751.063
3470,0.0,1751.555
3471,0.0,1752.055
3472,0.0,1752.577
3473,0.0,1753.05
3474,0.0,1753.553
3475,0.0,1754.047
3476,0.0,1754.543
3477,0.0,1755.047
3478,0.0,1755.546
3479,0.0,1756.048
3480,0.0,1756.546
3481,0.0,1757.035
3482,0.0,1757.537
3483,0.0,1758.036
3484,0.0,1758.535
3485,0.0,1759.04
3486,0.0,1759.525
3487,0.0,1760.026
3488,0.0,1760.523
3489,0.0,1761.019
3490,0.0,1761.52
3491,0.0,1762.06
3492,0.0,1762.515
3493,0.0,1763.024
3494,0.0,1763.525
3495,0.0,1764.01
3496,0.0,1764.513
3497,0.0,1765.028
3498,0.0,1765.515
3499,0.0,1766.016
3500,0.0,1766.533
3501,0.0,1766.999
3502,0.0,1767.502
3503,0.0,1768.005
3504,0.0,1768.492
3505,0.0,1768.99
3506,0.0,1769.489
3507,0.0,1769.993
3508,0.0,1770.487
3509,0.0,1770.987
3510,0.0,1771.49
3511,0.0,1771.98
3512,0.0,1772.483
3513,0.0,1772.978
3514,0.0,1773.475
3515,0.0,1773.981
3516,0.0,1774.478
3517,0.0,1774.97
3518,0.0,1775.472
3519,0.0,1775.97
3520,0.0,1776.469
3521,0.0,1776.966
3522,0.0,1777.468
3523,0.0,1777.958
3524,0.0,1778.459
3525,0.0,1778.958
3526,0.0,1779.451
3527,0.0,1779.95
3528,0.0,1780.45
3529,0.0,1780.959
3530,0.0,1781.446
3531,0.0,1781.954
3532,0.0,1782.446
3533,0.0,1782.952
3534,0.0,1783.445
3535,0.0,1783.942
3536,0.0,1784.433
3537,0.0,1784.937
3538,0.0,1785.435
3539,0.0,1785.931
3540,0.0,1786.431
3541,0.0,1786.929
3542,0.0,1787.428
3543,0.0,1787.921
3544,0.0,1788.433
3545,0.0,1788.929
3546,0.0,1789.415
3547,0.0,1789.953
3548,0.0,1790.413
3549,0.0,1790.915
3550,0.0,1791.418
3551,0.0,1791.906
3552,0.0,1792.406
3553,0.0,1792.904
3554,0.0,1793.407
3555,0.0,1793.903
3556,0.0,1794.403
3557,0.0,1794.905
3558,0.0,1795.402
3559,0.0,1795.893
3560,0.0,1796.391
3561,0.0,1796.895
3562,0.0,1797.387
3563,0.0,1797.898
3564,0.0,1798.393
3565,0.0,1798.887
3566,0.0,1799.382
3567,0.0,1799.89
3568,0.0,1800.375
3569,0.0,1800.876
3570,0.0,1801.371
3571,0.0,1801.871
3572,0.0,1802.368
3573,0.0,1802.867
3574,0.0,1803.364
3575,0.0,1803.862
3576,0.0,1804.366
3577,0.0,1804.866
3578,0.0,1805.357
3579,0.0,1805.857
3580,0.0,1806.356
3581,0.0,1806.854
3582,0.0,1807.355
3583,0.0,1807.847
3584,0.0,1808.346
3585,0.0,1808.856
3586,0.0,1809.347
3587,0.0,1809.852
3588,0.0,1810.338
3589,0.0,1810.842
3590,0.0,1811.336
3591,0.0,1811.837
3592,0.0,1812.342
3593,0.0,1812.832
3594,0.0,1813.325
3595,0.0,1813.831
3596,0.0,1814.334
3597,0.0,1814.823
3598,0.0,1815.318
3599,0.0,1815.816
3600,0.0,1816.322
3601,0.0,1816.813
3602,0.0,1817.316
3603,0.0,1817.817
3604,0.0,1818.313
3605,0.0,1818.808
3606,0.0,1819.314
3607,0.0,1819.807
3608,0.0,1820.304
3609,0.0,1820.797
3610,0.0,1821.297
3611,0.0,1821.807
3612,0.0,1822.291
3613,0.0,1822.803
3614,0.0,1823.288
3615,0.0,1823.8
3616,0.0,1824.284
3617,0.0,1824.782
3618,0.0,1825.352
3619,0.0,1825.778
3620,0.0,1826.281
3621,0.0,1826.778
3622,0.0,1827.282
3623,0.0,1827.773
3624,0.0,1828.276
3625,0.0,1828.772
3626,0.0,1829.273
3627,0.0,1829.766
3628,0.0,1830.27
3629,0.0,1830.768
3630,0.0,1831.264
3631,0.0,1831.761
3632,0.0,1832.256
3633,0.0,1832.759
3634,0.0,1833.253
3635,0.0,1833.762
3636,0.0,1834.248
3637,0.0,1834.753
3638,0.0,1835.246
3639,0.0,1835.745
3640,0.0,1836.247
3641,0.0,1836.748
3642,0.0,1837.242
3643,0.0,1837.734
3644,0.0,1838.239
3645,0.0,1838.738
3646,0.0,1839.236
3647,0.0,1839.733
3648,0.0,1840.23
3649,0.0,1840.73
3650,0.0,1841.227
3651,0.0,1841.726
3652,0.0,1842.221
3653,0.0,1842.73
3654,0.0,1843.221
3655,0.0,1843.726
3656,0.0,1844.213
3657,0.0,1844.71
3658,0.0,1845.239
3659,0.0,1845.706
3660,0.0,1846.21
3661,0.0,1846.703
3662,0.0,1847.201
3663,0.0,1847.71
3664,0.0,1848.196
3665,0.0,1848.694
3666,0.0,1849.199
3667,0.0,1849.694
3668,0.0,1850.195
3669,0.0,1850.688
3670,0.0,1851.187
3671,0.0,1851.696
3672,0.0,1852.182
3673,0.0,1852.683
3674,0.0,1853.189
3675,0.0,1853.682
3676,0.0,1854.175
3677,0.0,1854.675
3678,0.0,1855.176
3679,0.0,1855.672
3680,0.0,1856.172
3681,0.0,1856.668
3682,0.0,1857.165
3683,0.0,1857.671
3684,0.0,1858.166
3685,0.0,1858.669
3686,0.0,1859.161
3687,0.0,1859.655
3688,0.0,1860.158
3689,0.0,1860.657
3690,0.0,1861.17
3691,0.0,1861.67
3692,0.0,1862.159
3693,0.0,1862.675
3694,0.0,1863.147
3695,0.0,1863.638
3696,0.0,1864.138
3697,0.0,1864.637
3698,0.0,1865.135
3699,0.0,1865.635
3700,0.0,1866.141
3701,0.0,1866.629
3702,0.0,1867.134
3703,0.0,1867.631
3704,0.0,1868.124
3705,0.0,1868.623
3706,0.0,1869.118
3707,0.0,1869.616
3708,0.0,1870.122
3709,0.0,1870.62
3710,0.0,1871.113
3711,0.0,1871.61
3712,0.0,1872.114
3713,0.0,1872.619
3714,0.0,1873.105
3715,0.0,1873.608
3716,0.0,1874.102
3717,0.0,1874.604
3718,0.0,1875.099
3719,0.0,1875.597
3720,0.0,1876.101
3721,0.0,1876.598
3722,0.0,1877.091
3723,0.0,1877.591
3724,0.0,1878.092
3725,0.0,1878.589
3726,0.0,1879.082
3727,0.0,1879.593
3728,0.0,1880.084
3729,0.0,1880.575
3730,0.0,1881.083
3731,0.0,1881.576
3732,0.0,1882.083
3733,0.0,1882.573
3734,0.0,1883.074
3735,0.0,1883.573
3736,0.0,1884.071
3737,0.0,1884.564
3738,0.0,1885.063
3739,0.0,1885.567
3740,0.0,1886.059
3741,0.0,1886.557
3742,0.0,1887.053
3743,0.0,1887.549
3744,0.0,1888.055
3745,0.0,1888.555
3746,0.0,1889.048
3747,0.0,1889.546
3748,0.0,1890.043
3749,0.0,1890.538
3750,0.0,1891.039
3751,0.0,1891.54
3752,0.0,1892.045
3753,0.0,1892.545
3754,0.0,1893.036
3755,0.0,1893.542
3756,0.0,1894.028
3757,0.0,1894.531
3758,0.0,1895.024
3759,0.0,1895.527
3760,0.0,1896.03
3761,0.0,1896.519
3762,0.0,1897.023
3763,0.0,1897.521
3764,0.0,1898.013
3765,0.0,1898.523
3766,0.0,1899.014
3767,0.0,1899.51
3768,0.0,1900.008
3769,0.0,1900.517
3770,0.0,1901.006
3771,0.0,1901.508
3772,0.0,1902.004
3773,0.0,1902.5
3774,0.0,1903.006
3775,0.0,1903.494
3776,0.0,1903.991
3777,0.0,1904.491
3778,0.0,1904.989
3779,0.0,1905.5
3780,0.0,1905.983
3781,0.0,1906.496
3782,0.0,1906.982
3783,0.0,1907.478
3784,0.0,1907.983
3785,0.0,1908.472
3786,0.0,1908.981
3787,0.0,1909.478
3788,0.0,1909.969
3789,0.0,1910.469
3790,0.0,1910.964
3791,0.0,1911.471
3792,0.0,1911.961
3793,0.0,1912.464
3794,0.0,1912.964
3795,0.0,1913.458
3796,0.0,1913.956
3797,0.0,1914.466
3798,0.0,1914.95
3799,0.0,1915.451
3800,0.0,1915.947
3801,0.0,1916.45
3802,0.0,1916.952
3803,0.0,1917.442
3804,0.0,1917.946
3805,0.0,1918.438
3806,0.0,1918.935
3807,0.0,1919.435
3808,0.0,1919.937
3809,0.0,1920.44
3810,0.0,1920.933
3811,0.0,1921.427
3812,0.0,1921.923
3813,0.0,1922.427
3814,0.0,1922.923
3815,0.0,1923.418
3816,0.0,1923.915
3817,0.0,1924.414
3818,0.0,1924.917
3819,0.0,1925.415
3820,0.0,1925.914
3821,0.0,1926.42
3822,0.0,1926.913
3823,0.0,1927.404
3824,0.0,1927.902
3825,0.0,1928.398
3826,0.0,1928.904
3827,0.0,1929.409
3828,0.0,1929.899
3829,0.0,1930.397
3830,0.0,1930.902
3831,0.0,1931.394
3832,0.0,1931.891
3833,0.0,1932.398
3834,0.0,1932.888
3835,0.0,1933.385
3836,0.0,1933.884
3837,0.0,1934.377
3838,0.0,1934.881
3839,0.0,1935.386
3840,0.0,1935.871
3841,0.0,1936.374
3842,0.0,1936.868
3843,0.0,1937.365
3844,0.0,1937.875
3845,0.0,1938.364
3846,0.0,1938.86
3847,0.0,1939.365
3848,0.0,1939.858
3849,0.0,1940.361
3850,0.0,1940.859
3851,0.0,1941.361
3852,0.0,1941.856
3853,0.0,1942.35
3854,0.0,1942.85
3855,0.0,1943.35
3856,0.0,1943.843
3857,0.0,1944.34
3858,0.0,1944.847
3859,0.0,1945.337
3860,0.0,1945.839
3861,0.0,1946.339
3862,0.0,1946.831
3863,0.0,1947.341
3864,0.0,1947.826
3865,0.0,1948.338
3866,0.0,1948.824
3867,0.0,1949.321
3868,0.0,1949.82
3869,0.0,1950.324
3870,0.0,1950.822
3871,0.0,1951.32
3872,0.0,1951.813
3873,0.0,1952.316
3874,0.0,1952.808
3875,0.0,1953.319
3876,0.0,1953.806
3877,0.0,1954.304
3878,0.0,1954.805
3879,0.0,1955.3
3880,0.0,1955.83
3881,0.0,1956.308
3882,0.0,1956.805
3883,0.0,1957.301
3884,0.0,1957.799
3885,0.0,1958.3
3886,0.0,1958.787
3887,0.0,1959.302
3888,0.0,1959.789
3889,0.0,1960.291
3890,0.0,1960.803
3891,0.0,1961.304
3892,0.0,1963.775
3893,0.0,1964.271
3894,0.0,1964.771
3895,0.0,1966.26
3896,0.0,1966.761
3897,0.0,1968.75
3898,0.0,1969.25
3899,0.0,1969.746
3900,0.0,1970.246
3901,0.0,1970.745
3902,0.0,1971.244
3903,0.0,1971.747
3904,0.0,1972.243
3905,0.0,1972.735
3906,0.0,1973.238
3907,0.0,1973.739
3908,0.0,1974.229
3909,0.0,1974.734
3910,0.0,1975.229
3911,0.0,1975.729
3912,0.0,1976.235
3913,0.0,1976.726
3914,0.0,1977.231
3915,0.0,1977.722
3916,0.0,1978.221
3917,0.0,1978.718
3918,0.0,1979.216
3919,0.0,1979.71
3920,0.0,1980.212
3921,0.0,1980.712
3922,0.0,1981.208
3923,0.0,1981.707
3924,0.0,1982.203
3925,0.0,1982.699
3926,0.0,1984.199
3927,0.0,1984.702
3928,0.0,1986.697
3929,0.0,1987.189
3930,0.0,1987.691
3931,0.0,1988.193
3932,0.0,1989.18
3933,0.0,1990.182
3934,0.0,1990.686
3935,0.0,1991.175
3936,0.0,1991.668
3937,0.0,1992.166
3938,0.0,2011.119
3939,0.0,2039.497
3940,0.0,2040.99
3941,0.0,2045.978
3942,0.0,2048.981
3943,0.0,2049.968
3944,0.0,2050.456
3945,0.0,2050.945
3946,0.0,2051.974
3947,0.0,2055.438
3948,0.0,2056.942
3949,0.0,2057.922
3950,0.0,2058.424
3951,0.0,2058.919
3952,0.0,2059.422
3953,0.0,2059.922
3954,0.0,2061.426
3955,0.0,2061.91
3956,0.0,2062.4
3957,0.0,2062.906
3958,0.0,2063.409
3959,0.0,2063.897
3960,0.0,2064.394
3961,0.0,2064.9
3962,0.0,2065.392
3963,0.0,2065.89
3964,0.0,2066.405
3965,0.0,2066.883
3966,0.0,2067.389
3967,0.0,2067.889
3968,0.0,2068.385
3969,0.0,2068.887
3970,0.0,2069.383
3971,0.0,2069.88
3972,0.0,2070.383
3973,0.0,2070.879
3974,0.0,2071.37
3975,0.0,2071.874
3976,0.0,2072.372
3977,0.0,2072.879
3978,0.0,2073.372
3979,0.0,2073.873
3980,0.0,2074.358
3981,0.0,2074.859
3982,0.0,2075.355
3983,0.0,2075.866
3984,0.0,2076.357
3985,0.0,2076.855
3986,0.0,2077.347
3987,0.0,2077.878
3988,0.0,2079.347
3989,0.0,2079.839
3990,0.0,2080.341
3991,0.0,2080.837
3992,0.0,2081.337
3993,0.0,2081.831
3994,0.0,2082.335
3995,0.0,2082.832
3996,0.0,2083.326
3997,0.0,2083.829
3998,0.0,2084.322
3999,0.0,2084.821
4000,0.0,2085.317
4001,0.0,2085.821
4002,0.0,2086.818
4003,0.0,2087.316
4004,0.0,2087.819
4005,0.0,2088.312
4006,0.0,2088.805
4007,0.0,2089.308
4008,0.0,2089.806
4009,0.0,2090.305
4010,0.0,2090.798
4011,0.0,2091.305
4012,0.0,2091.795
4013,0.0,2092.298
4014,0.0,2092.788
4015,0.0,2093.296
4016,0.0,2093.799
4017,0.0,2094.284
4018,0.0,2094.793
4019,0.0,2095.282
4020,0.0,2096.787
4021,0.0,2097.305
4022,0.0,2097.779
4023,0.0,2098.271
4024,0.0,2098.774
4025,0.0,2099.295
4026,0.0,2099.764
4027,0.0,2100.273
4028,0.0,2101.271
4029,0.0,2101.763
4030,0.0,2102.258
4031,0.0,2102.767
4032,0.0,2103.258
4033,0.0,2103.755
4034,0.0,2104.25
4035,0.0,2104.749
4036,0.0,2105.743
4037,0.0,2106.255
4038,0.0,2107.737
4039,0.0,2108.259
4040,0.0,2108.732
4041,0.0,2110.728
4042,0.0,2111.222
4043,0.0,2112.222
4044,0.0,2113.222
4045,0.0,2115.702
4046,0.0,2117.202
4047,0.0,2117.701
4048,0.0,2119.693
4049,0.0,2120.195
4050,0.0,2120.685
4051,0.0,2121.193
4052,0.0,2121.709
4053,0.0,2122.182
4054,0.0,2123.18
4055,0.0,2123.675
4056,0.0,2127.666
4057,0.0,2130.657
4058,0.0,2131.146
4059,0.0,2131.645
4060,0.0,2132.148
4061,0.0,2132.644
4062,0.0,2133.149
4063,0.0,2133.639
4064,0.0,2134.14
4065,0.0,2134.641
4066,0.0,2135.138
4067,0.0,2135.643
4068,0.0,2136.14
4069,0.0,2136.644
4070,0.0,2137.13
4071,0.0,2137.626
4072,0.0,2138.14
4073,0.0,2138.628
4074,0.0,2139.147
4075,0.0,2139.64
4076,0.0,2140.123
4077,0.0,2140.614
4078,0.0,2141.138
4079,0.0,2141.629
4080,0.0,2142.112
4081,0.0,2142.607
4082,0.0,2143.108
4083,0.0,2143.601
4084,0.0,2144.104
4085,0.0,2144.607
4086,0.0,2145.102
4087,0.0,2145.632
4088,0.0,2146.122
4089,0.0,2147.105
4090,0.0,2147.586
4091,0.0,2150.082
4092,0.0,2150.587
4093,0.0,2151.575
4094,0.0,2155.067
4095,0.0,2155.571
4096,0.0,2156.062
4097,0.0,2156.566
4098,0.0,2157.053
4099,0.0,2157.559
4100,0.0,2158.05
4101,0.0,2158.549
4102,0.0,2159.045
4103,0.0,2159.543
4104,0.0,2160.046
4105,0.0,2160.547
4106,0.0,2161.039
4107,0.0,2161.538
4108,0.0,2162.035
4109,0.0,2162.546
4110,0.0,2163.031
4111,0.0,2163.535
4112,0.0,2164.024
4113,0.0,2164.539
4114,0.0,2165.022
4115,0.0,2165.535
4116,0.0,2166.021
4117,0.0,2166.521
4118,0.0,2167.016
4119,0.0,2167.519
4120,0.0,2168.022
4121,0.0,2168.513
4122,0.0,2169.015
4123,0.0,2170.006
4124,0.0,2170.503
4125,0.0,2171.007
4126,0.0,2171.51
4127,0.0,2172.003
4128,0.0,2172.494
4129,0.0,2172.998
4130,0.0,2173.498
4131,0.0,2173.994
4132,0.0,2174.489
4133,0.0,2174.985
4134,0.0,2185.951
4135,0.0,2187.441
4136,0.0,2189.93
4137,0.0,2190.439
4138,0.0,2191.432
4139,0.0,2192.432
4140,0.0,2192.922
4141,0.0,2193.914
4142,0.0,2202.385
4143,0.0,2202.886
4144,0.0,2203.382
4145,0.0,2203.878
4146,0.0,2204.374
4147,0.0,2205.369
4148,0.0,2206.375
4149,0.0,2208.859
4150,0.0,2209.362
4151,0.0,2209.856
4152,0.0,2211.348
4153,0.0,2211.853
4154,0.0,2213.845
4155,0.0,2214.339
4156,0.0,2216.331
4157,0.0,2216.829
4158,0.0,2218.332
4159,0.0,2218.831
4160,0.0,2219.822
4161,0.0,2220.34
4162,0.0,2220.814
4163,0.0,2221.311
4164,0.0,2222.314
4165,0.0,2222.815
4166,0.0,2223.31
4167,0.0,2224.312
4168,0.0,2224.804
4169,0.0,2225.805
4170,0.0,2227.31
4171,0.0,2228.814
4172,0.0,2229.784
4173,0.0,2230.789
4174,0.0,2231.283
4175,0.0,2231.778
4176,0.0,2232.283
4177,0.0,2232.776
4178,0.0,2233.265
4179,0.0,2233.766
4180,0.0,2234.275
4181,0.0,2234.771
4182,0.0,2235.263
4183,0.0,2235.776
4184,0.0,2236.257
4185,0.0,2237.255
4186,0.0,2237.765
4187,0.0,2238.258
4188,0.0,2238.754
4189,0.0,2239.255
4190,0.0,2239.75
4191,0.0,2240.748
4192,0.0,2241.241
4193,0.0,2241.751
4194,0.0,2242.238
4195,0.0,2242.734
4196,0.0,2243.243
4197,0.0,2243.746
4198,0.0,2244.235
4199,0.0,2244.739
4200,0.0,2245.233
4201,0.0,2245.721
4202,0.0,2246.232
4203,0.0,2246.717
4204,0.0,2247.219
4205,0.0,2247.722
4206,0.0,2248.215
4207,0.0,2248.722
4208,0.0,2249.222
4209,0.0,2250.21
4210,0.0,2255.693
4211,0.0,2257.183
4212,0.0,2257.683
4213,0.0,2258.178
4214,0.0,2258.684
4215,0.0,2259.677
4216,0.0,2260.171
4217,0.0,2260.67
4218,0.0,2261.171
4219,0.0,2261.669
4220,0.0,2262.174
4221,0.0,2262.659
4222,0.0,2263.157
4223,0.0,2263.656
4224,0.0,2264.168
4225,0.0,2264.657
4226,0.0,2265.155
4227,0.0,2265.66
4228,0.0,2266.151
4229,0.0,2266.646
4230,0.0,2267.155
4231,0.0,2267.652
4232,0.0,2268.142
4233,0.0,2268.644
4234,0.0,2269.135
4235,0.0,2269.639
4236,0.0,2270.143
4237,0.0,2270.63
4238,0.0,2271.129
4239,0.0,2271.638
4240,0.0,2272.129
4241,0.0,2272.622
4242,0.0,2273.134
4243,0.0,2273.629
4244,0.0,2274.126
4245,0.0,2274.621
4246,0.0,2275.118
4247,0.0,2275.613
4248,0.0,2276.607
4249,0.0,2277.107
4250,0.0,2277.61
4251,0.0,2278.109
4252,0.0,2278.608
4253,0.0,2279.107
4254,0.0,2279.608
4255,0.0,2280.107
4256,0.0,2283.099
4257,0.0,2283.59
4258,0.0,2284.086
4259,0.0,2284.587
4260,0.0,2285.083
4261,0.0,2285.579
4262,0.0,2286.079
4263,0.0,2287.594
4264,0.0,2288.076
4265,0.0,2288.573
4266,0.0,2289.066
4267,0.0,2290.094
4268,0.0,2290.565
4269,0.0,2291.058
4270,0.0,2292.064
4271,0.0,2292.55
4272,0.0,2293.051
4273,0.0,2293.555
4274,0.0,2296.538
4275,0.0,2297.035
4276,0.0,2297.535
4277,0.0,2298.028
4278,0.0,2298.53
4279,0.0,2299.029
4280,0.0,2299.546
4281,0.0,2300.03
4282,0.0,2300.516
4283,0.0,2301.022
4284,0.0,2301.518
4285,0.0,2302.016
4286,0.0,2302.516
4287,0.0,2303.022
4288,0.0,2303.506
4289,0.0,2304.017
4290,0.0,2304.504
4291,0.0,2305.0
4292,0.0,2305.505
4293,0.0,2305.995
4294,0.0,2306.496
4295,0.0,2306.999
4296,0.0,2307.492
4297,0.0,2307.99
4298,0.0,2308.492
4299,0.0,2308.999
4300,0.0,2309.484
4301,0.0,2309.988
4302,0.0,2310.487
4303,0.0,2310.977
4304,0.0,2311.484
4305,0.0,2311.987
4306,0.0,2312.474
4307,0.0,2312.973
4308,0.0,2313.474
4309,0.0,2313.973
4310,0.0,2314.467
4311,0.0,2314.967
4312,0.0,2315.468
4313,0.0,2315.965
4314,0.0,2316.459
4315,0.0,2316.963
4316,0.0,2321.453
4317,0.0,2340.883
4318,0.0,2341.376
4319,0.0,2341.867
4320,0.0,2351.341
4321,0.0,2351.83
4322,0.0,2352.337
4323,0.0,2355.822
4324,0.0,2359.297
4325,0.0,2360.796
4326,0.0,2363.793
4327,0.0,2364.777
4328,0.0,2365.283
4329,0.0,2367.269
4330,0.0,2367.77
4331,0.0,2368.278
4332,0.0,2372.255
4333,0.0,2372.751
4334,0.0,2373.745
4335,0.0,2374.247
4336,0.0,2374.742
4337,0.0,2375.239
4338,0.0,2375.744
4339,0.0,2376.236
4340,0.0,2376.732
4341,0.0,2377.242
4342,0.0,2383.211
4343,0.0,2400.165
4344,0.0,2411.603
4345,0.0,2429.042
4346,0.0,2666.666
4347,0.0,2667.167
4348,0.0,2668.163
4349,0.0,2669.179
4350,0.0,2669.652
4351,0.0,2670.654
4352,0.0,2671.146
4353,0.0,2671.638
4354,0.0,2672.135
4355,0.0,2673.137
4356,0.0,2673.64
4357,0.0,2674.132
4358,0.0,2674.638
4359,0.0,2675.137
4360,0.0,2675.654
4361,0.0,2676.134
4362,0.0,2676.619
4363,0.0,2677.118
4364,0.0,2677.616
4365,0.0,2678.144
4366,0.0,2678.624
4367,0.0,2679.113
4368,0.0,2680.113
4369,0.0,2680.605
4370,0.0,2681.114
4371,0.0,2681.601
4372,0.0,2682.11
4373,0.0,2682.597
4374,0.0,2683.095
4375,0.0,2683.595
4376,0.0,2684.103
4377,0.0,2684.59
4378,0.0,2685.094
4379,0.0,2685.585
4380,0.0,2686.084
4381,0.0,2686.585
4382,0.0,2687.079
4383,0.0,2687.577
4384,0.0,2688.076
4385,0.0,2688.577
4386,0.0,2689.072
4387,0.0,2689.576
4388,0.0,2690.08
4389,0.0,2690.565
4390,0.0,2691.075
4391,0.0,2691.57
4392,0.0,2692.061
4393,0.0,2692.565
4394,0.0,2693.064
4395,0.0,2693.559
4396,0.0,2694.06
4397,0.0,2694.555
4398,0.0,2695.05
4399,0.0,2695.548
4400,0.0,2696.053
4401,0.0,2696.55
4402,0.0,2697.049
4403,0.0,2697.541
4404,0.0,2698.048
4405,0.0,2698.541
4406,0.0,2699.04
4407,0.0,2699.54
4408,0.0,2700.037
4409,0.0,2700.531
4410,0.0,2701.028
4411,0.0,2701.524
4412,0.0,2702.025
4413,0.0,2702.524
4414,0.0,2703.021
4415,0.0,2703.519
4416,0.0,2704.024
4417,0.0,2704.52
4418,0.0,2705.024
4419,0.0,2705.511
4420,0.0,2706.018
4421,0.0,2706.519
4422,0.0,2707.006
4423,0.0,2707.508
4424,0.0,2708.014
4425,0.0,2709.003
4426,0.0,2709.501
4427,0.0,2710.004
4428,0.0,2710.517
4429,0.0,2710.993
4430,0.0,2711.506
4431,0.0,2712.005
4432,0.0,2712.491
4433,0.0,2712.99
4434,0.0,2713.483
4435,0.0,2713.986
4436,0.0,2714.487
4437,0.0,2714.983
4438,0.0,2715.482
4439,0.0,2715.978
4440,0.0,2716.473
4441,0.0,2716.975
4442,0.0,2750.388
4443,0.0,2750.85
4444,0.0,2751.84
4445,0.0,2752.338
4446,0.0,2752.836
4447,0.0,2753.334
4448,0.0,2753.842
4449,0.0,2754.334
4450,0.0,2754.829
4451,0.0,2755.326
4452,0.0,2755.825
4453,0.0,2757.329
4454,0.0,2757.822
4455,0.0,2758.315
4456,0.0,2758.818
4457,0.0,2759.318
4458,0.0,2760.307
4459,0.0,2760.811
4460,0.0,2761.304
4461,0.0,2761.804
4462,0.0,2762.306
4463,0.0,2762.799
4464,0.0,2763.309
4465,0.0,2763.794
4466,0.0,2764.293
4467,0.0,2764.792
4468,0.0,2765.288
4469,0.0,2765.788
4470,0.0,2766.295
4471,0.0,2767.79
4472,0.0,2768.276
4473,0.0,2768.776
4474,0.0,2769.274
4475,0.0,2769.778
4476,0.0,2770.274
4477,0.0,2770.776
4478,0.0,2771.28
4479,0.0,2771.77
4480,0.0,2772.77
4481,0.0,2773.758
4482,0.0,2774.262
4483,0.0,2774.754
4484,0.0,2775.258
4485,0.0,2775.751
4486,0.0,2776.249
4487,0.0,2778.745
4488,0.0,2779.245
4489,0.0,2779.74
4490,0.0,2780.24
4491,0.0,2781.229
4492,0.0,2781.728
4493,0.0,2782.231
4494,0.0,2782.728
4495,0.0,2783.228
4496,0.0,2783.727
4497,0.0,2784.218
4498,0.0,2784.716
4499,0.0,2785.226
4500,0.0,2785.724
4501,0.0,2786.212
4502,0.0,2786.711
4503,0.0,2787.208
4504,0.0,2787.711
4505,0.0,2788.21
4506,0.0,2788.703
4507,0.0,2789.201
4508,0.0,2789.706
4509,0.0,2790.203
4510,0.0,2790.701
4511,0.0,2791.199
4512,0.0,2791.692
4513,0.0,2792.201
4514,0.0,2792.702
4515,0.0,2793.203
4516,0.0,2793.707
4517,0.0,2794.206
4518,0.0,2794.681
4519,0.0,2795.206
4520,0.0,2795.678
4521,0.0,2796.18
4522,0.0,2796.674
4523,0.0,2797.171
4524,0.0,2797.671
4525,0.0,2798.171
4526,0.0,2798.667
4527,0.0,2799.175
4528,0.0,2799.667
4529,0.0,2800.161
4530,0.0,2800.664
4531,0.0,2801.162
4532,0.0,2801.661
4533,0.0,2802.153
4534,0.0,2802.655
4535,0.0,2803.15
4536,0.0,2803.653
4537,0.0,2804.148
4538,0.0,2804.649
4539,0.0,2805.149
4540,0.0,2805.645
4541,0.0,2806.145
4542,0.0,2806.639
4543,0.0,2807.135
4544,0.0,2807.633
4545,0.0,2808.131
4546,0.0,2808.634
4547,0.0,2809.135
4548,0.0,2809.625
4549,0.0,2810.126
4550,0.0,2810.623
4551,0.0,2811.136
4552,0.0,2811.619
4553,0.0,2812.118
4554,0.0,2812.614
4555,0.0,2813.111
4556,0.0,2813.616
4557,0.0,2814.109
4558,0.0,2814.612
4559,0.0,2815.11
4560,0.0,2815.604
4561,0.0,2816.108
4562,0.0,2816.6
4563,0.0,2817.099
4564,0.0,2817.601
4565,0.0,2818.103
4566,0.0,2818.596
4567,0.0,2819.094
4568,0.0,2819.59
4569,0.0,2820.097
4570,0.0,2820.59
4571,0.0,2821.095
4572,0.0,2821.587
4573,0.0,2822.085
4574,0.0,2822.582
4575,0.0,2823.075
4576,0.0,2823.583
4577,0.0,2824.071
4578,0.0,2824.569
4579,0.0,2825.073
4580,0.0,2825.572
4581,0.0,2826.079
4582,0.0,2826.562
4583,0.0,2827.059
4584,0.0,2827.569
4585,0.0,2828.057
4586,0.0,2828.553
4587,0.0,2829.052
4588,0.0,2829.55
4589,0.0,2830.055
4590,0.0,2830.558
4591,0.0,2831.056
4592,0.0,2831.558
4593,0.0,2832.057
4594,0.0,2832.539
4595,0.0,2833.041
4596,0.0,2833.546
4597,0.0,2834.046
4598,0.0,2834.531
4599,0.0,2835.032
4600,0.0,2835.527
4601,0.0,2836.032
4602,0.0,2836.524
4603,0.0,2837.53
4604,0.0,2838.023
4605,0.0,2838.523
4606,0.0,2839.016
4607,0.0,2839.529
4608,0.0,2840.013
4609,0.0,2840.52
4610,0.0,2841.019
4611,0.0,2841.505
4612,0.0,2842.003
4613,0.0,2842.514
4614,0.0,2843.003
4615,0.0,2843.498
4616,0.0,2844.007
4617,0.0,2844.503
4618,0.0,2844.993
4619,0.0,2845.5
4620,0.0,2845.992
4621,0.0,2846.499
4622,0.0,2846.994
4623,0.0,2847.483
4624,0.0,2847.992
4625,0.0,2848.491
4626,0.0,2848.979
4627,0.0,2849.475
4628,0.0,2849.973
4629,0.0,2850.484
4630,0.0,2850.975
4631,0.0,2851.48
4632,0.0,2851.972
4633,0.0,2852.475
4634,0.0,2852.962
4635,0.0,2853.473
4636,0.0,2853.965
4637,0.0,2854.468
4638,0.0,2854.959
4639,0.0,2855.465
4640,0.0,2855.964
4641,0.0,2856.461
4642,0.0,2856.949
4643,0.0,2857.457
4644,0.0,2857.942
4645,0.0,2858.453
4646,0.0,2858.944
4647,0.0,2859.449
4648,0.0,2859.943
4649,0.0,2860.446
4650,0.0,2860.936
4651,0.0,2861.431
4652,0.0,2861.933
4653,0.0,2862.427
4654,0.0,2862.924
4655,0.0,2863.435
4656,0.0,2863.928
4657,0.0,2864.432
4658,0.0,2864.922
4659,0.0,2865.426
4660,0.0,2865.916
4661,0.0,2866.42
4662,0.0,2866.913
4663,0.0,2867.421
4664,0.0,2867.909
4665,0.0,2868.406
4666,0.0,2868.904
4667,0.0,2869.413
4668,0.0,2869.913
4669,0.0,2870.396
4670,0.0,2870.895
4671,0.0,2871.394
4672,0.0,2871.898
4673,0.0,2872.402
4674,0.0,2872.896
4675,0.0,2873.398
4676,0.0,2873.887
4677,0.0,2874.383
4678,0.0,2874.884
4679,0.0,2875.391
4680,0.0,2875.875
4681,0.0,2876.387
4682,0.0,2876.872
4683,0.0,2877.371
4684,0.0,2877.876
4685,0.0,2878.38
4686,0.0,2878.87
4687,0.0,2879.374
4688,0.0,2879.866
4689,0.0,2880.371
4690,0.0,2880.861
4691,0.0,2881.357
4692,0.0,2881.858
4693,0.0,2882.353
4694,0.0,2882.852
4695,0.0,2883.35
4696,0.0,2883.847
4697,0.0,2884.346
4698,0.0,2884.85
4699,0.0,2885.348
4700,0.0,2885.847
4701,0.0,2886.85
4702,0.0,2887.342
4703,0.0,2887.851
4704,0.0,2888.348
4705,0.0,2888.851
4706,0.0,2889.34
4707,0.0,2889.826
4708,0.0,2890.324
4709,0.0,2890.825
4710,0.0,2891.339
4711,0.0,2891.817
4712,0.0,2892.316
4713,0.0,2892.823
4714,0.0,2893.325
4715,0.0,2893.813
4716,0.0,2894.316
4717,0.0,2894.807
4718,0.0,2895.318
4719,0.0,2895.816
4720,0.0,2896.315
4721,0.0,2896.802
4722,0.0,2897.298
4723,0.0,2897.798
4724,0.0,2898.295
4725,0.0,2898.799
4726,0.0,2899.302
4727,0.0,2899.793
4728,0.0,2900.299
4729,0.0,2900.791
4730,0.0,2901.29
4731,0.0,2901.781
4732,0.0,2902.292
4733,0.0,2902.781
4734,0.0,2903.276
4735,0.0,2903.786
4736,0.0,2904.272
4737,0.0,2904.772
4738,0.0,2905.269
4739,0.0,2905.772
4740,0.0,2906.264
4741,0.0,2906.763
4742,0.0,2907.271
4743,0.0,2907.76
4744,0.0,2908.267
4745,0.0,2908.768
4746,0.0,2909.252
4747,0.0,2909.766
4748,0.0,2910.263
4749,0.0,2910.752
4750,0.0,2911.258
4751,0.0,2911.747
4752,0.0,2912.255
4753,0.0,2912.742
4754,0.0,2913.239
4755,0.0,2913.743
4756,0.0,2914.247
4757,0.0,2914.733
4758,0.0,2915.236
4759,0.0,2915.731
4760,0.0,2916.228
4761,0.0,2916.732
4762,0.0,2917.224
4763,0.0,2917.723
4764,0.0,2918.22
4765,0.0,2918.72
4766,0.0,2919.216
4767,0.0,2919.721
4768,0.0,2920.224
4769,0.0,2920.718
4770,0.0,2921.223
4771,0.0,2921.713
4772,0.0,2922.212
4773,0.0,2922.704
4774,0.0,2923.201
4775,0.0,2923.703
4776,0.0,2924.197
4777,0.0,2924.707
4778,0.0,2925.194
4779,0.0,2925.703
4780,0.0,2926.189
4781,0.0,2926.695
4782,0.0,2927.199
4783,0.0,2927.685
4784,0.0,2928.181
4785,0.0,2928.681
4786,0.0,2929.188
4787,0.0,2929.676
4788,0.0,2930.186
4789,0.0,2930.674
4790,0.0,2931.183
4791,0.0,2931.67
4792,0.0,2932.179
4793,0.0,2932.667
4794,0.0,2933.176
4795,0.0,2933.662
4796,0.0,2934.16
4797,0.0,2934.658
4798,0.0,2935.168
4799,0.0,2935.654
4800,0.0,2936.164
4801,0.0,2936.651
4802,0.0,2937.149
4803,0.0,2937.654
4804,0.0,2938.158
4805,0.0,2938.644
4806,0.0,2939.141
4807,0.0,2939.642
4808,0.0,2940.138
4809,0.0,2940.642
4810,0.0,2941.146
4811,0.0,2941.636
4812,0.0,2942.142
4813,0.0,2942.634
4814,0.0,2943.134
4815,0.0,2943.638
4816,0.0,2944.134
4817,0.0,2944.624
4818,0.0,2945.12
4819,0.0,2945.63
4820,0.0,2946.115
4821,0.0,2946.626
4822,0.0,2947.111
4823,0.0,2947.61
4824,0.0,2948.109
4825,0.0,2948.606
4826,0.0,2949.114
4827,0.0,2949.603
4828,0.0,2950.11
4829,0.0,2950.6
4830,0.0,2951.108
4831,0.0,2951.604
4832,0.0,2952.092
4833,0.0,2952.606
4834,0.0,2953.102
4835,0.0,2953.588
4836,0.0,2954.097
4837,0.0,2954.584
4838,0.0,2955.082
4839,0.0,2955.582
4840,0.0,2956.09
4841,0.0,2956.576
4842,0.0,2957.085
4843,0.0,2957.572
4844,0.0,2958.072
4845,0.0,2958.572
4846,0.0,2959.067
4847,0.0,2959.564
4848,0.0,2960.063
4849,0.0,2960.563
4850,0.0,2961.06
4851,0.0,2961.559
4852,0.0,2962.068
4853,0.0,2962.558
4854,0.0,2963.063
4855,0.0,2963.555
4856,0.0,2964.055
4857,0.0,2964.553
4858,0.0,2965.057
4859,0.0,2965.546
4860,0.0,2966.042
4861,0.0,2966.55
4862,0.0,2967.046
4863,0.0,2967.545
4864,0.0,2969.528
4865,0.0,2970.037
4866,0.0,2970.527
4867,0.0,2971.526
4868,0.0,2972.019
4869,0.0,2972.519
4870,0.0,2973.026
4871,0.0,2973.52
4872,0.0,2974.023
4873,0.0,2974.511
4874,0.0,2975.007
4875,0.0,2975.507
4876,0.0,2976.003
4877,0.0,2976.508
4878,0.0,2977.498
4879,0.0,2978.026
4880,0.0,2979.006
4881,0.0,2981.485
4882,0.0,2981.996
4883,0.0,2982.484
4884,0.0,2982.997
4885,0.0,2983.489
4886,0.0,2983.995
4887,0.0,2984.49
4888,0.0,2984.998
4889,0.0,2985.471
4890,0.0,2985.99
4891,0.0,2986.475
4892,0.0,2986.964
4893,0.0,2987.476
4894,0.0,2987.96
4895,0.0,2988.459
4896,0.0,2988.957
4897,0.0,2989.461
4898,0.0,2989.96
4899,0.0,2990.453
4900,0.0,2991.452
4901,0.0,2991.952
4902,0.0,2992.441
4903,0.0,2992.951
4904,0.0,2993.454
4905,0.0,2993.951
4906,0.0,2994.452
4907,0.0,2994.945
4908,0.0,2995.434
4909,0.0,2995.929
4910,0.0,2996.442
4911,0.0,2996.926
4912,0.0,2997.431
4913,0.0,2997.935
4914,0.0,2998.422
4915,0.0,2998.926
4916,0.0,2999.443
4917,0.0,2999.929
4918,0.0,3000.423
4919,0.0,3000.912
4920,0.0,3001.409
4921,0.0,3001.908
4922,0.0,3002.407
4923,0.0,3002.946
4924,0.0,3003.405
4925,0.0,3003.914
4926,0.0,3004.404
4927,0.0,3004.911
4928,0.0,3005.399
4929,0.0,3005.903
4930,0.0,3006.426
4931,0.0,3006.889
4932,0.0,3007.395
4933,0.0,3007.886
4934,0.0,3008.398
4935,0.0,3008.882
4936,0.0,3009.383
4937,0.0,3009.889
4938,0.0,3010.382
4939,0.0,3010.887
4940,0.0,3012.379
4941,0.0,3012.893
4942,0.0,3013.371
4943,0.0,3013.875
4944,0.0,3014.376
4945,0.0,3014.873
4946,0.0,3015.36
4947,0.0,3015.868
4948,0.0,3016.356
4949,0.0,3016.865
4950,0.0,3017.365
4951,0.0,3017.85
4952,0.0,3018.354
4953,0.0,3018.855
4954,0.0,3019.343
4955,0.0,3019.848
4956,0.0,3022.338
4957,0.0,3022.837
4958,0.0,3023.838
4959,0.0,3024.331
4960,0.0,3024.835
4961,0.0,3025.335
4962,0.0,3026.83
4963,0.0,3027.815
4964,0.0,3028.312
4965,0.0,3028.819
4966,0.0,3029.312
4967,0.0,3030.304
4968,0.0,3031.304
4969,0.0,3032.302
4970,0.0,3032.805
4971,0.0,3033.298
4972,0.0,3033.798
4973,0.0,3034.291
4974,0.0,3034.786
4975,0.0,3035.289
4976,0.0,3035.781
4977,0.0,3036.28
4978,0.0,3036.79
4979,0.0,3037.276
4980,0.0,3037.772
4981,0.0,3038.283
4982,0.0,3038.771
4983,0.0,3039.274
4984,0.0,3039.778
4985,0.0,3040.267
4986,0.0,3040.774
4987,0.0,3041.261
4988,0.0,3041.759
4989,0.0,3042.263
4990,0.0,3042.754
4991,0.0,3043.267
4992,0.0,3043.764
4993,0.0,3044.25
4994,0.0,3044.749
4995,0.0,3045.252
4996,0.0,3045.756
4997,0.0,3046.248
4998,0.0,3046.753
4999,0.0,3047.243
5000,0.0,3047.743
5001,0.0,3048.246
5002,0.0,3048.732
5003,0.0,3049.234
5004,0.0,3049.73
5005,0.0,3050.229
5006,0.0,3050.725
5007,0.0,3051.234
5008,0.0,3051.721
5009,0.0,3052.226
5010,0.0,3052.731
5011,0.0,3053.216
5012,0.0,3053.725
5013,0.0,3054.214
5014,0.0,3054.721
5015,0.0,3055.208
5016,0.0,3055.719
5017,0.0,3056.206
5018,0.0,3056.716
5019,0.0,3057.199
5020,0.0,3057.711
5021,0.0,3058.2
5022,0.0,3058.708
5023,0.0,3059.194
5024,0.0,3059.704
5025,0.0,3060.197
5026,0.0,3060.702
5027,0.0,3061.189
5028,0.0,3061.713
5029,0.0,3062.688
5030,0.0,3063.184
5031,0.0,3063.69
5032,0.0,3064.185
5033,0.0,3064.69
5034,0.0,3065.173
5035,0.0,3065.67
5036,0.0,3066.17
5037,0.0,3066.678
5038,0.0,3067.171
5039,0.0,3067.674
5040,0.0,3068.166
5041,0.0,3068.671
5042,0.0,3069.164
5043,0.0,3069.655
5044,0.0,3072.146
5045,0.0,3072.657
5046,0.0,3075.662
5047,0.0,3076.141
5048,0.0,3076.641
5049,0.0,3077.141
5050,0.0,3077.626
5051,0.0,3078.63
5052,0.0,3079.13
5053,0.0,3080.143
5054,0.0,3080.615
5055,0.0,3081.114
5056,0.0,3081.623
5057,0.0,3082.111
5058,0.0,3082.615
5059,0.0,3083.107
5060,0.0,3083.604
5061,0.0,3084.108
5062,0.0,3084.612
5063,0.0,3085.103
5064,0.0,3085.595
5065,0.0,3086.098
5066,0.0,3086.605
5067,0.0,3087.593
5068,0.0,3088.597
5069,0.0,3089.628
5070,0.0,3090.091
5071,0.0,3090.59
5072,0.0,3091.08
5073,0.0,3091.586
5074,0.0,3092.084
5075,0.0,3092.57
5076,0.0,3093.103
5077,0.0,3093.567
5078,0.0,3094.073
5079,0.0,3094.563
5080,0.0,3095.059
5081,0.0,3095.57
5082,0.0,3096.062
5083,0.0,3096.562
5084,0.0,3097.057
5085,0.0,3097.553
5086,0.0,3098.066
5087,0.0,3098.56
5088,0.0,3099.061
5089,0.0,3099.556
5090,0.0,3100.045
5091,0.0,3100.541
5092,0.0,3101.051
5093,0.0,3101.537
5094,0.0,3102.043
5095,0.0,3102.545
5096,0.0,3103.043
5097,0.0,3103.537
5098,0.0,3104.035
5099,0.0,3104.537
5100,0.0,3105.027
5101,0.0,3105.522
5102,0.0,3106.028
5103,0.0,3106.53
5104,0.0,3107.016
5105,0.0,3107.514
5106,0.0,3108.021
5107,0.0,3108.524
5108,0.0,3109.016
5109,0.0,3109.518
5110,0.0,3110.012
5111,0.0,3110.511
5112,0.0,3111.002
5113,0.0,3111.5
5114,0.0,3112.003
5115,0.0,3112.497
5116,0.0,3113.008
5117,0.0,3113.493
5118,0.0,3113.994
5119,0.0,3114.489
5120,0.0,3114.995
5121,0.0,3115.494
5122,0.0,3115.983
5123,0.0,3116.491
5124,0.0,3116.995
5125,0.0,3117.487
5126,0.0,3117.981
5127,0.0,3118.477
5128,0.0,3118.988
5129,0.0,3119.481
5130,0.0,3119.971
5131,0.0,3120.479
5132,0.0,3120.966
5133,0.0,3121.474
5134,0.0,3121.961
5135,0.0,3122.459
5136,0.0,3122.962
5137,0.0,3123.466
5138,0.0,3123.959
5139,0.0,3124.46
5140,0.0,3124.947
5141,0.0,3125.46
5142,0.0,3125.951
5143,0.0,3126.455
5144,0.0,3126.942
5145,0.0,3127.441
5146,0.0,3127.95
5147,0.0,3128.448
5148,0.0,3128.938
5149,0.0,3129.444
5150,0.0,3129.929
5151,0.0,3130.439
5152,0.0,3130.929
5153,0.0,3131.431
5154,0.0,3131.931
5155,0.0,3132.433
5156,0.0,3132.923
5157,0.0,3133.417
5158,0.0,3133.926
5159,0.0,3134.414
5160,0.0,3134.913
5161,0.0,3135.41
5162,0.0,3135.914
5163,0.0,3136.407
5164,0.0,3136.911
5165,0.0,3137.413
5166,0.0,3137.902
5167,0.0,3138.409
5168,0.0,3138.896
5169,0.0,3139.395
5170,0.0,3139.907
5171,0.0,3140.404
5172,0.0,3140.903
5173,0.0,3141.4
5174,0.0,3141.898
5175,0.0,3142.385
5176,0.0,3142.883
5177,0.0,3143.381
5178,0.0,3143.884
5179,0.0,3144.388
5180,0.0,3144.882
5181,0.0,3145.385
5182,0.0,3145.884
5183,0.0,3146.382
5184,0.0,3146.871
5185,0.0,3147.378
5186,0.0,3147.864
5187,0.0,3148.374
5188,0.0,3148.871
5189,0.0,3149.371
5190,0.0,3149.861
5191,0.0,3150.367
5192,0.0,3150.857
5193,0.0,3151.361
5194,0.0,3151.851
5195,0.0,3152.354
5196,0.0,3152.845
5197,0.0,3153.344
5198,0.0,3153.844
5199,0.0,3154.34
5200,0.0,3154.839
5201,0.0,3155.335
5202,0.0,3155.835
5203,0.0,3156.331
5204,0.0,3156.836
5205,0.0,3157.329
5206,0.0,3157.827
5207,0.0,3158.335
5208,0.0,3158.831
5209,0.0,3159.328
5210,0.0,3159.823
5211,0.0,3160.317
5212,0.0,3160.829
5213,0.0,3161.324
5214,0.0,3161.811
5215,0.0,3162.322
5216,0.0,3162.807
5217,0.0,3163.305
5218,0.0,3163.804
5219,0.0,3164.31
5220,0.0,3164.807
5221,0.0,3165.311
5222,0.0,3165.798
5223,0.0,3166.306
5224,0.0,3166.794
5225,0.0,3167.295
5226,0.0,3167.797
5227,0.0,3168.301
5228,0.0,3168.797
5229,0.0,3169.295
5230,0.0,3169.788
5231,0.0,3170.289
5232,0.0,3170.79
5233,0.0,3171.299
5234,0.0,3171.779
5235,0.0,3172.295
5236,0.0,3172.775
5237,0.0,3173.277
5238,0.0,3173.768
5239,0.0,3174.278
5240,0.0,3174.77
5241,0.0,3175.262
5242,0.0,3175.772
5243,0.0,3176.259
5244,0.0,3176.759
5245,0.0,3177.254
5246,0.0,3177.761
5247,0.0,3178.251
5248,0.0,3178.75
5249,0.0,3179.258
5250,0.0,3179.747
5251,0.0,3180.254
5252,0.0,3180.742
5253,0.0,3181.252
5254,0.0,3181.754
5255,0.0,3182.248
5256,0.0,3182.737
5257,0.0,3183.244
5258,0.0,3183.744
5259,0.0,3184.228
5260,0.0,3184.727
5261,0.0,3185.225
5262,0.0,3185.731
5263,0.0,3186.234
5264,0.0,3186.72
5265,0.0,3187.225
5266,0.0,3187.723
5267,0.0,3188.227
5268,0.0,3188.716
5269,0.0,3189.21
5270,0.0,3189.714
5271,0.0,3190.206
5272,0.0,3190.72
5273,0.0,3191.204
5274,0.0,3191.7
5275,0.0,3192.211
5276,0.0,3192.703
5277,0.0,3193.207
5278,0.0,3193.695
5279,0.0,3194.2
5280,0.0,3194.699
5281,0.0,3195.2
5282,0.0,3195.691
5283,0.0,3196.184
5284,0.0,3196.686
5285,0.0,3197.179
5286,0.0,3197.688
5287,0.0,3198.175
5288,0.0,3198.681
5289,0.0,3199.173
5290,0.0,3199.671
5291,0.0,3200.168
5292,0.0,3200.667
5293,0.0,3201.175
5294,0.0,3201.674
5295,0.0,3202.162
5296,0.0,3202.659
5297,0.0,3203.158
5298,0.0,3203.657
5299,0.0,3204.166
5300,0.0,3204.655
5301,0.0,3205.162
5302,0.0,3205.649
5303,0.0,3206.148
5304,0.0,3206.646
5305,0.0,3207.156
5306,0.0,3207.642
5307,0.0,3208.148
5308,0.0,3208.64
5309,0.0,3209.136
5310,0.0,3209.638
5311,0.0,3210.133
5312,0.0,3210.647
5313,0.0,3211.129
5314,0.0,3211.627
5315,0.0,3212.136
5316,0.0,3212.626
5317,0.0,3213.132
5318,0.0,3213.618
5319,0.0,3214.129
5320,0.0,3214.62
5321,0.0,3215.12
5322,0.0,3215.613
5323,0.0,3216.108
5324,0.0,3216.614
5325,0.0,3217.106
5326,0.0,3217.611
5327,0.0,3218.102
5328,0.0,3218.602
5329,0.0,3219.099
5330,0.0,3219.596
5331,0.0,3220.107
5332,0.0,3220.594
5333,0.0,3221.1
5334,0.0,3221.591
5335,0.0,3222.098
5336,0.0,3222.592
5337,0.0,3223.083
5338,0.0,3223.595
5339,0.0,3224.092
5340,0.0,3224.591
5341,0.0,3225.088
5342,0.0,3225.577
5343,0.0,3226.083
5344,0.0,3226.57
5345,0.0,3227.07
5346,0.0,3227.583
5347,0.0,3228.077
5348,0.0,3228.563
5349,0.0,3229.072
5350,0.0,3229.559
5351,0.0,3230.058
5352,0.0,3230.558
5353,0.0,3231.054
5354,0.0,3231.566
5355,0.0,3232.06
5356,0.0,3232.556
5357,0.0,3233.059
5358,0.0,3233.549
5359,0.0,3234.054
5360,0.0,3234.539
5361,0.0,3235.049
5362,0.0,3235.542
5363,0.0,3236.046
5364,0.0,3236.533
5365,0.0,3237.03
5366,0.0,3237.533
5367,0.0,3238.028
5368,0.0,3238.538
5369,0.0,3239.036
5370,0.0,3239.536
5371,0.0,3240.02
5372,0.0,3240.524
5373,0.0,3241.018
5374,0.0,3241.516
5375,0.0,3242.023
5376,0.0,3242.513
5377,0.0,3243.02
5378,0.0,3243.512
5379,0.0,3244.006
5380,0.0,3244.505
5381,0.0,3245.013
5382,0.0,3245.512
5383,0.0,3246.011
5384,0.0,3246.498
5385,0.0,3247.007
5386,0.0,3247.493
5387,0.0,3247.99
5388,0.0,3248.495
5389,0.0,3249.0
5390,0.0,3249.487
5391,0.0,3249.992
5392,0.0,3250.494
5393,0.0,3250.991
5394,0.0,3251.481
5395,0.0,3251.976
5396,0.0,3252.473
5397,0.0,3252.972
5398,0.0,3253.472
5399,0.0,3253.968
5400,0.0,3254.467
5401,0.0,3254.977
5402,0.0,3255.462
5403,0.0,3255.973
5404,0.0,3256.464
5405,0.0,3256.964
5406,0.0,3257.466
5407,0.0,3257.953
5408,0.0,3258.465
5409,0.0,3258.95
5410,0.0,3259.459
5411,0.0,3259.946
5412,0.0,3260.454
5413,0.0,3260.955
5414,0.0,3261.444
5415,0.0,3261.948
5416,0.0,3262.438
5417,0.0,3262.948
5418,0.0,3263.439
5419,0.0,3263.938
5420,0.0,3264.434
5421,0.0,3264.944
5422,0.0,3265.439
5423,0.0,3265.938
5424,0.0,3266.436
5425,0.0,3266.944
5426,0.0,3267.423
5427,0.0,3267.925
5428,0.0,3268.418
5429,0.0,3268.913
5430,0.0,3269.42
5431,0.0,3269.921
5432,0.0,3270.409
5433,0.0,3270.912
5434,0.0,3271.415
5435,0.0,3271.914
5436,0.0,3272.407
5437,0.0,3272.898
5438,0.0,3273.397
5439,0.0,3273.895
5440,0.0,3274.395
5441,0.0,3274.891
5442,0.0,3275.392
5443,0.0,3275.9
5444,0.0,3276.384
5445,0.0,3276.896
5446,0.0,3277.39
5447,0.0,3277.887
5448,0.0,3278.379
5449,0.0,3278.877
5450,0.0,3279.382
5451,0.0,3279.873
5452,0.0,3280.382
5453,0.0,3280.878
5454,0.0,3281.369
5455,0.0,3281.877
5456,0.0,3282.37
5457,0.0,3282.874
5458,0.0,3283.363
5459,0.0,3283.857
5460,0.0,3284.367
5461,0.0,3284.861
5462,0.0,3285.35
5463,0.0,3285.849
5464,0.0,3286.362
5465,0.0,3286.859
5466,0.0,3287.346
5467,0.0,3287.855
5468,0.0,3288.342
5469,0.0,3288.851
5470,0.0,3289.337
5471,0.0,3289.836
5472,0.0,3290.342
5473,0.0,3290.832
5474,0.0,3291.331
5475,0.0,3291.839
5476,0.0,3292.325
5477,0.0,3292.825
5478,0.0,3293.326
5479,0.0,3293.821
5480,0.0,3294.319
5481,0.0,3294.818
5482,0.0,3295.319
5483,0.0,3295.813
5484,0.0,3296.32
5485,0.0,3296.821
5486,0.0,3297.316
5487,0.0,3297.818
5488,0.0,3298.312
5489,0.0,3298.809
5490,0.0,3299.301
5491,0.0,3299.799
5492,0.0,3300.299
5493,0.0,3300.807
5494,0.0,3301.304
5495,0.0,3301.791
5496,0.0,3302.292
5497,0.0,3302.786
5498,0.0,3303.293
5499,0.0,3303.791
5500,0.0,3304.287
5501,0.0,3304.79
5502,0.0,3305.282
5503,0.0,3305.786
5504,0.0,3306.281
5505,0.0,3306.771
5506,0.0,3307.286
5507,0.0,3307.78
5508,0.0,3308.271
5509,0.0,3308.776
5510,0.0,3309.266
5511,0.0,3309.773
5512,0.0,3310.271
5513,0.0,3310.757
5514,0.0,3311.258
5515,0.0,3311.765
5516,0.0,3312.253
5517,0.0,3312.759
5518,0.0,3313.258
5519,0.0,3313.757
5520,0.0,3314.251
5521,0.0,3314.756
5522,0.0,3315.241
5523,0.0,3315.738
5524,0.0,3316.238
5525,0.0,3316.747
5526,0.0,3317.237
5527,0.0,3317.743
5528,0.0,3318.236
5529,0.0,3318.739
5530,0.0,3319.231
5531,0.0,3319.735
5532,0.0,3320.223
5533,0.0,3320.72
5534,0.0,3321.221
5535,0.0,3321.717
5536,0.0,3322.216
5537,0.0,3322.713
5538,0.0,3323.22
5539,0.0,3323.707
5540,0.0,3324.213
5541,0.0,3324.705
5542,0.0,3325.203
5543,0.0,3325.712
5544,0.0,3326.205
5545,0.0,3326.708
5546,0.0,3327.204
5547,0.0,3327.694
5548,0.0,3328.19
5549,0.0,3328.698
5550,0.0,3329.189
5551,0.0,3329.698
5552,0.0,3330.186
5553,0.0,3330.695
5554,0.0,3331.18
5555,0.0,3331.686
5556,0.0,3332.183
5557,0.0,3332.688
5558,0.0,3333.174
5559,0.0,3333.683
5560,0.0,3334.174
5561,0.0,3334.668
5562,0.0,3335.17
5563,0.0,3335.664
5564,0.0,3336.172
5565,0.0,3336.673
5566,0.0,3337.158
5567,0.0,3337.656
5568,0.0,3338.197
5569,0.0,3338.665
5570,0.0,3339.157
5571,0.0,3339.662
5572,0.0,3340.153
5573,0.0,3340.652
5574,0.0,3341.144
5575,0.0,3341.654
5576,0.0,3342.143
5577,0.0,3342.65
5578,0.0,3343.148
5579,0.0,3343.634
5580,0.0,3344.134
5581,0.0,3344.631
5582,0.0,3345.135
5583,0.0,3345.627
5584,0.0,3346.125
5585,0.0,3346.644
5586,0.0,3347.123
5587,0.0,3347.629
5588,0.0,3348.122
5589,0.0,3348.628
5590,0.0,3349.122
5591,0.0,3349.612
5592,0.0,3350.112
5593,0.0,3350.62
5594,0.0,3351.108
5595,0.0,3351.617
5596,0.0,3352.103
5597,0.0,3352.601
5598,0.0,3353.101
5599,0.0,3353.61
5600,0.0,3354.094
5601,0.0,3354.605
5602,0.0,3355.091
5603,0.0,3355.59
5604,0.0,3356.091
5605,0.0,3356.587
5606,0.0,3357.095
5607,0.0,3357.594
5608,0.0,3358.095
5609,0.0,3358.591
5610,0.0,3359.083
5611,0.0,3359.587
5612,0.0,3360.094
5613,0.0,3360.581
5614,0.0,3361.078
5615,0.0,3361.576
5616,0.0,3362.095
5617,0.0,3362.578
5618,0.0,3363.081
5619,0.0,3363.584
5620,0.0,3364.083
5621,0.0,3364.557
5622,0.0,3365.059
5623,0.0,3365.554
5624,0.0,3366.059
5625,0.0,3366.56
5626,0.0,3367.051
5627,0.0,3367.556
5628,0.0,3368.047
5629,0.0,3368.549
5630,0.0,3369.052
5631,0.0,3369.54
5632,0.0,3370.051
5633,0.0,3370.547
5634,0.0,3371.035
5635,0.0,3371.543
5636,0.0,3372.031
5637,0.0,3372.528
5638,0.0,3373.025
5639,0.0,3373.525
5640,0.0,3374.028
5641,0.0,3374.532
5642,0.0,3375.028
5643,0.0,3375.527
5644,0.0,3376.014
5645,0.0,3376.513
5646,0.0,3377.014
5647,0.0,3377.509
5648,0.0,3378.021
5649,0.0,3378.505
5650,0.0,3379.004
5651,0.0,3379.513
5652,0.0,3380.007
5653,0.0,3380.511
5654,0.0,3381.0
5655,0.0,3381.506
5656,0.0,3381.997
5657,0.0,3382.498
5658,0.0,3382.99
5659,0.0,3383.487
5660,0.0,3383.988
5661,0.0,3384.483
5662,0.0,3384.988
5663,0.0,3385.479
5664,0.0,3385.979
5665,0.0,3386.475
5666,0.0,3386.98
5667,0.0,3387.479
5668,0.0,3387.981
5669,0.0,3388.479
5670,0.0,3388.971
5671,0.0,3389.468
5672,0.0,3389.971
5673,0.0,3390.467
5674,0.0,3390.962
5675,0.0,3391.459
5676,0.0,3391.967
5677,0.0,3392.457
5678,0.0,3392.954
5679,0.0,3393.48
5680,0.0,3393.947
5681,0.0,3394.447
5682,0.0,3394.95
5683,0.0,3395.443
5684,0.0,3395.941
5685,0.0,3396.439
5686,0.0,3396.973
5687,0.0,3399.927
5688,0.0,3400.43
5689,0.0,3400.928
5690,0.0,3402.447
5691,0.0,3403.431
5692,0.0,3412.387
5693,0.0,3413.378
5694,0.0,3413.887
5695,0.0,3414.376
5696,0.0,3414.87
5697,0.0,3415.374
5698,0.0,3415.874
5699,0.0,3416.365
5700,0.0,3416.866
5701,0.0,3417.361
5702,0.0,3417.858
5703,0.0,3418.364
5704,0.0,3418.861
5705,0.0,3419.356
5706,0.0,3419.866
5707,0.0,3420.359
5708,0.0,3420.862
5709,0.0,3421.346
5710,0.0,3421.849
5711,0.0,3422.344
5712,0.0,3422.846
5713,0.0,3423.349
5714,0.0,3423.84
5715,0.0,3424.334
5716,0.0,3424.833
5717,0.0,3425.332
5718,0.0,3425.834
5719,0.0,3426.333
5720,0.0,3426.823
5721,0.0,3427.329
5722,0.0,3427.823
5723,0.0,3428.326
5724,0.0,3428.823
5725,0.0,3429.319
5726,0.0,3429.815
5727,0.0,3430.321
5728,0.0,3430.817
5729,0.0,3431.309
5730,0.0,3431.812
5731,0.0,3432.31
5732,0.0,3432.815
5733,0.0,3433.312
5734,0.0,3433.8
5735,0.0,3434.297
5736,0.0,3434.796
5737,0.0,3435.294
5738,0.0,3435.792
5739,0.0,3436.295
5740,0.0,3436.793
5741,0.0,3437.287
5742,0.0,3437.787
5743,0.0,3438.287
5744,0.0,3438.793
5745,0.0,3439.279
5746,0.0,3439.789
5747,0.0,3440.28
5748,0.0,3440.772
5749,0.0,3441.276
5750,0.0,3441.77
5751,0.0,3442.272
5752,0.0,3442.771
5753,0.0,3443.265
5754,0.0,3443.783
5755,0.0,3445.26
5756,0.0,3445.755
5757,0.0,3446.258
5758,0.0,3446.754
5759,0.0,3451.729
5760,0.0,3452.235
5761,0.0,3453.735
5762,0.0,3455.739
5763,0.0,3456.239
5764,0.0,3456.741
5765,0.0,3458.706
5766,0.0,3459.211
5767,0.0,3459.703
5768,0.0,3460.206
5769,0.0,3461.203
5770,0.0,3461.695
5771,0.0,3462.2
5772,0.0,3462.693
5773,0.0,3463.196
5774,0.0,3463.694
5775,0.0,3464.187
5776,0.0,3464.689
5777,0.0,3465.214
5778,0.0,3465.687
5779,0.0,3466.179
5780,0.0,3466.678
5781,0.0,3467.182
5782,0.0,3467.677
5783,0.0,3468.178
5784,0.0,3468.681
5785,0.0,3469.174
5786,0.0,3469.666
5787,0.0,3470.169
5788,0.0,3470.668
5789,0.0,3471.167
5790,0.0,3471.659
5791,0.0,3472.161
5792,0.0,3472.655
5793,0.0,3473.158
5794,0.0,3473.657
5795,0.0,3474.155
5796,0.0,3474.661
5797,0.0,3475.151
5798,0.0,3475.645
5799,0.0,3476.143
5800,0.0,3476.642
5801,0.0,3477.14
5802,0.0,3477.638
5803,0.0,3478.141
5804,0.0,3478.634
5805,0.0,3479.131
5806,0.0,3479.631
5807,0.0,3480.127
5808,0.0,3480.631
5809,0.0,3481.131
5810,0.0,3481.627
5811,0.0,3482.126
5812,0.0,3482.618
5813,0.0,3483.118
5814,0.0,3483.615
5815,0.0,3484.112
5816,0.0,3484.617
5817,0.0,3485.12
5818,0.0,3485.61
5819,0.0,3486.107
5820,0.0,3486.608
5821,0.0,3487.102
5822,0.0,3487.6
5823,0.0,3488.103
5824,0.0,3488.599
5825,0.0,3489.099
5826,0.0,3489.602
5827,0.0,3490.096
5828,0.0,3490.589
5829,0.0,3491.091
5830,0.0,3491.584
5831,0.0,3492.089
5832,0.0,3492.58
5833,0.0,3493.089
5834,0.0,3493.579
5835,0.0,3494.079
5836,0.0,3494.579
5837,0.0,3495.078
5838,0.0,3495.567
5839,0.0,3496.068
5840,0.0,3496.567
5841,0.0,3497.065
5842,0.0,3497.563
5843,0.0,3498.071
5844,0.0,3498.558
5845,0.0,3499.063
5846,0.0,3499.558
5847,0.0,3500.054
5848,0.0,3500.554
5849,0.0,3501.059
5850,0.0,3501.561
5851,0.0,3502.051
5852,0.0,3502.546
5853,0.0,3503.042
5854,0.0,3503.538
5855,0.0,3504.07
5856,0.0,3504.544
5857,0.0,3505.034
5858,0.0,3505.539
5859,0.0,3506.03
5860,0.0,3507.042
5861,0.0,3507.538
5862,0.0,3508.032
5863,0.0,3510.026
5864,0.0,3513.508
5865,0.0,3514.006
5866,0.0,3514.498
5867,0.0,3515.498
5868,0.0,3515.992
5869,0.0,3516.519
5870,0.0,3516.999
5871,0.0,3517.986
5872,0.0,3518.485
5873,0.0,3518.982
5874,0.0,3519.481
5875,0.0,3519.977
5876,0.0,3520.482
5877,0.0,3520.985
5878,0.0,3521.472
5879,0.0,3521.977
5880,0.0,3522.468
5881,0.0,3522.978
5882,0.0,3523.468
5883,0.0,3523.962
5884,0.0,3524.46
5885,0.0,3524.959
5886,0.0,3525.47
5887,0.0,3525.967
5888,0.0,3526.457
5889,0.0,3526.963
5890,0.0,3527.453
5891,0.0,3527.959
5892,0.0,3528.449
5893,0.0,3528.95
5894,0.0,3529.448
5895,0.0,3529.951
5896,0.0,3530.451
5897,0.0,3530.936
5898,0.0,3531.447
5899,0.0,3531.932
5900,0.0,3532.432
5901,0.0,3532.929
5902,0.0,3533.431
5903,0.0,3533.925
5904,0.0,3534.423
5905,0.0,3534.932
5906,0.0,3535.421
5907,0.0,3535.925
5908,0.0,3536.417
5909,0.0,3537.911
5910,0.0,3538.434
5911,0.0,3538.916
5912,0.0,3540.401
5913,0.0,3542.4
5914,0.0,3542.898
5915,0.0,3543.401
5916,0.0,3543.9
5917,0.0,3544.391
5918,0.0,3544.884
5919,0.0,3545.389
5920,0.0,3545.881
5921,0.0,3547.899
5922,0.0,3548.88
5923,0.0,3549.382
5924,0.0,3551.375
5925,0.0,3552.868
5926,0.0,3553.853
5927,0.0,3557.852
5928,0.0,3561.334
5929,0.0,3562.33
5930,0.0,3562.825
5931,0.0,3563.321
5932,0.0,3563.818
5933,0.0,3564.313
5934,0.0,3564.819
5935,0.0,3565.313
5936,0.0,3565.81
5937,0.0,3566.319
5938,0.0,3566.808
5939,0.0,3567.315
5940,0.0,3567.806
5941,0.0,3568.305
5942,0.0,3568.798
5943,0.0,3569.296
5944,0.0,3569.803
5945,0.0,3570.294
5946,0.0,3570.791
5947,0.0,3571.294
5948,0.0,3571.792
5949,0.0,3572.286
5950,0.0,3572.787
5951,0.0,3573.29
5952,0.0,3573.782
5953,0.0,3574.291
5954,0.0,3574.779
5955,0.0,3575.276
5956,0.0,3575.77
5957,0.0,3576.271
5958,0.0,3576.771
5959,0.0,3577.271
5960,0.0,3577.767
5961,0.0,3578.267
5962,0.0,3578.765
5963,0.0,3579.272
5964,0.0,3579.756
5965,0.0,3580.266
5966,0.0,3580.752
5967,0.0,3581.248
5968,0.0,3581.747
5969,0.0,3582.255
5970,0.0,3582.75
5971,0.0,3583.241
5972,0.0,3583.74
5973,0.0,3584.241
5974,0.0,3584.738
5975,0.0,3585.261
5976,0.0,3585.733
5977,0.0,3586.233
5978,0.0,3586.735
5979,0.0,3587.226
5980,0.0,3587.731
5981,0.0,3588.222
5982,0.0,3588.723
5983,0.0,3589.224
5984,0.0,3589.719
5985,0.0,3590.219
5986,0.0,3590.715
5987,0.0,3591.216
5988,0.0,3591.71
5989,0.0,3592.207
5990,0.0,3592.713
5991,0.0,3593.21
5992,0.0,3593.709
5993,0.0,3594.202
5994,0.0,3594.704
5995,0.0,3595.21
5996,0.0,3595.703
5997,0.0,3596.196
5998,0.0,3596.697
5999,0.0,3597.19
6000,0.0,3597.698
6001,0.0,3598.194
6002,0.0,3598.689
6003,0.0,3599.191
6004,0.0,3599.687
6005,0.0,3600.216
6006,0.0,3600.686
6007,0.0,3601.675
6008,0.0,3602.174
6009,0.0,3602.672
6010,0.0,3603.169
6011,0.0,3603.673
6012,0.0,3604.171
6013,0.0,3604.674
6014,0.0,3605.169
6015,0.0,3605.663
6016,0.0,3606.671
6017,0.0,3607.157
6018,0.0,3609.646
6019,0.0,3610.147
6020,0.0,3610.641
6021,0.0,3611.143
6022,0.0,3611.638
6023,0.0,3612.138
6024,0.0,3612.637
6025,0.0,3613.134
6026,0.0,3613.631
6027,0.0,3615.651
6028,0.0,3618.622
6029,0.0,3620.105
6030,0.0,3621.106
6031,0.0,3621.6
6032,0.0,3622.104
6033,0.0,3623.094
6034,0.0,3624.089
6035,0.0,3624.594
6036,0.0,3627.083
6037,0.0,3627.583
6038,0.0,3628.084
6039,0.0,3628.575
6040,0.0,3629.071
6041,0.0,3629.574
6042,0.0,3630.106
6043,0.0,3630.565
6044,0.0,3631.067
6045,0.0,3631.562
6046,0.0,3632.065
6047,0.0,3632.558
6048,0.0,3633.056
6049,0.0,3633.554
6050,0.0,3634.062
6051,0.0,3634.556
6052,0.0,3635.051
6053,0.0,3635.548
6054,0.0,3636.045
6055,0.0,3636.548
6056,0.0,3637.042
6057,0.0,3637.544
6058,0.0,3638.043
6059,0.0,3638.541
6060,0.0,3639.037
6061,0.0,3639.541
6062,0.0,3640.033
6063,0.0,3640.528
6064,0.0,3641.031
6065,0.0,3641.53
6066,0.0,3642.036
6067,0.0,3642.52
6068,0.0,3643.032
6069,0.0,3643.518
6070,0.0,3644.029
6071,0.0,3644.518
6072,0.0,3645.031
6073,0.0,3645.521
6074,0.0,3646.022
6075,0.0,3646.507
6076,0.0,3647.035
6077,0.0,3647.505
6078,0.0,3648.025
6079,0.0,3648.507
6080,0.0,3649.003
6081,0.0,3649.502
6082,0.0,3650.007
6083,0.0,3650.497
6084,0.0,3650.994
6085,0.0,3651.495
6086,0.0,3651.992
6087,0.0,3652.487
6088,0.0,3653.493
6089,0.0,3653.982
6090,0.0,3654.975
6091,0.0,3655.478
6092,0.0,3655.975
6093,0.0,3656.469
6094,0.0,3658.967
6095,0.0,3659.466
6096,0.0,3659.967
6097,0.0,3660.46
6098,0.0,3660.959
6099,0.0,3661.458
6100,0.0,3661.961
6101,0.0,3662.453
6102,0.0,3662.959
6103,0.0,3663.445
6104,0.0,3663.944
6105,0.0,3664.443
6106,0.0,3664.94
6107,0.0,3665.439
6108,0.0,3665.935
6109,0.0,3666.439
6110,0.0,3666.938
6111,0.0,3667.428
6112,0.0,3667.926
6113,0.0,3668.423
6114,0.0,3668.922
6115,0.0,3669.422
6116,0.0,3669.933
6117,0.0,3670.918
6118,0.0,3671.42
6119,0.0,3671.919
6120,0.0,3672.41
6121,0.0,3672.923
6122,0.0,3673.407
6123,0.0,3673.914
6124,0.0,3674.402
6125,0.0,3674.905
6126,0.0,3675.404
6127,0.0,3675.895
6128,0.0,3676.395
6129,0.0,3676.895
6130,0.0,3677.397
6131,0.0,3677.898
6132,0.0,3678.394
6133,0.0,3678.898
6134,0.0,3679.39
6135,0.0,3679.89
6136,0.0,3680.385
6137,0.0,3680.883
6138,0.0,3681.386
6139,0.0,3681.878
6140,0.0,3682.378
6141,0.0,3682.879
6142,0.0,3683.37
6143,0.0,3683.866
6144,0.0,3684.365
6145,0.0,3684.867
6146,0.0,3685.363
6147,0.0,3685.871
6148,0.0,3686.363
6149,0.0,3686.857
6150,0.0,3687.36
6151,0.0,3687.859
6152,0.0,3688.35
6153,0.0,3688.858
6154,0.0,3689.352
6155,0.0,3689.847
6156,0.0,3690.348
6157,0.0,3690.847
6158,0.0,3691.342
6159,0.0,3691.851
6160,0.0,3692.339
6161,0.0,3693.835
6162,0.0,3694.33
6163,0.0,3694.832
6164,0.0,3695.334
6165,0.0,3695.827
6166,0.0,3696.323
6167,0.0,3696.818
6168,0.0,3697.322
6169,0.0,3697.819
6170,0.0,3698.32
6171,0.0,3698.812
6172,0.0,3699.315
6173,0.0,3699.82
6174,0.0,3700.312
6175,0.0,3700.817
6176,0.0,3701.309
6177,0.0,3701.8
6178,0.0,3702.31
6179,0.0,3702.803
6180,0.0,3703.294
6181,0.0,3703.8
6182,0.0,3704.296
6183,0.0,3704.786
6184,0.0,3705.296
6185,0.0,3705.785
6186,0.0,3706.284
6187,0.0,3706.781
6188,0.0,3707.279
6189,0.0,3707.776
6190,0.0,3708.28
6191,0.0,3708.779
6192,0.0,3709.283
6193,0.0,3709.776
6194,0.0,3710.273
6195,0.0,3710.772
6196,0.0,3711.768
6197,0.0,3712.269
6198,0.0,3712.771
6199,0.0,3713.262
6200,0.0,3713.756
6201,0.0,3714.26
6202,0.0,3714.758
6203,0.0,3715.249
6204,0.0,3715.754
6205,0.0,3716.245
6206,0.0,3716.746
6207,0.0,3717.242
6208,0.0,3717.737
6209,0.0,3718.243
6210,0.0,3718.739
6211,0.0,3719.239
6212,0.0,3719.737
6213,0.0,3720.238
6214,0.0,3720.73
6215,0.0,3721.232
6216,0.0,3721.73
6217,0.0,3722.229
6218,0.0,3722.724
6219,0.0,3723.228
6220,0.0,3723.717
6221,0.0,3724.22
6222,0.0,3724.713
6223,0.0,3725.255
6224,0.0,3725.724
6225,0.0,3726.208
6226,0.0,3726.719
6227,0.0,3727.21
6228,0.0,3727.704
6229,0.0,3728.201
6230,0.0,3728.697
6231,0.0,3729.202
6232,0.0,3729.7
6233,0.0,3730.193
6234,0.0,3730.699
6235,0.0,3731.189
6236,0.0,3731.701
6237,0.0,3732.187
6238,0.0,3732.687
6239,0.0,3733.187
6240,0.0,3733.693
6241,0.0,3734.179
6242,0.0,3734.69
6243,0.0,3735.182
6244,0.0,3735.677
6245,0.0,3736.18
6246,0.0,3736.673
6247,0.0,3737.181
6248,0.0,3737.679
6249,0.0,3738.184
6250,0.0,3738.673
6251,0.0,3739.174
6252,0.0,3739.676
6253,0.0,3740.176
6254,0.0,3740.69
6255,0.0,3741.159
6256,0.0,3741.654
6257,0.0,3742.155
6258,0.0,3742.655
6259,0.0,3743.155
6260,0.0,3743.654
6261,0.0,3745.143
6262,0.0,3745.644
6263,0.0,3746.148
6264,0.0,3747.139
6265,0.0,3748.668
6266,0.0,3749.13
6267,0.0,3749.627
6268,0.0,3750.127
6269,0.0,3751.616
6270,0.0,3752.143
6271,0.0,3752.626
6272,0.0,3753.116
6273,0.0,3753.611
6274,0.0,3754.111
6275,0.0,3754.617
6276,0.0,3755.108
6277,0.0,3755.606
6278,0.0,3756.104
6279,0.0,3756.604
6280,0.0,3757.107
6281,0.0,3757.594
6282,0.0,3758.09
6283,0.0,3758.59
6284,0.0,3759.089
6285,0.0,3759.591
6286,0.0,3760.083
6287,0.0,3760.584
6288,0.0,3761.079
6289,0.0,3761.588
6290,0.0,3762.083
6291,0.0,3762.574
6292,0.0,3763.077
6293,0.0,3763.57
6294,0.0,3764.075
6295,0.0,3764.569
6296,0.0,3765.067
6297,0.0,3765.57
6298,0.0,3766.067
6299,0.0,3766.56
6300,0.0,3767.063
6301,0.0,3767.566
6302,0.0,3768.055
6303,0.0,3768.565
6304,0.0,3769.051
6305,0.0,3769.549
6306,0.0,3770.055
6307,0.0,3771.051
6308,0.0,3771.548
6309,0.0,3772.038
6310,0.0,3772.547
6311,0.0,3773.037
6312,0.0,3773.534
6313,0.0,3774.532
6314,0.0,3775.027
6315,0.0,3775.537
6316,0.0,3776.024
6317,0.0,3776.523
6318,0.0,3777.026
6319,0.0,3777.522
6320,0.0,3778.017
6321,0.0,3778.519
6322,0.0,3779.013
6323,0.0,3780.023
6324,0.0,3780.53
6325,0.0,3781.024
6326,0.0,3781.546
6327,0.0,3782.003
6328,0.0,3782.999
6329,0.0,3783.509
6330,0.0,3784.004
6331,0.0,3784.503
6332,0.0,3784.995
6333,0.0,3785.488
6334,0.0,3785.998
6335,0.0,3786.489
6336,0.0,3786.987
6337,0.0,3787.488
6338,0.0,3787.986
6339,0.0,3788.475
6340,0.0,3788.975
6341,0.0,3789.483
6342,0.0,3789.971
6343,0.0,3790.47
6344,0.0,3790.973
6345,0.0,3791.466
6346,0.0,3791.97
6347,0.0,3792.467
6348,0.0,3792.962
6349,0.0,3793.459
6350,0.0,3793.956
6351,0.0,3794.454
6352,0.0,3794.954
6353,0.0,3795.454
6354,0.0,3795.954
6355,0.0,3796.46
6356,0.0,3796.95
6357,0.0,3797.455
6358,0.0,3797.941
6359,0.0,3798.444
6360,0.0,3798.938
6361,0.0,3799.441
6362,0.0,3799.946
6363,0.0,3800.436
6364,0.0,3800.93
6365,0.0,3801.427
6366,0.0,3801.932
6367,0.0,3802.437
6368,0.0,3802.921
6369,0.0,3803.423
6370,0.0,3803.922
6371,0.0,3804.418
6372,0.0,3804.92
6373,0.0,3805.418
6374,0.0,3805.908
6375,0.0,3806.412
6376,0.0,3806.917
6377,0.0,3807.406
6378,0.0,3807.904
6379,0.0,3808.407
6380,0.0,3808.899
6381,0.0,3809.41
6382,0.0,3809.896
6383,0.0,3810.395
6384,0.0,3810.893
6385,0.0,3811.391
6386,0.0,3811.894
6387,0.0,3812.386
6388,0.0,3812.89
6389,0.0,3813.388
6390,0.0,3813.881
6391,0.0,3814.38
6392,0.0,3814.881
6393,0.0,3815.383
6394,0.0,3815.873
6395,0.0,3816.376
6396,0.0,3816.875
6397,0.0,3817.381
6398,0.0,3817.872
6399,0.0,3818.374
6400,0.0,3818.861
6401,0.0,3819.374
6402,0.0,3819.86
6403,0.0,3820.362
6404,0.0,3820.855
6405,0.0,3821.356
6406,0.0,3821.857
6407,0.0,3822.347
6408,0.0,3822.853
6409,0.0,3823.345
6410,0.0,3823.849
6411,0.0,3824.351
6412,0.0,3824.846
6413,0.0,3825.354
6414,0.0,3825.835
6415,0.0,3826.341
6416,0.0,3826.838
6417,0.0,3827.334
6418,0.0,3827.84
6419,0.0,3828.331
6420,0.0,3828.832
6421,0.0,3829.332
6422,0.0,3829.828
6423,0.0,3830.337
6424,0.0,3830.824
6425,0.0,3831.325
6426,0.0,3831.837
6427,0.0,3832.341
6428,0.0,3832.811
6429,0.0,3833.31
6430,0.0,3833.813
6431,0.0,3834.304
6432,0.0,3834.815
6433,0.0,3835.3
6434,0.0,3835.812
6435,0.0,3836.306
6436,0.0,3836.795
6437,0.0,3837.297
6438,0.0,3837.794
6439,0.0,3838.306
6440,0.0,3838.791
6441,0.0,3839.294
6442,0.0,3839.786
6443,0.0,3840.287
6444,0.0,3840.783
6445,0.0,3841.287
6446,0.0,3841.78
6447,0.0,3842.282
6448,0.0,3842.786
6449,0.0,3843.277
6450,0.0,3843.773
6451,0.0,3844.271
6452,0.0,3844.772
6453,0.0,3845.275
6454,0.0,3845.77
6455,0.0,3846.263
6456,0.0,3846.764
6457,0.0,3847.265
6458,0.0,3847.756
6459,0.0,3848.257
6460,0.0,3848.755
6461,0.0,3849.251
6462,0.0,3849.754
6463,0.0,3850.25
6464,0.0,3850.745
6465,0.0,3851.255
6466,0.0,3851.741
6467,0.0,3852.238
6468,0.0,3852.741
6469,0.0,3853.235
6470,0.0,3853.752
6471,0.0,3854.243
6472,0.0,3854.735
6473,0.0,3855.235
6474,0.0,3855.727
6475,0.0,3856.228
6476,0.0,3856.722
6477,0.0,3857.234
6478,0.0,3857.718
6479,0.0,3858.219
6480,0.0,3858.721
6481,0.0,3859.215
6482,0.0,3859.711
6483,0.0,3860.207
6484,0.0,3860.718
6485,0.0,3861.21
6486,0.0,3861.706
6487,0.0,3862.203
6488,0.0,3862.707
6489,0.0,3863.202
6490,0.0,3863.698
6491,0.0,3864.197
6492,0.0,3864.697
6493,0.0,3865.194
6494,0.0,3865.697
6495,0.0,3866.191
6496,0.0,3866.692
6497,0.0,3867.185
6498,0.0,3867.711
6499,0.0,3868.186
6500,0.0,3868.677
6501,0.0,3869.18
6502,0.0,3869.68
6503,0.0,3870.178
6504,0.0,3870.677
6505,0.0,3871.18
6506,0.0,3871.673
6507,0.0,3872.177
6508,0.0,3872.672
6509,0.0,3873.173
6510,0.0,3873.672
6511,0.0,3874.156
6512,0.0,3874.663
6513,0.0,3875.151
6514,0.0,3875.66
6515,0.0,3876.158
6516,0.0,3876.65
6517,0.0,3877.15
6518,0.0,3877.645
6519,0.0,3878.147
6520,0.0,3878.649
6521,0.0,3879.152
6522,0.0,3879.643
6523,0.0,3880.145
6524,0.0,3880.638
6525,0.0,3881.132
6526,0.0,3881.635
6527,0.0,3882.628
6528,0.0,3883.635
6529,0.0,3884.127
6530,0.0,3884.619
6531,0.0,3885.122
6532,0.0,3885.62
6533,0.0,3886.152
6534,0.0,3887.115
6535,0.0,3887.606
6536,0.0,3888.106
6537,0.0,3889.104
6538,0.0,3889.602
6539,0.0,3890.096
6540,0.0,3890.605
6541,0.0,3891.129
6542,0.0,3891.597
6543,0.0,3892.095
6544,0.0,3892.594
6545,0.0,3893.094
6546,0.0,3893.59
6547,0.0,3894.094
6548,0.0,3894.58
6549,0.0,3895.08
6550,0.0,3895.576
6551,0.0,3896.074
6552,0.0,3896.578
6553,0.0,3897.07
6554,0.0,3897.568
6555,0.0,3898.068
6556,0.0,3898.565
6557,0.0,3899.062
6558,0.0,3899.567
6559,0.0,3900.062
6560,0.0,3900.563
6561,0.0,3901.056
6562,0.0,3901.56
6563,0.0,3902.05
6564,0.0,3902.556
6565,0.0,3903.05
6566,0.0,3903.547
6567,0.0,3904.05
6568,0.0,3904.554
6569,0.0,3905.041
6570,0.0,3905.539
6571,0.0,3906.044
6572,0.0,3906.539
6573,0.0,3907.036
6574,0.0,3907.531
6575,0.0,3908.033
6576,0.0,3908.533
6577,0.0,3909.034
6578,0.0,3909.554
6579,0.0,3910.024
6580,0.0,3910.525
6581,0.0,3911.018
6582,0.0,3911.526
6583,0.0,3912.027
6584,0.0,3912.52
6585,0.0,3913.014
6586,0.0,3913.515
6587,0.0,3914.021
6588,0.0,3914.505
6589,0.0,3915.004
6590,0.0,3915.502
6591,0.0,3916.001
6592,0.0,3916.499
6593,0.0,3916.995
6594,0.0,3917.5
6595,0.0,3917.998
6596,0.0,3918.491
6597,0.0,3919.001
6598,0.0,3919.487
6599,0.0,3919.983
6600,0.0,3920.489
6601,0.0,3920.985
6602,0.0,3921.485
6603,0.0,3921.977
6604,0.0,3922.477
6605,0.0,3922.986
6606,0.0,3923.473
6607,0.0,3923.974
6608,0.0,3924.468
6609,0.0,3924.972
6610,0.0,3925.476
6611,0.0,3925.967
6612,0.0,3926.479
6613,0.0,3926.981
6614,0.0,3927.482
6615,0.0,3927.983
6616,0.0,3928.472
6617,0.0,3928.992
6618,0.0,3929.458
6619,0.0,3929.961
6620,0.0,3930.455
6621,0.0,3930.952
6622,0.0,3931.446
6623,0.0,3931.955
6624,0.0,3932.451
6625,0.0,3932.939
6626,0.0,3933.442
6627,0.0,3933.942
6628,0.0,3934.437
6629,0.0,3934.937
6630,0.0,3935.435
6631,0.0,3935.928
6632,0.0,3936.427
6633,0.0,3936.923
6634,0.0,3937.422
6635,0.0,3937.919
6636,0.0,3938.417
6637,0.0,3938.922
6638,0.0,3939.413
6639,0.0,3939.919
6640,0.0,3940.414
6641,0.0,3940.921
6642,0.0,3941.405
6643,0.0,3941.908
6644,0.0,3942.409
6645,0.0,3942.912
6646,0.0,3943.405
6647,0.0,3943.909
6648,0.0,3944.395
6649,0.0,3944.895
6650,0.0,3945.392
6651,0.0,3945.895
6652,0.0,3946.398
6653,0.0,3946.898
6654,0.0,3947.383
6655,0.0,3947.884
6656,0.0,3948.387
6657,0.0,3948.882
6658,0.0,3949.382
6659,0.0,3949.883
6660,0.0,3950.377
6661,0.0,3950.884
6662,0.0,3951.374
6663,0.0,3951.874
6664,0.0,3952.372
6665,0.0,3952.876
6666,0.0,3953.372
6667,0.0,3953.862
6668,0.0,3954.362
6669,0.0,3954.861
6670,0.0,3955.361
6671,0.0,3955.867
6672,0.0,3956.349
6673,0.0,3956.863
6674,0.0,3957.348
6675,0.0,3957.859
6676,0.0,3958.357
6677,0.0,3958.84
6678,0.0,3959.344
6679,0.0,3959.843
6680,0.0,3960.335
6681,0.0,3960.831
6682,0.0,3961.332
6683,0.0,3961.834
6684,0.0,3962.335
6685,0.0,3962.831
6686,0.0,3963.327
6687,0.0,3963.824
6688,0.0,3964.322
6689,0.0,3964.834
6690,0.0,3965.323
6691,0.0,3965.819
6692,0.0,3966.315
6693,0.0,3966.819
6694,0.0,3967.322
6695,0.0,3967.812
6696,0.0,3968.306
6697,0.0,3968.806
6698,0.0,3969.308
6699,0.0,3969.803
6700,0.0,3970.305
6701,0.0,3970.798
6702,0.0,3971.3
6703,0.0,3971.797
6704,0.0,3972.291
6705,0.0,3972.794
6706,0.0,3973.295
6707,0.0,3973.791
6708,0.0,3974.293
6709,0.0,3974.778
6710,0.0,3975.283
6711,0.0,3975.783
6712,0.0,3976.283
6713,0.0,3976.786
6714,0.0,3977.281
6715,0.0,3977.769
6716,0.0,3978.268
6717,0.0,3978.768
6718,0.0,3979.265
6719,0.0,3979.778
6720,0.0,3980.267
6721,0.0,3980.763
6722,0.0,3981.259
6723,0.0,3981.757
6724,0.0,3982.254
6725,0.0,3982.751
6726,0.0,3983.256
6727,0.0,3983.747
6728,0.0,3984.251
6729,0.0,3984.744
6730,0.0,3985.244
6731,0.0,3985.755
6732,0.0,3986.239
6733,0.0,3986.742
6734,0.0,3987.235
6735,0.0,3987.736
6736,0.0,3988.232
6737,0.0,3988.731
6738,0.0,3989.226
6739,0.0,3989.726
6740,0.0,3990.229
6741,0.0,3990.722
6742,0.0,3991.22
6743,0.0,3991.72
6744,0.0,3992.221
6745,0.0,3992.714
6746,0.0,3993.218
6747,0.0,3993.716
6748,0.0,3994.214
6749,0.0,3994.709
6750,0.0,3995.213
6751,0.0,3995.705
6752,0.0,3996.205
6753,0.0,3996.698
6754,0.0,3997.197
6755,0.0,3997.707
6756,0.0,3998.192
6757,0.0,3998.692
6758,0.0,3999.19
6759,0.0,3999.689
6760,0.0,4000.186
6761,0.0,4000.684
6762,0.0,4001.188
6763,0.0,4001.711
6764,0.0,4002.178
6765,0.0,4002.678
6766,0.0,4003.182
6767,0.0,4003.672
6768,0.0,4004.177
6769,0.0,4004.675
6770,0.0,4005.168
6771,0.0,4005.666
6772,0.0,4006.169
6773,0.0,4006.674
6774,0.0,4007.165
6775,0.0,4007.663
6776,0.0,4008.157
6777,0.0,4008.662
6778,0.0,4009.15
6779,0.0,4009.664
6780,0.0,4010.654
6781,0.0,4011.65
6782,0.0,4012.146
6783,0.0,4012.648
6784,0.0,4013.144
6785,0.0,4013.649
6786,0.0,4014.139
6787,0.0,4014.639
6788,0.0,4015.137
6789,0.0,4015.628
6790,0.0,4016.131
6791,0.0,4016.631
6792,0.0,4017.127
6793,0.0,4017.626
6794,0.0,4018.121
6795,0.0,4018.63
6796,0.0,4019.121
6797,0.0,4019.627
6798,0.0,4020.115
6799,0.0,4020.635
6800,0.0,4021.115
6801,0.0,4021.624
6802,0.0,4022.117
6803,0.0,4022.604
6804,0.0,4023.102
6805,0.0,4023.6
6806,0.0,4024.098
6807,0.0,4024.595
6808,0.0,4025.094
6809,0.0,4025.597
6810,0.0,4026.097
6811,0.0,4026.59
6812,0.0,4027.092
6813,0.0,4027.597
6814,0.0,4028.083
6815,0.0,4028.587
6816,0.0,4029.106
6817,0.0,4029.583
6818,0.0,4030.077
6819,0.0,4030.576
6820,0.0,4031.115
6821,0.0,4031.578
6822,0.0,4032.07
6823,0.0,4032.571
6824,0.0,4033.068
6825,0.0,4033.571
6826,0.0,4034.066
6827,0.0,4034.562
6828,0.0,4035.061
6829,0.0,4035.556
6830,0.0,4036.059
6831,0.0,4036.555
6832,0.0,4037.061
6833,0.0,4037.552
6834,0.0,4038.052
6835,0.0,4038.55
6836,0.0,4039.047
6837,0.0,4039.555
6838,0.0,4040.037
6839,0.0,4040.535
6840,0.0,4041.035
6841,0.0,4041.535
6842,0.0,4042.041
6843,0.0,4042.543
6844,0.0,4043.035
6845,0.0,4043.531
6846,0.0,4044.024
6847,0.0,4044.523
6848,0.0,4045.019
6849,0.0,4045.531
6850,0.0,4046.015
6851,0.0,4046.515
6852,0.0,4047.013
6853,0.0,4047.51
6854,0.0,4048.01
6855,0.0,4048.514
6856,0.0,4049.005
6857,0.0,4049.508
6858,0.0,4050.002
6859,0.0,4050.506
6860,0.0,4050.998
6861,0.0,4051.497
6862,0.0,4051.999
6863,0.0,4052.499
6864,0.0,4052.99
6865,0.0,4053.491
6866,0.0,4053.992
6867,0.0,4054.488
6868,0.0,4054.982
6869,0.0,4055.482
6870,0.0,4055.984
6871,0.0,4056.476
6872,0.0,4056.988
6873,0.0,4057.475
6874,0.0,4057.981
6875,0.0,4058.471
6876,0.0,4058.971
6877,0.0,4059.471
6878,0.0,4059.969
6879,0.0,4060.463
6880,0.0,4060.961
6881,0.0,4061.491
6882,0.0,4061.957
6883,0.0,4062.458
6884,0.0,4062.953
6885,0.0,4063.448
6886,0.0,4063.955
6887,0.0,4064.452
6888,0.0,4064.946
6889,0.0,4065.491
6890,0.0,4065.947
6891,0.0,4066.438
6892,0.0,4066.939
6893,0.0,4067.438
6894,0.0,4067.935
6895,0.0,4068.433
6896,0.0,4068.936
6897,0.0,4069.44
6898,0.0,4069.927
6899,0.0,4070.431
6900,0.0,4070.926
6901,0.0,4071.427
6902,0.0,4071.931
6903,0.0,4072.421
6904,0.0,4072.915
6905,0.0,4073.421
6906,0.0,4073.916
6907,0.0,4074.423
6908,0.0,4074.913
6909,0.0,4075.415
6910,0.0,4075.911
6911,0.0,4076.413
6912,0.0,4076.905
6913,0.0,4077.404
6914,0.0,4078.394
6915,0.0,4078.904
6916,0.0,4079.392
6917,0.0,4079.89
6918,0.0,4080.391
6919,0.0,4080.886
6920,0.0,4081.396
6921,0.0,4081.882
6922,0.0,4082.38
6923,0.0,4082.878
6924,0.0,4083.378
6925,0.0,4083.881
6926,0.0,4084.373
6927,0.0,4084.877
6928,0.0,4085.374
6929,0.0,4085.878
6930,0.0,4086.363
6931,0.0,4086.862
6932,0.0,4087.368
6933,0.0,4087.858
6934,0.0,4088.36
6935,0.0,4088.86
6936,0.0,4089.366
6937,0.0,4089.858
6938,0.0,4090.359
6939,0.0,4090.847
6940,0.0,4091.348
6941,0.0,4091.844
6942,0.0,4092.344
6943,0.0,4092.84
6944,0.0,4093.339
6945,0.0,4093.836
6946,0.0,4094.341
6947,0.0,4094.834
6948,0.0,4095.333
6949,0.0,4095.835
6950,0.0,4096.338
6951,0.0,4096.835
6952,0.0,4097.321
6953,0.0,4097.822
6954,0.0,4098.325
6955,0.0,4098.824
6956,0.0,4099.317
6957,0.0,4099.819
6958,0.0,4100.312
6959,0.0,4100.815
6960,0.0,4101.313
6961,0.0,4101.812
6962,0.0,4102.312
6963,0.0,4102.809
6964,0.0,4103.312
6965,0.0,4103.8
6966,0.0,4104.311
6967,0.0,4104.812
6968,0.0,4105.301
6969,0.0,4106.797
6970,0.0,4107.306
6971,0.0,4108.285
6972,0.0,4109.282
6973,0.0,4109.783
6974,0.0,4113.27
6975,0.0,4113.772
6976,0.0,4114.265
6977,0.0,4115.272
6978,0.0,4116.277
6979,0.0,4118.283
6980,0.0,4118.751
6981,0.0,4119.251
6982,0.0,4119.75
6983,0.0,4120.242
6984,0.0,4120.749
6985,0.0,4121.239
6986,0.0,4121.739
6987,0.0,4122.237
6988,0.0,4122.736
6989,0.0,4123.225
6990,0.0,4123.726
6991,0.0,4124.227
6992,0.0,4124.724
6993,0.0,4125.218
6994,0.0,4125.723
6995,0.0,4126.219
6996,0.0,4126.722
6997,0.0,4127.221
6998,0.0,4127.723
6999,0.0,4128.208
7000,0.0,4128.711
7001,0.0,4129.219
7002,0.0,4129.715
7003,0.0,4130.207
7004,0.0,4130.708
7005,0.0,4131.199
7006,0.0,4131.702
7007,0.0,4132.207
7008,0.0,4132.703
7009,0.0,4133.196
7010,0.0,4133.691
7011,0.0,4134.19
7012,0.0,4134.685
7013,0.0,4135.185
7014,0.0,4135.684
7015,0.0,4136.18
7016,0.0,4136.679
7017,0.0,4137.179
7018,0.0,4137.679
7019,0.0,4138.202
7020,0.0,4138.678
7021,0.0,4139.181
7022,0.0,4139.673
7023,0.0,4140.172
7024,0.0,4140.669
7025,0.0,4141.163
7026,0.0,4141.669
7027,0.0,4142.163
7028,0.0,4142.659
7029,0.0,4143.155
7030,0.0,4143.658
7031,0.0,4144.162
7032,0.0,4144.656
7033,0.0,4145.159
7034,0.0,4145.656
7035,0.0,4146.155
7036,0.0,4146.641
7037,0.0,4147.139
7038,0.0,4147.643
7039,0.0,4148.143
7040,0.0,4148.634
7041,0.0,4149.135
7042,0.0,4149.637
7043,0.0,4150.126
7044,0.0,4150.633
7045,0.0,4151.129
7046,0.0,4151.627
7047,0.0,4152.129
7048,0.0,4152.624
7049,0.0,4153.131
7050,0.0,4153.616
7051,0.0,4154.118
7052,0.0,4154.613
7053,0.0,4155.115
7054,0.0,4155.607
7055,0.0,4156.113
7056,0.0,4156.61
7057,0.0,4157.107
7058,0.0,4157.603
7059,0.0,4158.103
7060,0.0,4158.607
7061,0.0,4159.104
7062,0.0,4159.6
7063,0.0,4160.092
7064,0.0,4160.594
7065,0.0,4161.091
7066,0.0,4161.59
7067,0.0,4162.086
7068,0.0,4162.59
7069,0.0,4163.094
7070,0.0,4163.583
7071,0.0,4164.579
7072,0.0,4165.082
7073,0.0,4165.577
7074,0.0,4166.081
7075,0.0,4166.569
7076,0.0,4167.067
7077,0.0,4167.574
7078,0.0,4169.059
7079,0.0,4169.558
7080,0.0,4170.057
7081,0.0,4170.556
7082,0.0,4171.05
7083,0.0,4171.554
7084,0.0,4172.05
7085,0.0,4172.544
7086,0.0,4173.041
7087,0.0,4173.541
7088,0.0,4174.056
7089,0.0,4175.533
7090,0.0,4176.035
7091,0.0,4176.529
7092,0.0,4177.026
7093,0.0,4177.532
7094,0.0,4178.035
7095,0.0,4178.525
7096,0.0,4179.022
7097,0.0,4179.517
7098,0.0,4180.025
7099,0.0,4180.515
7100,0.0,4181.014
7101,0.0,4181.51
7102,0.0,4182.509
7103,0.0,4183.007
7104,0.0,4183.502
7105,0.0,4184.0
7106,0.0,4184.498
7107,0.0,4185.002
7108,0.0,4185.494
7109,0.0,4186.005
7110,0.0,4186.491
7111,0.0,4186.989
7112,0.0,4187.488
7113,0.0,4187.987
7114,0.0,4188.489
7115,0.0,4188.98
7116,0.0,4189.487
7117,0.0,4189.984
7118,0.0,4190.489
7119,0.0,4190.982
7120,0.0,4191.479
7121,0.0,4191.97
7122,0.0,4192.476
7123,0.0,4193.463
7124,0.0,4193.965
7125,0.0,4194.467
7126,0.0,4194.96
7127,0.0,4195.463
7128,0.0,4195.961
7129,0.0,4196.454
7130,0.0,4196.957
7131,0.0,4197.461
7132,0.0,4197.95
7133,0.0,4198.446
7134,0.0,4198.951
7135,0.0,4199.443
7136,0.0,4199.943
7137,0.0,4200.444
7138,0.0,4200.94
7139,0.0,4201.441
7140,0.0,4201.944
7141,0.0,4202.437
7142,0.0,4202.935
7143,0.0,4203.433
7144,0.0,4203.928
7145,0.0,4204.434
7146,0.0,4204.928
7147,0.0,4205.43
7148,0.0,4205.924
7149,0.0,4206.423
7150,0.0,4206.928
7151,0.0,4207.421
7152,0.0,4207.92
7153,0.0,4208.411
7154,0.0,4208.923
7155,0.0,4209.424
7156,0.0,4209.927
7157,0.0,4210.437
7158,0.0,4210.923
7159,0.0,4211.399
7160,0.0,4211.898
7161,0.0,4212.395
7162,0.0,4212.892
7163,0.0,4213.391
7164,0.0,4213.894
7165,0.0,4214.394
7166,0.0,4214.897
7167,0.0,4215.39
7168,0.0,4215.885
7169,0.0,4216.387
7170,0.0,4216.88
7171,0.0,4217.378
7172,0.0,4217.88
7173,0.0,4218.373
7174,0.0,4218.875
7175,0.0,4219.37
7176,0.0,4219.871
7177,0.0,4220.366
7178,0.0,4220.867
7179,0.0,4221.363
7180,0.0,4221.863
7181,0.0,4222.365
7182,0.0,4222.868
7183,0.0,4223.36
7184,0.0,4223.856
7185,0.0,4224.357
7186,0.0,4224.852
7187,0.0,4225.357
7188,0.0,4225.847
7189,0.0,4226.348
7190,0.0,4226.847
7191,0.0,4227.339
7192,0.0,4227.851
7193,0.0,4228.375
7194,0.0,4228.846
7195,0.0,4229.334
7196,0.0,4229.837
7197,0.0,4230.331
7198,0.0,4230.828
7199,0.0,4231.33
7200,0.0,4231.829
7201,0.0,4232.322
7202,0.0,4232.823
7203,0.0,4233.318
7204,0.0,4233.821
7205,0.0,4234.318
7206,0.0,4234.817
7207,0.0,4235.314
7208,0.0,4235.81
7209,0.0,4236.319
7210,0.0,4236.818
7211,0.0,4237.303
7212,0.0,4237.804
7213,0.0,4238.3
7214,0.0,4238.803
7215,0.0,4239.306
7216,0.0,4239.795
7217,0.0,4240.293
7218,0.0,4240.791
7219,0.0,4241.295
7220,0.0,4241.791
7221,0.0,4242.291
7222,0.0,4242.781
7223,0.0,4243.286
7224,0.0,4243.791
7225,0.0,4244.282
7226,0.0,4244.783
7227,0.0,4245.274
7228,0.0,4245.776
7229,0.0,4246.279
7230,0.0,4246.781
7231,0.0,4247.272
7232,0.0,4247.77
7233,0.0,4248.268
7234,0.0,4248.759
7235,0.0,4249.267
7236,0.0,4249.759
7237,0.0,4250.256
7238,0.0,4250.753
7239,0.0,4251.251
7240,0.0,4251.748
7241,0.0,4252.252
7242,0.0,4252.753
7243,0.0,4253.243
7244,0.0,4253.745
7245,0.0,4254.244
7246,0.0,4254.739
7247,0.0,4255.242
7248,0.0,4255.747
7249,0.0,4256.239
7250,0.0,4256.733
7251,0.0,4257.234
7252,0.0,4257.739
7253,0.0,4258.227
7254,0.0,4258.73
7255,0.0,4259.223
7256,0.0,4259.723
7257,0.0,4260.219
7258,0.0,4260.722
7259,0.0,4261.214
7260,0.0,4261.719
7261,0.0,4262.222
7262,0.0,4262.711
7263,0.0,4263.209
7264,0.0,4263.716
7265,0.0,4264.21
7266,0.0,4264.699
7267,0.0,4265.202
7268,0.0,4265.702
7269,0.0,4266.2
7270,0.0,4266.695
7271,0.0,4267.203
7272,0.0,4267.692
7273,0.0,4268.192
7274,0.0,4268.685
7275,0.0,4269.188
7276,0.0,4269.679
7277,0.0,4270.178
7278,0.0,4270.691
7279,0.0,4271.174
7280,0.0,4271.684
7281,0.0,4272.174
7282,0.0,4272.683
7283,0.0,4273.174
7284,0.0,4273.672
7285,0.0,4274.164
7286,0.0,4274.666
7287,0.0,4275.168
7288,0.0,4275.658
7289,0.0,4276.163
7290,0.0,4276.658
7291,0.0,4277.154
7292,0.0,4277.664
7293,0.0,4278.184
7294,0.0,4278.658
7295,0.0,4279.151
7296,0.0,4279.65
7297,0.0,4280.142
7298,0.0,4280.644
7299,0.0,4281.138
7300,0.0,4281.647
7301,0.0,4282.134
7302,0.0,4282.634
7303,0.0,4283.137
7304,0.0,4283.631
7305,0.0,4284.129
7306,0.0,4284.635
7307,0.0,4285.133
7308,0.0,4285.619
7309,0.0,4286.125
7310,0.0,4286.623
7311,0.0,4287.121
7312,0.0,4287.614
7313,0.0,4288.117
7314,0.0,4288.616
7315,0.0,4289.113
7316,0.0,4289.611
7317,0.0,4290.107
7318,0.0,4290.616
7319,0.0,4291.107
7320,0.0,4291.611
7321,0.0,4292.099
7322,0.0,4292.596
7323,0.0,4293.094
7324,0.0,4293.598
7325,0.0,4294.096
7326,0.0,4294.589
7327,0.0,4295.086
7328,0.0,4295.598
7329,0.0,4296.082
7330,0.0,4296.593
7331,0.0,4297.079
7332,0.0,4297.581
7333,0.0,4298.081
7334,0.0,4298.575
7335,0.0,4299.073
7336,0.0,4299.576
7337,0.0,4300.08
7338,0.0,4301.075
7339,0.0,4301.578
7340,0.0,4302.067
7341,0.0,4302.568
7342,0.0,4303.07
7343,0.0,4303.555
7344,0.0,4304.07
7345,0.0,4304.555
7346,0.0,4305.053
7347,0.0,4305.558
7348,0.0,4306.052
7349,0.0,4306.546
7350,0.0,4307.041
7351,0.0,4307.539
7352,0.0,4308.044
7353,0.0,4308.54
7354,0.0,4309.045
7355,0.0,4309.535
7356,0.0,4310.037
7357,0.0,4310.535
7358,0.0,4311.033
7359,0.0,4311.557
7360,0.0,4312.025
7361,0.0,4312.528
7362,0.0,4313.021
7363,0.0,4313.519
7364,0.0,4314.018
7365,0.0,4314.528
7366,0.0,4315.019
7367,0.0,4315.517
7368,0.0,4316.01
7369,0.0,4316.51
7370,0.0,4317.012
7371,0.0,4317.503
7372,0.0,4318.014
7373,0.0,4318.503
7374,0.0,4319.003
7375,0.0,4319.506
7376,0.0,4320.0
7377,0.0,4320.495
7378,0.0,4320.998
7379,0.0,4321.495
7380,0.0,4321.987
7381,0.0,4322.491
7382,0.0,4322.984
7383,0.0,4323.485
7384,0.0,4323.979
7385,0.0,4324.483
7386,0.0,4324.982
7387,0.0,4325.474
7388,0.0,4325.978
7389,0.0,4326.48
7390,0.0,4326.969
7391,0.0,4327.475
7392,0.0,4327.97
7393,0.0,4328.469
7394,0.0,4328.967
7395,0.0,4329.462
7396,0.0,4329.967
7397,0.0,4330.46
7398,0.0,4330.958
7399,0.0,4331.459
7400,0.0,4331.955
7401,0.0,4332.461
7402,0.0,4332.946
7403,0.0,4333.468
7404,0.0,4333.943
7405,0.0,4334.442
7406,0.0,4334.939
7407,0.0,4335.437
7408,0.0,4335.946
7409,0.0,4336.439
7410,0.0,4336.937
7411,0.0,4337.435
7412,0.0,4337.938
7413,0.0,4338.426
7414,0.0,4338.923
7415,0.0,4339.425
7416,0.0,4339.926
7417,0.0,4340.421
7418,0.0,4340.922
7419,0.0,4341.428
7420,0.0,4341.919
7421,0.0,4342.417
7422,0.0,4342.914
7423,0.0,4343.413
7424,0.0,4343.915
7425,0.0,4344.406
7426,0.0,4344.909
7427,0.0,4346.907
7428,0.0,4347.403
7429,0.0,4347.897
7430,0.0,4348.39
7431,0.0,4348.892
7432,0.0,4349.392
7433,0.0,4349.889
7434,0.0,4350.385
7435,0.0,4350.889
7436,0.0,4351.383
7437,0.0,4351.875
7438,0.0,4352.387
7439,0.0,4352.882
7440,0.0,4353.367
7441,0.0,4353.867
7442,0.0,4354.865
7443,0.0,4355.363
7444,0.0,4355.859
7445,0.0,4356.357
7446,0.0,4356.862
7447,0.0,4357.36
7448,0.0,4357.853
7449,0.0,4358.352
7450,0.0,4358.85
7451,0.0,4359.357
7452,0.0,4359.844
7453,0.0,4360.347
7454,0.0,4360.862
7455,0.0,4361.35
7456,0.0,4361.839
7457,0.0,4362.35
7458,0.0,4362.84
7459,0.0,4363.338
7460,0.0,4363.831
7461,0.0,4364.333
7462,0.0,4364.828
7463,0.0,4365.327
7464,0.0,4365.829
7465,0.0,4366.323
7466,0.0,4366.834
7467,0.0,4367.321
7468,0.0,4367.822
7469,0.0,4368.313
7470,0.0,4368.818
7471,0.0,4369.311
7472,0.0,4369.808
7473,0.0,4370.312
7474,0.0,4370.811
7475,0.0,4371.302
7476,0.0,4371.81
7477,0.0,4372.309
7478,0.0,4372.799
7479,0.0,4373.301
7480,0.0,4373.798
7481,0.0,4374.304
7482,0.0,4374.789
7483,0.0,4375.288
7484,0.0,4375.786
7485,0.0,4376.285
7486,0.0,4376.782
7487,0.0,4377.278
7488,0.0,4377.784
7489,0.0,4378.282
7490,0.0,4378.784
7491,0.0,4379.279
7492,0.0,4379.777
7493,0.0,4380.267
7494,0.0,4380.773
7495,0.0,4381.271
7496,0.0,4381.764
7497,0.0,4382.274
7498,0.0,4382.762
7499,0.0,4383.259
7500,0.0,4383.753
7501,0.0,4384.26
7502,0.0,4384.753
7503,0.0,4385.25
7504,0.0,4385.749
7505,0.0,4386.247
7506,0.0,4386.744
7507,0.0,4387.249
7508,0.0,4387.741
7509,0.0,4388.241
7510,0.0,4388.77
7511,0.0,4389.239
7512,0.0,4389.739
7513,0.0,4390.232
7514,0.0,4390.734
7515,0.0,4391.233
7516,0.0,4391.739
7517,0.0,4392.227
7518,0.0,4392.732
7519,0.0,4393.221
7520,0.0,4393.724
7521,0.0,4394.223
7522,0.0,4394.721
7523,0.0,4395.225
7524,0.0,4395.719
7525,0.0,4396.216
7526,0.0,4396.721
7527,0.0,4397.222
7528,0.0,4397.723
7529,0.0,4398.223
7530,0.0,4398.712
7531,0.0,4399.226
7532,0.0,4399.699
7533,0.0,4400.198
7534,0.0,4400.695
7535,0.0,4401.2
7536,0.0,4401.696
7537,0.0,4402.191
7538,0.0,4402.693
7539,0.0,4405.686
7540,0.0,4406.178
7541,0.0,4407.168
7542,0.0,4407.667
7543,0.0,4408.173
7544,0.0,4408.668
7545,0.0,4409.667
7546,0.0,4410.172
7547,0.0,4410.659
7548,0.0,4411.167
7549,0.0,4412.154
7550,0.0,4412.655
7551,0.0,4413.151
7552,0.0,4413.655
7553,0.0,4414.149
7554,0.0,4415.146
7555,0.0,4415.644
7556,0.0,4416.149
7557,0.0,4416.642
7558,0.0,4417.145
7559,0.0,4418.632
7560,0.0,4419.137
7561,0.0,4419.63
7562,0.0,4420.127
7563,0.0,4422.14
7564,0.0,4422.621
7565,0.0,4424.115
7566,0.0,4424.611
7567,0.0,4425.116
7568,0.0,4428.596
7569,0.0,4429.093
7570,0.0,4429.587
7571,0.0,4430.087
7572,0.0,4430.583
7573,0.0,4431.092
7574,0.0,4431.585
7575,0.0,4432.079
7576,0.0,4434.079
7577,0.0,4442.546
7578,0.0,4443.035
7579,0.0,4443.534
7580,0.0,4444.061
7581,0.0,4444.535
7582,0.0,4445.029
7583,0.0,4445.532
7584,0.0,4446.039
7585,0.0,4446.522
7586,0.0,4447.019
7587,0.0,4447.52
7588,0.0,4448.022
7589,0.0,4448.517
7590,0.0,4449.027
7591,0.0,4449.511
7592,0.0,4450.017
7593,0.0,4450.509
7594,0.0,4451.009
7595,0.0,4451.505
7596,0.0,4452.011
7597,0.0,4452.506
7598,0.0,4453.0
7599,0.0,4453.503
7600,0.0,4454.001
7601,0.0,4454.498
7602,0.0,4454.99
7603,0.0,4455.499
7604,0.0,4455.988
7605,0.0,4456.484
7606,0.0,4457.014
7607,0.0,4457.494
7608,0.0,4457.993
7609,0.0,4458.477
7610,0.0,4458.988
7611,0.0,4459.474
7612,0.0,4459.973
7613,0.0,4460.476
7614,0.0,4460.968
7615,0.0,4461.473
7616,0.0,4461.97
7617,0.0,4462.475
7618,0.0,4462.968
7619,0.0,4463.464
7620,0.0,4463.955
7621,0.0,4464.456
7622,0.0,4464.959
7623,0.0,4465.95
7624,0.0,4466.453
7625,0.0,4466.959
7626,0.0,4467.444
7627,0.0,4467.941
7628,0.0,4468.441
7629,0.0,4468.943
7630,0.0,4469.447
7631,0.0,4469.935
7632,0.0,4470.439
7633,0.0,4470.93
7634,0.0,4471.435
7635,0.0,4471.93
7636,0.0,4472.426
7637,0.0,4472.932
7638,0.0,4473.427
7639,0.0,4473.919
7640,0.0,4474.423
7641,0.0,4474.922
7642,0.0,4475.42
7643,0.0,4475.91
7644,0.0,4476.42
7645,0.0,4476.91
7646,0.0,4477.411
7647,0.0,4477.91
7648,0.0,4478.409
7649,0.0,4478.914
7650,0.0,4479.399
7651,0.0,4479.9
7652,0.0,4480.396
7653,0.0,4480.894
7654,0.0,4481.393
7655,0.0,4481.904
7656,0.0,4482.388
7657,0.0,4482.892
7658,0.0,4483.385
7659,0.0,4483.884
7660,0.0,4484.38
7661,0.0,4484.892
7662,0.0,4485.377
7663,0.0,4485.879
7664,0.0,4486.379
7665,0.0,4486.872
7666,0.0,4487.375
7667,0.0,4487.867
7668,0.0,4488.377
7669,0.0,4488.876
7670,0.0,4489.378
7671,0.0,4489.877
7672,0.0,4490.377
7673,0.0,4490.879
7674,0.0,4491.381
7675,0.0,4491.881
7676,0.0,4492.353
7677,0.0,4492.854
7678,0.0,4493.354
7679,0.0,4493.85
7680,0.0,4494.351
7681,0.0,4494.856
7682,0.0,4495.346
7683,0.0,4495.844
7684,0.0,4496.344
7685,0.0,4496.839
7686,0.0,4497.344
7687,0.0,4497.835
7688,0.0,4498.335
7689,0.0,4498.833
7690,0.0,4499.39
7691,0.0,4499.834
7692,0.0,4500.329
7693,0.0,4500.822
7694,0.0,4501.319
7695,0.0,4501.83
7696,0.0,4502.319
7697,0.0,4502.814
7698,0.0,4503.316
7699,0.0,4503.816
7700,0.0,4504.309
7701,0.0,4504.808
7702,0.0,4505.309
7703,0.0,4505.806
7704,0.0,4506.307
7705,0.0,4506.802
7706,0.0,4507.299
7707,0.0,4507.795
7708,0.0,4508.293
7709,0.0,4508.797
7710,0.0,4509.287
7711,0.0,4509.793
7712,0.0,4510.285
7713,0.0,4510.789
7714,0.0,4511.286
7715,0.0,4511.786
7716,0.0,4512.279
7717,0.0,4512.783
7718,0.0,4513.275
7719,0.0,4513.775
7720,0.0,4514.276
7721,0.0,4514.767
7722,0.0,4515.272
7723,0.0,4515.767
7724,0.0,4516.269
7725,0.0,4516.767
7726,0.0,4517.266
7727,0.0,4517.761
7728,0.0,4518.264
7729,0.0,4518.76
7730,0.0,4519.254
7731,0.0,4519.756
7732,0.0,4520.255
7733,0.0,4520.759
7734,0.0,4521.254
7735,0.0,4521.743
7736,0.0,4522.241
7737,0.0,4522.74
7738,0.0,4523.238
7739,0.0,4523.737
7740,0.0,4524.239
7741,0.0,4524.737
7742,0.0,4525.23
7743,0.0,4525.731
7744,0.0,4526.231
7745,0.0,4526.729
7746,0.0,4527.228
7747,0.0,4527.734
7748,0.0,4528.223
7749,0.0,4528.717
7750,0.0,4529.22
7751,0.0,4529.727
7752,0.0,4530.217
7753,0.0,4530.715
7754,0.0,4531.21
7755,0.0,4531.711
7756,0.0,4532.203
7757,0.0,4532.705
7758,0.0,4533.199
7759,0.0,4533.705
7760,0.0,4534.208
7761,0.0,4534.697
7762,0.0,4535.194
7763,0.0,4535.699
7764,0.0,4536.195
7765,0.0,4536.688
7766,0.0,4537.191
7767,0.0,4537.689
7768,0.0,4538.187
7769,0.0,4538.683
7770,0.0,4539.187
7771,0.0,4539.677
7772,0.0,4540.178
7773,0.0,4540.672
7774,0.0,4541.176
7775,0.0,4541.681
7776,0.0,4542.167
7777,0.0,4542.663
7778,0.0,4543.163
7779,0.0,4543.675
7780,0.0,4544.165
7781,0.0,4544.655
7782,0.0,4545.162
7783,0.0,4545.657
7784,0.0,4546.152
7785,0.0,4546.651
7786,0.0,4547.148
7787,0.0,4547.66
7788,0.0,4548.149
7789,0.0,4548.646
7790,0.0,4549.146
7791,0.0,4549.638
7792,0.0,4550.142
7793,0.0,4550.634
7794,0.0,4551.138
7795,0.0,4551.636
7796,0.0,4552.13
7797,0.0,4552.63
7798,0.0,4553.127
7799,0.0,4553.626
7800,0.0,4554.121
7801,0.0,4554.631
7802,0.0,4555.122
7803,0.0,4555.618
7804,0.0,4556.119
7805,0.0,4556.616
7806,0.0,4557.115
7807,0.0,4557.61
7808,0.0,4558.112
7809,0.0,4558.609
7810,0.0,4559.105
7811,0.0,4559.605
7812,0.0,4560.102
7813,0.0,4560.602
7814,0.0,4561.1
7815,0.0,4561.598
7816,0.0,4562.096
7817,0.0,4562.602
7818,0.0,4563.092
7819,0.0,4563.586
7820,0.0,4564.084
7821,0.0,4564.584
7822,0.0,4565.08
7823,0.0,4565.578
7824,0.0,4566.082
7825,0.0,4566.575
7826,0.0,4567.073
7827,0.0,4567.574
7828,0.0,4568.073
7829,0.0,4568.564
7830,0.0,4569.071
7831,0.0,4569.567
7832,0.0,4570.067
7833,0.0,4570.559
7834,0.0,4571.063
7835,0.0,4571.567
7836,0.0,4572.053
7837,0.0,4572.558
7838,0.0,4573.063
7839,0.0,4573.554
7840,0.0,4574.047
7841,0.0,4574.55
7842,0.0,4575.043
7843,0.0,4575.548
7844,0.0,4576.042
7845,0.0,4576.544
7846,0.0,4577.035
7847,0.0,4577.542
7848,0.0,4578.038
7849,0.0,4578.531
7850,0.0,4579.033
7851,0.0,4579.526
7852,0.0,4580.029
7853,0.0,4580.522
7854,0.0,4581.026
7855,0.0,4581.524
7856,0.0,4582.021
7857,0.0,4582.519
7858,0.0,4583.019
7859,0.0,4583.524
7860,0.0,4584.02
7861,0.0,4584.53
7862,0.0,4585.004
7863,0.0,4585.519
7864,0.0,4586.019
7865,0.0,4586.515
7866,0.0,4587.017
7867,0.0,4587.519
7868,0.0,4588.018
7869,0.0,4588.52
7870,0.0,4589.02
7871,0.0,4589.489
7872,0.0,4589.988
7873,0.0,4590.489
7874,0.0,4590.99
7875,0.0,4591.482
7876,0.0,4591.987
7877,0.0,4592.481
7878,0.0,4592.982
7879,0.0,4593.48
7880,0.0,4593.974
7881,0.0,4594.478
7882,0.0,4594.97
7883,0.0,4595.47
7884,0.0,4595.965
7885,0.0,4596.47
7886,0.0,4596.969
7887,0.0,4597.463
7888,0.0,4597.959
7889,0.0,4598.467
7890,0.0,4598.958
7891,0.0,4599.453
7892,0.0,4599.951
7893,0.0,4600.454
7894,0.0,4600.953
7895,0.0,4601.452
7896,0.0,4601.948
7897,0.0,4602.447
7898,0.0,4602.945
7899,0.0,4603.445
7900,0.0,4603.942
7901,0.0,4604.435
7902,0.0,4604.933
7903,0.0,4605.438
7904,0.0,4605.929
7905,0.0,4606.426
7906,0.0,4606.93
7907,0.0,4607.42
7908,0.0,4607.927
7909,0.0,4608.425
7910,0.0,4608.918
7911,0.0,4609.428
7912,0.0,4609.941
7913,0.0,4610.425
7914,0.0,4610.91
7915,0.0,4611.413
7916,0.0,4611.912
7917,0.0,4612.405
7918,0.0,4612.904
7919,0.0,4613.414
7920,0.0,4613.904
7921,0.0,4614.419
7922,0.0,4614.896
7923,0.0,4615.399
7924,0.0,4615.903
7925,0.0,4616.395
7926,0.0,4617.887
7927,0.0,4618.395
7928,0.0,4618.886
7929,0.0,4619.387
7930,0.0,4619.882
7931,0.0,4620.382
7932,0.0,4620.879
7933,0.0,4621.377
7934,0.0,4621.883
7935,0.0,4622.366
7936,0.0,4622.875
7937,0.0,4623.365
7938,0.0,4623.863
7939,0.0,4624.366
7940,0.0,4624.858
7941,0.0,4625.357
7942,0.0,4625.855
7943,0.0,4626.354
7944,0.0,4626.851
7945,0.0,4627.349
7946,0.0,4627.851
7947,0.0,4628.359
7948,0.0,4628.848
7949,0.0,4629.347
7950,0.0,4629.839
7951,0.0,4630.346
7952,0.0,4630.842
7953,0.0,4631.343
7954,0.0,4631.831
7955,0.0,4632.334
7956,0.0,4632.834
7957,0.0,4633.327
7958,0.0,4633.83
7959,0.0,4634.334
7960,0.0,4634.826
7961,0.0,4635.321
7962,0.0,4635.819
7963,0.0,4636.32
7964,0.0,4636.815
7965,0.0,4637.315
7966,0.0,4637.816
7967,0.0,4638.309
7968,0.0,4638.811
7969,0.0,4639.31
7970,0.0,4639.807
7971,0.0,4640.31
7972,0.0,4640.804
7973,0.0,4641.299
7974,0.0,4641.795
7975,0.0,4642.298
7976,0.0,4642.796
7977,0.0,4643.292
7978,0.0,4643.791
7979,0.0,4644.285
7980,0.0,4644.787
7981,0.0,4645.286
7982,0.0,4645.785
7983,0.0,4646.285
7984,0.0,4646.781
7985,0.0,4647.275
7986,0.0,4647.772
7987,0.0,4648.271
7988,0.0,4648.769
7989,0.0,4649.28
7990,0.0,4649.77
7991,0.0,4650.268
7992,0.0,4650.772
7993,0.0,4651.263
7994,0.0,4651.757
7995,0.0,4652.254
7996,0.0,4652.758
7997,0.0,4653.254
7998,0.0,4653.749
7999,0.0,4654.26
8000,0.0,4654.748
8001,0.0,4655.255
8002,0.0,4655.742
8003,0.0,4656.245
8004,0.0,4656.739
8005,0.0,4657.236
8006,0.0,4657.734
8007,0.0,4658.233
8008,0.0,4658.73
8009,0.0,4659.235
8010,0.0,4659.727
8011,0.0,4660.227
8012,0.0,4660.729
8013,0.0,4661.231
8014,0.0,4661.725
8015,0.0,4662.218
8016,0.0,4662.72
8017,0.0,4663.22
8018,0.0,4663.712
8019,0.0,4664.213
8020,0.0,4664.718
8021,0.0,4665.233
8022,0.0,4665.706
8023,0.0,4666.208
8024,0.0,4666.707
8025,0.0,4667.209
8026,0.0,4667.704
8027,0.0,4668.193
8028,0.0,4668.695
8029,0.0,4669.192
8030,0.0,4669.69
8031,0.0,4670.198
8032,0.0,4670.692
8033,0.0,4671.19
8034,0.0,4671.683
8035,0.0,4672.183
8036,0.0,4672.678
8037,0.0,4673.176
8038,0.0,4673.68
8039,0.0,4674.179
8040,0.0,4674.671
8041,0.0,4675.171
8042,0.0,4675.668
8043,0.0,4676.172
8044,0.0,4676.672
8045,0.0,4677.167
8046,0.0,4677.661
8047,0.0,4678.164
8048,0.0,4678.657
8049,0.0,4679.158
8050,0.0,4679.653
8051,0.0,4680.154
8052,0.0,4680.665
8053,0.0,4681.169
8054,0.0,4681.669
8055,0.0,4682.158
8056,0.0,4682.66
8057,0.0,4683.147
8058,0.0,4683.663
8059,0.0,4684.166
8060,0.0,4684.639
8061,0.0,4685.135
8062,0.0,4685.66
8063,0.0,4686.135
8064,0.0,4686.632
8065,0.0,4687.131
8066,0.0,4687.631
8067,0.0,4688.135
8068,0.0,4688.627
8069,0.0,4689.119
8070,0.0,4689.629
8071,0.0,4690.125
8072,0.0,4690.611
8073,0.0,4691.114
8074,0.0,4691.615
8075,0.0,4692.115
8076,0.0,4692.605
8077,0.0,4693.106
8078,0.0,4693.602
8079,0.0,4694.099
8080,0.0,4694.604
8081,0.0,4695.099
8082,0.0,4695.599
8083,0.0,4696.103
8084,0.0,4696.597
8085,0.0,4697.101
8086,0.0,4697.587
8087,0.0,4698.09
8088,0.0,4698.583
8089,0.0,4699.086
8090,0.0,4699.579
8091,0.0,4700.08
8092,0.0,4700.575
8093,0.0,4701.079
8094,0.0,4701.577
8095,0.0,4702.074
8096,0.0,4702.569
8097,0.0,4703.075
8098,0.0,4703.57
8099,0.0,4704.074
8100,0.0,4704.567
8101,0.0,4705.065
8102,0.0,4705.563
8103,0.0,4706.057
8104,0.0,4706.563
8105,0.0,4707.053
8106,0.0,4707.555
8107,0.0,4708.053
8108,0.0,4708.553
8109,0.0,4709.053
8110,0.0,4709.547
8111,0.0,4710.039
8112,0.0,4710.539
8113,0.0,4711.047
8114,0.0,4711.541
8115,0.0,4712.031
8116,0.0,4712.538
8117,0.0,4713.033
8118,0.0,4713.527
8119,0.0,4714.027
8120,0.0,4714.524
8121,0.0,4715.035
8122,0.0,4715.521
8123,0.0,4716.02
8124,0.0,4716.521
8125,0.0,4717.015
8126,0.0,4717.519
8127,0.0,4718.011
8128,0.0,4718.516
8129,0.0,4719.01
8130,0.0,4719.506
8131,0.0,4720.008
8132,0.0,4720.529
8133,0.0,4720.998
8134,0.0,4721.498
8135,0.0,4722.002
8136,0.0,4722.495
8137,0.0,4722.996
8138,0.0,4723.49
8139,0.0,4723.992
8140,0.0,4724.491
8141,0.0,4724.987
8142,0.0,4725.49
8143,0.0,4725.986
8144,0.0,4726.484
8145,0.0,4726.98
8146,0.0,4727.485
8147,0.0,4727.975
8148,0.0,4728.471
8149,0.0,4728.975
8150,0.0,4729.474
8151,0.0,4729.979
8152,0.0,4730.464
8153,0.0,4730.974
8154,0.0,4731.461
8155,0.0,4731.959
8156,0.0,4732.462
8157,0.0,4732.968
8158,0.0,4733.459
8159,0.0,4733.958
8160,0.0,4734.45
8161,0.0,4734.959
8162,0.0,4735.445
8163,0.0,4735.957
8164,0.0,4736.448
8165,0.0,4736.943
8166,0.0,4737.443
8167,0.0,4737.936
8168,0.0,4738.436
8169,0.0,4738.945
8170,0.0,4739.43
8171,0.0,4739.934
8172,0.0,4740.428
8173,0.0,4740.93
8174,0.0,4741.433
8175,0.0,4741.921
8176,0.0,4742.418
8177,0.0,4742.92
8178,0.0,4743.419
8179,0.0,4743.916
8180,0.0,4744.417
8181,0.0,4744.918
8182,0.0,4745.412
8183,0.0,4745.917
8184,0.0,4746.409
8185,0.0,4746.907
8186,0.0,4747.406
8187,0.0,4747.908
8188,0.0,4748.408
8189,0.0,4748.9
8190,0.0,4749.397
8191,0.0,4749.895
8192,0.0,4750.395
8193,0.0,4750.899
8194,0.0,4751.384
8195,0.0,4751.881
8196,0.0,4752.381
8197,0.0,4752.88
8198,0.0,4753.378
8199,0.0,4753.874
8200,0.0,4754.374
8201,0.0,4754.878
8202,0.0,4755.371
8203,0.0,4755.869
8204,0.0,4756.37
8205,0.0,4756.863
8206,0.0,4757.362
8207,0.0,4757.864
8208,0.0,4758.365
8209,0.0,4758.855
8210,0.0,4759.361
8211,0.0,4759.866
8212,0.0,4760.351
8213,0.0,4760.862
8214,0.0,4761.348
8215,0.0,4761.851
8216,0.0,4762.344
8217,0.0,4762.843
8218,0.0,4763.341
8219,0.0,4763.841
8220,0.0,4764.342
8221,0.0,4764.837
8222,0.0,4765.338
8223,0.0,4765.841
8224,0.0,4766.335
8225,0.0,4766.839
8226,0.0,4767.336
8227,0.0,4767.829
8228,0.0,4768.328
8229,0.0,4768.82
8230,0.0,4769.327
8231,0.0,4769.817
8232,0.0,4770.318
8233,0.0,4770.817
8234,0.0,4771.312
8235,0.0,4771.821
8236,0.0,4772.307
8237,0.0,4772.818
8238,0.0,4773.304
8239,0.0,4773.812
8240,0.0,4774.305
8241,0.0,4774.802
8242,0.0,4775.302
8243,0.0,4775.81
8244,0.0,4776.298
8245,0.0,4776.799
8246,0.0,4777.295
8247,0.0,4777.802
8248,0.0,4778.291
8249,0.0,4778.804
8250,0.0,4779.306
8251,0.0,4779.807
8252,0.0,4780.279
8253,0.0,4780.796
8254,0.0,4781.275
8255,0.0,4781.778
8256,0.0,4782.272
8257,0.0,4782.775
8258,0.0,4783.28
8259,0.0,4783.767
8260,0.0,4784.263
8261,0.0,4784.769
8262,0.0,4785.261
8263,0.0,4785.761
8264,0.0,4786.262
8265,0.0,4786.753
8266,0.0,4787.258
8267,0.0,4787.751
8268,0.0,4788.254
8269,0.0,4788.753
8270,0.0,4789.251
8271,0.0,4789.743
8272,0.0,4790.251
8273,0.0,4790.737
8274,0.0,4791.242
8275,0.0,4791.741
8276,0.0,4792.236
8277,0.0,4792.744
8278,0.0,4793.24
8279,0.0,4793.729
8280,0.0,4794.226
8281,0.0,4794.725
8282,0.0,4795.224
8283,0.0,4795.734
8284,0.0,4796.257
8285,0.0,4796.722
8286,0.0,4797.215
8287,0.0,4797.72
8288,0.0,4798.218
8289,0.0,4798.714
8290,0.0,4799.215
8291,0.0,4799.711
8292,0.0,4800.204
8293,0.0,4800.703
8294,0.0,4801.202
8295,0.0,4801.71
8296,0.0,4802.195
8297,0.0,4802.699
8298,0.0,4803.193
8299,0.0,4803.695
8300,0.0,4804.188
8301,0.0,4804.689
8302,0.0,4805.184
8303,0.0,4805.683
8304,0.0,4806.187
8305,0.0,4806.683
8306,0.0,4807.183
8307,0.0,4807.684
8308,0.0,4808.179
8309,0.0,4808.673
8310,0.0,4809.175
8311,0.0,4809.674
8312,0.0,4810.171
8313,0.0,4810.667
8314,0.0,4811.172
8315,0.0,4811.662
8316,0.0,4812.163
8317,0.0,4812.656
8318,0.0,4813.157
8319,0.0,4813.656
8320,0.0,4814.151
8321,0.0,4814.649
8322,0.0,4815.149
8323,0.0,4815.647
8324,0.0,4816.144
8325,0.0,4816.656
8326,0.0,4817.145
8327,0.0,4817.646
8328,0.0,4818.137
8329,0.0,4818.638
8330,0.0,4819.141
8331,0.0,4819.635
8332,0.0,4820.135
8333,0.0,4820.633
8334,0.0,4821.131
8335,0.0,4821.623
8336,0.0,4822.127
8337,0.0,4822.632
8338,0.0,4823.123
8339,0.0,4823.622
8340,0.0,4824.116
8341,0.0,4824.617
8342,0.0,4825.111
8343,0.0,4825.622
8344,0.0,4826.107
8345,0.0,4826.612
8346,0.0,4827.103
8347,0.0,4827.604
8348,0.0,4828.104
8349,0.0,4828.607
8350,0.0,4829.101
8351,0.0,4829.595
8352,0.0,4830.091
8353,0.0,4830.595
8354,0.0,4831.104
8355,0.0,4831.589
8356,0.0,4832.089
8357,0.0,4832.584
8358,0.0,4833.085
8359,0.0,4833.583
8360,0.0,4834.079
8361,0.0,4834.582
8362,0.0,4835.079
8363,0.0,4835.57
8364,0.0,4836.069
8365,0.0,4836.568
8366,0.0,4837.066
8367,0.0,4837.572
8368,0.0,4838.067
8369,0.0,4838.561
8370,0.0,4839.058
8371,0.0,4839.573
8372,0.0,4840.06
8373,0.0,4840.551
8374,0.0,4841.058
8375,0.0,4841.552
8376,0.0,4842.048
8377,0.0,4842.545
8378,0.0,4843.05
8379,0.0,4843.554
8380,0.0,4844.038
8381,0.0,4844.54
8382,0.0,4845.047
8383,0.0,4845.539
8384,0.0,4846.032
8385,0.0,4846.532
8386,0.0,4847.029
8387,0.0,4847.532
8388,0.0,4848.025
8389,0.0,4848.525
8390,0.0,4849.021
8391,0.0,4849.527
8392,0.0,4850.022
8393,0.0,4850.515
8394,0.0,4851.018
8395,0.0,4851.51
8396,0.0,4852.014
8397,0.0,4852.51
8398,0.0,4853.015
8399,0.0,4853.504
8400,0.0,4854.006
8401,0.0,4854.505
8402,0.0,4855.004
8403,0.0,4855.509
8404,0.0,4855.994
8405,0.0,4856.505
8406,0.0,4856.992
8407,0.0,4857.489
8408,0.0,4857.999
8409,0.0,4858.487
8410,0.0,4858.989
8411,0.0,4859.487
8412,0.0,4859.98
8413,0.0,4860.479
8414,0.0,4860.974
8415,0.0,4861.473
8416,0.0,4861.978
8417,0.0,4862.473
8418,0.0,4862.974
8419,0.0,4863.466
8420,0.0,4863.965
8421,0.0,4864.471
8422,0.0,4864.961
8423,0.0,4865.464
8424,0.0,4865.957
8425,0.0,4866.461
8426,0.0,4866.954
8427,0.0,4867.454
8428,0.0,4867.965
8429,0.0,4868.453
8430,0.0,4868.951
8431,0.0,4869.447
8432,0.0,4869.948
8433,0.0,4870.449
8434,0.0,4870.939
8435,0.0,4871.446
8436,0.0,4871.942
8437,0.0,4872.451
8438,0.0,4872.943
8439,0.0,4873.432
8440,0.0,4873.945
8441,0.0,4874.434
8442,0.0,4874.947
8443,0.0,4875.435
8444,0.0,4875.922
8445,0.0,4876.437
8446,0.0,4876.918
8447,0.0,4877.438
8448,0.0,4877.915
8449,0.0,4878.413
8450,0.0,4878.91
8451,0.0,4879.422
8452,0.0,4879.912
8453,0.0,4880.41
8454,0.0,4880.903
8455,0.0,4881.402
8456,0.0,4881.902
8457,0.0,4882.395
8458,0.0,4882.895
8459,0.0,4883.395
8460,0.0,4883.897
8461,0.0,4884.389
8462,0.0,4884.893
8463,0.0,4885.386
8464,0.0,4885.889
8465,0.0,4886.436
8466,0.0,4886.881
8467,0.0,4887.384
8468,0.0,4887.888
8469,0.0,4888.375
8470,0.0,4888.872
8471,0.0,4889.378
8472,0.0,4889.868
8473,0.0,4890.379
8474,0.0,4890.871
8475,0.0,4891.37
8476,0.0,4891.867
8477,0.0,4892.371
8478,0.0,4892.863
8479,0.0,4893.359
8480,0.0,4893.859
8481,0.0,4894.356
8482,0.0,4894.86
8483,0.0,4895.351
8484,0.0,4895.847
8485,0.0,4896.35
8486,0.0,4896.842
8487,0.0,4897.354
8488,0.0,4897.838
8489,0.0,4898.351
8490,0.0,4898.836
8491,0.0,4899.334
8492,0.0,4899.838
8493,0.0,4900.329
8494,0.0,4900.834
8495,0.0,4901.331
8496,0.0,4901.824
8497,0.0,4902.322
8498,0.0,4902.82
8499,0.0,4903.327
8500,0.0,4903.817
8501,0.0,4904.318
8502,0.0,4904.818
8503,0.0,4905.314
8504,0.0,4905.815
8505,0.0,4906.319
8506,0.0,4906.805
8507,0.0,4907.305
8508,0.0,4907.802
8509,0.0,4908.305
8510,0.0,4908.799
8511,0.0,4909.301
8512,0.0,4909.801
8513,0.0,4910.307
8514,0.0,4910.795
8515,0.0,4911.293
8516,0.0,4911.792
8517,0.0,4912.294
8518,0.0,4912.79
8519,0.0,4913.282
8520,0.0,4913.779
8521,0.0,4914.282
8522,0.0,4914.781
8523,0.0,4915.275
8524,0.0,4915.775
8525,0.0,4916.271
8526,0.0,4916.773
8527,0.0,4917.271
8528,0.0,4917.769
8529,0.0,4918.274
8530,0.0,4918.759
8531,0.0,4919.259
8532,0.0,4919.757
8533,0.0,4920.258
8534,0.0,4920.759
8535,0.0,4921.25
8536,0.0,4921.755
8537,0.0,4922.253
8538,0.0,4922.758
8539,0.0,4923.242
8540,0.0,4923.753
8541,0.0,4924.253
8542,0.0,4924.739
8543,0.0,4925.24
8544,0.0,4925.735
8545,0.0,4926.234
8546,0.0,4926.729
8547,0.0,4927.243
8548,0.0,4927.732
8549,0.0,4928.227
8550,0.0,4928.723
8551,0.0,4929.221
8552,0.0,4929.731
8553,0.0,4930.219
8554,0.0,4930.721
8555,0.0,4931.216
8556,0.0,4931.718
8557,0.0,4932.212
8558,0.0,4932.714
8559,0.0,4933.217
8560,0.0,4933.71
8561,0.0,4934.216
8562,0.0,4934.706
8563,0.0,4935.204
8564,0.0,4935.71
8565,0.0,4936.196
8566,0.0,4936.702
8567,0.0,4937.192
8568,0.0,4937.694
8569,0.0,4938.192
8570,0.0,4938.692
8571,0.0,4939.184
8572,0.0,4939.682
8573,0.0,4940.18
8574,0.0,4940.679
8575,0.0,4941.175
8576,0.0,4941.707
8577,0.0,4942.182
8578,0.0,4942.677
8579,0.0,4943.174
8580,0.0,4943.667
8581,0.0,4944.169
8582,0.0,4944.668
8583,0.0,4945.159
8584,0.0,4945.664
8585,0.0,4946.163
8586,0.0,4946.656
8587,0.0,4947.154
8588,0.0,4947.657
8589,0.0,4948.163
8590,0.0,4948.659
8591,0.0,4949.151
8592,0.0,4949.645
8593,0.0,4950.144
8594,0.0,4950.64
8595,0.0,4951.141
8596,0.0,4951.636
8597,0.0,4952.142
8598,0.0,4952.634
8599,0.0,4953.133
8600,0.0,4953.635
8601,0.0,4954.127
8602,0.0,4954.631
8603,0.0,4955.129
8604,0.0,4955.627
8605,0.0,4956.126
8606,0.0,4956.624
8607,0.0,4957.117
8608,0.0,4957.618
8609,0.0,4958.113
8610,0.0,4958.615
8611,0.0,4959.115
8612,0.0,4959.612
8613,0.0,4960.118
8614,0.0,4960.61
8615,0.0,4961.114
8616,0.0,4961.611
8617,0.0,4962.109
8618,0.0,4962.602
8619,0.0,4963.093
8620,0.0,4963.599
8621,0.0,4964.096
8622,0.0,4964.588
8623,0.0,4965.1
8624,0.0,4965.591
8625,0.0,4966.097
8626,0.0,4966.584
8627,0.0,4967.083
8628,0.0,4967.595
8629,0.0,4968.094
8630,0.0,4968.581
8631,0.0,4969.094
8632,0.0,4969.583
8633,0.0,4970.097
8634,0.0,4970.568
8635,0.0,4971.07
8636,0.0,4971.563
8637,0.0,4972.065
8638,0.0,4972.562
8639,0.0,4973.057
8640,0.0,4973.558
8641,0.0,4974.057
8642,0.0,4974.553
8643,0.0,4975.059
8644,0.0,4975.555
8645,0.0,4976.048
8646,0.0,4976.551
8647,0.0,4977.049
8648,0.0,4977.547
8649,0.0,4978.042
8650,0.0,4978.547
8651,0.0,4979.037
8652,0.0,4979.538
8653,0.0,4980.037
8654,0.0,4980.535
8655,0.0,4981.04
8656,0.0,4981.525
8657,0.0,4982.037
8658,0.0,4982.522
8659,0.0,4983.021
8660,0.0,4983.525
8661,0.0,4984.015
8662,0.0,4984.522
8663,0.0,4985.015
8664,0.0,4985.512
8665,0.0,4986.011
8666,0.0,4986.509
8667,0.0,4987.009
8668,0.0,4987.509
8669,0.0,4988.007
8670,0.0,4988.501
8671,0.0,4989.008
8672,0.0,4989.498
8673,0.0,4990.007
8674,0.0,4990.494
8675,0.0,4990.997
8676,0.0,4991.491
8677,0.0,4991.99
8678,0.0,4992.486
8679,0.0,4992.998
8680,0.0,4993.482
8681,0.0,4993.991
8682,0.0,4994.482
8683,0.0,4994.981
8684,0.0,4995.473
8685,0.0,4995.975
8686,0.0,4996.476
8687,0.0,4997.001
8688,0.0,4997.471
8689,0.0,4997.97
8690,0.0,4998.47
8691,0.0,4998.962
8692,0.0,4999.468
8693,0.0,4999.96
8694,0.0,5000.455
8695,0.0,5000.959
8696,0.0,5001.454
8697,0.0,5001.955
8698,0.0,5002.449
8699,0.0,5002.947
8700,0.0,5003.445
8701,0.0,5003.942
8702,0.0,5004.441
8703,0.0,5004.949
8704,0.0,5005.443
8705,0.0,5005.934
8706,0.0,5006.434
8707,0.0,5006.94
8708,0.0,5007.435
8709,0.0,5007.941
8710,0.0,5008.433
8711,0.0,5008.93
8712,0.0,5009.423
8713,0.0,5009.92
8714,0.0,5010.424
8715,0.0,5010.928
8716,0.0,5011.415
8717,0.0,5011.918
8718,0.0,5012.411
8719,0.0,5012.914
8720,0.0,5013.418
8721,0.0,5013.909
8722,0.0,5014.404
8723,0.0,5014.908
8724,0.0,5015.4
8725,0.0,5015.9
8726,0.0,5016.401
8727,0.0,5016.903
8728,0.0,5017.397
8729,0.0,5017.891
8730,0.0,5018.388
8731,0.0,5018.892
8732,0.0,5019.39
8733,0.0,5019.881
8734,0.0,5020.391
8735,0.0,5020.878
8736,0.0,5021.382
8737,0.0,5021.881
8738,0.0,5022.379
8739,0.0,5022.872
8740,0.0,5023.37
8741,0.0,5023.869
8742,0.0,5024.367
8743,0.0,5024.864
8744,0.0,5025.369
8745,0.0,5025.858
8746,0.0,5026.357
8747,0.0,5026.862
8748,0.0,5027.354
8749,0.0,5027.853
8750,0.0,5028.35
8751,0.0,5028.849
8752,0.0,5029.353
8753,0.0,5029.847
8754,0.0,5030.348
8755,0.0,5030.842
