Tiempo_rasp,Tiempo_Relativo_rasp,Profundidad_rasp,Temperatura,pH,DO_SAT,DO,Blue,Chl,Tiempo_sonda,Tiempo_Relativo_sonda,Profundidad_sonda,Tiempo_paparazzi,Tiempo_Relativo_paparazzi,Profundidad_paparazzi,Static_control,Mode,Profile_ID
2025-05-09 01:34:12,0.0,0,0,0,0,0,0,0,16/07/2025 9:12:09,0,-742,2025-07-22 10:43:41.250000,0.0,0.0,0.0,2.0,0.0
2025-05-09 01:34:20,8.0,0,0,0,0,0,0,0,16/07/2025 9:12:14,5,-744,2025-07-22 10:44:06.500000,30.306277108433733,0.0,0.0,2.0,0.0
2025-05-09 01:34:29,17.0,0,0,0,0,0,0,0,16/07/2025 9:12:19,10,-734,2025-07-22 10:44:36.750000,60.612554216867466,0.0,0.0,2.0,0.0
2025-05-09 01:34:37,25.0,0,0,0,0,0,0,0,16/07/2025 9:12:24,15,-738,2025-07-22 10:45:07,90.9188313253012,0.0,0.0,2.0,0.0
2025-05-09 01:34:46,34.0,0,0,0,0,0,0,0,16/07/2025 9:12:29,20,-744,2025-07-22 10:45:37.500000,121.22510843373493,0.0,0.0,2.0,0.0
2025-05-09 01:34:54,42.0,0,0,0,0,0,0,0,16/07/2025 9:12:34,25,-739,2025-07-22 10:46:07.750000,151.53138554216866,0.0,0.0,2.0,0.0
2025-05-09 01:35:03,51.0,0,0,0,0,0,0,0,16/07/2025 9:12:39,30,-739,2025-07-22 10:46:38,181.8376626506024,0.0,0.0,1.0,0.0
2025-05-09 01:35:11,59.0,0,0,0,0,0,0,0,16/07/2025 9:12:44,35,-735,2025-07-22 10:47:08.250000,212.14393975903613,0.0,0.0,1.0,0.0
2025-05-09 01:35:20,68.0,0,0,0,0,0,0,0,16/07/2025 9:12:49,40,-739,2025-07-22 10:47:38.750000,242.45021686746986,0.0,0.0,1.0,0.0
2025-05-09 01:35:28,76.0,0,0,0,0,0,0,0,16/07/2025 9:12:54,45,-739,2025-07-22 10:48:09,272.7564939759036,0.0,0.0,1.0,0.0
2025-05-09 01:35:37,85.0,0,0,0,0,0,0,0,16/07/2025 9:12:59,50,-736,2025-07-22 10:48:39.250000,303.0627710843373,0.0,0.0,1.0,0.0
2025-05-09 01:35:45,93.0,0,0,0,0,0,0,0,16/07/2025 9:13:04,55,-738,2025-07-22 10:49:09.750000,333.36904819277106,0.0,0.0,1.0,0.0
2025-05-09 01:35:54,102.0,0,0,0,0,0,0,0,16/07/2025 9:13:09,60,-742,2025-07-22 10:49:39.750000,363.6753253012048,0.0,0.0,1.0,0.0
2025-05-09 01:36:02,110.0,0,0,0,0,0,0,0,16/07/2025 9:13:14,65,-738,2025-07-22 10:50:10.250000,393.9816024096385,0.0,0.0,1.0,0.0
2025-05-09 01:36:11,119.0,0,0,0,0,0,0,0,16/07/2025 9:13:19,70,-739,2025-07-22 10:50:40.500000,424.28787951807226,0.0,0.0,1.0,0.0
2025-05-09 01:36:19,127.0,0,0,0,0,0,0,0,16/07/2025 9:13:24,75,-738,2025-07-22 10:51:10.750000,454.594156626506,0.0,0.0,1.0,0.0
2025-05-09 01:36:28,136.0,0,0,0,0,0,0,0,16/07/2025 9:13:29,80,-744,2025-07-22 10:51:41.250000,484.9004337349397,0.0,0.0,1.0,0.0
2025-05-09 01:36:36,144.0,0,0,0,0,0,0,0,16/07/2025 9:13:34,85,-727,2025-07-22 10:52:11.500000,515.2067108433735,0.0,0.0,1.0,0.0
2025-05-09 01:36:45,153.0,0,0,0,0,0,0,0,16/07/2025 9:13:39,90,-736,2025-07-22 10:52:41.750000,545.5129879518072,0.0,0.0,1.0,0.0
2025-05-09 01:36:53,161.0,0,0,0,0,0,0,0,16/07/2025 9:13:44,95,-735,2025-07-22 10:53:12,575.8192650602409,0.0,0.0,1.0,0.0
2025-05-09 01:37:02,170.0,0,0,0,0,0,0,0,16/07/2025 9:13:49,100,-727,2025-07-22 10:53:42.500000,606.1255421686747,0.0,0.0,1.0,0.0
2025-05-09 01:37:10,178.0,0,0,0,0,0,0,0,16/07/2025 9:13:54,105,-739,2025-07-22 10:54:12.500000,636.4318192771084,0.0,0.0,1.0,0.0
2025-05-09 01:37:19,187.0,0,0,0,0,0,0,0,16/07/2025 9:13:59,110,-732,2025-07-22 10:54:43,666.7380963855421,0.0,0.0,1.0,0.0
2025-05-09 01:37:27,195.0,0,0,0,0,0,0,0,16/07/2025 9:14:04,115,-724,2025-07-22 10:55:13.500000,697.0443734939759,0.0,0.0,1.0,0.0
2025-05-09 01:37:36,204.0,0,0,0,0,0,0,0,16/07/2025 9:14:09,120,-730,2025-07-22 10:55:43.500000,727.3506506024096,0.0,0.0,1.0,0.0
2025-05-09 01:37:44,212.0,0,0,0,0,0,0,0,16/07/2025 9:14:14,125,-733,2025-07-22 10:56:13.750000,757.6569277108433,0.0,0.0,1.0,0.0
2025-05-09 01:37:53,221.0,0,0,0,0,0,0,0,16/07/2025 9:14:19,130,-727,2025-07-22 10:56:44.250000,787.963204819277,0.0,0.0,1.0,0.0
2025-05-09 01:38:01,229.0,0,0,0,0,0,0,0,16/07/2025 9:14:24,135,-729,2025-07-22 10:57:14.500000,818.2694819277108,0.0,0.0,1.0,0.0
2025-05-09 01:38:10,238.0,0,0,0,0,0,0,0,16/07/2025 9:14:29,140,-731,2025-07-22 10:57:44.750000,848.5757590361445,0.0,0.0,1.0,0.0
2025-05-09 01:38:18,246.0,0,0,0,0,0,0,0,16/07/2025 9:14:34,145,-727,2025-07-22 10:58:15.250000,878.8820361445783,0.0,0.0,2.0,0.0
2025-05-09 01:38:27,255.0,0,0,0,0,0,0,0,16/07/2025 9:14:39,150,-727,2025-07-22 10:58:45.500000,909.188313253012,0.0,0.0,2.0,0.0
2025-05-09 01:38:35,263.0,0,0,0,0,0,0,0,16/07/2025 9:14:44,155,-731,2025-07-22 10:59:15.750000,939.4945903614457,0.0,0.0,2.0,0.0
2025-05-09 01:38:44,272.0,0,0,0,0,0,0,0,16/07/2025 9:14:49,160,-727,2025-07-22 10:59:46.250000,969.8008674698794,0.0,0.0,4.0,0.0
2025-05-09 01:38:52,280.0,0,0,0,0,0,0,0,16/07/2025 9:14:54,165,-726,2025-07-22 11:00:16.250000,1000.1071445783132,0.0,0.0,4.0,0.0
2025-05-09 01:39:01,289.0,0,0,0,0,0,0,0,16/07/2025 9:14:59,170,-728,2025-07-22 11:00:46.750000,1030.413421686747,0.0,0.0,2.0,0.0
2025-05-09 01:39:09,297.0,0,0,0,0,0,0,0,16/07/2025 9:15:04,175,-729,2025-07-22 11:01:16.750000,1060.7196987951806,0.0,0.0,4.0,0.0
2025-05-09 01:39:18,306.0,0,0,0,0,0,0,0,16/07/2025 9:15:09,180,-733,2025-07-22 11:01:47.250000,1091.0259759036144,0.0,0.0,4.0,0.0
2025-05-09 01:39:26,314.0,0,0,0,0,0,0,0,16/07/2025 9:15:14,185,-728,2025-07-22 11:02:17.500000,1121.332253012048,0.0,0.0,4.0,0.0
2025-05-09 01:39:35,323.0,0,0,0,0,0,0,0,16/07/2025 9:15:19,190,-729,2025-07-22 11:02:47.750000,1151.6385301204818,0.0,0.0,4.0,0.0
2025-05-09 01:39:43,331.0,0,0,0,0,0,0,0,16/07/2025 9:15:24,195,-730,2025-07-22 11:03:18.250000,1181.9448072289156,0.0,0.0,4.0,0.0
2025-05-09 01:39:52,340.0,0,0,0,0,0,0,0,16/07/2025 9:15:29,200,-726,2025-07-22 11:03:48.500000,1212.2510843373493,0.0,0.0,4.0,0.0
2025-05-09 01:40:33,381.0,-0.780618,34.2577,0,0,0,0,0,16/07/2025 9:15:34,205,-723,2025-07-22 11:04:18.750000,1242.557361445783,0.0,0.0,4.0,0.0
2025-05-09 01:40:39,387.0,-0.780618,25.4476,6.76928,98.5866,8.08044,0.876312,0.226176,16/07/2025 9:15:39,210,-722,2025-07-22 11:04:49,1272.8636385542168,0.0,0.0,4.0,0.0
2025-05-09 01:40:44,392.0,-0.775664,25.4332,6.75071,98.2434,8.05443,1.32261,0.288968,16/07/2025 9:15:44,215,-723,2025-07-22 11:05:19.500000,1303.1699156626505,0.0,0.0,4.0,0.0
2025-05-09 01:40:49,397.0,-0.779627,25.4275,6.74797,97.9384,8.03028,1.7563,0.31817,16/07/2025 9:15:49,220,-727,2025-07-22 11:05:49.500000,1333.4761927710842,0.0,0.0,4.0,0.0
2025-05-09 01:40:54,402.0,-0.773682,25.4219,6.74673,97.8586,8.02455,3.6177,0.293887,16/07/2025 9:15:54,225,-724,2025-07-22 11:06:20,1363.782469879518,0.0,0.0,4.0,0.0
2025-05-09 01:40:59,407.0,-0.770709,25.4267,6.74746,98.4204,8.06991,1.39463,0.232681,16/07/2025 9:15:59,230,-721,2025-07-22 11:06:50.250000,1394.0887469879517,0.0,0.0,4.0,0.0
2025-05-09 01:41:05,413.0,-0.7717,25.4236,6.74769,98.0288,8.03825,0.812878,0.270706,16/07/2025 9:16:04,235,-720,2025-07-22 11:07:20.500000,1424.3950240963854,0.0,0.0,4.0,0.0
2025-05-09 01:41:10,418.0,-0.773682,25.4212,6.74701,98.1469,8.0483,2.33255,0.340479,16/07/2025 9:16:09,240,-718,2025-07-22 11:07:50.750000,1454.7013012048192,0.0,0.0,4.0,0.0
2025-05-09 01:41:15,423.0,-0.766745,25.4266,6.74744,98.448,8.07219,3.30651,0.388728,16/07/2025 9:16:14,245,-720,2025-07-22 11:08:21.250000,1485.007578313253,0.0,0.0,4.0,0.0
2025-05-09 01:41:20,428.0,-0.773682,25.4179,6.7474,98.1757,8.05114,2.71005,0.317929,16/07/2025 9:16:19,250,-715,2025-07-22 11:08:51.500000,1515.3138554216866,0.0,0.0,4.0,0.0
2025-05-09 01:41:25,433.0,-0.769718,25.4303,6.74676,97.7097,8.0111,2.58168,0.200965,16/07/2025 9:16:24,255,-719,2025-07-22 11:09:21.750000,1545.6201325301204,0.0,0.0,4.0,0.0
2025-05-09 01:41:31,439.0,-0.766745,25.4226,6.74657,97.4707,7.99264,1.73082,0.285076,16/07/2025 9:16:29,260,-717,2025-07-22 11:09:52.250000,1575.926409638554,0.0,0.0,4.0,0.0
2025-05-09 01:41:36,444.0,-0.762781,25.4233,6.74664,97.6404,8.00645,3.76016,0.263515,16/07/2025 9:16:34,265,-719,2025-07-22 11:10:22.500000,1606.2326867469878,0.0,0.0,4.0,0.0
2025-05-09 01:41:41,449.0,-0.763772,25.4246,6.74625,97.3261,7.98049,3.29403,0.269687,16/07/2025 9:16:39,270,-729,2025-07-22 11:10:52.750000,1636.5389638554216,0.0,0.0,4.0,0.0
2025-05-09 01:41:46,454.0,-0.76179,25.4145,6.74668,97.8474,8.02472,1.938,0.320724,16/07/2025 9:16:44,275,-713,2025-07-22 11:11:23,1666.8452409638553,0.0,0.0,4.0,0.0
2025-05-09 01:41:51,459.0,-0.770709,25.4199,6.74922,97.4762,7.99348,2.23132,0.41696,16/07/2025 9:16:49,280,-718,2025-07-22 11:11:53.500000,1697.151518072289,0.0,0.0,4.0,0.0
2025-05-09 01:41:57,465.0,-0.760799,25.4123,6.7455,97.5332,7.99927,2.90271,0.289024,16/07/2025 9:16:54,285,-716,2025-07-22 11:12:23.750000,1727.4577951807228,0.0,0.0,4.0,0.0
2025-05-09 01:42:02,470.0,-0.765754,25.4187,6.75912,97.3792,7.98571,4.28716,0.222903,16/07/2025 9:16:59,290,-713,2025-07-22 11:12:54,1757.7640722891565,0.0,0.0,4.0,0.0
2025-05-09 01:42:07,475.0,-0.766745,25.4145,6.74677,0,7.94206,3.44506,0.264967,16/07/2025 9:17:04,295,-714,2025-07-22 11:13:24.500000,1788.0703493975902,0.0,0.0,4.0,0.0
2025-05-09 01:42:13,481.0,-0.75188,25.4244,6.74462,97.1963,7.96987,1.86531,0.280619,16/07/2025 9:17:09,300,-715,2025-07-22 11:13:54.500000,1818.376626506024,0.0,0.0,4.0,0.0
2025-05-09 01:43:10,538.0,0.294793,0,6.74622,96.6216,7.92577,3.91966,0.299101,16/07/2025 9:17:14,305,-718,2025-07-22 11:14:24.750000,1848.6829036144577,0.0,0.0,4.0,0.0
2025-05-09 01:43:15,543.0,-0.759808,25.4126,6.74635,96.7084,7.93157,2.53179,0.267442,16/07/2025 9:17:19,310,-718,2025-07-22 11:14:55.250000,1878.9891807228914,0.0,0.0,4.0,0.0
2025-05-09 01:43:20,548.0,-0.75188,25.4177,6.74648,97.1269,7.96515,3.17182,0.297094,16/07/2025 9:17:24,315,-713,2025-07-22 11:15:25.500000,1909.2954578313252,0.0,0.0,4.0,0.0
2025-05-09 01:43:25,553.0,-0.754853,25.4227,6.74629,96.8207,7.93932,3.90085,0.250362,16/07/2025 9:17:29,320,-713,2025-07-22 11:15:55.750000,1939.601734939759,0.0,0.0,4.0,0.0
2025-05-09 01:43:30,558.0,-0.753862,25.4179,6.74867,97.0058,7.9552,2.82287,0.277991,16/07/2025 9:17:34,325,-710,2025-07-22 11:16:26.250000,1969.9080120481926,0.0,0.0,4.0,0.0
2025-05-09 01:43:36,564.0,-0.755844,25.4194,6.74602,96.8468,0,3.63052,0.296665,16/07/2025 9:17:39,330,-709,2025-07-22 11:16:48.500000,2000.2142891566264,0.0,0.0,4.0,0.0
2025-05-09 01:43:41,569.0,-0.746925,25.4193,6.74647,96.8652,7.94347,2.50962,0.256407,16/07/2025 9:17:44,335,-708,2025-07-22 11:17:07.500000,2030.52056626506,0.0,0.0,4.0,0.0
2025-05-09 01:43:46,574.0,-0.748907,25.4151,6.74921,97.2153,7.97279,2.93288,0.204339,16/07/2025 9:17:49,340,-716,2025-07-22 11:17:56.500000,2060.826843373494,0.0,0.0,4.0,0.0
2025-05-09 01:43:52,580.0,-0.75188,25.4066,6.74716,96.6947,7.93132,2.82509,0.274104,16/07/2025 9:17:54,345,-713,2025-07-22 11:18:27.250000,2091.1331204819276,0.0,0.0,4.0,0.0
2025-05-09 01:43:57,585.0,-0.740979,25.4204,6.74573,97.1426,7.96606,3.02671,0.332517,16/07/2025 9:17:59,350,-714,2025-07-22 11:18:57.750000,2121.4393975903613,0.0,0.0,4.0,0.0
2025-05-09 01:44:02,590.0,-0.752871,25.408,6.74649,97.1547,7.96891,2.61885,0.241123,16/07/2025 9:18:04,355,-713,2025-07-22 11:19:27,2151.745674698795,0.0,0.0,4.0,0.0
2025-05-09 01:44:07,595.0,-0.744943,25.416,6.74629,96.8658,7.94516,3.49435,0.225854,16/07/2025 9:18:09,360,-709,2025-07-22 11:19:52.500000,2182.0519518072288,0.0,0.0,4.0,0.0
2025-05-09 01:44:13,601.0,-0.75188,25.416,6.74676,0,7.92293,2.50562,0.335196,16/07/2025 9:18:14,365,-707,2025-07-22 11:20:28.500000,2212.3582289156625,0.0,0.0,4.0,0.0
2025-05-09 01:44:18,606.0,-0.747916,25.4193,6.74605,97.0067,7.95507,3.76203,0.259003,16/07/2025 9:18:19,370,-711,2025-07-22 11:20:59,2242.664506024096,0.0,0.0,4.0,0.0
2025-05-09 01:44:23,611.0,-0.747916,25.4167,6.74517,96.0618,7.87796,2.54328,0.222695,16/07/2025 9:18:24,375,-711,2025-07-22 11:21:29,2272.97078313253,0.0,0.0,4.0,0.0
2025-05-09 01:44:28,616.0,-0.749898,25.4123,6.74576,96.4207,7.90802,2.75642,0.313753,16/07/2025 9:18:29,380,-713,2025-07-22 11:21:59.500000,2303.2770602409637,0.0,0.0,4.0,0.0
2025-05-09 01:44:34,622.0,-0.75188,25.4223,6.73874,96.9697,7.9516,3.17306,0.288849,16/07/2025 9:18:34,385,-708,2025-07-22 11:22:18.750000,2333.5833373493974,0.0,0.0,4.0,0.0
2025-05-09 01:44:39,627.0,-0.752871,25.4103,6.74568,96.8228,7.9413,3.87721,0.266069,16/07/2025 9:18:39,390,-709,2025-07-22 11:23:00,2363.889614457831,0.0,0.0,4.0,0.0
2025-05-09 01:44:44,632.0,-0.747916,25.4089,6.74636,96.7194,7.93302,3.33145,0.326221,16/07/2025 9:18:44,395,-704,2025-07-22 11:23:25.750000,2394.195891566265,0.0,0.0,4.0,0.0
2025-05-09 01:44:50,638.0,-0.74197,0,6.74588,96.9401,7.95081,1.09867,0.232109,16/07/2025 9:18:49,400,-709,2025-07-22 11:23:51.750000,2424.5021686746986,0.0,0.0,4.0,0.0
2025-05-09 01:44:55,643.0,-0.744943,25.4241,6.74651,96.6532,7.92538,3.74221,0.282332,16/07/2025 9:18:54,405,-701,2025-07-22 11:24:12.500000,2454.8084457831324,0.0,0.0,4.0,0.0
2025-05-09 01:45:00,648.0,-0.750889,25.4106,6.74861,96.3603,7.90332,2.2412,0.258153,16/07/2025 9:18:59,410,-712,2025-07-22 11:24:12.500000,2485.114722891566,0.0,0.0,4.0,0.0
2025-05-09 01:45:05,653.0,-0.75188,25.4092,6.74647,96.6645,7.92847,2.63871,0.261181,16/07/2025 9:19:04,415,-708,2025-07-22 11:24:12.500000,2515.421,0.0,0.0,4.0,0.0
2025-05-09 01:45:11,659.0,-0.745934,25.4173,6.74609,96.6212,7.92375,2.5597,0.273087,16/07/2025 9:19:09,420,-708,2025-07-22 11:24:12.500000,2545.7272771084336,0.0,0.0,4.0,0.0
2025-05-09 01:45:16,664.0,-0.74197,25.4207,6.74346,96.6462,7.92531,2.56587,0.288668,16/07/2025 9:19:14,425,-702,2025-07-22 11:24:12.500000,2576.0335542168673,0.0,0.0,4.0,0.0
2025-05-09 01:45:21,669.0,-0.75188,25.4215,6.74648,96.7562,7.93421,3.39757,0.210158,16/07/2025 9:19:19,430,-708,2025-07-22 11:24:12.500000,2606.339831325301,0.0,0.0,4.0,0.0
2025-05-09 01:45:27,675.0,0,25.4201,6.74693,96.7138,7.93094,3.47371,0.24253,16/07/2025 9:19:24,435,-708,2025-07-22 11:24:12.500000,2636.6461084337348,0.0,0.0,4.0,0.0
2025-05-09 01:45:32,680.0,-0.743952,25.4263,6.74582,96.7075,7.92952,3.55537,0.279798,16/07/2025 9:19:29,440,-702,2025-07-22 11:28:02.750000,2666.9523855421685,0.0,0.0,4.0,0.0
2025-05-09 01:45:37,685.0,-0.749898,25.4173,6.74635,0,7.91039,2.13943,0.270792,16/07/2025 9:19:34,445,-712,2025-07-22 11:28:33.500000,2697.258662650602,0.0,1.0,5.0,1.0
2025-05-09 01:45:43,691.0,-0.742961,25.4295,6.74623,96.3733,7.90165,2.43787,0.274733,16/07/2025 9:19:39,450,-707,2025-07-22 11:28:54,2727.564939759036,0.0,1.0,5.0,1.0
2025-05-09 01:45:48,696.0,-0.744943,25.4099,6.74605,96.3912,7.90597,1.98019,0.322091,16/07/2025 9:19:44,455,-706,2025-07-22 11:29:34,2757.8712168674697,0.0,1.0,5.0,1.0
2025-05-09 01:45:53,701.0,-0.738997,25.4303,6.74644,96.9541,7.94916,1.04975,0.252655,16/07/2025 9:19:49,460,-706,2025-07-22 11:30:04.500000,2788.1774939759034,0.0,1.0,5.0,1.0
2025-05-09 01:45:58,706.0,-0.742961,25.4194,6.74581,96.5387,7.91667,3.22772,0.323706,16/07/2025 9:19:54,465,-702,2025-07-22 11:30:34.750000,2818.483771084337,0.0,1.0,5.0,1.0
2025-05-09 01:46:03,711.0,-0.744943,25.4168,6.74635,96.912,7.94767,2.61025,0.270013,16/07/2025 9:19:59,470,-701,2025-07-22 11:31:05,2848.790048192771,0.0,0.0,4.0,1.0
2025-05-09 01:46:09,717.0,-0.747916,25.4191,6.74629,96.3574,7.90185,3.38066,0.277563,16/07/2025 9:20:04,475,-704,2025-07-22 11:31:35.250000,2879.0963253012046,0.0,0.0,4.0,1.0
2025-05-09 01:46:14,722.0,0,25.4202,6.74612,96.2127,7.88982,2.83081,0.256225,16/07/2025 9:20:09,480,-704,2025-07-22 11:32:05.750000,2909.4026024096383,0.0,0.0,4.0,1.0
2025-05-09 01:46:20,728.0,-0.743952,25.4386,6.74624,96.014,7.87088,2.84691,0.240039,16/07/2025 9:20:14,485,-707,2025-07-22 11:32:35.750000,2939.708879518072,0.0,0.0,4.0,1.0
2025-05-09 01:46:25,733.0,-0.736024,25.4216,6.74646,96.3239,7.89874,3.04863,0.330114,16/07/2025 9:20:19,490,-705,2025-07-22 11:33:06.250000,2970.015156626506,0.0,0.0,4.0,1.0
2025-05-09 01:46:30,738.0,-0.738997,25.4174,6.7459,96.4594,7.91046,3.34769,0.229774,16/07/2025 9:20:24,495,-704,2025-07-22 11:33:36.750000,3000.3214337349395,0.0,0.0,4.0,1.0
2025-05-09 01:46:35,743.0,-0.740979,25.4194,6.74576,96.4053,7.90573,2.57772,0.262226,16/07/2025 9:20:29,500,-694,2025-07-22 11:34:06.750000,3030.6277108433733,0.0,0.0,4.0,1.0
2025-05-09 01:46:40,748.0,-0.743952,25.4123,6.74616,96.5817,7.92123,2.97427,0.234802,16/07/2025 9:20:34,505,-699,2025-07-22 11:34:37.250000,3060.933987951807,0.0,0.0,4.0,1.0
2025-05-09 01:46:45,753.0,-0.735033,25.4181,6.74618,96.7303,7.93259,2.40239,0.287407,16/07/2025 9:20:39,510,-698,2025-07-22 11:35:07.500000,3091.2402650602407,0.0,0.0,4.0,1.0
2025-05-09 01:46:51,759.0,-0.74197,25.4312,6.74575,96.2673,7.89272,3.41779,0.262322,16/07/2025 9:20:44,515,-704,2025-07-22 11:35:37.750000,3121.5465421686745,0.0,0.0,4.0,1.0
2025-05-09 01:46:56,764.0,-0.743952,25.4266,6.74611,96.708,7.92952,0,0.278964,16/07/2025 9:20:49,520,-705,2025-07-22 11:36:08,3151.852819277108,0.0,0.0,4.0,1.0
2025-05-09 01:47:02,770.0,-0.737015,25.4179,6.74375,96.9041,7.94686,4.57302,0.270645,16/07/2025 9:20:54,525,-701,2025-07-22 11:36:38.500000,3182.159096385542,0.0,0.0,4.0,1.0
2025-05-09 01:47:07,775.0,-0.743952,0,6.74527,96.6237,7.92323,4.16365,0.280453,16/07/2025 9:20:59,530,-703,2025-07-22 11:37:08.500000,3212.4653734939757,0.0,0.0,4.0,1.0
2025-05-09 01:47:12,780.0,-0.740979,25.4321,6.74565,96.0724,7.8766,3.81854,0.367427,16/07/2025 9:21:04,535,-701,2025-07-22 11:37:39,3242.7716506024094,0.0,0.0,4.0,1.0
2025-05-09 01:47:18,786.0,-0.736024,25.4231,6.74622,96.6259,7.92328,2.83766,0.23394,16/07/2025 9:21:09,540,-695,2025-07-22 11:38:09.500000,3273.077927710843,0.0,0.0,4.0,1.0
2025-05-09 01:47:23,791.0,-0.738997,25.4215,0,96.5225,7.91505,3.64824,0.319861,16/07/2025 9:21:14,545,-701,2025-07-22 11:38:39.500000,3303.384204819277,0.0,0.0,4.0,1.0
2025-05-09 01:47:28,796.0,-0.74197,25.4252,6.74652,96.5778,7.91905,3.66875,0.347474,16/07/2025 9:21:19,550,-695,2025-07-22 11:39:10,3333.6904819277106,0.0,0.0,4.0,1.0
2025-05-09 01:47:34,802.0,-0.73107,25.4238,6.74561,96.3416,7.89987,4.03466,0.327642,16/07/2025 9:21:24,555,-696,2025-07-22 11:39:40.251000,3363.9967590361443,0.0,0.0,4.0,1.0
2025-05-09 01:47:39,807.0,-0.737015,25.4337,6.74563,96.2877,7.89403,3.30783,0.286723,16/07/2025 9:21:29,560,-706,2025-07-22 11:40:10.500000,3394.303036144578,0.0,1.0,5.0,2.0
2025-05-09 01:47:44,812.0,-0.734042,25.4251,6.74752,96.5495,7.91675,4.31265,0.241516,16/07/2025 9:21:34,565,-702,2025-07-22 11:40:40.750000,3424.609313253012,0.0,1.0,5.0,2.0
2025-05-09 01:47:49,817.0,-0.737015,25.4246,6.74497,96.3182,7.89785,4.11831,0.266602,16/07/2025 9:21:39,570,-697,2025-07-22 11:41:10.250000,3454.9155903614455,0.0,1.0,5.0,2.0
2025-05-09 01:47:54,822.0,-0.738006,25.4188,6.74486,96.155,7.8853,3.5737,0.299685,16/07/2025 9:21:44,575,-695,2025-07-22 11:41:41.250000,3485.2218674698793,0.0,1.0,5.0,2.0
2025-05-09 01:48:00,828.0,-0.739988,25.4281,6.74593,96.6772,7.92677,1.95801,0.247376,16/07/2025 9:21:49,580,-698,2025-07-22 11:42:11.750000,3515.528144578313,0.0,1.0,5.0,2.0
2025-05-09 01:48:05,833.0,-0.74197,25.4221,6.75646,96.3176,7.89816,3.98957,0.264893,16/07/2025 9:21:54,585,-702,2025-07-22 11:42:42.250000,3545.8344216867467,0.0,0.0,4.0,2.0
2025-05-09 01:48:10,838.0,-0.736024,25.4321,6.74653,96.1355,7.88178,4.11825,0.312946,16/07/2025 9:21:59,590,-701,2025-07-22 11:43:12.250000,3576.1406987951805,0.0,0.0,4.0,2.0
2025-05-09 01:48:15,843.0,-0.739988,25.4275,6.74399,96.714,7.92989,3.64411,0.256517,16/07/2025 9:22:04,595,-691,2025-07-22 11:43:41.750000,3606.446975903614,0.0,0.0,4.0,2.0
2025-05-09 01:48:20,848.0,-0.739988,25.4328,6.74628,96.0389,7.87376,3.57083,0.319584,16/07/2025 9:22:09,600,-631,2025-07-22 11:44:13,3636.753253012048,0.0,0.0,4.0,2.0
2025-05-09 01:48:26,854.0,-0.738997,25.4225,6.74805,96.5266,7.91523,3.91213,0.261042,16/07/2025 9:22:14,605,-657,2025-07-22 11:44:43.250000,3667.0595301204817,0.0,0.0,4.0,2.0
2025-05-09 01:48:31,859.0,-0.732061,25.4194,6.74618,96.04,7.87578,4.63938,0.257425,16/07/2025 9:22:19,610,-654,2025-07-22 11:45:13.500000,3697.3658072289154,0.0,0.0,4.0,2.0
2025-05-09 01:48:36,864.0,-0.738997,25.4247,6.74606,96.0281,7.87404,3.22987,0.20365,16/07/2025 9:22:24,615,-652,2025-07-22 11:45:44,3727.672084337349,0.0,0.0,4.0,2.0
2025-05-09 01:48:41,869.0,-0.729088,25.4362,6.74577,96.0179,7.87155,2.73608,0.252602,16/07/2025 9:22:29,620,-646,2025-07-22 11:46:14.250000,3757.978361445783,0.0,0.0,4.0,2.0
2025-05-09 01:48:47,875.0,-0.73107,25.4291,6.75093,96.4909,7.91135,3.48257,0,16/07/2025 9:22:34,625,-636,2025-07-22 11:46:44.500000,3788.2846385542166,0.0,0.0,4.0,2.0
2025-05-09 01:48:53,881.0,-0.735033,0,6.74178,96.6739,7.92569,3.06518,0.230075,16/07/2025 9:22:39,630,-311,2025-07-22 11:47:14.750000,3818.5909156626503,0.0,0.0,4.0,2.0
2025-05-09 01:48:58,886.0,-0.73107,25.4315,6.75188,96.6499,7.92404,4.7573,0.260399,16/07/2025 9:22:44,635,548,2025-07-22 11:47:45.250000,3848.897192771084,0.0,0.0,4.0,2.0
2025-05-09 01:49:03,891.0,-0.737015,25.4309,6.74671,96.4244,7.90564,3.72975,0.253241,16/07/2025 9:22:49,640,1381,2025-07-22 11:48:15.500000,3879.203469879518,0.0,0.0,4.0,2.0
2025-05-09 01:49:08,896.0,-0.734042,25.43,6.74886,96.4921,7.91133,3.55495,0.255376,16/07/2025 9:22:54,645,2194,2025-07-22 11:48:45.750000,3909.5097469879515,0.0,0.0,4.0,2.0
2025-05-09 01:49:13,901.0,-0.733051,25.4396,6.75149,96.5112,7.9115,3.88625,0.324688,16/07/2025 9:22:59,650,2997,2025-07-22 11:49:16.250000,3939.8160240963853,0.0,0.0,4.0,2.0
2025-05-09 01:49:19,907.0,-0.730079,25.4287,6.74602,96.1409,7.88271,2.38725,0.320515,16/07/2025 9:23:04,655,3252,2025-07-22 11:49:46.250000,3970.122301204819,0.0,0.0,4.0,2.0
2025-05-09 01:49:24,912.0,-0.727106,25.4335,6.74655,95.96,7.86718,4.26696,0.257586,16/07/2025 9:23:09,660,3257,2025-07-22 11:50:16.750000,4000.4285783132527,0.0,0.0,2.0,2.0
2025-05-09 01:49:29,917.0,-0.727106,25.4263,6.7461,96.1913,7.88719,1.27083,0.20405,16/07/2025 9:23:14,665,3268,2025-07-22 11:50:47,4030.7348554216865,0.0,0.0,2.0,2.0
2025-05-09 01:49:34,922.0,-0.730079,25.4405,6.74584,96.2945,7.89361,2.93744,0.330462,16/07/2025 9:23:19,670,3258,2025-07-22 11:51:17.250000,4061.04113253012,0.0,0.0,2.0,2.0
2025-05-09 01:49:39,927.0,-0.734042,25.4343,6.7462,96.5266,7.91352,3.95891,0.261211,16/07/2025 9:23:24,675,3266,2025-07-22 11:51:47.500000,4091.347409638554,0.0,0.0,2.0,2.0
2025-05-09 01:49:45,933.0,-0.736024,25.4377,6.74554,95.9277,0,2.16666,0.168713,16/07/2025 9:23:29,680,3270,2025-07-22 11:52:18,4121.653686746988,0.0,0.0,4.0,2.0
2025-05-09 01:49:50,938.0,-0.73107,25.4275,6.74575,96.6861,7.92759,3.83381,0.311965,16/07/2025 9:23:34,685,3339,2025-07-22 11:52:48.250000,4151.959963855421,0.0,0.0,4.0,2.0
2025-05-09 01:49:55,943.0,-0.730079,25.4311,6.74558,96.6258,7.92213,3.17083,0.337104,16/07/2025 9:23:39,690,3584,2025-07-22 11:53:18.500000,4182.266240963855,0.0,0.0,2.0,2.0
2025-05-09 01:50:01,949.0,-0.738006,25.4295,6.74614,96.4795,7.91036,2.9974,0.246,16/07/2025 9:23:44,695,3588,2025-07-22 11:53:48.750000,4212.572518072289,0.0,0.0,2.0,2.0
2025-05-09 01:50:06,954.0,-0.736024,25.4484,6.74564,95.7298,7.84618,3.73598,0.206929,16/07/2025 9:23:49,700,3597,2025-07-22 11:54:19,4242.878795180723,0.0,0.0,2.0,2.0
2025-05-09 01:50:11,959.0,-0.729088,25.4388,6.74587,96.1346,7.88074,3.88919,0.248456,16/07/2025 9:23:54,705,3595,2025-07-22 11:54:49.500000,4273.185072289156,0.0,0.0,2.0,2.0
2025-05-09 01:50:16,964.0,-0.732061,25.4385,6.7454,96.5113,7.91166,3.83319,0.315934,16/07/2025 9:23:59,710,3596,2025-07-22 11:55:19.750000,4303.49134939759,0.0,0.0,2.0,2.0
2025-05-09 01:50:21,969.0,-0.730079,25.4406,6.74592,96.1648,7.88295,4.00484,0.167054,16/07/2025 9:24:04,715,3514,2025-07-22 11:55:50,4333.797626506024,0.0,0.0,2.0,2.0
2025-05-09 01:50:27,975.0,-0.725124,25.4458,6.74612,96.3297,7.89572,1.50293,0.222585,16/07/2025 9:24:09,720,2942,2025-07-22 11:56:20.250000,4364.1039036144575,0.0,0.0,2.0,2.0
2025-05-09 01:50:33,981.0,-0.735033,25.4318,0,96.4333,0,2.40534,0.22618,16/07/2025 9:24:14,725,2257,2025-07-22 11:56:50.750000,4394.410180722891,0.0,0.0,2.0,2.0
2025-05-09 01:50:38,986.0,-0.735033,25.4504,6.74619,96.294,7.89213,4.07208,0.312552,16/07/2025 9:24:19,730,1546,2025-07-22 11:57:20.750000,4424.716457831325,0.0,0.0,2.0,2.0
2025-05-09 01:50:43,991.0,-0.723142,25.4366,6.74582,96.022,7.87183,2.95394,0.224964,16/07/2025 9:24:24,735,819,2025-07-22 11:57:51.250000,4455.022734939759,0.0,0.0,2.0,2.0
2025-05-09 01:50:49,997.0,-0.732061,25.4476,6.74635,95.9684,0,4.42361,0.251092,16/07/2025 9:24:29,740,82,2025-07-22 11:58:21.750000,4485.329012048192,0.0,0.0,2.0,2.0
2025-05-09 01:50:54,1002.0,-0.734042,25.4425,6.74631,95.7998,7.85276,3.53473,0.278957,16/07/2025 9:24:34,745,-600,2025-07-22 11:58:51.750000,4515.635289156626,0.0,0.0,2.0,2.0
2025-05-09 01:50:59,1007.0,-0.73107,25.4442,6.74608,95.512,7.82893,3.31453,0.224177,16/07/2025 9:24:39,750,-583,2025-07-22 11:59:22.250000,4545.94156626506,0.0,0.0,2.0,2.0
2025-05-09 01:51:04,1012.0,-0.729088,25.4479,6.74609,96.1148,7.8778,2.20069,0.213473,16/07/2025 9:24:44,755,-586,2025-07-22 11:59:52.500000,4576.247843373494,0.0,0.0,2.0,2.0
2025-05-09 01:51:10,1018.0,-0.736024,25.4413,6.74601,95.8662,7.85838,1.60257,0.272918,16/07/2025 9:24:49,760,-580,2025-07-22 12:00:23,4606.554120481927,0.0,0.0,2.0,2.0
2025-05-09 01:51:15,1023.0,-0.733051,25.4464,6.74564,95.912,7.8614,2.94283,0.347876,16/07/2025 9:24:54,765,-582,2025-07-22 12:00:53,4636.860397590361,0.0,0.0,2.0,2.0
2025-05-09 01:51:20,1028.0,-0.725124,25.4424,6.74618,95.8391,7.856,2.8039,0.297808,16/07/2025 9:24:59,770,-577,2025-07-22 12:01:23.500000,4667.166674698795,0.0,0.0,2.0,2.0
2025-05-09 01:51:25,1033.0,-0.736024,25.442,6.74657,96.2635,7.89084,4.28954,0.272664,16/07/2025 9:25:04,775,-589,2025-07-22 12:01:53.750000,4697.472951807229,0.0,0.0,2.0,2.0
2025-05-09 01:51:30,1038.0,-0.736024,25.4492,6.74153,96.5253,7.91126,3.77005,0.200198,16/07/2025 9:25:09,780,-582,2025-07-22 12:02:24,4727.779228915662,0.0,0.0,2.0,2.0
2025-05-09 01:51:36,1044.0,-0.728097,25.4445,6.76051,96.0713,7.87473,3.31924,0.214351,16/07/2025 9:25:14,785,-584,2025-07-22 12:02:54.500000,4758.085506024096,0.0,0.0,2.0,2.0
2025-05-09 01:51:41,1049.0,-0.735033,25.4427,6.7445,95.8729,7.85873,3.99094,0.235946,16/07/2025 9:25:19,790,-26,2025-07-22 12:03:24.750000,4788.39178313253,0.0,0.0,2.0,2.0
2025-05-09 01:51:46,1054.0,-0.73107,25.4386,6.74432,96.4864,7.9096,4.66426,0.223257,16/07/2025 9:25:24,795,834,2025-07-22 12:03:54.750000,4818.698060240964,0.0,0.0,2.0,2.0
2025-05-09 01:51:52,1060.0,-0.729088,25.4517,6.74532,96.2013,0,2.38526,0,16/07/2025 9:25:29,800,1713,2025-07-22 12:04:25.250000,4849.004337349397,0.0,0.0,2.0,2.0
2025-05-09 01:51:57,1065.0,-0.730079,25.4373,6.74563,96.0993,7.87807,2.41265,0.241852,16/07/2025 9:25:34,805,2523,2025-07-22 12:04:55.750000,4879.3106144578305,0.0,0.0,2.0,2.0
2025-05-09 01:52:03,1071.0,-0.73107,25.4424,6.74319,96.1126,7.87842,3.97074,0.269271,16/07/2025 9:25:39,810,3329,2025-07-22 12:05:25.750000,4909.616891566265,0.0,0.0,2.0,2.0
2025-05-09 01:52:08,1076.0,-0.73107,25.4467,6.74604,95.9504,7.8645,3.59968,0.274594,16/07/2025 9:25:44,815,3421,2025-07-22 12:05:56.250000,4939.923168674699,0.0,0.0,2.0,2.0
2025-05-09 01:52:13,1081.0,-0.726115,25.4439,6.74797,96.3448,7.89724,2.49682,0.328326,16/07/2025 9:25:49,820,3426,2025-07-22 12:06:26.500000,4970.229445783132,0.0,0.0,2.0,2.0
2025-05-09 01:52:19,1087.0,-0.736024,25.4546,6.74639,96.3629,7.89717,4.18199,0,16/07/2025 9:25:54,825,3425,2025-07-22 12:06:56.750000,5000.5357228915655,0.0,0.0,2.0,2.0
2025-05-09 01:52:24,1092.0,-0.730079,25.4507,6.74576,96.1887,7.88346,3.16656,0.319934,16/07/2025 9:25:59,830,3426,2025-07-22 12:07:27,5030.842,0.0,0.0,2.0,2.0
2025-05-09 01:52:29,1097.0,-0.725124,25.4411,6.74619,96.0248,7.8714,3.46334,0.273628,16/07/2025 9:26:04,835,3418,-9999,-9999.0,-9999.0,-9999.0,-9999.0,-9999.0
2025-05-09 01:52:34,1102.0,-0.728097,25.4455,6.74567,96.3104,7.89419,3.52476,0.3203,16/07/2025 9:26:09,840,3427,-9999,-9999.0,-9999.0,-9999.0,-9999.0,-9999.0
2025-05-09 01:52:39,1107.0,-0.730079,25.458,6.74535,95.8561,7.85515,4.59821,0.311496,16/07/2025 9:26:14,845,3432,-9999,-9999.0,-9999.0,-9999.0,-9999.0,-9999.0
2025-05-09 01:52:45,1113.0,-0.729088,25.4435,6.74583,96.1473,7.88111,4.42647,0.230445,16/07/2025 9:26:19,850,3431,-9999,-9999.0,-9999.0,-9999.0,-9999.0,-9999.0
2025-05-09 01:52:50,1118.0,-0.727106,25.4482,6.74595,95.6347,7.83841,4.99664,0.247404,16/07/2025 9:26:24,855,3429,-9999,-9999.0,-9999.0,-9999.0,-9999.0,-9999.0
2025-05-09 01:52:55,1123.0,-0.736024,25.4538,6.74525,95.8336,7.85391,2.43092,0.305586,16/07/2025 9:26:29,860,3433,-9999,-9999.0,-9999.0,-9999.0,-9999.0,-9999.0
2025-05-09 01:53:01,1129.0,-0.733051,25.4473,6.74561,95.6769,7.842,0,0.373261,16/07/2025 9:26:34,865,3237,-9999,-9999.0,-9999.0,-9999.0,-9999.0,-9999.0
2025-05-09 01:53:06,1134.0,-0.726115,25.4462,6.74715,96.4951,7.90922,3.81735,0.272985,16/07/2025 9:26:39,870,2580,-9999,-9999.0,-9999.0,-9999.0,-9999.0,-9999.0
2025-05-09 01:53:12,1140.0,-0.736024,0,6.74655,95.768,7.84848,4.71676,0.269668,16/07/2025 9:26:44,875,1863,-9999,-9999.0,-9999.0,-9999.0,-9999.0,-9999.0
2025-05-09 01:53:17,1145.0,-0.736024,25.4448,6.74415,95.7503,7.84837,4.33764,0.259848,16/07/2025 9:26:49,880,1134,-9999,-9999.0,-9999.0,-9999.0,-9999.0,-9999.0
2025-05-09 01:53:22,1150.0,-0.728097,25.4554,6.74672,96.0895,7.87648,3.40909,0.280939,16/07/2025 9:26:54,885,373,-9999,-9999.0,-9999.0,-9999.0,-9999.0,-9999.0
2025-05-09 01:53:28,1156.0,-0.730079,25.4503,0,96.466,7.90625,5.00786,0.205316,16/07/2025 9:26:59,890,-374,-9999,-9999.0,-9999.0,-9999.0,-9999.0,-9999.0
2025-05-09 01:53:33,1161.0,-0.727106,25.4578,6.74555,95.6977,7.84219,4.88072,0.263359,16/07/2025 9:27:04,895,-551,-9999,-9999.0,-9999.0,-9999.0,-9999.0,-9999.0
2025-05-09 01:53:38,1166.0,-0.730079,25.4544,6.74894,95.468,7.82386,3.33101,0.276768,16/07/2025 9:27:09,900,-554,-9999,-9999.0,-9999.0,-9999.0,-9999.0,-9999.0
2025-05-09 01:53:43,1171.0,-0.727106,25.4572,6.746,95.6904,7.84168,4.07844,0.327837,16/07/2025 9:27:14,905,-547,-9999,-9999.0,-9999.0,-9999.0,-9999.0,-9999.0
2025-05-09 01:53:48,1176.0,-0.733051,25.4551,6.74665,95.7581,7.84754,2.49769,0.196216,16/07/2025 9:27:19,910,-555,-9999,-9999.0,-9999.0,-9999.0,-9999.0,-9999.0
2025-05-09 01:53:54,1182.0,-0.73107,25.4467,6.74613,95.6673,7.8413,2.51929,0.355673,16/07/2025 9:27:24,915,-545,-9999,-9999.0,-9999.0,-9999.0,-9999.0,-9999.0
2025-05-09 01:53:59,1187.0,-0.726115,25.4518,6.74584,96.356,7.89701,3.73086,0.304163,16/07/2025 9:27:29,920,-546,-9999,-9999.0,-9999.0,-9999.0,-9999.0,-9999.0
2025-05-09 01:54:04,1192.0,-0.728097,25.4513,6.74547,95.7143,7.84448,4.63588,0.222085,16/07/2025 9:27:34,925,-542,-9999,-9999.0,-9999.0,-9999.0,-9999.0,-9999.0
2025-05-09 01:54:09,1197.0,-0.726115,25.456,6.74535,95.7867,7.84975,3.20239,0.335439,16/07/2025 9:27:39,930,-543,-9999,-9999.0,-9999.0,-9999.0,-9999.0,-9999.0
2025-05-09 01:54:14,1202.0,-0.720169,25.4634,6.74554,96.1986,7.88243,4.09207,0.262966,16/07/2025 9:27:44,935,-541,-9999,-9999.0,-9999.0,-9999.0,-9999.0,-9999.0
2025-05-09 01:54:20,1208.0,-0.720169,25.4597,6.74564,96.1079,0,3.85766,0.228365,16/07/2025 9:27:49,940,-543,-9999,-9999.0,-9999.0,-9999.0,-9999.0,-9999.0
2025-05-09 01:54:25,1213.0,-0.723142,25.464,6.74584,96.2348,7.88531,3.23215,0.278844,16/07/2025 9:27:54,945,-545,-9999,-9999.0,-9999.0,-9999.0,-9999.0,-9999.0
2025-05-09 01:54:31,1219.0,-0.718187,25.4634,6.7445,95.3134,7.8099,3.63954,0.309027,16/07/2025 9:27:59,950,-542,-9999,-9999.0,-9999.0,-9999.0,-9999.0,-9999.0
2025-05-09 01:54:36,1224.0,-0.725124,25.4588,6.74637,95.8174,7.85186,4.35457,0.248392,16/07/2025 9:28:04,955,-538,-9999,-9999.0,-9999.0,-9999.0,-9999.0,-9999.0
2025-05-09 01:54:41,1229.0,-0.728097,25.4637,6.74697,96.157,7.87898,0,0.285192,16/07/2025 9:28:09,960,-535,-9999,-9999.0,-9999.0,-9999.0,-9999.0,-9999.0
2025-05-09 01:54:47,1235.0,-0.730079,25.4673,6.74516,95.903,7.85766,3.68785,0.238247,16/07/2025 9:28:14,965,-544,-9999,-9999.0,-9999.0,-9999.0,-9999.0,-9999.0
2025-05-09 01:54:52,1240.0,-0.73107,25.4681,6.7458,95.5655,7.82989,3.02583,0.217145,16/07/2025 9:28:19,970,-431,-9999,-9999.0,-9999.0,-9999.0,-9999.0,-9999.0
2025-05-09 01:54:57,1245.0,-0.722151,25.4657,6.746,95.6436,7.83663,4.6336,0.307975,16/07/2025 9:28:24,975,-243,-9999,-9999.0,-9999.0,-9999.0,-9999.0,-9999.0
2025-05-09 01:55:02,1250.0,-0.730079,25.4588,6.7457,95.7345,7.84469,2.7761,0.270161,16/07/2025 9:28:29,980,48,-9999,-9999.0,-9999.0,-9999.0,-9999.0,-9999.0
2025-05-09 01:55:07,1255.0,-0.727106,25.4588,6.7457,95.8052,7.85087,4.22431,0.308759,16/07/2025 9:28:34,985,379,-9999,-9999.0,-9999.0,-9999.0,-9999.0,-9999.0
2025-05-09 01:55:13,1261.0,-0.732061,25.4736,6.74562,96.0172,7.86611,3.81496,0.219369,16/07/2025 9:28:39,990,705,-9999,-9999.0,-9999.0,-9999.0,-9999.0,-9999.0
2025-05-09 01:55:18,1266.0,-0.734042,25.4715,6.74576,0,7.90009,3.27034,0.307173,16/07/2025 9:28:44,995,882,-9999,-9999.0,-9999.0,-9999.0,-9999.0,-9999.0
2025-05-09 01:55:23,1271.0,-0.736024,25.465,6.74599,95.7019,7.84151,3.09966,0.279895,16/07/2025 9:28:49,1000,1203,-9999,-9999.0,-9999.0,-9999.0,-9999.0,-9999.0
2025-05-09 01:55:29,1277.0,-0.728097,25.4628,6.74571,95.7757,7.84787,3.3732,0.207407,16/07/2025 9:28:54,1005,1513,-9999,-9999.0,-9999.0,-9999.0,-9999.0,-9999.0
2025-05-09 01:55:34,1282.0,-0.724133,25.4721,6.74454,95.9136,7.85784,3.49483,0.269635,16/07/2025 9:28:59,1010,1799,-9999,-9999.0,-9999.0,-9999.0,-9999.0,-9999.0
2025-05-09 01:55:39,1287.0,-0.730079,25.4634,6.74611,95.4981,7.82503,3.33855,0.232571,16/07/2025 9:29:04,1015,1983,-9999,-9999.0,-9999.0,-9999.0,-9999.0,-9999.0
2025-05-09 01:55:44,1292.0,-0.723142,25.4705,6.74575,95.6606,7.83733,3.56073,0.287661,16/07/2025 9:29:09,1020,2301,-9999,-9999.0,-9999.0,-9999.0,-9999.0,-9999.0
2025-05-09 01:55:50,1298.0,-0.732061,0,6.74563,95.8537,7.85226,3.18007,0.230358,16/07/2025 9:29:14,1025,2617,-9999,-9999.0,-9999.0,-9999.0,-9999.0,-9999.0
2025-05-09 01:55:55,1303.0,-0.729088,25.4705,6.746,95.5768,7.83047,3.03165,0.282935,16/07/2025 9:29:19,1030,2884,-9999,-9999.0,-9999.0,-9999.0,-9999.0,-9999.0
2025-05-09 01:56:00,1308.0,-0.730079,25.477,6.74706,95.8589,7.85264,3.14089,0.190369,16/07/2025 9:29:24,1035,3072,-9999,-9999.0,-9999.0,-9999.0,-9999.0,-9999.0
2025-05-09 01:56:05,1313.0,-0.738997,25.4783,6.74366,95.781,7.84608,4.96824,0.237632,16/07/2025 9:29:29,1040,3328,-9999,-9999.0,-9999.0,-9999.0,-9999.0,-9999.0
2025-05-09 01:56:11,1319.0,-0.72116,25.4705,6.74796,95.8609,7.85374,2.01367,0.238881,16/07/2025 9:29:34,1045,3499,-9999,-9999.0,-9999.0,-9999.0,-9999.0,-9999.0
2025-05-09 01:56:16,1324.0,-0.728097,25.4847,6.76642,96.2717,7.88536,2.17801,0.309163,16/07/2025 9:29:39,1050,3498,-9999,-9999.0,-9999.0,-9999.0,-9999.0,-9999.0
2025-05-09 01:56:21,1329.0,-0.730079,25.4674,6.71337,96.0534,7.86996,3.32726,0.230996,16/07/2025 9:29:44,1055,3500,-9999,-9999.0,-9999.0,-9999.0,-9999.0,-9999.0
2025-05-09 01:56:26,1334.0,-0.728097,25.4798,6.81247,95.7209,7.84094,3.38133,0.284099,16/07/2025 9:29:49,1060,3501,-9999,-9999.0,-9999.0,-9999.0,-9999.0,-9999.0
2025-05-09 01:56:31,1339.0,-0.719178,25.4783,6.74836,96.0115,7.86496,4.79209,0.228995,16/07/2025 9:29:54,1065,3506,-9999,-9999.0,-9999.0,-9999.0,-9999.0,-9999.0
2025-05-09 01:56:37,1345.0,-0.720169,25.478,6.74694,96.2054,7.8809,3.26172,0.218578,16/07/2025 9:29:59,1070,3490,-9999,-9999.0,-9999.0,-9999.0,-9999.0,-9999.0
2025-05-09 01:56:42,1350.0,-0.723142,25.4882,6.74939,95.319,7.80682,3.36944,0.279445,16/07/2025 9:30:04,1075,3528,-9999,-9999.0,-9999.0,-9999.0,-9999.0,-9999.0
2025-05-09 01:56:47,1355.0,-0.726115,25.4848,6.7452,95.7523,7.84355,3.33145,0.30837,16/07/2025 9:30:09,1080,3418,-9999,-9999.0,-9999.0,-9999.0,-9999.0,-9999.0
2025-05-09 01:56:52,1360.0,-0.722151,25.4829,6.74714,96.2228,7.88134,4.31411,0.204863,16/07/2025 9:30:14,1085,3252,-9999,-9999.0,-9999.0,-9999.0,-9999.0,-9999.0
2025-05-09 01:56:57,1365.0,-0.725124,25.491,6.74364,95.9578,7.85874,4.93881,0.341254,16/07/2025 9:30:19,1090,3021,-9999,-9999.0,-9999.0,-9999.0,-9999.0,-9999.0
2025-05-09 01:57:04,1372.0,-0.722151,0,6.74633,96.1512,7.87552,4.20837,0.21741,16/07/2025 9:30:24,1095,2713,-9999,-9999.0,-9999.0,-9999.0,-9999.0,-9999.0
2025-05-09 01:57:09,1377.0,-0.728097,25.4882,6.74672,96.23,7.88144,3.12034,0.200393,16/07/2025 9:30:29,1100,2543,-9999,-9999.0,-9999.0,-9999.0,-9999.0,-9999.0
2025-05-09 01:57:14,1382.0,-0.724133,25.4781,6.74636,95.909,7.85659,2.72574,0.268507,16/07/2025 9:30:34,1105,2238,-9999,-9999.0,-9999.0,-9999.0,-9999.0,-9999.0
2025-05-09 01:57:20,1388.0,-0.726115,25.4854,6.73733,95.4577,7.81858,0,0.247076,16/07/2025 9:30:39,1110,1975,-9999,-9999.0,-9999.0,-9999.0,-9999.0,-9999.0
2025-05-09 01:57:25,1393.0,-0.727106,25.4928,6.7468,95.4447,7.81646,3.24778,0.306096,16/07/2025 9:30:44,1115,1784,-9999,-9999.0,-9999.0,-9999.0,-9999.0,-9999.0
2025-05-09 01:57:30,1398.0,-0.732061,25.4825,6.7462,96.3255,7.89009,3.96358,0.245415,16/07/2025 9:30:49,1120,1453,-9999,-9999.0,-9999.0,-9999.0,-9999.0,-9999.0
2025-05-09 01:57:35,1403.0,-0.728097,25.4945,6.74656,96.2278,7.88034,3.55885,0.235863,16/07/2025 9:30:54,1125,1235,-9999,-9999.0,-9999.0,-9999.0,-9999.0,-9999.0
2025-05-09 01:57:41,1409.0,-0.724133,25.4876,6.74628,96.0941,7.8704,3.65297,0,16/07/2025 9:30:59,1130,953,-9999,-9999.0,-9999.0,-9999.0,-9999.0,-9999.0
2025-05-09 01:57:46,1414.0,-0.726115,25.5012,6.74697,95.5807,7.82639,3.54851,0.26447,16/07/2025 9:31:04,1135,646,-9999,-9999.0,-9999.0,-9999.0,-9999.0,-9999.0
2025-05-09 01:57:51,1419.0,-0.728097,25.5086,6.74942,95.6645,7.83219,4.55168,0.344119,16/07/2025 9:31:09,1140,459,-9999,-9999.0,-9999.0,-9999.0,-9999.0,-9999.0
2025-05-09 01:57:57,1425.0,-0.729088,25.4963,6.7458,95.7865,7.84395,2.00362,0.234229,16/07/2025 9:31:14,1145,125,-9999,-9999.0,-9999.0,-9999.0,-9999.0,-9999.0
2025-05-09 01:58:02,1430.0,-0.732061,25.4999,0,95.9904,7.80991,5.19987,0.263103,16/07/2025 9:31:19,1150,-104,-9999,-9999.0,-9999.0,-9999.0,-9999.0,-9999.0
2025-05-09 01:58:08,1436.0,-0.723142,25.5053,6.74616,95.6773,7.83371,1.2642,0.280494,16/07/2025 9:31:24,1155,-393,-9999,-9999.0,-9999.0,-9999.0,-9999.0,-9999.0
2025-05-09 01:58:13,1441.0,-0.728097,25.4972,6.74627,95.7903,7.84414,5.20738,0.257248,16/07/2025 9:31:29,1160,-520,-9999,-9999.0,-9999.0,-9999.0,-9999.0,-9999.0
2025-05-09 01:58:18,1446.0,-0.724133,25.5058,6.74616,95.989,7.85916,5.33776,0.249527,16/07/2025 9:31:34,1165,-517,-9999,-9999.0,-9999.0,-9999.0,-9999.0,-9999.0
2025-05-09 01:58:23,1451.0,-0.727106,25.5102,6.74622,96.0788,7.86589,4.38661,0.369655,16/07/2025 9:31:39,1170,-524,-9999,-9999.0,-9999.0,-9999.0,-9999.0,-9999.0
2025-05-09 01:58:28,1456.0,-0.736024,25.5015,6.74745,95.9997,7.86066,4.94844,0.315206,16/07/2025 9:31:44,1175,-525,-9999,-9999.0,-9999.0,-9999.0,-9999.0,-9999.0
2025-05-09 01:58:34,1462.0,-0.316841,25.5157,6.74006,95.613,7.82696,3.0564,0.18875,16/07/2025 9:31:49,1180,-522,-9999,-9999.0,-9999.0,-9999.0,-9999.0,-9999.0
2025-05-09 01:58:39,1467.0,0.314412,25.5137,6.74617,96.2838,7.88216,3.78472,0.251885,16/07/2025 9:31:54,1185,-524,-9999,-9999.0,-9999.0,-9999.0,-9999.0,-9999.0
2025-05-09 01:58:44,1472.0,0,25.5111,6.74646,95.6781,7.83295,2.7235,0.247941,16/07/2025 9:31:59,1190,-525,-9999,-9999.0,-9999.0,-9999.0,-9999.0,-9999.0
2025-05-09 01:58:50,1478.0,0.779181,25.512,6.7471,96.0802,7.86573,4.10821,0.298691,16/07/2025 9:32:04,1195,-527,-9999,-9999.0,-9999.0,-9999.0,-9999.0,-9999.0
2025-05-09 01:58:55,1483.0,-0.742961,25.5119,6.74553,95.681,7.83308,3.16009,0.26581,16/07/2025 9:32:09,1200,-521,-9999,-9999.0,-9999.0,-9999.0,-9999.0,-9999.0
2025-05-09 01:59:00,1488.0,-0.744943,25.5077,6.74594,95.3781,7.80888,3.30049,0.155121,16/07/2025 9:32:14,1205,-524,-9999,-9999.0,-9999.0,-9999.0,-9999.0,-9999.0
2025-05-09 01:59:05,1493.0,-0.749898,25.5086,6.75142,96.0281,7.86196,3.10919,0.207435,16/07/2025 9:32:19,1210,-522,-9999,-9999.0,-9999.0,-9999.0,-9999.0,-9999.0
2025-05-09 01:59:10,1498.0,-0.744943,25.5139,6.74982,95.5316,7.82056,2.9072,0.225942,16/07/2025 9:32:24,1215,-522,-9999,-9999.0,-9999.0,-9999.0,-9999.0,-9999.0
2025-05-09 01:59:16,1504.0,-0.745934,25.5204,6.74708,96.0488,7.86196,3.82789,0.244196,16/07/2025 9:32:29,1220,-525,-9999,-9999.0,-9999.0,-9999.0,-9999.0,-9999.0
2025-05-09 01:59:21,1509.0,-0.747916,25.5218,6.74761,95.8232,0,4.14154,0.317812,16/07/2025 9:32:34,1225,-525,-9999,-9999.0,-9999.0,-9999.0,-9999.0,-9999.0
2025-05-09 01:59:36,1524.0,-0.752871,25.5281,6.74617,95.5317,7.81853,2.69708,0.285276,16/07/2025 9:32:39,1230,-526,-9999,-9999.0,-9999.0,-9999.0,-9999.0,-9999.0
2025-05-09 01:59:41,1529.0,-0.75188,25.519,6.74675,95.9893,7.85729,3.79996,0.206363,16/07/2025 9:32:44,1235,-518,-9999,-9999.0,-9999.0,-9999.0,-9999.0,-9999.0
2025-05-09 01:59:46,1534.0,-0.740979,25.5224,6.74632,95.3504,7.80451,4.34351,0.254224,16/07/2025 9:32:49,1240,-522,-9999,-9999.0,-9999.0,-9999.0,-9999.0,-9999.0
2025-05-09 01:59:51,1539.0,-0.75188,25.5254,6.74672,95.9274,7.85131,2.39285,0.259922,16/07/2025 9:32:54,1245,-524,-9999,-9999.0,-9999.0,-9999.0,-9999.0,-9999.0
2025-05-09 01:59:56,1544.0,-0.747916,25.5244,6.74745,95.3441,7.80371,4.74392,0.308303,16/07/2025 9:32:59,1250,-526,-9999,-9999.0,-9999.0,-9999.0,-9999.0,-9999.0
2025-05-09 02:00:02,1550.0,-0.752871,25.5238,6.74682,95.7445,7.83657,4.96471,0.246613,16/07/2025 9:33:04,1255,-523,-9999,-9999.0,-9999.0,-9999.0,-9999.0,-9999.0
2025-05-09 02:00:08,1556.0,0,25.5294,6.7473,95.4308,0,3.65268,0.260893,16/07/2025 9:33:09,1260,-520,-9999,-9999.0,-9999.0,-9999.0,-9999.0,-9999.0
2025-05-09 02:00:13,1561.0,-0.752871,25.5345,6.74654,95.8445,7.84322,4.35931,0.267205,16/07/2025 9:33:14,1265,-238,-9999,-9999.0,-9999.0,-9999.0,-9999.0,-9999.0
2025-05-09 02:00:18,1566.0,-0.750889,25.5402,6.74611,95.813,7.83982,3.32064,0.309327,16/07/2025 9:33:19,1270,650,-9999,-9999.0,-9999.0,-9999.0,-9999.0,-9999.0
2025-05-09 02:00:23,1571.0,-0.747916,25.5309,6.74622,95.8012,7.84019,3.59281,0.226441,16/07/2025 9:33:24,1275,1542,-9999,-9999.0,-9999.0,-9999.0,-9999.0,-9999.0
2025-05-09 02:00:29,1577.0,-0.752871,25.5362,6.7462,96.1807,7.87049,3.181,0.2057,16/07/2025 9:33:29,1280,2392,-9999,-9999.0,-9999.0,-9999.0,-9999.0,-9999.0
2025-05-09 02:01:31,1639.0,-0.747916,25.5481,6.74636,95.968,7.85137,4.81416,0.289405,16/07/2025 9:33:34,1285,3220,-9999,-9999.0,-9999.0,-9999.0,-9999.0,-9999.0
2025-05-09 02:01:36,1644.0,-0.74197,25.561,6.74699,95.7918,7.83511,3.44522,0.221339,16/07/2025 9:33:39,1290,3633,-9999,-9999.0,-9999.0,-9999.0,-9999.0,-9999.0
2025-05-09 02:01:42,1650.0,-0.753862,25.5513,6.74616,95.5207,7.81432,0,0.279368,16/07/2025 9:33:44,1295,3634,-9999,-9999.0,-9999.0,-9999.0,-9999.0,-9999.0
2025-05-09 02:05:05,1853.0,0,0,0,0,0,0,0,16/07/2025 9:33:49,1300,3633,-9999,-9999.0,-9999.0,-9999.0,-9999.0,-9999.0
2025-05-09 02:05:13,1861.0,0,0,0,0,0,0,0,16/07/2025 9:33:54,1305,3638,-9999,-9999.0,-9999.0,-9999.0,-9999.0,-9999.0
2025-05-09 02:05:22,1870.0,0,0,0,0,0,0,0,16/07/2025 9:33:59,1310,3636,-9999,-9999.0,-9999.0,-9999.0,-9999.0,-9999.0
2025-05-09 02:05:30,1878.0,0,0,0,0,0,0,0,16/07/2025 9:34:04,1315,3558,-9999,-9999.0,-9999.0,-9999.0,-9999.0,-9999.0
2025-05-09 02:05:39,1887.0,0,0,0,0,0,0,0,16/07/2025 9:34:09,1320,2882,-9999,-9999.0,-9999.0,-9999.0,-9999.0,-9999.0
2025-05-09 02:05:47,1895.0,0,0,0,0,0,0,0,16/07/2025 9:34:14,1325,2180,-9999,-9999.0,-9999.0,-9999.0,-9999.0,-9999.0
2025-05-09 02:05:56,1904.0,0,0,0,0,0,0,0,16/07/2025 9:34:19,1330,1447,-9999,-9999.0,-9999.0,-9999.0,-9999.0,-9999.0
2025-05-09 02:06:04,1912.0,0,0,0,0,0,0,0,16/07/2025 9:34:24,1335,721,-9999,-9999.0,-9999.0,-9999.0,-9999.0,-9999.0
2025-05-09 02:06:13,1921.0,0,0,0,0,0,0,0,16/07/2025 9:34:29,1340,1,-9999,-9999.0,-9999.0,-9999.0,-9999.0,-9999.0
2025-05-09 02:06:21,1929.0,0,0,0,0,0,0,0,16/07/2025 9:34:34,1345,-528,-9999,-9999.0,-9999.0,-9999.0,-9999.0,-9999.0
2025-05-09 02:06:30,1938.0,0,0,0,0,0,0,0,16/07/2025 9:34:39,1350,-522,-9999,-9999.0,-9999.0,-9999.0,-9999.0,-9999.0
2025-05-09 02:06:38,1946.0,0,0,0,0,0,0,0,16/07/2025 9:34:44,1355,-522,-9999,-9999.0,-9999.0,-9999.0,-9999.0,-9999.0
2025-05-09 02:06:47,1955.0,0,0,0,0,0,0,0,16/07/2025 9:34:49,1360,311,-9999,-9999.0,-9999.0,-9999.0,-9999.0,-9999.0
2025-05-09 02:06:55,1963.0,0,0,0,0,0,0,0,16/07/2025 9:34:54,1365,750,-9999,-9999.0,-9999.0,-9999.0,-9999.0,-9999.0
2025-05-09 02:07:04,1972.0,0,0,0,0,0,0,0,16/07/2025 9:34:59,1370,749,-9999,-9999.0,-9999.0,-9999.0,-9999.0,-9999.0
2025-05-09 02:07:12,1980.0,0,0,0,0,0,0,0,16/07/2025 9:35:04,1375,1339,-9999,-9999.0,-9999.0,-9999.0,-9999.0,-9999.0
2025-05-09 02:07:21,1989.0,0,0,0,0,0,0,0,16/07/2025 9:35:09,1380,1338,-9999,-9999.0,-9999.0,-9999.0,-9999.0,-9999.0
2025-05-09 02:07:29,1997.0,0,0,0,0,0,0,0,16/07/2025 9:35:14,1385,1337,-9999,-9999.0,-9999.0,-9999.0,-9999.0,-9999.0
2025-05-09 02:07:38,2006.0,0,0,0,0,0,0,0,16/07/2025 9:35:19,1390,1931,-9999,-9999.0,-9999.0,-9999.0,-9999.0,-9999.0
2025-05-09 02:07:46,2014.0,0,0,0,0,0,0,0,16/07/2025 9:35:24,1395,2030,-9999,-9999.0,-9999.0,-9999.0,-9999.0,-9999.0
2025-05-09 02:07:55,2023.0,0,0,0,0,0,0,0,16/07/2025 9:35:29,1400,2029,-9999,-9999.0,-9999.0,-9999.0,-9999.0,-9999.0
2025-05-09 02:08:03,2031.0,0,0,0,0,0,0,0,16/07/2025 9:35:34,1405,2306,-9999,-9999.0,-9999.0,-9999.0,-9999.0,-9999.0
2025-05-09 02:08:12,2040.0,0,0,0,0,0,0,0,16/07/2025 9:35:39,1410,2787,-9999,-9999.0,-9999.0,-9999.0,-9999.0,-9999.0
2025-05-09 02:08:20,2048.0,0,0,0,0,0,0,0,16/07/2025 9:35:44,1415,2932,-9999,-9999.0,-9999.0,-9999.0,-9999.0,-9999.0
2025-05-09 02:08:26,2054.0,0,0,0,0,0,0,0,16/07/2025 9:35:49,1420,3246,-9999,-9999.0,-9999.0,-9999.0,-9999.0,-9999.0
2025-05-09 02:08:31,2059.0,-0.739988,32.0054,7.35685,94.2768,6.88826,0,0,16/07/2025 9:35:54,1425,3583,-9999,-9999.0,-9999.0,-9999.0,-9999.0,-9999.0
2025-05-09 02:08:37,2065.0,-0.736024,23.106,8.60623,94.5394,8.09392,4.68298,1.45167,16/07/2025 9:35:59,1430,3586,-9999,-9999.0,-9999.0,-9999.0,-9999.0,-9999.0
2025-05-09 02:08:42,2070.0,-0.742961,23.1153,6.24977,94.213,8.06455,4.3689,1.40342,16/07/2025 9:36:04,1435,3595,-9999,-9999.0,-9999.0,-9999.0,-9999.0,-9999.0
2025-05-09 02:08:47,2075.0,-0.744943,23.1449,7.86192,94.7418,8.10832,4.57239,1.53974,16/07/2025 9:36:09,1440,3010,-9999,-9999.0,-9999.0,-9999.0,-9999.0,-9999.0
2025-05-09 02:08:53,2081.0,-0.736024,23.235,6.31629,93.8549,8.01573,0,0.146684,16/07/2025 9:36:14,1445,2315,-9999,-9999.0,-9999.0,-9999.0,-9999.0,-9999.0
2025-05-09 02:08:58,2086.0,-0.745934,23.2868,7.42092,94.0566,8.02509,1.63386,0.182098,16/07/2025 9:36:19,1450,1584,-9999,-9999.0,-9999.0,-9999.0,-9999.0,-9999.0
2025-05-09 02:09:03,2091.0,-0.746925,23.2616,7.61425,94.2404,8.04461,1.67043,0.180448,16/07/2025 9:36:24,1455,855,-9999,-9999.0,-9999.0,-9999.0,-9999.0,-9999.0
2025-05-09 02:09:08,2096.0,-0.744943,23.1718,6.83884,94.2129,8.05593,3.24566,0.554155,16/07/2025 9:36:29,1460,149,-9999,-9999.0,-9999.0,-9999.0,-9999.0,-9999.0
2025-05-09 02:09:13,2101.0,-0.744943,23.1929,6.64635,93.9856,8.03329,2.14221,0.510984,16/07/2025 9:36:34,1465,-538,-9999,-9999.0,-9999.0,-9999.0,-9999.0,-9999.0
2025-05-09 02:09:19,2107.0,-0.742961,23.1944,6.8196,93.9801,8.03258,1.87399,0.546499,16/07/2025 9:36:39,1470,-531,-9999,-9999.0,-9999.0,-9999.0,-9999.0,-9999.0
2025-05-09 02:09:24,2112.0,-0.743952,23.1859,6.71758,93.9274,8.02937,3.70386,0.564649,16/07/2025 9:36:44,1475,-529,-9999,-9999.0,-9999.0,-9999.0,-9999.0,-9999.0
2025-05-09 02:09:29,2117.0,-0.738997,23.2077,6.97539,93.6866,8.00548,3.34641,0.585089,16/07/2025 9:36:49,1480,-351,-9999,-9999.0,-9999.0,-9999.0,-9999.0,-9999.0
2025-05-09 02:09:34,2122.0,-0.737015,23.234,6.91557,93.7346,8.0056,4.15906,0.55623,16/07/2025 9:36:54,1485,-155,-9999,-9999.0,-9999.0,-9999.0,-9999.0,-9999.0
2025-05-09 02:09:39,2127.0,-0.737015,23.2395,6.97331,93.5359,7.98781,3.62872,0.524732,16/07/2025 9:36:59,1490,137,-9999,-9999.0,-9999.0,-9999.0,-9999.0,-9999.0
2025-05-09 02:09:45,2133.0,-0.74197,23.2699,6.94001,93.4671,7.97734,1.88453,0.585094,16/07/2025 9:37:04,1495,341,-9999,-9999.0,-9999.0,-9999.0,-9999.0,-9999.0
2025-05-09 02:09:50,2138.0,-0.743952,23.2849,6.8354,93.5424,7.98152,3.53301,0.467081,16/07/2025 9:37:09,1500,584,-9999,-9999.0,-9999.0,-9999.0,-9999.0,-9999.0
2025-05-09 02:09:55,2143.0,-0.734042,23.2898,6.79726,93.7523,7.99868,3.79515,0.613888,16/07/2025 9:37:14,1505,899,-9999,-9999.0,-9999.0,-9999.0,-9999.0,-9999.0
2025-05-09 02:10:00,2148.0,-0.738006,23.3071,7.03514,93.8283,8.00255,4.27362,0.527999,16/07/2025 9:37:19,1510,1212,-9999,-9999.0,-9999.0,-9999.0,-9999.0,-9999.0
2025-05-09 02:10:05,2153.0,-0.743952,23.3257,7.08996,93.4232,7.9652,3.8898,0.535923,16/07/2025 9:37:24,1515,1360,-9999,-9999.0,-9999.0,-9999.0,-9999.0,-9999.0
2025-05-09 02:10:11,2159.0,-0.738997,23.3595,6.6829,93.7755,7.99015,3.53893,0.557983,16/07/2025 9:37:29,1520,1656,-9999,-9999.0,-9999.0,-9999.0,-9999.0,-9999.0
2025-05-09 02:10:16,2164.0,-0.738997,23.3771,7.04227,93.6041,7.9729,3.62671,0.562561,16/07/2025 9:37:34,1525,1849,-9999,-9999.0,-9999.0,-9999.0,-9999.0,-9999.0
2025-05-09 02:10:21,2169.0,-0.735033,23.413,6.91239,93.6173,7.96862,3.7063,0.571866,16/07/2025 9:37:39,1530,2148,-9999,-9999.0,-9999.0,-9999.0,-9999.0,-9999.0
2025-05-09 02:10:26,2174.0,-0.738997,23.4502,7.22173,93.1962,7.92722,5.27248,0.485981,16/07/2025 9:37:44,1535,2304,-9999,-9999.0,-9999.0,-9999.0,-9999.0,-9999.0
2025-05-09 02:10:31,2179.0,-0.738997,23.4833,7.54546,93.68,7.9634,4.01142,0.588297,16/07/2025 9:37:49,1540,2599,-9999,-9999.0,-9999.0,-9999.0,-9999.0,-9999.0
2025-05-09 02:10:37,2185.0,-0.736024,23.4892,6.68377,93.7685,7.97005,2.80927,0.562442,16/07/2025 9:37:54,1545,2898,-9999,-9999.0,-9999.0,-9999.0,-9999.0,-9999.0
2025-05-09 02:10:42,2190.0,-0.738006,23.4895,6.93099,93.8583,0,3.71358,0.515782,16/07/2025 9:37:59,1550,3116,-9999,-9999.0,-9999.0,-9999.0,-9999.0,-9999.0
2025-05-09 02:10:47,2195.0,-0.738006,23.5067,6.66467,93.2647,7.92461,3.28357,0.560269,16/07/2025 9:38:04,1555,3332,-9999,-9999.0,-9999.0,-9999.0,-9999.0,-9999.0
2025-05-09 02:10:53,2201.0,-0.738997,23.5016,6.28039,93.3721,7.9345,3.25233,0.474109,16/07/2025 9:38:09,1560,3600,-9999,-9999.0,-9999.0,-9999.0,-9999.0,-9999.0
2025-05-09 02:10:58,2206.0,-0.738006,23.5257,7.24387,93.5292,7.94424,4.22681,0.494132,16/07/2025 9:38:14,1565,3639,-9999,-9999.0,-9999.0,-9999.0,-9999.0,-9999.0
2025-05-09 02:11:03,2211.0,-0.743952,23.5397,7.01553,93.5639,7.9451,4.61271,0.545343,16/07/2025 9:38:19,1570,3648,-9999,-9999.0,-9999.0,-9999.0,-9999.0,-9999.0
2025-05-09 02:11:08,2216.0,-0.727106,23.5714,6.93238,92.9609,7.88919,4.09659,0.550924,16/07/2025 9:38:24,1575,3537,-9999,-9999.0,-9999.0,-9999.0,-9999.0,-9999.0
2025-05-09 02:11:13,2221.0,-0.736024,23.5709,6.70087,93.9381,7.97219,3.74554,0.548203,16/07/2025 9:38:29,1580,3292,-9999,-9999.0,-9999.0,-9999.0,-9999.0,-9999.0
2025-05-09 02:11:19,2227.0,-0.735033,23.5923,6.87299,93.2368,7.90949,2.39225,0.529489,16/07/2025 9:38:34,1585,3051,-9999,-9999.0,-9999.0,-9999.0,-9999.0,-9999.0
2025-05-09 02:11:24,2232.0,-0.727106,23.5954,6.7288,93.8011,7.9569,3.1918,0.55274,16/07/2025 9:38:39,1590,2867,-9999,-9999.0,-9999.0,-9999.0,-9999.0,-9999.0
2025-05-09 02:11:29,2237.0,-0.738997,23.6295,6.85098,93.4716,7.92388,3.83985,0.598292,16/07/2025 9:38:44,1595,2575,-9999,-9999.0,-9999.0,-9999.0,-9999.0,-9999.0
2025-05-09 02:11:34,2242.0,-0.732061,23.6324,6.80322,93.0853,7.89069,3.63836,0.519683,16/07/2025 9:38:49,1600,2346,-9999,-9999.0,-9999.0,-9999.0,-9999.0,-9999.0
2025-05-09 02:11:39,2247.0,-0.724133,23.6375,7.12256,93.4125,7.91767,3.73713,0.577422,16/07/2025 9:38:54,1605,2130,-9999,-9999.0,-9999.0,-9999.0,-9999.0,-9999.0
2025-05-09 02:11:45,2253.0,-0.730079,23.6787,7.21642,93.1555,7.88979,2.40388,0.582996,16/07/2025 9:38:59,1610,1826,-9999,-9999.0,-9999.0,-9999.0,-9999.0,-9999.0
2025-05-09 02:11:50,2258.0,-0.733051,23.6833,6.84358,93.2854,7.90009,3.605,0.608827,16/07/2025 9:39:04,1615,1623,-9999,-9999.0,-9999.0,-9999.0,-9999.0,-9999.0
2025-05-09 02:11:55,2263.0,-0.727106,23.7033,6.86543,92.9998,7.87296,3.78091,0.551989,16/07/2025 9:39:09,1620,1351,-9999,-9999.0,-9999.0,-9999.0,-9999.0,-9999.0
2025-05-09 02:12:00,2268.0,-0.729088,23.7251,7.362,93.4958,7.91171,3.4596,0.554628,16/07/2025 9:39:14,1625,1025,-9999,-9999.0,-9999.0,-9999.0,-9999.0,-9999.0
2025-05-09 02:12:05,2273.0,-0.73107,23.7482,6.84284,92.9392,7.8612,3.6087,0.530208,16/07/2025 9:39:19,1630,864,-9999,-9999.0,-9999.0,-9999.0,-9999.0,-9999.0
2025-05-09 02:12:11,2279.0,-0.727106,23.7637,6.99553,93.081,7.87091,5.5724,0.576824,16/07/2025 9:39:24,1635,542,-9999,-9999.0,-9999.0,-9999.0,-9999.0,-9999.0
2025-05-09 02:12:16,2284.0,-0.727106,23.7883,7.24473,93.3602,7.89088,4.57114,0.570403,16/07/2025 9:39:29,1640,286,-9999,-9999.0,-9999.0,-9999.0,-9999.0,-9999.0
2025-05-09 02:12:21,2289.0,-0.73107,23.7896,6.92141,93.1569,7.87351,4.98629,0.54542,16/07/2025 9:39:34,1645,78,-9999,-9999.0,-9999.0,-9999.0,-9999.0,-9999.0
2025-05-09 02:12:27,2295.0,-0.727106,23.8211,7.4089,93.5516,7.90219,4.95429,0,16/07/2025 9:39:39,1650,-229,-9999,-9999.0,-9999.0,-9999.0,-9999.0,-9999.0
2025-05-09 02:12:32,2300.0,0,23.8329,6.85335,93.0934,7.86176,3.79931,0.543401,16/07/2025 9:39:44,1655,-436,-9999,-9999.0,-9999.0,-9999.0,-9999.0,-9999.0
2025-05-09 02:12:38,2306.0,-0.729088,23.8481,6.72555,93.4711,7.89141,4.47276,0.529534,16/07/2025 9:39:49,1660,-526,-9999,-9999.0,-9999.0,-9999.0,-9999.0,-9999.0
2025-05-09 02:12:43,2311.0,-0.733051,23.8795,0,92.8839,7.83722,5.20696,0.608954,16/07/2025 9:39:54,1665,-523,-9999,-9999.0,-9999.0,-9999.0,-9999.0,-9999.0
2025-05-09 02:12:48,2316.0,-0.728097,23.8988,7.55255,93.7315,7.90588,4.28239,0.562603,16/07/2025 9:39:59,1670,-530,-9999,-9999.0,-9999.0,-9999.0,-9999.0,-9999.0
2025-05-09 02:12:54,2322.0,-0.729088,23.9044,6.87767,93.4938,7.885,3.63908,0.524276,16/07/2025 9:40:04,1675,-528,-9999,-9999.0,-9999.0,-9999.0,-9999.0,-9999.0
2025-05-09 02:12:59,2327.0,-0.730079,23.9019,6.91379,93.9376,7.9228,4.57625,0.5126,16/07/2025 9:40:09,1680,-529,-9999,-9999.0,-9999.0,-9999.0,-9999.0,-9999.0
2025-05-09 02:13:04,2332.0,-0.726115,23.91,6.91135,93.2717,7.86545,4.28654,0.523353,16/07/2025 9:40:14,1685,-529,-9999,-9999.0,-9999.0,-9999.0,-9999.0,-9999.0
2025-05-09 02:13:09,2337.0,-0.723142,23.925,7.02612,93.7653,7.90486,4.27557,0.599979,16/07/2025 9:40:19,1690,-528,-9999,-9999.0,-9999.0,-9999.0,-9999.0,-9999.0
2025-05-09 02:13:14,2342.0,-0.722151,23.9447,6.97667,93.19,7.85347,3.41425,0.499673,16/07/2025 9:40:24,1695,-529,-9999,-9999.0,-9999.0,-9999.0,-9999.0,-9999.0
2025-05-09 02:13:20,2348.0,-0.723142,23.9586,6.88074,93.3008,7.86076,4.60529,0.572105,16/07/2025 9:40:29,1700,-537,-9999,-9999.0,-9999.0,-9999.0,-9999.0,-9999.0
2025-05-09 02:13:25,2353.0,-0.727106,23.9874,6.36608,93.6895,7.88925,4.40378,0.521633,16/07/2025 9:40:34,1705,-534,-9999,-9999.0,-9999.0,-9999.0,-9999.0,-9999.0
2025-05-09 02:13:30,2358.0,-0.724133,24.0088,7.7671,93.5397,7.87349,2.93462,0.596532,16/07/2025 9:40:39,1710,-527,-9999,-9999.0,-9999.0,-9999.0,-9999.0,-9999.0
2025-05-09 02:13:35,2363.0,-0.72116,24.0358,6.70998,93.7625,7.88826,4.10358,0.546995,16/07/2025 9:40:44,1715,-532,-9999,-9999.0,-9999.0,-9999.0,-9999.0,-9999.0
2025-05-09 02:13:40,2368.0,-0.720169,24.0603,6.98971,93.5244,7.86463,4.37082,0.517015,16/07/2025 9:40:49,1720,-530,-9999,-9999.0,-9999.0,-9999.0,-9999.0,-9999.0
2025-05-09 02:13:46,2374.0,-0.718187,24.0871,7.05573,93.2477,7.83744,3.72746,0.564185,16/07/2025 9:40:54,1725,-528,-9999,-9999.0,-9999.0,-9999.0,-9999.0,-9999.0
2025-05-09 02:13:51,2379.0,-0.720169,24.1009,7.08864,93.61,7.86587,4.78358,0.515118,16/07/2025 9:40:59,1730,-526,-9999,-9999.0,-9999.0,-9999.0,-9999.0,-9999.0
2025-05-09 02:13:56,2384.0,-0.715214,24.1255,5.92132,93.6645,7.86684,2.87523,0.512288,16/07/2025 9:41:04,1735,-536,-9999,-9999.0,-9999.0,-9999.0,-9999.0,-9999.0
2025-05-09 02:14:01,2389.0,-0.719178,24.1493,7.05399,93.5508,7.85379,4.69467,0.558607,16/07/2025 9:41:09,1740,-534,-9999,-9999.0,-9999.0,-9999.0,-9999.0,-9999.0
2025-05-09 02:14:06,2394.0,-0.717196,24.1595,7.08866,94.1096,7.8992,4.03644,0.550875,16/07/2025 9:41:14,1745,-528,-9999,-9999.0,-9999.0,-9999.0,-9999.0,-9999.0
2025-05-09 02:14:12,2400.0,-0.719178,24.1902,7.48443,94.0338,7.88833,3.62518,0.526999,16/07/2025 9:41:19,1750,-527,-9999,-9999.0,-9999.0,-9999.0,-9999.0,-9999.0
2025-05-09 02:14:17,2405.0,-0.729088,24.2082,7.50671,93.213,7.81686,2.84942,0.518999,16/07/2025 9:41:24,1755,-532,-9999,-9999.0,-9999.0,-9999.0,-9999.0,-9999.0
2025-05-09 02:14:22,2410.0,-0.718187,24.2301,9.54909,93.5544,7.84334,5.65101,0.495435,16/07/2025 9:41:29,1760,-528,-9999,-9999.0,-9999.0,-9999.0,-9999.0,-9999.0
2025-05-09 02:14:27,2415.0,-0.716205,24.2515,8.31684,93.821,7.86463,2.86986,0.526678,16/07/2025 9:41:34,1765,-533,-9999,-9999.0,-9999.0,-9999.0,-9999.0,-9999.0
2025-05-09 02:14:33,2421.0,-0.713232,0,5.70541,93.5535,7.83556,2.96995,0.526613,16/07/2025 9:41:39,1770,-524,-9999,-9999.0,-9999.0,-9999.0,-9999.0,-9999.0
2025-05-09 02:14:38,2426.0,-0.714223,24.2805,10.7464,93.523,7.83231,3.33224,0.443112,16/07/2025 9:41:44,1775,-528,-9999,-9999.0,-9999.0,-9999.0,-9999.0,-9999.0
2025-05-09 02:14:43,2431.0,-0.715214,24.2589,6.35782,92.8835,7.78187,2.97332,0.581098,16/07/2025 9:41:49,1780,-530,-9999,-9999.0,-9999.0,-9999.0,-9999.0,-9999.0
2025-05-09 02:14:48,2436.0,-0.718187,24.2709,6.57452,93.6605,7.84522,3.81458,0.502477,16/07/2025 9:41:54,1785,-530,-9999,-9999.0,-9999.0,-9999.0,-9999.0,-9999.0
2025-05-09 02:14:54,2442.0,-0.718187,24.2775,7.60302,93.9243,7.86634,4.42504,0.544091,16/07/2025 9:41:59,1790,-531,-9999,-9999.0,-9999.0,-9999.0,-9999.0,-9999.0
2025-05-09 02:14:59,2447.0,-0.713232,24.2772,6.72021,93.4857,7.82966,4.77675,0.539253,16/07/2025 9:42:04,1795,-527,-9999,-9999.0,-9999.0,-9999.0,-9999.0,-9999.0
2025-05-09 02:15:04,2452.0,-0.713232,24.3246,6.24931,93.8938,7.8569,3.13533,0.620253,16/07/2025 9:42:09,1800,-526,-9999,-9999.0,-9999.0,-9999.0,-9999.0,-9999.0
2025-05-09 02:15:09,2457.0,-0.710259,24.2738,7.42667,93.9513,7.86915,5.20439,0.557018,16/07/2025 9:42:14,1805,-528,-9999,-9999.0,-9999.0,-9999.0,-9999.0,-9999.0
2025-05-09 02:15:14,2462.0,-0.709268,24.3574,0.00439086,93.6218,7.82937,2.72478,0.573491,16/07/2025 9:42:19,1810,-529,-9999,-9999.0,-9999.0,-9999.0,-9999.0,-9999.0
2025-05-09 02:15:20,2468.0,-0.708277,24.3199,6.54819,93.8076,7.85038,3.00985,0.595143,16/07/2025 9:42:24,1815,-523,-9999,-9999.0,-9999.0,-9999.0,-9999.0,-9999.0
2025-05-09 02:15:25,2473.0,-0.716205,24.4647,7.35702,93.5848,7.8107,4.85886,0.581916,16/07/2025 9:42:29,1820,-530,-9999,-9999.0,-9999.0,-9999.0,-9999.0,-9999.0
2025-05-09 02:15:30,2478.0,-0.713232,24.4215,5.48958,93.9014,7.84341,3.90723,0.498538,16/07/2025 9:42:34,1825,-525,-9999,-9999.0,-9999.0,-9999.0,-9999.0,-9999.0
2025-05-09 02:15:35,2483.0,-0.714223,24.3254,5.37731,93.483,7.82242,4.77962,0.586292,16/07/2025 9:42:39,1830,-529,-9999,-9999.0,-9999.0,-9999.0,-9999.0,-9999.0
2025-05-09 02:15:40,2488.0,-0.713232,24.319,7.50806,93.7475,7.84548,4.30181,0.534917,16/07/2025 9:42:44,1835,-525,-9999,-9999.0,-9999.0,-9999.0,-9999.0,-9999.0
2025-05-09 02:15:46,2494.0,-0.709268,24.3091,4.72379,93.4971,7.82597,3.79818,0.471878,16/07/2025 9:42:49,1840,-528,-9999,-9999.0,-9999.0,-9999.0,-9999.0,-9999.0
2025-05-09 02:15:51,2499.0,-0.707286,24.3446,7.85441,93.587,7.82833,3.82899,0.605069,16/07/2025 9:42:54,1845,-531,-9999,-9999.0,-9999.0,-9999.0,-9999.0,-9999.0
2025-05-09 02:15:56,2504.0,-0.71125,24.2939,8.30968,93.349,7.81578,3.73863,0.663436,16/07/2025 9:42:59,1850,-529,-9999,-9999.0,-9999.0,-9999.0,-9999.0,-9999.0
2025-05-09 02:16:02,2510.0,-0.71125,24.2846,7.11106,93.2683,7.81038,5.23076,0,16/07/2025 9:43:04,1855,-527,-9999,-9999.0,-9999.0,-9999.0,-9999.0,-9999.0
2025-05-09 02:16:07,2515.0,-0.713232,24.3639,6.55437,93.5253,7.82036,3.56477,0.573694,16/07/2025 9:43:09,1860,-524,-9999,-9999.0,-9999.0,-9999.0,-9999.0,-9999.0
2025-05-09 02:16:12,2520.0,-0.709268,24.3057,7.32708,93.2058,7.80264,4.87024,0.514358,16/07/2025 9:43:14,1865,-528,-9999,-9999.0,-9999.0,-9999.0,-9999.0,-9999.0
2025-05-09 02:16:17,2525.0,-0.704313,24.3712,9.19849,93.3238,7.81196,3.75611,0.567378,16/07/2025 9:43:19,1870,-530,-9999,-9999.0,-9999.0,-9999.0,-9999.0,-9999.0
2025-05-09 02:16:23,2531.0,0,24.3177,6.90515,93.2666,7.80542,4.1511,0.505183,16/07/2025 9:43:24,1875,-377,-9999,-9999.0,-9999.0,-9999.0,-9999.0,-9999.0
2025-05-09 02:16:28,2536.0,-0.70134,24.3404,8.06184,94.0021,7.86366,4.79223,0.559779,16/07/2025 9:43:29,1880,-310,-9999,-9999.0,-9999.0,-9999.0,-9999.0,-9999.0
2025-05-09 02:16:33,2541.0,-0.712241,24.3043,7.41087,93.0888,7.79249,2.68196,0.498474,16/07/2025 9:43:34,1885,-22,-9999,-9999.0,-9999.0,-9999.0,-9999.0,-9999.0
2025-05-09 02:16:38,2546.0,-0.708277,24.3141,8.65267,93.0887,7.79106,3.31624,0.556578,16/07/2025 9:43:39,1890,295,-9999,-9999.0,-9999.0,-9999.0,-9999.0,-9999.0
2025-05-09 02:16:44,2552.0,-0.708277,24.306,7.88871,93.3955,7.81791,4.2932,0.597308,16/07/2025 9:43:44,1895,607,-9999,-9999.0,-9999.0,-9999.0,-9999.0,-9999.0
2025-05-09 02:16:49,2557.0,-0.702331,24.3093,6.31002,93.4612,7.82294,4.53649,0.63397,16/07/2025 9:43:49,1900,826,-9999,-9999.0,-9999.0,-9999.0,-9999.0,-9999.0
2025-05-09 02:16:54,2562.0,-0.708277,24.3249,6.83468,93.3904,7.81474,6.88351,0.630059,16/07/2025 9:43:54,1905,1093,-9999,-9999.0,-9999.0,-9999.0,-9999.0,-9999.0
2025-05-09 02:16:59,2567.0,-0.708277,24.3063,6.90452,93.8219,7.85356,4.14652,0.536807,16/07/2025 9:43:59,1910,1404,-9999,-9999.0,-9999.0,-9999.0,-9999.0,-9999.0
2025-05-09 02:17:04,2572.0,-0.702331,24.3219,6.59203,93.3551,7.81222,4.50416,0.596882,16/07/2025 9:44:04,1915,1706,-9999,-9999.0,-9999.0,-9999.0,-9999.0,-9999.0
2025-05-09 02:17:10,2578.0,-0.712241,24.3329,8.10687,93.1863,7.79649,4.99025,0.496447,16/07/2025 9:44:09,1920,1969,-9999,-9999.0,-9999.0,-9999.0,-9999.0,-9999.0
2025-05-09 02:17:15,2583.0,-0.707286,24.3439,9.83787,93.9142,7.85579,4.71772,0.588637,16/07/2025 9:44:14,1925,2155,-9999,-9999.0,-9999.0,-9999.0,-9999.0,-9999.0
2025-05-09 02:17:20,2588.0,-0.706295,24.3264,5.79636,93.797,7.84854,3.88578,0.558371,16/07/2025 9:44:19,1930,2463,-9999,-9999.0,-9999.0,-9999.0,-9999.0,-9999.0
2025-05-09 02:17:25,2593.0,-0.706295,24.3487,7.1868,93.5097,7.82126,3.87528,0.436992,16/07/2025 9:44:24,1935,2773,-9999,-9999.0,-9999.0,-9999.0,-9999.0,-9999.0
2025-05-09 02:17:30,2598.0,-0.702331,24.359,7.33601,93.3957,7.81023,3.45087,0.529367,16/07/2025 9:44:29,1940,3051,-9999,-9999.0,-9999.0,-9999.0,-9999.0,-9999.0
2025-05-09 02:17:36,2604.0,-0.70134,24.3701,6.88819,93.5907,7.82492,4.86872,0.563609,16/07/2025 9:44:34,1945,3236,-9999,-9999.0,-9999.0,-9999.0,-9999.0,-9999.0
2025-05-09 02:17:41,2609.0,-0.704313,24.376,6.49547,94.1611,7.87175,4.09286,0.519685,16/07/2025 9:44:39,1950,3496,-9999,-9999.0,-9999.0,-9999.0,-9999.0,-9999.0
2025-05-09 02:17:46,2614.0,-0.704313,24.4,6.96522,93.2969,7.79603,4.39619,0.545225,16/07/2025 9:44:44,1955,3641,-9999,-9999.0,-9999.0,-9999.0,-9999.0,-9999.0
2025-05-09 02:17:51,2619.0,-0.707286,24.413,6.72372,93.8719,7.84218,3.04252,0.504088,16/07/2025 9:44:49,1960,3649,-9999,-9999.0,-9999.0,-9999.0,-9999.0,-9999.0
2025-05-09 02:17:56,2624.0,-0.705304,24.4237,6.87826,94.073,7.85742,3.30227,0.594276,16/07/2025 9:44:54,1965,3639,-9999,-9999.0,-9999.0,-9999.0,-9999.0,-9999.0
2025-05-09 02:18:02,2630.0,-0.704313,24.4379,7.58443,93.7713,7.83016,3.77466,0.537238,16/07/2025 9:44:59,1970,3648,-9999,-9999.0,-9999.0,-9999.0,-9999.0,-9999.0
2025-05-09 02:18:07,2635.0,-0.694403,24.4649,7.39325,93.747,7.82421,4.26911,0.647118,16/07/2025 9:45:04,1975,3443,-9999,-9999.0,-9999.0,-9999.0,-9999.0,-9999.0
2025-05-09 02:18:12,2640.0,-0.698367,24.5008,7.04631,93.5965,7.80577,3.27511,0.560635,16/07/2025 9:45:09,1980,3222,-9999,-9999.0,-9999.0,-9999.0,-9999.0,-9999.0
2025-05-09 02:18:17,2645.0,-0.704313,24.5008,7.04631,93.8661,7.82893,4.16177,0.547656,16/07/2025 9:45:14,1985,3026,-9999,-9999.0,-9999.0,-9999.0,-9999.0,-9999.0
2025-05-09 02:18:22,2650.0,-0.705304,24.5184,6.95111,94.1912,7.85348,4.23419,0.500214,16/07/2025 9:45:19,1990,2733,-9999,-9999.0,-9999.0,-9999.0,-9999.0,-9999.0
2025-05-09 02:18:28,2656.0,-0.70134,24.5313,6.80561,0,7.82097,3.26301,0.497393,16/07/2025 9:45:24,1995,2532,-9999,-9999.0,-9999.0,-9999.0,-9999.0,-9999.0
2025-05-09 02:18:33,2661.0,-0.703322,24.5285,7.26783,93.4944,7.79392,2.73796,0.584888,16/07/2025 9:45:29,2000,2297,-9999,-9999.0,-9999.0,-9999.0,-9999.0,-9999.0
2025-05-09 02:18:39,2667.0,-0.70134,24.5481,6.86911,93.5121,7.79256,3.37626,0.540627,16/07/2025 9:45:34,2005,1993,-9999,-9999.0,-9999.0,-9999.0,-9999.0,-9999.0
2025-05-09 02:18:44,2672.0,-0.695394,24.5686,7.23955,93.6333,7.7997,3.48932,0.59268,16/07/2025 9:45:39,2010,1805,-9999,-9999.0,-9999.0,-9999.0,-9999.0,-9999.0
2025-05-09 02:18:49,2677.0,-0.70134,24.5658,6.71225,93.4988,7.7889,4.3634,0.627,16/07/2025 9:45:44,2015,1524,-9999,-9999.0,-9999.0,-9999.0,-9999.0,-9999.0
2025-05-09 02:18:54,2682.0,-0.695394,24.5766,7.08403,93.2654,7.7679,4.36738,0.572247,16/07/2025 9:45:49,2020,1214,-9999,-9999.0,-9999.0,-9999.0,-9999.0,-9999.0
2025-05-09 02:18:59,2687.0,-0.696385,24.5712,6.55915,93.5087,7.78894,4.03311,0.585752,16/07/2025 9:45:54,2025,1064,-9999,-9999.0,-9999.0,-9999.0,-9999.0,-9999.0
2025-05-09 02:19:05,2693.0,-0.706295,24.5906,7.19394,93.9396,7.82203,3.48567,0.504066,16/07/2025 9:45:59,2030,748,-9999,-9999.0,-9999.0,-9999.0,-9999.0,-9999.0
2025-05-09 02:19:10,2698.0,-0.702331,24.5986,8.05749,93.559,7.78918,3.95326,0.639449,16/07/2025 9:46:04,2035,482,-9999,-9999.0,-9999.0,-9999.0,-9999.0,-9999.0
2025-05-09 02:19:15,2703.0,-0.697376,24.5837,6.65956,93.6596,7.7997,5.45041,0.559732,16/07/2025 9:46:09,2040,278,-9999,-9999.0,-9999.0,-9999.0,-9999.0,-9999.0
2025-05-09 02:19:20,2708.0,-0.695394,24.5864,12.4269,93.5482,7.79004,3.02185,0.544075,16/07/2025 9:46:14,2045,-15,-9999,-9999.0,-9999.0,-9999.0,-9999.0,-9999.0
2025-05-09 02:19:25,2713.0,-0.698367,24.5745,6.16073,94.1382,7.84091,4.20096,0.186212,16/07/2025 9:46:19,2050,-231,-9999,-9999.0,-9999.0,-9999.0,-9999.0,-9999.0
2025-05-09 02:19:31,2719.0,-0.702331,24.592,5.80569,93.7797,7.80852,3.68651,0.174438,16/07/2025 9:46:24,2055,-475,-9999,-9999.0,-9999.0,-9999.0,-9999.0,-9999.0
2025-05-09 02:19:36,2724.0,-0.70134,24.594,9.48713,93.4081,7.77728,3.30827,0.229675,16/07/2025 9:46:29,2060,-519,-9999,-9999.0,-9999.0,-9999.0,-9999.0,-9999.0
2025-05-09 02:19:41,2729.0,-0.69143,24.6305,3.52399,93.8363,7.80765,3.94292,0.0640206,16/07/2025 9:46:34,2065,-515,-9999,-9999.0,-9999.0,-9999.0,-9999.0,-9999.0
2025-05-09 02:19:46,2734.0,-0.630981,24.6794,6.66102,99.5811,8.27815,1.59213,0,16/07/2025 9:46:39,2070,-523,-9999,-9999.0,-9999.0,-9999.0,-9999.0,-9999.0
2025-05-09 02:19:51,2739.0,-0.656746,25.1253,6.94346,103.387,8.52414,0.00310866,0,16/07/2025 9:46:44,2075,-516,-9999,-9999.0,-9999.0,-9999.0,-9999.0,-9999.0
2025-05-09 02:19:57,2745.0,-0.653773,25.3551,6.98701,106.889,8.77576,0,0,16/07/2025 9:46:49,2080,-526,-9999,-9999.0,-9999.0,-9999.0,-9999.0,-9999.0
2025-05-09 02:20:02,2750.0,-0.651791,25.5829,7.13952,110.795,9.05862,1.02979,0,16/07/2025 9:46:54,2085,-520,-9999,-9999.0,-9999.0,-9999.0,-9999.0,-9999.0
2025-05-09 02:20:07,2755.0,-0.635936,25.8217,7.13298,113.057,9.22334,0,0,16/07/2025 9:46:59,2090,-398,-9999,-9999.0,-9999.0,-9999.0,-9999.0,-9999.0
2025-05-09 02:20:12,2760.0,-0.310895,25.8715,7.13878,114.995,9.36118,0,0,16/07/2025 9:47:04,2095,-200,-9999,-9999.0,-9999.0,-9999.0,-9999.0,-9999.0
2025-05-09 02:20:18,2766.0,0.548283,0,7.31431,115.63,9.39088,0.493676,0,16/07/2025 9:47:09,2100,22,-9999,-9999.0,-9999.0,-9999.0,-9999.0,-9999.0
2025-05-09 02:20:23,2771.0,1.3807,25.9913,7.4086,118.094,9.58387,0.201105,0,16/07/2025 9:47:14,2105,325,-9999,-9999.0,-9999.0,-9999.0,-9999.0,-9999.0
2025-05-09 02:20:28,2776.0,2.1943,26.04,7.3311,118.74,9.62779,0,0,16/07/2025 9:47:19,2110,639,-9999,-9999.0,-9999.0,-9999.0,-9999.0,-9999.0
2025-05-09 02:20:33,2781.0,2.99699,26.0706,7.28205,121.175,9.81977,1.18547,0,16/07/2025 9:47:24,2115,900,-9999,-9999.0,-9999.0,-9999.0,-9999.0,-9999.0
2025-05-09 02:20:39,2787.0,3.25167,26.1019,7.18664,121.209,9.81695,1.20955,0.702839,16/07/2025 9:47:29,2120,1108,-9999,-9999.0,-9999.0,-9999.0,-9999.0,-9999.0
2025-05-09 02:20:44,2792.0,3.25663,26.1164,7.12874,121.757,9.85869,0,0.801763,16/07/2025 9:47:34,2125,1427,-9999,-9999.0,-9999.0,-9999.0,-9999.0,-9999.0
2025-05-09 02:20:49,2797.0,3.26753,26.1194,7.09585,120.565,9.76168,0.392906,0.892545,16/07/2025 9:47:39,2130,1729,-9999,-9999.0,-9999.0,-9999.0,-9999.0,-9999.0
2025-05-09 02:20:54,2802.0,3.25762,26.127,7.09227,121.126,9.80579,0,0.674757,16/07/2025 9:47:44,2135,2022,-9999,-9999.0,-9999.0,-9999.0,-9999.0,-9999.0
2025-05-09 02:20:59,2807.0,3.26554,26.1592,7.08028,121.31,9.81488,0,0.447901,16/07/2025 9:47:49,2140,2203,-9999,-9999.0,-9999.0,-9999.0,-9999.0,-9999.0
2025-05-09 02:21:05,2813.0,3.26951,26.1771,7.05868,121.054,9.79101,0.763989,0.664971,16/07/2025 9:47:54,2145,2488,-9999,-9999.0,-9999.0,-9999.0,-9999.0,-9999.0
2025-05-09 02:21:10,2818.0,3.33888,26.1777,7.04534,121.745,9.8468,1.3045,0.196782,16/07/2025 9:47:59,2150,2781,-9999,-9999.0,-9999.0,-9999.0,-9999.0,-9999.0
2025-05-09 02:21:15,2823.0,3.58365,26.1825,7.18825,121.028,9.78795,27.1683,21.2358,16/07/2025 9:48:04,2155,3075,-9999,-9999.0,-9999.0,-9999.0,-9999.0,-9999.0
2025-05-09 02:21:20,2828.0,3.58761,26.1787,7.1297,120.238,9.72478,35.916,29.3119,16/07/2025 9:48:09,2160,3266,-9999,-9999.0,-9999.0,-9999.0,-9999.0,-9999.0
2025-05-09 02:21:25,2833.0,3.59653,26.1839,7.09891,120.187,9.71968,36.4873,29.7234,16/07/2025 9:48:14,2165,3504,-9999,-9999.0,-9999.0,-9999.0,-9999.0,-9999.0
2025-05-09 02:21:31,2839.0,3.59455,26.2076,7.09235,120.511,9.74169,37.2485,29.7138,16/07/2025 9:48:19,2170,3707,-9999,-9999.0,-9999.0,-9999.0,-9999.0,-9999.0
2025-05-09 02:21:36,2844.0,3.59554,26.2107,7.08343,120.594,9.74789,38.4347,29.7415,16/07/2025 9:48:24,2175,3709,-9999,-9999.0,-9999.0,-9999.0,-9999.0,-9999.0
2025-05-09 02:21:41,2849.0,3.51428,26.2245,7.08217,121.46,9.81542,20.3244,5.88608,16/07/2025 9:48:29,2180,3711,-9999,-9999.0,-9999.0,-9999.0,-9999.0,-9999.0
2025-05-09 02:21:46,2854.0,2.94249,26.2251,7.05929,120.022,9.69913,0,0.675003,16/07/2025 9:48:34,2185,3710,-9999,-9999.0,-9999.0,-9999.0,-9999.0,-9999.0
2025-05-09 02:21:51,2859.0,2.25673,26.2499,7.07565,120.198,9.70902,0.898027,0,16/07/2025 9:48:39,2190,3714,-9999,-9999.0,-9999.0,-9999.0,-9999.0,-9999.0
2025-05-09 02:21:57,2865.0,1.5462,26.2579,7.11631,119.522,9.65297,0.852799,0,16/07/2025 9:48:44,2195,3710,-9999,-9999.0,-9999.0,-9999.0,-9999.0,-9999.0
2025-05-09 02:22:02,2870.0,0.81882,26.2812,7.13592,118.967,9.60408,0.93116,0,16/07/2025 9:48:49,2200,3710,-9999,-9999.0,-9999.0,-9999.0,-9999.0,-9999.0
2025-05-09 02:22:07,2875.0,-0.60026,26.2898,7.21784,118.278,9.54771,0,0,16/07/2025 9:48:54,2205,3711,-9999,-9999.0,-9999.0,-9999.0,-9999.0,-9999.0
2025-05-09 02:22:12,2880.0,-0.583414,26.2898,7.21784,120.129,9.69643,0,0,16/07/2025 9:48:59,2210,3676,-9999,-9999.0,-9999.0,-9999.0,-9999.0,-9999.0
2025-05-09 02:22:17,2885.0,-0.586387,26.3103,7.17351,119.054,9.60612,0.728697,0,16/07/2025 9:49:04,2215,3499,-9999,-9999.0,-9999.0,-9999.0,-9999.0,-9999.0
2025-05-09 02:22:22,2890.0,-0.580441,26.3103,7.17351,119.054,9.60612,0.728697,0,16/07/2025 9:49:09,2220,3226,-9999,-9999.0,-9999.0,-9999.0,-9999.0,-9999.0
2025-05-09 02:22:28,2896.0,-0.582423,26.3264,7.14696,118.936,9.59381,0,0,16/07/2025 9:49:14,2225,2988,-9999,-9999.0,-9999.0,-9999.0,-9999.0,-9999.0
2025-05-09 02:22:33,2901.0,-0.577468,26.3344,7.15136,119.594,9.64543,0,0,16/07/2025 9:49:19,2230,2780,-9999,-9999.0,-9999.0,-9999.0,-9999.0,-9999.0
2025-05-09 02:22:38,2906.0,-0.58936,26.3338,7.15921,118.973,9.59548,0.616075,0,16/07/2025 9:49:24,2235,2486,-9999,-9999.0,-9999.0,-9999.0,-9999.0,-9999.0
2025-05-09 02:22:43,2911.0,-0.582423,26.337,7.16222,118.802,9.58108,2.54325,0,16/07/2025 9:49:29,2240,2268,-9999,-9999.0,-9999.0,-9999.0,-9999.0,-9999.0
2025-05-09 02:22:48,2916.0,-0.584405,26.3449,7.16368,118.997,9.59546,0,0,16/07/2025 9:49:34,2245,2017,-9999,-9999.0,-9999.0,-9999.0,-9999.0,-9999.0
2025-05-09 02:22:54,2922.0,-0.0264843,26.3635,7.17303,116.79,9.41435,1.205,0,16/07/2025 9:49:39,2250,1708,-9999,-9999.0,-9999.0,-9999.0,-9999.0,-9999.0
2025-05-09 02:22:59,2927.0,0.833685,26.3476,7.18545,116.762,9.41482,0.672924,0,16/07/2025 9:49:44,2255,1533,-9999,-9999.0,-9999.0,-9999.0,-9999.0,-9999.0
2025-05-09 02:23:04,2932.0,1.71268,26.3591,7.2021,117.784,9.49521,0,0,16/07/2025 9:49:49,2260,1251,-9999,-9999.0,-9999.0,-9999.0,-9999.0,-9999.0
2025-05-09 02:23:09,2937.0,2.5233,26.3508,7.21504,118.784,9.57727,0,0,16/07/2025 9:49:54,2265,940,-9999,-9999.0,-9999.0,-9999.0,-9999.0,-9999.0
2025-05-09 02:23:14,2942.0,3.32897,26.3645,7.22979,118.251,9.53195,0.153545,0.517075,16/07/2025 9:49:59,2270,763,-9999,-9999.0,-9999.0,-9999.0,-9999.0,-9999.0
2025-05-09 02:23:20,2948.0,3.42113,26.3641,7.21969,119.654,9.64511,0.890601,5.9667,16/07/2025 9:50:04,2275,446,-9999,-9999.0,-9999.0,-9999.0,-9999.0,-9999.0
2025-05-09 02:23:25,2953.0,3.42608,26.3632,7.21726,0,9.64119,5.65048,7.89792,16/07/2025 9:50:09,2280,189,-9999,-9999.0,-9999.0,-9999.0,-9999.0,-9999.0
2025-05-09 02:23:31,2959.0,3.42509,26.3736,7.21821,119.818,9.65665,3.35298,1.25259,16/07/2025 9:50:14,2285,-57,-9999,-9999.0,-9999.0,-9999.0,-9999.0,-9999.0
2025-05-09 02:23:36,2964.0,3.42608,26.3693,7.21301,119.09,9.59878,3.0077,2.88587,16/07/2025 9:50:19,2290,-376,-9999,-9999.0,-9999.0,-9999.0,-9999.0,-9999.0
2025-05-09 02:23:41,2969.0,3.41815,26.3784,7.21216,119.526,9.63231,10.5669,15.4426,16/07/2025 9:50:24,2295,-523,-9999,-9999.0,-9999.0,-9999.0,-9999.0,-9999.0
2025-05-09 02:23:47,2975.0,0,26.3844,7.21143,119.31,9.61389,2.88486,7.08128,16/07/2025 9:50:29,2300,-513,-9999,-9999.0,-9999.0,-9999.0,-9999.0,-9999.0
2025-05-09 02:23:52,2980.0,3.43203,26.3824,7.21006,119.59,9.63678,13.7654,18.0808,16/07/2025 9:50:34,2305,-521,-9999,-9999.0,-9999.0,-9999.0,-9999.0,-9999.0
2025-05-09 02:23:57,2985.0,3.42906,26.3894,7.20392,119.682,9.64424,1.95166,7.57951,16/07/2025 9:50:39,2310,-524,-9999,-9999.0,-9999.0,-9999.0,-9999.0,-9999.0
2025-05-09 02:24:02,2990.0,3.43302,26.3894,7.20392,119.351,9.61629,10.3702,11.6169,16/07/2025 9:50:44,2315,-519,-9999,-9999.0,-9999.0,-9999.0,-9999.0,-9999.0
2025-05-09 02:24:08,2996.0,3.23681,0,7.20792,119.739,9.64852,2.71226,4.08094,16/07/2025 9:50:49,2320,-525,-9999,-9999.0,-9999.0,-9999.0,-9999.0,-9999.0
2025-05-09 02:24:13,3001.0,2.57979,26.3883,7.21006,118.948,9.58397,0.917896,0,16/07/2025 9:50:54,2325,-521,-9999,-9999.0,-9999.0,-9999.0,-9999.0,-9999.0
2025-05-09 02:24:18,3006.0,1.86331,26.3826,7.21822,121.076,9.75648,0.309036,0,16/07/2025 9:50:59,2330,-519,-9999,-9999.0,-9999.0,-9999.0,-9999.0,-9999.0
2025-05-09 02:24:23,3011.0,1.13395,26.4066,7.2381,117.957,9.50106,1.07451,0,16/07/2025 9:51:04,2335,-322,-9999,-9999.0,-9999.0,-9999.0,-9999.0,-9999.0
2025-05-09 02:24:29,3017.0,0.37288,26.3962,7.22749,118.25,9.52644,0,0,16/07/2025 9:51:09,2340,5,-9999,-9999.0,-9999.0,-9999.0,-9999.0,-9999.0
2025-05-09 02:24:34,3022.0,-0.374318,26.3936,7.17124,118.502,9.54715,0.0531886,0,16/07/2025 9:51:14,2345,329,-9999,-9999.0,-9999.0,-9999.0,-9999.0,-9999.0
2025-05-09 02:24:39,3027.0,-0.550712,26.3974,7.15152,118.143,9.51757,0,0,16/07/2025 9:51:19,2350,560,-9999,-9999.0,-9999.0,-9999.0,-9999.0,-9999.0
2025-05-09 02:24:44,3032.0,-0.553685,26.3984,7.1265,117.98,9.5043,0,0,16/07/2025 9:51:24,2355,817,-9999,-9999.0,-9999.0,-9999.0,-9999.0,-9999.0
2025-05-09 02:24:49,3037.0,-0.546748,26.3993,7.11468,118.322,9.53169,0,0,16/07/2025 9:51:29,2360,1136,-9999,-9999.0,-9999.0,-9999.0,-9999.0,-9999.0
2025-05-09 02:24:55,3043.0,-0.554676,26.4015,7.10375,118.82,9.5714,1.1466,0,16/07/2025 9:51:34,2365,1449,-9999,-9999.0,-9999.0,-9999.0,-9999.0,-9999.0
2025-05-09 02:25:00,3048.0,-0.544766,26.399,7.09803,118.231,9.5244,0,0,16/07/2025 9:51:39,2370,1721,-9999,-9999.0,-9999.0,-9999.0,-9999.0,-9999.0
2025-05-09 02:25:05,3053.0,-0.545757,26.4044,7.0875,118.321,9.53071,0,0,16/07/2025 9:51:44,2375,1903,-9999,-9999.0,-9999.0,-9999.0,-9999.0,-9999.0
2025-05-09 02:25:10,3058.0,-0.541793,26.4279,7.09219,116.611,9.38899,0.529922,0,16/07/2025 9:51:49,2380,2207,-9999,-9999.0,-9999.0,-9999.0,-9999.0,-9999.0
2025-05-09 02:25:15,3063.0,-0.542784,26.4013,7.09595,117.598,9.47303,0,0,16/07/2025 9:51:54,2385,2519,-9999,-9999.0,-9999.0,-9999.0,-9999.0,-9999.0
2025-05-09 02:25:21,3069.0,-0.540802,26.4019,7.10055,117.397,9.45671,0.0196862,0,16/07/2025 9:51:59,2390,2816,-9999,-9999.0,-9999.0,-9999.0,-9999.0,-9999.0
2025-05-09 02:25:26,3074.0,-0.542784,26.4035,7.1105,118.012,9.50597,0,0,16/07/2025 9:52:04,2395,3017,-9999,-9999.0,-9999.0,-9999.0,-9999.0,-9999.0
2025-05-09 02:25:31,3079.0,-0.544766,26.4124,7.10865,117.011,9.42384,0,0,16/07/2025 9:52:09,2400,3264,-9999,-9999.0,-9999.0,-9999.0,-9999.0,-9999.0
2025-05-09 02:25:36,3084.0,-0.541793,26.4066,7.11289,116.834,9.41061,0.0512266,0,16/07/2025 9:52:14,2405,3542,-9999,-9999.0,-9999.0,-9999.0,-9999.0,-9999.0
2025-05-09 02:25:41,3089.0,-0.537829,26.4001,7.11501,117.445,9.46089,0.701661,0,16/07/2025 9:52:19,2410,3696,-9999,-9999.0,-9999.0,-9999.0,-9999.0,-9999.0
2025-05-09 02:25:47,3095.0,-0.534856,26.4002,7.11203,117.075,9.43105,0,0,16/07/2025 9:52:24,2415,3688,-9999,-9999.0,-9999.0,-9999.0,-9999.0,-9999.0
2025-05-09 02:25:52,3100.0,-0.543775,26.4149,7.10558,116.706,9.39885,0.527373,0,16/07/2025 9:52:29,2420,3599,-9999,-9999.0,-9999.0,-9999.0,-9999.0,-9999.0
2025-05-09 02:25:57,3105.0,-0.242517,26.414,7.10544,116.41,9.37502,1.31395,0,16/07/2025 9:52:34,2425,3614,-9999,-9999.0,-9999.0,-9999.0,-9999.0,-9999.0
2025-05-09 02:26:02,3110.0,0.0478391,26.4038,7.08874,115.641,9.31325,0.464544,0,16/07/2025 9:52:39,2430,3695,-9999,-9999.0,-9999.0,-9999.0,-9999.0,-9999.0
2025-05-09 02:26:08,3116.0,0,26.4194,7.07309,115.324,9.28679,1.01137,0,16/07/2025 9:52:44,2435,3697,-9999,-9999.0,-9999.0,-9999.0,-9999.0,-9999.0
2025-05-09 02:26:13,3121.0,0.704857,26.4245,7.05483,116.2,9.35648,0,0,16/07/2025 9:52:49,2440,3671,-9999,-9999.0,-9999.0,-9999.0,-9999.0,-9999.0
2025-05-09 02:26:18,3126.0,0.882242,26.423,7.05129,116.041,9.34391,0.901463,0,16/07/2025 9:52:54,2445,3669,-9999,-9999.0,-9999.0,-9999.0,-9999.0,-9999.0
2025-05-09 02:26:23,3131.0,1.20332,26.4332,7.04147,117.859,9.48854,0,0,16/07/2025 9:52:59,2450,3668,-9999,-9999.0,-9999.0,-9999.0,-9999.0,-9999.0
2025-05-09 02:26:29,3137.0,1.5125,26.4227,7.03685,117.116,9.43054,0,0,16/07/2025 9:53:04,2455,3667,-9999,-9999.0,-9999.0,-9999.0,-9999.0,-9999.0
2025-05-09 02:26:34,3142.0,1.7989,26.4299,7.03117,118.175,9.5146,0,0,16/07/2025 9:53:09,2460,3670,-9999,-9999.0,-9999.0,-9999.0,-9999.0,-9999.0
2025-05-09 02:26:39,3147.0,1.98322,26.4279,7.0316,118.985,9.58016,1.18485,0,16/07/2025 9:53:14,2465,3672,-9999,-9999.0,-9999.0,-9999.0,-9999.0,-9999.0
2025-05-09 02:26:44,3152.0,2.30132,26.425,7.03148,118.714,9.55881,0,0,16/07/2025 9:53:19,2470,3674,-9999,-9999.0,-9999.0,-9999.0,-9999.0,-9999.0
2025-05-09 02:26:49,3157.0,2.61744,26.4368,7.02818,118.739,9.55876,0,0,16/07/2025 9:53:24,2475,3669,-9999,-9999.0,-9999.0,-9999.0,-9999.0,-9999.0
2025-05-09 02:26:55,3163.0,2.88402,26.4279,7.02819,118.403,9.53329,0,0,16/07/2025 9:53:29,2480,3499,-9999,-9999.0,-9999.0,-9999.0,-9999.0,-9999.0
2025-05-09 02:27:00,3168.0,3.0723,26.4242,7.0294,119.778,9.6446,0,0,16/07/2025 9:53:34,2485,3404,-9999,-9999.0,-9999.0,-9999.0,-9999.0,-9999.0
2025-05-09 02:27:05,3173.0,3.32798,26.438,7.02622,120.292,9.68362,0,0.26696,16/07/2025 9:53:39,2490,3589,-9999,-9999.0,-9999.0,-9999.0,-9999.0,-9999.0
2025-05-09 02:27:11,3179.0,3.49941,26.4262,7.0264,119.322,9.60758,28.6828,0,16/07/2025 9:53:44,2495,3648,-9999,-9999.0,-9999.0,-9999.0,-9999.0,-9999.0
2025-05-09 02:27:16,3184.0,3.49842,26.4245,7.02389,120.259,9.68334,60.3194,91.9863,16/07/2025 9:53:49,2500,3650,-9999,-9999.0,-9999.0,-9999.0,-9999.0,-9999.0
2025-05-09 02:27:21,3189.0,3.50041,26.4301,7.02701,120.126,9.67162,62.5035,92.7739,16/07/2025 9:53:54,2505,3642,-9999,-9999.0,-9999.0,-9999.0,-9999.0,-9999.0
2025-05-09 02:27:26,3194.0,3.5014,26.4358,7.02415,119.652,9.63246,61.3833,93.003,16/07/2025 9:53:59,2510,3645,-9999,-9999.0,-9999.0,-9999.0,-9999.0,-9999.0
2025-05-09 02:27:31,3199.0,3.50635,26.4284,7.02365,119.554,9.62588,61.2818,92.5204,16/07/2025 9:54:04,2515,3648,-9999,-9999.0,-9999.0,-9999.0,-9999.0,-9999.0
2025-05-09 02:27:37,3205.0,3.48951,26.427,7.02326,120.359,9.69092,62.1552,92.2891,16/07/2025 9:54:09,2520,3613,-9999,-9999.0,-9999.0,-9999.0,-9999.0,-9999.0
2025-05-09 02:27:42,3210.0,3.41815,26.4282,7.02209,119.751,9.64067,2.66668,8.87792,16/07/2025 9:54:14,2525,3527,-9999,-9999.0,-9999.0,-9999.0,-9999.0,-9999.0
2025-05-09 02:27:47,3215.0,3.25167,26.4282,7.02461,119.768,9.64315,2.99103,1.96543,16/07/2025 9:54:19,2530,3464,-9999,-9999.0,-9999.0,-9999.0,-9999.0,-9999.0
2025-05-09 02:27:53,3221.0,3.02077,26.4176,7.0221,118.658,0,0.746112,0,16/07/2025 9:54:24,2535,3491,-9999,-9999.0,-9999.0,-9999.0,-9999.0,-9999.0
2025-05-09 02:27:58,3226.0,2.71258,26.4279,7.02199,119.307,9.60609,0,0,16/07/2025 9:54:29,2540,3652,-9999,-9999.0,-9999.0,-9999.0,-9999.0,-9999.0
2025-05-09 02:28:03,3231.0,2.54312,26.4327,7.02316,117.577,9.46592,0.0334341,0,16/07/2025 9:54:34,2545,3664,-9999,-9999.0,-9999.0,-9999.0,-9999.0,-9999.0
2025-05-09 02:28:08,3236.0,2.2379,26.4389,7.02046,119.448,9.61547,0.908658,0,16/07/2025 9:54:39,2550,3661,-9999,-9999.0,-9999.0,-9999.0,-9999.0,-9999.0
2025-05-09 02:28:14,3242.0,1.97529,26.436,7.02011,119.06,9.58475,0,0,16/07/2025 9:54:44,2555,3657,-9999,-9999.0,-9999.0,-9999.0,-9999.0,-9999.0
2025-05-09 02:28:19,3247.0,1.78403,26.4313,7.01952,118.683,9.55521,0,0,16/07/2025 9:54:49,2560,3666,-9999,-9999.0,-9999.0,-9999.0,-9999.0,-9999.0
2025-05-09 02:28:24,3252.0,1.45305,26.4335,7.01838,118.822,9.56601,1.10903,0,16/07/2025 9:54:54,2565,3664,-9999,-9999.0,-9999.0,-9999.0,-9999.0,-9999.0
2025-05-09 02:28:29,3257.0,1.23503,26.4318,7.01776,118.527,9.54257,1.63865,0,16/07/2025 9:54:59,2570,3668,-9999,-9999.0,-9999.0,-9999.0,-9999.0,-9999.0
2025-05-09 02:28:34,3262.0,0.952602,26.4228,7.01646,117.406,9.45383,2.55307,0,16/07/2025 9:55:04,2575,3661,-9999,-9999.0,-9999.0,-9999.0,-9999.0,-9999.0
2025-05-09 02:28:39,3267.0,0.64639,26.4388,7.01601,117.5,9.45875,0,0,16/07/2025 9:55:09,2580,3659,-9999,-9999.0,-9999.0,-9999.0,-9999.0,-9999.0
2025-05-09 02:28:45,3273.0,0.459095,26.4409,7.01753,116.8,9.40201,0.502105,0,16/07/2025 9:55:14,2585,3638,-9999,-9999.0,-9999.0,-9999.0,-9999.0,-9999.0
2025-05-09 02:28:50,3278.0,0.125135,26.4258,7.01744,117.025,9.42267,0,0,16/07/2025 9:55:19,2590,3619,-9999,-9999.0,-9999.0,-9999.0,-9999.0,-9999.0
2025-05-09 02:28:55,3283.0,-0.103781,26.4298,7.0181,116.966,9.41724,0,0,16/07/2025 9:55:24,2595,3629,-9999,-9999.0,-9999.0,-9999.0,-9999.0,-9999.0
2025-05-09 02:29:00,3288.0,-0.393146,26.4313,7.01585,118.268,9.52186,0,0,16/07/2025 9:55:29,2600,3641,-9999,-9999.0,-9999.0,-9999.0,-9999.0,-9999.0
2025-05-09 02:29:05,3293.0,-0.519991,26.4388,7.00983,118.646,9.55099,0,0,16/07/2025 9:55:34,2605,3644,-9999,-9999.0,-9999.0,-9999.0,-9999.0,-9999.0
2025-05-09 02:29:11,3299.0,-0.517018,26.4267,7.00955,117.736,9.47981,0,0,16/07/2025 9:55:39,2610,3645,-9999,-9999.0,-9999.0,-9999.0,-9999.0,-9999.0
2025-05-09 02:29:16,3304.0,-0.523955,26.4307,7.00721,118.887,9.57176,0,0,16/07/2025 9:55:44,2615,3651,-9999,-9999.0,-9999.0,-9999.0,-9999.0,-9999.0
2025-05-09 02:29:21,3309.0,-0.524946,26.432,7.00676,118.2,9.51623,0,0,16/07/2025 9:55:49,2620,3653,-9999,-9999.0,-9999.0,-9999.0,-9999.0,-9999.0
2025-05-09 02:29:27,3315.0,-0.521973,26.4264,7.00941,118.006,9.50157,0,0,16/07/2025 9:55:54,2625,3657,-9999,-9999.0,-9999.0,-9999.0,-9999.0,-9999.0
2025-05-09 02:29:32,3320.0,-0.524946,26.4346,7.00898,117.845,9.48515,0,0,16/07/2025 9:55:59,2630,3657,-9999,-9999.0,-9999.0,-9999.0,-9999.0,-9999.0
2025-05-09 02:29:37,3325.0,-0.526928,26.4299,7.01086,118.758,9.56067,0,0,16/07/2025 9:56:04,2635,3646,-9999,-9999.0,-9999.0,-9999.0,-9999.0,-9999.0
2025-05-09 02:29:43,3331.0,-0.520982,26.4338,7.00859,0,9.47819,0.349738,0,16/07/2025 9:56:09,2640,3628,-9999,-9999.0,-9999.0,-9999.0,-9999.0,-9999.0
2025-05-09 02:29:48,3336.0,-0.523955,26.4339,0,117.902,9.49187,0,0,16/07/2025 9:56:14,2645,3600,-9999,-9999.0,-9999.0,-9999.0,-9999.0,-9999.0
2025-05-09 02:29:54,3342.0,-0.521973,26.4296,7.01694,117.836,9.48735,0,0,16/07/2025 9:56:19,2650,3594,-9999,-9999.0,-9999.0,-9999.0,-9999.0,-9999.0
2025-05-09 02:29:59,3347.0,-0.521973,26.4255,7.01316,117.173,9.43462,0.69652,0,16/07/2025 9:56:24,2655,3595,-9999,-9999.0,-9999.0,-9999.0,-9999.0,-9999.0
2025-05-09 02:30:04,3352.0,-0.524946,26.431,7.01438,117.989,9.49937,1.31513,0,16/07/2025 9:56:29,2660,3586,-9999,-9999.0,-9999.0,-9999.0,-9999.0,-9999.0
2025-05-09 02:30:09,3357.0,-0.524946,26.432,7.01222,117.81,9.48481,0,0,16/07/2025 9:56:34,2665,3599,-9999,-9999.0,-9999.0,-9999.0,-9999.0,-9999.0
2025-05-09 02:30:14,3362.0,-0.525937,26.4295,7.01211,118.468,9.53827,0.609414,0,16/07/2025 9:56:39,2670,3582,-9999,-9999.0,-9999.0,-9999.0,-9999.0,-9999.0
2025-05-09 02:30:20,3368.0,-0.518009,26.4391,7.0074,117.487,9.45758,0.645589,0,16/07/2025 9:56:44,2675,3575,-9999,-9999.0,-9999.0,-9999.0,-9999.0,-9999.0
2025-05-09 02:30:25,3373.0,-0.521973,26.4381,6.99968,117.14,9.42981,0.11535,0,16/07/2025 9:56:49,2680,3582,-9999,-9999.0,-9999.0,-9999.0,-9999.0,-9999.0
2025-05-09 02:30:30,3378.0,-0.523955,26.4354,7.00797,116.699,9.39482,0.669327,0,16/07/2025 9:56:54,2685,3555,-9999,-9999.0,-9999.0,-9999.0,-9999.0,-9999.0
2025-05-09 02:30:35,3383.0,-0.525937,26.436,7.00495,117.542,9.4626,1.76639,0,16/07/2025 9:56:59,2690,3554,-9999,-9999.0,-9999.0,-9999.0,-9999.0,-9999.0
2025-05-09 02:30:40,3388.0,-0.522964,26.4364,6.99022,117.679,9.4735,0.010549,0,16/07/2025 9:57:04,2695,3550,-9999,-9999.0,-9999.0,-9999.0,-9999.0,-9999.0
2025-05-09 02:30:46,3394.0,-0.519991,26.4494,6.9887,0,9.40068,0,0,16/07/2025 9:57:09,2700,3546,-9999,-9999.0,-9999.0,-9999.0,-9999.0,-9999.0
2025-05-09 02:30:51,3399.0,-0.237563,26.4416,7.00696,116.242,9.35701,0,0,16/07/2025 9:57:14,2705,3548,-9999,-9999.0,-9999.0,-9999.0,-9999.0,-9999.0
2025-05-09 02:30:56,3404.0,0.650354,26.4366,7.01141,115.469,9.2956,0,0,16/07/2025 9:57:19,2710,3558,-9999,-9999.0,-9999.0,-9999.0,-9999.0,-9999.0
2025-05-09 02:31:02,3410.0,1.54223,26.4378,7.02401,117.452,9.45504,2.54418,0,16/07/2025 9:57:24,2715,3341,-9999,-9999.0,-9999.0,-9999.0,-9999.0,-9999.0
2025-05-09 02:31:07,3415.0,2.39249,26.4548,7.02709,118.035,9.49903,1.29315,0,16/07/2025 9:57:29,2720,3204,-9999,-9999.0,-9999.0,-9999.0,-9999.0,-9999.0
2025-05-09 02:31:12,3420.0,3.6332,26.4285,7.03915,119.312,9.60374,0,0,16/07/2025 9:57:34,2725,3010,-9999,-9999.0,-9999.0,-9999.0,-9999.0,-9999.0
2025-05-09 02:31:18,3426.0,3.63419,26.4538,7.03971,119.057,9.58582,1.50755,0,16/07/2025 9:57:39,2730,2641,-9999,-9999.0,-9999.0,-9999.0,-9999.0,-9999.0
2025-05-09 02:31:23,3431.0,3.6332,26.444,7.0391,120.582,9.70588,2.52787,2.24472,16/07/2025 9:57:44,2735,1949,-9999,-9999.0,-9999.0,-9999.0,-9999.0,-9999.0
2025-05-09 02:31:28,3436.0,3.63815,26.4434,7.03662,119.598,9.62684,1.40084,2.21779,16/07/2025 9:57:49,2740,980,-9999,-9999.0,-9999.0,-9999.0,-9999.0,-9999.0
2025-05-09 02:31:33,3441.0,3.63617,26.4453,7.03493,120.521,9.70079,2.02277,2.3143,16/07/2025 9:57:54,2745,196,-9999,-9999.0,-9999.0,-9999.0,-9999.0,-9999.0
2025-05-09 02:31:38,3446.0,3.55788,26.4456,7.03049,121.1,9.74731,0,2.22729,16/07/2025 9:57:59,2750,-349,-9999,-9999.0,-9999.0,-9999.0,-9999.0,-9999.0
2025-05-09 02:31:44,3452.0,2.88204,26.4451,7.03023,120.966,9.73665,0.0740094,0,16/07/2025 9:58:04,2755,-554,-9999,-9999.0,-9999.0,-9999.0,-9999.0,-9999.0
2025-05-09 02:31:49,3457.0,2.18042,26.4477,7.02681,120.497,9.69842,0,0,16/07/2025 9:58:09,2760,-560,-9999,-9999.0,-9999.0,-9999.0,-9999.0,-9999.0
2025-05-09 02:31:54,3462.0,1.4471,26.4412,7.01336,119.955,9.65593,0.146217,0,16/07/2025 9:58:14,2765,-564,-9999,-9999.0,-9999.0,-9999.0,-9999.0,-9999.0
2025-05-09 02:31:59,3467.0,0.720713,26.4473,7.01925,118.742,9.55723,0.169711,0,16/07/2025 9:58:19,2770,-566,-9999,-9999.0,-9999.0,-9999.0,-9999.0,-9999.0
2025-05-09 02:32:04,3472.0,0.0012631,26.4481,7.01413,118.826,9.56383,0,0,16/07/2025 9:58:24,2775,-566,-9999,-9999.0,-9999.0,-9999.0,-9999.0,-9999.0
2025-05-09 02:32:10,3478.0,-0.527919,26.4468,7.00928,119.798,9.64233,0,0,16/07/2025 9:58:29,2780,-567,-9999,-9999.0,-9999.0,-9999.0,-9999.0,-9999.0
2025-05-09 02:32:15,3483.0,-0.521973,26.4527,7.00527,118.702,9.55312,0.0465736,0,16/07/2025 9:58:34,2785,-571,-9999,-9999.0,-9999.0,-9999.0,-9999.0,-9999.0
2025-05-09 02:32:20,3488.0,-0.521973,26.4538,7.00311,117.88,9.48677,0,0,16/07/2025 9:58:39,2790,-570,-9999,-9999.0,-9999.0,-9999.0,-9999.0,-9999.0
2025-05-09 02:32:25,3493.0,0.311439,26.4456,7.01266,116.258,9.3576,0.668759,0,16/07/2025 9:58:44,2795,-574,-9999,-9999.0,-9999.0,-9999.0,-9999.0,-9999.0
2025-05-09 02:32:30,3498.0,0.750442,26.445,7.01463,116.601,9.38529,0,0,16/07/2025 9:58:49,2800,-570,-9999,-9999.0,-9999.0,-9999.0,-9999.0,-9999.0
2025-05-09 02:32:36,3504.0,0.749451,26.449,7.01337,116.441,9.37172,0.149414,0,16/07/2025 9:58:54,2805,-571,-9999,-9999.0,-9999.0,-9999.0,-9999.0,-9999.0
2025-05-09 02:32:41,3509.0,1.33908,26.4474,7.01922,117.937,9.49241,1.88452,0,16/07/2025 13:01:16,13747,-783,-9999,-9999.0,-9999.0,-9999.0,-9999.0,-9999.0
2025-05-09 02:32:46,3514.0,1.33809,26.4397,7.01707,117.37,9.44807,0.126963,0,16/07/2025 13:01:21,13752,-783,-9999,-9999.0,-9999.0,-9999.0,-9999.0,-9999.0
2025-05-09 02:32:51,3519.0,1.3371,26.4486,7.017,118.741,9.55693,0,0,16/07/2025 13:01:26,13757,-779,-9999,-9999.0,-9999.0,-9999.0,-9999.0,-9999.0
2025-05-09 02:32:56,3524.0,1.9307,26.4459,7.01908,118.35,9.52594,0.604684,0,16/07/2025 13:01:31,13762,-787,-9999,-9999.0,-9999.0,-9999.0,-9999.0,-9999.0
2025-05-09 02:33:02,3530.0,2.02979,26.4417,7.02019,118.333,9.52527,0.443721,0,16/07/2025 13:01:36,13767,-788,-9999,-9999.0,-9999.0,-9999.0,-9999.0,-9999.0
2025-05-09 02:33:07,3535.0,2.0288,26.4508,7.02234,118.741,9.55653,0.761159,0,16/07/2025 13:01:41,13772,-785,-9999,-9999.0,-9999.0,-9999.0,-9999.0,-9999.0
2025-05-09 02:33:12,3540.0,2.7869,26.4539,7.02291,119.972,9.65513,1.3878,0,16/07/2025 13:01:46,13777,-788,-9999,-9999.0,-9999.0,-9999.0,-9999.0,-9999.0
2025-05-09 02:33:17,3545.0,2.93158,26.4451,7.02217,119.201,9.59303,0,0,16/07/2025 13:01:51,13782,-793,-9999,-9999.0,-9999.0,-9999.0,-9999.0,-9999.0
2025-05-09 02:33:22,3550.0,3.24572,26.4451,7.02217,119.143,9.58989,0,0,16/07/2025 13:01:56,13787,-779,-9999,-9999.0,-9999.0,-9999.0,-9999.0,-9999.0
2025-05-09 02:33:28,3556.0,3.58266,26.4434,7.03193,120.086,9.66609,0,1.97128,16/07/2025 13:02:01,13792,-780,-9999,-9999.0,-9999.0,-9999.0,-9999.0,-9999.0
2025-05-09 02:33:33,3561.0,3.58563,26.4512,7.03184,120.562,9.70301,9.33106,0.124132,16/07/2025 13:02:06,13797,-779,-9999,-9999.0,-9999.0,-9999.0,-9999.0,-9999.0
2025-05-09 02:33:39,3567.0,0,26.4524,0,120.228,9.67592,7.39014,0.672951,16/07/2025 13:02:11,13802,-783,-9999,-9999.0,-9999.0,-9999.0,-9999.0,-9999.0
2025-05-09 02:33:44,3572.0,3.00987,26.4623,7.03137,120.569,9.70162,0,0.0825258,16/07/2025 13:02:16,13807,-776,-9999,-9999.0,-9999.0,-9999.0,-9999.0,-9999.0
2025-05-09 02:33:49,3577.0,2.3152,26.4577,7.02757,120.184,9.67149,0,0,-9999,-9999,-9999,-9999,-9999.0,-9999.0,-9999.0,-9999.0,-9999.0
2025-05-09 02:33:55,3583.0,1.58385,26.4542,7.02089,119.618,9.62656,0,0,-9999,-9999,-9999,-9999,-9999.0,-9999.0,-9999.0,-9999.0,-9999.0
2025-05-09 02:34:00,3588.0,0.855486,26.4587,7.01947,118.688,9.55094,0,0,-9999,-9999,-9999,-9999,-9999.0,-9999.0,-9999.0,-9999.0,-9999.0
2025-05-09 02:34:05,3593.0,0.148919,26.451,7.01785,118.352,9.52523,0,0,-9999,-9999,-9999,-9999,-9999.0,-9999.0,-9999.0,-9999.0,-9999.0
2025-05-09 02:34:10,3598.0,-0.537829,26.4491,7.01433,118.753,9.55782,0.914259,0,-9999,-9999,-9999,-9999,-9999.0,-9999.0,-9999.0,-9999.0,-9999.0
2025-05-09 02:34:15,3603.0,-0.530892,26.4564,7.00757,118.518,9.53762,0,0,-9999,-9999,-9999,-9999,-9999.0,-9999.0,-9999.0,-9999.0,-9999.0
2025-05-09 02:34:20,3608.0,-0.52891,26.4499,7.0063,118.07,9.50273,0,0,-9999,-9999,-9999,-9999,-9999.0,-9999.0,-9999.0,-9999.0,-9999.0
2025-05-09 02:34:26,3614.0,-0.350534,26.4555,7.005,116.821,9.40121,0,0,-9999,-9999,-9999,-9999,-9999.0,-9999.0,-9999.0,-9999.0,-9999.0
2025-05-09 02:34:31,3619.0,-0.155311,26.4425,7.01425,116.734,9.39639,0.763991,0,-9999,-9999,-9999,-9999,-9999.0,-9999.0,-9999.0,-9999.0,-9999.0
2025-05-09 02:34:36,3624.0,0.137027,26.4594,7.01631,116.311,9.35954,0,0,-9999,-9999,-9999,-9999,-9999.0,-9999.0,-9999.0,-9999.0,-9999.0
2025-05-09 02:34:41,3629.0,0.341169,26.4438,7.01763,115.465,9.29404,0,0,-9999,-9999,-9999,-9999,-9999.0,-9999.0,-9999.0,-9999.0,-9999.0
2025-05-09 02:34:46,3634.0,0.583958,26.453,7.02065,117.263,9.43723,0,0,-9999,-9999,-9999,-9999,-9999.0,-9999.0,-9999.0,-9999.0,-9999.0
2025-05-09 02:34:52,3640.0,0.899089,26.4499,7.02246,117.431,9.45125,0.461298,0,-9999,-9999,-9999,-9999,-9999.0,-9999.0,-9999.0,-9999.0,-9999.0
2025-05-09 02:34:57,3645.0,1.21224,26.4496,7.02669,116.845,9.40414,0,0,-9999,-9999,-9999,-9999,-9999.0,-9999.0,-9999.0,-9999.0,-9999.0
2025-05-09 02:35:02,3650.0,1.6562,26.4493,7.03136,117.213,9.43274,0,0,-9999,-9999,-9999,-9999,-9999.0,-9999.0,-9999.0,-9999.0,-9999.0
2025-05-09 02:35:08,3656.0,1.84944,26.4589,7.03479,118.37,9.52532,0,0,-9999,-9999,-9999,-9999,-9999.0,-9999.0,-9999.0,-9999.0,-9999.0
2025-05-09 02:35:13,3661.0,2.14772,26.457,7.03513,119.521,9.61827,0,0,-9999,-9999,-9999,-9999,-9999.0,-9999.0,-9999.0,-9999.0,-9999.0
2025-05-09 02:35:18,3666.0,2.3043,26.4626,7.03605,119.331,9.60197,0,0,-9999,-9999,-9999,-9999,-9999.0,-9999.0,-9999.0,-9999.0,-9999.0
2025-05-09 02:35:23,3671.0,2.59862,26.4707,7.03645,118.805,9.55823,0,0,-9999,-9999,-9999,-9999,-9999.0,-9999.0,-9999.0,-9999.0,-9999.0
2025-05-09 02:35:29,3677.0,2.89789,26.4499,7.03579,119.828,9.64421,0,0,-9999,-9999,-9999,-9999,-9999.0,-9999.0,-9999.0,-9999.0,-9999.0
2025-05-09 02:35:34,3682.0,3.11591,26.4529,7.03736,120.244,9.67716,0,0,-9999,-9999,-9999,-9999,-9999.0,-9999.0,-9999.0,-9999.0,-9999.0
2025-05-09 02:35:39,3687.0,3.33194,26.4525,7.03849,119.613,9.62641,0,0,-9999,-9999,-9999,-9999,-9999.0,-9999.0,-9999.0,-9999.0,-9999.0
2025-05-09 02:35:44,3692.0,3.5995,26.4569,7.03759,120.654,9.70942,20.8793,1.05753,-9999,-9999,-9999,-9999,-9999.0,-9999.0,-9999.0,-9999.0,-9999.0
2025-05-09 02:35:49,3697.0,3.63914,26.4496,7.0402,120.446,9.69401,104.887,6.24272,-9999,-9999,-9999,-9999,-9999.0,-9999.0,-9999.0,-9999.0,-9999.0
2025-05-09 02:35:55,3703.0,3.64806,26.457,7.03983,120.789,9.72027,105.004,6.37171,-9999,-9999,-9999,-9999,-9999.0,-9999.0,-9999.0,-9999.0,-9999.0
2025-05-09 02:36:00,3708.0,3.53707,0,7.03592,121.515,9.77778,2.29691,2.43453,-9999,-9999,-9999,-9999,-9999.0,-9999.0,-9999.0,-9999.0,-9999.0
2025-05-09 02:36:05,3713.0,3.2923,26.444,7.02927,121.354,9.76799,0,0.52642,-9999,-9999,-9999,-9999,-9999.0,-9999.0,-9999.0,-9999.0,-9999.0
2025-05-09 02:36:11,3719.0,3.0505,26.4508,7.02349,120.238,9.67698,0,0.151188,-9999,-9999,-9999,-9999,-9999.0,-9999.0,-9999.0,-9999.0,-9999.0
2025-05-09 02:36:16,3724.0,2.86717,26.449,7.02188,120.28,9.68075,0,0,-9999,-9999,-9999,-9999,-9999.0,-9999.0,-9999.0,-9999.0,-9999.0
2025-05-09 02:36:21,3729.0,2.57483,26.453,7.01933,119.625,9.62729,0,0,-9999,-9999,-9999,-9999,-9999.0,-9999.0,-9999.0,-9999.0,-9999.0
2025-05-09 02:36:26,3734.0,2.34592,26.4481,7.01575,119.767,9.63958,0.18519,0,-9999,-9999,-9999,-9999,-9999.0,-9999.0,-9999.0,-9999.0,-9999.0
2025-05-09 02:36:31,3739.0,2.12988,26.4508,7.01154,119.917,9.65122,0.529886,0,-9999,-9999,-9999,-9999,-9999.0,-9999.0,-9999.0,-9999.0,-9999.0
2025-05-09 02:36:37,3745.0,1.82565,26.4443,7.00797,119.363,9.60769,0,0,-9999,-9999,-9999,-9999,-9999.0,-9999.0,-9999.0,-9999.0,-9999.0
2025-05-09 02:36:42,3750.0,1.6225,26.4462,7.00529,118.92,9.57173,0,0,-9999,-9999,-9999,-9999,-9999.0,-9999.0,-9999.0,-9999.0,-9999.0
2025-05-09 02:36:47,3755.0,1.02494,26.4454,7.00313,118.705,9.55296,0,0,-9999,-9999,-9999,-9999,-9999.0,-9999.0,-9999.0,-9999.0,-9999.0
2025-05-09 02:36:52,3760.0,0.864405,26.4426,7.00248,118.477,9.53622,0,0,-9999,-9999,-9999,-9999,-9999.0,-9999.0,-9999.0,-9999.0,-9999.0
2025-05-09 02:36:57,3765.0,0.542337,26.441,7.00071,118.257,9.51929,0,0,-9999,-9999,-9999,-9999,-9999.0,-9999.0,-9999.0,-9999.0,-9999.0
2025-05-09 02:37:03,3771.0,0.285674,26.4431,6.99898,117.64,9.46923,0.839814,0,-9999,-9999,-9999,-9999,-9999.0,-9999.0,-9999.0,-9999.0,-9999.0
2025-05-09 02:37:08,3776.0,0.0775684,26.4533,6.99769,118.052,9.50069,1.32527,0,-9999,-9999,-9999,-9999,-9999.0,-9999.0,-9999.0,-9999.0,-9999.0
2025-05-09 02:37:13,3781.0,-0.228644,26.4443,6.99783,117.948,9.49382,0,0,-9999,-9999,-9999,-9999,-9999.0,-9999.0,-9999.0,-9999.0,-9999.0
2025-05-09 02:37:18,3786.0,-0.435758,26.4474,7.00057,119.199,9.59396,0,0,-9999,-9999,-9999,-9999,-9999.0,-9999.0,-9999.0,-9999.0,-9999.0
2025-05-09 02:37:23,3791.0,-0.525937,26.4419,6.99497,118.705,9.5552,0.872995,0,-9999,-9999,-9999,-9999,-9999.0,-9999.0,-9999.0,-9999.0,-9999.0
2025-05-09 02:37:29,3797.0,-0.522964,26.4453,6.99414,119.05,9.58236,1.02437,0,-9999,-9999,-9999,-9999,-9999.0,-9999.0,-9999.0,-9999.0,-9999.0
2025-05-09 02:37:34,3802.0,-0.529901,26.4479,6.99737,118.061,9.50234,0,0,-9999,-9999,-9999,-9999,-9999.0,-9999.0,-9999.0,-9999.0,-9999.0
2025-05-09 02:37:39,3807.0,-0.527919,26.4475,6.99843,117.131,9.42749,0.538318,0,-9999,-9999,-9999,-9999,-9999.0,-9999.0,-9999.0,-9999.0,-9999.0
2025-05-09 02:37:44,3812.0,-0.52891,26.4518,6.99965,117.444,9.45201,0,0,-9999,-9999,-9999,-9999,-9999.0,-9999.0,-9999.0,-9999.0,-9999.0
2025-05-09 02:37:49,3817.0,-0.52891,26.4422,7.00243,118.298,9.52235,0.651987,0,-9999,-9999,-9999,-9999,-9999.0,-9999.0,-9999.0,-9999.0,-9999.0
2025-05-09 02:37:55,3823.0,-0.527919,26.4414,7.00198,117.773,9.4802,0.37319,0,-9999,-9999,-9999,-9999,-9999.0,-9999.0,-9999.0,-9999.0,-9999.0
2025-05-09 02:38:00,3828.0,-0.52891,0,7.00286,117.861,9.48614,0.0629182,0,-9999,-9999,-9999,-9999,-9999.0,-9999.0,-9999.0,-9999.0,-9999.0
2025-05-09 02:38:05,3833.0,-0.536838,26.4453,7.00332,116.878,9.40757,0,0,-9999,-9999,-9999,-9999,-9999.0,-9999.0,-9999.0,-9999.0,-9999.0
2025-05-09 02:38:11,3839.0,-0.533865,26.4446,7.00271,117.443,9.45317,0,0,-9999,-9999,-9999,-9999,-9999.0,-9999.0,-9999.0,-9999.0,-9999.0
2025-05-09 02:38:16,3844.0,-0.526928,26.4326,7.00362,117.701,9.47599,0,0,-9999,-9999,-9999,-9999,-9999.0,-9999.0,-9999.0,-9999.0,-9999.0
2025-05-09 02:38:21,3849.0,-0.531883,26.4465,7.00446,117.21,9.43409,0,0,-9999,-9999,-9999,-9999,-9999.0,-9999.0,-9999.0,-9999.0,-9999.0
2025-05-09 02:38:26,3854.0,-0.529901,26.4419,7.0037,118.475,9.53663,0,0,-9999,-9999,-9999,-9999,-9999.0,-9999.0,-9999.0,-9999.0,-9999.0
2025-05-09 02:38:32,3860.0,0,26.4462,7.00311,117.946,9.49334,0,0,-9999,-9999,-9999,-9999,-9999.0,-9999.0,-9999.0,-9999.0,-9999.0
2025-05-09 02:38:37,3865.0,-0.535847,26.4341,7.00649,117.589,9.46445,0,0,-9999,-9999,-9999,-9999,-9999.0,-9999.0,-9999.0,-9999.0,-9999.0
2025-05-09 02:38:42,3870.0,-0.533865,26.436,7.0067,117.743,9.47906,0.496648,0,-9999,-9999,-9999,-9999,-9999.0,-9999.0,-9999.0,-9999.0,-9999.0
2025-05-09 02:38:47,3875.0,-0.527919,26.4378,7.00548,117.591,9.46617,1.30189,0,-9999,-9999,-9999,-9999,-9999.0,-9999.0,-9999.0,-9999.0,-9999.0
2025-05-09 02:38:53,3881.0,-0.526928,26.431,7.00399,117.654,9.47246,0.211487,0,-9999,-9999,-9999,-9999,-9999.0,-9999.0,-9999.0,-9999.0,-9999.0
2025-05-09 02:38:58,3886.0,-0.531883,26.4335,7.00412,117.469,9.45711,0,0,-9999,-9999,-9999,-9999,-9999.0,-9999.0,-9999.0,-9999.0,-9999.0
2025-05-09 02:39:03,3891.0,-0.527919,26.4349,7.00366,117.276,9.44131,0,0,-9999,-9999,-9999,-9999,-9999.0,-9999.0,-9999.0,-9999.0,-9999.0
2025-05-09 02:39:08,3896.0,-0.532874,26.4361,6.99689,117.43,9.45351,0.499727,0,-9999,-9999,-9999,-9999,-9999.0,-9999.0,-9999.0,-9999.0,-9999.0
2025-05-09 02:39:13,3901.0,-0.523955,26.4459,7.00114,117.18,9.43173,0,0,-9999,-9999,-9999,-9999,-9999.0,-9999.0,-9999.0,-9999.0,-9999.0
2025-05-09 02:39:19,3907.0,-0.527919,26.4323,7.00385,116.882,9.41008,0.247582,0,-9999,-9999,-9999,-9999,-9999.0,-9999.0,-9999.0,-9999.0,-9999.0
2025-05-09 02:39:24,3912.0,-0.529901,26.445,7.00747,116.786,9.40015,0.982882,0,-9999,-9999,-9999,-9999,-9999.0,-9999.0,-9999.0,-9999.0,-9999.0
2025-05-09 02:39:29,3917.0,-0.529901,26.4459,6.99875,117.058,9.42194,1.94477,0,-9999,-9999,-9999,-9999,-9999.0,-9999.0,-9999.0,-9999.0,-9999.0
2025-05-09 02:39:35,3923.0,-0.530892,26.4386,6.97919,117.565,9.46397,0.291467,0,-9999,-9999,-9999,-9999,-9999.0,-9999.0,-9999.0,-9999.0,-9999.0
2025-05-09 02:39:40,3928.0,-0.526928,26.4372,6.99696,116.227,9.3565,0.62281,0,-9999,-9999,-9999,-9999,-9999.0,-9999.0,-9999.0,-9999.0,-9999.0
2025-05-09 02:39:45,3933.0,-0.525937,26.4455,6.99984,116.699,9.39306,0.0784956,0,-9999,-9999,-9999,-9999,-9999.0,-9999.0,-9999.0,-9999.0,-9999.0
2025-05-09 02:39:50,3938.0,-0.527919,26.4404,7.00116,116.699,9.39397,0,0,-9999,-9999,-9999,-9999,-9999.0,-9999.0,-9999.0,-9999.0,-9999.0
2025-05-09 02:39:55,3943.0,-0.52891,26.4394,7.00507,115.873,9.32768,1.85689,0,-9999,-9999,-9999,-9999,-9999.0,-9999.0,-9999.0,-9999.0,-9999.0
2025-05-09 02:40:01,3949.0,-0.522964,26.4409,7.00209,116.701,9.39401,2.01259,0,-9999,-9999,-9999,-9999,-9999.0,-9999.0,-9999.0,-9999.0,-9999.0
2025-05-09 02:40:06,3954.0,-0.529901,26.4363,7.0019,116.564,9.38382,0,0,-9999,-9999,-9999,-9999,-9999.0,-9999.0,-9999.0,-9999.0,-9999.0
2025-05-09 02:40:11,3959.0,-0.524946,26.431,6.99434,115.842,9.32654,1.19601,0,-9999,-9999,-9999,-9999,-9999.0,-9999.0,-9999.0,-9999.0,-9999.0
2025-05-09 02:40:16,3964.0,-0.52891,26.4347,6.99738,116,9.33865,0.524522,0,-9999,-9999,-9999,-9999,-9999.0,-9999.0,-9999.0,-9999.0,-9999.0
2025-05-09 02:40:21,3969.0,-0.524946,26.4272,6.99325,115.81,9.32462,0.466564,0,-9999,-9999,-9999,-9999,-9999.0,-9999.0,-9999.0,-9999.0,-9999.0
2025-05-09 02:40:27,3975.0,-0.527919,26.4457,0,116.117,9.34622,0,0,-9999,-9999,-9999,-9999,-9999.0,-9999.0,-9999.0,-9999.0,-9999.0
2025-05-09 02:40:32,3980.0,-0.52891,26.4391,6.9576,115.162,9.27042,0.266814,0,-9999,-9999,-9999,-9999,-9999.0,-9999.0,-9999.0,-9999.0,-9999.0
2025-05-09 02:40:37,3985.0,-0.526928,26.4344,6.98937,115.806,9.3231,0,0,-9999,-9999,-9999,-9999,-9999.0,-9999.0,-9999.0,-9999.0,-9999.0
2025-05-09 02:40:43,3991.0,-0.523955,26.4412,6.99162,117.08,9.4245,0.187994,0,-9999,-9999,-9999,-9999,-9999.0,-9999.0,-9999.0,-9999.0,-9999.0
2025-05-09 02:40:48,3996.0,-0.527919,26.4486,6.99398,117.549,9.46094,0.121422,0,-9999,-9999,-9999,-9999,-9999.0,-9999.0,-9999.0,-9999.0,-9999.0
2025-05-09 02:40:53,4001.0,-0.529901,26.4347,6.99707,117.55,9.46339,0,0,-9999,-9999,-9999,-9999,-9999.0,-9999.0,-9999.0,-9999.0,-9999.0
2025-05-09 02:40:58,4006.0,-0.37729,26.4405,7.00662,116.844,9.40563,0.540878,0,-9999,-9999,-9999,-9999,-9999.0,-9999.0,-9999.0,-9999.0,-9999.0
2025-05-09 02:41:04,4012.0,-0.309904,0,7.01353,117.242,9.43717,0.762748,0,-9999,-9999,-9999,-9999,-9999.0,-9999.0,-9999.0,-9999.0,-9999.0
2025-05-09 02:41:09,4017.0,-0.0215294,26.4524,7.01118,117.181,9.43073,1.40633,0,-9999,-9999,-9999,-9999,-9999.0,-9999.0,-9999.0,-9999.0,-9999.0
2025-05-09 02:41:15,4023.0,0,26.4385,7.00981,115.896,9.32963,0.70385,0,-9999,-9999,-9999,-9999,-9999.0,-9999.0,-9999.0,-9999.0,-9999.0
2025-05-09 02:41:20,4028.0,0.606751,26.4403,7.01425,116.874,9.40807,0,0,-9999,-9999,-9999,-9999,-9999.0,-9999.0,-9999.0,-9999.0,-9999.0
2025-05-09 02:41:25,4033.0,0.825757,26.4443,7.01608,117.129,9.42791,0,0,-9999,-9999,-9999,-9999,-9999.0,-9999.0,-9999.0,-9999.0,-9999.0
2025-05-09 02:41:30,4038.0,1.09332,26.4431,7.02455,118.474,9.5364,0,0,-9999,-9999,-9999,-9999,-9999.0,-9999.0,-9999.0,-9999.0,-9999.0
2025-05-09 02:41:36,4044.0,1.40449,26.4385,7.02425,119.112,9.5885,0,0,-9999,-9999,-9999,-9999,-9999.0,-9999.0,-9999.0,-9999.0,-9999.0
2025-05-09 02:41:41,4049.0,1.70574,26.4481,7.02962,118.837,9.56477,0,0,-9999,-9999,-9999,-9999,-9999.0,-9999.0,-9999.0,-9999.0,-9999.0
2025-05-09 02:41:46,4054.0,1.96935,26.4485,7.03147,119.298,9.60176,0.0904563,0,-9999,-9999,-9999,-9999,-9999.0,-9999.0,-9999.0,-9999.0,-9999.0
2025-05-09 02:41:51,4059.0,2.15466,26.4496,7.0311,119.833,9.64467,0,0,-9999,-9999,-9999,-9999,-9999.0,-9999.0,-9999.0,-9999.0,-9999.0
2025-05-09 02:41:56,4064.0,2.46285,26.4426,7.02861,119.9,9.65121,0,0,-9999,-9999,-9999,-9999,-9999.0,-9999.0,-9999.0,-9999.0,-9999.0
2025-05-09 02:42:02,4070.0,2.77303,26.4535,7.02647,120.818,9.7232,0,0,-9999,-9999,-9999,-9999,-9999.0,-9999.0,-9999.0,-9999.0,-9999.0
2025-05-09 02:42:07,4075.0,3.0505,26.4506,7.02838,121.078,9.74463,0,0,-9999,-9999,-9999,-9999,-9999.0,-9999.0,-9999.0,-9999.0,-9999.0
2025-05-09 02:42:12,4080.0,3.49644,26.4515,7.02646,120.349,9.68647,0,0.467597,-9999,-9999,-9999,-9999,-9999.0,-9999.0,-9999.0,-9999.0,-9999.0
2025-05-09 02:42:18,4086.0,3.64112,26.4397,7.02602,121.326,9.76654,3.60116,20.1659,-9999,-9999,-9999,-9999,-9999.0,-9999.0,-9999.0,-9999.0,-9999.0
2025-05-09 02:42:23,4091.0,3.64905,26.4518,7.02628,121.191,9.75356,7.5616,2.10241,-9999,-9999,-9999,-9999,-9999.0,-9999.0,-9999.0,-9999.0,-9999.0
2025-05-09 02:42:28,4096.0,3.63914,26.4493,7.0275,122.234,9.83796,7.40645,2.12552,-9999,-9999,-9999,-9999,-9999.0,-9999.0,-9999.0,-9999.0,-9999.0
2025-05-09 02:42:34,4102.0,3.64806,26.4422,7.02679,121.779,9.80256,7.54431,0,-9999,-9999,-9999,-9999,-9999.0,-9999.0,-9999.0,-9999.0,-9999.0
2025-05-09 02:42:39,4107.0,3.44293,26.4492,7.0191,121.876,9.80912,2.48306,6.07154,-9999,-9999,-9999,-9999,-9999.0,-9999.0,-9999.0,-9999.0,-9999.0
2025-05-09 02:42:44,4112.0,3.22194,26.4425,7.01858,121.207,9.75649,0,1.20105,-9999,-9999,-9999,-9999,-9999.0,-9999.0,-9999.0,-9999.0,-9999.0
2025-05-09 02:42:49,4117.0,3.02573,26.4477,7.01651,121.454,9.77547,0.663337,0.117773,-9999,-9999,-9999,-9999,-9999.0,-9999.0,-9999.0,-9999.0,-9999.0
2025-05-09 02:42:55,4123.0,2.73339,26.4515,7.01593,120.345,9.6855,0.0494534,0,-9999,-9999,-9999,-9999,-9999.0,-9999.0,-9999.0,-9999.0,-9999.0
2025-05-09 02:43:00,4128.0,2.53222,26.4446,7.0133,120.129,9.66935,0,0,-9999,-9999,-9999,-9999,-9999.0,-9999.0,-9999.0,-9999.0,-9999.0
2025-05-09 02:43:05,4133.0,2.29736,26.4549,7.01391,120.689,9.71259,1.96555,0,-9999,-9999,-9999,-9999,-9999.0,-9999.0,-9999.0,-9999.0,-9999.0
2025-05-09 02:43:10,4138.0,1.99313,26.4508,7.01347,119.827,9.64395,0.360879,0,-9999,-9999,-9999,-9999,-9999.0,-9999.0,-9999.0,-9999.0,-9999.0
2025-05-09 02:43:15,4143.0,1.80484,26.4448,7.01239,120.385,9.68992,0,0,-9999,-9999,-9999,-9999,-9999.0,-9999.0,-9999.0,-9999.0,-9999.0
2025-05-09 02:43:21,4149.0,1.5244,26.4454,7.00922,119.669,9.63215,0,0,-9999,-9999,-9999,-9999,-9999.0,-9999.0,-9999.0,-9999.0,-9999.0
2025-05-09 02:43:26,4154.0,1.21422,26.4519,0,118.983,9.5758,0.456244,0,-9999,-9999,-9999,-9999,-9999.0,-9999.0,-9999.0,-9999.0,-9999.0
2025-05-09 02:43:31,4159.0,1.06359,26.4532,7.00928,118.49,9.53593,0,0,-9999,-9999,-9999,-9999,-9999.0,-9999.0,-9999.0,-9999.0,-9999.0
2025-05-09 02:43:37,4165.0,0.74846,26.449,7.00828,117.469,9.4545,0.0416556,0,-9999,-9999,-9999,-9999,-9999.0,-9999.0,-9999.0,-9999.0,-9999.0
2025-05-09 02:43:42,4170.0,0.481887,26.4487,7.00702,118.068,9.50274,0,0,-9999,-9999,-9999,-9999,-9999.0,-9999.0,-9999.0,-9999.0,-9999.0
2025-05-09 02:43:47,4175.0,-0.0145925,26.4558,7.00947,117.436,9.45089,0.528456,0,-9999,-9999,-9999,-9999,-9999.0,-9999.0,-9999.0,-9999.0,-9999.0
2025-05-09 02:43:52,4180.0,-0.230626,26.4573,7.01303,117.427,9.44993,0,0,-9999,-9999,-9999,-9999,-9999.0,-9999.0,-9999.0,-9999.0,-9999.0
2025-05-09 02:43:57,4185.0,-0.475397,26.4598,7.00893,118.71,9.55253,0,0,-9999,-9999,-9999,-9999,-9999.0,-9999.0,-9999.0,-9999.0,-9999.0
2025-05-09 02:44:03,4191.0,-0.519,26.4579,7.00501,118.538,9.53897,0.00166679,0,-9999,-9999,-9999,-9999,-9999.0,-9999.0,-9999.0,-9999.0,-9999.0
2025-05-09 02:44:08,4196.0,-0.515036,26.4532,7.00233,118.409,9.52938,0,0,-9999,-9999,-9999,-9999,-9999.0,-9999.0,-9999.0,-9999.0,-9999.0
2025-05-09 02:44:13,4201.0,-0.522964,26.4512,6.99981,118.312,9.52195,0,0,-9999,-9999,-9999,-9999,-9999.0,-9999.0,-9999.0,-9999.0,-9999.0
2025-05-09 02:44:18,4206.0,-0.516027,26.4685,7.00347,118.156,9.50644,0,0,-9999,-9999,-9999,-9999,-9999.0,-9999.0,-9999.0,-9999.0,-9999.0
2025-05-09 02:44:23,4211.0,-0.525937,26.4539,6.99865,117.928,9.49059,0,0,-9999,-9999,-9999,-9999,-9999.0,-9999.0,-9999.0,-9999.0,-9999.0
2025-05-09 02:44:29,4217.0,-0.519991,26.4614,7.00097,118.235,9.51404,0,0,-9999,-9999,-9999,-9999,-9999.0,-9999.0,-9999.0,-9999.0,-9999.0
2025-05-09 02:44:34,4222.0,-0.398101,26.4669,7.00149,116.95,9.40968,0,0,-9999,-9999,-9999,-9999,-9999.0,-9999.0,-9999.0,-9999.0,-9999.0
2025-05-09 02:44:39,4227.0,-0.199905,26.4595,7.00979,116.626,9.38486,0,0,-9999,-9999,-9999,-9999,-9999.0,-9999.0,-9999.0,-9999.0,-9999.0
2025-05-09 02:44:45,4233.0,0.0220736,0,7.0115,116.312,9.36084,0.442524,0,-9999,-9999,-9999,-9999,-9999.0,-9999.0,-9999.0,-9999.0,-9999.0
2025-05-09 02:44:50,4238.0,0.325313,26.4445,7.00694,116.372,9.36691,0.938441,0,-9999,-9999,-9999,-9999,-9999.0,-9999.0,-9999.0,-9999.0,-9999.0
2025-05-09 02:44:55,4243.0,0.639453,26.4529,7.00354,115.906,9.32804,0,0,-9999,-9999,-9999,-9999,-9999.0,-9999.0,-9999.0,-9999.0,-9999.0
2025-05-09 02:45:00,4248.0,0.90008,26.4378,7.00486,117.423,9.4527,0.233005,0,-9999,-9999,-9999,-9999,-9999.0,-9999.0,-9999.0,-9999.0,-9999.0
2025-05-09 02:45:05,4253.0,1.10819,26.4465,7.0064,117.515,9.45859,0.201352,0,-9999,-9999,-9999,-9999,-9999.0,-9999.0,-9999.0,-9999.0,-9999.0
2025-05-09 02:45:11,4259.0,1.42728,26.4433,7.00643,117.944,9.49372,0,0,-9999,-9999,-9999,-9999,-9999.0,-9999.0,-9999.0,-9999.0,-9999.0
2025-05-09 02:45:16,4264.0,1.72854,26.4422,7.00707,118.941,9.57415,0,0,-9999,-9999,-9999,-9999,-9999.0,-9999.0,-9999.0,-9999.0,-9999.0
2025-05-09 02:45:21,4269.0,2.02187,26.4307,7.00734,118.835,9.56755,0,0,-9999,-9999,-9999,-9999,-9999.0,-9999.0,-9999.0,-9999.0,-9999.0
2025-05-09 02:45:26,4274.0,2.20322,26.4349,7.00826,119.769,9.64202,0.5747,0,-9999,-9999,-9999,-9999,-9999.0,-9999.0,-9999.0,-9999.0,-9999.0
2025-05-09 02:45:31,4279.0,2.48763,26.4234,7.00971,119.595,9.63001,1.43937,0,-9999,-9999,-9999,-9999,-9999.0,-9999.0,-9999.0,-9999.0,-9999.0
2025-05-09 02:45:37,4285.0,2.78096,0,7.01123,120.537,9.70496,0,0,-9999,-9999,-9999,-9999,-9999.0,-9999.0,-9999.0,-9999.0,-9999.0
2025-05-09 02:45:43,4291.0,3.26554,26.4357,7.01309,121.023,9.74287,0,0.274019,-9999,-9999,-9999,-9999,-9999.0,-9999.0,-9999.0,-9999.0,-9999.0
2025-05-09 02:45:48,4296.0,3.50437,26.4417,7.01939,120.963,9.73699,0,0.241921,-9999,-9999,-9999,-9999,-9999.0,-9999.0,-9999.0,-9999.0,-9999.0
2025-05-09 02:45:53,4301.0,3.70653,26.4377,7.02476,122.33,9.84773,6.58114,2.09609,-9999,-9999,-9999,-9999,-9999.0,-9999.0,-9999.0,-9999.0,-9999.0
2025-05-09 02:45:59,4307.0,0,26.4303,7.02602,121.488,9.78121,2.86078,16.2778,-9999,-9999,-9999,-9999,-9999.0,-9999.0,-9999.0,-9999.0,-9999.0
2025-05-09 02:46:04,4312.0,3.71148,26.444,7.02462,122.432,9.85483,6.26977,15.8042,-9999,-9999,-9999,-9999,-9999.0,-9999.0,-9999.0,-9999.0,-9999.0
2025-05-09 02:46:09,4317.0,3.7095,26.4493,7.02241,122.604,9.86769,4.09341,15.8564,-9999,-9999,-9999,-9999,-9999.0,-9999.0,-9999.0,-9999.0,-9999.0
2025-05-09 02:46:18,4326.0,0,0,0,0,0,0,0,-9999,-9999,-9999,-9999,-9999.0,-9999.0,-9999.0,-9999.0,-9999.0
2025-05-09 02:46:26,4334.0,0,0,0,0,0,0,0,-9999,-9999,-9999,-9999,-9999.0,-9999.0,-9999.0,-9999.0,-9999.0
2025-05-09 02:46:35,4343.0,0,0,0,0,0,0,0,-9999,-9999,-9999,-9999,-9999.0,-9999.0,-9999.0,-9999.0,-9999.0
2025-05-09 02:46:43,4351.0,0,0,0,0,0,0,0,-9999,-9999,-9999,-9999,-9999.0,-9999.0,-9999.0,-9999.0,-9999.0
2025-05-09 02:46:52,4360.0,0,0,0,0,0,0,0,-9999,-9999,-9999,-9999,-9999.0,-9999.0,-9999.0,-9999.0,-9999.0
2025-05-09 02:47:00,4368.0,0,0,0,0,0,0,0,-9999,-9999,-9999,-9999,-9999.0,-9999.0,-9999.0,-9999.0,-9999.0
2025-05-09 02:47:09,4377.0,0,0,0,0,0,0,0,-9999,-9999,-9999,-9999,-9999.0,-9999.0,-9999.0,-9999.0,-9999.0
2025-05-09 02:47:17,4385.0,0,0,0,0,0,0,0,-9999,-9999,-9999,-9999,-9999.0,-9999.0,-9999.0,-9999.0,-9999.0
2025-05-09 02:47:26,4394.0,0,0,0,0,0,0,0,-9999,-9999,-9999,-9999,-9999.0,-9999.0,-9999.0,-9999.0,-9999.0
2025-05-09 02:47:34,4402.0,0,0,0,0,0,0,0,-9999,-9999,-9999,-9999,-9999.0,-9999.0,-9999.0,-9999.0,-9999.0
2025-05-09 02:47:43,4411.0,0,0,0,0,0,0,0,-9999,-9999,-9999,-9999,-9999.0,-9999.0,-9999.0,-9999.0,-9999.0
2025-05-09 02:47:51,4419.0,0,0,0,0,0,0,0,-9999,-9999,-9999,-9999,-9999.0,-9999.0,-9999.0,-9999.0,-9999.0
2025-05-09 02:48:00,4428.0,0,0,0,0,0,0,0,-9999,-9999,-9999,-9999,-9999.0,-9999.0,-9999.0,-9999.0,-9999.0
2025-05-09 02:48:08,4436.0,0,0,0,0,0,0,0,-9999,-9999,-9999,-9999,-9999.0,-9999.0,-9999.0,-9999.0,-9999.0
2025-05-09 02:48:17,4445.0,0,0,0,0,0,0,0,-9999,-9999,-9999,-9999,-9999.0,-9999.0,-9999.0,-9999.0,-9999.0
2025-05-09 02:48:25,4453.0,0,0,0,0,0,0,0,-9999,-9999,-9999,-9999,-9999.0,-9999.0,-9999.0,-9999.0,-9999.0
2025-05-09 02:48:34,4462.0,0,0,0,0,0,0,0,-9999,-9999,-9999,-9999,-9999.0,-9999.0,-9999.0,-9999.0,-9999.0
2025-05-09 02:48:42,4470.0,0,0,0,0,0,0,0,-9999,-9999,-9999,-9999,-9999.0,-9999.0,-9999.0,-9999.0,-9999.0
2025-05-09 02:48:51,4479.0,0,0,0,0,0,0,0,-9999,-9999,-9999,-9999,-9999.0,-9999.0,-9999.0,-9999.0,-9999.0
2025-05-09 02:48:59,4487.0,0,0,0,0,0,0,0,-9999,-9999,-9999,-9999,-9999.0,-9999.0,-9999.0,-9999.0,-9999.0
2025-05-09 02:49:08,4496.0,0,0,0,0,0,0,0,-9999,-9999,-9999,-9999,-9999.0,-9999.0,-9999.0,-9999.0,-9999.0
2025-05-09 02:49:16,4504.0,0,0,0,0,0,0,0,-9999,-9999,-9999,-9999,-9999.0,-9999.0,-9999.0,-9999.0,-9999.0
2025-05-09 02:49:25,4513.0,0,0,0,0,0,0,0,-9999,-9999,-9999,-9999,-9999.0,-9999.0,-9999.0,-9999.0,-9999.0
2025-05-09 02:49:33,4521.0,0,0,0,0,0,0,0,-9999,-9999,-9999,-9999,-9999.0,-9999.0,-9999.0,-9999.0,-9999.0
2025-05-09 02:49:42,4530.0,0,0,0,0,0,0,0,-9999,-9999,-9999,-9999,-9999.0,-9999.0,-9999.0,-9999.0,-9999.0
2025-05-09 02:49:50,4538.0,0,0,0,0,0,0,0,-9999,-9999,-9999,-9999,-9999.0,-9999.0,-9999.0,-9999.0,-9999.0
2025-05-09 02:49:59,4547.0,0,0,0,0,0,0,0,-9999,-9999,-9999,-9999,-9999.0,-9999.0,-9999.0,-9999.0,-9999.0
2025-05-09 02:50:07,4555.0,0,0,0,0,0,0,0,-9999,-9999,-9999,-9999,-9999.0,-9999.0,-9999.0,-9999.0,-9999.0
2025-05-09 02:50:16,4564.0,0,0,0,0,0,0,0,-9999,-9999,-9999,-9999,-9999.0,-9999.0,-9999.0,-9999.0,-9999.0
2025-05-09 02:50:24,4572.0,0,0,0,0,0,0,0,-9999,-9999,-9999,-9999,-9999.0,-9999.0,-9999.0,-9999.0,-9999.0
2025-05-09 02:50:33,4581.0,0,0,0,0,0,0,0,-9999,-9999,-9999,-9999,-9999.0,-9999.0,-9999.0,-9999.0,-9999.0
2025-05-09 02:50:41,4589.0,0,0,0,0,0,0,0,-9999,-9999,-9999,-9999,-9999.0,-9999.0,-9999.0,-9999.0,-9999.0
2025-05-09 02:50:50,4598.0,0,0,0,0,0,0,0,-9999,-9999,-9999,-9999,-9999.0,-9999.0,-9999.0,-9999.0,-9999.0
2025-05-09 02:50:58,4606.0,0,0,0,0,0,0,0,-9999,-9999,-9999,-9999,-9999.0,-9999.0,-9999.0,-9999.0,-9999.0
2025-05-09 02:51:07,4615.0,0,0,0,0,0,0,0,-9999,-9999,-9999,-9999,-9999.0,-9999.0,-9999.0,-9999.0,-9999.0
2025-05-09 02:51:15,4623.0,0,0,0,0,0,0,0,-9999,-9999,-9999,-9999,-9999.0,-9999.0,-9999.0,-9999.0,-9999.0
2025-05-09 02:51:24,4632.0,0,0,0,0,0,0,0,-9999,-9999,-9999,-9999,-9999.0,-9999.0,-9999.0,-9999.0,-9999.0
2025-05-09 02:51:32,4640.0,0,0,0,0,0,0,0,-9999,-9999,-9999,-9999,-9999.0,-9999.0,-9999.0,-9999.0,-9999.0
2025-05-09 02:51:41,4649.0,0,0,0,0,0,0,0,-9999,-9999,-9999,-9999,-9999.0,-9999.0,-9999.0,-9999.0,-9999.0
2025-05-09 02:51:49,4657.0,0,0,0,0,0,0,0,-9999,-9999,-9999,-9999,-9999.0,-9999.0,-9999.0,-9999.0,-9999.0
2025-05-09 02:51:58,4666.0,0,0,0,0,0,0,0,-9999,-9999,-9999,-9999,-9999.0,-9999.0,-9999.0,-9999.0,-9999.0
2025-05-09 02:52:06,4674.0,0,0,0,0,0,0,0,-9999,-9999,-9999,-9999,-9999.0,-9999.0,-9999.0,-9999.0,-9999.0
2025-05-09 02:52:15,4683.0,0,0,0,0,0,0,0,-9999,-9999,-9999,-9999,-9999.0,-9999.0,-9999.0,-9999.0,-9999.0
2025-05-09 02:52:23,4691.0,0,0,0,0,0,0,0,-9999,-9999,-9999,-9999,-9999.0,-9999.0,-9999.0,-9999.0,-9999.0
2025-05-09 02:52:32,4700.0,0,0,0,0,0,0,0,-9999,-9999,-9999,-9999,-9999.0,-9999.0,-9999.0,-9999.0,-9999.0
2025-05-09 02:52:40,4708.0,0,0,0,0,0,0,0,-9999,-9999,-9999,-9999,-9999.0,-9999.0,-9999.0,-9999.0,-9999.0
2025-05-09 02:52:49,4717.0,0,0,0,0,0,0,0,-9999,-9999,-9999,-9999,-9999.0,-9999.0,-9999.0,-9999.0,-9999.0
2025-05-09 02:52:57,4725.0,0,0,0,0,0,0,0,-9999,-9999,-9999,-9999,-9999.0,-9999.0,-9999.0,-9999.0,-9999.0
2025-05-09 02:53:06,4734.0,0,0,0,0,0,0,0,-9999,-9999,-9999,-9999,-9999.0,-9999.0,-9999.0,-9999.0,-9999.0
2025-05-09 02:53:14,4742.0,0,0,0,0,0,0,0,-9999,-9999,-9999,-9999,-9999.0,-9999.0,-9999.0,-9999.0,-9999.0
2025-05-09 02:53:23,4751.0,0,0,0,0,0,0,0,-9999,-9999,-9999,-9999,-9999.0,-9999.0,-9999.0,-9999.0,-9999.0
2025-05-09 02:53:31,4759.0,0,0,0,0,0,0,0,-9999,-9999,-9999,-9999,-9999.0,-9999.0,-9999.0,-9999.0,-9999.0
2025-05-09 02:53:40,4768.0,0,0,0,0,0,0,0,-9999,-9999,-9999,-9999,-9999.0,-9999.0,-9999.0,-9999.0,-9999.0
2025-05-09 02:53:48,4776.0,0,0,0,0,0,0,0,-9999,-9999,-9999,-9999,-9999.0,-9999.0,-9999.0,-9999.0,-9999.0
2025-05-09 02:53:57,4785.0,0,0,0,0,0,0,0,-9999,-9999,-9999,-9999,-9999.0,-9999.0,-9999.0,-9999.0,-9999.0
2025-05-09 02:54:05,4793.0,0,0,0,0,0,0,0,-9999,-9999,-9999,-9999,-9999.0,-9999.0,-9999.0,-9999.0,-9999.0
2025-05-09 02:54:14,4802.0,0,0,0,0,0,0,0,-9999,-9999,-9999,-9999,-9999.0,-9999.0,-9999.0,-9999.0,-9999.0
2025-05-09 02:54:22,4810.0,0,0,0,0,0,0,0,-9999,-9999,-9999,-9999,-9999.0,-9999.0,-9999.0,-9999.0,-9999.0
2025-05-09 02:54:31,4819.0,0,0,0,0,0,0,0,-9999,-9999,-9999,-9999,-9999.0,-9999.0,-9999.0,-9999.0,-9999.0
2025-05-09 02:54:39,4827.0,0,0,0,0,0,0,0,-9999,-9999,-9999,-9999,-9999.0,-9999.0,-9999.0,-9999.0,-9999.0
2025-05-09 02:54:48,4836.0,0,0,0,0,0,0,0,-9999,-9999,-9999,-9999,-9999.0,-9999.0,-9999.0,-9999.0,-9999.0
2025-05-09 02:54:56,4844.0,0,0,0,0,0,0,0,-9999,-9999,-9999,-9999,-9999.0,-9999.0,-9999.0,-9999.0,-9999.0
2025-05-09 02:55:05,4853.0,0,0,0,0,0,0,0,-9999,-9999,-9999,-9999,-9999.0,-9999.0,-9999.0,-9999.0,-9999.0
2025-05-09 02:55:13,4861.0,0,0,0,0,0,0,0,-9999,-9999,-9999,-9999,-9999.0,-9999.0,-9999.0,-9999.0,-9999.0
2025-05-09 02:55:22,4870.0,0,0,0,0,0,0,0,-9999,-9999,-9999,-9999,-9999.0,-9999.0,-9999.0,-9999.0,-9999.0
2025-05-09 02:55:30,4878.0,0,0,0,0,0,0,0,-9999,-9999,-9999,-9999,-9999.0,-9999.0,-9999.0,-9999.0,-9999.0
2025-05-09 02:55:39,4887.0,0,0,0,0,0,0,0,-9999,-9999,-9999,-9999,-9999.0,-9999.0,-9999.0,-9999.0,-9999.0
2025-05-09 02:55:47,4895.0,0,0,0,0,0,0,0,-9999,-9999,-9999,-9999,-9999.0,-9999.0,-9999.0,-9999.0,-9999.0
2025-05-09 02:55:56,4904.0,0,0,0,0,0,0,0,-9999,-9999,-9999,-9999,-9999.0,-9999.0,-9999.0,-9999.0,-9999.0
2025-05-09 02:56:04,4912.0,0,0,0,0,0,0,0,-9999,-9999,-9999,-9999,-9999.0,-9999.0,-9999.0,-9999.0,-9999.0
2025-05-09 02:56:13,4921.0,0,0,0,0,0,0,0,-9999,-9999,-9999,-9999,-9999.0,-9999.0,-9999.0,-9999.0,-9999.0
2025-05-09 02:56:21,4929.0,0,0,0,0,0,0,0,-9999,-9999,-9999,-9999,-9999.0,-9999.0,-9999.0,-9999.0,-9999.0
2025-05-09 02:56:30,4938.0,0,0,0,0,0,0,0,-9999,-9999,-9999,-9999,-9999.0,-9999.0,-9999.0,-9999.0,-9999.0
2025-05-09 02:56:38,4946.0,0,0,0,0,0,0,0,-9999,-9999,-9999,-9999,-9999.0,-9999.0,-9999.0,-9999.0,-9999.0
2025-05-09 02:56:47,4955.0,0,0,0,0,0,0,0,-9999,-9999,-9999,-9999,-9999.0,-9999.0,-9999.0,-9999.0,-9999.0
2025-05-09 02:56:55,4963.0,0,0,0,0,0,0,0,-9999,-9999,-9999,-9999,-9999.0,-9999.0,-9999.0,-9999.0,-9999.0
2025-05-09 02:57:04,4972.0,0,0,0,0,0,0,0,-9999,-9999,-9999,-9999,-9999.0,-9999.0,-9999.0,-9999.0,-9999.0
2025-05-09 02:57:12,4980.0,0,0,0,0,0,0,0,-9999,-9999,-9999,-9999,-9999.0,-9999.0,-9999.0,-9999.0,-9999.0
2025-05-09 02:57:21,4989.0,0,0,0,0,0,0,0,-9999,-9999,-9999,-9999,-9999.0,-9999.0,-9999.0,-9999.0,-9999.0
2025-05-09 02:57:29,4997.0,0,0,0,0,0,0,0,-9999,-9999,-9999,-9999,-9999.0,-9999.0,-9999.0,-9999.0,-9999.0
2025-05-09 02:57:38,5006.0,0,0,0,0,0,0,0,-9999,-9999,-9999,-9999,-9999.0,-9999.0,-9999.0,-9999.0,-9999.0
2025-05-09 02:57:46,5014.0,0,0,0,0,0,0,0,-9999,-9999,-9999,-9999,-9999.0,-9999.0,-9999.0,-9999.0,-9999.0
2025-05-09 02:57:55,5023.0,0,0,0,0,0,0,0,-9999,-9999,-9999,-9999,-9999.0,-9999.0,-9999.0,-9999.0,-9999.0
2025-05-09 02:58:03,5031.0,0,0,0,0,0,0,0,-9999,-9999,-9999,-9999,-9999.0,-9999.0,-9999.0,-9999.0,-9999.0
2025-05-09 02:58:12,5040.0,0,0,0,0,0,0,0,-9999,-9999,-9999,-9999,-9999.0,-9999.0,-9999.0,-9999.0,-9999.0
2025-05-09 02:58:21,5049.0,0,0,0,0,0,0,0,-9999,-9999,-9999,-9999,-9999.0,-9999.0,-9999.0,-9999.0,-9999.0
2025-05-09 02:58:29,5057.0,0,0,0,0,0,0,0,-9999,-9999,-9999,-9999,-9999.0,-9999.0,-9999.0,-9999.0,-9999.0
2025-05-09 02:58:38,5066.0,0,0,0,0,0,0,0,-9999,-9999,-9999,-9999,-9999.0,-9999.0,-9999.0,-9999.0,-9999.0
2025-05-09 02:58:46,5074.0,0,0,0,0,0,0,0,-9999,-9999,-9999,-9999,-9999.0,-9999.0,-9999.0,-9999.0,-9999.0
2025-05-09 02:58:55,5083.0,0,0,0,0,0,0,0,-9999,-9999,-9999,-9999,-9999.0,-9999.0,-9999.0,-9999.0,-9999.0
2025-05-09 02:59:03,5091.0,0,0,0,0,0,0,0,-9999,-9999,-9999,-9999,-9999.0,-9999.0,-9999.0,-9999.0,-9999.0
2025-05-09 02:59:12,5100.0,0,0,0,0,0,0,0,-9999,-9999,-9999,-9999,-9999.0,-9999.0,-9999.0,-9999.0,-9999.0
2025-05-09 02:59:20,5108.0,0,0,0,0,0,0,0,-9999,-9999,-9999,-9999,-9999.0,-9999.0,-9999.0,-9999.0,-9999.0
2025-05-09 02:59:29,5117.0,0,0,0,0,0,0,0,-9999,-9999,-9999,-9999,-9999.0,-9999.0,-9999.0,-9999.0,-9999.0
2025-05-09 02:59:37,5125.0,0,0,0,0,0,0,0,-9999,-9999,-9999,-9999,-9999.0,-9999.0,-9999.0,-9999.0,-9999.0
2025-05-09 02:59:46,5134.0,0,0,0,0,0,0,0,-9999,-9999,-9999,-9999,-9999.0,-9999.0,-9999.0,-9999.0,-9999.0
0,0,0,0,0,0,0,0,0,-9999,-9999,-9999,-9999,-9999.0,-9999.0,-9999.0,-9999.0,-9999.0
0,0,0,0,0,0,0,0,0,-9999,-9999,-9999,-9999,-9999.0,-9999.0,-9999.0,-9999.0,-9999.0
0,0,0,0,0,0,0,0,0,-9999,-9999,-9999,-9999,-9999.0,-9999.0,-9999.0,-9999.0,-9999.0
0,0,0,0,0,0,0,0,0,-9999,-9999,-9999,-9999,-9999.0,-9999.0,-9999.0,-9999.0,-9999.0
0,0,0,0,0,0,0,0,0,-9999,-9999,-9999,-9999,-9999.0,-9999.0,-9999.0,-9999.0,-9999.0
0,0,0,0,0,0,0,0,0,-9999,-9999,-9999,-9999,-9999.0,-9999.0,-9999.0,-9999.0,-9999.0
0,0,0,0,0,0,0,0,0,-9999,-9999,-9999,-9999,-9999.0,-9999.0,-9999.0,-9999.0,-9999.0
0,0,0,0,0,0,0,0,0,-9999,-9999,-9999,-9999,-9999.0,-9999.0,-9999.0,-9999.0,-9999.0
