fecha utc,t_x,x,t_y,y,t_lat,lat,t_lon,lon,t_utm_zone,utm_zone,t_u,u_raw,t_v,v_raw,t_du,du_raw,t_dv,dv_raw,t_orientacion,orientacion_raw,t_theta,theta,t_T_L,throttle_L,t_T_R,throttle_R,t_Ah,Ah,t_static_control,static_control,Profundidad,Temperatura,pH,DO_SAT,DO,Blue,Chl
2025-05-16 09:30:24.500000,4.031,62.559394499999996,4.031,-14.597843099999999,4.42,40.3758414,4.42,-3.7040583999999996,4.068,30.0,4.031,0.0298832,4.031,0.0099598,4.031,0.0107426,4.031,-0.0654322,4.419,2.706338,4.031,71.56723695434444,4.422,45.0,4.422,45.0,6.685,2.299266,4.811,0.0,Null,Null,Null,Null,Null,Null,Null
2025-05-16 09:30:25,4.422,62.5476756,4.422,-14.5900305,4.681,40.375841099999995,4.681,-3.7040582,4.558,30.0,4.422,-0.06973,4.422,0.0597683,4.422,0.0332044,4.422,0.0722684,4.419,2.706338,4.422,-49.39883392407007,4.422,45.0,4.422,45.0,6.685,2.299266,4.811,0.0,Null,Null,Null,Null,Null,Null,Null
2025-05-16 09:30:25.250000,4.959,62.48908109999999,4.959,-14.547061199999998,5.009,40.3758409,5.009,-3.7040579,4.814,30.0,4.959,0.0298832,4.959,-0.0099598,4.959,0.0,4.959,-0.0166022,4.713,2.704787,4.959,-11.30825116116451,4.861,45.0,4.861,45.0,6.685,2.299266,4.811,0.0,Null,Null,Null,Null,Null,Null,Null
2025-05-16 09:30:25.750000,5.256,62.477362199999995,5.256,-14.539248599999999,5.426,40.3758408,5.426,-3.7040577999999997,5.304,30.0,5.256,-0.0597683,5.256,0.0597683,5.256,-0.0166022,5.256,0.043947,5.254,2.706225,5.256,108.43276304565558,5.416,45.0,5.416,45.0,6.685,2.299266,4.811,0.0,Null,Null,Null,Null,Null,Null,Null
2025-05-16 09:30:26,5.562,62.450018099999994,5.562,-14.539248599999999,5.727,40.375840499999995,5.727,-3.7040575,5.563,30.0,5.562,0.0199215,5.562,0.0199215,5.562,-0.004883,5.562,-0.034181,5.254,2.706225,5.562,-45.0,5.416,45.0,5.416,45.0,6.685,2.299266,4.811,0.0,Null,Null,Null,Null,Null,Null,Null
2025-05-16 09:30:26.250000,5.881,62.438299199999996,5.881,-14.5197171,6.066,40.3758404,6.066,-3.7040574,5.81,30.0,5.881,-0.0199215,5.881,0.0099598,5.881,0.0224618,5.881,0.0058595999999999995,5.729,2.706619,5.881,45.0,5.88,45.0,5.88,45.0,6.685,2.299266,5.808,0.0,Null,Null,Null,Null,Null,Null,Null
2025-05-16 09:30:26.750000,6.153,62.430486599999995,6.153,-14.5079982,6.417,40.375840499999995,6.417,-3.7040572999999997,6.3,30.0,6.153,0.0298832,6.153,0.0199215,6.153,-0.0009766,6.153,-0.011719199999999999,6.234,2.702281,6.153,-63.43713468357687,6.353,45.0,6.353,45.0,6.685,2.299266,5.808,0.0,Null,Null,Null,Null,Null,Null,Null
2025-05-16 09:30:27,6.442,62.450018099999994,6.442,-14.5079982,6.811,40.3758403,6.811,-3.7040572,6.547,30.0,6.442,-0.0099598,6.442,0.0,6.442,-0.0449236,6.442,-0.0322278,6.702,2.703265,6.442,56.310773155117566,6.353,45.0,6.353,45.0,6.685,2.299266,5.808,0.0,Null,Null,Null,Null,Null,Null,Null
2025-05-16 09:30:27.500000,7.048,62.4070488,7.048,-14.500185599999998,7.101,40.3758402,7.101,-3.7040569999999997,7.049,30.0,7.048,-0.0099598,7.048,0.0796917,7.048,0.0459002,7.048,-0.0361342,6.702,2.703265,7.048,-90.0,6.872,45.0,6.872,45.0,6.685,2.299266,6.813,0.0,Null,Null,Null,Null,Null,Null,Null
2025-05-16 09:30:27.750000,7.383,62.4187677,7.383,-14.488466699999998,7.45,40.3758402,7.45,-3.7040564999999996,7.296,30.0,7.383,0.0298832,7.383,0.0298832,7.383,-0.0136724,7.383,0.0087894,7.225,2.702388,7.383,0.0,7.383,30.0,7.383,30.0,6.685,2.299266,6.813,0.0,Null,Null,Null,Null,Null,Null,Null
2025-05-16 09:30:28,7.643,62.4070488,7.643,-14.457216299999999,7.842,40.3758401,7.842,-3.7040563,7.541,30.0,7.643,0.0498066,7.643,0.06973,7.643,0.0166022,7.643,-0.0029297999999999998,7.703,2.701417,7.643,-7.12383945062389,7.383,30.0,7.383,30.0,6.685,2.299266,7.84,0.0,Null,Null,Null,Null,Null,Null,Null
2025-05-16 09:30:28.500000,7.943,62.38751729999999,7.943,-14.4494037,8.147,40.37584,8.147,-3.7040561,8.023,30.0,7.943,-0.0099598,7.943,0.0498066,7.943,-0.0068362,7.943,-0.004883,7.703,2.701417,7.943,45.0,7.85,45.0,7.85,45.0,6.685,2.299266,7.84,0.0,Null,Null,Null,Null,Null,Null,Null
2025-05-16 09:30:28.750000,8.256,62.36798579999999,8.256,-14.429872199999998,8.491,40.375839899999995,8.491,-3.7040561,8.306,30.0,8.256,0.0,8.256,-0.0099598,8.256,0.014649,8.256,0.034181,8.256,2.704032,8.256,35.53738243006747,8.368,45.0,8.368,45.0,6.685,2.299266,7.84,0.0,Null,Null,Null,Null,Null,Null,Null
2025-05-16 09:30:29.250000,8.557,62.3797047,8.557,-14.398621799999999,8.892,40.37584,8.892,-3.704056,8.798,30.0,8.557,0.0896515,8.557,-0.0199215,8.557,-0.0156256,8.557,0.0068362,8.7,2.702121,8.557,-11.30825116116451,8.89,45.0,8.89,45.0,6.685,2.299266,8.795,0.0,Null,Null,Null,Null,Null,Null,Null
2025-05-16 09:30:29.500000,9.146,62.38751729999999,9.146,-14.386902899999999,9.237,40.375839899999995,9.237,-3.7040556999999996,9.043,30.0,9.146,0.0298832,9.146,0.0398449,9.146,-0.0078128,9.146,0.0029297999999999998,8.7,2.702121,9.146,180.0,8.89,45.0,8.89,45.0,6.685,2.299266,8.795,0.0,Null,Null,Null,Null,Null,Null,Null
2025-05-16 09:30:29.750000,9.443,62.3797047,9.443,-14.398621799999999,9.563,40.3758398,9.563,-3.7040556999999996,9.291,30.0,9.443,-0.0398449,9.443,-0.0099598,9.443,0.059572599999999996,9.443,0.011719199999999999,9.24,2.70084,9.443,102.5281648536811,9.343,45.0,9.343,45.0,6.685,2.299266,8.795,0.0,Null,Null,Null,Null,Null,Null,Null
2025-05-16 09:30:30.250000,9.741,62.34845429999999,9.741,-14.3790903,9.903,40.3758397,9.903,-3.7040555,9.806,30.0,9.741,-0.0398449,9.741,0.0199215,9.741,0.004883,9.741,-0.0273448,9.704,2.703231,9.741,45.0,9.856,45.0,9.856,45.0,6.685,2.299266,9.803,0.0,Null,Null,Null,Null,Null,Null,Null
2025-05-16 09:30:30.500000,10.046,62.34845429999999,10.046,-14.359558799999999,10.243,40.3758396,10.243,-3.7040552,10.051,30.0,10.046,0.0099598,10.046,0.0398449,10.046,-0.009766,10.046,-0.0058595999999999995,10.212,2.703173,10.046,36.86946050039653,9.856,45.0,9.856,45.0,6.685,2.299266,9.803,0.0,Null,Null,Null,Null,Null,Null,Null
2025-05-16 09:30:31,10.374,62.34064169999999,10.374,-14.359558799999999,10.584,40.3758396,10.584,-3.704055,10.515,30.0,10.374,0.0398449,10.374,0.0498066,10.374,-0.0605492,10.374,-0.0224618,10.212,2.703173,10.374,-104.03431487987726,10.373,45.0,10.373,45.0,6.685,2.299266,9.803,0.0,Null,Null,Null,Null,Null,Null,Null
2025-05-16 09:30:31.250000,10.641,62.34064169999999,10.641,-14.3400273,10.959,40.3758395,10.959,-3.7040547999999998,10.808,30.0,10.641,0.0099598,10.641,0.0597683,10.641,0.0039064,10.641,-0.004883,10.703,2.70616,10.641,-63.436041690709715,10.865,45.0,10.865,45.0,6.685,2.299266,10.807,0.0,Null,Null,Null,Null,Null,Null,Null
2025-05-16 09:30:31.500000,11.244,62.328922799999994,11.244,-14.3283084,11.331,40.3758394,11.331,-3.7040545,11.032,30.0,11.244,-0.0099598,11.244,0.06973,11.244,-0.011719199999999999,11.244,-0.0175788,11.242,2.709046,11.244,14.034314879877265,10.865,45.0,10.865,45.0,11.144,2.299545,10.807,0.0,Null,Null,Null,Null,Null,Null,Null
2025-05-16 09:30:32,11.537,62.309391299999994,11.537,-14.3087769,11.636,40.375839299999996,11.636,-3.7040544,11.538,30.0,11.537,0.0,11.537,-0.0099598,11.537,-0.0205086,11.537,-0.0605492,11.242,2.709046,11.537,38.65954170506327,11.335,45.0,11.335,45.0,11.144,2.299545,10.807,0.0,Null,Null,Null,Null,Null,Null,Null
2025-05-16 09:30:32.250000,11.859,62.297672399999996,11.859,-14.297057999999998,11.983,40.3758391,11.983,-3.7040542,11.785,30.0,11.859,-0.0199215,11.859,0.0298832,11.859,0.0009766,11.859,-0.014649,11.682,2.705803,11.859,9.460845390878317,11.858,45.0,11.858,45.0,11.144,2.299545,11.783,0.0,Null,Null,Null,Null,Null,Null,Null
2025-05-16 09:30:32.750000,12.103,62.2781409,12.103,-14.277526499999999,12.374,40.3758391,12.374,-3.7040542,12.274,30.0,12.103,0.0398449,12.103,-0.0099598,12.103,-0.0087894,12.103,0.0302746,12.221,2.710893,12.103,-45.0,12.373,45.0,12.373,45.0,11.144,2.299545,11.783,0.0,Null,Null,Null,Null,Null,Null,Null
2025-05-16 09:30:33,12.435,62.289859799999995,12.435,-14.257995,12.695,40.3758389,12.695,-3.7040539,12.506,30.0,12.435,-0.0099598,12.435,0.0199215,12.435,-0.0058595999999999995,12.435,0.0429704,12.221,2.710893,12.435,-8.12879094783033,12.373,45.0,12.373,45.0,11.144,2.299545,11.783,0.0,Null,Null,Null,Null,Null,Null,Null
2025-05-16 09:30:33.250000,12.733,62.2586094,12.733,-14.250182399999998,13.055,40.3758388,13.055,-3.7040537,12.784,30.0,12.733,-0.0298832,12.733,0.0498066,12.733,-0.0361342,12.733,-0.0039064,12.699,2.7131,12.733,180.0,12.859,45.0,12.859,45.0,11.144,2.299545,12.781,0.0,Null,Null,Null,Null,Null,Null,Null
2025-05-16 09:30:33.750000,13.347,62.2390779,13.347,-14.238463499999998,13.42,40.375838699999996,13.42,-3.7040534999999997,13.27,30.0,13.347,-0.0498066,13.347,0.0398449,13.347,0.0644556,13.347,0.0175788,13.214,2.707465,13.347,-33.689226844882434,13.347,30.0,13.347,30.0,11.144,2.299545,12.781,0.0,Null,Null,Null,Null,Null,Null,Null
2025-05-16 09:30:34,13.63,62.20782749999999,13.63,-14.226744599999998,13.727,40.3758383,13.727,-3.7040531999999997,13.524,30.0,13.63,-0.0996132,13.63,-0.0099598,13.63,0.0312512,13.63,0.0859408,13.692,2.713632,13.63,104.03431487987726,13.347,30.0,13.347,30.0,11.144,2.299545,12.781,0.0,Null,Null,Null,Null,Null,Null,Null
2025-05-16 09:30:34.500000,13.922,62.20001489999999,13.922,-14.226744599999998,14.081,40.3758383,14.081,-3.704053,14.001,30.0,13.922,0.0199215,13.922,0.0597683,13.922,0.0166022,13.922,-0.0214852,13.692,2.713632,13.922,-26.562865316423125,13.828,45.0,13.828,45.0,11.144,2.299545,13.776,0.0,Null,Null,Null,Null,Null,Null,Null
2025-05-16 09:30:34.750000,14.232,62.20782749999999,14.232,-14.207213099999999,14.425,40.3758384,14.425,-3.7040526999999996,14.278,30.0,14.232,0.0996132,14.232,0.0498066,14.232,-0.0654322,14.232,-0.009766,14.232,2.715487,14.232,-30.963113676603122,14.355,30.0,14.355,30.0,11.144,2.299545,13.776,0.0,Null,Null,Null,Null,Null,Null,Null
2025-05-16 09:30:35,14.534,62.20782749999999,14.534,-14.1876816,14.818,40.3758383,14.818,-3.7040525,14.535,30.0,14.534,-0.0398449,14.534,0.0099598,14.534,-0.0312512,14.534,-0.0654322,14.697,2.716327,14.534,-59.036886323396885,14.355,30.0,14.355,30.0,11.144,2.299545,14.818,0.0,Null,Null,Null,Null,Null,Null,Null
2025-05-16 09:30:35.500000,14.821,62.20001489999999,14.821,-14.179868999999998,15.133,40.375838099999996,15.133,-3.7040525,14.999,30.0,14.821,-0.0398449,14.821,-0.0298832,14.821,0.059572599999999996,14.821,0.0605492,14.697,2.716327,14.821,-51.34045829493674,14.821,45.0,14.821,45.0,11.144,2.299545,14.818,0.0,Null,Null,Null,Null,Null,Null,Null
2025-05-16 09:30:35.750000,15.391,62.168764499999995,15.391,-14.156431199999998,15.459,40.375838,15.459,-3.7040520999999997,15.264,30.0,15.391,0.0,15.391,0.06973,15.391,-0.0371108,15.391,-0.053713,15.199,2.725541,15.391,-95.70972751485115,15.317,30.0,15.317,30.0,11.144,2.299545,14.818,0.0,Null,Null,Null,Null,Null,Null,Null
2025-05-16 09:30:36.250000,15.711,62.168764499999995,15.711,-14.1290871,15.875,40.375838,15.875,-3.7040518999999996,15.779,30.0,15.711,-0.0298832,15.711,0.0298832,15.711,-0.0449236,15.711,-0.0703152,15.671,2.722503,15.711,18.433855975979423,15.874,30.0,15.874,30.0,15.654,2.299824,15.776,0.0,Null,Null,Null,Null,Null,Null,Null
2025-05-16 09:30:36.500000,16.027,62.149232999999995,16.027,-14.097836699999998,16.217,40.3758379,16.217,-3.7040517,16.028,30.0,16.027,-0.0199215,16.027,0.0099598,16.027,0.0,16.027,-0.0058595999999999995,15.671,2.722503,16.027,63.43494882292201,15.874,30.0,15.874,30.0,15.654,2.299824,15.776,0.0,Null,Null,Null,Null,Null,Null,Null
2025-05-16 09:30:36.750000,16.358,62.1570456,16.358,-14.090024099999999,16.528,40.3758379,16.528,-3.7040515999999997,16.245,30.0,16.358,0.0398449,16.358,-0.0199215,16.358,0.0419938,16.358,0.092777,16.223,2.728454,16.358,-75.96568512012274,16.357,45.0,16.357,45.0,15.654,2.299824,15.776,0.0,Null,Null,Null,Null,Null,Null,Null
2025-05-16 09:30:37.250000,16.618,62.1570456,16.618,-14.078305199999999,16.869,40.3758378,16.869,-3.7040514,16.764,30.0,16.618,-0.0099598,16.618,0.0498066,16.618,-0.0058595999999999995,16.618,0.024415,16.678,2.73714,16.618,-126.86946050039654,16.817,45.0,16.817,45.0,15.654,2.299824,16.763,0.0,Null,Null,Null,Null,Null,Null,Null
2025-05-16 09:30:37.500000,16.909,62.1375141,16.909,-14.090024099999999,17.271,40.3758378,17.271,-3.7040511,16.989,30.0,16.909,0.0099598,16.909,0.0199215,16.909,-0.0654322,16.909,-0.0566428,17.182,2.736221,16.909,-98.12879094783034,16.817,45.0,16.817,45.0,15.654,2.299824,16.763,0.0,Null,Null,Null,Null,Null,Null,Null
2025-05-16 09:30:38,17.509,62.129701499999996,17.509,-14.066586299999999,17.563,40.3758377,17.563,-3.7040511,17.51,30.0,17.509,-0.0099598,17.509,-0.0099598,17.509,0.0449236,17.509,0.04883,17.182,2.736221,17.509,0.0,17.345,45.0,17.345,45.0,15.654,2.299824,16.763,0.0,Null,Null,Null,Null,Null,Null,Null
2025-05-16 09:30:38.250000,17.849,62.1375141,17.849,-14.039242199999999,17.914,40.3758377,17.914,-3.7040511,17.764,30.0,17.849,0.0199215,17.849,-0.0498066,17.849,-0.0019532,17.849,-0.0029297999999999998,17.68,2.744893,17.849,-45.0,17.848,45.0,17.848,45.0,15.654,2.299824,17.762,0.0,Null,Null,Null,Null,Null,Null,Null
2025-05-16 09:30:38.500000,18.105,62.129701499999996,18.105,-14.027523299999999,18.26,40.3758377,18.26,-3.7040509999999998,18.003,30.0,18.105,0.0597683,18.105,0.0199215,18.105,-0.0214852,18.105,0.0166022,18.183,2.749802,18.105,-63.43713468357687,17.848,45.0,17.848,45.0,15.654,2.299824,17.762,0.0,Null,Null,Null,Null,Null,Null,Null
2025-05-16 09:30:39,18.408,62.129701499999996,18.408,-14.0197107,18.613,40.3758376,18.613,-3.7040507999999996,18.501,30.0,18.408,-0.0498066,18.408,0.0398449,18.408,-0.0166022,18.408,-0.0566428,18.183,2.749802,18.408,116.5639583092903,18.31,30.0,18.31,30.0,15.654,2.299824,17.762,0.0,Null,Null,Null,Null,Null,Null,Null
2025-05-16 09:30:39.250000,18.711,62.1179826,18.711,-14.0079918,18.952,40.3758376,18.952,-3.7040507,18.76,30.0,18.711,0.0,18.711,0.0099598,18.711,0.0351576,18.711,-0.0253916,18.671,2.752483,18.711,-11.30825116116451,18.838,45.0,18.838,45.0,15.654,2.299824,18.759,0.0,Null,Null,Null,Null,Null,Null,Null
2025-05-16 09:30:39.750000,19.017,62.1179826,19.017,-13.976741399999998,19.347,40.3758376,19.347,-3.7040506,19.26,30.0,19.017,0.0298832,19.017,0.0,19.017,-0.0605492,19.017,0.053713,19.195,2.761569,19.017,26.562865316423125,19.347,45.0,19.347,45.0,15.654,2.299824,18.759,0.0,Null,Null,Null,Null,Null,Null,Null
2025-05-16 09:30:40,19.572,62.11017,19.572,-13.968928799999999,19.673,40.375837499999996,19.673,-3.7040504999999997,19.482,30.0,19.572,-0.0298832,19.572,0.0199215,19.572,0.0517598,19.572,-0.019532,19.195,2.761569,19.572,180.0,19.347,45.0,19.347,45.0,15.654,2.299824,18.759,0.0,Null,Null,Null,Null,Null,Null,Null
2025-05-16 09:30:40.500000,19.906,62.11017,19.906,-13.968928799999999,20.017,40.375837499999996,20.017,-3.7040504,20.017,30.0,19.906,-0.0099598,19.906,-0.0398449,19.906,-0.0302746,19.906,-0.0273448,19.674,2.76878,19.906,-135.0,19.806,45.0,19.806,45.0,15.654,2.299824,19.753,0.0,Null,Null,Null,Null,Null,Null,Null
2025-05-16 09:30:40.750000,20.199,62.11017,20.199,-13.968928799999999,20.375,40.375837499999996,20.375,-3.7040503,20.228,30.0,20.199,0.0199215,20.199,0.0298832,20.199,-0.0449236,20.199,-0.0253916,20.199,2.773493,20.199,158.199721053891,20.308,30.0,20.308,30.0,20.112,2.300103,19.753,0.0,Null,Null,Null,Null,Null,Null,Null
2025-05-16 09:30:41,20.521,62.11017,20.521,-13.968928799999999,20.747,40.3758376,20.747,-3.7040501999999997,20.522,30.0,20.521,0.0199215,20.521,-0.0498066,20.521,0.0078128,20.521,0.0615258,20.663,2.784636,20.521,71.56614402402059,20.308,30.0,20.308,30.0,20.112,2.300103,19.753,0.0,Null,Null,Null,Null,Null,Null,Null
2025-05-16 09:30:41.500000,20.834,62.1179826,20.834,-13.957209899999999,21.051,40.3758376,21.051,-3.7040499999999996,20.999,30.0,20.834,0.0298832,20.834,0.0597683,20.834,0.034181,20.834,-0.0205086,20.663,2.784636,20.834,-51.34045829493674,20.833,45.0,20.833,45.0,20.112,2.300103,20.75,0.0,Null,Null,Null,Null,Null,Null,Null
2025-05-16 09:30:41.750000,21.066,62.129701499999996,21.066,-13.929865799999998,21.419,40.3758376,21.419,-3.7040499,21.246,30.0,21.066,0.0298832,21.066,0.0398449,21.066,-0.0566428,21.066,0.0,21.196,2.789924,21.066,0.0,21.299,30.0,21.299,30.0,20.112,2.300103,20.75,0.0,Null,Null,Null,Null,Null,Null,Null
2025-05-16 09:30:42,21.693,62.0984511,21.693,-13.929865799999998,21.798,40.375837399999995,21.798,-3.7040498,21.492,30.0,21.693,-0.0498066,21.693,0.0099598,21.693,0.0253916,21.693,0.0380874,21.652,2.795584,21.693,90.0,21.299,30.0,21.299,30.0,20.112,2.300103,21.709,0.0,Null,Null,Null,Null,Null,Null,Null
2025-05-16 09:30:42.500000,22.002,62.05938809999999,22.002,-13.929865799999998,22.098,40.3758371,22.098,-3.7040496,22.003,30.0,22.002,-0.1095749,22.002,0.0498066,22.002,-0.014649,22.002,0.0312512,21.652,2.795584,22.002,-36.86946050039653,21.8,45.0,21.8,45.0,20.112,2.300103,21.709,0.0,Null,Null,Null,Null,Null,Null,Null
2025-05-16 09:30:42.750000,22.339,62.047669199999994,22.339,-13.918146899999998,22.469,40.375837,22.469,-3.7040493999999997,22.238,30.0,22.339,0.0298832,22.339,0.0498066,22.339,0.0253916,22.339,-0.0175788,22.179,2.807386,22.339,-56.310773155117566,22.337,45.0,22.337,45.0,20.112,2.300103,21.709,0.0,Null,Null,Null,Null,Null,Null,Null
2025-05-16 09:30:43.250000,22.585,62.047669199999994,22.585,-13.918146899999998,22.829,40.375837,22.829,-3.704049,22.746,30.0,22.585,0.0199215,22.585,0.0498066,22.585,0.023438399999999998,22.585,-0.0371108,22.648,2.814213,22.585,-165.96568512012274,22.827,45.0,22.827,45.0,20.112,2.300103,22.743,0.0,Null,Null,Null,Null,Null,Null,Null
2025-05-16 09:30:43.500000,22.885,62.05938809999999,22.885,-13.898615399999999,23.196,40.375837,23.196,-3.7040488,22.991,30.0,22.885,0.0199215,22.885,0.0,22.885,-0.019532,22.885,0.0009766,22.648,2.814213,22.885,33.689226844882434,22.827,45.0,22.827,45.0,20.112,2.300103,22.743,0.0,Null,Null,Null,Null,Null,Null,Null
2025-05-16 09:30:43.750000,23.199,62.028137699999995,23.199,-13.898615399999999,23.512,40.3758367,23.512,-3.7040484,23.234,30.0,23.199,-0.0498066,23.199,0.0298832,23.199,0.0087894,23.199,0.0087894,23.198,2.821927,23.199,158.199721053891,23.325,30.0,23.325,30.0,20.112,2.300103,22.743,0.0,Null,Null,Null,Null,Null,Null,Null
2025-05-16 09:30:44.250000,23.842,62.008606199999996,23.842,-13.886896499999999,23.849,40.3758366,23.849,-3.7040480999999996,23.751,30.0,23.842,-0.0398449,23.842,0.06973,23.842,-0.0380874,23.842,-0.0224618,23.653,2.835417,23.842,26.564322612449548,23.84,30.0,23.84,30.0,20.112,2.300103,23.702,0.0,Null,Null,Null,Null,Null,Null,Null
2025-05-16 09:30:44.500000,24.091,62.008606199999996,24.091,-13.8790839,24.192,40.3758366,24.192,-3.7040477,23.963,30.0,24.091,0.0298832,24.091,0.0498066,24.091,-0.0019532,24.091,0.0029297999999999998,24.16,2.841694,24.091,36.86946050039653,23.84,30.0,23.84,30.0,20.112,2.300103,23.702,0.0,Null,Null,Null,Null,Null,Null,Null
2025-05-16 09:30:45,24.383,62.008606199999996,24.383,-13.859552399999998,24.536,40.3758366,24.536,-3.7040477,24.482,30.0,24.383,0.0099598,24.383,-0.0099598,24.383,0.0058595999999999995,24.383,-0.058596,24.16,2.841694,24.383,45.0,24.283,45.0,24.283,45.0,20.112,2.300103,23.702,0.0,Null,Null,Null,Null,Null,Null,Null
2025-05-16 09:30:45.250000,24.678,61.989074699999996,24.678,-13.859552399999998,24.887,40.3758364,24.887,-3.7040476,24.746,30.0,24.678,-0.0498066,24.678,0.0,24.678,-0.0556662,24.678,0.0517598,24.653,2.849983,24.678,-78.6917488388355,24.819,30.0,24.819,30.0,24.621,2.300382,24.743,0.0,Null,Null,Null,Null,Null,Null,Null
2025-05-16 09:30:45.500000,24.988,61.9695432,24.988,-13.840020899999999,25.238,40.375836,25.238,-3.7040474,24.988,30.0,24.988,-0.1195366,24.988,0.0199215,24.988,0.0009766,24.988,-0.0019532,25.16,2.865132,24.988,-65.55612007189866,24.819,30.0,24.819,30.0,24.621,2.300382,24.743,0.0,Null,Null,Null,Null,Null,Null,Null
2025-05-16 09:30:46,25.308,61.9500117,25.308,-13.828301999999999,25.608,40.375836,25.608,-3.7040473,25.489,30.0,25.308,-0.0398449,25.308,0.0298832,25.308,0.011719199999999999,25.308,-0.0078128,25.16,2.865132,25.308,30.963113676603122,25.307,45.0,25.307,45.0,24.621,2.300382,24.743,0.0,Null,Null,Null,Null,Null,Null,Null
2025-05-16 09:30:46.250000,25.882,61.93829279999999,25.882,-13.7970516,25.935,40.375836,25.935,-3.7040471,25.737,30.0,25.882,0.0,25.882,0.0099598,25.882,-0.0185554,25.882,-0.0517598,25.654,2.872596,25.882,21.800278946109,25.785,30.0,25.785,30.0,24.621,2.300382,25.735,0.0,Null,Null,Null,Null,Null,Null,Null
2025-05-16 09:30:46.750000,26.179,61.9500117,26.179,-13.789238999999998,26.342,40.3758361,26.342,-3.7040471999999998,26.23,30.0,26.179,0.0099598,26.179,-0.0298832,26.179,-0.0351576,26.179,0.0166022,26.177,2.879266,26.179,90.0,26.341,45.0,26.341,45.0,24.621,2.300382,25.735,0.0,Null,Null,Null,Null,Null,Null,Null
2025-05-16 09:30:47,26.486,61.9500117,26.486,-13.7579886,26.647,40.375836,26.647,-3.7040471,26.487,30.0,26.486,-0.0099598,26.486,0.0199215,26.486,-0.023438399999999998,26.486,0.0556662,26.177,2.879266,26.486,-59.036886323396885,26.341,45.0,26.341,45.0,24.621,2.300382,25.735,0.0,Null,Null,Null,Null,Null,Null,Null
2025-05-16 09:30:47.500000,26.805,61.9304802,26.805,-13.7384571,26.993,40.3758359,26.993,-3.7040469,26.993,30.0,26.805,-0.0199215,26.805,0.0298832,26.805,0.0605492,26.805,-0.0371108,26.649,2.891889,26.805,9.460845390878317,26.803,45.0,26.803,45.0,24.621,2.300382,26.728,0.0,Null,Null,Null,Null,Null,Null,Null
2025-05-16 09:30:47.750000,27.066,61.93829279999999,27.066,-13.718925599999999,27.333,40.3758361,27.333,-3.7040468,27.231,30.0,27.066,-0.0199215,27.066,0.0498066,27.066,0.0019532,27.066,0.0156256,27.163,2.897368,27.066,-29.744376909005773,27.279,45.0,27.279,45.0,24.621,2.300382,26.728,0.0,Null,Null,Null,Null,Null,Null,Null
2025-05-16 09:30:48,27.348,61.9500117,27.348,-13.679862599999998,27.732,40.3758364,27.732,-3.7040468,27.469,30.0,27.348,0.0796917,27.348,-0.0099598,27.348,-0.019532,27.348,-0.0576194,27.642,2.906043,27.348,30.963113676603122,27.279,45.0,27.279,45.0,24.621,2.300382,26.728,0.0,Null,Null,Null,Null,Null,Null,Null
2025-05-16 09:30:48.500000,27.972,61.989074699999996,27.972,-13.679862599999998,28.025,40.3758364,28.025,-3.7040468,27.972,30.0,27.972,-0.0298832,27.972,0.0099598,27.972,-0.0322278,27.972,0.0605492,27.642,2.906043,27.972,135.0,27.808,45.0,27.808,45.0,24.621,2.300382,27.738,0.0,Null,Null,Null,Null,Null,Null,Null
2025-05-16 09:30:48.750000,28.297,61.989074699999996,28.297,-13.668143699999998,28.379,40.3758364,28.379,-3.7040466999999997,28.223,30.0,28.297,-0.0199215,28.297,0.0498066,28.297,-0.24415,28.297,0.0166022,28.151,2.920439,28.297,-90.0,28.296,6233.0,28.296,6361.0,24.621,2.300382,27.738,0.0,Null,Null,Null,Null,Null,Null,Null
2025-05-16 09:30:49,28.568,62.008606199999996,28.568,-13.656424799999998,28.77,40.3758366,28.77,-3.7040463999999997,28.468,30.0,28.568,0.0199215,28.568,0.0199215,28.568,-0.34181,28.568,-0.078128,28.626,2.924604,28.568,-80.53826851731081,28.296,6233.0,28.296,6361.0,24.621,2.300382,28.769,0.0,Null,Null,Null,Null,Null,Null,Null
2025-05-16 09:30:49.500000,28.866,62.008606199999996,28.866,-13.656424799999998,29.067,40.3758365,29.067,-3.7040463,28.967,30.0,28.866,-0.0498066,28.866,0.0199215,28.866,-0.0205086,28.866,0.0029297999999999998,28.626,2.924604,28.866,-53.13053949960347,28.776,4429.0,28.776,8170.0,24.621,2.300382,28.769,0.0,Null,Null,Null,Null,Null,Null,Null
2025-05-16 09:30:49.750000,29.174,61.9695432,29.174,-13.648612199999999,29.414,40.375836199999995,29.414,-3.7040461999999996,29.218,30.0,29.174,-0.1892666,29.174,-0.0099598,29.174,-0.1533262,29.174,0.043947,29.172,2.978694,29.174,26.562865316423125,29.296,3778.0,29.296,8571.0,29.082,2.302028,28.769,0.0,Null,Null,Null,Null,Null,Null,Null
2025-05-16 09:30:50.250000,29.487,61.907042399999995,29.487,-13.636893299999999,29.816,40.3758352,29.816,-3.7040463999999997,29.721,30.0,29.487,-0.34865,29.487,-0.0896515,29.487,-0.2080158,29.487,-0.1298878,29.635,-3.066886,29.487,0.0,29.814,3383.0,29.814,8580.0,29.082,2.302028,29.72,0.0,Null,Null,Null,Null,Null,Null,Null
2025-05-16 09:30:50.500000,30.056,61.7898534,30.056,-13.6290807,30.173,40.3758346,30.173,-3.7040468,29.967,30.0,30.056,-0.38849680000000003,30.056,-0.2191517,30.056,-0.0810578,30.056,-0.3457164,29.635,-3.066886,30.056,161.56723695434442,29.814,3383.0,29.814,8580.0,29.082,2.302028,29.72,0.0,Null,Null,Null,Null,Null,Null,Null
2025-05-16 09:30:50.750000,30.356,61.700008499999996,30.356,-13.6290807,30.478,40.375833,30.478,-3.7040485999999997,30.22,30.0,30.356,-0.4283417,30.356,-0.3586117,30.356,0.011719199999999999,30.356,-0.37501439999999997,30.18,-2.720473,30.356,-26.562865316423125,30.297,3304.0,30.297,8368.0,29.082,2.302028,29.72,0.0,Null,Null,Null,Null,Null,Null,Null
2025-05-16 09:30:51.250000,30.66,61.5398502,30.66,-13.6173618,30.828,40.3758323,30.828,-3.7040496999999997,30.728,30.0,30.66,-0.1593834,30.66,-0.3785351,30.66,0.1250048,30.66,-0.4306806,30.622,-2.324202,30.66,-33.689226844882434,30.779,3898.0,30.779,7703.0,29.082,2.302028,30.676,0.0,Null,Null,Null,Null,Null,Null,Null
2025-05-16 09:30:51.500000,30.97,61.5007872,30.97,-13.609549199999998,31.178,40.375831999999996,31.178,-3.7040507999999996,30.972,30.0,30.97,-0.0398449,30.97,-0.3685734,30.97,0.0527364,30.97,-0.2802842,31.133,-1.901642,30.97,-21.800278946109,30.779,3898.0,30.779,7703.0,29.082,2.302028,30.676,0.0,Null,Null,Null,Null,Null,Null,Null
2025-05-16 09:30:52,31.293,61.48906829999999,31.293,-13.597830299999998,31.562,40.375831999999996,31.562,-3.7040528999999998,31.438,30.0,31.293,0.0896515,31.293,-0.34865,31.293,0.2890736,31.293,-0.31934819999999997,31.133,-1.901642,31.293,97.12383945062389,31.292,5513.0,31.292,6434.0,29.082,2.302028,30.676,0.0,Null,Null,Null,Null,Null,Null,Null
2025-05-16 09:30:52.250000,31.565,61.50859979999999,31.565,-13.597830299999998,31.871,40.3758322,31.871,-3.7040536,31.718,30.0,31.565,0.1095749,31.565,-0.2988434,31.565,0.0742216,31.565,-0.0664088,31.635,-1.559491,31.565,180.0,31.764,6510.0,31.764,5598.0,29.082,2.302028,31.715,0.0,Null,Null,Null,Null,Null,Null,Null
2025-05-16 09:30:52.500000,32.157,61.559381699999996,32.157,-13.597830299999998,32.215,40.3758329,32.215,-3.704055,31.935,30.0,32.157,0.1593834,32.157,-0.2689583,32.157,0.0947302,32.157,-0.361342,32.156,-1.341305,32.157,-71.56723695434444,31.764,6510.0,31.764,5598.0,29.082,2.302028,31.715,0.0,Null,Null,Null,Null,Null,Null,Null
2025-05-16 09:30:53,32.468,61.598444699999995,32.468,-13.590017699999999,32.56,40.3758333,32.56,-3.7040556999999996,32.47,30.0,32.468,0.1693432,32.468,-0.2888817,32.468,-0.0888706,32.468,-0.2373138,32.156,-1.341305,32.468,-21.800278946109,32.29,6278.0,32.29,5757.0,29.082,2.302028,31.715,0.0,Null,Null,Null,Null,Null,Null,Null
2025-05-16 09:30:53.250000,32.784,61.680476999999996,32.784,-13.566579899999999,32.908,40.3758336,32.908,-3.7040564,32.711,30.0,32.784,0.1992283,32.784,-0.27892,32.784,-0.0419938,32.784,0.0166022,32.605,-1.193093,32.784,45.0,32.782,6540.0,32.782,5537.0,29.082,2.302028,32.708,0.0,Null,Null,Null,Null,Null,Null,Null
2025-05-16 09:30:53.750000,33.051,61.7078211,33.051,-13.566579899999999,33.298,40.3758343,33.298,-3.704058,33.198,30.0,33.051,0.20919000000000001,33.051,-0.2589966,33.051,0.09766,33.051,-0.3593888,33.131,-1.083975,33.051,-68.199721053891,33.297,6571.0,33.297,5413.0,29.082,2.302028,32.708,0.0,Null,Null,Null,Null,Null,Null,Null
2025-05-16 09:30:54,33.352,61.75079039999999,33.352,-13.5470484,33.66,40.3758346,33.66,-3.7040587,33.431,30.0,33.352,0.2191517,33.352,-0.2888817,33.352,0.0224618,33.352,-0.229501,33.131,-1.083975,33.352,-93.0123044815752,33.297,6571.0,33.297,5413.0,33.578,2.309543,32.708,0.0,Null,Null,Null,Null,Null,Null,Null
2025-05-16 09:30:54.250000,33.668,61.7898534,33.668,-13.5470484,33.984,40.3758352,33.984,-3.7040599999999997,33.712,30.0,33.668,0.2191517,33.668,-0.1892666,33.668,-0.0693386,33.668,-0.068362,33.666,-1.00946,33.668,-104.42056393224729,33.788,6631.0,33.788,5434.0,33.578,2.309543,33.709,0.0,Null,Null,Null,Null,Null,Null,Null
2025-05-16 09:30:54.750000,34.264,61.887510899999995,34.264,-13.566579899999999,34.311,40.3758355,34.311,-3.7040607,34.177,30.0,34.264,0.20919000000000001,34.264,-0.20919000000000001,34.264,0.107426,34.264,-0.0410172,34.149,-0.970115,34.264,-111.50142563695012,34.263,6964.0,34.263,5117.0,33.578,2.309543,33.709,0.0,Null,Null,Null,Null,Null,Null,Null
2025-05-16 09:30:55,34.576,61.91876129999999,34.576,-13.597830299999998,34.656,40.3758358,34.656,-3.7040613,34.451,30.0,34.576,0.2291134,34.576,-0.2291134,34.576,0.0009766,34.576,-0.1728582,34.607,-0.956954,34.576,-119.42741824944055,34.263,6964.0,34.263,5117.0,33.578,2.309543,33.709,0.0,Null,Null,Null,Null,Null,Null,Null
2025-05-16 09:30:55.500000,34.852,61.9695432,34.852,-13.656424799999998,35.007,40.3758365,35.007,-3.7040626999999997,34.943,30.0,34.852,0.1294983,34.852,-0.1992283,34.852,-0.239267,34.852,-0.0556662,34.607,-0.956954,34.852,-129.9363866218007,34.752,6453.0,34.752,5643.0,33.578,2.309543,34.704,0.0,Null,Null,Null,Null,Null,Null,Null
2025-05-16 09:30:55.750000,35.144,62.000793599999994,35.144,-13.847833499999998,35.353,40.375836899999996,35.353,-3.7040634,35.207,30.0,35.144,0.2490349,35.144,-0.2291134,35.144,0.1728582,35.144,0.0273448,35.144,-0.971086,35.144,-157.1663201083772,35.269,6740.0,35.269,5273.0,33.578,2.309543,34.704,0.0,Null,Null,Null,Null,Null,Null,Null
2025-05-16 09:30:55.750000,35.465,62.047669199999994,35.465,-13.9376784,35.741,40.3758376,35.741,-3.7040651999999996,35.465,30.0,35.465,0.20919000000000001,35.465,-0.2490349,35.465,0.1865306,35.465,-0.0078128,35.6,-0.994895,35.465,-173.8299590434027,35.269,6740.0,35.269,5273.0,33.578,2.309543,35.739,0.0,Null,Null,Null,Null,Null,Null,Null
2025-05-16 09:30:56.500000,36.055,62.1570456,36.055,-14.039242199999999,36.055,40.375838,36.055,-3.7040663,35.944,30.0,36.055,0.1892666,36.055,-0.3287266,36.055,-0.2890736,36.055,0.029298,35.6,-0.994895,36.055,165.57943606775274,35.744,6621.0,35.744,5331.0,33.578,2.309543,35.739,0.0,Null,Null,Null,Null,Null,Null,Null
2025-05-16 09:30:56.750000,36.342,62.20782749999999,36.342,-14.1173682,36.393,40.3758384,36.393,-3.7040672999999997,36.187,30.0,36.342,0.2589966,36.342,-0.3287266,36.342,-0.1982498,36.342,-0.1201218,36.115,-1.000584,36.342,159.86386782883224,36.241,6615.0,36.241,5271.0,33.578,2.309543,35.739,0.0,Null,Null,Null,Null,Null,Null,Null
2025-05-16 09:30:57.250000,36.633,62.250796799999996,36.633,-14.179868999999998,36.803,40.3758391,36.803,-3.7040694999999997,36.711,30.0,36.633,0.20919000000000001,36.633,-0.4283417,36.633,-0.1279346,36.633,-0.0126958,36.59,-0.989824,36.633,145.0079431290913,36.802,6774.0,36.802,5048.0,33.578,2.309543,36.708,0.0,Null,Null,Null,Null,Null,Null,Null
2025-05-16 09:30:57.500000,36.911,62.328922799999994,36.911,-14.238463499999998,37.144,40.3758395,37.144,-3.7040705,36.948,30.0,36.911,0.2490349,36.911,-0.3287266,36.911,-0.3037226,36.911,-0.107426,36.59,-0.989824,36.911,149.34922109524354,36.802,6774.0,36.802,5048.0,33.578,2.309543,36.708,0.0,Null,Null,Null,Null,Null,Null,Null
2025-05-16 09:30:57.750000,37.273,62.36798579999999,37.273,-14.297057999999998,37.449,40.3758398,37.449,-3.7040715,37.186,30.0,37.273,0.1892666,37.273,-0.3088051,37.273,-0.0107426,37.273,0.034181,37.147,-0.984846,37.273,149.62105773982745,37.272,6306.0,37.272,5579.0,33.578,2.309543,36.708,0.0,Null,Null,Null,Null,Null,Null,Null
2025-05-16 09:30:58.250000,37.535,62.3992362,37.535,-14.418153299999998,37.802,40.3758404,37.802,-3.7040734,37.706,30.0,37.535,0.2191517,37.535,-0.27892,37.535,0.0332044,37.535,0.0605492,37.593,-0.986171,37.535,144.46235912814504,37.74,6537.0,37.74,5395.0,33.578,2.309543,37.703,0.0,Null,Null,Null,Null,Null,Null,Null
2025-05-16 09:30:58.500000,37.843,62.430486599999995,37.843,-14.488466699999998,38.15,40.3758407,38.15,-3.7040745,37.932,30.0,37.843,0.2390751,37.843,-0.3287266,37.843,0.087894,37.843,0.1669986,38.148,-0.992076,37.843,141.072397705162,37.74,6537.0,37.74,5395.0,38.054,2.316255,37.703,0.0,Null,Null,Null,Null,Null,Null,Null
2025-05-16 09:30:58.750000,38.437,62.5008,38.437,-14.558780099999998,38.487,40.3758414,38.487,-3.7040764999999998,38.439,30.0,38.437,0.2291134,38.437,-0.34865,38.437,0.1845774,38.437,0.0644556,38.148,-0.992076,38.437,142.81528529896397,38.26,6392.0,38.26,5499.0,38.054,2.316255,37.703,0.0,Null,Null,Null,Null,Null,Null,Null
2025-05-16 09:30:59.250000,38.762,62.5672071,38.762,-14.6173746,38.829,40.375841699999995,38.829,-3.7040775999999997,38.69,30.0,38.762,0.2390751,38.762,-0.3586117,38.762,0.0859408,38.762,0.0419938,38.606,-0.99035,38.762,130.81496747819097,38.76,6363.0,38.76,5437.0,38.054,2.316255,38.687,0.0,Null,Null,Null,Null,Null,Null,Null
2025-05-16 09:30:59.500000,39.023,62.62970789999999,39.023,-14.726750999999998,39.23,40.375842399999996,39.23,-3.7040796,38.934,30.0,39.023,0.2490349,39.023,-0.3685734,39.023,0.0107426,39.023,0.0156256,39.116,-0.988169,39.023,145.78438156425662,38.76,6363.0,38.76,5437.0,38.054,2.316255,38.687,0.0,Null,Null,Null,Null,Null,Null,Null
2025-05-16 09:30:59.750000,39.327,62.64923939999999,39.327,-14.789251799999999,39.532,40.375842899999995,39.532,-3.7040808,39.431,30.0,39.327,0.2390751,39.327,-0.3586117,39.327,0.0849642,39.327,-0.04883,39.116,-0.988169,39.327,135.0,39.234,6362.0,39.234,5432.0,38.054,2.316255,38.687,0.0,Null,Null,Null,Null,Null,Null,Null
2025-05-16 09:31:00.250000,39.633,62.7078339,39.633,-14.8400337,39.877,40.3758433,39.877,-3.7040818,39.699,30.0,39.633,0.2490349,39.633,-0.3984585,39.633,-0.0498066,39.633,0.1591858,39.632,-0.984237,39.633,135.0,39.759,6634.0,39.759,5104.0,38.054,2.316255,39.696,0.0,Null,Null,Null,Null,Null,Null,Null
2025-05-16 09:31:00.750000,39.938,62.8093977,39.938,-14.8986282,40.281,40.375844199999996,40.281,-3.704084,40.172,30.0,39.938,0.2291134,39.938,-0.41838000000000003,39.938,-0.1914136,39.938,0.2627054,40.111,-0.980946,39.938,146.9761516504733,40.279,6578.0,40.279,5180.0,38.054,2.316255,39.696,0.0,Null,Null,Null,Null,Null,Null,Null
2025-05-16 09:31:00.750000,40.523,62.907055199999995,40.523,-14.957222699999999,40.609,40.375844699999995,40.609,-3.7040851,40.406,30.0,40.523,0.3088051,40.523,-0.3586117,40.523,0.1826242,40.523,0.1084026,40.111,-0.980946,40.523,132.61421695928414,40.279,6578.0,40.279,5180.0,38.054,2.316255,39.696,0.0,Null,Null,Null,Null,Null,Null,Null
2025-05-16 09:31:01.250000,40.807,62.95783709999999,40.807,-15.0080046,40.938,40.3758457,40.938,-3.7040872,40.681,30.0,40.807,0.2490349,40.807,-0.3685734,40.807,-0.1796944,40.807,0.1044962,40.611,-0.970578,40.807,139.96964846231162,40.732,6394.0,40.732,5354.0,38.054,2.316255,40.679,0.0,Null,Null,Null,Null,Null,Null,Null
2025-05-16 09:31:01.750000,41.121,63.020337899999994,41.121,-15.168162899999999,41.288,40.3758462,41.288,-3.7040883,41.173,30.0,41.121,0.2988434,41.121,-0.3785351,41.121,-0.190437,41.121,0.1523496,41.12,-0.969766,41.121,142.2531732822406,41.24,6361.0,41.24,5377.0,38.054,2.316255,40.679,0.0,Null,Null,Null,Null,Null,Null,Null
2025-05-16 09:31:01.750000,41.432,63.07893239999999,41.432,-15.2580078,41.654,40.375846599999996,41.654,-3.7040892999999997,41.433,30.0,41.432,0.2390751,41.432,-0.3685734,41.432,-0.0615258,41.432,0.0849642,41.654,-0.969598,41.432,150.06851830672443,41.24,6361.0,41.24,5377.0,38.054,2.316255,40.679,0.0,Null,Null,Null,Null,Null,Null,Null
2025-05-16 09:31:02.500000,41.749,63.168777299999995,41.749,-15.3400401,41.971,40.3758474,41.971,-3.7040911,41.916,30.0,41.749,0.2589966,41.749,-0.2589966,41.749,-0.1406304,41.749,0.0761748,41.654,-0.969598,41.749,141.76618720597543,41.748,6981.0,41.748,4898.0,38.054,2.316255,41.656,0.0,Null,Null,Null,Null,Null,Null,Null
2025-05-16 09:31:02.750000,42.025,63.207840299999994,42.025,-15.449416499999998,42.334,40.3758479,42.334,-3.7040921,42.165,30.0,42.025,0.2390751,42.025,-0.3386883,42.025,-0.0576194,42.025,0.3281376,42.105,-0.980933,42.025,153.97042212509535,42.218,6488.0,42.218,5319.0,38.054,2.316255,41.656,0.0,Null,Null,Null,Null,Null,Null,Null
2025-05-16 09:31:02.750000,42.616,63.2976852,42.616,-15.617387399999998,42.722,40.3758485,42.722,-3.7040941999999997,42.398,30.0,42.616,0.13946,42.616,-0.3586117,42.616,-0.1113324,42.616,0.11914519999999999,42.574,-0.989522,42.616,142.85335793361398,42.218,6488.0,42.218,5319.0,42.558,2.322673,42.632,0.0,Null,Null,Null,Null,Null,Null,Null
2025-05-16 09:31:03.500000,42.926,63.3797175,42.926,-15.699419699999998,43.021,40.3758489,43.021,-3.7040952,42.928,30.0,42.926,0.3287266,42.926,-0.3187668,42.926,0.16895179999999999,42.926,0.3818506,42.574,-0.989522,42.926,148.49587381161638,42.726,6553.0,42.726,5323.0,42.558,2.322673,42.632,0.0,Null,Null,Null,Null,Null,Null,Null
2025-05-16 09:31:03.750000,43.261,63.430499399999995,43.261,-15.7892646,43.363,40.3758494,43.363,-3.7040960999999997,43.178,30.0,43.261,0.20919000000000001,43.261,-0.3386883,43.261,0.0058595999999999995,43.261,0.1347708,43.113,-0.988864,43.261,141.84273893835604,43.26,6379.0,43.26,5416.0,42.558,2.322673,42.632,0.0,Null,Null,Null,Null,Null,Null,Null
2025-05-16 09:31:04.250000,43.486,63.477374999999995,43.486,-15.867390599999998,43.773,40.375850299999996,43.773,-3.7040982,43.672,30.0,43.486,0.2390751,43.486,-0.3386883,43.486,-0.1230516,43.486,0.1357474,43.571,-0.99868,43.486,143.9724887798609,43.771,6610.0,43.771,5200.0,42.558,2.322673,43.67,0.0,Null,Null,Null,Null,Null,Null,Null
2025-05-16 09:31:04.500000,43.786,63.52815689999999,43.786,-15.9572355,44.121,40.375850799999995,44.121,-3.7040992999999998,43.892,30.0,43.786,0.27892,43.786,-0.38849680000000003,43.786,-0.083011,43.786,0.1240282,43.571,-0.99868,43.786,144.6375759272099,43.771,6610.0,43.771,5200.0,42.558,2.322673,43.67,0.0,Null,Null,Null,Null,Null,Null,Null
2025-05-16 09:31:04.750000,44.123,63.590657699999994,44.123,-16.039267799999998,44.437,40.3758513,44.437,-3.7041003999999997,44.162,30.0,44.123,0.2689583,44.123,-0.4084183,44.123,0.1162154,44.123,-0.0009766,44.123,-1.000627,44.123,146.68930687017976,44.239,6950.0,44.239,4745.0,42.558,2.322673,43.67,0.0,Null,Null,Null,Null,Null,Null,Null
2025-05-16 09:31:05.250000,44.771,63.75081599999999,44.771,-16.207238699999998,44.778,40.3758523,44.778,-3.7041025999999997,44.668,30.0,44.771,0.2490349,44.771,-0.3685734,44.771,-0.0810578,44.771,0.0654322,44.568,-1.015811,44.771,146.30986242060268,44.769,6571.0,44.769,5192.0,42.558,2.322673,44.665,0.0,Null,Null,Null,Null,Null,Null,Null
2025-05-16 09:31:05.500000,45.005,63.79769159999999,45.005,-16.3088025,45.116,40.375852699999996,45.116,-3.7041036,44.888,30.0,45.005,0.2390751,45.005,-0.3187668,45.005,0.0068362,45.005,0.1015664,45.116,-1.04169,45.005,145.95418869759126,44.769,6571.0,44.769,5192.0,42.558,2.322673,44.665,0.0,Null,Null,Null,Null,Null,Null,Null
2025-05-16 09:31:05.750000,45.307,63.840660899999996,45.307,-16.3869285,45.464,40.3758531,45.464,-3.7041046,45.389,30.0,45.307,0.2191517,45.307,-0.34865,45.307,-0.14649,45.307,0.0214852,45.116,-1.04169,45.307,146.30986242060268,45.208,6556.0,45.208,5318.0,42.558,2.322673,44.665,0.0,Null,Null,Null,Null,Null,Null,Null
2025-05-16 09:31:06.250000,45.605,63.879723899999995,45.605,-16.488492299999997,45.825,40.3758538,45.825,-3.7041065,45.675,30.0,45.605,0.2589966,45.605,-0.3685734,45.605,-0.0205086,45.605,0.1347708,45.567,-1.065819,45.605,147.99478869828752,45.733,6562.0,45.733,5207.0,42.558,2.322673,45.621,0.0,Null,Null,Null,Null,Null,Null,Null
2025-05-16 09:31:06.500000,45.92,63.9695688,45.92,-16.679900999999997,46.157,40.3758542,46.157,-3.7041076,45.921,30.0,45.92,0.20919000000000001,45.92,-0.38849680000000003,45.92,-0.2431734,45.92,-0.1240282,46.091,-1.095062,45.92,151.29399026508906,45.733,6562.0,45.733,5207.0,42.558,2.322673,45.621,0.0,Null,Null,Null,Null,Null,Null,Null
2025-05-16 09:31:06.750000,46.231,64.0008192,46.231,-16.758027,46.536,40.3758549,46.536,-3.7041098999999997,46.401,30.0,46.231,0.2191517,46.231,-0.3984585,46.231,-0.19532,46.231,-0.0136724,46.091,-1.095062,46.231,141.76618720597543,46.231,6387.0,46.231,5379.0,42.558,2.322673,45.621,0.0,Null,Null,Null,Null,Null,Null,Null
2025-05-16 09:31:07.250000,46.807,64.07894519999999,46.807,-16.847871899999998,46.859,40.3758552,46.859,-3.7041109999999997,46.662,30.0,46.807,0.2291134,46.807,-0.4383034,46.807,-0.1093792,46.807,0.0224618,46.58,-1.114228,46.807,139.26784003858666,46.734,6278.0,46.734,5459.0,42.558,2.322673,46.661,0.0,Null,Null,Null,Null,Null,Null,Null
2025-05-16 09:31:07.500000,47.117,64.1101956,47.117,-16.9377168,47.255,40.3758559,47.255,-3.7041131999999997,47.155,30.0,47.117,0.2191517,47.117,-0.3785351,47.117,-0.09766,47.117,-0.07519819999999999,47.116,-1.115602,47.117,145.95418869759126,47.255,6510.0,47.255,5300.0,47.01,2.329103,46.661,0.0,Null,Null,Null,Null,Null,Null,Null
2025-05-16 09:31:07.750000,47.417,64.1492586,47.417,-17.039280599999998,47.572,40.3758562,47.572,-3.7041144,47.419,30.0,47.417,0.1992283,47.417,-0.34865,47.417,-0.092777,47.417,0.0644556,47.116,-1.115602,47.417,141.70984613226906,47.255,6510.0,47.255,5300.0,47.01,2.329103,46.661,0.0,Null,Null,Null,Null,Null,Null,Null
2025-05-16 09:31:08,47.73,64.2273846,47.73,-17.129125499999997,47.914,40.3758565,47.914,-3.7041155999999997,47.655,30.0,47.73,0.1892666,47.73,-0.4084183,47.73,-0.07519819999999999,47.73,0.0908238,47.574,-1.131768,47.73,147.03054552843932,47.728,6128.0,47.728,5634.0,47.01,2.329103,47.653,0.0,Null,Null,Null,Null,Null,Null,Null
2025-05-16 09:31:08.500000,48.002,64.258635,48.002,-17.2892838,48.26,40.3758571,48.26,-3.7041177,48.143,30.0,48.002,0.20919000000000001,48.002,-0.3785351,48.002,0.0839876,48.002,0.1084026,48.082,-1.12718,48.002,135.0,48.196,6480.0,48.196,5343.0,47.01,2.329103,47.653,0.0,Null,Null,Null,Null,Null,Null,Null
2025-05-16 09:31:08.750000,48.303,64.28988539999999,48.303,-17.3595972,48.645,40.375857499999995,48.645,-3.7041188,48.4,30.0,48.303,0.1892666,48.303,-0.34865,48.303,0.0615258,48.303,0.0175788,48.552,-1.119875,48.303,144.7822934577957,48.196,6480.0,48.196,5343.0,47.01,2.329103,47.653,0.0,Null,Null,Null,Null,Null,Null,Null
2025-05-16 09:31:09.250000,48.867,64.37973029999999,48.867,-17.4494421,48.952,40.375858199999996,48.952,-3.7041209999999998,48.903,30.0,48.867,0.20919000000000001,48.867,-0.3586117,48.867,-0.1494198,48.867,-0.0898472,48.552,-1.119875,48.867,145.98076731726024,48.724,6278.0,48.724,5434.0,47.01,2.329103,48.648,0.0,Null,Null,Null,Null,Null,Null,Null
2025-05-16 09:31:09.500000,49.222,64.4500437,49.222,-17.5470996,49.291,40.3758585,49.291,-3.7041220999999998,49.126,30.0,49.222,0.1992283,49.222,-0.34865,49.222,-0.1972732,49.222,0.11914519999999999,49.08,-1.110569,49.222,158.7495091421203,49.221,6261.0,49.221,5503.0,47.01,2.329103,48.648,0.0,Null,Null,Null,Null,Null,Null,Null
2025-05-16 09:31:09.750000,49.498,64.4891067,49.498,-17.7189768,49.698,40.3758589,49.698,-3.7041231,49.371,30.0,49.498,0.2490349,49.498,-0.3984585,49.498,-0.063479,49.498,-0.2656352,49.56,-1.077593,49.498,134.11874081816666,49.221,6261.0,49.221,5503.0,47.01,2.329103,49.608,0.0,Null,Null,Null,Null,Null,Null,Null
2025-05-16 09:31:10.250000,49.792,64.54770119999999,49.792,-17.7892902,49.995,40.375859899999995,49.995,-3.7041255,49.897,30.0,49.792,0.27892,49.792,-0.4681885,49.792,0.0517598,49.792,0.1044962,49.56,-1.077593,49.792,148.29854980133337,49.703,6105.0,49.703,5612.0,47.01,2.329103,49.608,0.0,Null,Null,Null,Null,Null,Null,Null
2025-05-16 09:31:10.500000,50.099,64.5984831,50.099,-17.8791351,50.347,40.3758602,50.347,-3.7041264,50.138,30.0,50.099,0.2291134,50.099,-0.3685734,50.099,0.0517598,50.099,0.278331,50.099,-1.041167,50.099,144.7822934577957,50.215,6050.0,50.215,5761.0,47.01,2.329103,49.608,0.0,Null,Null,Null,Null,Null,Null,Null
2025-05-16 09:31:11,50.361,64.6297335,50.361,-17.96898,50.753,40.375861,50.753,-3.7041283999999997,50.64,30.0,50.361,0.2191517,50.361,-0.34865,50.361,0.0771514,50.361,-0.1621156,50.554,-0.991752,50.361,144.32366763639513,50.752,5968.0,50.752,5806.0,47.01,2.329103,50.639,0.0,Null,Null,Null,Null,Null,Null,Null
2025-05-16 09:31:11.250000,50.995,64.7703603,50.995,-18.058824899999998,51.091,40.3758615,51.091,-3.7041294999999996,50.891,30.0,50.995,0.27892,50.995,-0.41838000000000003,50.995,-0.0566428,50.995,0.0810578,50.554,-0.991752,50.995,146.6336430681178,50.752,5968.0,50.752,5806.0,47.01,2.329103,50.639,0.0,Null,Null,Null,Null,Null,Null,Null
2025-05-16 09:31:11.500000,51.279,64.8406737,51.279,-18.156482399999998,51.404,40.3758621,51.404,-3.7041307,51.145,30.0,51.279,0.3386883,51.279,-0.3685734,51.279,0.059572599999999996,51.279,0.1601624,51.092,-0.922104,51.279,136.63662161074424,51.221,6038.0,51.221,5631.0,47.01,2.329103,50.639,0.0,Null,Null,Null,Null,Null,Null,Null
2025-05-16 09:31:12,51.58,64.9187997,51.58,-18.340078499999997,51.747,40.375863599999995,51.747,-3.7041329,51.645,30.0,51.58,0.38849680000000003,51.58,-0.3685734,51.58,0.1337942,51.58,0.0918004,51.538,-0.83488,51.58,145.95418869759126,51.696,6335.0,51.696,5246.0,51.522,2.335386,51.645,0.0,Null,Null,Null,Null,Null,Null,Null
2025-05-16 09:31:12.250000,51.892,65.0086446,51.892,-18.4299234,52.099,40.375864299999996,52.099,-3.704134,51.895,30.0,51.892,0.4084183,51.892,-0.3386883,51.892,0.0361342,51.892,0.019532,52.052,-0.74856,51.892,143.13010235415598,51.696,6335.0,51.696,5246.0,51.522,2.335386,51.645,0.0,Null,Null,Null,Null,Null,Null,Null
2025-05-16 09:31:12.750000,52.216,65.14927139999999,52.216,-18.508049399999997,52.434,40.375864899999996,52.434,-3.7041351,52.382,30.0,52.216,0.3586117,52.216,-0.3088051,52.216,0.019532,52.216,0.2021562,52.052,-0.74856,52.216,147.8476728857906,52.216,6010.0,52.216,5589.0,51.522,2.335386,51.645,0.0,Null,Null,Null,Null,Null,Null,Null
2025-05-16 09:31:13,52.497,65.23911629999999,52.497,-18.5900817,52.802,40.3758665,52.802,-3.704137,52.648,30.0,52.497,0.3984585,52.497,-0.3984585,52.497,0.0332044,52.497,0.092777,52.533,-0.634392,52.497,144.9042794038042,52.712,6613.0,52.712,4874.0,51.522,2.335386,52.647,0.0,Null,Null,Null,Null,Null,Null,Null
2025-05-16 09:31:13.500000,53.076,65.4383376,53.076,-18.7580526,53.183,40.3758675,53.183,-3.7041377,53.183,30.0,53.076,0.41838000000000003,53.076,-0.2291134,53.076,0.107426,53.076,-0.068362,53.075,-0.521466,53.076,151.69931107391193,52.712,6613.0,52.712,4874.0,51.522,2.335386,52.647,0.0,Null,Null,Null,Null,Null,Null,Null
2025-05-16 09:31:13.750000,53.39,65.55943289999999,53.39,-18.8596164,53.491,40.3758695,53.491,-3.7041391,53.391,30.0,53.39,0.5478802,53.39,-0.2490349,53.39,-0.2031328,53.39,0.283214,53.075,-0.521466,53.39,151.18925869617567,53.185,6885.0,53.185,4737.0,51.522,2.335386,52.647,0.0,Null,Null,Null,Null,Null,Null,Null
2025-05-16 09:31:14,53.706,65.7586542,53.706,-18.9689928,53.846,40.3758704,53.846,-3.7041397999999996,53.633,30.0,53.706,0.3088051,53.706,-0.2291134,53.706,0.0888706,53.706,0.361342,53.552,-0.438711,53.706,154.5366852385528,53.704,6579.0,53.704,5003.0,51.522,2.335386,53.632,0.0,Null,Null,Null,Null,Null,Null,Null
2025-05-16 09:31:14.500000,53.975,65.8484991,53.975,-19.058837699999998,54.222,40.375872199999996,54.222,-3.7041412,54.124,30.0,53.975,0.4084183,53.975,-0.1693432,53.975,0.1933668,53.975,0.102543,54.051,-0.366981,53.975,152.4026775309487,54.222,6813.0,54.222,4965.0,51.522,2.335386,53.632,0.0,Null,Null,Null,Null,Null,Null,Null
2025-05-16 09:31:14.750000,54.278,65.9578755,54.278,-19.1564952,54.541,40.3758731,54.541,-3.7041418999999998,54.355,30.0,54.278,0.4084183,54.278,-0.1494217,54.278,0.1474666,54.278,0.2597756,54.051,-0.366981,54.278,149.93143985101995,54.222,6813.0,54.222,4965.0,51.522,2.335386,53.632,0.0,Null,Null,Null,Null,Null,Null,Null
2025-05-16 09:31:15,54.567,66.0594393,54.567,-19.2385275,54.91,40.3758737,54.91,-3.7041424999999997,54.632,30.0,54.567,0.3187668,54.567,-0.1494217,54.567,0.0361342,54.567,0.059572599999999996,54.543,-0.318627,54.567,150.25515232876234,54.712,6717.0,54.712,5257.0,51.522,2.335386,54.631,0.0,Null,Null,Null,Null,Null,Null,Null
2025-05-16 09:31:15.500000,55.187,66.32897399999999,55.187,-19.437748799999998,55.235,40.3758755,55.235,-3.7041437999999998,55.122,30.0,55.187,0.4582268,55.187,-0.1793049,55.187,0.0625024,55.187,0.0839876,55.051,-0.280602,55.187,155.13635159438746,55.186,6962.0,55.186,4862.0,51.522,2.335386,54.631,0.0,Null,Null,Null,Null,Null,Null,Null
2025-05-16 09:31:15.750000,55.479,66.4500693,55.479,-19.5393126,55.574,40.3758765,55.574,-3.7041445,55.374,30.0,55.479,0.3586117,55.479,-0.13946,55.479,0.1826242,55.479,0.0742216,55.537,-0.266446,55.479,151.07362634246033,55.186,6962.0,55.186,4862.0,51.522,2.335386,54.631,0.0,Null,Null,Null,Null,Null,Null,Null
2025-05-16 09:31:16.250000,55.778,66.5399142,55.778,-19.6174386,55.932,40.375878199999995,55.932,-3.7041456,55.868,30.0,55.778,0.4283417,55.778,-0.1494217,55.778,0.04883,55.778,-0.2265712,55.537,-0.266446,55.778,151.50443028690918,55.678,6895.0,55.678,5012.0,51.522,2.335386,55.622,0.0,Null,Null,Null,Null,Null,Null,Null
2025-05-16 09:31:16.500000,56.078,66.6297591,56.078,-19.719002399999997,56.272,40.3758792,56.272,-3.7041461,56.128,30.0,56.078,0.38849680000000003,56.078,-0.0996132,56.078,-0.0986366,56.078,-0.0615258,56.077,-0.279892,56.078,152.4026775309487,56.203,7250.0,56.203,4624.0,55.98,2.341674,55.622,0.0,Null,Null,Null,Null,Null,Null,Null
2025-05-16 09:31:16.750000,56.374,66.73913549999999,56.374,-19.8088473,56.66,40.375880099999996,56.66,-3.7041465999999996,56.375,30.0,56.374,0.4781502,56.374,-0.1195366,56.374,-0.1308644,56.374,-0.0791046,56.536,-0.324681,56.374,149.7435817109857,56.203,7250.0,56.203,4624.0,55.98,2.341674,56.659,0.0,Null,Null,Null,Null,Null,Null,Null
2025-05-16 09:31:17.250000,56.975,67.00085759999999,56.975,-20.000256,56.975,40.3758815,56.975,-3.7041475999999998,56.878,30.0,56.975,0.3586117,56.975,-0.1593834,56.975,0.29298,56.975,-0.2597756,56.536,-0.324681,56.975,150.25515232876234,56.662,6669.0,56.662,5313.0,55.98,2.341674,56.659,0.0,Null,Null,Null,Null,Null,Null,Null
2025-05-16 09:31:17.500000,57.266,67.0789836,57.266,-20.078381999999998,57.319,40.3758822,57.319,-3.7041481999999997,57.111,30.0,57.266,0.34865,57.266,-0.13946,57.266,0.1337942,57.266,-0.043947,57.05,-0.373626,57.266,147.99478869828752,57.164,6847.0,57.164,5044.0,55.98,2.341674,56.659,0.0,Null,Null,Null,Null,Null,Null,Null
2025-05-16 09:31:18,57.566,67.1571096,57.566,-20.1799458,57.708,40.3758829,57.708,-3.7041486999999997,57.628,30.0,57.566,0.3287266,57.566,-0.0996132,57.566,0.1347708,57.566,-0.1923902,57.527,-0.424909,57.566,149.21592649958023,57.707,7228.0,57.707,4761.0,55.98,2.341674,57.627,0.0,Null,Null,Null,Null,Null,Null,Null
2025-05-16 09:31:18.250000,57.871,67.227423,57.871,-20.2776033,58.067,40.375884299999996,58.067,-3.7041499,57.871,30.0,57.871,0.34865,57.871,-0.1892666,57.871,0.2744246,57.871,-0.0693386,57.527,-0.424909,57.871,148.13399927513925,57.707,7228.0,57.707,4761.0,55.98,2.341674,57.627,0.0,Null,Null,Null,Null,Null,Null,Null
2025-05-16 09:31:18.500000,58.195,67.3875813,58.195,-20.359635599999997,58.386,40.375885,58.386,-3.7041505,58.108,30.0,58.195,0.3088051,58.195,-0.1992283,58.195,0.1865306,58.195,-0.3877102,58.069,-0.488604,58.195,147.8476728857906,58.194,6589.0,58.194,5213.0,55.98,2.341674,57.627,0.0,Null,Null,Null,Null,Null,Null,Null
2025-05-16 09:31:19,58.459,67.46961359999999,58.459,-20.527606499999997,58.764,40.375886799999996,58.764,-3.7041518,58.614,30.0,58.459,0.4980717,58.459,-0.1992283,58.459,0.04883,58.459,-0.3642718,58.516,-0.526372,58.459,143.3929826748121,58.664,6800.0,58.664,4816.0,55.98,2.341674,58.613,0.0,Null,Null,Null,Null,Null,Null,Null
2025-05-16 09:31:19.250000,58.766,67.5907089,58.766,-20.6174514,59.121,40.3758875,59.121,-3.7041524,58.855,30.0,58.766,0.4383034,58.766,-0.2291134,58.766,-0.0800812,58.766,-0.3457164,59.029,-0.55904,58.766,146.30993247402023,58.664,6800.0,58.664,4816.0,55.98,2.341674,58.613,0.0,Null,Null,Null,Null,Null,Null,Null
2025-05-16 09:31:19.750000,59.327,67.72742939999999,59.327,-20.7268278,59.412,40.3758881,59.412,-3.7041530999999996,59.365,30.0,59.327,0.2888817,59.327,-0.2589966,59.327,-0.0058595999999999995,59.327,-0.170905,59.029,-0.55904,59.327,137.41957413752127,59.183,6294.0,59.183,5619.0,55.98,2.341674,58.613,0.0,Null,Null,Null,Null,Null,Null,Null
2025-05-16 09:31:20,59.682,67.87977509999999,59.682,-20.816672699999998,59.762,40.3758895,59.762,-3.7041543999999997,59.608,30.0,59.682,0.3287266,59.682,-0.2191517,59.682,0.102543,59.682,-0.1767646,59.506,-0.576532,59.682,133.49252642694609,59.681,6590.0,59.681,5285.0,55.98,2.341674,59.607,0.0,Null,Null,Null,Null,Null,Null,Null
2025-05-16 09:31:20.250000,59.926,67.95008849999999,59.926,-20.906517599999997,60.112,40.3758901,60.112,-3.7041549999999996,59.853,30.0,59.926,0.2689583,59.926,-0.1992283,59.926,0.059572599999999996,59.926,-0.0654322,60.051,-0.573787,59.926,129.6678372662579,59.681,6590.0,59.681,5285.0,55.98,2.341674,59.607,0.0,Null,Null,Null,Null,Null,Null,Null
2025-05-16 09:31:20.750000,60.246,68.02821449999999,60.246,-21.097926299999997,60.454,40.3758908,60.454,-3.7041556,60.353,30.0,60.246,0.4482651,60.246,-0.2291134,60.246,0.239267,60.246,-0.2627054,60.051,-0.573787,60.246,130.73215996141334,60.16,6045.0,60.16,5962.0,55.98,2.341674,59.607,0.0,Null,Null,Null,Null,Null,Null,Null
2025-05-16 09:31:21,60.555,68.1297783,60.555,-21.1799586,60.808,40.3758924,60.808,-3.7041568,60.618,30.0,60.555,0.3984585,60.555,-0.1693432,60.555,0.2236414,60.555,-0.2558692,60.518,-0.561402,60.555,135.0,60.679,6743.0,60.679,5049.0,60.509,2.348177,60.617,0.0,Null,Null,Null,Null,Null,Null,Null
2025-05-16 09:31:21.500000,60.825,68.2079043,60.825,-21.2698035,61.206,40.3758931,61.206,-3.7041576999999997,61.097,30.0,60.825,0.3187668,60.825,-0.2291134,60.825,-0.112309,60.825,-0.0996132,61.036,-0.558184,60.825,116.56505117707799,61.206,5792.0,61.206,5975.0,60.509,2.348177,60.617,0.0,Null,Null,Null,Null,Null,Null,Null
2025-05-16 09:31:21.750000,61.445,68.37978149999999,61.445,-21.316679099999998,61.519,40.375894599999995,61.519,-3.7041592999999997,61.354,30.0,61.445,0.3685734,61.445,-0.2291134,61.445,-0.0019532,61.445,-0.2861438,61.036,-0.558184,61.445,118.70600973491094,61.206,5792.0,61.206,5975.0,60.509,2.348177,60.617,0.0,Null,Null,Null,Null,Null,Null,Null
2025-05-16 09:31:22,61.755,68.5399398,61.755,-21.379179899999997,61.863,40.3758954,61.863,-3.7041602,61.601,30.0,61.755,0.3586117,61.755,-0.2988434,61.755,0.0068362,61.755,-0.14649,61.521,-0.527815,61.755,114.44382004758694,61.653,5422.0,61.653,6358.0,60.509,2.348177,61.6,0.0,Null,Null,Null,Null,Null,Null,Null
2025-05-16 09:31:22.500000,62.043,68.6180658,62.043,-21.500275199999997,62.204,40.375896999999995,62.204,-3.7041616,62.073,30.0,62.043,0.3187668,62.043,-0.2291134,62.043,0.2461032,62.043,-0.1035196,62.043,-0.4606,62.043,126.57302364407467,62.167,5861.0,62.167,6030.0,60.509,2.348177,61.6,0.0,Null,Null,Null,Null,Null,Null,Null
2025-05-16 09:31:22.750000,62.363,68.71962959999999,62.363,-21.5588697,62.553,40.375898,62.553,-3.7041622,62.364,30.0,62.363,0.4582268,62.363,-0.1693432,62.363,0.2304776,62.363,-0.2412202,62.512,-0.403045,62.363,112.52044910761637,62.167,5861.0,62.167,6030.0,60.509,2.348177,61.6,0.0,Null,Null,Null,Null,Null,Null,Null
2025-05-16 09:31:23.250000,62.682,68.82900599999999,62.682,-21.617464199999997,62.894,40.375898899999996,62.894,-3.704163,62.841,30.0,62.682,0.4283417,62.682,-0.2390751,62.682,-0.1474666,62.682,0.0869174,62.512,-0.403045,62.682,110.09527706117818,62.681,6243.0,62.681,5453.0,60.509,2.348177,62.612,0.0,Null,Null,Null,Null,Null,Null,Null
2025-05-16 09:31:23.500000,63.259,69.1180722,63.259,-21.679965,63.259,40.3759006,63.259,-3.7041644999999996,63.088,30.0,63.259,0.3984585,63.259,-0.2191517,63.259,0.083011,63.259,0.0791046,63.03,-0.356091,63.259,115.11479988753376,63.142,6163.0,63.142,5672.0,60.509,2.348177,62.612,0.0,Null,Null,Null,Null,Null,Null,Null
2025-05-16 09:31:23.750000,63.539,69.219636,63.539,-21.738559499999997,63.645,40.3759015,63.645,-3.7041649,63.323,30.0,63.539,0.4283417,63.539,-0.0996132,63.539,-0.1455134,63.539,0.0644556,63.513,-0.295836,63.539,110.55589551651768,63.142,6163.0,63.142,5672.0,60.509,2.348177,63.555,0.0,Null,Null,Null,Null,Null,Null,Null
2025-05-16 09:31:24.250000,63.811,69.31729349999999,63.811,-21.8401233,63.955,40.375903199999996,63.955,-3.7041657999999997,63.85,30.0,63.811,0.3586117,63.811,-0.1494217,63.811,-0.0224618,63.811,0.2363372,63.513,-0.295836,63.811,111.37048790457534,63.648,7318.0,63.648,4476.0,60.509,2.348177,63.555,0.0,Null,Null,Null,Null,Null,Null,Null
2025-05-16 09:31:24.500000,64.174,69.4071384,64.174,-21.8987178,64.292,40.3759039,64.292,-3.7041665,64.087,30.0,64.174,0.3088051,64.174,-0.1294983,64.174,0.0185554,64.174,0.0459002,64.016,-0.276614,64.174,111.25049085787973,64.173,6947.0,64.173,5060.0,60.509,2.348177,63.555,0.0,Null,Null,Null,Null,Null,Null,Null
2025-05-16 09:31:25,64.438,69.4774518,64.438,-21.949499699999997,64.672,40.3759048,64.672,-3.7041671,64.603,30.0,64.438,0.38849680000000003,64.438,-0.2888817,64.438,-0.0322278,64.438,0.0712918,64.495,-0.254598,64.438,109.23069345250215,64.671,7289.0,64.671,4428.0,60.509,2.348177,64.602,0.0,Null,Null,Null,Null,Null,Null,Null
2025-05-16 09:31:25.250000,64.743,69.6805794,64.743,-22.000281599999997,65.048,40.3759066,65.048,-3.7041678,64.834,30.0,64.743,0.41838000000000003,64.743,-0.06973,64.743,-0.019532,64.743,0.2607522,64.495,-0.254598,64.743,104.38120582291528,64.671,7289.0,64.671,4428.0,64.945,2.35464,64.602,0.0,Null,Null,Null,Null,Null,Null,Null
2025-05-16 09:31:25.500000,65.05,69.7899558,65.05,-22.027625699999998,65.362,40.3759073,65.362,-3.7041684,65.096,30.0,65.05,0.3685734,65.05,-0.13946,65.05,-0.0078128,65.05,0.1015664,65.05,-0.258231,65.05,104.03613632755194,65.17,7267.0,65.17,4621.0,64.945,2.35464,64.602,0.0,Null,Null,Null,Null,Null,Null,Null
2025-05-16 09:31:26,65.649,69.9501141,65.649,-22.117470599999997,65.698,40.3759087,65.698,-3.7041692999999998,65.589,30.0,65.649,0.3785351,65.649,-0.1095749,65.649,-0.0361342,65.649,0.268565,65.517,-0.304942,65.649,106.38938371729795,65.649,7588.0,65.649,4310.0,64.945,2.35464,65.588,0.0,Null,Null,Null,Null,Null,Null,Null
2025-05-16 09:31:26.250000,66.018,70.0907409,66.018,-22.1565336,66.04,40.3759094,66.04,-3.7041698,65.836,30.0,66.018,0.2689583,66.018,-0.1892666,66.018,0.0957068,66.018,-0.2959098,66.023,-0.357322,66.018,113.9625453062136,65.649,7588.0,65.649,4310.0,64.945,2.35464,65.588,0.0,Null,Null,Null,Null,Null,Null,Null
2025-05-16 09:31:26.750000,66.23,70.15714799999999,66.23,-22.219034399999998,66.388,40.37591,66.388,-3.7041703999999998,66.311,30.0,66.23,0.3287266,66.23,-0.1892666,66.23,-0.0214852,66.23,0.1103558,66.023,-0.357322,66.23,111.80140948635182,66.134,6650.0,66.134,5369.0,64.945,2.35464,65.588,0.0,Null,Null,Null,Null,Null,Null,Null
2025-05-16 09:31:27,66.538,70.2391803,66.538,-22.258097399999997,66.735,40.3759114,66.735,-3.7041716,66.586,30.0,66.538,0.3287266,66.538,-0.13946,66.538,0.04883,66.538,0.0371108,66.537,-0.407012,66.538,106.85825170799917,66.665,7324.0,66.665,4639.0,64.945,2.35464,66.585,0.0,Null,Null,Null,Null,Null,Null,Null
2025-05-16 09:31:27.250000,66.837,70.3173063,66.837,-22.2971604,67.125,40.3759119,67.125,-3.7041722999999998,66.839,30.0,66.837,0.3187668,66.837,-0.2291134,66.837,-0.0136724,66.837,0.1113324,67.022,-0.469517,66.837,118.49556971309082,66.665,7324.0,66.665,4639.0,64.945,2.35464,66.585,0.0,Null,Null,Null,Null,Null,Null,Null
2025-05-16 09:31:27.750000,67.128,70.36808819999999,67.128,-22.406536799999998,67.453,40.3759127,67.453,-3.7041728,67.307,30.0,67.128,0.1693432,67.128,-0.1892666,67.128,-0.09375359999999999,67.128,0.0126958,67.022,-0.469517,67.128,122.82843740614693,67.127,6035.0,67.127,6136.0,64.945,2.35464,66.585,0.0,Null,Null,Null,Null,Null,Null,Null
2025-05-16 09:31:28,67.731,70.6376229,67.731,-22.4690376,67.796,40.3759143,67.796,-3.7041739,67.581,30.0,67.731,0.3386883,67.731,-0.1593834,67.731,0.023438399999999998,67.731,0.0517598,67.485,-0.51212,67.731,111.80137180239583,67.631,7228.0,67.631,4600.0,64.945,2.35464,67.58,0.0,Null,Null,Null,Null,Null,Null,Null
2025-05-16 09:31:28.500000,68.027,70.7274678,68.027,-22.519819499999997,68.179,40.3759151,68.179,-3.7041744,68.052,30.0,68.027,0.34865,68.027,-0.2291134,68.027,-0.083011,68.027,0.0351576,68.025,-0.603546,68.027,117.59732246905135,68.178,6977.0,68.178,4865.0,64.945,2.35464,67.58,0.0,Null,Null,Null,Null,Null,Null,Null
2025-05-16 09:31:28.750000,68.341,70.79778119999999,68.341,-22.566695099999997,68.5,40.3759158,68.5,-3.7041752999999997,68.342,30.0,68.341,0.2689583,68.341,-0.2988434,68.341,-0.029298,68.341,0.1308644,68.025,-0.603546,68.341,123.27479846955056,68.178,6977.0,68.178,4865.0,64.945,2.35464,67.58,0.0,Null,Null,Null,Null,Null,Null,Null
2025-05-16 09:31:29,68.65,70.86809459999999,68.65,-22.6291959,68.842,40.375917199999996,68.842,-3.7041771,68.579,30.0,68.65,0.3088051,68.65,-0.27892,68.65,-0.1728582,68.65,0.024415,68.522,-0.685401,68.65,131.8777830907795,68.649,6415.0,68.649,5437.0,64.945,2.35464,68.578,0.0,Null,Null,Null,Null,Null,Null,Null
2025-05-16 09:31:29.500000,68.929,71.03997179999999,68.929,-22.738572299999998,69.181,40.3759186,69.181,-3.7041787,69.078,30.0,68.929,0.27892,68.929,-0.27892,68.929,0.0351576,68.929,0.0302746,69.024,-0.724983,68.929,123.69014394806821,69.129,6331.0,69.129,5543.0,64.945,2.35464,68.578,0.0,Null,Null,Null,Null,Null,Null,Null
2025-05-16 09:31:29.750000,69.219,71.1180978,69.219,-22.7893542,69.568,40.3759193,69.568,-3.7041796999999996,69.299,30.0,69.219,0.2689583,69.219,-0.2689583,69.219,0.0136724,69.219,-0.1113324,69.476,-0.758791,69.219,126.52884568730164,69.129,6331.0,69.129,5543.0,69.46,2.361314,68.578,0.0,Null,Null,Null,Null,Null,Null,Null
2025-05-16 09:31:30.250000,69.791,71.2704435,69.791,-22.8401361,69.865,40.37592,69.865,-3.7041806,69.828,30.0,69.791,0.34865,69.791,-0.2589966,69.791,-0.0058595999999999995,69.791,-0.1142622,69.476,-0.758791,69.791,117.07209307471464,69.646,6387.0,69.646,5372.0,69.46,2.361314,69.571,0.0,Null,Null,Null,Null,Null,Null,Null
2025-05-16 09:31:30.500000,70.154,71.3485695,70.154,-22.898730599999997,70.221,40.3759212,70.221,-3.7041825,70.068,30.0,70.154,0.2490349,70.154,-0.3287266,70.154,0.0664088,70.154,-0.0078128,70.026,-0.784367,70.154,113.02528952492149,70.154,5793.0,70.154,6059.0,69.46,2.361314,69.571,0.0,Null,Null,Null,Null,Null,Null,Null
2025-05-16 09:31:30.750000,70.422,71.407164,70.422,-22.949512499999997,70.608,40.3759219,70.608,-3.7041834,70.295,30.0,70.422,0.2191517,70.422,-0.3785351,70.422,-0.0107426,70.422,-0.0947302,70.483,-0.780767,70.422,125.70666325297393,70.154,5793.0,70.154,6059.0,69.46,2.361314,70.608,0.0,Null,Null,Null,Null,Null,Null,Null
2025-05-16 09:31:31.250000,70.708,71.55950969999999,70.708,-23.019825899999997,70.922,40.375922599999996,70.922,-3.7041841,70.815,30.0,70.708,0.2888817,70.708,-0.3187668,70.708,0.2949332,70.708,0.4502126,70.483,-0.780767,70.708,127.87496263504981,70.611,6882.0,70.611,4935.0,69.46,2.361314,70.608,0.0,Null,Null,Null,Null,Null,Null,Null
2025-05-16 09:31:31.500000,71.027,71.63763569999999,71.027,-23.090139299999997,71.267,40.3759239,71.267,-3.7041861,71.062,30.0,71.027,0.2689583,71.027,-0.3088051,71.027,-0.0810578,71.027,-0.1455134,71.027,-0.759032,71.027,121.86600072486077,71.149,5946.0,71.149,5909.0,69.46,2.361314,70.608,0.0,Null,Null,Null,Null,Null,Null,Null
2025-05-16 09:31:32,71.283,71.7001365,71.283,-23.2268598,71.655,40.375924499999996,71.655,-3.7041872,71.569,30.0,71.283,0.27892,71.283,-0.3685734,71.283,0.0742216,71.283,-0.2363372,71.488,-0.731155,71.283,129.80560095111028,71.654,5517.0,71.654,6263.0,69.46,2.361314,71.568,0.0,Null,Null,Null,Null,Null,Null,Null
2025-05-16 09:31:32.250000,71.911,71.93842079999999,71.911,-23.2971732,72.028,40.375926,72.028,-3.7041891999999996,71.809,30.0,71.911,0.3088051,71.911,-0.2888817,71.911,-0.0996132,71.911,0.068362,71.488,-0.731155,71.911,125.70666325297393,71.654,5517.0,71.654,6263.0,69.46,2.361314,71.568,0.0,Null,Null,Null,Null,Null,Null,Null
2025-05-16 09:31:32.500000,72.214,72.0204531,72.214,-23.347955099999997,72.325,40.3759267,72.325,-3.7041901,72.038,30.0,72.214,0.3685734,72.214,-0.3386883,72.214,0.1601624,72.214,0.151373,72.03,-0.668608,72.214,110.28239550467781,72.115,6201.0,72.115,5603.0,69.46,2.361314,71.568,0.0,Null,Null,Null,Null,Null,Null,Null
2025-05-16 09:31:33,72.525,72.1181106,72.525,-23.406549599999998,72.685,40.3759276,72.685,-3.7041912,72.575,30.0,72.525,0.4084183,72.525,-0.3386883,72.525,0.205086,72.525,0.1669986,72.47,-0.612476,72.525,119.16768097753364,72.624,6390.0,72.624,5234.0,69.46,2.361314,72.574,0.0,Null,Null,Null,Null,Null,Null,Null
2025-05-16 09:31:33.250000,72.819,72.2079555,72.819,-23.539363799999997,73.036,40.3759291,73.036,-3.7041931999999997,72.821,30.0,72.819,0.38849680000000003,72.819,-0.3287266,72.819,0.078128,72.819,-0.0625024,73.036,-0.568246,72.819,121.42957789387292,72.624,6390.0,72.624,5234.0,69.46,2.361314,72.574,0.0,Null,Null,Null,Null,Null,Null,Null
2025-05-16 09:31:33.750000,73.134,72.2782689,73.134,-23.5979583,73.356,40.375929899999996,73.356,-3.7041939999999998,73.302,30.0,73.134,0.2689583,73.134,-0.2988434,73.134,-0.117192,73.134,-0.0791046,73.036,-0.568246,73.134,118.81074130382433,73.132,5970.0,73.132,5893.0,69.46,2.361314,72.574,0.0,Null,Null,Null,Null,Null,Null,Null
2025-05-16 09:31:34,73.412,72.36811379999999,73.412,-23.6292087,73.731,40.3759316,73.731,-3.7041950999999997,73.561,30.0,73.412,0.41838000000000003,73.412,-0.2689583,73.412,-0.0078128,73.412,0.126958,73.481,-0.520052,73.412,103.09174727825332,73.609,7369.0,73.609,4356.0,69.46,2.361314,73.56,0.0,Null,Null,Null,Null,Null,Null,Null
2025-05-16 09:31:34.250000,74.009,72.62983589999999,74.009,-23.6682717,74.065,40.375932299999995,74.065,-3.7041955,73.804,30.0,74.009,0.38849680000000003,74.009,-0.1494217,74.009,0.2519628,74.009,0.09375359999999999,74.007,-0.511496,74.009,112.61988650295233,73.609,7369.0,73.609,4356.0,73.917,2.367622,73.56,0.0,Null,Null,Null,Null,Null,Null,Null
2025-05-16 09:31:34.750000,74.316,72.7274934,74.316,-23.707334699999997,74.401,40.3759331,74.401,-3.7041961,74.318,30.0,74.316,0.34865,74.316,-0.2689583,74.316,0.2529394,74.316,-0.1044962,74.007,-0.511496,74.316,112.75087963190946,74.139,7826.0,74.139,4026.0,73.917,2.367622,73.56,0.0,Null,Null,Null,Null,Null,Null,Null
2025-05-16 09:31:35,74.628,72.81733829999999,74.628,-23.7698355,74.745,40.3759346,74.745,-3.7041974,74.556,30.0,74.628,0.3586117,74.628,-0.2689583,74.628,0.2158286,74.628,0.15039639999999999,74.459,-0.542225,74.628,126.63406298198058,74.627,7181.0,74.627,4605.0,73.917,2.367622,74.555,0.0,Null,Null,Null,Null,Null,Null,Null
2025-05-16 09:31:35.500000,74.899,72.8993706,74.899,-23.847961499999997,75.151,40.3759352,75.151,-3.704198,75.059,30.0,74.899,0.2490349,74.899,-0.1693432,74.899,0.1601624,74.899,-0.1845774,74.979,-0.597309,74.899,99.46232220802563,75.15,6675.0,75.15,5236.0,73.917,2.367622,74.555,0.0,Null,Null,Null,Null,Null,Null,Null
2025-05-16 09:31:35.750000,75.192,73.0282785,75.192,-23.879211899999998,75.47,40.3759358,75.47,-3.7041988,75.3,30.0,75.192,0.27892,75.192,-0.2888817,75.192,0.2548926,75.192,0.2236414,74.979,-0.597309,75.192,110.72553093371073,75.15,6675.0,75.15,5236.0,73.917,2.367622,74.555,0.0,Null,Null,Null,Null,Null,Null,Null
2025-05-16 09:31:36,75.473,73.0907793,75.473,-23.9299938,75.826,40.375937,75.826,-3.7042005,75.57,30.0,75.473,0.2689583,75.473,-0.2888817,75.473,0.04883,75.473,-0.2128988,75.473,-0.651945,75.473,122.00526041788426,75.628,6788.0,75.628,5094.0,73.917,2.367622,75.569,0.0,Null,Null,Null,Null,Null,Null,Null
2025-05-16 09:31:36.500000,76.117,73.22749979999999,76.117,-23.969056799999997,76.153,40.3759376,76.153,-3.7042010999999997,76.042,30.0,76.117,0.3187668,76.117,-0.1793049,76.117,0.2861438,76.117,-0.0742216,75.986,-0.707401,76.117,106.14419213808989,76.116,7776.0,76.116,4165.0,73.917,2.367622,75.569,0.0,Null,Null,Null,Null,Null,Null,Null
2025-05-16 09:31:36.750000,76.393,73.2704691,76.393,-24.047182799999998,76.504,40.375938399999995,76.504,-3.7042026999999997,76.291,30.0,76.393,0.1294983,76.393,-0.2689583,76.393,0.1494198,76.393,-0.034181,76.452,-0.794323,76.393,125.13414292678686,76.116,7776.0,76.116,4165.0,73.917,2.367622,75.569,0.0,Null,Null,Null,Null,Null,Null,Null
2025-05-16 09:31:37.250000,76.696,73.4071896,76.696,-24.0979647,76.867,40.3759392,76.867,-3.7042034,76.791,30.0,76.696,0.3287266,76.696,-0.2490349,76.696,0.0,76.696,-0.1650454,76.452,-0.794323,76.696,119.9314816932756,76.598,7193.0,76.598,4705.0,73.917,2.367622,76.551,0.0,Null,Null,Null,Null,Null,Null,Null
2025-05-16 09:31:37.500000,76.989,73.477503,76.989,-24.1487466,77.196,40.3759404,77.196,-3.7042051999999996,77.055,30.0,76.989,0.1593834,76.989,-0.34865,76.989,0.0947302,76.989,0.200203,76.988,-0.862992,76.989,112.98875082033935,77.118,5923.0,77.118,5980.0,73.917,2.367622,76.551,0.0,Null,Null,Null,Null,Null,Null,Null
2025-05-16 09:31:37.750000,77.296,73.5400038,77.296,-24.1995285,77.586,40.375941,77.586,-3.7042062,77.297,30.0,77.296,0.1992283,77.296,-0.3785351,77.296,0.0312512,77.296,-0.0478534,77.464,-0.917387,77.296,125.70666325297393,77.118,5923.0,77.118,5980.0,73.917,2.367622,77.585,0.0,Null,Null,Null,Null,Null,Null,Null
2025-05-16 09:31:38.250000,77.59,73.6103172,77.59,-24.258122999999998,77.908,40.3759416,77.908,-3.7042074,77.767,30.0,77.59,0.3187668,77.59,-0.3984585,77.59,0.0654322,77.59,0.0869174,77.464,-0.917387,77.59,138.17993099739235,77.589,6702.0,77.589,5004.0,73.917,2.367622,77.585,0.0,Null,Null,Null,Null,Null,Null,Null
2025-05-16 09:31:38.500000,78.192,73.80953849999999,78.192,-24.297185999999996,78.254,40.3759428,78.254,-3.7042091999999998,78.042,30.0,78.192,0.2390751,78.192,-0.2589966,78.192,0.1455134,78.192,0.043947,77.972,-0.952863,78.192,112.61976795111023,78.093,6903.0,78.093,5001.0,73.917,2.367622,77.585,0.0,Null,Null,Null,Null,Null,Null,Null
2025-05-16 09:31:39,78.48,73.868133,78.48,-24.3870309,78.643,40.375943299999996,78.643,-3.70421,78.547,30.0,78.48,0.1892666,78.48,-0.3586117,78.48,0.019532,78.48,-0.023438399999999998,78.439,-0.988065,78.48,115.2012165209771,78.642,6198.0,78.642,5708.0,78.396,2.374306,78.545,0.0,Null,Null,Null,Null,Null,Null,Null
2025-05-16 09:31:39.250000,78.792,73.93844639999999,78.792,-24.4378128,78.984,40.375944499999996,78.984,-3.7042121,78.793,30.0,78.792,0.3088051,78.792,-0.3685734,78.792,0.28223739999999997,78.792,0.3437632,78.439,-0.988065,78.792,123.31069312982025,78.642,6198.0,78.642,5708.0,78.396,2.374306,78.545,0.0,Null,Null,Null,Null,Null,Null,Null
2025-05-16 09:31:39.500000,79.112,74.0009472,79.112,-24.5081262,79.3,40.3759449,79.3,-3.7042131,79.015,30.0,79.112,0.1195366,79.112,-0.3586117,79.112,0.2285244,79.112,0.1425836,78.985,-1.02915,79.112,138.01286800764032,79.111,5675.0,79.111,6224.0,78.396,2.374306,78.545,0.0,Null,Null,Null,Null,Null,Null,Null
2025-05-16 09:31:40,79.387,74.0400102,79.387,-24.5979711,79.651,40.3759453,79.651,-3.7042138,79.54,30.0,79.387,0.1294983,79.387,-0.34865,79.387,0.1113324,79.387,0.0722684,79.459,-1.045687,79.387,132.08908702196214,79.587,7022.0,79.587,4957.0,78.396,2.374306,79.538,0.0,Null,Null,Null,Null,Null,Null,Null
2025-05-16 09:31:40.250000,79.678,74.1493866,79.678,-24.7385979,80.0,40.3759464,80.0,-3.7042156,79.786,30.0,79.678,0.20919000000000001,79.678,-0.3685734,79.678,0.1650454,79.678,0.1699284,79.948,-1.046747,79.678,135.0,79.587,7022.0,79.587,4957.0,78.396,2.374306,79.538,0.0,Null,Null,Null,Null,Null,Null,Null
2025-05-16 09:31:40.750000,80.29,74.2782945,80.29,-24.8089113,80.328,40.3759471,80.328,-3.7042165999999996,80.291,30.0,80.29,0.3187668,80.29,-0.41838000000000003,80.29,0.1113324,80.29,-0.092777,79.948,-1.046747,80.29,135.0,80.117,6563.0,80.117,5337.0,78.396,2.374306,79.538,0.0,Null,Null,Null,Null,Null,Null,Null
2025-05-16 09:31:41,80.606,74.34860789999999,80.606,-24.8870373,80.686,40.375948199999996,80.686,-3.7042188,80.539,30.0,80.606,0.1593834,80.606,-0.3586117,80.606,-0.1289112,80.606,-0.3437632,80.438,-1.046546,80.606,132.51037834621428,80.605,6048.0,80.605,5734.0,78.396,2.374306,80.537,0.0,Null,Null,Null,Null,Null,Null,Null
2025-05-16 09:31:41.250000,80.886,74.40720239999999,80.886,-24.969069599999997,81.083,40.375948799999996,81.083,-3.7042199,80.784,30.0,80.886,0.1892666,80.886,-0.4084183,80.886,-0.102543,80.886,-0.3281376,80.963,-1.041267,80.886,126.60701732518793,80.605,6048.0,80.605,5734.0,78.396,2.374306,80.537,0.0,Null,Null,Null,Null,Null,Null,Null
2025-05-16 09:31:41.750000,81.183,74.5282977,81.183,-25.0276641,81.377,40.375949299999995,81.377,-3.7042208,81.273,30.0,81.183,0.1693432,81.183,-0.4781502,81.183,0.2529394,81.183,-0.1914136,80.963,-1.041267,81.183,142.85335793361398,81.085,6721.0,81.085,5164.0,78.396,2.374306,80.537,0.0,Null,Null,Null,Null,Null,Null,Null
2025-05-16 09:31:42,81.47,74.59079849999999,81.47,-25.129227899999997,81.73,40.375950499999995,81.73,-3.7042224999999998,81.539,30.0,81.47,0.2291134,81.47,-0.3088051,81.47,0.2177818,81.47,0.0,81.447,-1.030959,81.47,149.93143985101995,81.611,6863.0,81.611,4933.0,78.396,2.374306,81.538,0.0,Null,Null,Null,Null,Null,Null,Null
2025-05-16 09:31:42.500000,81.783,74.6572056,81.783,-25.258135799999998,82.125,40.375951099999995,82.125,-3.7042235,82.036,30.0,81.783,0.2589966,81.783,-0.3984585,81.783,0.2138754,81.783,0.1142622,81.958,-1.019707,81.783,137.8156270005131,82.124,6211.0,82.124,5655.0,78.396,2.374306,81.538,0.0,Null,Null,Null,Null,Null,Null,Null
2025-05-16 09:31:42.750000,82.371,74.7704883,82.371,-25.347980699999997,82.447,40.3759515,82.447,-3.7042243999999998,82.251,30.0,82.371,0.3088051,82.371,-0.3586117,82.371,-0.0527364,82.371,-0.1035196,81.958,-1.019707,82.371,138.9452896925991,82.124,6211.0,82.124,5655.0,78.396,2.374306,81.538,0.0,Null,Null,Null,Null,Null,Null,Null
2025-05-16 09:31:43,82.677,74.9189277,82.677,-25.430013,82.788,40.3759528,82.788,-3.7042268,82.542,30.0,82.677,0.2191517,82.677,-0.3984585,82.677,0.1445368,82.677,0.2695416,82.45,-1.015699,82.677,142.8831799236599,82.576,6435.0,82.576,5187.0,78.396,2.374306,82.54,0.0,Null,Null,Null,Null,Null,Null,Null
2025-05-16 09:31:43.500000,82.983,74.96970959999999,82.983,-25.519857899999998,83.146,40.3759533,83.146,-3.7042276999999997,83.03,30.0,82.983,0.2291134,82.983,-0.2988434,82.983,-0.039064,82.983,0.1865306,82.982,-1.025156,82.983,144.162424630376,83.079,7136.0,83.079,4752.0,82.882,2.380692,82.54,0.0,Null,Null,Null,Null,Null,Null,Null
2025-05-16 09:31:43.750000,83.279,75.0283041,83.279,-25.6878288,83.477,40.3759543,83.477,-3.7042294,83.28,30.0,83.279,0.2291134,83.279,-0.4084183,83.279,-0.1005898,83.279,0.151373,83.431,-1.042258,83.279,133.09079905055455,83.079,7136.0,83.079,4752.0,82.882,2.380692,82.54,0.0,Null,Null,Null,Null,Null,Null,Null
2025-05-16 09:31:44.250000,83.612,75.07908599999999,83.612,-25.777673699999998,83.82,40.3759547,83.82,-3.7042302,83.767,30.0,83.612,0.2291134,83.612,-0.3187668,83.612,0.2421968,83.612,0.1679752,83.431,-1.042258,83.612,132.58042586247873,83.611,7092.0,83.611,4726.0,82.882,2.380692,83.54,0.0,Null,Null,Null,Null,Null,Null,Null
2025-05-16 09:31:44.500000,83.862,75.1298679,83.862,-25.859706,84.182,40.3759551,84.182,-3.704231,84.013,30.0,83.862,0.1693432,83.862,-0.3984585,83.862,0.019532,83.862,0.0312512,83.958,-1.075399,83.862,129.6678372662579,84.066,6586.0,84.066,5193.0,82.882,2.380692,83.54,0.0,Null,Null,Null,Null,Null,Null,Null
2025-05-16 09:31:44.750000,84.464,75.22752539999999,84.464,-25.9495509,84.569,40.375956099999996,84.569,-3.7042327,84.262,30.0,84.464,0.1992283,84.464,-0.4084183,84.464,0.0019532,84.464,0.3554824,84.424,-1.101475,84.464,130.23623269616982,84.066,6586.0,84.066,5193.0,82.882,2.380692,84.48,0.0,Null,Null,Null,Null,Null,Null,Null
2025-05-16 09:31:45.250000,84.779,75.34080809999999,84.779,-26.039395799999998,84.864,40.375956599999995,84.864,-3.7042335,84.781,30.0,84.779,0.2589966,84.779,-0.38849680000000003,84.779,0.1884838,84.779,0.1533262,84.424,-1.101475,84.779,138.01286800764032,84.572,6942.0,84.572,4902.0,82.882,2.380692,84.48,0.0,Null,Null,Null,Null,Null,Null,Null
2025-05-16 09:31:45.500000,85.1,75.37987109999999,85.1,-26.109709199999998,85.218,40.3759574,85.218,-3.7042355999999996,85.012,30.0,85.1,0.1095749,85.1,-0.34865,85.1,0.0615258,85.1,0.0078128,84.943,-1.138724,85.1,122.73519997041436,85.099,6270.0,85.099,5616.0,82.882,2.380692,84.48,0.0,Null,Null,Null,Null,Null,Null,Null
2025-05-16 09:31:46,85.356,75.43065299999999,85.356,-26.199554099999997,85.598,40.375957899999996,85.598,-3.7042368999999997,85.517,30.0,85.356,0.1992283,85.356,-0.4383034,85.356,-0.141607,85.356,0.1669986,85.419,-1.18507,85.356,128.4180952292527,85.598,6407.0,85.598,5377.0,82.882,2.380692,85.515,0.0,Null,Null,Null,Null,Null,Null,Null
2025-05-16 09:31:46.250000,85.655,75.5204979,85.655,-26.226898199999997,85.969,40.3759582,85.969,-3.7042379999999997,85.763,30.0,85.655,0.1294983,85.655,-0.4582268,85.655,0.3183716,85.655,0.2021562,85.419,-1.18507,85.655,111.03749224823771,85.598,6407.0,85.598,5377.0,82.882,2.380692,85.515,0.0,Null,Null,Null,Null,Null,Null,Null
2025-05-16 09:31:46.500000,85.978,75.54784199999999,85.978,-26.289399,86.286,40.375959,86.286,-3.7042395,86.008,30.0,85.978,0.1992283,85.978,-0.34865,85.978,0.0019532,85.978,0.2109456,85.976,-1.217267,85.978,127.64759267604822,86.086,6913.0,86.086,4915.0,82.882,2.380692,85.515,0.0,Null,Null,Null,Null,Null,Null,Null
2025-05-16 09:31:47,86.573,75.6494058,86.573,-26.340180899999996,86.62,40.3759594,86.62,-3.7042403,86.512,30.0,86.573,0.1494217,86.573,-0.4482651,86.573,-0.2353606,86.573,0.2168052,86.41,-1.253479,86.573,126.86984907540406,86.572,6415.0,86.572,5419.0,82.882,2.380692,86.509,0.0,Null,Null,Null,Null,Null,Null,Null
2025-05-16 09:31:47.250000,86.863,75.6884688,86.863,-26.387056499999996,86.975,40.3759604,86.975,-3.7042422,86.761,30.0,86.863,0.1195366,86.863,-0.3785351,86.863,0.0078128,86.863,0.1523496,86.932,-1.308061,86.863,124.21561843574338,86.572,6415.0,86.572,5419.0,82.882,2.380692,86.509,0.0,Null,Null,Null,Null,Null,Null,Null
2025-05-16 09:31:47.750000,87.154,75.7587822,87.154,-26.508151799999997,87.324,40.3759607,87.324,-3.7042431999999996,87.259,30.0,87.154,0.20919000000000001,87.154,-0.2888817,87.154,0.209969,87.154,0.2841906,86.932,-1.308061,87.154,136.00511290579573,87.055,7446.0,87.055,4494.0,82.882,2.380692,86.509,0.0,Null,Null,Null,Null,Null,Null,Null
2025-05-16 09:31:48,87.451,75.79003259999999,87.451,-26.578465199999997,87.658,40.3759611,87.658,-3.7042444,87.516,30.0,87.451,0.1294983,87.451,-0.4681885,87.451,-0.3183716,87.451,0.1748114,87.408,-1.359387,87.451,137.04546417474677,87.589,6390.0,87.589,5452.0,87.393,2.387132,87.514,0.0,Null,Null,Null,Null,Null,Null,Null
2025-05-16 09:31:48.250000,87.761,75.8876901,87.761,-26.656591199999998,88.005,40.375962,88.005,-3.7042468,87.763,30.0,87.761,0.1892666,87.761,-0.34865,87.761,-0.2607522,87.761,-0.0078128,87.945,-1.399178,87.761,129.80542776959967,87.589,6390.0,87.589,5452.0,87.393,2.387132,87.514,0.0,Null,Null,Null,Null,Null,Null,Null
2025-05-16 09:31:48.750000,88.079,75.9306594,88.079,-26.707373099999998,88.386,40.375962099999995,88.386,-3.7042479999999998,88.249,30.0,88.079,0.06973,88.079,-0.5080334,88.079,-0.395523,88.079,-0.3740378,87.945,-1.399178,88.079,119.357558973047,88.078,5817.0,88.078,5917.0,87.393,2.387132,87.514,0.0,Null,Null,Null,Null,Null,Null,Null
2025-05-16 09:31:49,88.648,75.9697224,88.648,-26.758155,88.701,40.375962699999995,88.701,-3.7042498999999998,88.521,30.0,88.648,0.1294983,88.648,-0.38849680000000003,88.648,0.0380874,88.648,0.13184099999999999,88.428,-1.417932,88.648,154.29007055852856,88.578,6481.0,88.578,5471.0,87.393,2.387132,88.518,0.0,Null,Null,Null,Null,Null,Null,Null
2025-05-16 09:31:49.500000,88.953,76.04784839999999,88.953,-26.9065944,89.096,40.375963,89.096,-3.7042509999999997,88.999,30.0,88.953,0.06973,88.953,-0.41838000000000003,88.953,0.117192,88.953,-0.087894,88.951,-1.416073,88.953,127.14664206638602,89.095,5881.0,89.095,5920.0,87.393,2.387132,88.518,0.0,Null,Null,Null,Null,Null,Null,Null
2025-05-16 09:31:49.750000,89.259,76.06737989999999,89.259,-26.969095199999998,89.433,40.3759632,89.433,-3.704252,89.261,30.0,89.259,0.1294983,89.259,-0.3984585,89.259,0.1308644,89.259,0.0996132,88.951,-1.416073,89.259,155.43275488909563,89.095,5881.0,89.095,5920.0,87.393,2.387132,88.518,0.0,Null,Null,Null,Null,Null,Null,Null
2025-05-16 09:31:50,89.574,76.1181618,89.574,-27.0472212,89.763,40.375963899999995,89.763,-3.7042539999999997,89.504,30.0,89.574,0.0398449,89.574,-0.4681885,89.574,-0.2031328,89.574,0.1728582,89.438,-1.418882,89.574,152.24154236894645,89.573,5617.0,89.573,6188.0,87.393,2.387132,89.501,0.0,Null,Null,Null,Null,Null,Null,Null
2025-05-16 09:31:50.500000,89.853,76.1376933,89.853,-27.148784999999997,90.108,40.3759643,90.108,-3.704255,89.991,30.0,89.853,0.1195366,89.853,-0.3685734,89.853,-0.253916,89.853,-0.26368199999999997,89.933,-1.396913,89.853,141.34019174590992,90.044,5897.0,90.044,6000.0,87.393,2.387132,89.501,0.0,Null,Null,Null,Null,Null,Null,Null
2025-05-16 09:31:50.750000,90.147,76.1884752,90.147,-27.2386299,90.491,40.375964599999996,90.491,-3.704256,90.228,30.0,90.147,0.0597683,90.147,-0.38849680000000003,90.147,0.059572599999999996,90.147,0.0908238,90.404,-1.366594,90.147,157.55735252085276,90.044,5897.0,90.044,6000.0,87.393,2.387132,89.501,0.0,Null,Null,Null,Null,Null,Null,Null
2025-05-16 09:31:51.250000,90.746,76.32910199999999,90.746,-27.3987882,90.8,40.3759655,90.8,-3.7042585999999997,90.747,30.0,90.746,0.1494217,90.746,-0.4781502,90.746,0.0371108,90.746,0.0742216,90.404,-1.366594,90.746,137.29045292584937,90.555,6661.0,90.555,5116.0,87.393,2.387132,90.496,0.0,Null,Null,Null,Null,Null,Null,Null
2025-05-16 09:31:51.500000,91.071,76.3603524,91.071,-27.4691016,91.149,40.375965799999996,91.149,-3.7042599999999997,91.001,30.0,91.071,0.0597683,91.071,-0.4781502,91.071,0.1347708,91.071,0.1669986,90.948,-1.329231,91.071,152.17598935416484,91.07,5744.0,91.07,5952.0,87.393,2.387132,90.496,0.0,Null,Null,Null,Null,Null,Null,Null
2025-05-16 09:31:51.750000,91.344,76.3994154,91.344,-27.5472276,91.546,40.3759666,91.546,-3.7042625,91.241,30.0,91.344,0.1195366,91.344,-0.4084183,91.344,0.09375359999999999,91.344,0.185554,91.418,-1.290389,91.344,140.0424182372813,91.07,5744.0,91.07,5952.0,87.393,2.387132,91.546,0.0,Null,Null,Null,Null,Null,Null,Null
2025-05-16 09:31:52.250000,91.637,76.4501973,91.637,-27.648791399999997,91.844,40.3759671,91.844,-3.704264,91.717,30.0,91.637,0.1593834,91.637,-0.3386883,91.637,0.2763778,91.637,0.3701314,91.418,-1.290389,91.637,161.5651422466433,91.548,6890.0,91.548,4972.0,87.393,2.387132,91.546,0.0,Null,Null,Null,Null,Null,Null,Null
2025-05-16 09:31:52.500000,91.944,76.55957369999999,91.944,-27.726917399999998,92.191,40.3759679,92.191,-3.7042667,91.984,30.0,91.944,0.0996132,91.944,-0.41838000000000003,91.944,-0.2705182,91.944,0.0166022,91.944,-1.254525,91.944,159.62360398398675,92.061,6142.0,92.061,5442.0,91.861,2.39341,91.546,0.0,Null,Null,Null,Null,Null,Null,Null
2025-05-16 09:31:53,92.207,76.59082409999999,92.207,-27.859731599999996,92.579,40.3759684,92.579,-3.7042678999999996,92.491,30.0,92.207,0.13946,92.207,-0.34865,92.207,-0.0703152,92.207,-0.023438399999999998,92.424,-1.232191,92.207,150.42219754527395,92.578,7106.0,92.578,4722.0,91.861,2.39341,92.489,0.0,Null,Null,Null,Null,Null,Null,Null
2025-05-16 09:31:53.250000,92.835,76.70801309999999,92.835,-27.937857599999997,92.932,40.3759689,92.932,-3.7042693,92.732,30.0,92.835,0.13946,92.835,-0.3785351,92.835,0.024415,92.835,0.3154418,92.424,-1.232191,92.835,146.72520153044943,92.578,7106.0,92.578,4722.0,91.861,2.39341,92.489,0.0,Null,Null,Null,Null,Null,Null,Null
2025-05-16 09:31:53.500000,93.131,76.75879499999999,93.131,-28.0198899,93.26,40.3759699,93.26,-3.7042715,92.983,30.0,93.131,0.1793049,93.131,-0.3984585,93.131,-0.029298,93.131,0.0214852,92.935,-1.219568,93.131,142.6959576473826,93.043,7023.0,93.043,4806.0,91.861,2.39341,92.489,0.0,Null,Null,Null,Null,Null,Null,Null
2025-05-16 09:31:54,93.427,76.81738949999999,93.427,-28.1175474,93.592,40.3759704,93.592,-3.7042726999999998,93.493,30.0,93.427,0.1992283,93.427,-0.4681885,93.427,-0.0253916,93.427,-0.1181686,93.386,-1.227934,93.427,156.03745469378643,93.559,6638.0,93.559,5074.0,91.861,2.39341,93.49,0.0,Null,Null,Null,Null,Null,Null,Null
2025-05-16 09:31:54.250000,93.747,76.9189533,93.747,-28.2073923,93.939,40.3759714,93.939,-3.7042751,93.748,30.0,93.747,0.1992283,93.747,-0.3586117,93.747,0.126958,93.747,0.371108,93.898,-1.249498,93.747,155.13635159438746,93.559,6638.0,93.559,5074.0,91.861,2.39341,93.49,0.0,Null,Null,Null,Null,Null,Null,Null
2025-05-16 09:31:54.750000,94.056,76.9775478,94.056,-28.3792695,94.287,40.375972,94.287,-3.7042762,94.209,30.0,94.056,0.1793049,94.056,-0.4781502,94.056,0.0888706,94.056,0.4023592,93.898,-1.249498,94.056,160.4977285043876,94.055,7053.0,94.055,4691.0,91.861,2.39341,93.49,0.0,Null,Null,Null,Null,Null,Null,Null
2025-05-16 09:31:55,94.655,77.09864309999999,94.655,-28.4495829,94.655,40.375972499999996,94.655,-3.7042770999999997,94.483,30.0,94.655,0.0996132,94.655,-0.3785351,94.655,0.0332044,94.655,0.3886868,94.388,-1.303657,94.655,143.42697635592532,94.534,6950.0,94.534,5043.0,91.861,2.39341,94.482,0.0,Null,Null,Null,Null,Null,Null,Null
2025-05-16 09:31:55.250000,94.93,77.2002069,94.93,-28.5198963,95.026,40.3759734,95.026,-3.7042791,94.731,30.0,94.93,0.0298832,94.93,-0.3187668,94.93,-0.156256,94.93,0.0761748,94.929,-1.38718,94.93,146.9762764907449,94.534,6950.0,94.534,5043.0,91.861,2.39341,94.482,0.0,Null,Null,Null,Null,Null,Null,Null
2025-05-16 09:31:55.750000,95.195,77.25098879999999,95.195,-28.6097412,95.332,40.3759738,95.332,-3.7042802,95.234,30.0,95.195,0.13946,95.195,-0.3386883,95.195,-0.2402436,95.195,-0.3769676,94.929,-1.38718,95.195,157.3801134970477,95.03,6674.0,95.03,5293.0,91.861,2.39341,94.482,0.0,Null,Null,Null,Null,Null,Null,Null
2025-05-16 09:31:56,95.564,77.2978644,95.564,-28.6878672,95.679,40.3759747,95.679,-3.7042821999999997,95.481,30.0,95.564,0.1195366,95.564,-0.3685734,95.564,0.1845774,95.564,0.2705182,95.416,-1.449184,95.564,139.26784003858666,95.561,7294.0,95.561,4639.0,91.861,2.39341,95.478,0.0,Null,Null,Null,Null,Null,Null,Null
2025-05-16 09:31:56.500000,95.822,77.3486463,95.822,-28.887088499999997,96.057,40.3759748,96.057,-3.7042835,95.971,30.0,95.822,0.0398449,95.822,-0.4084183,95.822,-0.3916166,95.822,-0.0947302,95.9,-1.529042,95.822,151.18925869617567,96.056,6467.0,96.056,5347.0,91.861,2.39341,95.478,0.0,Null,Null,Null,Null,Null,Null,Null
2025-05-16 09:31:56.750000,96.128,77.3486463,96.128,-28.9691208,96.425,40.375975,96.425,-3.7042848,96.218,30.0,96.128,0.0298832,96.128,-0.4482651,96.128,0.0166022,96.128,-0.0283214,95.9,-1.529042,96.128,142.52380514356764,96.056,6467.0,96.056,5347.0,96.327,2.39999,95.478,0.0,Null,Null,Null,Null,Null,Null,Null
2025-05-16 09:31:56.750000,96.428,77.37989669999999,96.428,-29.0394342,96.756,40.3759757,96.756,-3.7042870999999997,96.488,30.0,96.428,0.1294983,96.428,-0.3586117,96.428,-0.3584122,96.428,-0.13184099999999999,96.427,-1.585401,96.428,150.70856365469692,96.557,6690.0,96.557,5227.0,96.327,2.39999,96.487,0.0,Null,Null,Null,Null,Null,Null,Null
2025-05-16 09:31:57.500000,97.05,77.48927309999999,97.05,-29.1097476,97.092,40.3759759,97.092,-3.7042883,96.965,30.0,97.05,-0.0099598,97.05,-0.3386883,97.05,-0.1435602,97.05,0.0156256,96.926,-1.66727,97.05,144.2933367470261,97.041,6228.0,97.041,5625.0,96.327,2.39999,96.487,0.0,Null,Null,Null,Null,Null,Null,Null
2025-05-16 09:31:57.750000,97.316,77.500992,97.316,-29.168342099999997,97.472,40.375976,97.472,-3.7042894,97.214,30.0,97.316,-0.0896515,97.316,-0.3785351,97.316,-0.31934819999999997,97.316,-0.1396538,97.376,-1.747178,97.316,156.97471047507852,97.041,6228.0,97.041,5625.0,96.327,2.39999,96.487,0.0,Null,Null,Null,Null,Null,Null,Null
2025-05-16 09:31:58.250000,97.621,77.48927309999999,97.621,-29.308968899999996,97.766,40.375976099999995,97.766,-3.7042919999999997,97.713,30.0,97.621,-0.0199215,97.621,-0.41838000000000003,97.621,0.0888706,97.621,0.2421968,97.376,-1.747178,97.621,153.43505810615716,97.551,6180.0,97.551,5711.0,96.327,2.39999,97.475,0.0,Null,Null,Null,Null,Null,Null,Null
2025-05-16 09:31:58.500000,97.915,77.50880459999999,97.915,-29.308968899999996,98.121,40.3759762,98.121,-3.7042932,97.962,30.0,97.915,0.0,97.915,-0.3984585,97.915,0.0478534,97.915,0.1425836,97.891,-1.769616,97.915,153.99666990997062,98.04,6094.0,98.04,5675.0,96.327,2.39999,97.475,0.0,Null,Null,Null,Null,Null,Null,Null
2025-05-16 09:31:58.750000,98.185,77.5205235,98.185,-29.457408299999997,98.514,40.3759763,98.514,-3.7042941999999996,98.223,30.0,98.185,0.0099598,98.185,-0.38849680000000003,98.185,-0.1113324,98.185,0.2216882,98.391,-1.782093,98.185,146.31006180344295,98.04,6094.0,98.04,5675.0,96.327,2.39999,98.512,0.0,Null,Null,Null,Null,Null,Null,Null
2025-05-16 09:31:59.250000,98.523,77.540055,98.523,-29.547253199999997,98.83,40.3759763,98.83,-3.7042965,98.692,30.0,98.523,-0.0298832,98.523,-0.38849680000000003,98.523,0.1035196,98.523,0.1005898,98.391,-1.782093,98.523,162.55293336376405,98.521,6176.0,98.521,5723.0,96.327,2.39999,98.512,0.0,Null,Null,Null,Null,Null,Null,Null
2025-05-16 09:31:59.500000,99.109,77.500992,99.109,-29.6370981,99.163,40.375976099999995,99.163,-3.7042978,98.974,30.0,99.109,-0.0199215,99.109,-0.4283417,99.109,-0.0429704,99.109,0.1289112,98.917,-1.768856,99.109,155.5561013583248,99.011,5708.0,99.011,6063.0,96.327,2.39999,98.512,0.0,Null,Null,Null,Null,Null,Null,Null
2025-05-16 09:32:00,99.411,77.48927309999999,99.411,-29.840225699999998,99.571,40.375976,99.571,-3.7043000999999998,99.479,30.0,99.411,-0.0398449,99.411,-0.38849680000000003,99.411,-0.0332044,99.411,0.0771514,99.371,-1.706094,99.411,164.21931364741786,99.571,5867.0,99.571,6007.0,96.327,2.39999,99.477,0.0,Null,Null,Null,Null,Null,Null,Null
2025-05-16 09:32:00.250000,99.719,77.48927309999999,99.719,-29.9183517,99.919,40.375976,99.919,-3.7043011999999997,99.72,30.0,99.719,0.0099598,99.719,-0.4482651,99.719,0.3046992,99.719,0.0302746,99.371,-1.706094,99.719,150.25515232876234,99.571,5867.0,99.571,6007.0,96.327,2.39999,99.477,0.0,Null,Null,Null,Null,Null,Null,Null
2025-05-16 09:32:00.500000,100.041,77.500992,100.041,-29.9691336,100.227,40.375976099999995,100.227,-3.7043030999999997,99.954,30.0,100.041,-0.0298832,100.041,-0.3386883,100.041,-0.1826242,100.041,-0.2705182,99.924,-1.627427,100.041,140.19457223040033,100.04,5447.0,100.04,6430.0,96.327,2.39999,99.477,0.0,Null,Null,Null,Null,Null,Null,Null
2025-05-16 09:32:00.750000,100.301,77.50880459999999,100.301,-30.027728099999997,100.602,40.375976099999995,100.602,-3.7043041,100.476,30.0,100.301,0.0597683,100.301,-0.3685734,100.301,0.2949332,100.301,0.1962966,100.367,-1.524877,100.301,161.565051177078,100.499,5562.0,100.499,6340.0,96.327,2.39999,100.474,0.0,Null,Null,Null,Null,Null,Null,Null
2025-05-16 09:32:01.250000,100.606,77.500992,100.606,-30.117572999999997,100.986,40.3759762,100.986,-3.7043054,100.702,30.0,100.606,-0.0199215,100.606,-0.4681885,100.606,-0.053713,100.606,-0.1679752,100.985,-1.416942,100.606,162.4745417354302,100.499,5562.0,100.499,6340.0,100.815,2.40639,100.474,0.0,Null,Null,Null,Null,Null,Null,Null
2025-05-16 09:32:01.750000,101.213,77.5595865,101.213,-30.199605299999998,101.252,40.3759766,101.252,-3.7043073,101.213,30.0,101.213,0.1494217,101.213,-0.3586117,101.213,-0.0449236,101.213,0.1103558,100.985,-1.416942,101.213,144.09030249416924,101.069,5961.0,101.069,5851.0,100.815,2.40639,100.474,0.0,Null,Null,Null,Null,Null,Null,Null
2025-05-16 09:32:02,101.539,77.6103684,101.539,-30.2777313,101.606,40.375977,101.606,-3.7043082,101.473,30.0,101.539,0.13946,101.539,-0.3187668,101.539,0.3447398,101.539,0.4228678,101.363,-1.310958,101.539,164.538855789062,101.538,6963.0,101.538,4949.0,100.815,2.40639,101.471,0.0,Null,Null,Null,Null,Null,Null,Null
2025-05-16 09:32:02.250000,101.806,77.61818099999999,101.806,-30.476952599999997,101.957,40.3759775,101.957,-3.7043101,101.699,30.0,101.806,0.06973,101.806,-0.3586117,101.806,-0.2285244,101.806,-0.366225,101.885,-1.252335,101.806,151.50443028690918,101.538,6963.0,101.538,4949.0,100.815,2.40639,101.471,0.0,Null,Null,Null,Null,Null,Null,Null
2025-05-16 09:32:02.750000,102.104,77.65724399999999,102.104,-30.590235299999996,102.3,40.375977899999995,102.3,-3.7043112,102.197,30.0,102.104,0.1793049,102.104,-0.4084183,102.104,0.1084026,102.104,0.5156448,101.885,-1.252335,102.104,172.18471470103606,102.005,7115.0,102.005,4766.0,100.815,2.40639,101.471,0.0,Null,Null,Null,Null,Null,Null,Null
2025-05-16 09:32:03,102.401,77.70021329999999,102.401,-30.687892799999997,102.651,40.3759782,102.651,-3.7043122,102.468,30.0,102.401,0.13946,102.401,-0.3685734,102.401,0.1142622,102.401,0.1162154,102.359,-1.210565,102.401,171.63419715729907,102.536,6531.0,102.536,5352.0,100.815,2.40639,102.466,0.0,Null,Null,Null,Null,Null,Null,Null
2025-05-16 09:32:03.500000,103.054,77.8174023,103.054,-30.7699251,103.054,40.375979,103.054,-3.7043141,102.944,30.0,103.054,0.1892666,103.054,-0.3785351,103.054,-0.2314542,103.054,-0.0009766,102.888,-1.197542,103.054,161.56513524111736,103.053,7473.0,103.053,4449.0,100.815,2.40639,102.466,0.0,Null,Null,Null,Null,Null,Null,Null
2025-05-16 09:32:03.750000,103.296,77.86818419999999,103.296,-30.937896,103.374,40.3759794,103.374,-3.7043150999999996,103.192,30.0,103.296,0.13946,103.296,-0.3586117,103.296,-0.117192,103.296,-0.18750719999999998,102.888,-1.197542,103.296,170.53767779197437,103.053,7473.0,103.053,4449.0,100.815,2.40639,102.466,0.0,Null,Null,Null,Null,Null,Null,Null
2025-05-16 09:32:04,103.6,77.9072472,103.6,-31.027740899999998,103.71,40.3759802,103.71,-3.7043171999999998,103.457,30.0,103.6,0.1294983,103.6,-0.3785351,103.6,0.1640688,103.6,0.2421968,103.379,-1.221793,103.6,161.99593105931135,103.503,7117.0,103.503,4785.0,100.815,2.40639,103.454,0.0,Null,Null,Null,Null,Null,Null,Null
2025-05-16 09:32:04.500000,103.895,77.95802909999999,103.895,-31.1097732,104.077,40.3759806,104.077,-3.7043182,103.922,30.0,103.895,0.20919000000000001,103.895,-0.4084183,103.895,-0.0546896,103.895,-0.092777,103.895,-1.272188,103.895,175.13559852914773,104.002,7103.0,104.002,4740.0,100.815,2.40639,103.454,0.0,Null,Null,Null,Null,Null,Null,Null
2025-05-16 09:32:04.750000,104.206,78.0400614,104.206,-31.1996181,104.403,40.375980899999995,104.403,-3.704319,104.206,30.0,104.206,0.1593834,104.206,-0.3088051,104.206,-0.1728582,104.206,0.0742216,104.35,-1.350611,104.206,162.03096138130144,104.002,7103.0,104.002,4740.0,100.815,2.40639,103.454,0.0,Null,Null,Null,Null,Null,Null,Null
2025-05-16 09:32:05.250000,104.523,78.0791244,104.523,-31.289462999999998,104.742,40.375981499999995,104.742,-3.7043211,104.689,30.0,104.523,0.13946,104.523,-0.4283417,104.523,0.161139,104.523,0.1474666,104.35,-1.350611,104.523,171.25390090693398,104.521,7447.0,104.521,4496.0,100.815,2.40639,104.449,0.0,Null,Null,Null,Null,Null,Null,Null
2025-05-16 09:32:05.500000,104.784,78.0986559,104.784,-31.367589,105.104,40.3759817,105.104,-3.7043220999999997,104.948,30.0,104.784,0.0099598,104.784,-0.38849680000000003,104.784,-0.0546896,104.784,0.361342,104.883,-1.445961,104.784,172.72504858844454,104.996,7479.0,104.996,4459.0,100.815,2.40639,104.449,0.0,Null,Null,Null,Null,Null,Null,Null
2025-05-16 09:32:05.750000,105.396,78.1377189,105.396,-31.590248099999997,105.487,40.3759818,105.487,-3.704323,105.168,30.0,105.396,-0.0298832,105.396,-0.4084183,105.396,-0.459002,105.396,0.1084026,105.395,-1.524537,105.396,162.6460012909383,104.996,7479.0,104.996,4459.0,105.329,2.413069,105.485,0.0,Null,Null,Null,Null,Null,Null,Null
2025-05-16 09:32:06.250000,105.693,78.14943779999999,105.693,-31.707437099999996,105.795,40.3759819,105.795,-3.7043252,105.693,30.0,105.693,0.0199215,105.693,-0.4582268,105.693,-0.2695416,105.693,0.0087894,105.395,-1.524537,105.693,172.8750396937363,105.493,6299.0,105.493,5560.0,105.329,2.413069,105.485,0.0,Null,Null,Null,Null,Null,Null,Null
2025-05-16 09:32:06.500000,106.022,78.1377189,106.022,-31.8168135,106.139,40.3759818,106.139,-3.7043264,105.951,30.0,106.022,-0.0498066,106.022,-0.3984585,106.022,-0.3281376,106.022,-0.302746,105.878,-1.574237,106.022,163.68620745516915,106.021,5861.0,106.021,5943.0,105.329,2.413069,105.485,0.0,Null,Null,Null,Null,Null,Null,Null
2025-05-16 09:32:07,106.287,78.1377189,106.287,-31.918377299999996,106.524,40.3759818,106.524,-3.7043285999999997,106.444,30.0,106.287,-0.0099598,106.287,-0.4084183,106.287,-0.046876799999999996,106.287,-0.1718816,106.345,-1.606892,106.287,154.79878347902292,106.523,6063.0,106.523,5813.0,105.329,2.413069,106.442,0.0,Null,Null,Null,Null,Null,Null,Null
2025-05-16 09:32:07.250000,106.579,78.1377189,106.579,-32.1683805,106.883,40.3759819,106.883,-3.7043296999999997,106.68,30.0,106.579,-0.0199215,106.579,-0.34865,106.579,-0.1240282,106.579,0.2841906,106.345,-1.606892,106.579,166.60764295470435,106.523,6063.0,106.523,5813.0,105.329,2.413069,106.442,0.0,Null,Null,Null,Null,Null,Null,Null
2025-05-16 09:32:07.500000,107.218,78.1689693,107.218,-32.2699443,107.218,40.3759821,107.218,-3.7043321,106.944,30.0,107.218,0.0099598,107.218,-0.4582268,107.218,-0.1845774,107.218,-0.1230516,106.886,-1.618147,107.218,158.19859051364818,107.019,6382.0,107.019,5384.0,105.329,2.413069,106.442,0.0,Null,Null,Null,Null,Null,Null,Null
2025-05-16 09:32:08,107.498,78.18068819999999,107.498,-32.3793207,107.545,40.375982199999996,107.545,-3.7043331999999998,107.439,30.0,107.498,0.0398449,107.498,-0.2988434,107.498,0.1484432,107.498,0.2714948,107.342,-1.631305,107.498,154.85516215196986,107.496,6471.0,107.496,5335.0,105.329,2.413069,107.436,0.0,Null,Null,Null,Null,Null,Null,Null
2025-05-16 09:32:08.250000,107.784,78.1885008,107.784,-32.500415999999994,107.896,40.3759823,107.896,-3.7043340999999996,107.68,30.0,107.784,-0.0298832,107.784,-0.3685734,107.784,0.161139,107.784,0.444353,107.855,-1.643909,107.784,159.77518055052565,107.496,6471.0,107.496,5335.0,105.329,2.413069,107.436,0.0,Null,Null,Null,Null,Null,Null,Null
2025-05-16 09:32:08.750000,108.078,78.18068819999999,108.078,-32.5902609,108.233,40.375982199999996,108.233,-3.7043364,108.158,30.0,108.078,-0.0498066,108.078,-0.4383034,108.078,-0.117192,108.078,0.23829039999999999,107.855,-1.643909,108.078,155.7724250821662,108.024,5785.0,108.024,6102.0,105.329,2.413069,107.436,0.0,Null,Null,Null,Null,Null,Null,Null
2025-05-16 09:32:08.750000,108.384,78.1885008,108.384,-32.6801058,108.581,40.3759823,108.581,-3.7043375,108.448,30.0,108.384,0.0,108.384,-0.41838000000000003,108.384,-0.3164184,108.384,-0.1152388,108.344,-1.616038,108.384,156.94878704628718,108.516,6092.0,108.516,5746.0,105.329,2.413069,108.446,0.0,Null,Null,Null,Null,Null,Null,Null
2025-05-16 09:32:09.250000,108.681,78.2080323,108.681,-32.8871397,108.976,40.3759827,108.976,-3.7043397999999996,108.682,30.0,108.681,0.0498066,108.681,-0.41838000000000003,108.681,-0.1132856,108.681,0.0019532,108.859,-1.575452,108.681,150.94544744973183,108.516,6092.0,108.516,5746.0,105.329,2.413069,108.446,0.0,Null,Null,Null,Null,Null,Null,Null
2025-05-16 09:32:09.750000,108.979,78.23928269999999,108.979,-32.9887035,109.323,40.3759829,109.323,-3.7043409,109.172,30.0,108.979,0.0896515,108.979,-0.41838000000000003,108.979,-0.0068362,108.979,0.200203,108.859,-1.575452,108.979,159.44410448348233,108.979,6843.0,108.979,4974.0,105.329,2.413069,108.446,0.0,Null,Null,Null,Null,Null,Null,Null
2025-05-16 09:32:09.750000,109.579,78.2705331,109.579,-33.0902673,109.627,40.375983,109.627,-3.7043421,109.431,30.0,109.579,-0.0099598,109.579,-0.4283417,109.579,-0.011719199999999999,109.579,0.3349738,109.349,-1.542184,109.579,142.43138765821666,109.48,6365.0,109.48,5471.0,105.329,2.413069,109.43,0.0,Null,Null,Null,Null,Null,Null,Null
2025-05-16 09:32:10.500000,109.884,78.27834569999999,109.884,-33.1566744,110.016,40.3759833,110.016,-3.7043445,109.919,30.0,109.884,0.0398449,109.884,-0.4383034,109.884,-0.0068362,109.884,-0.0839876,109.884,-1.502322,109.884,165.25662118991343,110.015,7098.0,110.015,4664.0,109.784,2.419371,109.43,0.0,Null,Null,Null,Null,Null,Null,Null
2025-05-16 09:32:10.750000,110.186,78.3408465,110.186,-33.3285516,110.356,40.3759836,110.356,-3.7043458,110.187,30.0,110.186,0.0199215,110.186,-0.4582268,110.186,0.3232546,110.186,0.3144652,109.884,-1.502322,110.186,174.64438654120826,110.015,7098.0,110.015,4664.0,109.784,2.419371,109.43,0.0,Null,Null,Null,Null,Null,Null,Null
2025-05-16 09:32:11.250000,110.508,78.3408465,110.508,-33.4301154,110.684,40.3759837,110.684,-3.704347,110.684,30.0,110.508,0.0298832,110.508,-0.4681885,110.508,0.0800812,110.508,0.429704,110.36,-1.481719,110.508,157.61984878183068,110.507,6368.0,110.507,5369.0,109.784,2.419371,110.423,0.0,Null,Null,Null,Null,Null,Null,Null
2025-05-16 09:32:11.500000,110.774,78.38772209999999,110.774,-33.500428799999995,111.031,40.3759844,111.031,-3.7043492999999996,110.909,30.0,110.774,0.1494217,110.774,-0.4980717,110.774,-0.0136724,110.774,0.0605492,110.853,-1.470562,110.774,162.03096138130144,111.029,6825.0,111.029,4893.0,109.784,2.419371,110.423,0.0,Null,Null,Null,Null,Null,Null,Null
2025-05-16 09:32:11.750000,111.086,78.4306914,111.086,-33.5902737,111.418,40.3759848,111.418,-3.7043502,111.144,30.0,111.086,0.0597683,111.086,-0.3386883,111.086,0.1152388,111.086,0.068362,111.326,-1.484247,111.086,174.4279116728267,111.029,6825.0,111.029,4893.0,109.784,2.419371,110.423,0.0,Null,Null,Null,Null,Null,Null,Null
2025-05-16 09:32:12.250000,111.672,78.50100479999999,111.672,-33.6996501,111.732,40.3759851,111.732,-3.7043521999999998,111.673,30.0,111.672,-0.0099598,111.672,-0.3785351,111.672,-0.2607522,111.672,0.156256,111.326,-1.484247,111.672,176.18607023206775,111.494,7416.0,111.494,4479.0,109.784,2.419371,111.422,0.0,Null,Null,Null,Null,Null,Null,Null
2025-05-16 09:32:12.500000,111.991,78.5283489,111.991,-33.809026499999995,112.07,40.375985299999996,112.07,-3.7043532999999997,111.892,30.0,111.991,0.1195366,111.991,-0.4482651,111.991,-0.3476696,111.991,0.2187584,111.867,-1.5187,111.991,160.14483784803014,111.99,7353.0,111.99,4509.0,109.784,2.419371,111.422,0.0,Null,Null,Null,Null,Null,Null,Null
2025-05-16 09:32:12.750000,112.263,78.5478804,112.263,-34.0082478,112.46,40.3759855,112.46,-3.7043542,112.16,30.0,112.263,0.06973,112.263,-0.2390751,112.263,-0.141607,112.263,0.023438399999999998,112.323,-1.551444,112.263,161.565051177078,111.99,7353.0,111.99,4509.0,109.784,2.419371,112.458,0.0,Null,Null,Null,Null,Null,Null,Null
2025-05-16 09:32:13.250000,112.573,78.5674119,112.573,-34.117624199999995,112.767,40.375986,112.767,-3.7043562999999997,112.667,30.0,112.573,0.1095749,112.573,-0.3386883,112.573,0.0156256,112.573,0.078128,112.323,-1.551444,112.573,-178.3155895995261,112.465,7382.0,112.465,4797.0,109.784,2.419371,112.458,0.0,Null,Null,Null,Null,Null,Null,Null
2025-05-16 09:32:13.500000,112.875,78.5986623,112.875,-34.2074691,113.126,40.3759861,113.126,-3.7043576,112.91,30.0,112.875,0.0597683,112.875,-0.4283417,112.875,-0.0107426,112.875,0.6240474,112.874,-1.618741,112.875,-166.67569088790734,112.988,6675.0,112.988,5145.0,109.784,2.419371,112.458,0.0,Null,Null,Null,Null,Null,Null,Null
2025-05-16 09:32:13.750000,113.175,78.6377253,113.175,-34.3090329,113.51,40.3759863,113.51,-3.7043586,113.415,30.0,113.175,0.0996132,113.175,-0.27892,113.175,-0.317395,113.175,0.0224618,113.33,-1.690924,113.175,-177.27387444193084,113.508,7684.0,113.508,4394.0,109.784,2.419371,113.412,0.0,Null,Null,Null,Null,Null,Null,Null
2025-05-16 09:32:14.250000,113.762,78.64944419999999,113.762,-34.527785699999995,113.861,40.375986399999995,113.861,-3.7043611,113.674,30.0,113.762,-0.0199215,113.762,-0.4084183,113.762,-0.0810578,113.762,0.6562752,113.33,-1.690924,113.762,180.0,113.508,7684.0,113.508,4394.0,109.784,2.419371,113.412,0.0,Null,Null,Null,Null,Null,Null,Null
2025-05-16 09:32:14.500000,114.055,78.6572568,114.055,-34.6176306,114.182,40.375986499999996,114.182,-3.7043622999999997,113.904,30.0,114.055,-0.0199215,114.055,-0.3586117,114.055,-0.4453296,114.055,0.1679752,113.863,-1.77371,114.055,178.53144341367786,113.957,6455.0,113.957,5423.0,109.784,2.419371,113.412,0.0,Null,Null,Null,Null,Null,Null,Null
2025-05-16 09:32:14.750000,114.359,78.6572568,114.359,-34.707475499999994,114.531,40.3759866,114.531,-3.7043644999999996,114.419,30.0,114.359,0.0199215,114.359,-0.4084183,114.359,-0.1933668,114.359,0.278331,114.318,-1.826643,114.359,-175.60146606966785,114.468,6696.0,114.468,5162.0,114.263,2.425931,114.418,0.0,Null,Null,Null,Null,Null,Null,Null
2025-05-16 09:32:15.250000,114.627,78.66897569999999,114.627,-34.809039299999995,114.872,40.375986499999996,114.872,-3.7043657,114.664,30.0,114.627,0.0,114.627,-0.3785351,114.627,-0.346693,114.627,0.0400406,114.824,-1.888435,114.627,-165.37922272224654,114.468,6696.0,114.468,5162.0,114.263,2.425931,114.418,0.0,Null,Null,Null,Null,Null,Null,Null
2025-05-16 09:32:15.750000,114.982,78.6377253,114.982,-34.9184157,115.204,40.3759863,115.204,-3.7043676999999997,115.151,30.0,114.982,-0.0298832,114.982,-0.27892,114.982,-0.0849642,114.982,0.0810578,114.824,-1.888435,114.982,-177.33718206107554,114.981,6118.0,114.981,5697.0,114.263,2.425931,114.418,0.0,Null,Null,Null,Null,Null,Null,Null
2025-05-16 09:32:15.750000,115.578,78.62991269999999,115.578,-35.0082606,115.578,40.3759862,115.578,-3.7043689,115.41,30.0,115.578,-0.0398449,115.578,-0.41838000000000003,115.578,-0.1630922,115.578,-0.0664088,115.312,-1.911724,115.578,-174.14412150769138,115.46,6285.0,115.46,5593.0,114.263,2.425931,115.408,0.0,Null,Null,Null,Null,Null,Null,Null
2025-05-16 09:32:16.250000,115.849,78.61038119999999,115.849,-35.2074819,115.908,40.3759861,115.908,-3.7043700999999998,115.664,30.0,115.849,-0.1095749,115.849,-0.41838000000000003,115.849,-0.0009766,115.849,0.3525526,115.849,-1.930573,115.849,178.72718034762488,115.46,6285.0,115.46,5593.0,114.263,2.425931,115.408,0.0,Null,Null,Null,Null,Null,Null,Null
2025-05-16 09:32:16.750000,116.163,78.5986623,116.163,-35.2895142,116.248,40.375985899999996,116.248,-3.7043727,116.164,30.0,116.163,-0.0597683,116.163,-0.4383034,116.163,0.0009766,116.163,-0.0058595999999999995,115.849,-1.930573,116.163,-174.95772716162685,116.018,5915.0,116.018,5893.0,114.263,2.425931,115.408,0.0,Null,Null,Null,Null,Null,Null,Null
2025-05-16 09:32:16.750000,116.476,78.59084969999999,116.476,-35.379359099999995,116.603,40.375985899999996,116.603,-3.7043738,116.403,30.0,116.476,0.0,116.476,-0.3586117,116.476,-0.1972732,116.476,0.205086,116.306,-1.909148,116.476,170.78902790640848,116.474,6337.0,116.474,5622.0,114.263,2.425931,116.402,0.0,Null,Null,Null,Null,Null,Null,Null
2025-05-16 09:32:17.250000,116.746,78.5674119,116.746,-35.4496725,116.982,40.3759855,116.982,-3.7043766,116.895,30.0,116.746,-0.1095749,116.746,-0.5080334,116.746,-0.034181,116.746,-0.09375359999999999,116.823,-1.874181,116.746,-177.56352459150955,116.981,5591.0,116.981,6072.0,114.263,2.425931,116.402,0.0,Null,Null,Null,Null,Null,Null,Null
2025-05-16 09:32:17.750000,117.053,78.54006779999999,117.053,-35.5590489,117.317,40.375985299999996,117.317,-3.7043779,117.142,30.0,117.053,-0.06973,117.053,-0.3984585,117.053,-0.0322278,117.053,-0.0380874,116.823,-1.874181,117.053,178.75484222024684,116.981,5591.0,116.981,6072.0,114.263,2.425931,116.402,0.0,Null,Null,Null,Null,Null,Null,Null
2025-05-16 09:32:17.750000,117.679,78.5283489,117.679,-35.7192072,117.679,40.375985299999996,117.679,-3.7043790999999997,117.41,30.0,117.679,0.0597683,117.679,-0.3785351,117.679,-0.0371108,117.679,0.0068362,117.32,-1.805195,117.679,157.3801134970477,117.483,5028.0,117.483,6621.0,114.263,2.425931,117.408,0.0,Null,Null,Null,Null,Null,Null,Null
2025-05-16 09:32:18.250000,117.964,78.52053629999999,117.964,-35.7973332,118.0,40.375985199999995,118.0,-3.7043819,117.889,30.0,117.964,0.0099598,117.964,-0.4582268,117.964,0.0058595999999999995,117.964,0.1650454,117.835,-1.711665,117.964,156.37069393045186,117.963,5948.0,117.963,5640.0,114.263,2.425931,117.408,0.0,Null,Null,Null,Null,Null,Null,Null
2025-05-16 09:32:18.750000,118.24,78.54006779999999,118.24,-35.8793655,118.406,40.3759854,118.406,-3.7043831,118.122,30.0,118.24,0.0996132,118.24,-0.4084183,118.24,-0.2128988,118.24,0.112309,118.31,-1.614778,118.24,168.9964672734121,117.963,5948.0,117.963,5640.0,114.263,2.425931,117.408,0.0,Null,Null,Null,Null,Null,Null,Null
2025-05-16 09:32:19.250000,118.54,78.55959929999999,118.54,-35.957491499999996,118.694,40.3759856,118.694,-3.7043852,118.619,30.0,118.54,0.0498066,118.54,-0.34865,118.54,0.0087894,118.54,-0.0419938,118.31,-1.614778,118.54,156.29743580737113,118.443,6823.0,118.443,5012.0,114.263,2.425931,118.41,0.0,Null,Null,Null,Null,Null,Null,Null
2025-05-16 09:32:19.250000,118.857,78.5478804,118.857,-36.0590553,119.052,40.3759857,119.052,-3.7043865,118.893,30.0,118.857,0.0597683,118.857,-0.4681885,118.857,0.0107426,118.857,0.3164184,118.855,-1.545621,118.857,159.27446906628927,118.946,5930.0,118.946,5808.0,118.758,2.432283,118.41,0.0,Null,Null,Null,Null,Null,Null,Null
2025-05-16 09:32:19.500000,119.148,78.5674119,119.148,-36.2270262,119.44,40.375985899999996,119.44,-3.7043877999999997,119.148,30.0,119.148,-0.0199215,119.148,-0.4383034,119.148,0.1328176,119.148,0.1865306,119.317,-1.479341,119.148,152.70040982922637,118.946,5930.0,118.946,5808.0,118.758,2.432283,119.439,0.0,Null,Null,Null,Null,Null,Null,Null
2025-05-16 09:32:20,119.447,78.59084969999999,119.447,-36.3090585,119.75,40.375986499999996,119.75,-3.7043901999999997,119.638,30.0,119.447,0.1693432,119.447,-0.48811,119.447,0.1718816,119.447,-0.2021562,119.317,-1.479341,119.447,153.4350638580565,119.445,7127.0,119.445,4508.0,118.758,2.432283,119.439,0.0,Null,Null,Null,Null,Null,Null,Null
2025-05-16 09:32:20.250000,120.036,78.7002261,120.036,-36.3871845,120.093,40.3759868,120.093,-3.7043912999999997,119.882,30.0,120.036,0.0796917,120.036,-0.3386883,120.036,0.04883,120.036,0.2207116,119.814,-1.455503,120.036,158.7495091421203,119.936,7087.0,119.936,4839.0,118.758,2.432283,119.439,0.0,Null,Null,Null,Null,Null,Null,Null
2025-05-16 09:32:20.750000,120.335,78.7197576,120.335,-36.4692168,120.494,40.375987099999996,120.494,-3.7043925,120.404,30.0,120.335,0.1892666,120.335,-0.5179951,120.335,0.2177818,120.335,0.1054728,120.292,-1.465635,120.335,161.1139871570411,120.493,7368.0,120.493,4182.0,118.758,2.432283,120.402,0.0,Null,Null,Null,Null,Null,Null,Null
2025-05-16 09:32:21,120.638,78.751008,120.638,-36.566874299999995,120.858,40.3759875,120.858,-3.7043945999999996,120.639,30.0,120.638,0.0597683,120.638,-0.2988434,120.638,-0.0351576,120.638,-0.1523496,120.292,-1.465635,120.638,152.87868114576207,120.493,7368.0,120.493,4182.0,118.758,2.432283,120.402,0.0,Null,Null,Null,Null,Null,Null,Null
2025-05-16 09:32:21.250000,120.976,78.77835209999999,120.976,-36.71922,121.147,40.375987599999995,121.147,-3.7043956999999996,120.892,30.0,120.976,0.06973,120.976,-0.38849680000000003,120.976,0.1103558,120.976,-0.2812608,120.863,-1.502999,120.976,152.70040982922637,120.975,6402.0,120.975,5534.0,118.758,2.432283,120.402,0.0,Null,Null,Null,Null,Null,Null,Null
2025-05-16 09:32:21.750000,121.234,78.790071,121.234,-36.797346,121.488,40.375988,121.488,-3.704398,121.391,30.0,121.234,0.0099598,121.234,-0.3287266,121.234,-0.039064,121.234,-0.0371108,121.309,-1.524265,121.234,161.9657251207372,121.436,6632.0,121.436,5387.0,118.758,2.432283,121.389,0.0,Null,Null,Null,Null,Null,Null,Null
2025-05-16 09:32:22,121.53,78.829134,121.53,-36.8989098,121.853,40.375988299999996,121.853,-3.7043994,121.608,30.0,121.53,0.1593834,121.53,-0.5080334,121.53,-0.126958,121.53,0.205086,121.798,-1.557634,121.53,178.53144341367786,121.436,6632.0,121.436,5387.0,118.758,2.432283,121.389,0.0,Null,Null,Null,Null,Null,Null,Null
2025-05-16 09:32:22.500000,122.136,78.868197,122.136,-36.977035799999996,122.196,40.3759884,122.196,-3.7044015999999997,122.137,30.0,122.136,-0.0199215,122.136,-0.3586117,122.136,-0.0087894,122.136,-0.2207116,121.798,-1.557634,122.136,159.44410448348233,121.957,7142.0,121.957,4671.0,118.758,2.432283,121.389,0.0,Null,Null,Null,Null,Null,Null,Null
2025-05-16 09:32:22.750000,122.457,78.868197,122.457,-37.0590681,122.523,40.3759885,122.523,-3.7044029,122.385,30.0,122.457,0.0298832,122.457,-0.3984585,122.457,-0.2080158,122.457,-0.3046992,122.286,-1.592922,122.457,-175.81523260403665,122.456,6836.0,122.456,5041.0,118.758,2.432283,122.383,0.0,Null,Null,Null,Null,Null,Null,Null
2025-05-16 09:32:23,122.732,78.8994474,122.732,-37.250476799999994,122.929,40.3759887,122.929,-3.7044040999999996,122.627,30.0,122.732,0.0996132,122.732,-0.3785351,122.732,-0.2851672,122.732,-0.1377006,122.81,-1.619176,122.732,177.51062234360452,122.456,6836.0,122.456,5041.0,118.758,2.432283,122.383,0.0,Null,Null,Null,Null,Null,Null,Null
2025-05-16 09:32:23.500000,123.031,78.93069779999999,123.031,-37.3481343,123.221,40.375988899999996,123.221,-3.7044064999999997,123.12,30.0,123.031,0.0298832,123.031,-0.4383034,123.031,-0.0068362,123.031,0.0185554,122.81,-1.619176,123.031,-172.87508452785667,122.932,7404.0,122.932,4484.0,118.758,2.432283,122.383,0.0,Null,Null,Null,Null,Null,Null,Null
2025-05-16 09:32:23.750000,123.319,78.9189789,123.319,-37.4496981,123.598,40.375989,123.598,-3.7044075,123.39,30.0,123.319,-0.0298832,123.319,-0.41838000000000003,123.319,-0.1406304,123.319,-0.2451266,123.277,-1.677477,123.319,-178.60304637612353,123.46,6449.0,123.46,5388.0,123.26,2.438809,123.388,0.0,Null,Null,Null,Null,Null,Null,Null
2025-05-16 09:32:24.250000,123.631,78.9385104,123.631,-37.539542999999995,123.969,40.3759891,123.969,-3.7044086,123.875,30.0,123.631,0.0099598,123.631,-0.3287266,123.631,-0.0263682,123.631,-0.2627054,123.824,-1.740874,123.631,-176.72973437854017,123.969,6826.0,123.969,4932.0,123.26,2.438809,123.388,0.0,Null,Null,Null,Null,Null,Null,Null
2025-05-16 09:32:24.500000,124.213,78.95022929999999,124.213,-37.6293879,124.291,40.3759891,124.291,-3.7044108999999996,124.123,30.0,124.213,-0.1294983,124.213,-0.3785351,124.213,-0.1377006,124.213,-0.0410172,123.824,-1.740874,124.213,178.75484222024684,123.969,6826.0,123.969,4932.0,123.26,2.438809,123.388,0.0,Null,Null,Null,Null,Null,Null,Null
2025-05-16 09:32:24.750000,124.523,78.9385104,124.523,-37.828609199999995,124.633,40.375989,124.633,-3.7044121999999997,124.377,30.0,124.523,-0.0796917,124.523,-0.4980717,124.523,0.0644556,124.523,-0.2363372,124.294,-1.809083,124.523,178.75484222024684,124.427,5708.0,124.427,6168.0,123.26,2.438809,124.375,0.0,Null,Null,Null,Null,Null,Null,Null
2025-05-16 09:32:25.250000,124.826,78.8994474,124.826,-37.9184541,124.978,40.3759886,124.978,-3.7044142,124.863,30.0,124.826,-0.0597683,124.826,-0.3088051,124.826,-0.039064,124.826,-0.4463062,124.826,-1.838248,124.826,172.4055236583583,124.929,6125.0,124.929,5923.0,123.26,2.438809,124.375,0.0,Null,Null,Null,Null,Null,Null,Null
2025-05-16 09:32:25.500000,125.126,78.8877285,125.126,-38.0004864,125.323,40.3759884,125.323,-3.7044153,125.127,30.0,125.126,-0.1095749,125.126,-0.3685734,125.126,-0.0263682,125.126,-0.1826242,125.268,-1.83309,125.126,-175.36471104582031,124.929,6125.0,124.929,5923.0,123.26,2.438809,124.375,0.0,Null,Null,Null,Null,Null,Null,Null
2025-05-16 09:32:26,125.444,78.868197,125.444,-38.090331299999995,125.663,40.375988199999995,125.663,-3.7044165,125.611,30.0,125.444,-0.1095749,125.444,-0.4681885,125.444,0.0224618,125.444,-0.0546896,125.268,-1.83309,125.444,-173.5170043268573,125.442,5774.0,125.442,5939.0,123.26,2.438809,125.37,0.0,Null,Null,Null,Null,Null,Null,Null
2025-05-16 09:32:26.250000,125.719,78.829134,125.719,-38.1997077,126.043,40.3759879,126.043,-3.7044189999999997,125.871,30.0,125.719,-0.06973,125.719,-0.4781502,125.719,0.14649,125.719,-0.126958,125.802,-1.797024,125.719,180.0,125.918,5970.0,125.918,5739.0,123.26,2.438809,125.37,0.0,Null,Null,Null,Null,Null,Null,Null
2025-05-16 09:32:26.500000,126.285,78.79788359999999,126.285,-38.3872101,126.419,40.3759878,126.419,-3.7044200999999997,126.109,30.0,126.285,-0.0099598,126.285,-0.3984585,126.285,0.2617288,126.285,0.043947,126.269,-1.747719,126.285,173.2110987292078,125.918,5970.0,125.918,5739.0,123.26,2.438809,126.328,0.0,Null,Null,Null,Null,Null,Null,Null
2025-05-16 09:32:27,126.621,78.8096025,126.621,-38.4887739,126.718,40.3759879,126.718,-3.7044224,126.622,30.0,126.621,0.0099598,126.621,-0.4383034,126.621,0.0312512,126.621,-0.1445368,126.269,-1.747719,126.621,167.90542061985911,126.426,6363.0,126.426,5516.0,123.26,2.438809,126.328,0.0,Null,Null,Null,Null,Null,Null,Null
2025-05-16 09:32:27.250000,126.945,78.790071,126.945,-38.578618799999994,127.061,40.375987699999996,127.061,-3.7044235,126.856,30.0,126.945,-0.1494217,126.945,-0.41838000000000003,126.945,0.1015664,126.945,-0.059572599999999996,126.8,-1.710257,126.945,175.91453115034435,126.944,6164.0,126.944,5672.0,123.26,2.438809,126.328,0.0,Null,Null,Null,Null,Null,Null,Null
2025-05-16 09:32:27.750000,127.207,78.77835209999999,127.207,-38.680182599999995,127.457,40.375987599999995,127.457,-3.7044248,127.378,30.0,127.207,-0.0099598,127.207,-0.48811,127.207,0.185554,127.207,0.1337942,127.266,-1.663836,127.207,-178.66799871301757,127.455,6269.0,127.455,5430.0,123.26,2.438809,127.375,0.0,Null,Null,Null,Null,Null,Null,Null
2025-05-16 09:32:28,127.507,78.77835209999999,127.507,-38.7778401,127.814,40.375987699999996,127.814,-3.704427,127.612,30.0,127.507,0.0298832,127.507,-0.41838000000000003,127.507,0.0214852,127.507,-0.3017694,127.266,-1.663836,127.507,174.80568306294882,127.455,6269.0,127.455,5430.0,127.719,2.445066,127.375,0.0,Null,Null,Null,Null,Null,Null,Null
2025-05-16 09:32:28.250000,127.818,78.790071,127.818,-39.0004992,128.14,40.3759875,128.14,-3.7044281,127.863,30.0,127.818,0.0,127.818,-0.3685734,127.818,0.0615258,127.818,0.3095822,127.817,-1.597675,127.818,177.51062234360452,127.941,6452.0,127.941,5487.0,127.719,2.445066,127.375,0.0,Null,Null,Null,Null,Null,Null,Null
2025-05-16 09:32:28.750000,128.423,78.75882059999999,128.423,-39.0004992,128.469,40.3759874,128.469,-3.7044306,128.362,30.0,128.423,0.0199215,128.423,-0.4980717,128.423,0.2910268,128.423,-0.1884838,128.262,-1.529108,128.423,176.3479201057581,128.421,6424.0,128.421,5254.0,127.719,2.445066,128.36,0.0,Null,Null,Null,Null,Null,Null,Null
2025-05-16 09:32:29,128.708,78.77835209999999,128.708,-39.1997205,128.821,40.375987599999995,128.821,-3.7044316,128.608,30.0,128.708,0.1593834,128.708,-0.3785351,128.708,0.1162154,128.708,-0.2275478,128.774,-1.458609,128.708,163.3007357140005,128.421,6424.0,128.421,5254.0,127.719,2.445066,128.36,0.0,Null,Null,Null,Null,Null,Null,Null
2025-05-16 09:32:29.500000,129.001,78.790071,129.001,-39.289565399999994,129.168,40.375987699999996,129.168,-3.7044325999999996,129.081,30.0,129.001,-0.0099598,129.001,-0.4283417,129.001,-0.0605492,129.001,-0.229501,128.774,-1.458609,129.001,169.9920568709087,128.904,7565.0,128.904,4290.0,127.719,2.445066,128.36,0.0,Null,Null,Null,Null,Null,Null,Null
2025-05-16 09:32:29.750000,129.295,78.790071,129.295,-39.3676914,129.505,40.3759878,129.505,-3.7044348,129.362,30.0,129.295,0.0597683,129.295,-0.4283417,129.295,0.1845774,129.295,0.023438399999999998,129.269,-1.438435,129.295,160.64106977427053,129.437,6839.0,129.437,4971.0,127.719,2.445066,129.36,0.0,Null,Null,Null,Null,Null,Null,Null
2025-05-16 09:32:30,129.611,78.79788359999999,129.611,-39.539568599999996,129.855,40.375988,129.855,-3.7044357,129.612,30.0,129.611,0.0896515,129.611,-0.3386883,129.611,-0.009766,129.611,0.0761748,129.777,-1.439223,129.611,-178.49281381549906,129.437,6839.0,129.437,4971.0,127.719,2.445066,129.36,0.0,Null,Null,Null,Null,Null,Null,Null
2025-05-16 09:32:30.500000,129.926,78.84085289999999,129.926,-39.6294135,130.235,40.375988199999995,130.235,-3.7044382999999996,130.11,30.0,129.926,0.0498066,129.926,-0.48811,129.926,0.0068362,129.926,0.0957068,129.777,-1.439223,129.926,165.06867351343985,129.925,7454.0,129.925,4466.0,127.719,2.445066,129.36,0.0,Null,Null,Null,Null,Null,Null,Null
2025-05-16 09:32:30.750000,130.236,78.8486655,130.236,-39.707539499999996,130.608,40.3759884,130.608,-3.7044395999999997,130.353,30.0,130.236,0.0896515,130.236,-0.4482651,130.236,-0.0996132,130.236,-0.1279346,130.266,-1.478597,130.236,163.7398477476049,130.402,7114.0,130.402,4648.0,127.719,2.445066,130.35,0.0,Null,Null,Null,Null,Null,Null,Null
2025-05-16 09:32:31.250000,130.795,78.8799159,130.795,-39.7895718,130.995,40.3759885,130.995,-3.7044406999999997,130.859,30.0,130.795,0.0498066,130.795,-0.3984585,130.795,-0.059572599999999996,130.795,0.2119222,130.794,-1.532681,130.795,162.07219148995614,130.875,6985.0,130.875,4888.0,127.719,2.445066,130.35,0.0,Null,Null,Null,Null,Null,Null,Null
2025-05-16 09:32:31.500000,131.1,78.8799159,131.1,-39.887229299999994,131.282,40.3759887,131.282,-3.704443,131.101,30.0,131.1,-0.0498066,131.1,-0.3984585,131.1,0.1201218,131.1,0.2275478,130.794,-1.532681,131.1,172.05656877212115,130.875,6985.0,130.875,4888.0,127.719,2.445066,130.35,0.0,Null,Null,Null,Null,Null,Null,Null
2025-05-16 09:32:31.750000,131.42,78.90726,131.42,-40.090356899999996,131.611,40.375988799999995,131.611,-3.7044441999999997,131.348,30.0,131.42,0.06973,131.42,-0.4383034,131.42,0.1103558,131.42,-0.1767646,131.287,-1.584762,131.42,160.34637374038633,131.42,7115.0,131.42,4673.0,127.719,2.445066,131.346,0.0,Null,Null,Null,Null,Null,Null,Null
2025-05-16 09:32:32.250000,131.694,78.9189789,131.694,-40.1880144,131.949,40.375988799999995,131.949,-3.7044463999999997,131.844,30.0,131.694,0.0099598,131.694,-0.38849680000000003,131.694,-0.0253916,131.694,-0.405289,131.772,-1.656959,131.694,-178.80670970364625,131.896,6783.0,131.896,5116.0,127.719,2.445066,131.346,0.0,Null,Null,Null,Null,Null,Null,Null
2025-05-16 09:32:32.500000,132.339,78.90726,132.339,-40.289578199999994,132.339,40.375988799999995,132.339,-3.7044476,132.071,30.0,132.339,0.0298832,132.339,-0.4283417,132.339,-0.1836008,132.339,0.2402436,132.246,-1.732794,132.339,-177.2074857188093,131.896,6783.0,131.896,5116.0,132.23,2.451585,131.346,0.0,Null,Null,Null,Null,Null,Null,Null
2025-05-16 09:32:33,132.59,78.90726,132.59,-40.398954599999996,132.643,40.3759887,132.643,-3.7044485999999996,132.592,30.0,132.59,-0.0199215,132.59,-0.3287266,132.59,-0.0517598,132.59,-0.0068362,132.246,-1.732794,132.59,-176.82038844702296,132.416,6879.0,132.416,4938.0,132.23,2.451585,132.341,0.0,Null,Null,Null,Null,Null,Null,Null
2025-05-16 09:32:33.250000,132.925,78.8994474,132.925,-40.4887995,132.993,40.375988299999996,132.993,-3.7044509999999997,132.839,30.0,132.925,0.0,132.925,-0.4582268,132.925,-0.1992264,132.925,-0.1201218,132.769,-1.802296,132.925,177.2074857188093,132.924,6648.0,132.924,5111.0,132.23,2.451585,132.341,0.0,Null,Null,Null,Null,Null,Null,Null
2025-05-16 09:32:33.500000,133.185,78.84085289999999,133.185,-40.578644399999995,133.388,40.3759881,133.388,-3.7044520999999997,133.084,30.0,133.185,0.0199215,133.185,-0.34865,133.185,0.0224618,133.185,-0.07519819999999999,133.26,-1.865199,133.185,180.0,132.924,6648.0,132.924,5111.0,132.23,2.451585,133.387,0.0,Null,Null,Null,Null,Null,Null,Null
2025-05-16 09:32:34,133.485,78.8096025,133.485,-40.7700531,133.689,40.375987599999995,133.689,-3.7044542999999996,133.565,30.0,133.485,0.0099598,133.485,-0.2988434,133.485,-0.2548926,133.485,0.0039064,133.26,-1.865199,133.485,-173.8847169301549,133.393,6802.0,133.393,5176.0,132.23,2.451585,133.387,0.0,Null,Null,Null,Null,Null,Null,Null
2025-05-16 09:32:34.250000,133.78,78.77835209999999,133.78,-40.859897999999994,134.05,40.375987099999996,134.05,-3.7044555,133.847,30.0,133.78,-0.1494217,133.78,-0.4980717,133.78,-0.4746276,133.78,-0.4726744,133.779,-1.920044,133.78,-177.13779916880802,133.921,5467.0,133.921,6165.0,132.23,2.451585,133.387,0.0,Null,Null,Null,Null,Null,Null,Null
2025-05-16 09:32:34.750000,134.12,78.72757019999999,134.12,-40.9497429,134.431,40.3759866,134.431,-3.7044566999999997,134.341,30.0,134.12,-0.1593834,134.12,-0.4084183,134.12,-0.170905,134.12,-0.024415,134.241,-1.930454,134.12,-174.5597784804225,134.43,5005.0,134.43,6860.0,132.23,2.451585,134.337,0.0,Null,Null,Null,Null,Null,Null,Null
2025-05-16 09:32:35,134.686,78.59084969999999,134.686,-41.0591193,134.785,40.375985899999996,134.785,-3.7044593,134.583,30.0,134.686,-0.1593834,134.686,-0.4482651,134.686,-0.0869174,134.686,0.0361342,134.241,-1.930454,134.686,-165.3237112181996,134.43,5005.0,134.43,6860.0,132.23,2.451585,134.337,0.0,Null,Null,Null,Null,Null,Null,Null
2025-05-16 09:32:35.250000,134.98,78.55959929999999,134.98,-41.168495699999994,135.092,40.3759856,135.092,-3.7044604999999997,134.828,30.0,134.98,-0.0498066,134.98,-0.3586117,134.98,-0.0615258,134.98,-0.2558692,134.786,-1.876021,134.98,-172.2348783156028,134.906,4991.0,134.906,6726.0,132.23,2.451585,134.337,0.0,Null,Null,Null,Null,Null,Null,Null
2025-05-16 09:32:35.750000,135.279,78.5283489,135.279,-41.277872099999996,135.446,40.375985299999996,135.446,-3.7044615,135.348,30.0,135.279,-0.1195366,135.279,-0.3586117,135.279,0.1279346,135.279,-0.253916,135.239,-1.799562,135.279,180.0,135.398,5158.0,135.398,6763.0,132.23,2.451585,135.346,0.0,Null,Null,Null,Null,Null,Null,Null
2025-05-16 09:32:36,135.588,78.50100479999999,135.588,-41.5005312,135.784,40.375985,135.784,-3.7044637999999996,135.59,30.0,135.588,-0.0298832,135.588,-0.4582268,135.588,0.0380874,135.588,-0.024415,135.749,-1.700973,135.588,-167.82864216193758,135.398,5158.0,135.398,6763.0,132.23,2.451585,135.346,0.0,Null,Null,Null,Null,Null,Null,Null
2025-05-16 09:32:36.500000,135.913,78.4892859,135.913,-41.6099076,136.131,40.3759849,136.131,-3.7044650999999997,136.078,30.0,135.913,-0.0498066,135.913,-0.4283417,135.913,-0.0078128,135.913,-0.014649,135.749,-1.700973,135.913,-170.07378762953448,135.912,5668.0,135.912,6147.0,132.23,2.451585,135.346,0.0,Null,Null,Null,Null,Null,Null,Null
2025-05-16 09:32:36.750000,136.147,78.477567,136.147,-41.719283999999995,136.5,40.3759849,136.5,-3.7044664999999997,136.336,30.0,136.147,0.0,136.147,-0.5478802,136.147,-0.0615258,136.147,0.04883,136.253,-1.60493,136.147,-162.97944525731478,136.381,5913.0,136.381,5650.0,132.23,2.451585,136.333,0.0,Null,Null,Null,Null,Null,Null,Null
2025-05-16 09:32:37,136.775,78.52053629999999,136.775,-41.8169415,136.88,40.375985299999996,136.88,-3.7044691,136.574,30.0,136.775,0.06973,136.775,-0.4781502,136.775,0.0429704,136.775,-0.1455134,136.773,-1.501338,136.775,171.02743245715,136.381,5913.0,136.381,5650.0,136.685,2.457981,136.333,0.0,Null,Null,Null,Null,Null,Null,Null
2025-05-16 09:32:37.500000,137.085,78.54006779999999,137.085,-42.06694469999999,137.17,40.3759854,137.17,-3.7044702999999997,137.086,30.0,137.085,0.0398449,137.085,-0.3785351,137.085,0.1386772,137.085,-0.0410172,136.773,-1.501338,137.085,178.75484222024684,136.884,6538.0,136.884,5162.0,136.685,2.457981,136.333,0.0,Null,Null,Null,Null,Null,Null,Null
2025-05-16 09:32:37.750000,137.4,78.55959929999999,137.4,-42.168508499999994,137.53,40.375985899999996,137.53,-3.704472,137.333,30.0,137.4,0.0597683,137.4,-0.27892,137.4,-0.0371108,137.4,0.0429704,137.251,-1.418259,137.4,166.29317398974663,137.399,6946.0,137.399,5161.0,136.685,2.457981,137.332,0.0,Null,Null,Null,Null,Null,Null,Null
2025-05-16 09:32:38.250000,137.676,78.61038119999999,137.676,-42.2583534,137.923,40.3759861,137.923,-3.7044731,137.818,30.0,137.676,0.1095749,137.676,-0.34865,137.676,-0.1523496,137.676,0.0126958,137.763,-1.364158,137.676,171.8699850726656,137.923,7188.0,137.923,4762.0,136.685,2.457981,137.332,0.0,Null,Null,Null,Null,Null,Null,Null
2025-05-16 09:32:38.500000,137.965,78.6377253,137.965,-42.3481983,138.231,40.375986499999996,138.231,-3.7044751,138.072,30.0,137.965,0.06973,137.965,-0.3685734,137.965,0.1865306,137.965,-0.0742216,137.763,-1.364158,137.965,172.72504858844454,137.923,7188.0,137.923,4762.0,136.685,2.457981,137.332,0.0,Null,Null,Null,Null,Null,Null,Null
2025-05-16 09:32:38.750000,138.272,78.6572568,138.272,-42.457574699999995,138.595,40.3759867,138.595,-3.7044761999999998,138.338,30.0,138.272,0.0796917,138.272,-0.3187668,138.272,0.0546896,138.272,-0.039064,138.233,-1.346532,138.272,-177.39761805875125,138.399,7200.0,138.399,4819.0,136.685,2.457981,138.336,0.0,Null,Null,Null,Null,Null,Null,Null
2025-05-16 09:32:39.250000,138.884,78.7002261,138.884,-42.5669511,138.932,40.3759869,138.932,-3.7044774,138.824,30.0,138.884,0.0796917,138.884,-0.4084183,138.884,0.0009766,138.884,-0.078128,138.752,-1.358171,138.884,160.86647054651817,138.883,7099.0,138.883,4746.0,136.685,2.457981,138.336,0.0,Null,Null,Null,Null,Null,Null,Null
2025-05-16 09:32:39.500000,139.167,78.75882059999999,139.167,-42.7700787,139.273,40.3759874,139.273,-3.7044797999999997,139.065,30.0,139.167,0.1095749,139.167,-0.4084183,139.167,-0.13184099999999999,139.167,-0.112309,139.225,-1.39131,139.167,161.5651422466433,138.883,7099.0,138.883,4746.0,136.685,2.457981,138.336,0.0,Null,Null,Null,Null,Null,Null,Null
2025-05-16 09:32:40,139.459,78.751008,139.459,-42.859923599999995,139.62,40.3759874,139.62,-3.7044810999999997,139.565,30.0,139.459,0.0,139.459,-0.41838000000000003,139.459,0.0517598,139.459,-0.023438399999999998,139.225,-1.39131,139.459,166.75942633879643,139.371,7397.0,139.371,4433.0,136.685,2.457981,139.322,0.0,Null,Null,Null,Null,Null,Null,Null
2025-05-16 09:32:40.250000,139.771,78.7705395,139.771,-42.9575811,139.968,40.375987699999996,139.968,-3.7044832999999997,139.81,30.0,139.771,0.1095749,139.771,-0.3685734,139.771,-0.14649,139.771,-0.068362,139.77,-1.437328,139.771,159.92855614257175,139.888,7518.0,139.888,4391.0,136.685,2.457981,139.322,0.0,Null,Null,Null,Null,Null,Null,Null
2025-05-16 09:32:40.500000,140.07,78.790071,140.07,-43.047425999999994,140.366,40.3759878,140.366,-3.7044845,140.071,30.0,140.07,0.0597683,140.07,-0.3187668,140.07,-0.0361342,140.07,-0.0644556,140.226,-1.504374,140.07,168.69013757939734,139.888,7518.0,139.888,4391.0,136.685,2.457981,140.365,0.0,Null,Null,Null,Null,Null,Null,Null
2025-05-16 09:32:41,140.377,78.79788359999999,140.377,-43.2271158,140.67,40.3759879,140.67,-3.7044856999999998,140.559,30.0,140.377,0.0099598,140.377,-0.4582268,140.377,-0.068362,140.377,0.2578224,140.226,-1.504374,140.377,169.82451699981218,140.375,6791.0,140.375,4968.0,136.685,2.457981,140.365,0.0,Null,Null,Null,Null,Null,Null,Null
2025-05-16 09:32:41.250000,140.958,78.829134,140.958,-43.328679599999994,141.013,40.3759881,141.013,-3.7044878,140.806,30.0,140.958,0.0,140.958,-0.3586117,140.958,-0.0957068,140.958,-0.0371108,140.745,-1.579773,140.958,178.26457613984186,140.859,7771.0,140.859,4144.0,136.685,2.457981,140.365,0.0,Null,Null,Null,Null,Null,Null,Null
2025-05-16 09:32:41.750000,141.252,78.79788359999999,141.252,-43.430243399999995,141.416,40.3759878,141.416,-3.7044891,141.319,30.0,141.252,-0.0498066,141.252,-0.3984585,141.252,-0.16895179999999999,141.252,-0.0380874,141.21,-1.691776,141.252,162.5819909567074,141.415,6435.0,141.415,5438.0,141.194,2.464683,141.317,0.0,Null,Null,Null,Null,Null,Null,Null
2025-05-16 09:32:42,141.574,78.79788359999999,141.574,-43.5474324,141.761,40.3759874,141.761,-3.7044916,141.575,30.0,141.574,0.0099598,141.574,-0.3785351,141.574,-0.0859408,141.574,-0.1699284,141.21,-1.691776,141.574,169.46078770800958,141.415,6435.0,141.415,5438.0,141.194,2.464683,141.317,0.0,Null,Null,Null,Null,Null,Null,Null
2025-05-16 09:32:42.250000,141.889,78.75882059999999,141.889,-43.637277299999994,142.065,40.3759872,142.065,-3.7044929,141.802,30.0,141.889,-0.06973,141.889,-0.4283417,141.889,0.1630922,141.889,-0.0009766,141.766,-1.775315,141.889,-176.82038844702296,141.888,6258.0,141.888,5550.0,141.194,2.464683,141.317,0.0,Null,Null,Null,Null,Null,Null,Null
2025-05-16 09:32:42.750000,142.153,78.6806946,142.153,-43.7271222,142.423,40.3759867,142.423,-3.7044943,142.309,30.0,142.153,-0.1294983,142.153,-0.4383034,142.153,-0.2451266,142.153,0.0283214,142.211,-1.844216,142.153,175.71101647098712,142.359,5755.0,142.359,5989.0,141.194,2.464683,142.308,0.0,Null,Null,Null,Null,Null,Null,Null
2025-05-16 09:32:43,142.807,78.57913079999999,142.807,-43.9497813,142.807,40.375985799999995,142.807,-3.704497,142.554,30.0,142.807,-0.1494217,142.807,-0.4383034,142.807,0.2021562,142.807,-0.0478534,142.715,-1.884944,142.807,165.25662118991343,142.359,5755.0,142.359,5989.0,141.194,2.464683,142.308,0.0,Null,Null,Null,Null,Null,Null,Null
2025-05-16 09:32:43.500000,143.061,78.54006779999999,143.061,-44.047438799999995,143.123,40.3759855,143.123,-3.7044984,143.062,30.0,143.061,-0.0498066,143.061,-0.3984585,143.061,-0.0449236,143.061,-0.0039064,142.715,-1.884944,143.061,176.09965234337938,142.885,5471.0,142.885,6278.0,141.194,2.464683,142.308,0.0,Null,Null,Null,Null,Null,Null,Null
2025-05-16 09:32:43.750000,143.381,78.5283489,143.381,-44.149002599999996,143.447,40.375985299999996,143.447,-3.7044995999999997,143.302,30.0,143.381,-0.0896515,143.381,-0.38849680000000003,143.381,0.1337942,143.381,0.1377006,143.217,-1.893309,143.381,-175.91453115034435,143.379,5804.0,143.379,6075.0,141.194,2.464683,143.301,0.0,Null,Null,Null,Null,Null,Null,Null
2025-05-16 09:32:44,143.653,78.477567,143.653,-44.22712859999999,143.811,40.3759848,143.811,-3.7045019999999997,143.554,30.0,143.653,-0.0996132,143.653,-0.4980717,143.653,0.09766,143.653,0.0947302,143.733,-1.885823,143.653,178.26457613984186,143.379,5804.0,143.379,6075.0,141.194,2.464683,143.301,0.0,Null,Null,Null,Null,Null,Null,Null
2025-05-16 09:32:44.500000,143.947,78.477567,143.947,-44.430256199999995,144.152,40.3759848,144.152,-3.704503,144.052,30.0,143.947,0.0099598,143.947,-0.3386883,143.947,0.0556662,143.947,-0.2871204,143.733,-1.885823,143.947,-178.36369037319014,143.848,5589.0,143.848,6252.0,141.194,2.464683,143.301,0.0,Null,Null,Null,Null,Null,Null,Null
2025-05-16 09:32:44.750000,144.248,78.40725359999999,144.248,-44.5201011,144.503,40.375983999999995,144.503,-3.7045055,144.313,30.0,144.248,-0.1992283,144.248,-0.41838000000000003,144.248,-0.043947,144.248,0.2255946,144.248,-1.863183,144.248,-161.1139871570411,144.376,4936.0,144.376,6841.0,141.194,2.464683,144.312,0.0,Null,Null,Null,Null,Null,Null,Null
2025-05-16 09:32:45.250000,144.555,78.3799095,144.555,-44.637290099999994,144.901,40.3759837,144.901,-3.7045068,144.79,30.0,144.555,-0.1294983,144.555,-0.5179951,144.555,0.0859408,144.555,-0.1699284,144.731,-1.794859,144.555,-170.90969750583076,144.901,5746.0,144.901,5952.0,141.194,2.464683,144.312,0.0,Null,Null,Null,Null,Null,Null,Null
2025-05-16 09:32:45.500000,145.142,78.36819059999999,145.142,-44.727135,145.228,40.375983999999995,145.228,-3.7045092,145.042,30.0,145.142,0.0298832,145.142,-0.4681885,145.142,0.37501439999999997,145.142,0.1669986,144.731,-1.794859,145.142,-169.04601408505735,144.901,5746.0,144.901,5952.0,141.194,2.464683,144.312,0.0,Null,Null,Null,Null,Null,Null,Null
2025-05-16 09:32:46.250000,145.751,78.40725359999999,145.751,-44.8091673,145.909,40.3759843,145.909,-3.7045114,145.791,30.0,145.751,-0.0398449,145.751,-0.48811,145.751,-0.0908238,145.751,0.2080158,145.75,-1.681428,145.751,-163.44306797906154,145.903,6135.0,145.903,5593.0,141.194,2.464683,145.305,0.0,Null,Null,Null,Null,Null,Null,Null
2025-05-16 09:32:46.500000,146.013,78.4306914,146.013,-44.899012199999994,146.248,40.3759844,146.248,-3.7045135,146.053,30.0,146.013,0.0199215,146.013,-0.3088051,146.013,0.327161,146.013,0.1640688,146.197,-1.646621,146.013,-166.82757790417784,145.903,6135.0,145.903,5593.0,141.194,2.464683,145.305,0.0,Null,Null,Null,Null,Null,Null,Null
2025-05-16 09:32:47,146.369,78.4189725,146.369,-45.0982335,146.589,40.375984599999995,146.589,-3.7045146,146.536,30.0,146.369,-0.0597683,146.369,-0.4283417,146.369,0.0888706,146.369,-0.0263682,146.197,-1.646621,146.369,-171.70288289666684,146.367,6059.0,146.367,5788.0,141.194,2.464683,146.295,0.0,Null,Null,Null,Null,Null,Null,Null
2025-05-16 09:32:47.250000,146.644,78.4502229,146.644,-45.2193288,146.961,40.3759854,146.961,-3.7045169999999996,146.807,30.0,146.644,0.0896515,146.644,-0.3984585,146.644,-0.136724,146.644,-0.1796944,146.724,-1.612409,146.644,-164.74496536110496,146.866,7361.0,146.866,4360.0,141.194,2.464683,146.295,0.0,Null,Null,Null,Null,Null,Null,Null
2025-05-16 09:32:47.500000,146.963,78.54006779999999,146.963,-45.309173699999995,147.313,40.3759856,147.313,-3.7045181,147.035,30.0,146.963,0.0796917,146.963,-0.4283417,146.963,0.2607522,146.963,0.0029297999999999998,146.724,-1.612409,146.963,-178.568142723392,146.866,7361.0,146.866,4360.0,141.194,2.464683,147.311,0.0,Null,Null,Null,Null,Null,Null,Null
2025-05-16 09:32:48,147.545,78.59084969999999,147.545,-45.4068312,147.64,40.375985899999996,147.64,-3.7045190999999997,147.546,30.0,147.545,0.0896515,147.545,-0.3984585,147.545,0.1435602,147.545,-0.166022,146.724,-1.612409,147.545,178.69826171917796,146.866,7361.0,146.866,4360.0,141.194,2.464683,147.311,0.0,Null,Null,Null,Null,Null,Null,Null
2025-05-16 09:32:48.250000,147.867,78.61038119999999,147.867,-45.598239899999996,147.997,40.3759861,147.997,-3.7045211,147.78,30.0,147.867,0.0597683,147.867,-0.34865,147.867,-0.0546896,147.867,0.117192,147.721,-1.642321,147.867,-160.3461429755875,147.866,7348.0,147.866,4599.0,141.194,2.464683,147.311,0.0,Null,Null,Null,Null,Null,Null,Null
2025-05-16 09:32:48.750000,148.16,78.61038119999999,148.16,-45.6998037,148.371,40.3759863,148.371,-3.7045220999999997,148.288,30.0,148.16,-0.0498066,148.16,-0.3685734,148.16,0.229501,148.16,-0.2011796,148.206,-1.686706,148.16,-178.83105175899703,148.369,7704.0,148.369,4259.0,141.194,2.464683,148.286,0.0,Null,Null,Null,Null,Null,Null,Null
2025-05-16 09:32:49,148.436,78.6377253,148.436,-45.8091801,148.729,40.375986399999995,148.729,-3.7045244,148.528,30.0,148.436,0.0996132,148.436,-0.3386883,148.436,0.4404466,148.436,-0.0361342,148.206,-1.686706,148.436,175.91453115034435,148.369,7704.0,148.369,4259.0,141.194,2.464683,148.286,0.0,Null,Null,Null,Null,Null,Null,Null
2025-05-16 09:32:49.250000,148.732,78.64944419999999,148.732,-45.887306099999996,149.055,40.375986499999996,149.055,-3.7045253,148.78,30.0,148.732,0.0099598,148.732,-0.3187668,148.732,-0.0273448,148.732,-0.3681782,148.731,-1.750381,148.732,180.0,148.857,7065.0,148.857,4891.0,141.194,2.464683,148.286,0.0,Null,Null,Null,Null,Null,Null,Null
2025-05-16 09:32:49.750000,149.386,78.6806946,149.386,-45.9888699,149.393,40.3759867,149.393,-3.7045263999999998,149.281,30.0,149.386,-0.0199215,149.386,-0.4084183,149.386,0.034181,149.386,-0.166022,149.194,-1.809801,149.386,-167.0927265244332,149.384,6908.0,149.384,4971.0,141.194,2.464683,149.28,0.0,Null,Null,Null,Null,Null,Null,Null
2025-05-16 09:32:50,149.598,78.6806946,149.598,-46.0982463,149.752,40.375986499999996,149.752,-3.7045288,149.507,30.0,149.598,-0.0099598,149.598,-0.3984585,149.598,0.073245,149.598,-0.1748114,149.689,-1.864929,149.598,177.70954707415066,149.384,6908.0,149.384,4971.0,141.194,2.464683,149.28,0.0,Null,Null,Null,Null,Null,Null,Null
2025-05-16 09:32:50.500000,149.932,78.6377253,149.932,-46.2779361,150.076,40.3759863,150.076,-3.7045299,150.022,30.0,149.932,-0.1195366,149.932,-0.41838000000000003,149.932,0.0380874,149.932,-0.0517598,149.689,-1.864929,149.932,157.1663201083772,149.832,6505.0,149.832,5428.0,141.194,2.464683,149.28,0.0,Null,Null,Null,Null,Null,Null,Null
2025-05-16 09:32:50.750000,150.219,78.61038119999999,150.219,-46.367780999999994,150.43,40.375986,150.43,-3.7045310999999996,150.284,30.0,150.219,-0.1195366,150.219,-0.38849680000000003,150.219,-0.2275478,150.219,0.0410172,150.177,-1.912848,150.219,-178.66799871301757,150.361,6117.0,150.361,5735.0,150.161,2.477551,150.283,0.0,Null,Null,Null,Null,Null,Null,Null
2025-05-16 09:32:51,150.541,78.5986623,150.541,-46.4576259,150.823,40.375985899999996,150.823,-3.7045334,150.543,30.0,150.541,-0.06973,150.541,-0.3785351,150.541,-0.156256,150.541,-0.1054728,150.732,-1.932589,150.541,172.05656877212115,150.361,6117.0,150.361,5735.0,150.161,2.477551,150.283,0.0,Null,Null,Null,Null,Null,Null,Null
2025-05-16 09:32:51.500000,150.828,78.5986623,150.828,-46.5591897,151.155,40.3759855,151.155,-3.7045345,151.021,30.0,150.828,-0.0896515,150.828,-0.3785351,150.828,-0.1728582,150.828,-0.0546896,150.732,-1.932589,150.828,165.17372322487043,150.827,6350.0,150.827,5550.0,150.161,2.477551,150.283,0.0,Null,Null,Null,Null,Null,Null,Null
2025-05-16 09:32:51.750000,151.391,78.52053629999999,151.391,-46.738879499999996,151.471,40.375985,151.471,-3.7045369,151.278,30.0,151.391,-0.13946,151.391,-0.41838000000000003,151.391,0.117192,151.391,-0.1621156,151.197,-1.962083,151.391,174.1737210359519,151.36,5973.0,151.36,5868.0,150.161,2.477551,151.277,0.0,Null,Null,Null,Null,Null,Null,Null
2025-05-16 09:32:52.250000,151.716,78.4502229,151.716,-46.8482559,151.873,40.375984599999995,151.873,-3.7045382,151.772,30.0,151.716,-0.1593834,151.716,-0.4681885,151.716,0.0673854,151.716,-0.3554824,151.715,-1.97369,151.716,168.69025433516939,151.873,5823.0,151.873,5903.0,150.161,2.477551,151.277,0.0,Null,Null,Null,Null,Null,Null,Null
2025-05-16 09:32:52.500000,152.031,78.399441,152.031,-47.047477199999996,152.212,40.3759842,152.212,-3.7045396999999998,152.033,30.0,152.031,-0.2390751,152.031,-0.5279568,152.031,-0.0087894,152.031,-0.0566428,151.715,-1.97369,152.031,172.87508452785667,151.873,5823.0,151.873,5903.0,150.161,2.477551,151.277,0.0,Null,Null,Null,Null,Null,Null,Null
2025-05-16 09:32:52.750000,152.356,78.360378,152.356,-47.149041,152.544,40.3759839,152.544,-3.7045421,152.266,30.0,152.356,-0.0996132,152.356,-0.4084183,152.356,0.1777412,152.356,-0.0068362,152.214,-1.957145,152.356,-172.87508452785667,152.354,5992.0,152.354,5704.0,150.161,2.477551,152.266,0.0,Null,Null,Null,Null,Null,Null,Null
2025-05-16 09:32:53.250000,152.615,78.36819059999999,152.615,-47.2584174,152.879,40.3759838,152.879,-3.7045432,152.762,30.0,152.615,-0.0398449,152.615,-0.3386883,152.615,0.273448,152.615,-0.2324308,152.691,-1.913203,152.615,170.9605282075639,152.815,6608.0,152.815,5388.0,150.161,2.477551,152.266,0.0,Null,Null,Null,Null,Null,Null,Null
2025-05-16 09:32:53.500000,152.919,78.34865909999999,152.919,-47.4381072,153.26,40.3759833,153.26,-3.7045458,153.012,30.0,152.919,-0.1793049,152.919,-0.4980717,152.919,0.31934819999999997,152.919,-0.1914136,153.171,-1.882509,152.919,178.53144341367786,152.815,6608.0,152.815,5388.0,150.161,2.477551,152.266,0.0,Null,Null,Null,Null,Null,Null,Null
2025-05-16 09:32:54,153.522,78.3095961,153.522,-47.539671,153.56,40.375983399999996,153.56,-3.7045469,153.525,30.0,153.522,-0.0498066,153.522,-0.4681885,153.522,0.283214,153.522,-0.2959098,153.171,-1.882509,153.522,-175.81523260403665,153.349,6288.0,153.349,5572.0,150.161,2.477551,153.263,0.0,Null,Null,Null,Null,Null,Null,Null
2025-05-16 09:32:54.250000,153.844,78.3095961,153.844,-47.637328499999995,153.912,40.3759835,153.912,-3.7045491,153.758,30.0,153.844,-0.0597683,153.844,-0.4283417,153.844,0.0712918,153.844,-0.5049022,153.698,-1.833755,153.844,176.00923394604476,153.843,6379.0,153.843,5415.0,150.161,2.477551,153.263,0.0,Null,Null,Null,Null,Null,Null,Null
2025-05-16 09:32:54.500000,154.11,78.32912759999999,154.11,-47.7271734,154.303,40.3759835,154.303,-3.7045500999999996,153.992,30.0,154.11,-0.0597683,154.11,-0.3586117,154.11,0.0742216,154.11,-0.2304776,153.698,-1.833755,154.11,-176.53200070680427,153.843,6379.0,153.843,5415.0,150.161,2.477551,154.303,0.0,Null,Null,Null,Null,Null,Null,Null
2025-05-16 09:32:55,154.409,78.31740869999999,154.409,-47.8287372,154.612,40.3759835,154.612,-3.7045513,154.49,30.0,154.409,-0.0597683,154.409,-0.4383034,154.409,-0.0918004,154.409,-0.1435602,153.698,-1.833755,154.409,180.0,154.307,6456.0,154.307,5384.0,150.161,2.477551,154.303,0.0,Null,Null,Null,Null,Null,Null,Null
2025-05-16 09:32:55.250000,154.722,78.29787719999999,154.722,-48.0279585,154.965,40.375983399999996,154.965,-3.704554,154.772,30.0,154.722,-0.0896515,154.722,-0.5279568,154.722,0.141607,154.722,-0.1738348,154.721,-1.753291,154.722,176.72973437854017,154.834,6283.0,154.834,5345.0,154.639,2.483757,154.303,0.0,Null,Null,Null,Null,Null,Null,Null
2025-05-16 09:32:55.750000,155.031,78.3095961,155.031,-48.1178034,155.355,40.3759835,155.355,-3.7045551,155.263,30.0,155.031,0.06973,155.031,-0.3685734,155.031,0.4179848,155.031,-0.1601624,155.182,-1.72225,155.031,178.0911629239894,155.354,6383.0,155.354,5504.0,154.639,2.483757,155.262,0.0,Null,Null,Null,Null,Null,Null,Null
2025-05-16 09:32:56,155.607,78.32912759999999,155.607,-48.207648299999995,155.704,40.3759835,155.704,-3.7045562,155.522,30.0,155.607,0.0099598,155.607,-0.4283417,155.607,0.2207116,155.607,0.0253916,155.182,-1.72225,155.607,-163.3007357140005,155.354,6383.0,155.354,5504.0,154.639,2.483757,155.262,0.0,Null,Null,Null,Null,Null,Null,Null
2025-05-16 09:32:56.250000,155.899,78.32912759999999,155.899,-48.3170247,156.023,40.3759836,156.023,-3.7045586,155.735,30.0,155.899,-0.0498066,155.899,-0.4781502,155.899,0.0918004,155.899,0.058596,155.706,-1.718128,155.899,-158.68200873800063,155.804,6649.0,155.804,5103.0,154.639,2.483757,155.262,0.0,Null,Null,Null,Null,Null,Null,Null
2025-05-16 09:32:56.750000,156.202,78.32912759999999,156.202,-48.4185885,156.375,40.3759836,156.375,-3.7045597999999997,156.265,30.0,156.202,-0.0099598,156.202,-0.3984585,156.202,0.0908238,156.202,0.3134886,156.16,-1.7247,156.202,-155.3233082030527,156.313,6939.0,156.313,4920.0,154.639,2.483757,156.265,0.0,Null,Null,Null,Null,Null,Null,Null
2025-05-16 09:32:57,156.507,78.3408465,156.507,-48.637341299999996,156.728,40.3759837,156.728,-3.7045619999999997,156.508,30.0,156.507,-0.0796917,156.507,-0.4681885,156.507,0.1259814,156.507,0.249033,156.668,-1.758526,156.507,-160.42684542343852,156.313,6939.0,156.313,4920.0,154.639,2.483757,156.265,0.0,Null,Null,Null,Null,Null,Null,Null
2025-05-16 09:32:57.500000,156.827,78.34865909999999,156.827,-48.7389051,157.051,40.3759837,157.051,-3.7045632,156.997,30.0,156.827,0.0298832,156.827,-0.3685734,156.827,0.1884838,156.827,-0.1044962,156.668,-1.758526,156.827,-172.09292829763882,156.826,7273.0,156.826,4590.0,154.639,2.483757,156.265,0.0,Null,Null,Null,Null,Null,Null,Null
2025-05-16 09:32:57.750000,157.106,78.34865909999999,157.106,-48.82875,157.425,40.3759835,157.425,-3.7045645,157.255,30.0,157.106,-0.0796917,157.106,-0.4781502,157.106,0.046876799999999996,157.106,-0.0087894,157.174,-1.799298,157.106,-161.5651422466433,157.303,6350.0,157.303,5371.0,154.639,2.483757,157.254,0.0,Null,Null,Null,Null,Null,Null,Null
2025-05-16 09:32:58,157.696,78.3095961,157.696,-48.906876,157.757,40.375983399999996,157.757,-3.7045668999999997,157.499,30.0,157.696,-0.0298832,157.696,-0.38849680000000003,157.696,-0.1582092,157.696,0.2646586,157.696,-1.826723,157.696,-176.26874699760847,157.303,6350.0,157.303,5371.0,154.639,2.483757,157.254,0.0,Null,Null,Null,Null,Null,Null,Null
2025-05-16 09:32:58.500000,158.01,78.27834569999999,158.01,-49.020158699999996,158.095,40.3759831,158.095,-3.7045681999999998,158.011,30.0,158.01,-0.1593834,158.01,-0.4781502,158.01,-0.4033358,158.01,-0.0175788,157.696,-1.826723,158.01,-173.36756119515286,157.835,6868.0,157.835,4987.0,154.639,2.483757,157.254,0.0,Null,Null,Null,Null,Null,Null,Null
2025-05-16 09:32:58.750000,158.335,78.2900646,158.335,-49.2506304,158.461,40.3759831,158.461,-3.7045692,158.25,30.0,158.335,-0.0099598,158.335,-0.3386883,158.335,-0.161139,158.335,0.2763778,158.154,-1.857828,158.335,180.0,158.334,7004.0,158.334,4880.0,154.639,2.483757,158.249,0.0,Null,Null,Null,Null,Null,Null,Null
2025-05-16 09:32:59.250000,158.335,78.2900646,158.335,-49.2506304,158.785,40.375982799999996,158.785,-3.7045714999999997,158.783,30.0,158.335,-0.0099598,158.335,-0.3386883,158.335,-0.161139,158.335,0.2763778,158.694,-1.889557,158.335,180.0,158.785,6648.0,158.785,5184.0,154.639,2.483757,158.249,0.0,Null,Null,Null,Null,Null,Null,Null
2025-05-16 09:32:59.500000,158.886,78.2510016,158.886,-49.469383199999996,159.198,40.3759826,159.198,-3.7045728999999996,158.993,30.0,158.886,-0.06973,158.886,-0.4482651,158.886,-0.0839876,158.886,0.029298,158.694,-1.889557,158.886,171.70288289666684,158.785,6648.0,158.785,5184.0,159.118,2.490126,158.249,0.0,Null,Null,Null,Null,Null,Null,Null
2025-05-16 09:32:59.750000,159.201,78.18068819999999,159.201,-49.5670407,159.519,40.3759821,159.519,-3.7045754,159.258,30.0,159.201,-0.1195366,159.201,-0.4383034,159.201,0.0156256,159.201,0.0156256,159.2,-1.936607,159.201,173.99112877533508,159.319,6258.0,159.319,5571.0,159.118,2.490126,159.257,0.0,Null,Null,Null,Null,Null,Null,Null
2025-05-16 09:33:00.250000,159.84,78.14943779999999,159.84,-49.637354099999996,159.842,40.3759819,159.842,-3.7045765999999998,159.751,30.0,159.84,-0.0896515,159.84,-0.38849680000000003,159.84,-0.2177818,159.84,0.351576,159.667,-1.967117,159.84,167.90529623202445,159.839,6407.0,159.839,5492.0,159.118,2.490126,159.257,0.0,Null,Null,Null,Null,Null,Null,Null
2025-05-16 09:33:00.500000,160.085,78.12990629999999,160.085,-49.80923129999999,160.196,40.375981499999995,160.196,-3.7045787,159.968,30.0,160.085,-0.0099598,160.085,-0.3386883,160.085,-0.0742216,160.085,0.1767646,160.145,-2.000779,160.085,162.55293336376405,159.839,6407.0,159.839,5492.0,159.118,2.490126,159.257,0.0,Null,Null,Null,Null,Null,Null,Null
2025-05-16 09:33:01,160.393,78.0986559,160.393,-49.8873573,160.547,40.3759812,160.547,-3.7045798,160.498,30.0,160.393,-0.06973,160.393,-0.3187668,160.393,-0.1347708,160.393,0.15039639999999999,160.145,-2.000779,160.393,169.28689239093924,160.293,6450.0,160.293,5566.0,159.118,2.490126,160.244,0.0,Null,Null,Null,Null,Null,Null,Null
2025-05-16 09:33:01.250000,160.684,78.0205299,160.684,-49.977202199999994,160.883,40.3759808,160.883,-3.7045809999999997,160.737,30.0,160.684,-0.1992283,160.684,-0.34865,160.684,0.21973499999999999,160.684,0.1103558,160.683,-2.026654,160.684,165.96375653207352,160.814,5409.0,160.814,6434.0,159.118,2.490126,160.244,0.0,Null,Null,Null,Null,Null,Null,Null
2025-05-16 09:33:01.500000,160.995,77.9892795,160.995,-50.067047099999996,161.278,40.375980299999995,161.278,-3.7045833,160.996,30.0,160.995,-0.0996132,160.995,-0.3586117,160.995,0.0849642,160.995,-0.004883,161.154,-2.020042,160.995,166.60764295470435,160.814,5409.0,160.814,6434.0,159.118,2.490126,161.277,0.0,Null,Null,Null,Null,Null,Null,Null
2025-05-16 09:33:02.250000,161.881,77.8877157,161.881,-50.1686109,161.936,40.3759796,161.936,-3.7045869999999996,161.733,30.0,161.881,-0.0597683,161.881,-0.34865,161.881,-0.0986366,161.881,0.234384,161.664,-2.000824,161.881,168.9590159809991,161.786,6324.0,161.786,5473.0,159.118,2.490126,161.277,0.0,Null,Null,Null,Null,Null,Null,Null
2025-05-16 09:33:02.750000,162.18,77.8603716,162.18,-50.37955109999999,162.343,40.3759793,162.343,-3.7045882,162.233,30.0,162.18,-0.1593834,162.18,-0.4781502,162.18,0.0302746,162.18,0.2168052,162.149,-1.966928,162.18,164.98173640203507,162.341,5859.0,162.341,5910.0,159.118,2.490126,162.232,0.0,Null,Null,Null,Null,Null,Null,Null
2025-05-16 09:33:03,162.453,77.82912119999999,162.453,-50.488927499999996,162.685,40.375979,162.685,-3.7045896999999997,162.492,30.0,162.453,-0.1095749,162.453,-0.4482651,162.453,-0.0517598,162.453,0.16895179999999999,162.149,-1.966928,162.453,180.0,162.341,5859.0,162.341,5910.0,159.118,2.490126,162.232,0.0,Null,Null,Null,Null,Null,Null,Null
2025-05-16 09:33:03.250000,162.808,77.79005819999999,162.808,-50.5904913,162.995,40.3759783,162.995,-3.7045925,162.738,30.0,162.808,-0.1195366,162.808,-0.4283417,162.808,0.0664088,162.808,0.1328176,162.687,-1.918445,162.808,163.44306797906154,162.807,5964.0,162.807,5800.0,159.118,2.490126,162.232,0.0,Null,Null,Null,Null,Null,Null,Null
2025-05-16 09:33:03.750000,163.083,77.75099519999999,163.083,-50.6803362,163.341,40.3759782,163.341,-3.7045939,163.295,30.0,163.083,-0.1195366,163.083,-0.5080334,163.083,-0.0273448,163.083,0.1230516,163.151,-1.853514,163.083,169.3804272017018,163.298,6224.0,163.298,5435.0,159.118,2.490126,163.293,0.0,Null,Null,Null,Null,Null,Null,Null
2025-05-16 09:33:04,163.38,77.7392763,163.38,-50.777993699999996,163.69,40.375977999999996,163.69,-3.7045966,163.474,30.0,163.38,-0.0796917,163.38,-0.4781502,163.38,-0.166022,163.38,0.1972732,163.69,-1.786424,163.38,178.75484222024684,163.298,6224.0,163.298,5435.0,163.586,2.496315,163.293,0.0,Null,Null,Null,Null,Null,Null,Null
2025-05-16 09:33:04.500000,163.981,77.70021329999999,163.981,-50.957683499999995,164.029,40.375977899999995,164.029,-3.7045979,163.983,30.0,163.981,-0.0597683,163.981,-0.4980717,163.981,-0.09375359999999999,163.981,0.1259814,163.69,-1.786424,163.981,163.00930781736082,163.799,6556.0,163.799,5177.0,163.586,2.496315,163.293,0.0,Null,Null,Null,Null,Null,Null,Null
2025-05-16 09:33:04.750000,164.301,77.6884944,164.301,-51.059247299999996,164.38,40.3759778,164.38,-3.7045991999999996,164.226,30.0,164.301,-0.0298832,164.301,-0.41838000000000003,164.301,0.1015664,164.301,0.1982498,164.152,-1.724172,164.301,180.0,164.3,6578.0,164.3,5185.0,163.586,2.496315,164.225,0.0,Null,Null,Null,Null,Null,Null,Null
2025-05-16 09:33:05,164.572,77.6689629,164.572,-51.1686237,164.777,40.3759776,164.777,-3.7046017,164.471,30.0,164.572,-0.0099598,164.572,-0.38849680000000003,164.572,0.0996132,164.572,-0.0126958,164.655,-1.682199,164.572,-172.87508452785667,164.3,6578.0,164.3,5185.0,163.586,2.496315,164.225,0.0,Null,Null,Null,Null,Null,Null,Null
2025-05-16 09:33:05.500000,164.877,77.6689629,164.877,-51.2701875,165.076,40.3759776,165.076,-3.7046026999999997,164.952,30.0,164.877,-0.0099598,164.877,-0.38849680000000003,164.877,-0.0712918,164.877,0.302746,164.655,-1.682199,164.877,178.49281381549906,164.78,6789.0,164.78,5110.0,163.586,2.496315,164.225,0.0,Null,Null,Null,Null,Null,Null,Null
2025-05-16 09:33:05.750000,165.163,77.68068179999999,165.163,-51.379563899999994,165.489,40.3759777,165.489,-3.7046037,165.227,30.0,165.163,0.0,165.163,-0.3685734,165.163,0.1328176,165.163,-0.112309,165.153,-1.658233,165.163,-170.75389301225738,165.257,7092.0,165.257,4882.0,163.586,2.496315,165.227,0.0,Null,Null,Null,Null,Null,Null,Null
2025-05-16 09:33:06.250000,165.822,77.68068179999999,165.822,-51.610035599999996,165.822,40.3759777,165.822,-3.7046059999999996,165.714,30.0,165.822,-0.0398449,165.822,-0.5080334,165.822,-0.0429704,165.822,0.053713,165.658,-1.659449,165.822,-163.5400371040631,165.821,6699.0,165.821,5069.0,163.586,2.496315,165.227,0.0,Null,Null,Null,Null,Null,Null,Null
2025-05-16 09:33:06.500000,166.068,77.6689629,166.068,-51.610035599999996,166.149,40.3759776,166.149,-3.7046074,165.947,30.0,166.068,-0.0298832,166.068,-0.4383034,166.068,-0.1035196,166.068,0.0351576,165.658,-1.659449,166.068,-163.8866415390188,165.821,6699.0,165.821,5069.0,163.586,2.496315,165.227,0.0,Null,Null,Null,Null,Null,Null,Null
2025-05-16 09:33:06.750000,166.365,77.68068179999999,166.365,-51.8405073,166.482,40.3759777,166.482,-3.7046083999999997,166.234,30.0,166.365,0.0398449,166.365,-0.3586117,166.365,0.0371108,166.365,0.0175788,166.15,-1.674942,166.365,-161.1752798676127,166.296,7271.0,166.296,4607.0,163.586,2.496315,166.233,0.0,Null,Null,Null,Null,Null,Null,Null
2025-05-16 09:33:07.250000,166.664,77.6884944,166.664,-51.957696299999995,166.842,40.3759778,166.842,-3.7046107,166.715,30.0,166.664,0.0,166.664,-0.4084183,166.664,-0.1328176,166.664,0.14649,166.664,-1.701836,166.664,-172.87508452785667,166.783,2235.0,166.783,4231.0,163.586,2.496315,166.233,0.0,Null,Null,Null,Null,Null,Null,Null
2025-05-16 09:33:07.500000,166.974,77.7080259,166.974,-52.059260099999996,167.167,40.375977899999995,167.167,-3.7046116999999996,166.975,30.0,166.974,0.0398449,166.974,-0.34865,166.974,-0.0078128,166.974,0.2714948,167.115,-1.666075,166.974,-167.00560832348896,166.783,2235.0,166.783,4231.0,163.586,2.496315,166.233,0.0,Null,Null,Null,Null,Null,Null,Null
