{
    "features": [
        {
            "geometry": {
                "coordinates": [
                    -3.7312836,
                    40.4370149
                ],
                "type": "Point"
            },
            "properties": {
                "Ah": 0.153535,
                "du_raw": -0.07519819999999999,
                "dv_raw": 0.156256,
                "fecha": "2025-05-28 16:27:08",
                "orientacion_raw": -0.109462,
                "t_Ah": 8.588,
                "t_T_L": 7.329,
                "t_T_R": 7.329,
                "t_du": 7.327,
                "t_dv": 7.327,
                "t_lat": 7.323,
                "t_lon": 7.323,
                "t_orientacion": 7.326,
                "t_u": 7.327,
                "t_utm_zone": 6.972,
                "t_v": 7.327,
                "t_x": 7.327,
                "t_y": 7.327,
                "throttle_L": -1050,
                "throttle_R": 1110,
                "u_raw": -0.0298832,
                "utm_zone": 30,
                "v_raw": 0.0597683,
                "x": 19.4494677,
                "y": 27.937857599999997
            },
            "type": "Feature"
        },
        {
            "geometry": {
                "coordinates": [
                    -3.7312816,
                    40.437014399999995
                ],
                "type": "Point"
            },
            "properties": {
                "Ah": 0.153535,
                "du_raw": -0.07519819999999999,
                "dv_raw": 0.156256,
                "fecha": "2025-05-28 16:27:08.250000",
                "orientacion_raw": -0.109462,
                "t_Ah": 8.588,
                "t_T_L": 7.329,
                "t_T_R": 7.329,
                "t_du": 7.327,
                "t_dv": 7.327,
                "t_lat": 7.42,
                "t_lon": 7.42,
                "t_orientacion": 7.326,
                "t_u": 7.327,
                "t_utm_zone": 7.329,
                "t_v": 7.327,
                "t_x": 7.327,
                "t_y": 7.327,
                "throttle_L": -1050,
                "throttle_R": 1110,
                "u_raw": -0.0298832,
                "utm_zone": 30,
                "v_raw": 0.0597683,
                "x": 19.4494677,
                "y": 28.0394214
            },
            "type": "Feature"
        },
        {
            "geometry": {
                "coordinates": [
                    -3.7312803,
                    40.4370141
                ],
                "type": "Point"
            },
            "properties": {
                "Ah": 0.153535,
                "du_raw": -0.046876799999999996,
                "dv_raw": -0.0332044,
                "fecha": "2025-05-28 16:27:08.500000",
                "orientacion_raw": -0.122781,
                "t_Ah": 8.588,
                "t_T_L": 7.329,
                "t_T_R": 7.329,
                "t_du": 7.483,
                "t_dv": 7.483,
                "t_lat": 7.722,
                "t_lon": 7.722,
                "t_orientacion": 7.641,
                "t_u": 7.483,
                "t_utm_zone": 7.484,
                "t_v": 7.483,
                "t_x": 7.483,
                "t_y": 7.483,
                "throttle_L": -1050,
                "throttle_R": 1110,
                "u_raw": -0.0498066,
                "utm_zone": 30,
                "v_raw": 0.0597683,
                "x": 19.4299362,
                "y": 28.156610399999998
            },
            "type": "Feature"
        },
        {
            "geometry": {
                "coordinates": [
                    -3.7312787999999997,
                    40.4370137
                ],
                "type": "Point"
            },
            "properties": {
                "Ah": 0.153535,
                "du_raw": -0.1728582,
                "dv_raw": 0.2089924,
                "fecha": "2025-05-28 16:27:09",
                "orientacion_raw": -0.122781,
                "t_Ah": 8.588,
                "t_T_L": 7.811,
                "t_T_R": 7.811,
                "t_du": 7.813,
                "t_dv": 7.813,
                "t_lat": 8.12,
                "t_lon": 8.12,
                "t_orientacion": 7.641,
                "t_u": 7.813,
                "t_utm_zone": 7.966,
                "t_v": 7.813,
                "t_x": 7.813,
                "t_y": 7.813,
                "throttle_L": -945,
                "throttle_R": 1005,
                "u_raw": -0.0597683,
                "utm_zone": 30,
                "v_raw": 0.0099598,
                "x": 19.3986858,
                "y": 28.289424599999997
            },
            "type": "Feature"
        },
        {
            "geometry": {
                "coordinates": [
                    -3.7312784,
                    40.4370137
                ],
                "type": "Point"
            },
            "properties": {
                "Ah": 0.153535,
                "du_raw": -0.0273448,
                "dv_raw": 0.034181,
                "fecha": "2025-05-28 16:27:09.250000",
                "orientacion_raw": -0.109979,
                "t_Ah": 8.588,
                "t_T_L": 8.265,
                "t_T_R": 8.265,
                "t_du": 8.416,
                "t_dv": 8.416,
                "t_lat": 8.417,
                "t_lon": 8.417,
                "t_orientacion": 8.126,
                "t_u": 8.416,
                "t_utm_zone": 8.213,
                "t_v": 8.416,
                "t_x": 8.416,
                "t_y": 8.416,
                "throttle_L": -930,
                "throttle_R": 990,
                "u_raw": 0.0199215,
                "utm_zone": 30,
                "v_raw": 0.0199215,
                "x": 19.3479039,
                "y": 28.316768699999997
            },
            "type": "Feature"
        },
        {
            "geometry": {
                "coordinates": [
                    -3.7312781,
                    40.437013799999995
                ],
                "type": "Point"
            },
            "properties": {
                "Ah": 0.153535,
                "du_raw": -0.0625024,
                "dv_raw": -0.0224618,
                "fecha": "2025-05-28 16:27:09.750000",
                "orientacion_raw": -0.097637,
                "t_Ah": 8.588,
                "t_T_L": 8.806,
                "t_T_R": 8.806,
                "t_du": 8.67,
                "t_dv": 8.67,
                "t_lat": 8.806,
                "t_lon": 8.806,
                "t_orientacion": 8.669,
                "t_u": 8.67,
                "t_utm_zone": 8.71,
                "t_v": 8.67,
                "t_x": 8.67,
                "t_y": 8.67,
                "throttle_L": -930,
                "throttle_R": 1020,
                "u_raw": 0.0199215,
                "utm_zone": 30,
                "v_raw": -0.0099598,
                "x": 19.359622799999997,
                "y": 28.340206499999997
            },
            "type": "Feature"
        },
        {
            "geometry": {
                "coordinates": [
                    -3.7312768999999997,
                    40.437014
                ],
                "type": "Point"
            },
            "properties": {
                "Ah": 0.153535,
                "du_raw": -0.0517598,
                "dv_raw": -0.0156256,
                "fecha": "2025-05-28 16:27:10",
                "orientacion_raw": -0.097637,
                "t_Ah": 8.588,
                "t_T_L": 8.806,
                "t_T_R": 8.806,
                "t_du": 8.979,
                "t_dv": 8.979,
                "t_lat": 9.156,
                "t_lon": 9.156,
                "t_orientacion": 8.669,
                "t_u": 8.979,
                "t_utm_zone": 8.98,
                "t_v": 8.979,
                "t_x": 8.979,
                "t_y": 8.979,
                "throttle_L": -930,
                "throttle_R": 1020,
                "u_raw": 0.0298832,
                "utm_zone": 30,
                "v_raw": 0.0996132,
                "x": 19.3791543,
                "y": 28.387082099999997
            },
            "type": "Feature"
        },
        {
            "geometry": {
                "coordinates": [
                    -3.7312764,
                    40.437014
                ],
                "type": "Point"
            },
            "properties": {
                "Ah": 0.153535,
                "du_raw": -0.087894,
                "dv_raw": 0.0078128,
                "fecha": "2025-05-28 16:27:10.250000",
                "orientacion_raw": -0.087141,
                "t_Ah": 8.588,
                "t_T_L": 9.324,
                "t_T_R": 9.324,
                "t_du": 9.326,
                "t_dv": 9.326,
                "t_lat": 9.474,
                "t_lon": 9.474,
                "t_orientacion": 9.158,
                "t_u": 9.326,
                "t_utm_zone": 9.211,
                "t_v": 9.326,
                "t_x": 9.326,
                "t_y": 9.326,
                "throttle_L": -930,
                "throttle_R": 990,
                "u_raw": -0.0498066,
                "utm_zone": 30,
                "v_raw": 0.0298832,
                "x": 19.386966899999997,
                "y": 28.437863999999998
            },
            "type": "Feature"
        },
        {
            "geometry": {
                "coordinates": [
                    -3.731276,
                    40.4370141
                ],
                "type": "Point"
            },
            "properties": {
                "Ah": 0.153535,
                "du_raw": -0.0644556,
                "dv_raw": -0.0400406,
                "fecha": "2025-05-28 16:27:10.750000",
                "orientacion_raw": -0.072807,
                "t_Ah": 8.588,
                "t_T_L": 9.808,
                "t_T_R": 9.808,
                "t_du": 9.577,
                "t_dv": 9.577,
                "t_lat": 9.811,
                "t_lon": 9.811,
                "t_orientacion": 9.627,
                "t_u": 9.577,
                "t_utm_zone": 9.689,
                "t_v": 9.577,
                "t_x": 9.577,
                "t_y": 9.577,
                "throttle_L": 7854,
                "throttle_R": 9600,
                "u_raw": -0.0099598,
                "utm_zone": 30,
                "v_raw": 0.0398449,
                "x": 19.3986858,
                "y": 28.527708899999997
            },
            "type": "Feature"
        },
        {
            "geometry": {
                "coordinates": [
                    -3.7312749,
                    40.4370146
                ],
                "type": "Point"
            },
            "properties": {
                "Ah": 0.153535,
                "du_raw": 0.2304776,
                "dv_raw": 0.2207116,
                "fecha": "2025-05-28 16:27:11",
                "orientacion_raw": 0.028876,
                "t_Ah": 8.588,
                "t_T_L": 9.808,
                "t_T_R": 9.808,
                "t_du": 9.906,
                "t_dv": 9.906,
                "t_lat": 10.21,
                "t_lon": 10.21,
                "t_orientacion": 10.114,
                "t_u": 9.906,
                "t_utm_zone": 9.936,
                "t_v": 9.906,
                "t_x": 9.906,
                "t_y": 9.906,
                "throttle_L": 7854,
                "throttle_R": 9600,
                "u_raw": 0.06973,
                "utm_zone": 30,
                "v_raw": 0.0398449,
                "x": 19.4064984,
                "y": 28.5667719
            },
            "type": "Feature"
        },
        {
            "geometry": {
                "coordinates": [
                    -3.7312741,
                    40.4370152
                ],
                "type": "Point"
            },
            "properties": {
                "Ah": 0.153535,
                "du_raw": -0.0498066,
                "dv_raw": 0.1816476,
                "fecha": "2025-05-28 16:27:11.500000",
                "orientacion_raw": 0.028876,
                "t_Ah": 8.588,
                "t_T_L": 10.262,
                "t_T_R": 10.262,
                "t_du": 10.52,
                "t_dv": 10.52,
                "t_lat": 10.522,
                "t_lon": 10.522,
                "t_orientacion": 10.114,
                "t_u": 10.52,
                "t_utm_zone": 10.52,
                "t_v": 10.52,
                "t_x": 10.52,
                "t_y": 10.52,
                "throttle_L": 7854,
                "throttle_R": 9600,
                "u_raw": 0.3088051,
                "utm_zone": 30,
                "v_raw": 0.0597683,
                "x": 19.5197811,
                "y": 28.6175538
            },
            "type": "Feature"
        },
        {
            "geometry": {
                "coordinates": [
                    -3.7312718,
                    40.437016799999995
                ],
                "type": "Point"
            },
            "properties": {
                "Ah": 0.153535,
                "du_raw": -0.1298878,
                "dv_raw": -0.1669986,
                "fecha": "2025-05-28 16:27:11.750000",
                "orientacion_raw": 0.166557,
                "t_Ah": 8.588,
                "t_T_L": 10.809,
                "t_T_R": 10.809,
                "t_du": 10.81,
                "t_dv": 10.81,
                "t_lat": 10.898,
                "t_lon": 10.898,
                "t_orientacion": 10.63,
                "t_u": 10.81,
                "t_utm_zone": 10.704,
                "t_v": 10.81,
                "t_x": 10.81,
                "t_y": 10.81,
                "throttle_L": 7854,
                "throttle_R": 9600,
                "u_raw": 0.38849680000000003,
                "utm_zone": 30,
                "v_raw": 0.13946,
                "x": 19.597907099999997,
                "y": 28.6878672
            },
            "type": "Feature"
        },
        {
            "geometry": {
                "coordinates": [
                    -3.7312711,
                    40.4370176
                ],
                "type": "Point"
            },
            "properties": {
                "Ah": 0.153535,
                "du_raw": -0.0839876,
                "dv_raw": -0.0507832,
                "fecha": "2025-05-28 16:27:12",
                "orientacion_raw": 0.304676,
                "t_Ah": 8.588,
                "t_T_L": 10.809,
                "t_T_R": 10.809,
                "t_du": 11.121,
                "t_dv": 11.121,
                "t_lat": 11.217,
                "t_lon": 11.217,
                "t_orientacion": 11.125,
                "t_u": 11.121,
                "t_utm_zone": 10.974,
                "t_v": 11.121,
                "t_x": 11.121,
                "t_y": 11.121,
                "throttle_L": 7854,
                "throttle_R": 9600,
                "u_raw": 0.34865,
                "utm_zone": 30,
                "v_raw": 0.0498066,
                "x": 19.687752,
                "y": 28.789430999999997
            },
            "type": "Feature"
        },
        {
            "geometry": {
                "coordinates": [
                    -3.7312705999999998,
                    40.4370182
                ],
                "type": "Point"
            },
            "properties": {
                "Ah": 0.153535,
                "du_raw": -0.0556662,
                "dv_raw": 0.1552794,
                "fecha": "2025-05-28 16:27:12.500000",
                "orientacion_raw": 0.304676,
                "t_Ah": 8.588,
                "t_T_L": 11.254,
                "t_T_R": 11.254,
                "t_du": 11.402,
                "t_dv": 11.402,
                "t_lat": 11.557,
                "t_lon": 11.557,
                "t_orientacion": 11.125,
                "t_u": 11.402,
                "t_utm_zone": 11.458,
                "t_v": 11.402,
                "t_x": 11.402,
                "t_y": 11.402,
                "throttle_L": 7854,
                "throttle_R": 9600,
                "u_raw": 0.3088051,
                "utm_zone": 30,
                "v_raw": 0.1593834,
                "x": 19.8479103,
                "y": 28.879275899999996
            },
            "type": "Feature"
        },
        {
            "geometry": {
                "coordinates": [
                    -3.7312692999999997,
                    40.4370198
                ],
                "type": "Point"
            },
            "properties": {
                "Ah": 0.153535,
                "du_raw": -0.0986366,
                "dv_raw": 0.1308644,
                "fecha": "2025-05-28 16:27:12.750000",
                "orientacion_raw": 0.45826,
                "t_Ah": 8.588,
                "t_T_L": 11.754,
                "t_T_R": 11.754,
                "t_du": 11.661,
                "t_dv": 11.661,
                "t_lat": 11.92,
                "t_lon": 11.92,
                "t_orientacion": 11.66,
                "t_u": 11.661,
                "t_utm_zone": 11.701,
                "t_v": 11.661,
                "t_x": 11.661,
                "t_y": 11.661,
                "throttle_L": 7854,
                "throttle_R": 9600,
                "u_raw": 0.3984585,
                "utm_zone": 30,
                "v_raw": 0.1294983,
                "x": 19.929942599999997,
                "y": 28.9886523
            },
            "type": "Feature"
        },
        {
            "geometry": {
                "coordinates": [
                    -3.7312684999999997,
                    40.4370206
                ],
                "type": "Point"
            },
            "properties": {
                "Ah": 0.153535,
                "du_raw": -0.1162154,
                "dv_raw": -0.0068362,
                "fecha": "2025-05-28 16:27:13.250000",
                "orientacion_raw": 0.622049,
                "t_Ah": 8.588,
                "t_T_L": 12.296,
                "t_T_R": 12.296,
                "t_du": 11.966,
                "t_dv": 11.966,
                "t_lat": 12.297,
                "t_lon": 12.297,
                "t_orientacion": 12.116,
                "t_u": 11.966,
                "t_utm_zone": 12.178,
                "t_v": 11.966,
                "t_x": 11.966,
                "t_y": 11.966,
                "throttle_L": 7854,
                "throttle_R": 9600,
                "u_raw": 0.5179951,
                "utm_zone": 30,
                "v_raw": 0.0796917,
                "x": 20.027600099999997,
                "y": 29.0394342
            },
            "type": "Feature"
        },
        {
            "geometry": {
                "coordinates": [
                    -3.7312662999999997,
                    40.437022
                ],
                "type": "Point"
            },
            "properties": {
                "Ah": 0.153535,
                "du_raw": -0.1777412,
                "dv_raw": 0.07519819999999999,
                "fecha": "2025-05-28 16:27:13.500000",
                "orientacion_raw": 0.622049,
                "t_Ah": 8.588,
                "t_T_L": 12.296,
                "t_T_R": 12.296,
                "t_du": 12.562,
                "t_dv": 12.562,
                "t_lat": 12.662,
                "t_lon": 12.662,
                "t_orientacion": 12.116,
                "t_u": 12.562,
                "t_utm_zone": 12.445,
                "t_v": 12.562,
                "t_x": 12.562,
                "t_y": 12.562,
                "throttle_L": 7854,
                "throttle_R": 9600,
                "u_raw": 0.4084183,
                "utm_zone": 30,
                "v_raw": 0.2390751,
                "x": 20.2072899,
                "y": 29.0902161
            },
            "type": "Feature"
        },
        {
            "geometry": {
                "coordinates": [
                    -3.7312648,
                    40.4370224
                ],
                "type": "Point"
            },
            "properties": {
                "Ah": 0.153535,
                "du_raw": -0.185554,
                "dv_raw": 0.0322278,
                "fecha": "2025-05-28 16:27:13.750000",
                "orientacion_raw": 0.799629,
                "t_Ah": 8.588,
                "t_T_L": 12.753,
                "t_T_R": 12.753,
                "t_du": 12.89,
                "t_dv": 12.89,
                "t_lat": 12.964,
                "t_lon": 12.964,
                "t_orientacion": 12.664,
                "t_u": 12.89,
                "t_utm_zone": 12.677,
                "t_v": 12.89,
                "t_x": 12.89,
                "t_y": 12.89,
                "throttle_L": 7854,
                "throttle_R": 9600,
                "u_raw": 0.3287266,
                "utm_zone": 30,
                "v_raw": 0.2390751,
                "x": 20.316666299999998,
                "y": 29.1566232
            },
            "type": "Feature"
        },
        {
            "geometry": {
                "coordinates": [
                    -3.7312638,
                    40.4370231
                ],
                "type": "Point"
            },
            "properties": {
                "Ah": 0.165522,
                "du_raw": -0.0869174,
                "dv_raw": 0.2314542,
                "fecha": "2025-05-28 16:27:14.250000",
                "orientacion_raw": 1.007665,
                "t_Ah": 13.06,
                "t_T_L": 13.249,
                "t_T_R": 13.249,
                "t_du": 13.157,
                "t_dv": 13.157,
                "t_lat": 13.355,
                "t_lon": 13.355,
                "t_orientacion": 13.156,
                "t_u": 13.157,
                "t_utm_zone": 13.196,
                "t_v": 13.157,
                "t_x": 13.157,
                "t_y": 13.157,
                "throttle_L": 7854,
                "throttle_R": 9600,
                "u_raw": 0.3984585,
                "utm_zone": 30,
                "v_raw": 0.4283417,
                "x": 20.3986986,
                "y": 29.2269366
            },
            "type": "Feature"
        },
        {
            "geometry": {
                "coordinates": [
                    -3.7312618,
                    40.4370244
                ],
                "type": "Point"
            },
            "properties": {
                "Ah": 0.165522,
                "du_raw": -0.0419938,
                "dv_raw": 0.28223739999999997,
                "fecha": "2025-05-28 16:27:14.500000",
                "orientacion_raw": 1.230239,
                "t_Ah": 13.06,
                "t_T_L": 13.249,
                "t_T_R": 13.249,
                "t_du": 13.46,
                "t_dv": 13.46,
                "t_lat": 13.664,
                "t_lon": 13.664,
                "t_orientacion": 13.605,
                "t_u": 13.46,
                "t_utm_zone": 13.46,
                "t_v": 13.46,
                "t_x": 13.46,
                "t_y": 13.46,
                "throttle_L": 7854,
                "throttle_R": 9600,
                "u_raw": 0.34865,
                "utm_zone": 30,
                "v_raw": 0.38849680000000003,
                "x": 20.4885435,
                "y": 29.4691272
            },
            "type": "Feature"
        },
        {
            "geometry": {
                "coordinates": [
                    -3.7312611999999996,
                    40.4370246
                ],
                "type": "Point"
            },
            "properties": {
                "Ah": 0.165522,
                "du_raw": -0.361342,
                "dv_raw": -0.0400406,
                "fecha": "2025-05-28 16:27:15",
                "orientacion_raw": 1.230239,
                "t_Ah": 13.06,
                "t_T_L": 13.798,
                "t_T_R": 13.798,
                "t_du": 13.799,
                "t_dv": 13.799,
                "t_lat": 13.999,
                "t_lon": 13.999,
                "t_orientacion": 13.605,
                "t_u": 13.799,
                "t_utm_zone": 13.925,
                "t_v": 13.799,
                "t_x": 13.799,
                "t_y": 13.799,
                "throttle_L": 7854,
                "throttle_R": 9600,
                "u_raw": 0.2689583,
                "utm_zone": 30,
                "v_raw": 0.48811,
                "x": 20.5393254,
                "y": 29.5589721
            },
            "type": "Feature"
        },
        {
            "geometry": {
                "coordinates": [
                    -3.7312596,
                    40.4370252
                ],
                "type": "Point"
            },
            "properties": {
                "Ah": 0.165522,
                "du_raw": -0.209969,
                "dv_raw": 0.1533262,
                "fecha": "2025-05-28 16:27:15.250000",
                "orientacion_raw": 1.473298,
                "t_Ah": 13.06,
                "t_T_L": 14.247,
                "t_T_R": 14.247,
                "t_du": 14.052,
                "t_dv": 14.052,
                "t_lat": 14.4,
                "t_lon": 14.4,
                "t_orientacion": 14.12,
                "t_u": 14.052,
                "t_utm_zone": 14.194,
                "t_v": 14.052,
                "t_x": 14.052,
                "t_y": 14.052,
                "throttle_L": 7854,
                "throttle_R": 9600,
                "u_raw": 0.2888817,
                "utm_zone": 30,
                "v_raw": 0.5080334,
                "x": 20.5588569,
                "y": 29.6370981
            },
            "type": "Feature"
        },
        {
            "geometry": {
                "coordinates": [
                    -3.7312589,
                    40.4370255
                ],
                "type": "Point"
            },
            "properties": {
                "Ah": 0.165522,
                "du_raw": -0.2802842,
                "dv_raw": 0.0312512,
                "fecha": "2025-05-28 16:27:15.750000",
                "orientacion_raw": 1.731668,
                "t_Ah": 13.06,
                "t_T_L": 14.247,
                "t_T_R": 14.247,
                "t_du": 14.653,
                "t_dv": 14.653,
                "t_lat": 14.699,
                "t_lon": 14.699,
                "t_orientacion": 14.652,
                "t_u": 14.653,
                "t_utm_zone": 14.699,
                "t_v": 14.653,
                "t_x": 14.653,
                "t_y": 14.653,
                "throttle_L": 7854,
                "throttle_R": 9600,
                "u_raw": 0.0597683,
                "utm_zone": 30,
                "v_raw": 0.5379185,
                "x": 20.6565144,
                "y": 29.726943
            },
            "type": "Feature"
        },
        {
            "geometry": {
                "coordinates": [
                    -3.7312588,
                    40.4370256
                ],
                "type": "Point"
            },
            "properties": {
                "Ah": 0.165522,
                "du_raw": -0.3681782,
                "dv_raw": 0.190437,
                "fecha": "2025-05-28 16:27:16",
                "orientacion_raw": 1.731668,
                "t_Ah": 13.06,
                "t_T_L": 14.747,
                "t_T_R": 14.747,
                "t_du": 14.978,
                "t_dv": 14.978,
                "t_lat": 15.044,
                "t_lon": 15.044,
                "t_orientacion": 14.652,
                "t_u": 14.978,
                "t_utm_zone": 14.979,
                "t_v": 14.978,
                "t_x": 14.978,
                "t_y": 14.978,
                "throttle_L": 7829,
                "throttle_R": 9600,
                "u_raw": -0.0996132,
                "utm_zone": 30,
                "v_raw": 0.4482651,
                "x": 20.668233299999997,
                "y": 29.7777249
            },
            "type": "Feature"
        },
        {
            "geometry": {
                "coordinates": [
                    -3.7312581,
                    40.4370251
                ],
                "type": "Point"
            },
            "properties": {
                "Ah": 0.165522,
                "du_raw": -0.434587,
                "dv_raw": 0.0410172,
                "fecha": "2025-05-28 16:27:16.250000",
                "orientacion_raw": 1.984424,
                "t_Ah": 13.06,
                "t_T_L": 15.261,
                "t_T_R": 15.261,
                "t_du": 15.264,
                "t_dv": 15.264,
                "t_lat": 15.392,
                "t_lon": 15.392,
                "t_orientacion": 15.096,
                "t_u": 15.264,
                "t_utm_zone": 15.188,
                "t_v": 15.264,
                "t_x": 15.264,
                "t_y": 15.264,
                "throttle_L": 7829,
                "throttle_R": 9600,
                "u_raw": -0.13946,
                "utm_zone": 30,
                "v_raw": 0.4781502,
                "x": 20.648701799999998,
                "y": 29.9183517
            },
            "type": "Feature"
        },
        {
            "geometry": {
                "coordinates": [
                    -3.731258,
                    40.4370249
                ],
                "type": "Point"
            },
            "properties": {
                "Ah": 0.165522,
                "du_raw": -0.3349738,
                "dv_raw": 0.205086,
                "fecha": "2025-05-28 16:27:16.750000",
                "orientacion_raw": 2.227406,
                "t_Ah": 13.06,
                "t_T_L": 15.793,
                "t_T_R": 15.793,
                "t_du": 15.553,
                "t_dv": 15.553,
                "t_lat": 15.795,
                "t_lon": 15.795,
                "t_orientacion": 15.613,
                "t_u": 15.553,
                "t_utm_zone": 15.688,
                "t_v": 15.553,
                "t_x": 15.553,
                "t_y": 15.553,
                "throttle_L": 7854,
                "throttle_R": 9600,
                "u_raw": -0.0996132,
                "utm_zone": 30,
                "v_raw": 0.5179951,
                "x": 20.6174514,
                "y": 29.9691336
            },
            "type": "Feature"
        },
        {
            "geometry": {
                "coordinates": [
                    -3.7312575999999997,
                    40.4370245
                ],
                "type": "Point"
            },
            "properties": {
                "Ah": 0.165522,
                "du_raw": -0.4433764,
                "dv_raw": 0.0517598,
                "fecha": "2025-05-28 16:27:17",
                "orientacion_raw": 2.227406,
                "t_Ah": 13.06,
                "t_T_L": 15.793,
                "t_T_R": 15.793,
                "t_du": 15.881,
                "t_dv": 15.881,
                "t_lat": 16.132,
                "t_lon": 16.132,
                "t_orientacion": 15.613,
                "t_u": 15.881,
                "t_utm_zone": 15.95,
                "t_v": 15.881,
                "t_x": 15.881,
                "t_y": 15.881,
                "throttle_L": 7854,
                "throttle_R": 9600,
                "u_raw": -0.3088051,
                "utm_zone": 30,
                "v_raw": 0.4084183,
                "x": 20.547137999999997,
                "y": 29.9886651
            },
            "type": "Feature"
        },
        {
            "geometry": {
                "coordinates": [
                    -3.7312567,
                    40.4370234
                ],
                "type": "Point"
            },
            "properties": {
                "Ah": 0.165522,
                "du_raw": -0.2236414,
                "dv_raw": 0.16895179999999999,
                "fecha": "2025-05-28 16:27:17.250000",
                "orientacion_raw": 2.4685,
                "t_Ah": 13.06,
                "t_T_L": 16.252,
                "t_T_R": 16.252,
                "t_du": 16.136,
                "t_dv": 16.136,
                "t_lat": 16.47,
                "t_lon": 16.47,
                "t_orientacion": 16.135,
                "t_u": 16.136,
                "t_utm_zone": 16.189,
                "t_v": 16.136,
                "t_x": 16.136,
                "t_y": 16.136,
                "throttle_L": 7854,
                "throttle_R": 9600,
                "u_raw": -0.2888817,
                "utm_zone": 30,
                "v_raw": 0.2888817,
                "x": 20.500262399999997,
                "y": 29.9886651
            },
            "type": "Feature"
        },
        {
            "geometry": {
                "coordinates": [
                    -3.7312575,
                    40.437022299999995
                ],
                "type": "Point"
            },
            "properties": {
                "Ah": 0.165522,
                "du_raw": -0.2265712,
                "dv_raw": -0.0273448,
                "fecha": "2025-05-28 16:27:17.750000",
                "orientacion_raw": 2.696139,
                "t_Ah": 13.06,
                "t_T_L": 16.788,
                "t_T_R": 16.788,
                "t_du": 16.79,
                "t_dv": 16.79,
                "t_lat": 16.793,
                "t_lon": 16.793,
                "t_orientacion": 16.615,
                "t_u": 16.79,
                "t_utm_zone": 16.685,
                "t_v": 16.79,
                "t_x": 16.79,
                "t_y": 16.79,
                "throttle_L": 7854,
                "throttle_R": 9600,
                "u_raw": -0.3187668,
                "utm_zone": 30,
                "v_raw": 0.2589966,
                "x": 20.3088537,
                "y": 30.039447
            },
            "type": "Feature"
        },
        {
            "geometry": {
                "coordinates": [
                    -3.7312585,
                    40.437019899999996
                ],
                "type": "Point"
            },
            "properties": {
                "Ah": 0.165522,
                "du_raw": 0.0712918,
                "dv_raw": 0.0039064,
                "fecha": "2025-05-28 16:27:18",
                "orientacion_raw": 2.919807,
                "t_Ah": 13.06,
                "t_T_L": 16.788,
                "t_T_R": 16.788,
                "t_du": 17.032,
                "t_dv": 17.032,
                "t_lat": 17.151,
                "t_lon": 17.151,
                "t_orientacion": 17.086,
                "t_u": 17.032,
                "t_utm_zone": 16.916,
                "t_v": 17.032,
                "t_x": 17.032,
                "t_y": 17.032,
                "throttle_L": 7854,
                "throttle_R": 9600,
                "u_raw": -0.4084183,
                "utm_zone": 30,
                "v_raw": 0.20919000000000001,
                "x": 20.199477299999998,
                "y": 30.090228899999996
            },
            "type": "Feature"
        },
        {
            "geometry": {
                "coordinates": [
                    -3.7312589999999997,
                    40.437018599999995
                ],
                "type": "Point"
            },
            "properties": {
                "Ah": 0.165522,
                "du_raw": -0.170905,
                "dv_raw": 0.0869174,
                "fecha": "2025-05-28 16:27:18.500000",
                "orientacion_raw": 2.919807,
                "t_Ah": 13.06,
                "t_T_L": 17.24,
                "t_T_R": 17.24,
                "t_du": 17.382,
                "t_dv": 17.382,
                "t_lat": 17.481,
                "t_lon": 17.481,
                "t_orientacion": 17.086,
                "t_u": 17.382,
                "t_utm_zone": 17.427,
                "t_v": 17.382,
                "t_x": 17.382,
                "t_y": 17.382,
                "throttle_L": 7854,
                "throttle_R": 9600,
                "u_raw": -0.4781502,
                "utm_zone": 30,
                "v_raw": 0.0796917,
                "x": 19.8986922,
                "y": 30.148823399999998
            },
            "type": "Feature"
        },
        {
            "geometry": {
                "coordinates": [
                    -3.7312594,
                    40.4370172
                ],
                "type": "Point"
            },
            "properties": {
                "Ah": 0.180792,
                "du_raw": 0.1377006,
                "dv_raw": -0.1054728,
                "fecha": "2025-05-28 16:27:18.750000",
                "orientacion_raw": -3.141551,
                "t_Ah": 17.556,
                "t_T_L": 17.734,
                "t_T_R": 17.734,
                "t_du": 17.643,
                "t_dv": 17.643,
                "t_lat": 17.874,
                "t_lon": 17.874,
                "t_orientacion": 17.642,
                "t_u": 17.643,
                "t_utm_zone": 17.68,
                "t_v": 17.643,
                "t_x": 17.643,
                "t_y": 17.643,
                "throttle_L": 7854,
                "throttle_R": 9600,
                "u_raw": -0.6674168,
                "utm_zone": 30,
                "v_raw": 0,
                "x": 19.7385339,
                "y": 30.156636
            },
            "type": "Feature"
        },
        {
            "geometry": {
                "coordinates": [
                    -3.7312602,
                    40.437014999999995
                ],
                "type": "Point"
            },
            "properties": {
                "Ah": 0.180792,
                "du_raw": -0.2949332,
                "dv_raw": -0.0898472,
                "fecha": "2025-05-28 16:27:19",
                "orientacion_raw": -2.915578,
                "t_Ah": 17.556,
                "t_T_L": 17.734,
                "t_T_R": 17.734,
                "t_du": 17.951,
                "t_dv": 17.951,
                "t_lat": 18.183,
                "t_lon": 18.183,
                "t_orientacion": 18.101,
                "t_u": 17.951,
                "t_utm_zone": 17.953,
                "t_v": 17.951,
                "t_x": 17.951,
                "t_y": 17.951,
                "throttle_L": 7854,
                "throttle_R": 9600,
                "u_raw": -0.3984585,
                "utm_zone": 30,
                "v_raw": 0.06973,
                "x": 19.609626,
                "y": 30.090228899999996
            },
            "type": "Feature"
        },
        {
            "geometry": {
                "coordinates": [
                    -3.731261,
                    40.4370141
                ],
                "type": "Point"
            },
            "properties": {
                "Ah": 0.180792,
                "du_raw": 0.0507832,
                "dv_raw": -0.0205086,
                "fecha": "2025-05-28 16:27:19.500000",
                "orientacion_raw": -2.915578,
                "t_Ah": 17.556,
                "t_T_L": 18.276,
                "t_T_R": 18.276,
                "t_du": 18.279,
                "t_dv": 18.279,
                "t_lat": 18.579,
                "t_lon": 18.579,
                "t_orientacion": 18.101,
                "t_u": 18.279,
                "t_utm_zone": 18.441,
                "t_v": 18.279,
                "t_x": 18.279,
                "t_y": 18.279,
                "throttle_L": 7805,
                "throttle_R": 9600,
                "u_raw": -0.5080334,
                "utm_zone": 30,
                "v_raw": -0.13946,
                "x": 19.5002496,
                "y": 30.066791099999996
            },
            "type": "Feature"
        },
        {
            "geometry": {
                "coordinates": [
                    -3.7312635999999997,
                    40.437011399999996
                ],
                "type": "Point"
            },
            "properties": {
                "Ah": 0.180792,
                "du_raw": -0.0263682,
                "dv_raw": -0.351576,
                "fecha": "2025-05-28 16:27:19.750000",
                "orientacion_raw": -2.68711,
                "t_Ah": 17.556,
                "t_T_L": 18.741,
                "t_T_R": 18.741,
                "t_du": 18.889,
                "t_dv": 18.889,
                "t_lat": 18.891,
                "t_lon": 18.891,
                "t_orientacion": 18.618,
                "t_u": 18.889,
                "t_utm_zone": 18.676,
                "t_v": 18.889,
                "t_x": 18.889,
                "t_y": 18.889,
                "throttle_L": 7805,
                "throttle_R": 9600,
                "u_raw": -0.48811,
                "utm_zone": 30,
                "v_raw": -0.41838000000000003,
                "x": 19.0979007,
                "y": 29.957414699999998
            },
            "type": "Feature"
        },
        {
            "geometry": {
                "coordinates": [
                    -3.7312648,
                    40.4370103
                ],
                "type": "Point"
            },
            "properties": {
                "Ah": 0.180792,
                "du_raw": 0.1113324,
                "dv_raw": -0.1796944,
                "fecha": "2025-05-28 16:27:20.250000",
                "orientacion_raw": -2.45766,
                "t_Ah": 17.556,
                "t_T_L": 19.238,
                "t_T_R": 19.238,
                "t_du": 19.147,
                "t_dv": 19.147,
                "t_lat": 19.238,
                "t_lon": 19.238,
                "t_orientacion": 19.081,
                "t_u": 19.147,
                "t_utm_zone": 19.173,
                "t_v": 19.147,
                "t_x": 19.147,
                "t_y": 19.147,
                "throttle_L": 7755,
                "throttle_R": 9600,
                "u_raw": -0.5179951,
                "utm_zone": 30,
                "v_raw": -0.2589966,
                "x": 18.9768054,
                "y": 29.930070599999997
            },
            "type": "Feature"
        },
        {
            "geometry": {
                "coordinates": [
                    -3.7312673,
                    40.4370085
                ],
                "type": "Point"
            },
            "properties": {
                "Ah": 0.180792,
                "du_raw": 0.0947302,
                "dv_raw": -0.2568458,
                "fecha": "2025-05-28 16:27:20.500000",
                "orientacion_raw": -2.45766,
                "t_Ah": 17.556,
                "t_T_L": 19.238,
                "t_T_R": 19.238,
                "t_du": 19.439,
                "t_dv": 19.439,
                "t_lat": 19.618,
                "t_lon": 19.618,
                "t_orientacion": 19.081,
                "t_u": 19.439,
                "t_utm_zone": 19.44,
                "t_v": 19.439,
                "t_x": 19.439,
                "t_y": 19.439,
                "throttle_L": 7755,
                "throttle_R": 9600,
                "u_raw": -0.4383034,
                "utm_zone": 30,
                "v_raw": -0.3685734,
                "x": 18.867428999999998,
                "y": 29.906632799999997
            },
            "type": "Feature"
        },
        {
            "geometry": {
                "coordinates": [
                    -3.7312686,
                    40.437008
                ],
                "type": "Point"
            },
            "properties": {
                "Ah": 0.180792,
                "du_raw": 0.444353,
                "dv_raw": 0.092777,
                "fecha": "2025-05-28 16:27:20.750000",
                "orientacion_raw": -2.229045,
                "t_Ah": 17.556,
                "t_T_L": 19.77,
                "t_T_R": 19.77,
                "t_du": 19.773,
                "t_dv": 19.773,
                "t_lat": 19.942,
                "t_lon": 19.942,
                "t_orientacion": 19.622,
                "t_u": 19.773,
                "t_utm_zone": 19.676,
                "t_v": 19.773,
                "t_x": 19.773,
                "t_y": 19.773,
                "throttle_L": 7805,
                "throttle_R": 9600,
                "u_raw": -0.3088051,
                "utm_zone": 30,
                "v_raw": -0.5179951,
                "x": 18.769771499999997,
                "y": 29.8675698
            },
            "type": "Feature"
        },
        {
            "geometry": {
                "coordinates": [
                    -3.7312697,
                    40.437007699999995
                ],
                "type": "Point"
            },
            "properties": {
                "Ah": 0.180792,
                "du_raw": 0.29298,
                "dv_raw": -0.117192,
                "fecha": "2025-05-28 16:27:21.250000",
                "orientacion_raw": -1.988321,
                "t_Ah": 17.556,
                "t_T_L": 20.224,
                "t_T_R": 20.224,
                "t_du": 20.027,
                "t_dv": 20.027,
                "t_lat": 20.327,
                "t_lon": 20.327,
                "t_orientacion": 20.077,
                "t_u": 20.027,
                "t_utm_zone": 20.152,
                "t_v": 20.027,
                "t_x": 20.027,
                "t_y": 20.027,
                "throttle_L": 7805,
                "throttle_R": 9600,
                "u_raw": -0.3187668,
                "utm_zone": 30,
                "v_raw": -0.48811,
                "x": 18.718989599999997,
                "y": 29.789443799999997
            },
            "type": "Feature"
        },
        {
            "geometry": {
                "coordinates": [
                    -3.7312719,
                    40.4370073
                ],
                "type": "Point"
            },
            "properties": {
                "Ah": 0.180792,
                "du_raw": 0.3310674,
                "dv_raw": 0.1298878,
                "fecha": "2025-05-28 16:27:21.500000",
                "orientacion_raw": -1.745959,
                "t_Ah": 17.556,
                "t_T_L": 20.224,
                "t_T_R": 20.224,
                "t_du": 20.336,
                "t_dv": 20.336,
                "t_lat": 20.631,
                "t_lon": 20.631,
                "t_orientacion": 20.63,
                "t_u": 20.336,
                "t_utm_zone": 20.428,
                "t_v": 20.336,
                "t_x": 20.336,
                "t_y": 20.336,
                "throttle_L": 7805,
                "throttle_R": 9600,
                "u_raw": -0.1793049,
                "utm_zone": 30,
                "v_raw": -0.48811,
                "x": 18.656488799999998,
                "y": 29.578503599999998
            },
            "type": "Feature"
        },
        {
            "geometry": {
                "coordinates": [
                    -3.7312733,
                    40.4370073
                ],
                "type": "Point"
            },
            "properties": {
                "Ah": 0.180792,
                "du_raw": 0.4902532,
                "dv_raw": 0.3964996,
                "fecha": "2025-05-28 16:27:22",
                "orientacion_raw": -1.745959,
                "t_Ah": 17.556,
                "t_T_L": 20.724,
                "t_T_R": 20.724,
                "t_du": 20.975,
                "t_dv": 20.975,
                "t_lat": 20.981,
                "t_lon": 20.981,
                "t_orientacion": 20.63,
                "t_u": 20.975,
                "t_utm_zone": 20.978,
                "t_v": 20.975,
                "t_x": 20.975,
                "t_y": 20.975,
                "throttle_L": 7780,
                "throttle_R": 9600,
                "u_raw": -0.0099598,
                "utm_zone": 30,
                "v_raw": -0.5877251,
                "x": 18.6369573,
                "y": 29.4691272
            },
            "type": "Feature"
        },
        {
            "geometry": {
                "coordinates": [
                    -3.7312759,
                    40.4370079
                ],
                "type": "Point"
            },
            "properties": {
                "Ah": 0.180792,
                "du_raw": 0.4062656,
                "dv_raw": 0.4218912,
                "fecha": "2025-05-28 16:27:22.250000",
                "orientacion_raw": -1.482932,
                "t_Ah": 17.556,
                "t_T_L": 21.271,
                "t_T_R": 21.271,
                "t_du": 21.275,
                "t_dv": 21.275,
                "t_lat": 21.353,
                "t_lon": 21.353,
                "t_orientacion": 21.089,
                "t_u": 21.275,
                "t_utm_zone": 21.165,
                "t_v": 21.275,
                "t_x": 21.275,
                "t_y": 21.275,
                "throttle_L": 7854,
                "throttle_R": 9600,
                "u_raw": 0.06973,
                "utm_zone": 30,
                "v_raw": -0.5578419,
                "x": 18.6682077,
                "y": 29.379282299999996
            },
            "type": "Feature"
        },
        {
            "geometry": {
                "coordinates": [
                    -3.7312771999999996,
                    40.437008299999995
                ],
                "type": "Point"
            },
            "properties": {
                "Ah": 0.180792,
                "du_raw": 0.581077,
                "dv_raw": 0.1962966,
                "fecha": "2025-05-28 16:27:22.500000",
                "orientacion_raw": -1.216111,
                "t_Ah": 17.556,
                "t_T_L": 21.271,
                "t_T_R": 21.271,
                "t_du": 21.523,
                "t_dv": 21.523,
                "t_lat": 21.67,
                "t_lon": 21.67,
                "t_orientacion": 21.589,
                "t_u": 21.523,
                "t_utm_zone": 21.439,
                "t_v": 21.523,
                "t_x": 21.523,
                "t_y": 21.523,
                "throttle_L": 7854,
                "throttle_R": 9600,
                "u_raw": 0.1294983,
                "utm_zone": 30,
                "v_raw": -0.41838000000000003,
                "x": 18.7072707,
                "y": 29.258187
            },
            "type": "Feature"
        },
        {
            "geometry": {
                "coordinates": [
                    -3.7312784,
                    40.437008899999995
                ],
                "type": "Point"
            },
            "properties": {
                "Ah": 0.180792,
                "du_raw": 0.4922064,
                "dv_raw": 0.6308836,
                "fecha": "2025-05-28 16:27:23",
                "orientacion_raw": -1.216111,
                "t_Ah": 17.556,
                "t_T_L": 21.723,
                "t_T_R": 21.723,
                "t_du": 21.862,
                "t_dv": 21.862,
                "t_lat": 22.016,
                "t_lon": 22.016,
                "t_orientacion": 21.589,
                "t_u": 21.862,
                "t_utm_zone": 21.917,
                "t_v": 21.862,
                "t_x": 21.862,
                "t_y": 21.862,
                "throttle_L": 7707,
                "throttle_R": 9600,
                "u_raw": 0.1892666,
                "utm_zone": 30,
                "v_raw": -0.38849680000000003,
                "x": 18.7580526,
                "y": 29.148810599999997
            },
            "type": "Feature"
        },
        {
            "geometry": {
                "coordinates": [
                    -3.7312803999999997,
                    40.4370105
                ],
                "type": "Point"
            },
            "properties": {
                "Ah": 0.195893,
                "du_raw": 0.371108,
                "dv_raw": 0.4502126,
                "fecha": "2025-05-28 16:27:23.250000",
                "orientacion_raw": -0.933827,
                "t_Ah": 22.032,
                "t_T_L": 22.216,
                "t_T_R": 22.216,
                "t_du": 22.133,
                "t_dv": 22.133,
                "t_lat": 22.373,
                "t_lon": 22.373,
                "t_orientacion": 22.132,
                "t_u": 22.133,
                "t_utm_zone": 22.161,
                "t_v": 22.133,
                "t_x": 22.133,
                "t_y": 22.133,
                "throttle_L": 7805,
                "throttle_R": 9600,
                "u_raw": 0.2888817,
                "utm_zone": 30,
                "v_raw": -0.3088051,
                "x": 18.906492,
                "y": 28.9495893
            },
            "type": "Feature"
        },
        {
            "geometry": {
                "coordinates": [
                    -3.7312811999999997,
                    40.4370116
                ],
                "type": "Point"
            },
            "properties": {
                "Ah": 0.195893,
                "du_raw": 0.5781472,
                "dv_raw": 0.483417,
                "fecha": "2025-05-28 16:27:23.750000",
                "orientacion_raw": -0.631173,
                "t_Ah": 22.032,
                "t_T_L": 22.766,
                "t_T_R": 22.766,
                "t_du": 22.434,
                "t_dv": 22.434,
                "t_lat": 22.768,
                "t_lon": 22.768,
                "t_orientacion": 22.592,
                "t_u": 22.434,
                "t_utm_zone": 22.664,
                "t_v": 22.434,
                "t_x": 22.434,
                "t_y": 22.434,
                "throttle_L": 45,
                "throttle_R": 6945,
                "u_raw": 0.38849680000000003,
                "utm_zone": 30,
                "v_raw": -0.3187668,
                "x": 19.0002432,
                "y": 28.867556999999998
            },
            "type": "Feature"
        },
        {
            "geometry": {
                "coordinates": [
                    -3.7312824,
                    40.4370139
                ],
                "type": "Point"
            },
            "properties": {
                "Ah": 0.195893,
                "du_raw": 0.2509862,
                "dv_raw": 0.6181878,
                "fecha": "2025-05-28 16:27:24",
                "orientacion_raw": -0.631173,
                "t_Ah": 22.032,
                "t_T_L": 22.766,
                "t_T_R": 22.766,
                "t_du": 23.012,
                "t_dv": 23.012,
                "t_lat": 23.096,
                "t_lon": 23.096,
                "t_orientacion": 22.592,
                "t_u": 23.012,
                "t_utm_zone": 22.911,
                "t_v": 23.012,
                "t_x": 23.012,
                "t_y": 23.012,
                "throttle_L": 45,
                "throttle_R": 6945,
                "u_raw": 0.6076485,
                "utm_zone": 30,
                "v_raw": -0.20919000000000001,
                "x": 19.258059,
                "y": 28.750367999999998
            },
            "type": "Feature"
        },
        {
            "geometry": {
                "coordinates": [
                    -3.7312827,
                    40.4370147
                ],
                "type": "Point"
            },
            "properties": {
                "Ah": 0.195893,
                "du_raw": 0.1093792,
                "dv_raw": 0.522481,
                "fecha": "2025-05-28 16:27:24.250000",
                "orientacion_raw": -0.288751,
                "t_Ah": 22.032,
                "t_T_L": 23.212,
                "t_T_R": 23.212,
                "t_du": 23.354,
                "t_dv": 23.354,
                "t_lat": 23.431,
                "t_lon": 23.431,
                "t_orientacion": 23.099,
                "t_u": 23.354,
                "t_utm_zone": 23.157,
                "t_v": 23.354,
                "t_x": 23.354,
                "t_y": 23.354,
                "throttle_L": -615,
                "throttle_R": 2715,
                "u_raw": 0.38849680000000003,
                "utm_zone": 30,
                "v_raw": -0.0597683,
                "x": 19.457280299999997,
                "y": 28.629272699999998
            },
            "type": "Feature"
        },
        {
            "geometry": {
                "coordinates": [
                    -3.731283,
                    40.4370155
                ],
                "type": "Point"
            },
            "properties": {
                "Ah": 0.195893,
                "du_raw": 0.2421968,
                "dv_raw": 0.3213014,
                "fecha": "2025-05-28 16:27:24.750000",
                "orientacion_raw": 0.04649,
                "t_Ah": 22.032,
                "t_T_L": 23.716,
                "t_T_R": 23.716,
                "t_du": 23.623,
                "t_dv": 23.623,
                "t_lat": 23.817,
                "t_lon": 23.817,
                "t_orientacion": 23.622,
                "t_u": 23.623,
                "t_utm_zone": 23.637,
                "t_v": 23.623,
                "t_x": 23.623,
                "t_y": 23.623,
                "throttle_L": -1020,
                "throttle_R": 900,
                "u_raw": 0.2689583,
                "utm_zone": 30,
                "v_raw": -0.0796917,
                "x": 19.5471252,
                "y": 28.527708899999997
            },
            "type": "Feature"
        },
        {
            "geometry": {
                "coordinates": [
                    -3.7312838999999998,
                    40.437016
                ],
                "type": "Point"
            },
            "properties": {
                "Ah": 0.195893,
                "du_raw": 0.2763778,
                "dv_raw": 0.5361534,
                "fecha": "2025-05-28 16:27:25",
                "orientacion_raw": 0.293353,
                "t_Ah": 22.032,
                "t_T_L": 23.716,
                "t_T_R": 23.716,
                "t_du": 23.929,
                "t_dv": 23.929,
                "t_lat": 24.122,
                "t_lon": 24.122,
                "t_orientacion": 24.07,
                "t_u": 23.929,
                "t_utm_zone": 23.93,
                "t_v": 23.929,
                "t_x": 23.929,
                "t_y": 23.929,
                "throttle_L": -1020,
                "throttle_R": 900,
                "u_raw": 0.1892666,
                "utm_zone": 30,
                "v_raw": -0.1095749,
                "x": 19.597907099999997,
                "y": 28.418332499999998
            },
            "type": "Feature"
        },
        {
            "geometry": {
                "coordinates": [
                    -3.7312844999999997,
                    40.4370161
                ],
                "type": "Point"
            },
            "properties": {
                "Ah": 0.195893,
                "du_raw": 0.0722684,
                "dv_raw": 0.4531424,
                "fecha": "2025-05-28 16:27:25.500000",
                "orientacion_raw": 0.293353,
                "t_Ah": 22.032,
                "t_T_L": 24.262,
                "t_T_R": 24.262,
                "t_du": 24.265,
                "t_dv": 24.265,
                "t_lat": 24.46,
                "t_lon": 24.46,
                "t_orientacion": 24.07,
                "t_u": 24.265,
                "t_utm_zone": 24.385,
                "t_v": 24.265,
                "t_x": 24.265,
                "t_y": 24.265,
                "throttle_L": 5550,
                "throttle_R": -5550,
                "u_raw": 0.2191517,
                "utm_zone": 30,
                "v_raw": -0.0597683,
                "x": 19.609626,
                "y": 28.238642699999996
            },
            "type": "Feature"
        },
        {
            "geometry": {
                "coordinates": [
                    -3.7312857,
                    40.4370158
                ],
                "type": "Point"
            },
            "properties": {
                "Ah": 0.195893,
                "du_raw": 0.200203,
                "dv_raw": 0.3984528,
                "fecha": "2025-05-28 16:27:25.750000",
                "orientacion_raw": 0.365416,
                "t_Ah": 22.032,
                "t_T_L": 24.708,
                "t_T_R": 24.708,
                "t_du": 24.513,
                "t_dv": 24.513,
                "t_lat": 24.872,
                "t_lon": 24.872,
                "t_orientacion": 24.577,
                "t_u": 24.513,
                "t_utm_zone": 24.653,
                "t_v": 24.513,
                "t_x": 24.513,
                "t_y": 24.513,
                "throttle_L": 900,
                "throttle_R": -900,
                "u_raw": 0.1892666,
                "utm_zone": 30,
                "v_raw": 0,
                "x": 19.6174386,
                "y": 28.148797799999997
            },
            "type": "Feature"
        },
        {
            "geometry": {
                "coordinates": [
                    -3.7312871999999997,
                    40.4370155
                ],
                "type": "Point"
            },
            "properties": {
                "Ah": 0.195893,
                "du_raw": 0.1005898,
                "dv_raw": 0.1337942,
                "fecha": "2025-05-28 16:27:26",
                "orientacion_raw": 0.264421,
                "t_Ah": 22.032,
                "t_T_L": 24.708,
                "t_T_R": 24.708,
                "t_du": 25.112,
                "t_dv": 25.112,
                "t_lat": 25.161,
                "t_lon": 25.161,
                "t_orientacion": 25.061,
                "t_u": 25.112,
                "t_utm_zone": 24.901,
                "t_v": 25.112,
                "t_x": 25.112,
                "t_y": 25.112,
                "throttle_L": 900,
                "throttle_R": -900,
                "u_raw": 0.0199215,
                "utm_zone": 30,
                "v_raw": -0.2589966,
                "x": 19.558844099999998,
                "y": 28.0902033
            },
            "type": "Feature"
        },
        {
            "geometry": {
                "coordinates": [
                    -3.7312879999999997,
                    40.4370152
                ],
                "type": "Point"
            },
            "properties": {
                "Ah": 0.195893,
                "du_raw": 0.1630922,
                "dv_raw": 0.1884838,
                "fecha": "2025-05-28 16:27:26.500000",
                "orientacion_raw": 0.264421,
                "t_Ah": 22.032,
                "t_T_L": 25.209,
                "t_T_R": 25.209,
                "t_du": 25.441,
                "t_dv": 25.441,
                "t_lat": 25.506,
                "t_lon": 25.506,
                "t_orientacion": 25.061,
                "t_u": 25.441,
                "t_utm_zone": 25.442,
                "t_v": 25.441,
                "t_x": 25.441,
                "t_y": 25.441,
                "throttle_L": -960,
                "throttle_R": 960,
                "u_raw": 0.0298832,
                "utm_zone": 30,
                "v_raw": -0.1095749,
                "x": 19.5197811,
                "y": 28.027702499999997
            },
            "type": "Feature"
        },
        {
            "geometry": {
                "coordinates": [
                    -3.7312889,
                    40.4370152
                ],
                "type": "Point"
            },
            "properties": {
                "Ah": 0.195893,
                "du_raw": 0.1132856,
                "dv_raw": 0.190437,
                "fecha": "2025-05-28 16:27:26.750000",
                "orientacion_raw": 0.21324,
                "t_Ah": 22.032,
                "t_T_L": 25.75,
                "t_T_R": 25.75,
                "t_du": 25.752,
                "t_dv": 25.752,
                "t_lat": 25.851,
                "t_lon": 25.851,
                "t_orientacion": 25.571,
                "t_u": 25.752,
                "t_utm_zone": 25.66,
                "t_v": 25.752,
                "t_x": 25.752,
                "t_y": 25.752,
                "throttle_L": -990,
                "throttle_R": 990,
                "u_raw": 0.0597683,
                "utm_zone": 30,
                "v_raw": -0.0996132,
                "x": 19.5197811,
                "y": 27.957389099999997
            },
            "type": "Feature"
        },
        {
            "geometry": {
                "coordinates": [
                    -3.7312895,
                    40.437014999999995
                ],
                "type": "Point"
            },
            "properties": {
                "Ah": 0.195893,
                "du_raw": 0.1064494,
                "dv_raw": 0.1630922,
                "fecha": "2025-05-28 16:27:27.250000",
                "orientacion_raw": 0.189359,
                "t_Ah": 22.032,
                "t_T_L": 26.212,
                "t_T_R": 26.212,
                "t_du": 26,
                "t_dv": 26,
                "t_lat": 26.214,
                "t_lon": 26.214,
                "t_orientacion": 26.055,
                "t_u": 26,
                "t_utm_zone": 26.146,
                "t_v": 26,
                "t_x": 26,
                "t_y": 26,
                "throttle_L": -990,
                "throttle_R": 990,
                "u_raw": 0.0498066,
                "utm_zone": 30,
                "v_raw": -0.1294983,
                "x": 19.5197811,
                "y": 27.930044999999996
            },
            "type": "Feature"
        },
        {
            "geometry": {
                "coordinates": [
                    -3.7312898999999997,
                    40.4370149
                ],
                "type": "Point"
            },
            "properties": {
                "Ah": 0.199591,
                "du_raw": 0.0253916,
                "dv_raw": 0.2060626,
                "fecha": "2025-05-28 16:27:27.500000",
                "orientacion_raw": 0.189359,
                "t_Ah": 26.507,
                "t_T_L": 26.212,
                "t_T_R": 26.212,
                "t_du": 26.338,
                "t_dv": 26.338,
                "t_lat": 26.61,
                "t_lon": 26.61,
                "t_orientacion": 26.055,
                "t_u": 26.338,
                "t_utm_zone": 26.395,
                "t_v": 26.338,
                "t_x": 26.338,
                "t_y": 26.338,
                "throttle_L": -990,
                "throttle_R": 990,
                "u_raw": 0.0597683,
                "utm_zone": 30,
                "v_raw": -0.1593834,
                "x": 19.4885307,
                "y": 27.8987946
            },
            "type": "Feature"
        },
        {
            "geometry": {
                "coordinates": [
                    -3.7312901999999997,
                    40.4370147
                ],
                "type": "Point"
            },
            "properties": {
                "Ah": 0.199591,
                "du_raw": 0.107426,
                "dv_raw": 0.2070392,
                "fecha": "2025-05-28 16:27:27.750000",
                "orientacion_raw": 0.182552,
                "t_Ah": 26.507,
                "t_T_L": 26.697,
                "t_T_R": 26.697,
                "t_du": 26.613,
                "t_dv": 26.613,
                "t_lat": 26.945,
                "t_lon": 26.945,
                "t_orientacion": 26.612,
                "t_u": 26.613,
                "t_utm_zone": 26.66,
                "t_v": 26.613,
                "t_x": 26.613,
                "t_y": 26.613,
                "throttle_L": -960,
                "throttle_R": 960,
                "u_raw": 0.0199215,
                "utm_zone": 30,
                "v_raw": -0.1095749,
                "x": 19.4885307,
                "y": 27.848012699999998
            },
            "type": "Feature"
        },
        {
            "geometry": {
                "coordinates": [
                    -3.7312906,
                    40.4370147
                ],
                "type": "Point"
            },
            "properties": {
                "Ah": 0.199591,
                "du_raw": 0.0957068,
                "dv_raw": 0.0722684,
                "fecha": "2025-05-28 16:27:28.250000",
                "orientacion_raw": 0.181014,
                "t_Ah": 26.507,
                "t_T_L": 27.253,
                "t_T_R": 27.253,
                "t_du": 27.255,
                "t_dv": 27.255,
                "t_lat": 27.261,
                "t_lon": 27.261,
                "t_orientacion": 27.071,
                "t_u": 27.255,
                "t_utm_zone": 27.147,
                "t_v": 27.255,
                "t_x": 27.255,
                "t_y": 27.255,
                "throttle_L": -930,
                "throttle_R": 930,
                "u_raw": 0.0597683,
                "utm_zone": 30,
                "v_raw": -0.1494217,
                "x": 19.457280299999997,
                "y": 27.8089497
            },
            "type": "Feature"
        },
        {
            "geometry": {
                "coordinates": [
                    -3.7312914999999998,
                    40.4370141
                ],
                "type": "Point"
            },
            "properties": {
                "Ah": 0.199591,
                "du_raw": 0.29298,
                "dv_raw": 0.1474666,
                "fecha": "2025-05-28 16:27:28.500000",
                "orientacion_raw": 0.180528,
                "t_Ah": 26.507,
                "t_T_L": 27.253,
                "t_T_R": 27.253,
                "t_du": 27.513,
                "t_dv": 27.513,
                "t_lat": 27.602,
                "t_lon": 27.602,
                "t_orientacion": 27.552,
                "t_u": 27.513,
                "t_utm_zone": 27.394,
                "t_v": 27.513,
                "t_x": 27.513,
                "t_y": 27.513,
                "throttle_L": -930,
                "throttle_R": 930,
                "u_raw": 0.0498066,
                "utm_zone": 30,
                "v_raw": -0.0996132,
                "x": 19.437748799999998,
                "y": 27.699573299999997
            },
            "type": "Feature"
        },
        {
            "geometry": {
                "coordinates": [
                    -3.731292,
                    40.4370137
                ],
                "type": "Point"
            },
            "properties": {
                "Ah": 0.199591,
                "du_raw": 0.014649,
                "dv_raw": 0.0722684,
                "fecha": "2025-05-28 16:27:29",
                "orientacion_raw": 0.180528,
                "t_Ah": 26.507,
                "t_T_L": 27.697,
                "t_T_R": 27.697,
                "t_du": 27.838,
                "t_dv": 27.838,
                "t_lat": 27.969,
                "t_lon": 27.969,
                "t_orientacion": 27.552,
                "t_u": 27.838,
                "t_utm_zone": 27.909,
                "t_v": 27.838,
                "t_x": 27.838,
                "t_y": 27.838,
                "throttle_L": 2895,
                "throttle_R": -2895,
                "u_raw": -0.0099598,
                "utm_zone": 30,
                "v_raw": -0.1294983,
                "x": 19.3986858,
                "y": 27.5667591
            },
            "type": "Feature"
        },
        {
            "geometry": {
                "coordinates": [
                    -3.7312928,
                    40.4370131
                ],
                "type": "Point"
            },
            "properties": {
                "Ah": 0.199591,
                "du_raw": 0.13184099999999999,
                "dv_raw": 0.0810578,
                "fecha": "2025-05-28 16:27:29.250000",
                "orientacion_raw": 0.096278,
                "t_Ah": 26.507,
                "t_T_L": 28.194,
                "t_T_R": 28.194,
                "t_du": 28.108,
                "t_dv": 28.108,
                "t_lat": 28.335,
                "t_lon": 28.335,
                "t_orientacion": 28.107,
                "t_u": 28.108,
                "t_utm_zone": 28.138,
                "t_v": 28.108,
                "t_x": 28.108,
                "t_y": 28.108,
                "throttle_L": 1665,
                "throttle_R": -1665,
                "u_raw": -0.0099598,
                "utm_zone": 30,
                "v_raw": -0.1693432,
                "x": 19.289309399999997,
                "y": 27.500352
            },
            "type": "Feature"
        },
        {
            "geometry": {
                "coordinates": [
                    -3.7312944,
                    40.4370123
                ],
                "type": "Point"
            },
            "properties": {
                "Ah": 0.199591,
                "du_raw": -0.07519819999999999,
                "dv_raw": 0.07519819999999999,
                "fecha": "2025-05-28 16:27:29.500000",
                "orientacion_raw": 0.030258,
                "t_Ah": 26.507,
                "t_T_L": 28.194,
                "t_T_R": 28.194,
                "t_du": 28.412,
                "t_dv": 28.412,
                "t_lat": 28.654,
                "t_lon": 28.654,
                "t_orientacion": 28.589,
                "t_u": 28.412,
                "t_utm_zone": 28.413,
                "t_v": 28.412,
                "t_x": 28.412,
                "t_y": 28.412,
                "throttle_L": 1665,
                "throttle_R": -1665,
                "u_raw": 0.0298832,
                "utm_zone": 30,
                "v_raw": -0.1892666,
                "x": 19.2385275,
                "y": 27.4691016
            },
            "type": "Feature"
        },
        {
            "geometry": {
                "coordinates": [
                    -3.7312955999999997,
                    40.4370116
                ],
                "type": "Point"
            },
            "properties": {
                "Ah": 0.199591,
                "du_raw": -0.1523496,
                "dv_raw": 0.1425836,
                "fecha": "2025-05-28 16:27:30",
                "orientacion_raw": 0.030258,
                "t_Ah": 26.507,
                "t_T_L": 28.742,
                "t_T_R": 28.742,
                "t_du": 28.745,
                "t_dv": 28.745,
                "t_lat": 29.035,
                "t_lon": 29.035,
                "t_orientacion": 28.589,
                "t_u": 28.745,
                "t_utm_zone": 28.869,
                "t_v": 28.745,
                "t_x": 28.745,
                "t_y": 28.745,
                "throttle_L": -510,
                "throttle_R": 510,
                "u_raw": 0.0099598,
                "utm_zone": 30,
                "v_raw": -0.1693432,
                "x": 19.1877456,
                "y": 27.4300386
            },
            "type": "Feature"
        },
        {
            "geometry": {
                "coordinates": [
                    -3.7312969,
                    40.437010799999996
                ],
                "type": "Point"
            },
            "properties": {
                "Ah": 0.199591,
                "du_raw": -0.4375168,
                "dv_raw": 0.3447398,
                "fecha": "2025-05-28 16:27:30.250000",
                "orientacion_raw": -0.020313,
                "t_Ah": 26.507,
                "t_T_L": 29.203,
                "t_T_R": 29.203,
                "t_du": 29.351,
                "t_dv": 29.351,
                "t_lat": 29.353,
                "t_lon": 29.353,
                "t_orientacion": 29.062,
                "t_u": 29.351,
                "t_utm_zone": 29.136,
                "t_v": 29.351,
                "t_x": 29.351,
                "t_y": 29.351,
                "throttle_L": -7455,
                "throttle_R": 7575,
                "u_raw": 0,
                "utm_zone": 30,
                "v_raw": -0.1294983,
                "x": 19.058837699999998,
                "y": 27.3792567
            },
            "type": "Feature"
        },
        {
            "geometry": {
                "coordinates": [
                    -3.7312973,
                    40.4370106
                ],
                "type": "Point"
            },
            "properties": {
                "Ah": 0.199591,
                "du_raw": -0.023438399999999998,
                "dv_raw": -0.1591858,
                "fecha": "2025-05-28 16:27:30.750000",
                "orientacion_raw": -0.022402,
                "t_Ah": 26.507,
                "t_T_L": 29.732,
                "t_T_R": 29.732,
                "t_du": 29.594,
                "t_dv": 29.594,
                "t_lat": 29.733,
                "t_lon": 29.733,
                "t_orientacion": 29.593,
                "t_u": 29.594,
                "t_utm_zone": 29.636,
                "t_v": 29.594,
                "t_x": 29.594,
                "t_y": 29.594,
                "throttle_L": -3975,
                "throttle_R": 8595,
                "u_raw": 0.0498066,
                "utm_zone": 30,
                "v_raw": -0.0796917,
                "x": 19.008055799999998,
                "y": 27.3284748
            },
            "type": "Feature"
        },
        {
            "geometry": {
                "coordinates": [
                    -3.7312973,
                    40.437010799999996
                ],
                "type": "Point"
            },
            "properties": {
                "Ah": 0.199591,
                "du_raw": -0.1836008,
                "dv_raw": -0.2754012,
                "fecha": "2025-05-28 16:27:31",
                "orientacion_raw": -0.022402,
                "t_Ah": 26.507,
                "t_T_L": 29.732,
                "t_T_R": 29.732,
                "t_du": 29.904,
                "t_dv": 29.904,
                "t_lat": 30.068,
                "t_lon": 30.068,
                "t_orientacion": 29.593,
                "t_u": 29.904,
                "t_utm_zone": 29.906,
                "t_v": 29.904,
                "t_x": 29.904,
                "t_y": 29.904,
                "throttle_L": -3975,
                "throttle_R": 8595,
                "u_raw": 0.1992283,
                "utm_zone": 30,
                "v_raw": -0.0099598,
                "x": 19.027587299999997,
                "y": 27.316755899999997
            },
            "type": "Feature"
        },
        {
            "geometry": {
                "coordinates": [
                    -3.7312966,
                    40.437011399999996
                ],
                "type": "Point"
            },
            "properties": {
                "Ah": 0.199591,
                "du_raw": -0.0800812,
                "dv_raw": 0.1357474,
                "fecha": "2025-05-28 16:27:31.250000",
                "orientacion_raw": 0.264671,
                "t_Ah": 26.507,
                "t_T_L": 30.234,
                "t_T_R": 30.234,
                "t_du": 30.237,
                "t_dv": 30.237,
                "t_lat": 30.4,
                "t_lon": 30.4,
                "t_orientacion": 30.07,
                "t_u": 30.237,
                "t_utm_zone": 30.138,
                "t_v": 30.237,
                "t_x": 30.237,
                "t_y": 30.237,
                "throttle_L": -975,
                "throttle_R": 5535,
                "u_raw": 0.2490349,
                "utm_zone": 30,
                "v_raw": 0.13946,
                "x": 19.058837699999998,
                "y": 27.277692899999998
            },
            "type": "Feature"
        },
        {
            "geometry": {
                "coordinates": [
                    -3.7312961,
                    40.4370118
                ],
                "type": "Point"
            },
            "properties": {
                "Ah": 0.199591,
                "du_raw": 0.1054728,
                "dv_raw": 0.385757,
                "fecha": "2025-05-28 16:27:31.750000",
                "orientacion_raw": 0.703472,
                "t_Ah": 26.507,
                "t_T_L": 30.683,
                "t_T_R": 30.683,
                "t_du": 30.541,
                "t_dv": 30.541,
                "t_lat": 30.787,
                "t_lon": 30.787,
                "t_orientacion": 30.546,
                "t_u": 30.541,
                "t_utm_zone": 30.643,
                "t_v": 30.541,
                "t_x": 30.541,
                "t_y": 30.541,
                "throttle_L": 1395,
                "throttle_R": 3315,
                "u_raw": 0.1992283,
                "utm_zone": 30,
                "v_raw": 0.1294983,
                "x": 19.0979007,
                "y": 27.250348799999998
            },
            "type": "Feature"
        },
        {
            "geometry": {
                "coordinates": [
                    -3.7312942999999996,
                    40.4370125
                ],
                "type": "Point"
            },
            "properties": {
                "Ah": 0.203101,
                "du_raw": -0.2714948,
                "dv_raw": 0.1259814,
                "fecha": "2025-05-28 16:27:32",
                "orientacion_raw": 1.105834,
                "t_Ah": 30.993,
                "t_T_L": 30.683,
                "t_T_R": 30.683,
                "t_du": 30.792,
                "t_dv": 30.792,
                "t_lat": 31.135,
                "t_lon": 31.135,
                "t_orientacion": 31.044,
                "t_u": 30.792,
                "t_utm_zone": 30.884,
                "t_v": 30.792,
                "t_x": 30.792,
                "t_y": 30.792,
                "throttle_L": 1395,
                "throttle_R": 3315,
                "u_raw": 0.2191517,
                "utm_zone": 30,
                "v_raw": 0.1593834,
                "x": 19.1369637,
                "y": 27.2073795
            },
            "type": "Feature"
        },
        {
            "geometry": {
                "coordinates": [
                    -3.7312938,
                    40.4370125
                ],
                "type": "Point"
            },
            "properties": {
                "Ah": 0.203101,
                "du_raw": -0.268565,
                "dv_raw": 0.1845774,
                "fecha": "2025-05-28 16:27:32.500000",
                "orientacion_raw": 1.105834,
                "t_Ah": 30.993,
                "t_T_L": 31.187,
                "t_T_R": 31.187,
                "t_du": 31.433,
                "t_dv": 31.433,
                "t_lat": 31.435,
                "t_lon": 31.435,
                "t_orientacion": 31.044,
                "t_u": 31.433,
                "t_utm_zone": 31.433,
                "t_v": 31.433,
                "t_x": 31.433,
                "t_y": 31.433,
                "throttle_L": 5730,
                "throttle_R": 1920,
                "u_raw": -0.0597683,
                "utm_zone": 30,
                "v_raw": 0.1793049,
                "x": 19.218995999999997,
                "y": 27.0901905
            },
            "type": "Feature"
        },
        {
            "geometry": {
                "coordinates": [
                    -3.7312935,
                    40.437012599999996
                ],
                "type": "Point"
            },
            "properties": {
                "Ah": 0.203101,
                "du_raw": 0.1298878,
                "dv_raw": -0.2109456,
                "fecha": "2025-05-28 16:27:32.750000",
                "orientacion_raw": 1.365373,
                "t_Ah": 30.993,
                "t_T_L": 31.74,
                "t_T_R": 31.74,
                "t_du": 31.741,
                "t_dv": 31.741,
                "t_lat": 31.833,
                "t_lon": 31.833,
                "t_orientacion": 31.557,
                "t_u": 31.741,
                "t_utm_zone": 31.629,
                "t_v": 31.741,
                "t_x": 31.741,
                "t_y": 31.741,
                "throttle_L": 4560,
                "throttle_R": 3300,
                "u_raw": 0.0398449,
                "utm_zone": 30,
                "v_raw": 0.0796917,
                "x": 19.2268086,
                "y": 27.027689699999996
            },
            "type": "Feature"
        },
        {
            "geometry": {
                "coordinates": [
                    -3.7312936,
                    40.4370128
                ],
                "type": "Point"
            },
            "properties": {
                "Ah": 0.203101,
                "du_raw": -0.2754012,
                "dv_raw": 0.234384,
                "fecha": "2025-05-28 16:27:33",
                "orientacion_raw": 1.444009,
                "t_Ah": 30.993,
                "t_T_L": 31.74,
                "t_T_R": 31.74,
                "t_du": 31.979,
                "t_dv": 31.979,
                "t_lat": 32.13,
                "t_lon": 32.13,
                "t_orientacion": 32.033,
                "t_u": 31.979,
                "t_utm_zone": 31.877,
                "t_v": 31.979,
                "t_x": 31.979,
                "t_y": 31.979,
                "throttle_L": 4560,
                "throttle_R": 3300,
                "u_raw": 0,
                "utm_zone": 30,
                "v_raw": -0.0199215,
                "x": 19.2268086,
                "y": 26.969095199999998
            },
            "type": "Feature"
        },
        {
            "geometry": {
                "coordinates": [
                    -3.7312933,
                    40.4370129
                ],
                "type": "Point"
            },
            "properties": {
                "Ah": 0.203101,
                "du_raw": 0.0078128,
                "dv_raw": 0.0761748,
                "fecha": "2025-05-28 16:27:33.500000",
                "orientacion_raw": 1.444009,
                "t_Ah": 30.993,
                "t_T_L": 32.184,
                "t_T_R": 32.184,
                "t_du": 32.315,
                "t_dv": 32.315,
                "t_lat": 32.474,
                "t_lon": 32.474,
                "t_orientacion": 32.033,
                "t_u": 32.315,
                "t_utm_zone": 32.373,
                "t_v": 32.315,
                "t_x": 32.315,
                "t_y": 32.315,
                "throttle_L": 2910,
                "throttle_R": 4860,
                "u_raw": 0.0796917,
                "utm_zone": 30,
                "v_raw": 0.1095749,
                "x": 19.250246399999998,
                "y": 26.8597188
            },
            "type": "Feature"
        },
        {
            "geometry": {
                "coordinates": [
                    -3.7312933,
                    40.4370131
                ],
                "type": "Point"
            },
            "properties": {
                "Ah": 0.203101,
                "du_raw": 0.3095822,
                "dv_raw": 0.185554,
                "fecha": "2025-05-28 16:27:33.750000",
                "orientacion_raw": 1.38626,
                "t_Ah": 30.993,
                "t_T_L": 32.683,
                "t_T_R": 32.683,
                "t_du": 32.592,
                "t_dv": 32.592,
                "t_lat": 32.834,
                "t_lon": 32.834,
                "t_orientacion": 32.591,
                "t_u": 32.592,
                "t_utm_zone": 32.604,
                "t_v": 32.592,
                "t_x": 32.592,
                "t_y": 32.592,
                "throttle_L": 2880,
                "throttle_R": 4800,
                "u_raw": 0.06973,
                "utm_zone": 30,
                "v_raw": 0.0896515,
                "x": 19.289309399999997,
                "y": 26.777686499999998
            },
            "type": "Feature"
        },
        {
            "geometry": {
                "coordinates": [
                    -3.7312933999999998,
                    40.4370133
                ],
                "type": "Point"
            },
            "properties": {
                "Ah": 0.203101,
                "du_raw": -0.0078128,
                "dv_raw": -0.029298,
                "fecha": "2025-05-28 16:27:34.250000",
                "orientacion_raw": 1.388891,
                "t_Ah": 30.993,
                "t_T_L": 33.229,
                "t_T_R": 33.229,
                "t_du": 32.897,
                "t_dv": 32.897,
                "t_lat": 33.23,
                "t_lon": 33.23,
                "t_orientacion": 33.076,
                "t_u": 32.897,
                "t_utm_zone": 33.12,
                "t_v": 32.897,
                "t_x": 32.897,
                "t_y": 32.897,
                "throttle_L": 3810,
                "throttle_R": 4470,
                "u_raw": 0.0597683,
                "utm_zone": 30,
                "v_raw": 0.1195366,
                "x": 19.289309399999997,
                "y": 26.719091999999996
            },
            "type": "Feature"
        },
        {
            "geometry": {
                "coordinates": [
                    -3.7312936,
                    40.4370134
                ],
                "type": "Point"
            },
            "properties": {
                "Ah": 0.203101,
                "du_raw": 0.2207116,
                "dv_raw": -0.0498066,
                "fecha": "2025-05-28 16:27:34.500000",
                "orientacion_raw": 1.388891,
                "t_Ah": 30.993,
                "t_T_L": 33.229,
                "t_T_R": 33.229,
                "t_du": 33.48,
                "t_dv": 33.48,
                "t_lat": 33.565,
                "t_lon": 33.565,
                "t_orientacion": 33.076,
                "t_u": 33.48,
                "t_utm_zone": 33.352,
                "t_v": 33.48,
                "t_x": 33.48,
                "t_y": 33.48,
                "throttle_L": 3810,
                "throttle_R": 4470,
                "u_raw": -0.0298832,
                "utm_zone": 30,
                "v_raw": -0.0199215,
                "x": 19.316653499999997,
                "y": 26.719091999999996
            },
            "type": "Feature"
        },
        {
            "geometry": {
                "coordinates": [
                    -3.7312938,
                    40.4370135
                ],
                "type": "Point"
            },
            "properties": {
                "Ah": 0.203101,
                "du_raw": -0.046876799999999996,
                "dv_raw": -0.1132856,
                "fecha": "2025-05-28 16:27:34.750000",
                "orientacion_raw": 1.444918,
                "t_Ah": 30.993,
                "t_T_L": 33.679,
                "t_T_R": 33.679,
                "t_du": 33.829,
                "t_dv": 33.829,
                "t_lat": 33.887,
                "t_lon": 33.887,
                "t_orientacion": 33.567,
                "t_u": 33.829,
                "t_utm_zone": 33.623,
                "t_v": 33.829,
                "t_x": 33.829,
                "t_y": 33.829,
                "throttle_L": 4350,
                "throttle_R": 6270,
                "u_raw": -0.0199215,
                "utm_zone": 30,
                "v_raw": 0.1294983,
                "x": 19.3283724,
                "y": 26.7386235
            },
            "type": "Feature"
        },
        {
            "geometry": {
                "coordinates": [
                    -3.7312939999999997,
                    40.4370135
                ],
                "type": "Point"
            },
            "properties": {
                "Ah": 0.203101,
                "du_raw": -0.2705182,
                "dv_raw": 0.2627054,
                "fecha": "2025-05-28 16:27:35.250000",
                "orientacion_raw": 1.616374,
                "t_Ah": 30.993,
                "t_T_L": 34.172,
                "t_T_R": 34.172,
                "t_du": 34.086,
                "t_dv": 34.086,
                "t_lat": 34.276,
                "t_lon": 34.276,
                "t_orientacion": 34.085,
                "t_u": 34.086,
                "t_utm_zone": 34.116,
                "t_v": 34.086,
                "t_x": 34.086,
                "t_y": 34.086,
                "throttle_L": 7709,
                "throttle_R": 9600,
                "u_raw": -0.0796917,
                "utm_zone": 30,
                "v_raw": 0.2291134,
                "x": 19.340091299999997,
                "y": 26.777686499999998
            },
            "type": "Feature"
        },
        {
            "geometry": {
                "coordinates": [
                    -3.7312946,
                    40.4370133
                ],
                "type": "Point"
            },
            "properties": {
                "Ah": 0.203101,
                "du_raw": -0.2041094,
                "dv_raw": -0.0312512,
                "fecha": "2025-05-28 16:27:35.500000",
                "orientacion_raw": 1.816043,
                "t_Ah": 30.993,
                "t_T_L": 34.172,
                "t_T_R": 34.172,
                "t_du": 34.413,
                "t_dv": 34.413,
                "t_lat": 34.576,
                "t_lon": 34.576,
                "t_orientacion": 34.53,
                "t_u": 34.413,
                "t_utm_zone": 34.415,
                "t_v": 34.413,
                "t_x": 34.413,
                "t_y": 34.413,
                "throttle_L": 7709,
                "throttle_R": 9600,
                "u_raw": -0.1195366,
                "utm_zone": 30,
                "v_raw": 0.1693432,
                "x": 19.316653499999997,
                "y": 26.8089369
            },
            "type": "Feature"
        },
        {
            "geometry": {
                "coordinates": [
                    -3.7312941,
                    40.437013199999996
                ],
                "type": "Point"
            },
            "properties": {
                "Ah": 0.203101,
                "du_raw": -0.2910268,
                "dv_raw": -0.3066524,
                "fecha": "2025-05-28 16:27:36",
                "orientacion_raw": 1.816043,
                "t_Ah": 30.993,
                "t_T_L": 34.716,
                "t_T_R": 34.716,
                "t_du": 34.718,
                "t_dv": 34.718,
                "t_lat": 34.933,
                "t_lon": 34.933,
                "t_orientacion": 34.53,
                "t_u": 34.718,
                "t_utm_zone": 34.869,
                "t_v": 34.718,
                "t_x": 34.718,
                "t_y": 34.718,
                "throttle_L": 9600,
                "throttle_R": 147,
                "u_raw": -0.0597683,
                "utm_zone": 30,
                "v_raw": 0.3685734,
                "x": 19.3088409,
                "y": 26.969095199999998
            },
            "type": "Feature"
        },
        {
            "geometry": {
                "coordinates": [
                    -3.7312936999999997,
                    40.437013199999996
                ],
                "type": "Point"
            },
            "properties": {
                "Ah": 0.203101,
                "du_raw": -0.2773544,
                "dv_raw": -0.3261844,
                "fecha": "2025-05-28 16:27:36.250000",
                "orientacion_raw": 1.870122,
                "t_Ah": 30.993,
                "t_T_L": 35.167,
                "t_T_R": 35.167,
                "t_du": 34.99,
                "t_dv": 34.99,
                "t_lat": 35.32,
                "t_lon": 35.32,
                "t_orientacion": 35.022,
                "t_u": 34.99,
                "t_utm_zone": 35.113,
                "t_v": 34.99,
                "t_x": 34.99,
                "t_y": 34.99,
                "throttle_L": 9600,
                "throttle_R": -7990,
                "u_raw": -0.1195366,
                "utm_zone": 30,
                "v_raw": 0.2390751,
                "x": 19.297121999999998,
                "y": 27.008158199999997
            },
            "type": "Feature"
        },
        {
            "geometry": {
                "coordinates": [
                    -3.7312939,
                    40.4370139
                ],
                "type": "Point"
            },
            "properties": {
                "Ah": 0.210356,
                "du_raw": -0.1289112,
                "dv_raw": -0.229501,
                "fecha": "2025-05-28 16:27:36.500000",
                "orientacion_raw": 1.549174,
                "t_Ah": 35.49,
                "t_T_L": 35.167,
                "t_T_R": 35.167,
                "t_du": 35.573,
                "t_dv": 35.573,
                "t_lat": 35.619,
                "t_lon": 35.619,
                "t_orientacion": 35.572,
                "t_u": 35.573,
                "t_utm_zone": 35.362,
                "t_v": 35.573,
                "t_x": 35.573,
                "t_y": 35.573,
                "throttle_L": 9600,
                "throttle_R": -7990,
                "u_raw": 0.1693432,
                "utm_zone": 30,
                "v_raw": 0.0597683,
                "x": 19.3791543,
                "y": 27.039408599999998
            },
            "type": "Feature"
        },
        {
            "geometry": {
                "coordinates": [
                    -3.7312946,
                    40.437014399999995
                ],
                "type": "Point"
            },
            "properties": {
                "Ah": 0.210356,
                "du_raw": 0.107426,
                "dv_raw": -0.0302746,
                "fecha": "2025-05-28 16:27:37",
                "orientacion_raw": 1.549174,
                "t_Ah": 35.49,
                "t_T_L": 35.707,
                "t_T_R": 35.707,
                "t_du": 35.889,
                "t_dv": 35.889,
                "t_lat": 35.978,
                "t_lon": 35.978,
                "t_orientacion": 35.572,
                "t_u": 35.889,
                "t_utm_zone": 35.891,
                "t_v": 35.889,
                "t_x": 35.889,
                "t_y": 35.889,
                "throttle_L": 9600,
                "throttle_R": -8031,
                "u_raw": 0.1494217,
                "utm_zone": 30,
                "v_raw": -0.0896515,
                "x": 19.4299362,
                "y": 27.027689699999996
            },
            "type": "Feature"
        },
        {
            "geometry": {
                "coordinates": [
                    -3.7312955999999997,
                    40.4370147
                ],
                "type": "Point"
            },
            "properties": {
                "Ah": 0.210356,
                "du_raw": 0.1201218,
                "dv_raw": -0.37501439999999997,
                "fecha": "2025-05-28 16:27:37.250000",
                "orientacion_raw": 1.035878,
                "t_Ah": 35.49,
                "t_T_L": 36.21,
                "t_T_R": 36.21,
                "t_du": 36.212,
                "t_dv": 36.212,
                "t_lat": 36.31,
                "t_lon": 36.31,
                "t_orientacion": 36.03,
                "t_u": 36.212,
                "t_utm_zone": 36.092,
                "t_v": 36.212,
                "t_x": 36.212,
                "t_y": 36.212,
                "throttle_L": 1680,
                "throttle_R": 3090,
                "u_raw": 0.0298832,
                "utm_zone": 30,
                "v_raw": -0.3386883,
                "x": 19.457280299999997,
                "y": 27.027689699999996
            },
            "type": "Feature"
        },
        {
            "geometry": {
                "coordinates": [
                    -3.7312977999999997,
                    40.437014999999995
                ],
                "type": "Point"
            },
            "properties": {
                "Ah": 0.210356,
                "du_raw": 0.1572326,
                "dv_raw": -0.117192,
                "fecha": "2025-05-28 16:27:37.750000",
                "orientacion_raw": 0.648781,
                "t_Ah": 35.49,
                "t_T_L": 36.71,
                "t_T_R": 36.71,
                "t_du": 36.483,
                "t_dv": 36.483,
                "t_lat": 36.711,
                "t_lon": 36.711,
                "t_orientacion": 36.538,
                "t_u": 36.483,
                "t_utm_zone": 36.61,
                "t_v": 36.483,
                "t_x": 36.483,
                "t_y": 36.483,
                "throttle_L": 7020,
                "throttle_R": -2340,
                "u_raw": -0.0099598,
                "utm_zone": 30,
                "v_raw": -0.1892666,
                "x": 19.4689992,
                "y": 27.058940099999997
            },
            "type": "Feature"
        },
        {
            "geometry": {
                "coordinates": [
                    -3.7312988999999996,
                    40.4370149
                ],
                "type": "Point"
            },
            "properties": {
                "Ah": 0.210356,
                "du_raw": 0.2480564,
                "dv_raw": -0.0839876,
                "fecha": "2025-05-28 16:27:38",
                "orientacion_raw": 0.648781,
                "t_Ah": 35.49,
                "t_T_L": 36.71,
                "t_T_R": 36.71,
                "t_du": 36.808,
                "t_dv": 36.808,
                "t_lat": 37.052,
                "t_lon": 37.052,
                "t_orientacion": 36.538,
                "t_u": 36.808,
                "t_utm_zone": 36.861,
                "t_v": 36.808,
                "t_x": 36.808,
                "t_y": 36.808,
                "throttle_L": 7020,
                "throttle_R": -2340,
                "u_raw": 0.0796917,
                "utm_zone": 30,
                "v_raw": -0.1593834,
                "x": 19.5002496,
                "y": 27.058940099999997
            },
            "type": "Feature"
        },
        {
            "geometry": {
                "coordinates": [
                    -3.731302,
                    40.4370139
                ],
                "type": "Point"
            },
            "properties": {
                "Ah": 0.210356,
                "du_raw": 0.6631114,
                "dv_raw": -0.3115354,
                "fecha": "2025-05-28 16:27:38.250000",
                "orientacion_raw": 0.244868,
                "t_Ah": 35.49,
                "t_T_L": 37.159,
                "t_T_R": 37.159,
                "t_du": 37.058,
                "t_dv": 37.058,
                "t_lat": 37.394,
                "t_lon": 37.394,
                "t_orientacion": 37.058,
                "t_u": 37.058,
                "t_utm_zone": 37.105,
                "t_v": 37.058,
                "t_x": 37.058,
                "t_y": 37.058,
                "throttle_L": 3585,
                "throttle_R": 975,
                "u_raw": -0.0597683,
                "utm_zone": 30,
                "v_raw": -0.20919000000000001,
                "x": 19.437748799999998,
                "y": 27.039408599999998
            },
            "type": "Feature"
        },
        {
            "geometry": {
                "coordinates": [
                    -3.7313028,
                    40.4370135
                ],
                "type": "Point"
            },
            "properties": {
                "Ah": 0.210356,
                "du_raw": 0.1259814,
                "dv_raw": -0.444353,
                "fecha": "2025-05-28 16:27:38.750000",
                "orientacion_raw": -0.063228,
                "t_Ah": 35.49,
                "t_T_L": 37.712,
                "t_T_R": 37.712,
                "t_du": 37.714,
                "t_dv": 37.714,
                "t_lat": 37.717,
                "t_lon": 37.717,
                "t_orientacion": 37.534,
                "t_u": 37.714,
                "t_utm_zone": 37.607,
                "t_v": 37.714,
                "t_x": 37.714,
                "t_y": 37.714,
                "throttle_L": -1740,
                "throttle_R": 8010,
                "u_raw": -0.0796917,
                "utm_zone": 30,
                "v_raw": -0.0597683,
                "x": 19.3283724,
                "y": 27.027689699999996
            },
            "type": "Feature"
        },
        {
            "geometry": {
                "coordinates": [
                    -3.7313033,
                    40.437013199999996
                ],
                "type": "Point"
            },
            "properties": {
                "Ah": 0.210356,
                "du_raw": 0.09375359999999999,
                "dv_raw": -0.3867336,
                "fecha": "2025-05-28 16:27:39",
                "orientacion_raw": -0.209961,
                "t_Ah": 35.49,
                "t_T_L": 37.712,
                "t_T_R": 37.712,
                "t_du": 37.964,
                "t_dv": 37.964,
                "t_lat": 38.076,
                "t_lon": 38.076,
                "t_orientacion": 38.013,
                "t_u": 37.964,
                "t_utm_zone": 37.836,
                "t_v": 37.964,
                "t_x": 37.964,
                "t_y": 37.964,
                "throttle_L": -1740,
                "throttle_R": 8010,
                "u_raw": -0.0099598,
                "utm_zone": 30,
                "v_raw": -0.0298832,
                "x": 19.297121999999998,
                "y": 27.008158199999997
            },
            "type": "Feature"
        },
        {
            "geometry": {
                "coordinates": [
                    -3.7313039999999997,
                    40.4370131
                ],
                "type": "Point"
            },
            "properties": {
                "Ah": 0.210356,
                "du_raw": 0.0810578,
                "dv_raw": -0.4550956,
                "fecha": "2025-05-28 16:27:39.500000",
                "orientacion_raw": -0.209961,
                "t_Ah": 35.49,
                "t_T_L": 38.156,
                "t_T_R": 38.156,
                "t_du": 38.311,
                "t_dv": 38.311,
                "t_lat": 38.405,
                "t_lon": 38.405,
                "t_orientacion": 38.013,
                "t_u": 38.311,
                "t_utm_zone": 38.351,
                "t_v": 38.311,
                "t_x": 38.311,
                "t_y": 38.311,
                "throttle_L": 5295,
                "throttle_R": 2475,
                "u_raw": 0.06973,
                "utm_zone": 30,
                "v_raw": -0.0597683,
                "x": 19.289309399999997,
                "y": 26.988626699999998
            },
            "type": "Feature"
        },
        {
            "geometry": {
                "coordinates": [
                    -3.7313039,
                    40.437013
                ],
                "type": "Point"
            },
            "properties": {
                "Ah": 0.210356,
                "du_raw": 0.0459002,
                "dv_raw": -0.1914136,
                "fecha": "2025-05-28 16:27:39.750000",
                "orientacion_raw": -0.267296,
                "t_Ah": 35.49,
                "t_T_L": 38.654,
                "t_T_R": 38.654,
                "t_du": 38.571,
                "t_dv": 38.571,
                "t_lat": 38.807,
                "t_lon": 38.807,
                "t_orientacion": 38.569,
                "t_u": 38.571,
                "t_utm_zone": 38.583,
                "t_v": 38.571,
                "t_x": 38.571,
                "t_y": 38.571,
                "throttle_L": -570,
                "throttle_R": 600,
                "u_raw": -0.0498066,
                "utm_zone": 30,
                "v_raw": 0,
                "x": 19.2775905,
                "y": 26.9495637
            },
            "type": "Feature"
        },
        {
            "geometry": {
                "coordinates": [
                    -3.7313036,
                    40.4370128
                ],
                "type": "Point"
            },
            "properties": {
                "Ah": 0.210356,
                "du_raw": -0.0312512,
                "dv_raw": -0.1894604,
                "fecha": "2025-05-28 16:27:40",
                "orientacion_raw": -0.287975,
                "t_Ah": 35.49,
                "t_T_L": 38.654,
                "t_T_R": 38.654,
                "t_du": 38.898,
                "t_dv": 38.898,
                "t_lat": 39.167,
                "t_lon": 39.167,
                "t_orientacion": 39.011,
                "t_u": 38.898,
                "t_utm_zone": 38.901,
                "t_v": 38.898,
                "t_x": 38.898,
                "t_y": 38.898,
                "throttle_L": -570,
                "throttle_R": 600,
                "u_raw": 0,
                "utm_zone": 30,
                "v_raw": 0.0199215,
                "x": 19.258059,
                "y": 26.9495637
            },
            "type": "Feature"
        },
        {
            "geometry": {
                "coordinates": [
                    -3.7313034,
                    40.4370128
                ],
                "type": "Point"
            },
            "properties": {
                "Ah": 0.210356,
                "du_raw": -0.09375359999999999,
                "dv_raw": -0.2236414,
                "fecha": "2025-05-28 16:27:40.500000",
                "orientacion_raw": -0.287975,
                "t_Ah": 35.49,
                "t_T_L": 39.171,
                "t_T_R": 39.171,
                "t_du": 39.173,
                "t_dv": 39.173,
                "t_lat": 39.501,
                "t_lon": 39.501,
                "t_orientacion": 39.011,
                "t_u": 39.173,
                "t_utm_zone": 39.351,
                "t_v": 39.173,
                "t_x": 39.173,
                "t_y": 39.173,
                "throttle_L": -6105,
                "throttle_R": 6135,
                "u_raw": 0.0199215,
                "utm_zone": 30,
                "v_raw": 0.0298832,
                "x": 19.250246399999998,
                "y": 26.9769078
            },
            "type": "Feature"
        },
        {
            "geometry": {
                "coordinates": [
                    -3.7313033,
                    40.4370128
                ],
                "type": "Point"
            },
            "properties": {
                "Ah": 0.210356,
                "du_raw": 0.078128,
                "dv_raw": -0.180671,
                "fecha": "2025-05-28 16:27:40.750000",
                "orientacion_raw": -0.260515,
                "t_Ah": 35.49,
                "t_T_L": 39.665,
                "t_T_R": 39.665,
                "t_du": 39.812,
                "t_dv": 39.812,
                "t_lat": 39.818,
                "t_lon": 39.818,
                "t_orientacion": 39.507,
                "t_u": 39.812,
                "t_utm_zone": 39.598,
                "t_v": 39.812,
                "t_x": 39.812,
                "t_y": 39.812,
                "throttle_L": -1365,
                "throttle_R": 1395,
                "u_raw": 0.0298832,
                "utm_zone": 30,
                "v_raw": 0.0199215,
                "x": 19.258059,
                "y": 27.0198771
            },
            "type": "Feature"
        },
        {
            "geometry": {
                "coordinates": [
                    -3.7313034,
                    40.4370128
                ],
                "type": "Point"
            },
            "properties": {
                "Ah": 0.213883,
                "du_raw": 0.0576194,
                "dv_raw": -0.1894604,
                "fecha": "2025-05-28 16:27:41.250000",
                "orientacion_raw": -0.173496,
                "t_Ah": 39.962,
                "t_T_L": 40.164,
                "t_T_R": 40.164,
                "t_du": 40.059,
                "t_dv": 40.059,
                "t_lat": 40.166,
                "t_lon": 40.166,
                "t_orientacion": 40.058,
                "t_u": 40.059,
                "t_utm_zone": 40.099,
                "t_v": 40.059,
                "t_x": 40.059,
                "t_y": 40.059,
                "throttle_L": -945,
                "throttle_R": 975,
                "u_raw": 0.0597683,
                "utm_zone": 30,
                "v_raw": 0.0199215,
                "x": 19.258059,
                "y": 27.0003456
            },
            "type": "Feature"
        },
        {
            "geometry": {
                "coordinates": [
                    -3.7313034999999997,
                    40.4370128
                ],
                "type": "Point"
            },
            "properties": {
                "Ah": 0.213883,
                "du_raw": -0.0136724,
                "dv_raw": -0.1738348,
                "fecha": "2025-05-28 16:27:41.500000",
                "orientacion_raw": -0.173496,
                "t_Ah": 39.962,
                "t_T_L": 40.164,
                "t_T_R": 40.164,
                "t_du": 40.365,
                "t_dv": 40.365,
                "t_lat": 40.54,
                "t_lon": 40.54,
                "t_orientacion": 40.058,
                "t_u": 40.365,
                "t_utm_zone": 40.366,
                "t_v": 40.365,
                "t_x": 40.365,
                "t_y": 40.365,
                "throttle_L": -945,
                "throttle_R": 975,
                "u_raw": 0.06973,
                "utm_zone": 30,
                "v_raw": 0,
                "x": 19.250246399999998,
                "y": 26.937844799999997
            },
            "type": "Feature"
        },
        {
            "geometry": {
                "coordinates": [
                    -3.7313042,
                    40.4370127
                ],
                "type": "Point"
            },
            "properties": {
                "Ah": 0.213883,
                "du_raw": 0.0136724,
                "dv_raw": -0.2656352,
                "fecha": "2025-05-28 16:27:41.750000",
                "orientacion_raw": -0.099969,
                "t_Ah": 39.962,
                "t_T_L": 40.697,
                "t_T_R": 40.697,
                "t_du": 40.699,
                "t_dv": 40.699,
                "t_lat": 40.889,
                "t_lon": 40.889,
                "t_orientacion": 40.543,
                "t_u": 40.699,
                "t_utm_zone": 40.599,
                "t_v": 40.699,
                "t_x": 40.699,
                "t_y": 40.699,
                "throttle_L": -3075,
                "throttle_R": 3075,
                "u_raw": 0.06973,
                "utm_zone": 30,
                "v_raw": -0.0099598,
                "x": 19.258059,
                "y": 26.8597188
            },
            "type": "Feature"
        },
        {
            "geometry": {
                "coordinates": [
                    -3.7313047,
                    40.4370123
                ],
                "type": "Point"
            },
            "properties": {
                "Ah": 0.213883,
                "du_raw": 0.0908238,
                "dv_raw": 0.0078128,
                "fecha": "2025-05-28 16:27:42.250000",
                "orientacion_raw": -0.011126,
                "t_Ah": 39.962,
                "t_T_L": 41.144,
                "t_T_R": 41.144,
                "t_du": 40.955,
                "t_dv": 40.955,
                "t_lat": 41.25,
                "t_lon": 41.25,
                "t_orientacion": 41.006,
                "t_u": 40.955,
                "t_utm_zone": 41.09,
                "t_v": 40.955,
                "t_x": 40.955,
                "t_y": 40.955,
                "throttle_L": -690,
                "throttle_R": 720,
                "u_raw": 0,
                "utm_zone": 30,
                "v_raw": 0.0298832,
                "x": 19.250246399999998,
                "y": 26.769873899999997
            },
            "type": "Feature"
        },
        {
            "geometry": {
                "coordinates": [
                    -3.7313050999999997,
                    40.437011999999996
                ],
                "type": "Point"
            },
            "properties": {
                "Ah": 0.213883,
                "du_raw": -0.0107426,
                "dv_raw": -0.1201218,
                "fecha": "2025-05-28 16:27:42.500000",
                "orientacion_raw": 0.045146,
                "t_Ah": 39.962,
                "t_T_L": 41.144,
                "t_T_R": 41.144,
                "t_du": 41.258,
                "t_dv": 41.258,
                "t_lat": 41.595,
                "t_lon": 41.595,
                "t_orientacion": 41.504,
                "t_u": 41.258,
                "t_utm_zone": 41.32,
                "t_v": 41.258,
                "t_x": 41.258,
                "t_y": 41.258,
                "throttle_L": -690,
                "throttle_R": 720,
                "u_raw": 0.0498066,
                "utm_zone": 30,
                "v_raw": 0.0796917,
                "x": 19.199464499999998,
                "y": 26.680028999999998
            },
            "type": "Feature"
        },
        {
            "geometry": {
                "coordinates": [
                    -3.7313061999999997,
                    40.437011299999995
                ],
                "type": "Point"
            },
            "properties": {
                "Ah": 0.213883,
                "du_raw": 0.0205086,
                "dv_raw": -0.0908238,
                "fecha": "2025-05-28 16:27:43",
                "orientacion_raw": 0.045146,
                "t_Ah": 39.962,
                "t_T_L": 41.647,
                "t_T_R": 41.647,
                "t_du": 41.898,
                "t_dv": 41.898,
                "t_lat": 41.903,
                "t_lon": 41.903,
                "t_orientacion": 41.504,
                "t_u": 41.898,
                "t_utm_zone": 41.9,
                "t_v": 41.898,
                "t_x": 41.898,
                "t_y": 41.898,
                "throttle_L": 1950,
                "throttle_R": -1950,
                "u_raw": -0.0099598,
                "utm_zone": 30,
                "v_raw": -0.0597683,
                "x": 19.0900881,
                "y": 26.4495573
            },
            "type": "Feature"
        },
        {
            "geometry": {
                "coordinates": [
                    -3.7313064999999996,
                    40.4370111
                ],
                "type": "Point"
            },
            "properties": {
                "Ah": 0.213883,
                "du_raw": -0.1728582,
                "dv_raw": -0.0058595999999999995,
                "fecha": "2025-05-28 16:27:43.250000",
                "orientacion_raw": -0.029699,
                "t_Ah": 39.962,
                "t_T_L": 42.193,
                "t_T_R": 42.193,
                "t_du": 42.195,
                "t_dv": 42.195,
                "t_lat": 42.285,
                "t_lon": 42.285,
                "t_orientacion": 42.014,
                "t_u": 42.195,
                "t_utm_zone": 42.087,
                "t_v": 42.195,
                "t_x": 42.195,
                "t_y": 42.195,
                "throttle_L": -210,
                "throttle_R": 360,
                "u_raw": -0.0099598,
                "utm_zone": 30,
                "v_raw": -0.0398449,
                "x": 19.058837699999998,
                "y": 26.316743099999997
            },
            "type": "Feature"
        },
        {
            "geometry": {
                "coordinates": [
                    -3.7313068,
                    40.4370105
                ],
                "type": "Point"
            },
            "properties": {
                "Ah": 0.213883,
                "du_raw": -0.0009766,
                "dv_raw": -0.1816476,
                "fecha": "2025-05-28 16:27:43.750000",
                "orientacion_raw": -0.087449,
                "t_Ah": 39.962,
                "t_T_L": 42.193,
                "t_T_R": 42.193,
                "t_du": 42.461,
                "t_dv": 42.461,
                "t_lat": 42.592,
                "t_lon": 42.592,
                "t_orientacion": 42.51,
                "t_u": 42.461,
                "t_utm_zone": 42.592,
                "t_v": 42.461,
                "t_x": 42.461,
                "t_y": 42.461,
                "throttle_L": -210,
                "throttle_R": 360,
                "u_raw": 0,
                "utm_zone": 30,
                "v_raw": 0,
                "x": 19.0393062,
                "y": 26.2386171
            },
            "type": "Feature"
        },
        {
            "geometry": {
                "coordinates": [
                    -3.7313071,
                    40.4370103
                ],
                "type": "Point"
            },
            "properties": {
                "Ah": 0.213883,
                "du_raw": 0.1386772,
                "dv_raw": -0.4072422,
                "fecha": "2025-05-28 16:27:44",
                "orientacion_raw": -0.087449,
                "t_Ah": 39.962,
                "t_T_L": 42.643,
                "t_T_R": 42.643,
                "t_du": 42.784,
                "t_dv": 42.784,
                "t_lat": 42.942,
                "t_lon": 42.942,
                "t_orientacion": 42.51,
                "t_u": 42.784,
                "t_utm_zone": 42.84,
                "t_v": 42.784,
                "t_x": 42.784,
                "t_y": 42.784,
                "throttle_L": 1065,
                "throttle_R": 2985,
                "u_raw": 0,
                "utm_zone": 30,
                "v_raw": 0.0199215,
                "x": 19.0002432,
                "y": 26.207366699999998
            },
            "type": "Feature"
        },
        {
            "geometry": {
                "coordinates": [
                    -3.7313072999999997,
                    40.4370103
                ],
                "type": "Point"
            },
            "properties": {
                "Ah": 0.213883,
                "du_raw": 0.29298,
                "dv_raw": -0.1699284,
                "fecha": "2025-05-28 16:27:44.250000",
                "orientacion_raw": -0.111559,
                "t_Ah": 39.962,
                "t_T_L": 43.136,
                "t_T_R": 43.136,
                "t_du": 43.056,
                "t_dv": 43.056,
                "t_lat": 43.296,
                "t_lon": 43.296,
                "t_orientacion": 43,
                "t_u": 43.056,
                "t_utm_zone": 43.083,
                "t_v": 43.056,
                "t_x": 43.056,
                "t_y": 43.056,
                "throttle_L": 8878,
                "throttle_R": 9600,
                "u_raw": 0.0298832,
                "utm_zone": 30,
                "v_raw": -0.0099598,
                "x": 18.9689928,
                "y": 26.180022599999997
            },
            "type": "Feature"
        },
        {
            "geometry": {
                "coordinates": [
                    -3.7313080999999997,
                    40.437010699999995
                ],
                "type": "Point"
            },
            "properties": {
                "Ah": 0.213883,
                "du_raw": 0.0898472,
                "dv_raw": -0.1396538,
                "fecha": "2025-05-28 16:27:44.750000",
                "orientacion_raw": -0.112576,
                "t_Ah": 39.962,
                "t_T_L": 43.687,
                "t_T_R": 43.687,
                "t_du": 43.357,
                "t_dv": 43.357,
                "t_lat": 43.688,
                "t_lon": 43.688,
                "t_orientacion": 43.509,
                "t_u": 43.357,
                "t_utm_zone": 43.582,
                "t_v": 43.357,
                "t_x": 43.357,
                "t_y": 43.357,
                "throttle_L": 7805,
                "throttle_R": 9600,
                "u_raw": 0.1693432,
                "utm_zone": 30,
                "v_raw": -0.0597683,
                "x": 19.0002432,
                "y": 26.156584799999997
            },
            "type": "Feature"
        },
        {
            "geometry": {
                "coordinates": [
                    -3.7313085,
                    40.437011
                ],
                "type": "Point"
            },
            "properties": {
                "Ah": 0.213883,
                "du_raw": 0.175788,
                "dv_raw": -0.2968864,
                "fecha": "2025-05-28 16:27:45",
                "orientacion_raw": -0.112576,
                "t_Ah": 39.962,
                "t_T_L": 43.687,
                "t_T_R": 43.687,
                "t_du": 43.948,
                "t_dv": 43.948,
                "t_lat": 44.014,
                "t_lon": 44.014,
                "t_orientacion": 43.509,
                "t_u": 43.948,
                "t_utm_zone": 43.84,
                "t_v": 43.948,
                "t_x": 43.948,
                "t_y": 43.948,
                "throttle_L": 7805,
                "throttle_R": 9600,
                "u_raw": 0.2888817,
                "utm_zone": 30,
                "v_raw": -0.0597683,
                "x": 19.058837699999998,
                "y": 26.1683037
            },
            "type": "Feature"
        },
        {
            "geometry": {
                "coordinates": [
                    -3.7313085999999998,
                    40.4370124
                ],
                "type": "Point"
            },
            "properties": {
                "Ah": 0.213883,
                "du_raw": -0.1425836,
                "dv_raw": 0.0605492,
                "fecha": "2025-05-28 16:27:45.250000",
                "orientacion_raw": -0.105939,
                "t_Ah": 39.962,
                "t_T_L": 44.138,
                "t_T_R": 44.138,
                "t_du": 44.272,
                "t_dv": 44.272,
                "t_lat": 44.347,
                "t_lon": 44.347,
                "t_orientacion": 44.017,
                "t_u": 44.272,
                "t_utm_zone": 44.062,
                "t_v": 44.272,
                "t_x": 44.272,
                "t_y": 44.272,
                "throttle_L": 9600,
                "throttle_R": 5589,
                "u_raw": 0.34865,
                "utm_zone": 30,
                "v_raw": -0.0996132,
                "x": 19.1369637,
                "y": 26.180022599999997
            },
            "type": "Feature"
        },
        {
            "geometry": {
                "coordinates": [
                    -3.7313088,
                    40.437013
                ],
                "type": "Point"
            },
            "properties": {
                "Ah": 0.219365,
                "du_raw": 0.1289112,
                "dv_raw": -0.2226648,
                "fecha": "2025-05-28 16:27:45.750000",
                "orientacion_raw": -0.093736,
                "t_Ah": 44.458,
                "t_T_L": 44.631,
                "t_T_R": 44.631,
                "t_du": 44.551,
                "t_dv": 44.551,
                "t_lat": 44.697,
                "t_lon": 44.697,
                "t_orientacion": 44.55,
                "t_u": 44.551,
                "t_utm_zone": 44.578,
                "t_v": 44.551,
                "t_x": 44.551,
                "t_y": 44.551,
                "throttle_L": 9600,
                "throttle_R": 9018,
                "u_raw": 0.3088051,
                "utm_zone": 30,
                "v_raw": -0.0996132,
                "x": 19.2072771,
                "y": 26.1878352
            },
            "type": "Feature"
        },
        {
            "geometry": {
                "coordinates": [
                    -3.7313088999999997,
                    40.4370137
                ],
                "type": "Point"
            },
            "properties": {
                "Ah": 0.219365,
                "du_raw": 0.0459002,
                "dv_raw": -0.1738348,
                "fecha": "2025-05-28 16:27:46",
                "orientacion_raw": -0.089399,
                "t_Ah": 44.458,
                "t_T_L": 44.631,
                "t_T_R": 44.631,
                "t_du": 44.857,
                "t_dv": 44.857,
                "t_lat": 45.05,
                "t_lon": 45.05,
                "t_orientacion": 45.008,
                "t_u": 44.857,
                "t_utm_zone": 44.858,
                "t_v": 44.857,
                "t_x": 44.857,
                "t_y": 44.857,
                "throttle_L": 9600,
                "throttle_R": 9018,
                "u_raw": 0.2988434,
                "utm_zone": 30,
                "v_raw": -0.0996132,
                "x": 19.2775905,
                "y": 26.207366699999998
            },
            "type": "Feature"
        },
        {
            "geometry": {
                "coordinates": [
                    -3.7313091999999997,
                    40.4370155
                ],
                "type": "Point"
            },
            "properties": {
                "Ah": 0.219365,
                "du_raw": -0.15039639999999999,
                "dv_raw": -0.0654322,
                "fecha": "2025-05-28 16:27:46.500000",
                "orientacion_raw": -0.089399,
                "t_Ah": 44.458,
                "t_T_L": 45.184,
                "t_T_R": 45.184,
                "t_du": 45.187,
                "t_dv": 45.187,
                "t_lat": 45.379,
                "t_lon": 45.379,
                "t_orientacion": 45.008,
                "t_u": 45.187,
                "t_utm_zone": 45.309,
                "t_v": 45.187,
                "t_x": 45.187,
                "t_y": 45.187,
                "throttle_L": 9600,
                "throttle_R": 7805,
                "u_raw": 0.3984585,
                "utm_zone": 30,
                "v_raw": -0.06973,
                "x": 19.437748799999998,
                "y": 26.2190856
            },
            "type": "Feature"
        },
        {
            "geometry": {
                "coordinates": [
                    -3.7313096,
                    40.4370166
                ],
                "type": "Point"
            },
            "properties": {
                "Ah": 0.219365,
                "du_raw": 0.0371108,
                "dv_raw": -0.2402436,
                "fecha": "2025-05-28 16:27:46.750000",
                "orientacion_raw": -0.100604,
                "t_Ah": 44.458,
                "t_T_L": 45.631,
                "t_T_R": 45.631,
                "t_du": 45.445,
                "t_dv": 45.445,
                "t_lat": 45.794,
                "t_lon": 45.794,
                "t_orientacion": 45.508,
                "t_u": 45.445,
                "t_utm_zone": 45.577,
                "t_v": 45.445,
                "t_x": 45.445,
                "t_y": 45.445,
                "throttle_L": 9600,
                "throttle_R": 9103,
                "u_raw": 0.4781502,
                "utm_zone": 30,
                "v_raw": -0.1693432,
                "x": 19.558844099999998,
                "y": 26.1878352
            },
            "type": "Feature"
        },
        {
            "geometry": {
                "coordinates": [
                    -3.7313101,
                    40.437018699999996
                ],
                "type": "Point"
            },
            "properties": {
                "Ah": 0.219365,
                "du_raw": 0.0107426,
                "dv_raw": -0.0722684,
                "fecha": "2025-05-28 16:27:47",
                "orientacion_raw": -0.091752,
                "t_Ah": 44.458,
                "t_T_L": 45.631,
                "t_T_R": 45.631,
                "t_du": 46.091,
                "t_dv": 46.091,
                "t_lat": 46.093,
                "t_lon": 46.093,
                "t_orientacion": 45.995,
                "t_u": 46.091,
                "t_utm_zone": 45.824,
                "t_v": 46.091,
                "t_x": 46.091,
                "t_y": 46.091,
                "throttle_L": 9600,
                "throttle_R": 9103,
                "u_raw": 0.38849680000000003,
                "utm_zone": 30,
                "v_raw": -0.1494217,
                "x": 19.789315799999997,
                "y": 26.180022599999997
            },
            "type": "Feature"
        },
        {
            "geometry": {
                "coordinates": [
                    -3.7313104999999998,
                    40.437019899999996
                ],
                "type": "Point"
            },
            "properties": {
                "Ah": 0.219365,
                "du_raw": -0.2011796,
                "dv_raw": -0.1377006,
                "fecha": "2025-05-28 16:27:47.500000",
                "orientacion_raw": -0.091752,
                "t_Ah": 44.458,
                "t_T_L": 46.128,
                "t_T_R": 46.128,
                "t_du": 46.346,
                "t_dv": 46.346,
                "t_lat": 46.431,
                "t_lon": 46.431,
                "t_orientacion": 45.995,
                "t_u": 46.346,
                "t_utm_zone": 46.347,
                "t_v": 46.346,
                "t_x": 46.346,
                "t_y": 46.346,
                "throttle_L": 9600,
                "throttle_R": 9217,
                "u_raw": 0.5080334,
                "utm_zone": 30,
                "v_raw": -0.1593834,
                "x": 20.0471316,
                "y": 26.129240699999997
            },
            "type": "Feature"
        },
        {
            "geometry": {
                "coordinates": [
                    -3.7313104,
                    40.437021099999995
                ],
                "type": "Point"
            },
            "properties": {
                "Ah": 0.219365,
                "du_raw": -0.1406304,
                "dv_raw": -0.1728582,
                "fecha": "2025-05-28 16:27:47.750000",
                "orientacion_raw": -0.076459,
                "t_Ah": 44.458,
                "t_T_L": 46.681,
                "t_T_R": 46.681,
                "t_du": 46.683,
                "t_dv": 46.683,
                "t_lat": 46.782,
                "t_lon": 46.782,
                "t_orientacion": 46.506,
                "t_u": 46.683,
                "t_utm_zone": 46.57,
                "t_v": 46.683,
                "t_x": 46.683,
                "t_y": 46.683,
                "throttle_L": 9600,
                "throttle_R": 8364,
                "u_raw": 0.5877251,
                "utm_zone": 30,
                "v_raw": -0.1793049,
                "x": 20.1799458,
                "y": 26.090177699999998
            },
            "type": "Feature"
        },
        {
            "geometry": {
                "coordinates": [
                    -3.7313109,
                    40.4370237
                ],
                "type": "Point"
            },
            "properties": {
                "Ah": 0.219365,
                "du_raw": -0.2109456,
                "dv_raw": -0.1142622,
                "fecha": "2025-05-28 16:27:48.250000",
                "orientacion_raw": -0.077701,
                "t_Ah": 44.458,
                "t_T_L": 47.133,
                "t_T_R": 47.133,
                "t_du": 46.93,
                "t_dv": 46.93,
                "t_lat": 47.134,
                "t_lon": 47.134,
                "t_orientacion": 46.984,
                "t_u": 46.93,
                "t_utm_zone": 47.069,
                "t_v": 46.93,
                "t_x": 46.93,
                "t_y": 46.93,
                "throttle_L": 9600,
                "throttle_R": 8658,
                "u_raw": 0.5080334,
                "utm_zone": 30,
                "v_raw": -0.1095749,
                "x": 20.316666299999998,
                "y": 26.0472084
            },
            "type": "Feature"
        },
        {
            "geometry": {
                "coordinates": [
                    -3.7313113999999996,
                    40.4370249
                ],
                "type": "Point"
            },
            "properties": {
                "Ah": 0.219365,
                "du_raw": -0.004883,
                "dv_raw": -0.068362,
                "fecha": "2025-05-28 16:27:48.500000",
                "orientacion_raw": -0.077701,
                "t_Ah": 44.458,
                "t_T_L": 47.133,
                "t_T_R": 47.133,
                "t_du": 47.262,
                "t_dv": 47.262,
                "t_lat": 47.53,
                "t_lon": 47.53,
                "t_orientacion": 46.984,
                "t_u": 47.262,
                "t_utm_zone": 47.347,
                "t_v": 47.262,
                "t_x": 47.262,
                "t_y": 47.262,
                "throttle_L": 9600,
                "throttle_R": 8658,
                "u_raw": 0.5578419,
                "utm_zone": 30,
                "v_raw": -0.0996132,
                "x": 20.469012,
                "y": 25.9573635
            },
            "type": "Feature"
        },
        {
            "geometry": {
                "coordinates": [
                    -3.7313118999999997,
                    40.4370262
                ],
                "type": "Point"
            },
            "properties": {
                "Ah": 0.219365,
                "du_raw": -0.1523496,
                "dv_raw": -0.0546896,
                "fecha": "2025-05-28 16:27:48.750000",
                "orientacion_raw": -0.083044,
                "t_Ah": 44.458,
                "t_T_L": 47.625,
                "t_T_R": 47.625,
                "t_du": 47.533,
                "t_dv": 47.533,
                "t_lat": 47.858,
                "t_lon": 47.858,
                "t_orientacion": 47.532,
                "t_u": 47.533,
                "t_utm_zone": 47.574,
                "t_v": 47.533,
                "t_x": 47.533,
                "t_y": 47.533,
                "throttle_L": 9600,
                "throttle_R": 8631,
                "u_raw": 0.4980717,
                "utm_zone": 30,
                "v_raw": -0.2191517,
                "x": 20.597919899999997,
                "y": 25.9300194
            },
            "type": "Feature"
        },
        {
            "geometry": {
                "coordinates": [
                    -3.7313128,
                    40.4370291
                ],
                "type": "Point"
            },
            "properties": {
                "Ah": 0.219365,
                "du_raw": 0.136724,
                "dv_raw": 0.0908238,
                "fecha": "2025-05-28 16:27:49.250000",
                "orientacion_raw": -0.085849,
                "t_Ah": 44.458,
                "t_T_L": 48.172,
                "t_T_R": 48.172,
                "t_du": 48.174,
                "t_dv": 48.174,
                "t_lat": 48.179,
                "t_lon": 48.179,
                "t_orientacion": 47.978,
                "t_u": 48.174,
                "t_utm_zone": 48.065,
                "t_v": 48.174,
                "t_x": 48.174,
                "t_y": 48.174,
                "throttle_L": 9600,
                "throttle_R": 8795,
                "u_raw": 0.5379185,
                "utm_zone": 30,
                "v_raw": -0.3187668,
                "x": 21.0666759,
                "y": 25.9300194
            },
            "type": "Feature"
        },
        {
            "geometry": {
                "coordinates": [
                    -3.7313131999999998,
                    40.4370304
                ],
                "type": "Point"
            },
            "properties": {
                "Ah": 0.219365,
                "du_raw": -0.0859408,
                "dv_raw": -0.07519819999999999,
                "fecha": "2025-05-28 16:27:49.500000",
                "orientacion_raw": -0.108426,
                "t_Ah": 44.458,
                "t_T_L": 48.172,
                "t_T_R": 48.172,
                "t_du": 48.437,
                "t_dv": 48.437,
                "t_lat": 48.53,
                "t_lon": 48.53,
                "t_orientacion": 48.486,
                "t_u": 48.437,
                "t_utm_zone": 48.314,
                "t_v": 48.437,
                "t_x": 48.437,
                "t_y": 48.437,
                "throttle_L": 9600,
                "throttle_R": 8795,
                "u_raw": 0.5379185,
                "utm_zone": 30,
                "v_raw": -0.0896515,
                "x": 21.2073027,
                "y": 25.9065816
            },
            "type": "Feature"
        },
        {
            "geometry": {
                "coordinates": [
                    -3.7313144,
                    40.4370331
                ],
                "type": "Point"
            },
            "properties": {
                "Ah": 0.219365,
                "du_raw": -0.141607,
                "dv_raw": -0.0361342,
                "fecha": "2025-05-28 16:27:49.750000",
                "orientacion_raw": -0.108426,
                "t_Ah": 44.458,
                "t_T_L": 48.657,
                "t_T_R": 48.657,
                "t_du": 48.758,
                "t_dv": 48.758,
                "t_lat": 48.87,
                "t_lon": 48.87,
                "t_orientacion": 48.486,
                "t_u": 48.758,
                "t_utm_zone": 48.816,
                "t_v": 48.758,
                "t_x": 48.758,
                "t_y": 48.758,
                "throttle_L": 9600,
                "throttle_R": 9160,
                "u_raw": 0.5478802,
                "utm_zone": 30,
                "v_raw": -0.27892,
                "x": 21.3479295,
                "y": 25.8792375
            },
            "type": "Feature"
        },
        {
            "geometry": {
                "coordinates": [
                    -3.7313145,
                    40.4370344
                ],
                "type": "Point"
            },
            "properties": {
                "Ah": 0.235886,
                "du_raw": -0.2578224,
                "dv_raw": -0.0898472,
                "fecha": "2025-05-28 16:27:50.250000",
                "orientacion_raw": -0.115836,
                "t_Ah": 48.934,
                "t_T_L": 49.115,
                "t_T_R": 49.115,
                "t_du": 49.024,
                "t_dv": 49.024,
                "t_lat": 49.269,
                "t_lon": 49.269,
                "t_orientacion": 49.022,
                "t_u": 49.024,
                "t_utm_zone": 49.061,
                "t_v": 49.024,
                "t_x": 49.024,
                "t_y": 49.024,
                "throttle_L": 9570,
                "throttle_R": 9600,
                "u_raw": 0.6574551,
                "utm_zone": 30,
                "v_raw": -0.3088051,
                "x": 21.5080878,
                "y": 25.840174499999996
            },
            "type": "Feature"
        },
        {
            "geometry": {
                "coordinates": [
                    -3.7313148,
                    40.437036899999995
                ],
                "type": "Point"
            },
            "properties": {
                "Ah": 0.235886,
                "du_raw": -0.0966834,
                "dv_raw": -0.1250048,
                "fecha": "2025-05-28 16:27:50.500000",
                "orientacion_raw": -0.081597,
                "t_Ah": 48.934,
                "t_T_L": 49.115,
                "t_T_R": 49.115,
                "t_du": 49.333,
                "t_dv": 49.333,
                "t_lat": 49.567,
                "t_lon": 49.567,
                "t_orientacion": 49.503,
                "t_u": 49.333,
                "t_utm_zone": 49.334,
                "t_v": 49.333,
                "t_x": 49.333,
                "t_y": 49.333,
                "throttle_L": 9570,
                "throttle_R": 9600,
                "u_raw": 0.6176102,
                "utm_zone": 30,
                "v_raw": -0.1793049,
                "x": 21.808872899999997,
                "y": 25.797205199999997
            },
            "type": "Feature"
        },
        {
            "geometry": {
                "coordinates": [
                    -3.7313148999999997,
                    40.437038099999995
                ],
                "type": "Point"
            },
            "properties": {
                "Ah": 0.235886,
                "du_raw": -0.0312512,
                "dv_raw": -0.0361342,
                "fecha": "2025-05-28 16:27:50.750000",
                "orientacion_raw": -0.081597,
                "t_Ah": 48.934,
                "t_T_L": 49.661,
                "t_T_R": 49.661,
                "t_du": 49.662,
                "t_dv": 49.662,
                "t_lat": 49.954,
                "t_lon": 49.954,
                "t_orientacion": 49.503,
                "t_u": 49.662,
                "t_utm_zone": 49.816,
                "t_v": 49.662,
                "t_x": 49.662,
                "t_y": 49.662,
                "throttle_L": 9600,
                "throttle_R": 9304,
                "u_raw": 0.5578419,
                "utm_zone": 30,
                "v_raw": -0.1892666,
                "x": 21.929968199999998,
                "y": 25.769861099999996
            },
            "type": "Feature"
        },
        {
            "geometry": {
                "coordinates": [
                    -3.7313155,
                    40.437039299999995
                ],
                "type": "Point"
            },
            "properties": {
                "Ah": 0.235886,
                "du_raw": -0.205086,
                "dv_raw": -0.122075,
                "fecha": "2025-05-28 16:27:51.250000",
                "orientacion_raw": -0.059412,
                "t_Ah": 48.934,
                "t_T_L": 50.111,
                "t_T_R": 50.111,
                "t_du": 50.262,
                "t_dv": 50.262,
                "t_lat": 50.263,
                "t_lon": 50.263,
                "t_orientacion": 49.996,
                "t_u": 50.262,
                "t_utm_zone": 50.042,
                "t_v": 50.262,
                "t_x": 50.262,
                "t_y": 50.262,
                "throttle_L": 9600,
                "throttle_R": 8961,
                "u_raw": 0.4582268,
                "utm_zone": 30,
                "v_raw": -0.1992283,
                "x": 22.1995029,
                "y": 25.769861099999996
            },
            "type": "Feature"
        },
        {
            "geometry": {
                "coordinates": [
                    -3.7313159999999996,
                    40.437041799999996
                ],
                "type": "Point"
            },
            "properties": {
                "Ah": 0.235886,
                "du_raw": -0.1230516,
                "dv_raw": 0.0166022,
                "fecha": "2025-05-28 16:27:51.750000",
                "orientacion_raw": -0.033786,
                "t_Ah": 48.934,
                "t_T_L": 50.655,
                "t_T_R": 50.655,
                "t_du": 50.519,
                "t_dv": 50.519,
                "t_lat": 50.655,
                "t_lon": 50.655,
                "t_orientacion": 50.518,
                "t_u": 50.519,
                "t_utm_zone": 50.558,
                "t_v": 50.519,
                "t_x": 50.519,
                "t_y": 50.519,
                "throttle_L": 9600,
                "throttle_R": 9074,
                "u_raw": 0.5578419,
                "utm_zone": 30,
                "v_raw": -0.0498066,
                "x": 22.328410799999997,
                "y": 25.758142199999998
            },
            "type": "Feature"
        },
        {
            "geometry": {
                "coordinates": [
                    -3.7313164999999997,
                    40.4370431
                ],
                "type": "Point"
            },
            "properties": {
                "Ah": 0.235886,
                "du_raw": -0.1113324,
                "dv_raw": -0.0654322,
                "fecha": "2025-05-28 16:27:51.750000",
                "orientacion_raw": -0.033786,
                "t_Ah": 48.934,
                "t_T_L": 50.655,
                "t_T_R": 50.655,
                "t_du": 50.845,
                "t_dv": 50.845,
                "t_lat": 50.998,
                "t_lon": 50.998,
                "t_orientacion": 50.518,
                "t_u": 50.845,
                "t_utm_zone": 50.845,
                "t_v": 50.845,
                "t_x": 50.845,
                "t_y": 50.845,
                "throttle_L": 9600,
                "throttle_R": 9074,
                "u_raw": 0.6375336,
                "utm_zone": 30,
                "v_raw": -0.1195366,
                "x": 22.4690376,
                "y": 25.7386107
            },
            "type": "Feature"
        },
        {
            "geometry": {
                "coordinates": [
                    -3.7313161999999997,
                    40.4370441
                ],
                "type": "Point"
            },
            "properties": {
                "Ah": 0.235886,
                "du_raw": -0.1035196,
                "dv_raw": -0.0507832,
                "fecha": "2025-05-28 16:27:52.250000",
                "orientacion_raw": 0.004581,
                "t_Ah": 48.934,
                "t_T_L": 51.16,
                "t_T_R": 51.16,
                "t_du": 51.161,
                "t_dv": 51.161,
                "t_lat": 51.33,
                "t_lon": 51.33,
                "t_orientacion": 51,
                "t_u": 51.161,
                "t_utm_zone": 51.054,
                "t_v": 51.161,
                "t_x": 51.161,
                "t_y": 51.161,
                "throttle_L": 9600,
                "throttle_R": 8767,
                "u_raw": 0.5877251,
                "utm_zone": 30,
                "v_raw": -0.1494217,
                "x": 22.7268534,
                "y": 25.7190792
            },
            "type": "Feature"
        },
        {
            "geometry": {
                "coordinates": [
                    -3.7313159999999996,
                    40.4370464
                ],
                "type": "Point"
            },
            "properties": {
                "Ah": 0.235886,
                "du_raw": -0.2168052,
                "dv_raw": 0.11914519999999999,
                "fecha": "2025-05-28 16:27:52.750000",
                "orientacion_raw": 0.030575,
                "t_Ah": 48.934,
                "t_T_L": 51.605,
                "t_T_R": 51.605,
                "t_du": 51.416,
                "t_dv": 51.416,
                "t_lat": 51.716,
                "t_lon": 51.716,
                "t_orientacion": 51.484,
                "t_u": 51.416,
                "t_utm_zone": 51.552,
                "t_v": 51.416,
                "t_x": 51.416,
                "t_y": 51.416,
                "throttle_L": 9600,
                "throttle_R": 7395,
                "u_raw": 0.5678017,
                "utm_zone": 30,
                "v_raw": -0.0498066,
                "x": 22.8401361,
                "y": 25.707360299999998
            },
            "type": "Feature"
        },
        {
            "geometry": {
                "coordinates": [
                    -3.7313161999999997,
                    40.4370477
                ],
                "type": "Point"
            },
            "properties": {
                "Ah": 0.235886,
                "du_raw": -0.1445368,
                "dv_raw": -0.0253916,
                "fecha": "2025-05-28 16:27:52.750000",
                "orientacion_raw": 0.018613,
                "t_Ah": 48.934,
                "t_T_L": 51.605,
                "t_T_R": 51.605,
                "t_du": 51.721,
                "t_dv": 51.721,
                "t_lat": 52.055,
                "t_lon": 52.055,
                "t_orientacion": 51.96,
                "t_u": 51.721,
                "t_utm_zone": 51.785,
                "t_v": 51.721,
                "t_x": 51.721,
                "t_y": 51.721,
                "throttle_L": 9600,
                "throttle_R": 7395,
                "u_raw": 0.6474934,
                "utm_zone": 30,
                "v_raw": -0.2390751,
                "x": 22.9885755,
                "y": 25.6682973
            },
            "type": "Feature"
        },
        {
            "geometry": {
                "coordinates": [
                    -3.7313163,
                    40.43705
                ],
                "type": "Point"
            },
            "properties": {
                "Ah": 0.235886,
                "du_raw": -0.1425836,
                "dv_raw": -0.1347708,
                "fecha": "2025-05-28 16:27:53.500000",
                "orientacion_raw": 0.018613,
                "t_Ah": 48.934,
                "t_T_L": 52.108,
                "t_T_R": 52.108,
                "t_du": 52.359,
                "t_dv": 52.359,
                "t_lat": 52.361,
                "t_lon": 52.361,
                "t_orientacion": 51.96,
                "t_u": 52.359,
                "t_utm_zone": 52.36,
                "t_v": 52.359,
                "t_x": 52.359,
                "t_y": 52.359,
                "throttle_L": 9600,
                "throttle_R": 7829,
                "u_raw": 0.6474934,
                "utm_zone": 30,
                "v_raw": -0.2888817,
                "x": 23.2502976,
                "y": 25.6487658
            },
            "type": "Feature"
        },
        {
            "geometry": {
                "coordinates": [
                    -3.7313159,
                    40.4370508
                ],
                "type": "Point"
            },
            "properties": {
                "Ah": 0.235886,
                "du_raw": -0.1552794,
                "dv_raw": -0.1640688,
                "fecha": "2025-05-28 16:27:53.750000",
                "orientacion_raw": -0.006555,
                "t_Ah": 48.934,
                "t_T_L": 52.657,
                "t_T_R": 52.657,
                "t_du": 52.658,
                "t_dv": 52.658,
                "t_lat": 52.749,
                "t_lon": 52.749,
                "t_orientacion": 52.515,
                "t_u": 52.658,
                "t_utm_zone": 52.549,
                "t_v": 52.658,
                "t_x": 52.658,
                "t_y": 52.658,
                "throttle_L": 9600,
                "throttle_R": 8260,
                "u_raw": 0.4582268,
                "utm_zone": 30,
                "v_raw": -0.0896515,
                "x": 23.469050399999997,
                "y": 25.5979839
            },
            "type": "Feature"
        },
        {
            "geometry": {
                "coordinates": [
                    -3.7313161,
                    40.437052099999995
                ],
                "type": "Point"
            },
            "properties": {
                "Ah": 0.235886,
                "du_raw": -0.112309,
                "dv_raw": -0.2324308,
                "fecha": "2025-05-28 16:27:53.750000",
                "orientacion_raw": -0.039306,
                "t_Ah": 48.934,
                "t_T_L": 52.657,
                "t_T_R": 52.657,
                "t_du": 52.906,
                "t_dv": 52.906,
                "t_lat": 53.103,
                "t_lon": 53.103,
                "t_orientacion": 52.96,
                "t_u": 52.906,
                "t_utm_zone": 52.807,
                "t_v": 52.906,
                "t_x": 52.906,
                "t_y": 52.906,
                "throttle_L": 9600,
                "throttle_R": 8260,
                "u_raw": 0.5279568,
                "utm_zone": 30,
                "v_raw": -0.0896515,
                "x": 23.609677199999997,
                "y": 25.5979839
            },
            "type": "Feature"
        },
        {
            "geometry": {
                "coordinates": [
                    -3.7313172,
                    40.4370547
                ],
                "type": "Point"
            },
            "properties": {
                "Ah": 0.235886,
                "du_raw": -0.312512,
                "dv_raw": -0.1240282,
                "fecha": "2025-05-28 16:27:54.500000",
                "orientacion_raw": -0.039306,
                "t_Ah": 48.934,
                "t_T_L": 53.105,
                "t_T_R": 53.105,
                "t_du": 53.237,
                "t_dv": 53.237,
                "t_lat": 53.399,
                "t_lon": 53.399,
                "t_orientacion": 52.96,
                "t_u": 53.237,
                "t_utm_zone": 53.296,
                "t_v": 53.237,
                "t_x": 53.237,
                "t_y": 53.237,
                "throttle_L": 9600,
                "throttle_R": 8577,
                "u_raw": 0.6375336,
                "utm_zone": 30,
                "v_raw": -0.2490349,
                "x": 23.758116599999997,
                "y": 25.566733499999998
            },
            "type": "Feature"
        },
        {
            "geometry": {
                "coordinates": [
                    -3.7313175,
                    40.4370559
                ],
                "type": "Point"
            },
            "properties": {
                "Ah": 0.251924,
                "du_raw": -0.0791046,
                "dv_raw": -0.346693,
                "fecha": "2025-05-28 16:27:54.750000",
                "orientacion_raw": -0.062025,
                "t_Ah": 53.427,
                "t_T_L": 53.6,
                "t_T_R": 53.6,
                "t_du": 53.521,
                "t_dv": 53.521,
                "t_lat": 53.757,
                "t_lon": 53.757,
                "t_orientacion": 53.52,
                "t_u": 53.521,
                "t_utm_zone": 53.546,
                "t_v": 53.521,
                "t_x": 53.521,
                "t_y": 53.521,
                "throttle_L": 9600,
                "throttle_R": 8234,
                "u_raw": 0.6076485,
                "utm_zone": 30,
                "v_raw": -0.27892,
                "x": 23.898743399999997,
                "y": 25.558920899999997
            },
            "type": "Feature"
        },
        {
            "geometry": {
                "coordinates": [
                    -3.7313178,
                    40.437058799999996
                ],
                "type": "Point"
            },
            "properties": {
                "Ah": 0.251924,
                "du_raw": -0.1132856,
                "dv_raw": -0.0107426,
                "fecha": "2025-05-28 16:27:55.250000",
                "orientacion_raw": -0.093033,
                "t_Ah": 53.427,
                "t_T_L": 54.145,
                "t_T_R": 54.145,
                "t_du": 53.843,
                "t_dv": 53.843,
                "t_lat": 54.146,
                "t_lon": 54.146,
                "t_orientacion": 53.96,
                "t_u": 53.843,
                "t_utm_zone": 54.055,
                "t_v": 53.843,
                "t_x": 53.843,
                "t_y": 53.843,
                "throttle_L": 8906,
                "throttle_R": 9600,
                "u_raw": 0.5976868,
                "utm_zone": 30,
                "v_raw": -0.1095749,
                "x": 24.039370199999997,
                "y": 25.508138999999996
            },
            "type": "Feature"
        },
        {
            "geometry": {
                "coordinates": [
                    -3.7313178999999996,
                    40.4370602
                ],
                "type": "Point"
            },
            "properties": {
                "Ah": 0.251924,
                "du_raw": -0.463885,
                "dv_raw": 0.0214852,
                "fecha": "2025-05-28 16:27:55.500000",
                "orientacion_raw": -0.093033,
                "t_Ah": 53.427,
                "t_T_L": 54.145,
                "t_T_R": 54.145,
                "t_du": 54.413,
                "t_dv": 54.413,
                "t_lat": 54.493,
                "t_lon": 54.493,
                "t_orientacion": 53.96,
                "t_u": 54.413,
                "t_utm_zone": 54.292,
                "t_v": 54.413,
                "t_x": 54.413,
                "t_y": 54.413,
                "throttle_L": 8906,
                "throttle_R": 9600,
                "u_raw": 0.5379185,
                "utm_zone": 30,
                "v_raw": -0.1593834,
                "x": 24.519845099999998,
                "y": 25.4768886
            },
            "type": "Feature"
        },
        {
            "geometry": {
                "coordinates": [
                    -3.7313177,
                    40.437061799999995
                ],
                "type": "Point"
            },
            "properties": {
                "Ah": 0.251924,
                "du_raw": -0.185554,
                "dv_raw": -0.1386772,
                "fecha": "2025-05-28 16:27:55.750000",
                "orientacion_raw": -0.111282,
                "t_Ah": 53.427,
                "t_T_L": 54.6,
                "t_T_R": 54.6,
                "t_du": 54.744,
                "t_dv": 54.744,
                "t_lat": 54.805,
                "t_lon": 54.805,
                "t_orientacion": 54.506,
                "t_u": 54.744,
                "t_utm_zone": 54.523,
                "t_v": 54.744,
                "t_x": 54.744,
                "t_y": 54.744,
                "throttle_L": 7979,
                "throttle_R": 9600,
                "u_raw": 0.6873402,
                "utm_zone": 30,
                "v_raw": -0.3187668,
                "x": 24.6995349,
                "y": 25.398762599999998
            },
            "type": "Feature"
        },
        {
            "geometry": {
                "coordinates": [
                    -3.7313178,
                    40.437064899999996
                ],
                "type": "Point"
            },
            "properties": {
                "Ah": 0.251924,
                "du_raw": 0,
                "dv_raw": -0.107426,
                "fecha": "2025-05-28 16:27:56.250000",
                "orientacion_raw": -0.076118,
                "t_Ah": 53.427,
                "t_T_L": 55.104,
                "t_T_R": 55.104,
                "t_du": 55.017,
                "t_dv": 55.017,
                "t_lat": 55.193,
                "t_lon": 55.193,
                "t_orientacion": 54.953,
                "t_u": 55.017,
                "t_utm_zone": 55.04,
                "t_v": 55.017,
                "t_x": 55.017,
                "t_y": 55.017,
                "throttle_L": 9600,
                "throttle_R": 8631,
                "u_raw": 0.5379185,
                "utm_zone": 30,
                "v_raw": -0.1494217,
                "x": 24.8596932,
                "y": 25.3596996
            },
            "type": "Feature"
        },
        {
            "geometry": {
                "coordinates": [
                    -3.7313175999999997,
                    40.4370666
                ],
                "type": "Point"
            },
            "properties": {
                "Ah": 0.251924,
                "du_raw": -0.21973499999999999,
                "dv_raw": -0.2607522,
                "fecha": "2025-05-28 16:27:56.250000",
                "orientacion_raw": -0.054914,
                "t_Ah": 53.427,
                "t_T_L": 55.104,
                "t_T_R": 55.104,
                "t_du": 55.308,
                "t_dv": 55.308,
                "t_lat": 55.517,
                "t_lon": 55.517,
                "t_orientacion": 55.458,
                "t_u": 55.308,
                "t_utm_zone": 55.309,
                "t_v": 55.308,
                "t_x": 55.308,
                "t_y": 55.308,
                "throttle_L": 9600,
                "throttle_R": 8631,
                "u_raw": 0.5976868,
                "utm_zone": 30,
                "v_raw": -0.0896515,
                "x": 25.039382999999997,
                "y": 25.3167303
            },
            "type": "Feature"
        },
        {
            "geometry": {
                "coordinates": [
                    -3.731318,
                    40.437069699999995
                ],
                "type": "Point"
            },
            "properties": {
                "Ah": 0.251924,
                "du_raw": -0.3603654,
                "dv_raw": -0.1455134,
                "fecha": "2025-05-28 16:27:56.750000",
                "orientacion_raw": -0.054914,
                "t_Ah": 53.427,
                "t_T_L": 55.649,
                "t_T_R": 55.649,
                "t_du": 55.65,
                "t_dv": 55.65,
                "t_lat": 55.845,
                "t_lon": 55.845,
                "t_orientacion": 55.458,
                "t_u": 55.65,
                "t_utm_zone": 55.793,
                "t_v": 55.65,
                "t_x": 55.65,
                "t_y": 55.65,
                "throttle_L": 8961,
                "throttle_R": 9600,
                "u_raw": 0.6474934,
                "utm_zone": 30,
                "v_raw": -0.2988434,
                "x": 25.3870437,
                "y": 25.2698547
            },
            "type": "Feature"
        },
        {
            "geometry": {
                "coordinates": [
                    -3.7313175,
                    40.4370708
                ],
                "type": "Point"
            },
            "properties": {
                "Ah": 0.251924,
                "du_raw": -0.1914136,
                "dv_raw": -0.0742216,
                "fecha": "2025-05-28 16:27:57.250000",
                "orientacion_raw": -0.025538,
                "t_Ah": 53.427,
                "t_T_L": 56.1,
                "t_T_R": 56.1,
                "t_du": 55.9,
                "t_dv": 55.9,
                "t_lat": 56.254,
                "t_lon": 56.254,
                "t_orientacion": 55.966,
                "t_u": 55.9,
                "t_utm_zone": 56.036,
                "t_v": 55.9,
                "t_x": 55.9,
                "t_y": 55.9,
                "throttle_L": 9600,
                "throttle_R": 7610,
                "u_raw": 0.6574551,
                "utm_zone": 30,
                "v_raw": -0.1793049,
                "x": 25.566733499999998,
                "y": 25.2190728
            },
            "type": "Feature"
        },
        {
            "geometry": {
                "coordinates": [
                    -3.7313174,
                    40.437072199999996
                ],
                "type": "Point"
            },
            "properties": {
                "Ah": 0.251924,
                "du_raw": -0.2890736,
                "dv_raw": -0.0947302,
                "fecha": "2025-05-28 16:27:57.250000",
                "orientacion_raw": -0.012529,
                "t_Ah": 53.427,
                "t_T_L": 56.1,
                "t_T_R": 56.1,
                "t_du": 56.495,
                "t_dv": 56.495,
                "t_lat": 56.542,
                "t_lon": 56.542,
                "t_orientacion": 56.463,
                "t_u": 56.495,
                "t_utm_zone": 56.284,
                "t_v": 56.495,
                "t_x": 56.495,
                "t_y": 56.495,
                "throttle_L": 9600,
                "throttle_R": 7610,
                "u_raw": 0.6375336,
                "utm_zone": 30,
                "v_raw": -0.0298832,
                "x": 25.847987099999997,
                "y": 25.226885399999997
            },
            "type": "Feature"
        },
        {
            "geometry": {
                "coordinates": [
                    -3.7313174,
                    40.437074599999995
                ],
                "type": "Point"
            },
            "properties": {
                "Ah": 0.251924,
                "du_raw": -0.322278,
                "dv_raw": -0.0761748,
                "fecha": "2025-05-28 16:27:57.750000",
                "orientacion_raw": -0.012529,
                "t_Ah": 53.427,
                "t_T_L": 56.592,
                "t_T_R": 56.592,
                "t_du": 56.805,
                "t_dv": 56.805,
                "t_lat": 56.89,
                "t_lon": 56.89,
                "t_orientacion": 56.463,
                "t_u": 56.805,
                "t_utm_zone": 56.806,
                "t_v": 56.805,
                "t_x": 56.805,
                "t_y": 56.805,
                "throttle_L": 9600,
                "throttle_R": 7586,
                "u_raw": 0.6574551,
                "utm_zone": 30,
                "v_raw": -0.1494217,
                "x": 25.988613899999997,
                "y": 25.2190728
            },
            "type": "Feature"
        },
        {
            "geometry": {
                "coordinates": [
                    -3.7313183999999997,
                    40.437075799999995
                ],
                "type": "Point"
            },
            "properties": {
                "Ah": 0.251924,
                "du_raw": -0.1113324,
                "dv_raw": -0.190437,
                "fecha": "2025-05-28 16:27:58",
                "orientacion_raw": -0.024389,
                "t_Ah": 53.427,
                "t_T_L": 57.138,
                "t_T_R": 57.138,
                "t_du": 57.139,
                "t_dv": 57.139,
                "t_lat": 57.251,
                "t_lon": 57.251,
                "t_orientacion": 56.947,
                "t_u": 57.139,
                "t_utm_zone": 57.032,
                "t_v": 57.139,
                "t_x": 57.139,
                "t_y": 57.139,
                "throttle_L": 9600,
                "throttle_R": 7829,
                "u_raw": 0.5678017,
                "utm_zone": 30,
                "v_raw": -0.1593834,
                "x": 26.250335999999997,
                "y": 25.1682909
            },
            "type": "Feature"
        },
        {
            "geometry": {
                "coordinates": [
                    -3.7313199,
                    40.4370781
                ],
                "type": "Point"
            },
            "properties": {
                "Ah": 0.251924,
                "du_raw": -0.2255946,
                "dv_raw": -0.0566428,
                "fecha": "2025-05-28 16:27:58.500000",
                "orientacion_raw": -0.050412,
                "t_Ah": 53.427,
                "t_T_L": 57.64,
                "t_T_R": 57.64,
                "t_du": 57.401,
                "t_dv": 57.401,
                "t_lat": 57.641,
                "t_lon": 57.641,
                "t_orientacion": 57.463,
                "t_u": 57.401,
                "t_utm_zone": 57.545,
                "t_v": 57.401,
                "t_x": 57.401,
                "t_y": 57.401,
                "throttle_L": 9600,
                "throttle_R": 9510,
                "u_raw": 0.6176102,
                "utm_zone": 30,
                "v_raw": -0.2689583,
                "x": 26.367524999999997,
                "y": 25.137040499999998
            },
            "type": "Feature"
        },
        {
            "geometry": {
                "coordinates": [
                    -3.7313205999999997,
                    40.437079
                ],
                "type": "Point"
            },
            "properties": {
                "Ah": 0.267611,
                "du_raw": -0.1406304,
                "dv_raw": -0.1093792,
                "fecha": "2025-05-28 16:27:58.750000",
                "orientacion_raw": -0.050412,
                "t_Ah": 57.893,
                "t_T_L": 57.64,
                "t_T_R": 57.64,
                "t_du": 57.753,
                "t_dv": 57.753,
                "t_lat": 57.984,
                "t_lon": 57.984,
                "t_orientacion": 57.463,
                "t_u": 57.753,
                "t_utm_zone": 57.781,
                "t_v": 57.753,
                "t_x": 57.753,
                "t_y": 57.753,
                "throttle_L": 9600,
                "throttle_R": 9510,
                "u_raw": 0.5578419,
                "utm_zone": 30,
                "v_raw": -0.2888817,
                "x": 26.508151799999997,
                "y": 25.129227899999997
            },
            "type": "Feature"
        },
        {
            "geometry": {
                "coordinates": [
                    -3.7313221999999997,
                    40.437080099999996
                ],
                "type": "Point"
            },
            "properties": {
                "Ah": 0.267611,
                "du_raw": -0.4326338,
                "dv_raw": 0.0029297999999999998,
                "fecha": "2025-05-28 16:27:59",
                "orientacion_raw": -0.066898,
                "t_Ah": 57.893,
                "t_T_L": 58.086,
                "t_T_R": 58.086,
                "t_du": 57.99,
                "t_dv": 57.99,
                "t_lat": 58.329,
                "t_lon": 58.329,
                "t_orientacion": 57.989,
                "t_u": 57.99,
                "t_utm_zone": 58.033,
                "t_v": 57.99,
                "t_x": 57.99,
                "t_y": 57.99,
                "throttle_L": 9600,
                "throttle_R": 8850,
                "u_raw": 0.5379185,
                "utm_zone": 30,
                "v_raw": -0.0796917,
                "x": 26.609715599999998,
                "y": 25.109696399999997
            },
            "type": "Feature"
        },
        {
            "geometry": {
                "coordinates": [
                    -3.7313243,
                    40.4370824
                ],
                "type": "Point"
            },
            "properties": {
                "Ah": 0.267611,
                "du_raw": -0.1181686,
                "dv_raw": 0.0556662,
                "fecha": "2025-05-28 16:27:59.500000",
                "orientacion_raw": -0.056325,
                "t_Ah": 57.893,
                "t_T_L": 58.629,
                "t_T_R": 58.629,
                "t_du": 58.63,
                "t_dv": 58.63,
                "t_lat": 58.632,
                "t_lon": 58.632,
                "t_orientacion": 58.456,
                "t_u": 58.63,
                "t_utm_zone": 58.527,
                "t_v": 58.63,
                "t_x": 58.63,
                "t_y": 58.63,
                "throttle_L": 9600,
                "throttle_R": 8685,
                "u_raw": 0.5578419,
                "utm_zone": 30,
                "v_raw": -0.1095749,
                "x": 26.9769078,
                "y": 25.1487594
            },
            "type": "Feature"
        },
        {
            "geometry": {
                "coordinates": [
                    -3.7313245999999998,
                    40.4370833
                ],
                "type": "Point"
            },
            "properties": {
                "Ah": 0.267611,
                "du_raw": -0.302746,
                "dv_raw": -0.0507832,
                "fecha": "2025-05-28 16:27:59.750000",
                "orientacion_raw": -0.058604,
                "t_Ah": 57.893,
                "t_T_L": 58.629,
                "t_T_R": 58.629,
                "t_du": 58.887,
                "t_dv": 58.887,
                "t_lat": 59.032,
                "t_lon": 59.032,
                "t_orientacion": 58.94,
                "t_u": 58.887,
                "t_utm_zone": 58.76,
                "t_v": 58.887,
                "t_x": 58.887,
                "t_y": 58.887,
                "throttle_L": 9600,
                "throttle_R": 8685,
                "u_raw": 0.5478802,
                "utm_zone": 30,
                "v_raw": -0.0796917,
                "x": 27.078471599999997,
                "y": 25.129227899999997
            },
            "type": "Feature"
        },
        {
            "geometry": {
                "coordinates": [
                    -3.7313254,
                    40.437085599999996
                ],
                "type": "Point"
            },
            "properties": {
                "Ah": 0.267611,
                "du_raw": -0.1279346,
                "dv_raw": -0.0380874,
                "fecha": "2025-05-28 16:28:00.250000",
                "orientacion_raw": -0.058604,
                "t_Ah": 57.893,
                "t_T_L": 59.082,
                "t_T_R": 59.082,
                "t_du": 59.192,
                "t_dv": 59.192,
                "t_lat": 59.332,
                "t_lon": 59.332,
                "t_orientacion": 58.94,
                "t_u": 59.192,
                "t_utm_zone": 59.28,
                "t_v": 59.192,
                "t_x": 59.192,
                "t_y": 59.192,
                "throttle_L": 9600,
                "throttle_R": 9188,
                "u_raw": 0.5379185,
                "utm_zone": 30,
                "v_raw": -0.0597683,
                "x": 27.180035399999998,
                "y": 25.109696399999997
            },
            "type": "Feature"
        },
        {
            "geometry": {
                "coordinates": [
                    -3.7313262,
                    40.437086799999996
                ],
                "type": "Point"
            },
            "properties": {
                "Ah": 0.267611,
                "du_raw": -0.2578224,
                "dv_raw": -0.2119222,
                "fecha": "2025-05-28 16:28:00.500000",
                "orientacion_raw": -0.055007,
                "t_Ah": 57.893,
                "t_T_L": 59.577,
                "t_T_R": 59.577,
                "t_du": 59.49,
                "t_dv": 59.49,
                "t_lat": 59.72,
                "t_lon": 59.72,
                "t_orientacion": 59.488,
                "t_u": 59.49,
                "t_utm_zone": 59.525,
                "t_v": 59.49,
                "t_x": 59.49,
                "t_y": 59.49,
                "throttle_L": 9600,
                "throttle_R": 8961,
                "u_raw": 0.6275719,
                "utm_zone": 30,
                "v_raw": -0.2589966,
                "x": 27.340193699999997,
                "y": 25.090164899999998
            },
            "type": "Feature"
        },
        {
            "geometry": {
                "coordinates": [
                    -3.7313269,
                    40.4370879
                ],
                "type": "Point"
            },
            "properties": {
                "Ah": 0.267611,
                "du_raw": -0.1259814,
                "dv_raw": -0.0302746,
                "fecha": "2025-05-28 16:28:00.750000",
                "orientacion_raw": -0.049979,
                "t_Ah": 57.893,
                "t_T_L": 59.577,
                "t_T_R": 59.577,
                "t_du": 59.799,
                "t_dv": 59.799,
                "t_lat": 60.03,
                "t_lon": 60.03,
                "t_orientacion": 59.935,
                "t_u": 59.799,
                "t_utm_zone": 59.801,
                "t_v": 59.799,
                "t_x": 59.799,
                "t_y": 59.799,
                "throttle_L": 9600,
                "throttle_R": 8961,
                "u_raw": 0.5678017,
                "utm_zone": 30,
                "v_raw": -0.1793049,
                "x": 27.4691016,
                "y": 25.129227899999997
            },
            "type": "Feature"
        },
        {
            "geometry": {
                "coordinates": [
                    -3.7313281,
                    40.43709
                ],
                "type": "Point"
            },
            "properties": {
                "Ah": 0.267611,
                "du_raw": -0.371108,
                "dv_raw": -0.0615258,
                "fecha": "2025-05-28 16:28:01.250000",
                "orientacion_raw": -0.049979,
                "t_Ah": 57.893,
                "t_T_L": 60.122,
                "t_T_R": 60.122,
                "t_du": 60.123,
                "t_dv": 60.123,
                "t_lat": 60.423,
                "t_lon": 60.423,
                "t_orientacion": 59.935,
                "t_u": 60.123,
                "t_utm_zone": 60.289,
                "t_v": 60.123,
                "t_x": 60.123,
                "t_y": 60.123,
                "throttle_L": 9600,
                "throttle_R": 8712,
                "u_raw": 0.5478802,
                "utm_zone": 30,
                "v_raw": -0.2689583,
                "x": 27.726917399999998,
                "y": 25.117509
            },
            "type": "Feature"
        },
        {
            "geometry": {
                "coordinates": [
                    -3.7313278999999997,
                    40.4370909
                ],
                "type": "Point"
            },
            "properties": {
                "Ah": 0.267611,
                "du_raw": -0.2158286,
                "dv_raw": 0.0771514,
                "fecha": "2025-05-28 16:28:01.500000",
                "orientacion_raw": -0.044846,
                "t_Ah": 57.893,
                "t_T_L": 60.573,
                "t_T_R": 60.573,
                "t_du": 60.74,
                "t_dv": 60.74,
                "t_lat": 60.742,
                "t_lon": 60.742,
                "t_orientacion": 60.461,
                "t_u": 60.74,
                "t_utm_zone": 60.522,
                "t_v": 60.74,
                "t_x": 60.74,
                "t_y": 60.74,
                "throttle_L": 9600,
                "throttle_R": 7562,
                "u_raw": 0.5976868,
                "utm_zone": 30,
                "v_raw": -0.1593834,
                "x": 27.930044999999996,
                "y": 25.090164899999998
            },
            "type": "Feature"
        },
        {
            "geometry": {
                "coordinates": [
                    -3.7313281999999997,
                    40.437093
                ],
                "type": "Point"
            },
            "properties": {
                "Ah": 0.267611,
                "du_raw": -0.2060626,
                "dv_raw": -0.0078128,
                "fecha": "2025-05-28 16:28:02",
                "orientacion_raw": -0.049413,
                "t_Ah": 57.893,
                "t_T_L": 61.082,
                "t_T_R": 61.082,
                "t_du": 60.993,
                "t_dv": 60.993,
                "t_lat": 61.083,
                "t_lon": 61.083,
                "t_orientacion": 60.931,
                "t_u": 60.993,
                "t_utm_zone": 61.018,
                "t_v": 60.993,
                "t_x": 60.993,
                "t_y": 60.993,
                "throttle_L": 9600,
                "throttle_R": 8631,
                "u_raw": 0.5777634,
                "utm_zone": 30,
                "v_raw": -0.3088051,
                "x": 28.0394214,
                "y": 25.019851499999998
            },
            "type": "Feature"
        },
        {
            "geometry": {
                "coordinates": [
                    -3.7313289,
                    40.4370942
                ],
                "type": "Point"
            },
            "properties": {
                "Ah": 0.267611,
                "du_raw": -0.3769676,
                "dv_raw": -0.0136724,
                "fecha": "2025-05-28 16:28:02.250000",
                "orientacion_raw": -0.049413,
                "t_Ah": 57.893,
                "t_T_L": 61.082,
                "t_T_R": 61.082,
                "t_du": 61.294,
                "t_dv": 61.294,
                "t_lat": 61.46,
                "t_lon": 61.46,
                "t_orientacion": 60.931,
                "t_u": 61.294,
                "t_utm_zone": 61.295,
                "t_v": 61.294,
                "t_x": 61.294,
                "t_y": 61.294,
                "throttle_L": 9600,
                "throttle_R": 8631,
                "u_raw": 0.5976868,
                "utm_zone": 30,
                "v_raw": -0.0796917,
                "x": 28.156610399999998,
                "y": 25.0081326
            },
            "type": "Feature"
        },
        {
            "geometry": {
                "coordinates": [
                    -3.7313297999999997,
                    40.4370949
                ],
                "type": "Point"
            },
            "properties": {
                "Ah": 0.267611,
                "du_raw": -0.1933668,
                "dv_raw": -0.0742216,
                "fecha": "2025-05-28 16:28:02.500000",
                "orientacion_raw": -0.070335,
                "t_Ah": 57.893,
                "t_T_L": 61.619,
                "t_T_R": 61.619,
                "t_du": 61.62,
                "t_dv": 61.62,
                "t_lat": 61.793,
                "t_lon": 61.793,
                "t_orientacion": 61.465,
                "t_u": 61.62,
                "t_utm_zone": 61.524,
                "t_v": 61.62,
                "t_x": 61.62,
                "t_y": 61.62,
                "throttle_L": 9600,
                "throttle_R": 9074,
                "u_raw": 0.5976868,
                "utm_zone": 30,
                "v_raw": -0.2191517,
                "x": 28.367550599999998,
                "y": 24.969069599999997
            },
            "type": "Feature"
        },
        {
            "geometry": {
                "coordinates": [
                    -3.7313319999999996,
                    40.437097
                ],
                "type": "Point"
            },
            "properties": {
                "Ah": 0.267611,
                "du_raw": -0.185554,
                "dv_raw": -0.11914519999999999,
                "fecha": "2025-05-28 16:28:03",
                "orientacion_raw": -0.066921,
                "t_Ah": 57.893,
                "t_T_L": 62.067,
                "t_T_R": 62.067,
                "t_du": 61.876,
                "t_dv": 61.876,
                "t_lat": 62.172,
                "t_lon": 62.172,
                "t_orientacion": 61.927,
                "t_u": 61.876,
                "t_utm_zone": 62.017,
                "t_v": 61.876,
                "t_x": 61.876,
                "t_y": 61.876,
                "throttle_L": 9600,
                "throttle_R": 8631,
                "u_raw": 0.7072636,
                "utm_zone": 30,
                "v_raw": -0.2689583,
                "x": 28.476926999999996,
                "y": 24.969069599999997
            },
            "type": "Feature"
        },
        {
            "geometry": {
                "coordinates": [
                    -3.7313319,
                    40.4370976
                ],
                "type": "Point"
            },
            "properties": {
                "Ah": 0.283767,
                "du_raw": -0.1279346,
                "dv_raw": -0.23829039999999999,
                "fecha": "2025-05-28 16:28:03.250000",
                "orientacion_raw": -0.067148,
                "t_Ah": 62.375,
                "t_T_L": 62.067,
                "t_T_R": 62.067,
                "t_du": 62.179,
                "t_dv": 62.179,
                "t_lat": 62.487,
                "t_lon": 62.487,
                "t_orientacion": 62.486,
                "t_u": 62.179,
                "t_utm_zone": 62.263,
                "t_v": 62.179,
                "t_x": 62.179,
                "t_y": 62.179,
                "throttle_L": 9600,
                "throttle_R": 8631,
                "u_raw": 0.6176102,
                "utm_zone": 30,
                "v_raw": -0.1793049,
                "x": 28.598022299999997,
                "y": 24.9768822
            },
            "type": "Feature"
        },
        {
            "geometry": {
                "coordinates": [
                    -3.7313315,
                    40.4370981
                ],
                "type": "Point"
            },
            "properties": {
                "Ah": 0.283767,
                "du_raw": -0.1455134,
                "dv_raw": -0.0800812,
                "fecha": "2025-05-28 16:28:03.750000",
                "orientacion_raw": -0.067148,
                "t_Ah": 62.375,
                "t_T_L": 62.57,
                "t_T_R": 62.57,
                "t_du": 62.821,
                "t_dv": 62.821,
                "t_lat": 62.826,
                "t_lon": 62.826,
                "t_orientacion": 62.486,
                "t_u": 62.821,
                "t_utm_zone": 62.824,
                "t_v": 62.821,
                "t_x": 62.821,
                "t_y": 62.821,
                "throttle_L": 9600,
                "throttle_R": 8767,
                "u_raw": 0.5578419,
                "utm_zone": 30,
                "v_raw": -0.20919000000000001,
                "x": 28.719117599999997,
                "y": 24.9573507
            },
            "type": "Feature"
        },
        {
            "geometry": {
                "coordinates": [
                    -3.7313327999999997,
                    40.4370999
                ],
                "type": "Point"
            },
            "properties": {
                "Ah": 0.283767,
                "du_raw": -0.0839876,
                "dv_raw": -0.0361342,
                "fecha": "2025-05-28 16:28:04",
                "orientacion_raw": -0.06977,
                "t_Ah": 62.375,
                "t_T_L": 63.116,
                "t_T_R": 63.116,
                "t_du": 63.117,
                "t_dv": 63.117,
                "t_lat": 63.2,
                "t_lon": 63.2,
                "t_orientacion": 62.947,
                "t_u": 63.117,
                "t_utm_zone": 63.029,
                "t_v": 63.117,
                "t_x": 63.117,
                "t_y": 63.117,
                "throttle_L": 9600,
                "throttle_R": 8712,
                "u_raw": 0.5777634,
                "utm_zone": 30,
                "v_raw": -0.2291134,
                "x": 28.930057799999997,
                "y": 24.9768822
            },
            "type": "Feature"
        },
        {
            "geometry": {
                "coordinates": [
                    -3.7313334,
                    40.437101
                ],
                "type": "Point"
            },
            "properties": {
                "Ah": 0.283767,
                "du_raw": -0.2119222,
                "dv_raw": -0.0605492,
                "fecha": "2025-05-28 16:28:04.250000",
                "orientacion_raw": -0.070849,
                "t_Ah": 62.375,
                "t_T_L": 63.116,
                "t_T_R": 63.116,
                "t_du": 63.378,
                "t_dv": 63.378,
                "t_lat": 63.53,
                "t_lon": 63.53,
                "t_orientacion": 63.442,
                "t_u": 63.378,
                "t_utm_zone": 63.259,
                "t_v": 63.378,
                "t_x": 63.378,
                "t_y": 63.378,
                "throttle_L": 9600,
                "throttle_R": 8712,
                "u_raw": 0.6076485,
                "utm_zone": 30,
                "v_raw": -0.1992283,
                "x": 29.047246799999996,
                "y": 24.9378192
            },
            "type": "Feature"
        },
        {
            "geometry": {
                "coordinates": [
                    -3.7313340999999998,
                    40.437102499999995
                ],
                "type": "Point"
            },
            "properties": {
                "Ah": 0.283767,
                "du_raw": -0.4072422,
                "dv_raw": -0.087894,
                "fecha": "2025-05-28 16:28:04.750000",
                "orientacion_raw": -0.070849,
                "t_Ah": 62.375,
                "t_T_L": 63.566,
                "t_T_R": 63.566,
                "t_du": 63.707,
                "t_dv": 63.707,
                "t_lat": 63.865,
                "t_lon": 63.865,
                "t_orientacion": 63.442,
                "t_u": 63.707,
                "t_utm_zone": 63.763,
                "t_v": 63.707,
                "t_x": 63.707,
                "t_y": 63.707,
                "throttle_L": 9600,
                "throttle_R": 8658,
                "u_raw": 0.48811,
                "utm_zone": 30,
                "v_raw": -0.2888817,
                "x": 29.1566232,
                "y": 24.9573507
            },
            "type": "Feature"
        },
        {
            "geometry": {
                "coordinates": [
                    -3.7313349,
                    40.4371036
                ],
                "type": "Point"
            },
            "properties": {
                "Ah": 0.283767,
                "du_raw": -0.249033,
                "dv_raw": 0.1933668,
                "fecha": "2025-05-28 16:28:05",
                "orientacion_raw": -0.072898,
                "t_Ah": 62.375,
                "t_T_L": 64.063,
                "t_T_R": 64.063,
                "t_du": 63.969,
                "t_dv": 63.969,
                "t_lat": 64.216,
                "t_lon": 64.216,
                "t_orientacion": 63.922,
                "t_u": 63.969,
                "t_utm_zone": 64.03,
                "t_v": 63.969,
                "t_x": 63.969,
                "t_y": 63.969,
                "throttle_L": 9600,
                "throttle_R": 8712,
                "u_raw": 0.5777634,
                "utm_zone": 30,
                "v_raw": -0.38849680000000003,
                "x": 29.2074051,
                "y": 25.0081326
            },
            "type": "Feature"
        },
        {
            "geometry": {
                "coordinates": [
                    -3.7313354,
                    40.4371047
                ],
                "type": "Point"
            },
            "properties": {
                "Ah": 0.283767,
                "du_raw": -0.4082188,
                "dv_raw": -0.1113324,
                "fecha": "2025-05-28 16:28:05.500000",
                "orientacion_raw": -0.065057,
                "t_Ah": 62.375,
                "t_T_L": 64.607,
                "t_T_R": 64.607,
                "t_du": 64.286,
                "t_dv": 64.286,
                "t_lat": 64.607,
                "t_lon": 64.607,
                "t_orientacion": 64.435,
                "t_u": 64.286,
                "t_utm_zone": 64.507,
                "t_v": 64.286,
                "t_x": 64.286,
                "t_y": 64.286,
                "throttle_L": 9600,
                "throttle_R": 8658,
                "u_raw": 0.6176102,
                "utm_zone": 30,
                "v_raw": -0.13946,
                "x": 29.340219299999998,
                "y": 25.0081326
            },
            "type": "Feature"
        },
        {
            "geometry": {
                "coordinates": [
                    -3.7313357,
                    40.437106199999995
                ],
                "type": "Point"
            },
            "properties": {
                "Ah": 0.283767,
                "du_raw": -0.0517598,
                "dv_raw": -0.023438399999999998,
                "fecha": "2025-05-28 16:28:05.750000",
                "orientacion_raw": -0.065057,
                "t_Ah": 62.375,
                "t_T_L": 64.607,
                "t_T_R": 64.607,
                "t_du": 64.863,
                "t_dv": 64.863,
                "t_lat": 64.945,
                "t_lon": 64.945,
                "t_orientacion": 64.435,
                "t_u": 64.863,
                "t_utm_zone": 64.761,
                "t_v": 64.863,
                "t_x": 64.863,
                "t_y": 64.863,
                "throttle_L": 9600,
                "throttle_R": 8658,
                "u_raw": 0.5877251,
                "utm_zone": 30,
                "v_raw": -0.1992283,
                "x": 29.617566599999996,
                "y": 25.0276641
            },
            "type": "Feature"
        },
        {
            "geometry": {
                "coordinates": [
                    -3.7313354999999997,
                    40.437106899999996
                ],
                "type": "Point"
            },
            "properties": {
                "Ah": 0.283767,
                "du_raw": -0.3261844,
                "dv_raw": -0.1923902,
                "fecha": "2025-05-28 16:28:06",
                "orientacion_raw": -0.052352,
                "t_Ah": 62.375,
                "t_T_L": 65.056,
                "t_T_R": 65.056,
                "t_du": 65.214,
                "t_dv": 65.214,
                "t_lat": 65.26,
                "t_lon": 65.26,
                "t_orientacion": 64.95,
                "t_u": 65.214,
                "t_utm_zone": 65.004,
                "t_v": 65.214,
                "t_x": 65.214,
                "t_y": 65.214,
                "throttle_L": 9600,
                "throttle_R": 8312,
                "u_raw": 0.6375336,
                "utm_zone": 30,
                "v_raw": -0.2689583,
                "x": 29.699598899999998,
                "y": 24.918287699999997
            },
            "type": "Feature"
        },
        {
            "geometry": {
                "coordinates": [
                    -3.7313370999999997,
                    40.437109
                ],
                "type": "Point"
            },
            "properties": {
                "Ah": 0.283767,
                "du_raw": -0.2285244,
                "dv_raw": 0.0273448,
                "fecha": "2025-05-28 16:28:06.500000",
                "orientacion_raw": -0.044949,
                "t_Ah": 62.375,
                "t_T_L": 65.557,
                "t_T_R": 65.557,
                "t_du": 65.47,
                "t_dv": 65.47,
                "t_lat": 65.648,
                "t_lon": 65.648,
                "t_orientacion": 65.467,
                "t_u": 65.47,
                "t_utm_zone": 65.506,
                "t_v": 65.47,
                "t_x": 65.47,
                "t_y": 65.47,
                "throttle_L": 9600,
                "throttle_R": 8182,
                "u_raw": 0.4980717,
                "utm_zone": 30,
                "v_raw": -0.1494217,
                "x": 29.816787899999998,
                "y": 24.879224699999998
            },
            "type": "Feature"
        },
        {
            "geometry": {
                "coordinates": [
                    -3.7313378999999998,
                    40.4371101
                ],
                "type": "Point"
            },
            "properties": {
                "Ah": 0.283767,
                "du_raw": 0.0351576,
                "dv_raw": 0.0908238,
                "fecha": "2025-05-28 16:28:06.750000",
                "orientacion_raw": -0.038779,
                "t_Ah": 62.375,
                "t_T_L": 65.557,
                "t_T_R": 65.557,
                "t_du": 65.772,
                "t_dv": 65.772,
                "t_lat": 65.971,
                "t_lon": 65.971,
                "t_orientacion": 65.919,
                "t_u": 65.772,
                "t_utm_zone": 65.773,
                "t_v": 65.772,
                "t_x": 65.772,
                "t_y": 65.772,
                "throttle_L": 9600,
                "throttle_R": 8182,
                "u_raw": 0.5777634,
                "utm_zone": 30,
                "v_raw": -0.2390751,
                "x": 29.930070599999997,
                "y": 24.797192399999997
            },
            "type": "Feature"
        },
        {
            "geometry": {
                "coordinates": [
                    -3.7313389999999997,
                    40.4371113
                ],
                "type": "Point"
            },
            "properties": {
                "Ah": 0.283767,
                "du_raw": -0.1162154,
                "dv_raw": 0.029298,
                "fecha": "2025-05-28 16:28:07.250000",
                "orientacion_raw": -0.038779,
                "t_Ah": 62.375,
                "t_T_L": 66.106,
                "t_T_R": 66.106,
                "t_du": 66.108,
                "t_dv": 66.108,
                "t_lat": 66.302,
                "t_lon": 66.302,
                "t_orientacion": 65.919,
                "t_u": 66.108,
                "t_utm_zone": 66.248,
                "t_v": 66.108,
                "t_x": 66.108,
                "t_y": 66.108,
                "throttle_L": 9600,
                "throttle_R": 8182,
                "u_raw": 0.6474934,
                "utm_zone": 30,
                "v_raw": -0.3088051,
                "x": 30.187886399999996,
                "y": 24.7385979
            },
            "type": "Feature"
        },
        {
            "geometry": {
                "coordinates": [
                    -3.7313397,
                    40.437113499999995
                ],
                "type": "Point"
            },
            "properties": {
                "Ah": 0.283767,
                "du_raw": -0.0869174,
                "dv_raw": 0.0019532,
                "fecha": "2025-05-28 16:28:07.500000",
                "orientacion_raw": -0.036338,
                "t_Ah": 62.375,
                "t_T_L": 66.551,
                "t_T_R": 66.551,
                "t_du": 66.372,
                "t_dv": 66.372,
                "t_lat": 66.703,
                "t_lon": 66.703,
                "t_orientacion": 66.426,
                "t_u": 66.372,
                "t_utm_zone": 66.5,
                "t_v": 66.372,
                "t_x": 66.372,
                "t_y": 66.372,
                "throttle_L": 9600,
                "throttle_R": 8106,
                "u_raw": 0.6574551,
                "utm_zone": 30,
                "v_raw": -0.2589966,
                "x": 30.328513199999996,
                "y": 24.5979711
            },
            "type": "Feature"
        },
        {
            "geometry": {
                "coordinates": [
                    -3.7313397999999998,
                    40.4371145
                ],
                "type": "Point"
            },
            "properties": {
                "Ah": 0.299554,
                "du_raw": 0.156256,
                "dv_raw": -0.2998162,
                "fecha": "2025-05-28 16:28:07.750000",
                "orientacion_raw": -0.043507,
                "t_Ah": 66.865,
                "t_T_L": 66.551,
                "t_T_R": 66.551,
                "t_du": 66.968,
                "t_dv": 66.968,
                "t_lat": 67.046,
                "t_lon": 67.046,
                "t_orientacion": 66.966,
                "t_u": 66.968,
                "t_utm_zone": 66.788,
                "t_v": 66.968,
                "t_x": 66.968,
                "t_y": 66.968,
                "throttle_L": 9600,
                "throttle_R": 8106,
                "u_raw": 0.5279568,
                "utm_zone": 30,
                "v_raw": 0.0398449,
                "x": 30.547265999999997,
                "y": 24.4300002
            },
            "type": "Feature"
        },
        {
            "geometry": {
                "coordinates": [
                    -3.7313408,
                    40.4371169
                ],
                "type": "Point"
            },
            "properties": {
                "Ah": 0.299554,
                "du_raw": 0.1669986,
                "dv_raw": -0.0419938,
                "fecha": "2025-05-28 16:28:08.250000",
                "orientacion_raw": -0.043507,
                "t_Ah": 66.865,
                "t_T_L": 67.049,
                "t_T_R": 67.049,
                "t_du": 67.265,
                "t_dv": 67.265,
                "t_lat": 67.351,
                "t_lon": 67.351,
                "t_orientacion": 66.966,
                "t_u": 67.265,
                "t_utm_zone": 67.265,
                "t_v": 67.265,
                "t_x": 67.265,
                "t_y": 67.265,
                "throttle_L": 9600,
                "throttle_R": 8080,
                "u_raw": 0.5578419,
                "utm_zone": 30,
                "v_raw": -0.1693432,
                "x": 30.6800802,
                "y": 24.398749799999997
            },
            "type": "Feature"
        },
        {
            "geometry": {
                "coordinates": [
                    -3.7313414999999996,
                    40.4371179
                ],
                "type": "Point"
            },
            "properties": {
                "Ah": 0.299554,
                "du_raw": -0.0068362,
                "dv_raw": -0.1250048,
                "fecha": "2025-05-28 16:28:08.500000",
                "orientacion_raw": -0.063219,
                "t_Ah": 66.865,
                "t_T_L": 67.596,
                "t_T_R": 67.596,
                "t_du": 67.597,
                "t_dv": 67.597,
                "t_lat": 67.696,
                "t_lon": 67.696,
                "t_orientacion": 67.42,
                "t_u": 67.597,
                "t_utm_zone": 67.478,
                "t_v": 67.597,
                "t_x": 67.597,
                "t_y": 67.597,
                "throttle_L": 9600,
                "throttle_R": 8182,
                "u_raw": 0.5080334,
                "utm_zone": 30,
                "v_raw": -0.2291134,
                "x": 30.816800699999998,
                "y": 24.398749799999997
            },
            "type": "Feature"
        },
        {
            "geometry": {
                "coordinates": [
                    -3.7313425,
                    40.4371193
                ],
                "type": "Point"
            },
            "properties": {
                "Ah": 0.299554,
                "du_raw": 0.0791046,
                "dv_raw": -0.1914136,
                "fecha": "2025-05-28 16:28:09",
                "orientacion_raw": -0.093888,
                "t_Ah": 66.865,
                "t_T_L": 68.098,
                "t_T_R": 68.098,
                "t_du": 67.849,
                "t_dv": 67.849,
                "t_lat": 68.099,
                "t_lon": 68.099,
                "t_orientacion": 67.905,
                "t_u": 67.849,
                "t_utm_zone": 67.995,
                "t_v": 67.849,
                "t_x": 67.849,
                "t_y": 67.849,
                "throttle_L": 9600,
                "throttle_R": 8550,
                "u_raw": 0.6474934,
                "utm_zone": 30,
                "v_raw": -0.2988434,
                "x": 31.090241699999996,
                "y": 24.328436399999998
            },
            "type": "Feature"
        },
        {
            "geometry": {
                "coordinates": [
                    -3.731344,
                    40.4371217
                ],
                "type": "Point"
            },
            "properties": {
                "Ah": 0.299554,
                "du_raw": 0.0918004,
                "dv_raw": -0.0556662,
                "fecha": "2025-05-28 16:28:09.250000",
                "orientacion_raw": -0.093888,
                "t_Ah": 66.865,
                "t_T_L": 68.098,
                "t_T_R": 68.098,
                "t_du": 68.192,
                "t_dv": 68.192,
                "t_lat": 68.457,
                "t_lon": 68.457,
                "t_orientacion": 67.905,
                "t_u": 68.192,
                "t_utm_zone": 68.248,
                "t_v": 68.192,
                "t_x": 68.192,
                "t_y": 68.192,
                "throttle_L": 9600,
                "throttle_R": 8550,
                "u_raw": 0.5678017,
                "utm_zone": 30,
                "v_raw": -0.1693432,
                "x": 31.2269622,
                "y": 24.2698419
            },
            "type": "Feature"
        },
        {
            "geometry": {
                "coordinates": [
                    -3.7313448,
                    40.4371228
                ],
                "type": "Point"
            },
            "properties": {
                "Ah": 0.299554,
                "du_raw": 0.1298878,
                "dv_raw": -0.07519819999999999,
                "fecha": "2025-05-28 16:28:09.500000",
                "orientacion_raw": -0.11586,
                "t_Ah": 66.865,
                "t_T_L": 68.549,
                "t_T_R": 68.549,
                "t_du": 68.467,
                "t_dv": 68.467,
                "t_lat": 68.782,
                "t_lon": 68.782,
                "t_orientacion": 68.464,
                "t_u": 68.467,
                "t_utm_zone": 68.499,
                "t_v": 68.467,
                "t_x": 68.467,
                "t_y": 68.467,
                "throttle_L": 9600,
                "throttle_R": 8658,
                "u_raw": 0.48811,
                "utm_zone": 30,
                "v_raw": -0.2888817,
                "x": 31.3402449,
                "y": 24.109683599999997
            },
            "type": "Feature"
        },
        {
            "geometry": {
                "coordinates": [
                    -3.7313462,
                    40.4371252
                ],
                "type": "Point"
            },
            "properties": {
                "Ah": 0.299554,
                "du_raw": 0.1035196,
                "dv_raw": -0.21973499999999999,
                "fecha": "2025-05-28 16:28:10",
                "orientacion_raw": -0.129976,
                "t_Ah": 66.865,
                "t_T_L": 69.094,
                "t_T_R": 69.094,
                "t_du": 69.095,
                "t_dv": 69.095,
                "t_lat": 69.098,
                "t_lon": 69.098,
                "t_orientacion": 68.9,
                "t_u": 69.095,
                "t_utm_zone": 68.989,
                "t_v": 69.095,
                "t_x": 69.095,
                "t_y": 69.095,
                "throttle_L": 9600,
                "throttle_R": 9188,
                "u_raw": 0.5877251,
                "utm_zone": 30,
                "v_raw": -0.2191517,
                "x": 31.598060699999998,
                "y": 24.109683599999997
            },
            "type": "Feature"
        },
        {
            "geometry": {
                "coordinates": [
                    -3.7313468,
                    40.4371264
                ],
                "type": "Point"
            },
            "properties": {
                "Ah": 0.299554,
                "du_raw": 0.034181,
                "dv_raw": -0.0761748,
                "fecha": "2025-05-28 16:28:10.250000",
                "orientacion_raw": -0.125734,
                "t_Ah": 66.865,
                "t_T_L": 69.094,
                "t_T_R": 69.094,
                "t_du": 69.396,
                "t_dv": 69.396,
                "t_lat": 69.447,
                "t_lon": 69.447,
                "t_orientacion": 69.411,
                "t_u": 69.396,
                "t_utm_zone": 69.237,
                "t_v": 69.396,
                "t_x": 69.396,
                "t_y": 69.396,
                "throttle_L": 9600,
                "throttle_R": 9188,
                "u_raw": 0.5478802,
                "utm_zone": 30,
                "v_raw": -0.2589966,
                "x": 31.8675954,
                "y": 24.117496199999998
            },
            "type": "Feature"
        },
        {
            "geometry": {
                "coordinates": [
                    -3.7313473,
                    40.4371277
                ],
                "type": "Point"
            },
            "properties": {
                "Ah": 0.299554,
                "du_raw": 0.141607,
                "dv_raw": 0.0009766,
                "fecha": "2025-05-28 16:28:10.750000",
                "orientacion_raw": -0.125734,
                "t_Ah": 66.865,
                "t_T_L": 69.545,
                "t_T_R": 69.545,
                "t_du": 69.682,
                "t_dv": 69.682,
                "t_lat": 69.794,
                "t_lon": 69.794,
                "t_orientacion": 69.411,
                "t_u": 69.682,
                "t_utm_zone": 69.739,
                "t_v": 69.682,
                "t_x": 69.682,
                "t_y": 69.682,
                "throttle_L": 9600,
                "throttle_R": 9392,
                "u_raw": 0.6375336,
                "utm_zone": 30,
                "v_raw": -0.20919000000000001,
                "x": 32.0199411,
                "y": 24.0979647
            },
            "type": "Feature"
        },
        {
            "geometry": {
                "coordinates": [
                    -3.7313484999999997,
                    40.4371304
                ],
                "type": "Point"
            },
            "properties": {
                "Ah": 0.299554,
                "du_raw": 0.0517598,
                "dv_raw": -0.317395,
                "fecha": "2025-05-28 16:28:11",
                "orientacion_raw": -0.098359,
                "t_Ah": 66.865,
                "t_T_L": 70.038,
                "t_T_R": 70.038,
                "t_du": 69.959,
                "t_dv": 69.959,
                "t_lat": 70.182,
                "t_lon": 70.182,
                "t_orientacion": 69.899,
                "t_u": 69.959,
                "t_utm_zone": 69.985,
                "t_v": 69.959,
                "t_x": 69.959,
                "t_y": 69.959,
                "throttle_L": 9600,
                "throttle_R": 9074,
                "u_raw": 0.5976868,
                "utm_zone": 30,
                "v_raw": -0.1593834,
                "x": 32.1683805,
                "y": 24.0979647
            },
            "type": "Feature"
        },
        {
            "geometry": {
                "coordinates": [
                    -3.7313495,
                    40.437132
                ],
                "type": "Point"
            },
            "properties": {
                "Ah": 0.299554,
                "du_raw": 0.302746,
                "dv_raw": -0.1679752,
                "fecha": "2025-05-28 16:28:11.250000",
                "orientacion_raw": -0.061127,
                "t_Ah": 66.865,
                "t_T_L": 70.038,
                "t_T_R": 70.038,
                "t_du": 70.259,
                "t_dv": 70.259,
                "t_lat": 70.499,
                "t_lon": 70.499,
                "t_orientacion": 70.408,
                "t_u": 70.259,
                "t_utm_zone": 70.26,
                "t_v": 70.259,
                "t_x": 70.259,
                "t_y": 70.259,
                "throttle_L": 9600,
                "throttle_R": 9074,
                "u_raw": 0.6375336,
                "utm_zone": 30,
                "v_raw": -0.34865,
                "x": 32.3090073,
                "y": 23.9573379
            },
            "type": "Feature"
        },
        {
            "geometry": {
                "coordinates": [
                    -3.7313503999999997,
                    40.4371334
                ],
                "type": "Point"
            },
            "properties": {
                "Ah": 0.299554,
                "du_raw": 0.2509862,
                "dv_raw": -0.1005898,
                "fecha": "2025-05-28 16:28:11.750000",
                "orientacion_raw": -0.061127,
                "t_Ah": 66.865,
                "t_T_L": 70.59,
                "t_T_R": 70.59,
                "t_du": 70.591,
                "t_dv": 70.591,
                "t_lat": 70.884,
                "t_lon": 70.884,
                "t_orientacion": 70.408,
                "t_u": 70.591,
                "t_utm_zone": 70.715,
                "t_v": 70.591,
                "t_x": 70.591,
                "t_y": 70.591,
                "throttle_L": 9600,
                "throttle_R": 8286,
                "u_raw": 0.7570702,
                "utm_zone": 30,
                "v_raw": -0.3187668,
                "x": 32.500415999999994,
                "y": 23.8401489
            },
            "type": "Feature"
        },
        {
            "geometry": {
                "coordinates": [
                    -3.7313509999999996,
                    40.437135399999995
                ],
                "type": "Point"
            },
            "properties": {
                "Ah": 0.299554,
                "du_raw": 0.0224618,
                "dv_raw": -0.0332044,
                "fecha": "2025-05-28 16:28:12",
                "orientacion_raw": -0.038259,
                "t_Ah": 66.865,
                "t_T_L": 71.041,
                "t_T_R": 71.041,
                "t_du": 71.184,
                "t_dv": 71.184,
                "t_lat": 71.186,
                "t_lon": 71.186,
                "t_orientacion": 70.91,
                "t_u": 71.184,
                "t_utm_zone": 70.997,
                "t_v": 71.184,
                "t_x": 71.184,
                "t_y": 71.184,
                "throttle_L": 9600,
                "throttle_R": 8157,
                "u_raw": 0.5777634,
                "utm_zone": 30,
                "v_raw": -0.3187668,
                "x": 32.8793271,
                "y": 23.7698355
            },
            "type": "Feature"
        },
        {
            "geometry": {
                "coordinates": [
                    -3.7313506999999997,
                    40.437135999999995
                ],
                "type": "Point"
            },
            "properties": {
                "Ah": 0.315565,
                "du_raw": -0.0449236,
                "dv_raw": -0.0351576,
                "fecha": "2025-05-28 16:28:12.500000",
                "orientacion_raw": -0.031496,
                "t_Ah": 71.344,
                "t_T_L": 71.586,
                "t_T_R": 71.586,
                "t_du": 71.456,
                "t_dv": 71.456,
                "t_lat": 71.587,
                "t_lon": 71.587,
                "t_orientacion": 71.454,
                "t_u": 71.456,
                "t_utm_zone": 71.481,
                "t_v": 71.456,
                "t_x": 71.456,
                "t_y": 71.456,
                "throttle_L": 9600,
                "throttle_R": 8106,
                "u_raw": 0.5976868,
                "utm_zone": 30,
                "v_raw": -0.27892,
                "x": 32.937921599999996,
                "y": 23.777648099999997
            },
            "type": "Feature"
        },
        {
            "geometry": {
                "coordinates": [
                    -3.7313517,
                    40.4371383
                ],
                "type": "Point"
            },
            "properties": {
                "Ah": 0.315565,
                "du_raw": -0.0283214,
                "dv_raw": -0.034181,
                "fecha": "2025-05-28 16:28:12.750000",
                "orientacion_raw": -0.031496,
                "t_Ah": 71.344,
                "t_T_L": 71.586,
                "t_T_R": 71.586,
                "t_du": 71.748,
                "t_dv": 71.748,
                "t_lat": 71.937,
                "t_lon": 71.937,
                "t_orientacion": 71.454,
                "t_u": 71.748,
                "t_utm_zone": 71.749,
                "t_v": 71.748,
                "t_x": 71.748,
                "t_y": 71.748,
                "throttle_L": 9600,
                "throttle_R": 8106,
                "u_raw": 0.4980717,
                "utm_zone": 30,
                "v_raw": -0.1892666,
                "x": 33.059016899999996,
                "y": 23.808898499999998
            },
            "type": "Feature"
        },
        {
            "geometry": {
                "coordinates": [
                    -3.7313524,
                    40.4371394
                ],
                "type": "Point"
            },
            "properties": {
                "Ah": 0.315565,
                "du_raw": 0.0380874,
                "dv_raw": 0.004883,
                "fecha": "2025-05-28 16:28:13",
                "orientacion_raw": -0.044507,
                "t_Ah": 71.344,
                "t_T_L": 72.052,
                "t_T_R": 72.052,
                "t_du": 72.055,
                "t_dv": 72.055,
                "t_lat": 72.243,
                "t_lon": 72.243,
                "t_orientacion": 71.943,
                "t_u": 72.055,
                "t_utm_zone": 71.978,
                "t_v": 72.055,
                "t_x": 72.055,
                "t_y": 72.055,
                "throttle_L": 9600,
                "throttle_R": 8234,
                "u_raw": 0.5179951,
                "utm_zone": 30,
                "v_raw": -0.3187668,
                "x": 33.1879248,
                "y": 23.707334699999997
            },
            "type": "Feature"
        },
        {
            "geometry": {
                "coordinates": [
                    -3.7313528,
                    40.4371417
                ],
                "type": "Point"
            },
            "properties": {
                "Ah": 0.315565,
                "du_raw": -0.0087894,
                "dv_raw": -0.1982498,
                "fecha": "2025-05-28 16:28:13.500000",
                "orientacion_raw": -0.06077,
                "t_Ah": 71.344,
                "t_T_L": 72.544,
                "t_T_R": 72.544,
                "t_du": 72.347,
                "t_dv": 72.347,
                "t_lat": 72.593,
                "t_lon": 72.593,
                "t_orientacion": 72.413,
                "t_u": 72.347,
                "t_utm_zone": 72.481,
                "t_v": 72.347,
                "t_x": 72.347,
                "t_y": 72.347,
                "throttle_L": 9600,
                "throttle_R": 9510,
                "u_raw": 0.5877251,
                "utm_zone": 30,
                "v_raw": -0.0996132,
                "x": 33.4496469,
                "y": 23.6487402
            },
            "type": "Feature"
        },
        {
            "geometry": {
                "coordinates": [
                    -3.7313533999999997,
                    40.4371429
                ],
                "type": "Point"
            },
            "properties": {
                "Ah": 0.315565,
                "du_raw": -0.053713,
                "dv_raw": -0.0654322,
                "fecha": "2025-05-28 16:28:13.750000",
                "orientacion_raw": -0.059333,
                "t_Ah": 71.344,
                "t_T_L": 72.544,
                "t_T_R": 72.544,
                "t_du": 72.674,
                "t_dv": 72.674,
                "t_lat": 72.984,
                "t_lon": 72.984,
                "t_orientacion": 72.893,
                "t_u": 72.674,
                "t_utm_zone": 72.733,
                "t_v": 72.674,
                "t_x": 72.674,
                "t_y": 72.674,
                "throttle_L": 9600,
                "throttle_R": 9510,
                "u_raw": 0.5080334,
                "utm_zone": 30,
                "v_raw": -0.20919000000000001,
                "x": 33.5668359,
                "y": 23.590145699999997
            },
            "type": "Feature"
        },
        {
            "geometry": {
                "coordinates": [
                    -3.7313538,
                    40.437143999999996
                ],
                "type": "Point"
            },
            "properties": {
                "Ah": 0.315565,
                "du_raw": -0.0029297999999999998,
                "dv_raw": 0.0498066,
                "fecha": "2025-05-28 16:28:14.250000",
                "orientacion_raw": -0.059333,
                "t_Ah": 71.344,
                "t_T_L": 73.035,
                "t_T_R": 73.035,
                "t_du": 73.28,
                "t_dv": 73.28,
                "t_lat": 73.282,
                "t_lon": 73.282,
                "t_orientacion": 72.893,
                "t_u": 73.28,
                "t_utm_zone": 73.281,
                "t_v": 73.28,
                "t_x": 73.28,
                "t_y": 73.28,
                "throttle_L": 9600,
                "throttle_R": 8961,
                "u_raw": 0.4582268,
                "utm_zone": 30,
                "v_raw": -0.1693432,
                "x": 33.828557999999994,
                "y": 23.590145699999997
            },
            "type": "Feature"
        },
        {
            "geometry": {
                "coordinates": [
                    -3.7313544999999997,
                    40.4371461
                ],
                "type": "Point"
            },
            "properties": {
                "Ah": 0.315565,
                "du_raw": -0.1396538,
                "dv_raw": 0.15039639999999999,
                "fecha": "2025-05-28 16:28:14.500000",
                "orientacion_raw": -0.057642,
                "t_Ah": 71.344,
                "t_T_L": 73.573,
                "t_T_R": 73.573,
                "t_du": 73.574,
                "t_dv": 73.574,
                "t_lat": 73.659,
                "t_lon": 73.659,
                "t_orientacion": 73.398,
                "t_u": 73.574,
                "t_utm_zone": 73.458,
                "t_v": 73.574,
                "t_x": 73.574,
                "t_y": 73.574,
                "throttle_L": 9600,
                "throttle_R": 8906,
                "u_raw": 0.5379185,
                "utm_zone": 30,
                "v_raw": -0.0996132,
                "x": 33.949653299999994,
                "y": 23.5276449
            },
            "type": "Feature"
        },
        {
            "geometry": {
                "coordinates": [
                    -3.7313549,
                    40.4371472
                ],
                "type": "Point"
            },
            "properties": {
                "Ah": 0.315565,
                "du_raw": -0.1152388,
                "dv_raw": 0.0371108,
                "fecha": "2025-05-28 16:28:14.750000",
                "orientacion_raw": -0.05091,
                "t_Ah": 71.344,
                "t_T_L": 73.573,
                "t_T_R": 73.573,
                "t_du": 73.833,
                "t_dv": 73.833,
                "t_lat": 73.979,
                "t_lon": 73.979,
                "t_orientacion": 73.885,
                "t_u": 73.833,
                "t_utm_zone": 73.705,
                "t_v": 73.833,
                "t_x": 73.833,
                "t_y": 73.833,
                "throttle_L": 9600,
                "throttle_R": 8906,
                "u_raw": 0.4582268,
                "utm_zone": 30,
                "v_raw": -0.2291134,
                "x": 34.059029699999996,
                "y": 23.4885819
            },
            "type": "Feature"
        },
        {
            "geometry": {
                "coordinates": [
                    -3.7313558,
                    40.437149999999995
                ],
                "type": "Point"
            },
            "properties": {
                "Ah": 0.315565,
                "du_raw": -0.0351576,
                "dv_raw": 0.0273448,
                "fecha": "2025-05-28 16:28:15.250000",
                "orientacion_raw": -0.05091,
                "t_Ah": 71.344,
                "t_T_L": 74.046,
                "t_T_R": 74.046,
                "t_du": 74.162,
                "t_dv": 74.162,
                "t_lat": 74.345,
                "t_lon": 74.345,
                "t_orientacion": 73.885,
                "t_u": 74.162,
                "t_utm_zone": 74.218,
                "t_v": 74.162,
                "t_x": 74.162,
                "t_y": 74.162,
                "throttle_L": 9600,
                "throttle_R": 8604,
                "u_raw": 0.6375336,
                "utm_zone": 30,
                "v_raw": -0.2689583,
                "x": 34.3285644,
                "y": 23.4573315
            },
            "type": "Feature"
        },
        {
            "geometry": {
                "coordinates": [
                    -3.7313560999999997,
                    40.4371514
                ],
                "type": "Point"
            },
            "properties": {
                "Ah": 0.315565,
                "du_raw": -0.0869174,
                "dv_raw": 0.122075,
                "fecha": "2025-05-28 16:28:15.500000",
                "orientacion_raw": -0.043857,
                "t_Ah": 71.344,
                "t_T_L": 74.569,
                "t_T_R": 74.569,
                "t_du": 74.431,
                "t_dv": 74.431,
                "t_lat": 74.681,
                "t_lon": 74.681,
                "t_orientacion": 74.43,
                "t_u": 74.431,
                "t_utm_zone": 74.47,
                "t_v": 74.431,
                "t_x": 74.431,
                "t_y": 74.431,
                "throttle_L": 9600,
                "throttle_R": 8658,
                "u_raw": 0.6275719,
                "utm_zone": 30,
                "v_raw": -0.1892666,
                "x": 34.4887227,
                "y": 23.476862999999998
            },
            "type": "Feature"
        },
        {
            "geometry": {
                "coordinates": [
                    -3.7313563,
                    40.4371527
                ],
                "type": "Point"
            },
            "properties": {
                "Ah": 0.315565,
                "du_raw": -0.258799,
                "dv_raw": -0.059572599999999996,
                "fecha": "2025-05-28 16:28:16",
                "orientacion_raw": -0.03775,
                "t_Ah": 71.344,
                "t_T_L": 75.066,
                "t_T_R": 75.066,
                "t_du": 74.754,
                "t_dv": 74.754,
                "t_lat": 75.067,
                "t_lon": 75.067,
                "t_orientacion": 74.887,
                "t_u": 74.754,
                "t_utm_zone": 74.973,
                "t_v": 74.754,
                "t_x": 74.754,
                "t_y": 74.754,
                "throttle_L": 9600,
                "throttle_R": 8658,
                "u_raw": 0.6176102,
                "utm_zone": 30,
                "v_raw": -0.2291134,
                "x": 34.648880999999996,
                "y": 23.406549599999998
            },
            "type": "Feature"
        },
        {
            "geometry": {
                "coordinates": [
                    -3.7313571,
                    40.437155399999995
                ],
                "type": "Point"
            },
            "properties": {
                "Ah": 0.315565,
                "du_raw": 0.0507832,
                "dv_raw": 0.0527364,
                "fecha": "2025-05-28 16:28:16.250000",
                "orientacion_raw": -0.03775,
                "t_Ah": 71.344,
                "t_T_L": 75.066,
                "t_T_R": 75.066,
                "t_du": 75.339,
                "t_dv": 75.339,
                "t_lat": 75.422,
                "t_lon": 75.422,
                "t_orientacion": 74.887,
                "t_u": 75.339,
                "t_utm_zone": 75.221,
                "t_v": 75.339,
                "t_x": 75.339,
                "t_y": 75.339,
                "throttle_L": 9600,
                "throttle_R": 8658,
                "u_raw": 0.6574551,
                "utm_zone": 30,
                "v_raw": -0.0498066,
                "x": 35.090292899999994,
                "y": 23.3401425
            },
            "type": "Feature"
        },
        {
            "geometry": {
                "coordinates": [
                    -3.7313574,
                    40.437157
                ],
                "type": "Point"
            },
            "properties": {
                "Ah": 0.315565,
                "du_raw": 0.2412202,
                "dv_raw": 0.0058595999999999995,
                "fecha": "2025-05-28 16:28:16.750000",
                "orientacion_raw": -0.036991,
                "t_Ah": 71.344,
                "t_T_L": 75.518,
                "t_T_R": 75.518,
                "t_du": 75.661,
                "t_dv": 75.661,
                "t_lat": 75.737,
                "t_lon": 75.737,
                "t_orientacion": 75.425,
                "t_u": 75.661,
                "t_utm_zone": 75.737,
                "t_v": 75.661,
                "t_x": 75.661,
                "t_y": 75.661,
                "throttle_L": 9600,
                "throttle_R": 8658,
                "u_raw": 0.6375336,
                "utm_zone": 30,
                "v_raw": -0.20919000000000001,
                "x": 35.2699827,
                "y": 23.1799842
            },
            "type": "Feature"
        },
        {
            "geometry": {
                "coordinates": [
                    -3.7313593,
                    40.43716
                ],
                "type": "Point"
            },
            "properties": {
                "Ah": 0.331513,
                "du_raw": 0.1601624,
                "dv_raw": 0.2373138,
                "fecha": "2025-05-28 16:28:17",
                "orientacion_raw": -0.032374,
                "t_Ah": 75.827,
                "t_T_L": 76.02,
                "t_T_R": 76.02,
                "t_du": 75.925,
                "t_dv": 75.925,
                "t_lat": 76.123,
                "t_lon": 76.123,
                "t_orientacion": 75.892,
                "t_u": 75.925,
                "t_utm_zone": 75.967,
                "t_v": 75.925,
                "t_x": 75.925,
                "t_y": 75.925,
                "throttle_L": 9600,
                "throttle_R": 8631,
                "u_raw": 0.5877251,
                "utm_zone": 30,
                "v_raw": -0.3088051,
                "x": 35.4379536,
                "y": 23.097951899999998
            },
            "type": "Feature"
        },
        {
            "geometry": {
                "coordinates": [
                    -3.7313601,
                    40.437161599999996
                ],
                "type": "Point"
            },
            "properties": {
                "Ah": 0.331513,
                "du_raw": 0.1982498,
                "dv_raw": 0.122075,
                "fecha": "2025-05-28 16:28:17.250000",
                "orientacion_raw": -0.024423,
                "t_Ah": 75.827,
                "t_T_L": 76.02,
                "t_T_R": 76.02,
                "t_du": 76.242,
                "t_dv": 76.242,
                "t_lat": 76.428,
                "t_lon": 76.428,
                "t_orientacion": 76.427,
                "t_u": 76.242,
                "t_utm_zone": 76.243,
                "t_v": 76.242,
                "t_x": 76.242,
                "t_y": 76.242,
                "throttle_L": 9600,
                "throttle_R": 8631,
                "u_raw": 0.5678017,
                "utm_zone": 30,
                "v_raw": -0.2888817,
                "x": 35.5981119,
                "y": 23.1096708
            },
            "type": "Feature"
        },
        {
            "geometry": {
                "coordinates": [
                    -3.7313608,
                    40.4371631
                ],
                "type": "Point"
            },
            "properties": {
                "Ah": 0.331513,
                "du_raw": 0.1972732,
                "dv_raw": 0.0205086,
                "fecha": "2025-05-28 16:28:17.750000",
                "orientacion_raw": -0.024423,
                "t_Ah": 75.827,
                "t_T_L": 76.562,
                "t_T_R": 76.562,
                "t_du": 76.563,
                "t_dv": 76.563,
                "t_lat": 76.776,
                "t_lon": 76.776,
                "t_orientacion": 76.427,
                "t_u": 76.563,
                "t_utm_zone": 76.718,
                "t_v": 76.563,
                "t_x": 76.563,
                "t_y": 76.563,
                "throttle_L": 9600,
                "throttle_R": 8577,
                "u_raw": 0.6275719,
                "utm_zone": 30,
                "v_raw": -0.2689583,
                "x": 35.7778017,
                "y": 23.1096708
            },
            "type": "Feature"
        },
        {
            "geometry": {
                "coordinates": [
                    -3.7313612999999997,
                    40.4371657
                ],
                "type": "Point"
            },
            "properties": {
                "Ah": 0.331513,
                "du_raw": 0.1640688,
                "dv_raw": -0.009766,
                "fecha": "2025-05-28 16:28:18",
                "orientacion_raw": -0.012708,
                "t_Ah": 75.827,
                "t_T_L": 77.016,
                "t_T_R": 77.016,
                "t_du": 76.824,
                "t_dv": 76.824,
                "t_lat": 77.116,
                "t_lon": 77.116,
                "t_orientacion": 76.889,
                "t_u": 76.824,
                "t_utm_zone": 76.964,
                "t_v": 76.824,
                "t_x": 76.824,
                "t_y": 76.824,
                "throttle_L": 9600,
                "throttle_R": 8004,
                "u_raw": 0.5777634,
                "utm_zone": 30,
                "v_raw": -0.3287266,
                "x": 35.93796,
                "y": 23.0784204
            },
            "type": "Feature"
        },
        {
            "geometry": {
                "coordinates": [
                    -3.7313612999999997,
                    40.4371669
                ],
                "type": "Point"
            },
            "properties": {
                "Ah": 0.331513,
                "du_raw": 0.122075,
                "dv_raw": -0.039064,
                "fecha": "2025-05-28 16:28:18.250000",
                "orientacion_raw": -0.01214,
                "t_Ah": 75.827,
                "t_T_L": 77.016,
                "t_T_R": 77.016,
                "t_du": 77.422,
                "t_dv": 77.422,
                "t_lat": 77.465,
                "t_lon": 77.465,
                "t_orientacion": 77.42,
                "t_u": 77.422,
                "t_utm_zone": 77.281,
                "t_v": 77.422,
                "t_x": 77.422,
                "t_y": 77.422,
                "throttle_L": 9600,
                "throttle_R": 8004,
                "u_raw": 0.5877251,
                "utm_zone": 30,
                "v_raw": -0.3187668,
                "x": 36.367653,
                "y": 23.019825899999997
            },
            "type": "Feature"
        },
        {
            "geometry": {
                "coordinates": [
                    -3.7313609999999997,
                    40.4371679
                ],
                "type": "Point"
            },
            "properties": {
                "Ah": 0.331513,
                "du_raw": 0.1679752,
                "dv_raw": -0.0605492,
                "fecha": "2025-05-28 16:28:18.750000",
                "orientacion_raw": -0.01214,
                "t_Ah": 75.827,
                "t_T_L": 77.517,
                "t_T_R": 77.517,
                "t_du": 77.727,
                "t_dv": 77.727,
                "t_lat": 77.815,
                "t_lon": 77.815,
                "t_orientacion": 77.42,
                "t_u": 77.727,
                "t_utm_zone": 77.728,
                "t_v": 77.727,
                "t_x": 77.727,
                "t_y": 77.727,
                "throttle_L": 9600,
                "throttle_R": 8055,
                "u_raw": 0.48811,
                "utm_zone": 30,
                "v_raw": -0.1593834,
                "x": 36.4770294,
                "y": 22.879199099999997
            },
            "type": "Feature"
        },
        {
            "geometry": {
                "coordinates": [
                    -3.7313595999999998,
                    40.4371702
                ],
                "type": "Point"
            },
            "properties": {
                "Ah": 0.331513,
                "du_raw": 0.2666118,
                "dv_raw": 0.0185554,
                "fecha": "2025-05-28 16:28:19",
                "orientacion_raw": -0.015518,
                "t_Ah": 75.827,
                "t_T_L": 78.061,
                "t_T_R": 78.061,
                "t_du": 78.062,
                "t_dv": 78.062,
                "t_lat": 78.163,
                "t_lon": 78.163,
                "t_orientacion": 77.886,
                "t_u": 78.062,
                "t_utm_zone": 77.957,
                "t_v": 78.062,
                "t_x": 78.062,
                "t_y": 78.062,
                "throttle_L": 9600,
                "throttle_R": 7854,
                "u_raw": 0.6375336,
                "utm_zone": 30,
                "v_raw": -0.1593834,
                "x": 36.5981247,
                "y": 22.8166983
            },
            "type": "Feature"
        },
        {
            "geometry": {
                "coordinates": [
                    -3.7313596999999996,
                    40.4371716
                ],
                "type": "Point"
            },
            "properties": {
                "Ah": 0.331513,
                "du_raw": 0.0673854,
                "dv_raw": 0.09766,
                "fecha": "2025-05-28 16:28:19.500000",
                "orientacion_raw": -0.034245,
                "t_Ah": 75.827,
                "t_T_L": 78.55,
                "t_T_R": 78.55,
                "t_du": 78.324,
                "t_dv": 78.324,
                "t_lat": 78.551,
                "t_lon": 78.551,
                "t_orientacion": 78.387,
                "t_u": 78.324,
                "t_utm_zone": 78.455,
                "t_v": 78.324,
                "t_x": 78.324,
                "t_y": 78.324,
                "throttle_L": 9600,
                "throttle_R": 7658,
                "u_raw": 0.6474934,
                "utm_zone": 30,
                "v_raw": -0.1892666,
                "x": 36.8871909,
                "y": 22.7502912
            },
            "type": "Feature"
        },
        {
            "geometry": {
                "coordinates": [
                    -3.7313601,
                    40.4371741
                ],
                "type": "Point"
            },
            "properties": {
                "Ah": 0.331513,
                "du_raw": 0.0664088,
                "dv_raw": -0.1337942,
                "fecha": "2025-05-28 16:28:19.750000",
                "orientacion_raw": -0.034245,
                "t_Ah": 75.827,
                "t_T_L": 78.55,
                "t_T_R": 78.55,
                "t_du": 78.652,
                "t_dv": 78.652,
                "t_lat": 78.838,
                "t_lon": 78.838,
                "t_orientacion": 78.387,
                "t_u": 78.652,
                "t_utm_zone": 78.71,
                "t_v": 78.652,
                "t_x": 78.652,
                "t_y": 78.652,
                "throttle_L": 9600,
                "throttle_R": 7658,
                "u_raw": 0.5678017,
                "utm_zone": 30,
                "v_raw": -0.2390751,
                "x": 37.0395366,
                "y": 22.6799778
            },
            "type": "Feature"
        },
        {
            "geometry": {
                "coordinates": [
                    -3.7313604999999996,
                    40.4371753
                ],
                "type": "Point"
            },
            "properties": {
                "Ah": 0.331513,
                "du_raw": 0.1914136,
                "dv_raw": 0.0800812,
                "fecha": "2025-05-28 16:28:20",
                "orientacion_raw": -0.068927,
                "t_Ah": 75.827,
                "t_T_L": 79.012,
                "t_T_R": 79.012,
                "t_du": 78.94,
                "t_dv": 78.94,
                "t_lat": 79.241,
                "t_lon": 79.241,
                "t_orientacion": 78.938,
                "t_u": 78.94,
                "t_utm_zone": 78.944,
                "t_v": 78.94,
                "t_x": 78.94,
                "t_y": 78.94,
                "throttle_L": 9600,
                "throttle_R": 9103,
                "u_raw": 0.5279568,
                "utm_zone": 30,
                "v_raw": -0.1892666,
                "x": 37.1684445,
                "y": 22.6096644
            },
            "type": "Feature"
        },
        {
            "geometry": {
                "coordinates": [
                    -3.7313611,
                    40.4371766
                ],
                "type": "Point"
            },
            "properties": {
                "Ah": 0.331513,
                "du_raw": 0.2070392,
                "dv_raw": -0.1132856,
                "fecha": "2025-05-28 16:28:20.500000",
                "orientacion_raw": -0.093673,
                "t_Ah": 75.827,
                "t_T_L": 79.558,
                "t_T_R": 79.558,
                "t_du": 79.561,
                "t_dv": 79.561,
                "t_lat": 79.567,
                "t_lon": 79.567,
                "t_orientacion": 79.385,
                "t_u": 79.561,
                "t_utm_zone": 79.453,
                "t_v": 79.561,
                "t_x": 79.561,
                "t_y": 79.561,
                "throttle_L": 9600,
                "throttle_R": 9600,
                "u_raw": 0.5976868,
                "utm_zone": 30,
                "v_raw": -0.3088051,
                "x": 37.4496981,
                "y": 22.5081006
            },
            "type": "Feature"
        },
        {
            "geometry": {
                "coordinates": [
                    -3.7313622,
                    40.4371794
                ],
                "type": "Point"
            },
            "properties": {
                "Ah": 0.331513,
                "du_raw": 0.2744246,
                "dv_raw": -0.0283214,
                "fecha": "2025-05-28 16:28:20.750000",
                "orientacion_raw": -0.096437,
                "t_Ah": 75.827,
                "t_T_L": 79.558,
                "t_T_R": 79.558,
                "t_du": 79.814,
                "t_dv": 79.814,
                "t_lat": 79.912,
                "t_lon": 79.912,
                "t_orientacion": 79.867,
                "t_u": 79.814,
                "t_utm_zone": 79.728,
                "t_v": 79.814,
                "t_x": 79.814,
                "t_y": 79.814,
                "throttle_L": 9600,
                "throttle_R": 9600,
                "u_raw": 0.5379185,
                "utm_zone": 30,
                "v_raw": -0.3187668,
                "x": 37.5903249,
                "y": 22.4690376
            },
            "type": "Feature"
        },
        {
            "geometry": {
                "coordinates": [
                    -3.7313625,
                    40.4371807
                ],
                "type": "Point"
            },
            "properties": {
                "Ah": 0.331513,
                "du_raw": 0.1015664,
                "dv_raw": -0.0029297999999999998,
                "fecha": "2025-05-28 16:28:21.250000",
                "orientacion_raw": -0.096437,
                "t_Ah": 75.827,
                "t_T_L": 80.006,
                "t_T_R": 80.006,
                "t_du": 80.138,
                "t_dv": 80.138,
                "t_lat": 80.25,
                "t_lon": 80.25,
                "t_orientacion": 79.867,
                "t_u": 80.138,
                "t_utm_zone": 80.197,
                "t_v": 80.138,
                "t_x": 80.138,
                "t_y": 80.138,
                "throttle_L": 9600,
                "throttle_R": 8740,
                "u_raw": 0.6076485,
                "utm_zone": 30,
                "v_raw": -0.1294983,
                "x": 37.8989226,
                "y": 22.429974599999998
            },
            "type": "Feature"
        },
        {
            "geometry": {
                "coordinates": [
                    -3.7313631999999997,
                    40.4371832
                ],
                "type": "Point"
            },
            "properties": {
                "Ah": 0.347049,
                "du_raw": 0.1103558,
                "dv_raw": 0.1113324,
                "fecha": "2025-05-28 16:28:21.500000",
                "orientacion_raw": -0.084505,
                "t_Ah": 80.326,
                "t_T_L": 80.51,
                "t_T_R": 80.51,
                "t_du": 80.414,
                "t_dv": 80.414,
                "t_lat": 80.642,
                "t_lon": 80.642,
                "t_orientacion": 80.413,
                "t_u": 80.414,
                "t_utm_zone": 80.462,
                "t_v": 80.414,
                "t_x": 80.414,
                "t_y": 80.414,
                "throttle_L": 9600,
                "throttle_R": 8523,
                "u_raw": 0.5279568,
                "utm_zone": 30,
                "v_raw": -0.2291134,
                "x": 38.0278305,
                "y": 22.379192699999997
            },
            "type": "Feature"
        },
        {
            "geometry": {
                "coordinates": [
                    -3.7313625999999998,
                    40.437184099999996
                ],
                "type": "Point"
            },
            "properties": {
                "Ah": 0.347049,
                "du_raw": -0.1132856,
                "dv_raw": -0.1250048,
                "fecha": "2025-05-28 16:28:21.750000",
                "orientacion_raw": -0.077245,
                "t_Ah": 80.326,
                "t_T_L": 80.51,
                "t_T_R": 80.51,
                "t_du": 80.719,
                "t_dv": 80.719,
                "t_lat": 81.01,
                "t_lon": 81.01,
                "t_orientacion": 80.858,
                "t_u": 80.719,
                "t_utm_zone": 80.72,
                "t_v": 80.719,
                "t_x": 80.719,
                "t_y": 80.719,
                "throttle_L": 9600,
                "throttle_R": 8523,
                "u_raw": 0.6076485,
                "utm_zone": 30,
                "v_raw": -0.1892666,
                "x": 38.1684573,
                "y": 22.289347799999998
            },
            "type": "Feature"
        },
        {
            "geometry": {
                "coordinates": [
                    -3.7313631999999997,
                    40.437185299999996
                ],
                "type": "Point"
            },
            "properties": {
                "Ah": 0.347049,
                "du_raw": -0.0556662,
                "dv_raw": 0.1298878,
                "fecha": "2025-05-28 16:28:22.250000",
                "orientacion_raw": -0.077245,
                "t_Ah": 80.326,
                "t_T_L": 81.016,
                "t_T_R": 81.016,
                "t_du": 81.019,
                "t_dv": 81.019,
                "t_lat": 81.352,
                "t_lon": 81.352,
                "t_orientacion": 80.858,
                "t_u": 81.019,
                "t_utm_zone": 81.197,
                "t_v": 81.019,
                "t_x": 81.019,
                "t_y": 81.019,
                "throttle_L": 9600,
                "throttle_R": 8822,
                "u_raw": 0.6375336,
                "utm_zone": 30,
                "v_raw": -0.2291134,
                "x": 38.277833699999995,
                "y": 22.2073155
            },
            "type": "Feature"
        },
        {
            "geometry": {
                "coordinates": [
                    -3.7313642,
                    40.437188
                ],
                "type": "Point"
            },
            "properties": {
                "Ah": 0.347049,
                "du_raw": 0.156256,
                "dv_raw": 0.0625024,
                "fecha": "2025-05-28 16:28:22.500000",
                "orientacion_raw": -0.064674,
                "t_Ah": 80.326,
                "t_T_L": 81.504,
                "t_T_R": 81.504,
                "t_du": 81.607,
                "t_dv": 81.607,
                "t_lat": 81.693,
                "t_lon": 81.693,
                "t_orientacion": 81.356,
                "t_u": 81.607,
                "t_utm_zone": 81.455,
                "t_v": 81.607,
                "t_x": 81.607,
                "t_y": 81.607,
                "throttle_L": 9600,
                "throttle_R": 8658,
                "u_raw": 0.7570702,
                "utm_zone": 30,
                "v_raw": -0.2291134,
                "x": 38.707526699999995,
                "y": 22.1565336
            },
            "type": "Feature"
        },
        {
            "geometry": {
                "coordinates": [
                    -3.7313647999999997,
                    40.4371897
                ],
                "type": "Point"
            },
            "properties": {
                "Ah": 0.347049,
                "du_raw": 0.1347708,
                "dv_raw": 0.3086056,
                "fecha": "2025-05-28 16:28:23",
                "orientacion_raw": -0.050444,
                "t_Ah": 80.326,
                "t_T_L": 82.013,
                "t_T_R": 82.013,
                "t_du": 81.911,
                "t_dv": 81.911,
                "t_lat": 82.015,
                "t_lon": 82.015,
                "t_orientacion": 81.909,
                "t_u": 81.911,
                "t_utm_zone": 81.924,
                "t_v": 81.911,
                "t_x": 81.911,
                "t_y": 81.911,
                "throttle_L": 9600,
                "throttle_R": 8286,
                "u_raw": 0.7471085,
                "utm_zone": 30,
                "v_raw": -0.2988434,
                "x": 38.8989354,
                "y": 22.187783999999997
            },
            "type": "Feature"
        },
        {
            "geometry": {
                "coordinates": [
                    -3.7313650999999997,
                    40.437192599999996
                ],
                "type": "Point"
            },
            "properties": {
                "Ah": 0.347049,
                "du_raw": -0.009766,
                "dv_raw": 0.2021562,
                "fecha": "2025-05-28 16:28:23.250000",
                "orientacion_raw": -0.050444,
                "t_Ah": 80.326,
                "t_T_L": 82.013,
                "t_T_R": 82.013,
                "t_du": 82.213,
                "t_dv": 82.213,
                "t_lat": 82.387,
                "t_lon": 82.387,
                "t_orientacion": 81.909,
                "t_u": 82.213,
                "t_utm_zone": 82.214,
                "t_v": 82.213,
                "t_x": 82.213,
                "t_y": 82.213,
                "throttle_L": 9600,
                "throttle_R": 8286,
                "u_raw": 0.6375336,
                "utm_zone": 30,
                "v_raw": -0.2589966,
                "x": 39.0786252,
                "y": 22.137002099999997
            },
            "type": "Feature"
        },
        {
            "geometry": {
                "coordinates": [
                    -3.7313652999999998,
                    40.4371939
                ],
                "type": "Point"
            },
            "properties": {
                "Ah": 0.347049,
                "du_raw": -0.0302746,
                "dv_raw": 0.1601624,
                "fecha": "2025-05-28 16:28:23.500000",
                "orientacion_raw": -0.045276,
                "t_Ah": 80.326,
                "t_T_L": 82.565,
                "t_T_R": 82.565,
                "t_du": 82.567,
                "t_dv": 82.567,
                "t_lat": 82.711,
                "t_lon": 82.711,
                "t_orientacion": 82.394,
                "t_u": 82.567,
                "t_utm_zone": 82.445,
                "t_v": 82.567,
                "t_x": 82.567,
                "t_y": 82.567,
                "throttle_L": 9600,
                "throttle_R": 8029,
                "u_raw": 0.5877251,
                "utm_zone": 30,
                "v_raw": -0.0796917,
                "x": 39.219252,
                "y": 22.097939099999998
            },
            "type": "Feature"
        },
        {
            "geometry": {
                "coordinates": [
                    -3.7313653999999996,
                    40.4371952
                ],
                "type": "Point"
            },
            "properties": {
                "Ah": 0.347049,
                "du_raw": -0.0351576,
                "dv_raw": 0.3545058,
                "fecha": "2025-05-28 16:28:24",
                "orientacion_raw": -0.049873,
                "t_Ah": 80.326,
                "t_T_L": 82.993,
                "t_T_R": 82.993,
                "t_du": 82.797,
                "t_dv": 82.797,
                "t_lat": 83.094,
                "t_lon": 83.094,
                "t_orientacion": 82.853,
                "t_u": 82.797,
                "t_utm_zone": 82.94,
                "t_v": 82.797,
                "t_x": 82.797,
                "t_y": 82.797,
                "throttle_L": 9600,
                "throttle_R": 7707,
                "u_raw": 0.4781502,
                "utm_zone": 30,
                "v_raw": -0.1593834,
                "x": 39.3676914,
                "y": 22.019813099999997
            },
            "type": "Feature"
        },
        {
            "geometry": {
                "coordinates": [
                    -3.7313666999999997,
                    40.437198099999996
                ],
                "type": "Point"
            },
            "properties": {
                "Ah": 0.347049,
                "du_raw": -0.1113324,
                "dv_raw": 0.0742216,
                "fecha": "2025-05-28 16:28:24.250000",
                "orientacion_raw": -0.073952,
                "t_Ah": 80.326,
                "t_T_L": 82.993,
                "t_T_R": 82.993,
                "t_du": 83.098,
                "t_dv": 83.098,
                "t_lat": 83.445,
                "t_lon": 83.445,
                "t_orientacion": 83.353,
                "t_u": 83.098,
                "t_utm_zone": 83.186,
                "t_v": 83.098,
                "t_x": 83.098,
                "t_y": 83.098,
                "throttle_L": 9600,
                "throttle_R": 7707,
                "u_raw": 0.6574551,
                "utm_zone": 30,
                "v_raw": -0.38849680000000003,
                "x": 39.6684765,
                "y": 22.000281599999997
            },
            "type": "Feature"
        },
        {
            "geometry": {
                "coordinates": [
                    -3.7313671999999998,
                    40.4371995
                ],
                "type": "Point"
            },
            "properties": {
                "Ah": 0.347049,
                "du_raw": -0.1591858,
                "dv_raw": -0.011719199999999999,
                "fecha": "2025-05-28 16:28:24.750000",
                "orientacion_raw": -0.073952,
                "t_Ah": 80.326,
                "t_T_L": 83.495,
                "t_T_R": 83.495,
                "t_du": 83.737,
                "t_dv": 83.737,
                "t_lat": 83.739,
                "t_lon": 83.739,
                "t_orientacion": 83.353,
                "t_u": 83.737,
                "t_utm_zone": 83.738,
                "t_v": 83.737,
                "t_x": 83.737,
                "t_y": 83.737,
                "throttle_L": 9600,
                "throttle_R": 7538,
                "u_raw": 0.6076485,
                "utm_zone": 30,
                "v_raw": -0.2490349,
                "x": 39.988793099999995,
                "y": 21.957312299999998
            },
            "type": "Feature"
        },
        {
            "geometry": {
                "coordinates": [
                    -3.7313684,
                    40.4372018
                ],
                "type": "Point"
            },
            "properties": {
                "Ah": 0.347049,
                "du_raw": -0.1005898,
                "dv_raw": 0.136724,
                "fecha": "2025-05-28 16:28:25",
                "orientacion_raw": -0.113663,
                "t_Ah": 80.326,
                "t_T_L": 84.041,
                "t_T_R": 84.041,
                "t_du": 84.057,
                "t_dv": 84.057,
                "t_lat": 84.123,
                "t_lon": 84.123,
                "t_orientacion": 83.879,
                "t_u": 84.057,
                "t_utm_zone": 83.936,
                "t_v": 84.057,
                "t_x": 84.057,
                "t_y": 84.057,
                "throttle_L": 9600,
                "throttle_R": 7562,
                "u_raw": 0.4582268,
                "utm_zone": 30,
                "v_raw": -0.20919000000000001,
                "x": 40.109888399999996,
                "y": 21.9182493
            },
            "type": "Feature"
        },
        {
            "geometry": {
                "coordinates": [
                    -3.7313690999999998,
                    40.4372031
                ],
                "type": "Point"
            },
            "properties": {
                "Ah": 0.347049,
                "du_raw": -0.1601624,
                "dv_raw": 0.3144652,
                "fecha": "2025-05-28 16:28:25.250000",
                "orientacion_raw": -0.163904,
                "t_Ah": 80.326,
                "t_T_L": 84.041,
                "t_T_R": 84.041,
                "t_du": 84.3,
                "t_dv": 84.3,
                "t_lat": 84.486,
                "t_lon": 84.486,
                "t_orientacion": 84.367,
                "t_u": 84.3,
                "t_utm_zone": 84.182,
                "t_v": 84.3,
                "t_x": 84.3,
                "t_y": 84.3,
                "throttle_L": 9600,
                "throttle_R": 7562,
                "u_raw": 0.4681885,
                "utm_zone": 30,
                "v_raw": -0.27892,
                "x": 40.2387963,
                "y": 21.8869989
            },
            "type": "Feature"
        },
        {
            "geometry": {
                "coordinates": [
                    -3.7313696,
                    40.4372044
                ],
                "type": "Point"
            },
            "properties": {
                "Ah": 0.347049,
                "du_raw": 0.0009766,
                "dv_raw": 0.0957068,
                "fecha": "2025-05-28 16:28:25.500000",
                "orientacion_raw": -0.163904,
                "t_Ah": 80.326,
                "t_T_L": 84.494,
                "t_T_R": 84.494,
                "t_du": 84.651,
                "t_dv": 84.651,
                "t_lat": 84.793,
                "t_lon": 84.793,
                "t_orientacion": 84.367,
                "t_u": 84.651,
                "t_utm_zone": 84.489,
                "t_v": 84.651,
                "t_x": 84.651,
                "t_y": 84.651,
                "throttle_L": 9600,
                "throttle_R": 7854,
                "u_raw": 0.4582268,
                "utm_zone": 30,
                "v_raw": -0.20919000000000001,
                "x": 40.539581399999996,
                "y": 21.859654799999998
            },
            "type": "Feature"
        },
        {
            "geometry": {
                "coordinates": [
                    -3.7313707,
                    40.4372068
                ],
                "type": "Point"
            },
            "properties": {
                "Ah": 0.362224,
                "du_raw": -0.09766,
                "dv_raw": 0.1357474,
                "fecha": "2025-05-28 16:28:26",
                "orientacion_raw": -0.225408,
                "t_Ah": 84.806,
                "t_T_L": 84.989,
                "t_T_R": 84.989,
                "t_du": 84.906,
                "t_dv": 84.906,
                "t_lat": 85.149,
                "t_lon": 85.149,
                "t_orientacion": 84.903,
                "t_u": 84.906,
                "t_utm_zone": 84.94,
                "t_v": 84.906,
                "t_x": 84.906,
                "t_y": 84.906,
                "throttle_L": 7904,
                "throttle_R": 9600,
                "u_raw": 0.5080334,
                "utm_zone": 30,
                "v_raw": -0.1793049,
                "x": 40.6567704,
                "y": 21.7698099
            },
            "type": "Feature"
        },
        {
            "geometry": {
                "coordinates": [
                    -3.7313718999999996,
                    40.437208399999996
                ],
                "type": "Point"
            },
            "properties": {
                "Ah": 0.362224,
                "du_raw": 0,
                "dv_raw": -0.15039639999999999,
                "fecha": "2025-05-28 16:28:26.500000",
                "orientacion_raw": -0.228482,
                "t_Ah": 84.806,
                "t_T_L": 85.529,
                "t_T_R": 85.529,
                "t_du": 85.198,
                "t_dv": 85.198,
                "t_lat": 85.53,
                "t_lon": 85.53,
                "t_orientacion": 85.355,
                "t_u": 85.198,
                "t_utm_zone": 85.441,
                "t_v": 85.198,
                "t_x": 85.198,
                "t_y": 85.198,
                "throttle_L": 7879,
                "throttle_R": 9600,
                "u_raw": 0.6474934,
                "utm_zone": 30,
                "v_raw": -0.3586117,
                "x": 40.7973972,
                "y": 21.7502784
            },
            "type": "Feature"
        },
        {
            "geometry": {
                "coordinates": [
                    -3.7313731,
                    40.43721
                ],
                "type": "Point"
            },
            "properties": {
                "Ah": 0.362224,
                "du_raw": -0.1132856,
                "dv_raw": 0.0410172,
                "fecha": "2025-05-28 16:28:26.750000",
                "orientacion_raw": -0.228482,
                "t_Ah": 84.806,
                "t_T_L": 85.529,
                "t_T_R": 85.529,
                "t_du": 85.791,
                "t_dv": 85.791,
                "t_lat": 85.859,
                "t_lon": 85.859,
                "t_orientacion": 85.355,
                "t_u": 85.791,
                "t_utm_zone": 85.66,
                "t_v": 85.791,
                "t_x": 85.791,
                "t_y": 85.791,
                "throttle_L": 7879,
                "throttle_R": 9600,
                "u_raw": 0.6275719,
                "utm_zone": 30,
                "v_raw": -0.2490349,
                "x": 41.156776799999996,
                "y": 21.719027999999998
            },
            "type": "Feature"
        },
        {
            "geometry": {
                "coordinates": [
                    -3.731375,
                    40.437213
                ],
                "type": "Point"
            },
            "properties": {
                "Ah": 0.362224,
                "du_raw": -0.1162154,
                "dv_raw": 0.351576,
                "fecha": "2025-05-28 16:28:27",
                "orientacion_raw": -0.184604,
                "t_Ah": 84.806,
                "t_T_L": 85.986,
                "t_T_R": 85.986,
                "t_du": 86.117,
                "t_dv": 86.117,
                "t_lat": 86.205,
                "t_lon": 86.205,
                "t_orientacion": 85.866,
                "t_u": 86.117,
                "t_utm_zone": 85.932,
                "t_v": 86.117,
                "t_x": 86.117,
                "t_y": 86.117,
                "throttle_L": 9600,
                "throttle_R": 9421,
                "u_raw": 0.5478802,
                "utm_zone": 30,
                "v_raw": -0.27892,
                "x": 41.4888123,
                "y": 21.7073091
            },
            "type": "Feature"
        },
        {
            "geometry": {
                "coordinates": [
                    -3.731376,
                    40.437214399999995
                ],
                "type": "Point"
            },
            "properties": {
                "Ah": 0.362224,
                "du_raw": -0.4072422,
                "dv_raw": 0.24415,
                "fecha": "2025-05-28 16:28:27.500000",
                "orientacion_raw": -0.140649,
                "t_Ah": 84.806,
                "t_T_L": 86.481,
                "t_T_R": 86.481,
                "t_du": 86.398,
                "t_dv": 86.398,
                "t_lat": 86.581,
                "t_lon": 86.581,
                "t_orientacion": 86.352,
                "t_u": 86.398,
                "t_utm_zone": 86.427,
                "t_v": 86.398,
                "t_x": 86.398,
                "t_y": 86.398,
                "throttle_L": 8577,
                "throttle_R": 9600,
                "u_raw": 0.6076485,
                "utm_zone": 30,
                "v_raw": -0.2390751,
                "x": 41.6489706,
                "y": 21.6369957
            },
            "type": "Feature"
        },
        {
            "geometry": {
                "coordinates": [
                    -3.7313769999999997,
                    40.437217
                ],
                "type": "Point"
            },
            "properties": {
                "Ah": 0.362224,
                "du_raw": -0.3164184,
                "dv_raw": 0.2363372,
                "fecha": "2025-05-28 16:28:27.750000",
                "orientacion_raw": -0.06949,
                "t_Ah": 84.806,
                "t_T_L": 86.481,
                "t_T_R": 86.481,
                "t_du": 86.693,
                "t_dv": 86.693,
                "t_lat": 86.893,
                "t_lon": 86.893,
                "t_orientacion": 86.842,
                "t_u": 86.693,
                "t_utm_zone": 86.694,
                "t_v": 86.693,
                "t_x": 86.693,
                "t_y": 86.693,
                "throttle_L": 8577,
                "throttle_R": 9600,
                "u_raw": 0.5478802,
                "utm_zone": 30,
                "v_raw": -0.2490349,
                "x": 41.79741,
                "y": 21.617464199999997
            },
            "type": "Feature"
        },
        {
            "geometry": {
                "coordinates": [
                    -3.7313766,
                    40.4372179
                ],
                "type": "Point"
            },
            "properties": {
                "Ah": 0.362224,
                "du_raw": -0.2998162,
                "dv_raw": 0.1845774,
                "fecha": "2025-05-28 16:28:28.250000",
                "orientacion_raw": -0.06949,
                "t_Ah": 84.806,
                "t_T_L": 87.032,
                "t_T_R": 87.032,
                "t_du": 87.035,
                "t_dv": 87.035,
                "t_lat": 87.23,
                "t_lon": 87.23,
                "t_orientacion": 86.842,
                "t_u": 87.035,
                "t_utm_zone": 87.155,
                "t_v": 87.035,
                "t_x": 87.035,
                "t_y": 87.035,
                "throttle_L": 9600,
                "throttle_R": 8312,
                "u_raw": 0.5279568,
                "utm_zone": 30,
                "v_raw": -0.1593834,
                "x": 41.9302242,
                "y": 21.5393382
            },
            "type": "Feature"
        },
        {
            "geometry": {
                "coordinates": [
                    -3.7313756999999996,
                    40.4372197
                ],
                "type": "Point"
            },
            "properties": {
                "Ah": 0.362224,
                "du_raw": -0.3584122,
                "dv_raw": 0.1377006,
                "fecha": "2025-05-28 16:28:28.500000",
                "orientacion_raw": -0.008758,
                "t_Ah": 84.806,
                "t_T_L": 87.534,
                "t_T_R": 87.534,
                "t_du": 87.283,
                "t_dv": 87.283,
                "t_lat": 87.641,
                "t_lon": 87.641,
                "t_orientacion": 87.355,
                "t_u": 87.283,
                "t_utm_zone": 87.422,
                "t_v": 87.283,
                "t_x": 87.283,
                "t_y": 87.283,
                "throttle_L": 9600,
                "throttle_R": 7954,
                "u_raw": 0.5478802,
                "utm_zone": 30,
                "v_raw": -0.1593834,
                "x": 42.0396006,
                "y": 21.457305899999998
            },
            "type": "Feature"
        },
        {
            "geometry": {
                "coordinates": [
                    -3.731376,
                    40.4372208
                ],
                "type": "Point"
            },
            "properties": {
                "Ah": 0.362224,
                "du_raw": -0.1718816,
                "dv_raw": 0.23829039999999999,
                "fecha": "2025-05-28 16:28:28.750000",
                "orientacion_raw": 0.037171,
                "t_Ah": 84.806,
                "t_T_L": 87.534,
                "t_T_R": 87.534,
                "t_du": 87.884,
                "t_dv": 87.884,
                "t_lat": 87.934,
                "t_lon": 87.934,
                "t_orientacion": 87.836,
                "t_u": 87.884,
                "t_utm_zone": 87.669,
                "t_v": 87.884,
                "t_x": 87.884,
                "t_y": 87.884,
                "throttle_L": 9600,
                "throttle_R": 7954,
                "u_raw": 0.5877251,
                "utm_zone": 30,
                "v_raw": -0.1494217,
                "x": 42.3481983,
                "y": 21.386992499999998
            },
            "type": "Feature"
        },
        {
            "geometry": {
                "coordinates": [
                    -3.7313758999999997,
                    40.437222
                ],
                "type": "Point"
            },
            "properties": {
                "Ah": 0.362224,
                "du_raw": -0.2207116,
                "dv_raw": 0.1718816,
                "fecha": "2025-05-28 16:28:29.250000",
                "orientacion_raw": 0.037171,
                "t_Ah": 84.806,
                "t_T_L": 87.981,
                "t_T_R": 87.981,
                "t_du": 88.187,
                "t_dv": 88.187,
                "t_lat": 88.272,
                "t_lon": 88.272,
                "t_orientacion": 87.836,
                "t_u": 88.187,
                "t_utm_zone": 88.187,
                "t_v": 88.187,
                "t_x": 88.187,
                "t_y": 88.187,
                "throttle_L": 9600,
                "throttle_R": 7325,
                "u_raw": 0.5976868,
                "utm_zone": 30,
                "v_raw": -0.0597683,
                "x": 42.477106199999994,
                "y": 21.328398
            },
            "type": "Feature"
        },
        {
            "geometry": {
                "coordinates": [
                    -3.731376,
                    40.4372243
                ],
                "type": "Point"
            },
            "properties": {
                "Ah": 0.362224,
                "du_raw": -0.029298,
                "dv_raw": 0.2627054,
                "fecha": "2025-05-28 16:28:29.500000",
                "orientacion_raw": 0.060487,
                "t_Ah": 84.806,
                "t_T_L": 88.52,
                "t_T_R": 88.52,
                "t_du": 88.524,
                "t_dv": 88.524,
                "t_lat": 88.618,
                "t_lon": 88.618,
                "t_orientacion": 88.349,
                "t_u": 88.524,
                "t_utm_zone": 88.423,
                "t_v": 88.524,
                "t_x": 88.524,
                "t_y": 88.524,
                "throttle_L": 9600,
                "throttle_R": 6871,
                "u_raw": 0.5279568,
                "utm_zone": 30,
                "v_raw": -0.0996132,
                "x": 42.6099204,
                "y": 21.2776161
            },
            "type": "Feature"
        },
        {
            "geometry": {
                "coordinates": [
                    -3.731376,
                    40.437225399999996
                ],
                "type": "Point"
            },
            "properties": {
                "Ah": 0.362224,
                "du_raw": -0.0019532,
                "dv_raw": 0.1962966,
                "fecha": "2025-05-28 16:28:30",
                "orientacion_raw": 0.039915,
                "t_Ah": 84.806,
                "t_T_L": 89.023,
                "t_T_R": 89.023,
                "t_du": 88.829,
                "t_dv": 88.829,
                "t_lat": 89.024,
                "t_lon": 89.024,
                "t_orientacion": 88.834,
                "t_u": 88.829,
                "t_utm_zone": 88.917,
                "t_v": 88.829,
                "t_x": 88.829,
                "t_y": 88.829,
                "throttle_L": 9600,
                "throttle_R": 7538,
                "u_raw": 0.5578419,
                "utm_zone": 30,
                "v_raw": -0.0498066,
                "x": 42.7505472,
                "y": 21.308866499999997
            },
            "type": "Feature"
        },
        {
            "geometry": {
                "coordinates": [
                    -3.7313756999999996,
                    40.437227899999996
                ],
                "type": "Point"
            },
            "properties": {
                "Ah": 0.377344,
                "du_raw": -0.0126958,
                "dv_raw": 0.2451266,
                "fecha": "2025-05-28 16:28:30.250000",
                "orientacion_raw": 0.039915,
                "t_Ah": 89.285,
                "t_T_L": 89.023,
                "t_T_R": 89.023,
                "t_du": 89.116,
                "t_dv": 89.116,
                "t_lat": 89.373,
                "t_lon": 89.373,
                "t_orientacion": 88.834,
                "t_u": 89.116,
                "t_utm_zone": 89.146,
                "t_v": 89.116,
                "t_x": 89.116,
                "t_y": 89.116,
                "throttle_L": 9600,
                "throttle_R": 7538,
                "u_raw": 0.5976868,
                "utm_zone": 30,
                "v_raw": -0.0996132,
                "x": 43.000550399999995,
                "y": 21.3479295
            },
            "type": "Feature"
        },
        {
            "geometry": {
                "coordinates": [
                    -3.7313763,
                    40.4372293
                ],
                "type": "Point"
            },
            "properties": {
                "Ah": 0.377344,
                "du_raw": -0.0849642,
                "dv_raw": 0.087894,
                "fecha": "2025-05-28 16:28:30.500000",
                "orientacion_raw": 0.005205,
                "t_Ah": 89.285,
                "t_T_L": 89.474,
                "t_T_R": 89.474,
                "t_du": 89.38,
                "t_dv": 89.38,
                "t_lat": 89.711,
                "t_lon": 89.711,
                "t_orientacion": 89.378,
                "t_u": 89.38,
                "t_utm_zone": 89.426,
                "t_v": 89.38,
                "t_x": 89.38,
                "t_y": 89.38,
                "throttle_L": 9600,
                "throttle_R": 8685,
                "u_raw": 0.6275719,
                "utm_zone": 30,
                "v_raw": -0.20919000000000001,
                "x": 43.1372709,
                "y": 21.4182429
            },
            "type": "Feature"
        },
        {
            "geometry": {
                "coordinates": [
                    -3.7313763,
                    40.437230799999995
                ],
                "type": "Point"
            },
            "properties": {
                "Ah": 0.377344,
                "du_raw": -0.0166022,
                "dv_raw": 0.09766,
                "fecha": "2025-05-28 16:28:31",
                "orientacion_raw": -0.035053,
                "t_Ah": 89.285,
                "t_T_L": 90.018,
                "t_T_R": 90.018,
                "t_du": 90.022,
                "t_dv": 90.022,
                "t_lat": 90.031,
                "t_lon": 90.031,
                "t_orientacion": 89.844,
                "t_u": 90.022,
                "t_utm_zone": 89.912,
                "t_v": 90.022,
                "t_x": 90.022,
                "t_y": 90.022,
                "throttle_L": 9600,
                "throttle_R": 7755,
                "u_raw": 0.5877251,
                "utm_zone": 30,
                "v_raw": -0.13946,
                "x": 43.457587499999995,
                "y": 21.386992499999998
            },
            "type": "Feature"
        },
        {
            "geometry": {
                "coordinates": [
                    -3.7313761999999997,
                    40.4372335
                ],
                "type": "Point"
            },
            "properties": {
                "Ah": 0.377344,
                "du_raw": -0.2128988,
                "dv_raw": -0.0126958,
                "fecha": "2025-05-28 16:28:31.250000",
                "orientacion_raw": -0.091029,
                "t_Ah": 89.285,
                "t_T_L": 90.018,
                "t_T_R": 90.018,
                "t_du": 90.284,
                "t_dv": 90.284,
                "t_lat": 90.373,
                "t_lon": 90.373,
                "t_orientacion": 90.323,
                "t_u": 90.284,
                "t_utm_zone": 90.167,
                "t_v": 90.284,
                "t_x": 90.284,
                "t_y": 90.284,
                "throttle_L": 9600,
                "throttle_R": 7755,
                "u_raw": 0.5379185,
                "utm_zone": 30,
                "v_raw": -0.1494217,
                "x": 43.60993319999999,
                "y": 21.379179899999997
            },
            "type": "Feature"
        },
        {
            "geometry": {
                "coordinates": [
                    -3.7313764,
                    40.4372349
                ],
                "type": "Point"
            },
            "properties": {
                "Ah": 0.377344,
                "du_raw": -0.09766,
                "dv_raw": -0.0156256,
                "fecha": "2025-05-28 16:28:31.750000",
                "orientacion_raw": -0.091029,
                "t_Ah": 89.285,
                "t_T_L": 90.449,
                "t_T_R": 90.449,
                "t_du": 90.599,
                "t_dv": 90.599,
                "t_lat": 90.723,
                "t_lon": 90.723,
                "t_orientacion": 90.323,
                "t_u": 90.599,
                "t_utm_zone": 90.658,
                "t_v": 90.599,
                "t_x": 90.599,
                "t_y": 90.599,
                "throttle_L": 9131,
                "throttle_R": 9600,
                "u_raw": 0.6176102,
                "utm_zone": 30,
                "v_raw": -0.1693432,
                "x": 43.91853089999999,
                "y": 21.3479295
            },
            "type": "Feature"
        },
        {
            "geometry": {
                "coordinates": [
                    -3.7313769,
                    40.4372362
                ],
                "type": "Point"
            },
            "properties": {
                "Ah": 0.377344,
                "du_raw": 0.1669986,
                "dv_raw": 0.0429704,
                "fecha": "2025-05-28 16:28:32",
                "orientacion_raw": -0.099959,
                "t_Ah": 89.285,
                "t_T_L": 90.965,
                "t_T_R": 90.965,
                "t_du": 90.885,
                "t_dv": 90.885,
                "t_lat": 91.107,
                "t_lon": 91.107,
                "t_orientacion": 90.841,
                "t_u": 90.885,
                "t_utm_zone": 90.913,
                "t_v": 90.885,
                "t_x": 90.885,
                "t_y": 90.885,
                "throttle_L": 9600,
                "throttle_R": 9131,
                "u_raw": 0.5777634,
                "utm_zone": 30,
                "v_raw": -0.20919000000000001,
                "x": 44.0591577,
                "y": 21.2971476
            },
            "type": "Feature"
        },
        {
            "geometry": {
                "coordinates": [
                    -3.7313777999999997,
                    40.4372386
                ],
                "type": "Point"
            },
            "properties": {
                "Ah": 0.377344,
                "du_raw": 0.0351576,
                "dv_raw": -0.0185554,
                "fecha": "2025-05-28 16:28:32.250000",
                "orientacion_raw": -0.109014,
                "t_Ah": 89.285,
                "t_T_L": 90.965,
                "t_T_R": 90.965,
                "t_du": 91.185,
                "t_dv": 91.185,
                "t_lat": 91.416,
                "t_lon": 91.416,
                "t_orientacion": 91.371,
                "t_u": 91.185,
                "t_utm_zone": 91.186,
                "t_v": 91.185,
                "t_x": 91.185,
                "t_y": 91.185,
                "throttle_L": 9600,
                "throttle_R": 9131,
                "u_raw": 0.5578419,
                "utm_zone": 30,
                "v_raw": -0.3187668,
                "x": 44.188065599999995,
                "y": 21.2580846
            },
            "type": "Feature"
        },
        {
            "geometry": {
                "coordinates": [
                    -3.7313782,
                    40.4372399
                ],
                "type": "Point"
            },
            "properties": {
                "Ah": 0.377344,
                "du_raw": -0.0693386,
                "dv_raw": 0.0996132,
                "fecha": "2025-05-28 16:28:32.750000",
                "orientacion_raw": -0.109014,
                "t_Ah": 89.285,
                "t_T_L": 91.508,
                "t_T_R": 91.508,
                "t_du": 91.511,
                "t_dv": 91.511,
                "t_lat": 91.809,
                "t_lon": 91.809,
                "t_orientacion": 91.371,
                "t_u": 91.511,
                "t_utm_zone": 91.662,
                "t_v": 91.511,
                "t_x": 91.511,
                "t_y": 91.511,
                "throttle_L": 9600,
                "throttle_R": 9046,
                "u_raw": 0.5678017,
                "utm_zone": 30,
                "v_raw": -0.1992283,
                "x": 44.3404113,
                "y": 21.1799586
            },
            "type": "Feature"
        },
        {
            "geometry": {
                "coordinates": [
                    -3.7313785,
                    40.4372427
                ],
                "type": "Point"
            },
            "properties": {
                "Ah": 0.377344,
                "du_raw": 0.073245,
                "dv_raw": 0.078128,
                "fecha": "2025-05-28 16:28:33",
                "orientacion_raw": -0.11022,
                "t_Ah": 89.285,
                "t_T_L": 91.964,
                "t_T_R": 91.964,
                "t_du": 92.116,
                "t_dv": 92.116,
                "t_lat": 92.118,
                "t_lon": 92.118,
                "t_orientacion": 91.836,
                "t_u": 92.116,
                "t_utm_zone": 91.908,
                "t_v": 92.116,
                "t_x": 92.116,
                "t_y": 92.116,
                "throttle_L": 9600,
                "throttle_R": 8795,
                "u_raw": 0.5478802,
                "utm_zone": 30,
                "v_raw": -0.1892666,
                "x": 44.7896358,
                "y": 21.1369893
            },
            "type": "Feature"
        },
        {
            "geometry": {
                "coordinates": [
                    -3.731379,
                    40.4372441
                ],
                "type": "Point"
            },
            "properties": {
                "Ah": 0.377344,
                "du_raw": -0.1836008,
                "dv_raw": 0.11914519999999999,
                "fecha": "2025-05-28 16:28:33.500000",
                "orientacion_raw": -0.102044,
                "t_Ah": 89.285,
                "t_T_L": 92.518,
                "t_T_R": 92.518,
                "t_du": 92.37,
                "t_dv": 92.37,
                "t_lat": 92.52,
                "t_lon": 92.52,
                "t_orientacion": 92.37,
                "t_u": 92.37,
                "t_utm_zone": 92.404,
                "t_v": 92.37,
                "t_x": 92.37,
                "t_y": 92.37,
                "throttle_L": 7780,
                "throttle_R": 9600,
                "u_raw": 0.5678017,
                "utm_zone": 30,
                "v_raw": -0.27892,
                "x": 44.9497941,
                "y": 21.1291767
            },
            "type": "Feature"
        },
        {
            "geometry": {
                "coordinates": [
                    -3.7313799,
                    40.4372456
                ],
                "type": "Point"
            },
            "properties": {
                "Ah": 0.377344,
                "du_raw": -0.0820344,
                "dv_raw": -0.0273448,
                "fecha": "2025-05-28 16:28:33.750000",
                "orientacion_raw": -0.102044,
                "t_Ah": 89.285,
                "t_T_L": 92.518,
                "t_T_R": 92.518,
                "t_du": 92.694,
                "t_dv": 92.694,
                "t_lat": 92.847,
                "t_lon": 92.847,
                "t_orientacion": 92.37,
                "t_u": 92.694,
                "t_utm_zone": 92.695,
                "t_v": 92.694,
                "t_x": 92.694,
                "t_y": 92.694,
                "throttle_L": 7780,
                "throttle_R": 9600,
                "u_raw": 0.6973019,
                "utm_zone": 30,
                "v_raw": -0.4084183,
                "x": 45.1099524,
                "y": 21.1799586
            },
            "type": "Feature"
        },
        {
            "geometry": {
                "coordinates": [
                    -3.7313813999999996,
                    40.4372488
                ],
                "type": "Point"
            },
            "properties": {
                "Ah": 0.377344,
                "du_raw": -0.0771514,
                "dv_raw": 0.1386772,
                "fecha": "2025-05-28 16:28:34",
                "orientacion_raw": -0.018319,
                "t_Ah": 89.285,
                "t_T_L": 93.01,
                "t_T_R": 93.01,
                "t_du": 93.012,
                "t_dv": 93.012,
                "t_lat": 93.167,
                "t_lon": 93.167,
                "t_orientacion": 92.851,
                "t_u": 93.012,
                "t_utm_zone": 92.904,
                "t_v": 93.012,
                "t_x": 93.012,
                "t_y": 93.012,
                "throttle_L": 7879,
                "throttle_R": 9600,
                "u_raw": 0.6674168,
                "utm_zone": 30,
                "v_raw": -0.2689583,
                "x": 45.2779233,
                "y": 21.117457799999997
            },
            "type": "Feature"
        },
        {
            "geometry": {
                "coordinates": [
                    -3.7313823999999998,
                    40.4372505
                ],
                "type": "Point"
            },
            "properties": {
                "Ah": 0.377344,
                "du_raw": -0.0654322,
                "dv_raw": 0.3154418,
                "fecha": "2025-05-28 16:28:34.500000",
                "orientacion_raw": 0.118774,
                "t_Ah": 89.285,
                "t_T_L": 93.454,
                "t_T_R": 93.454,
                "t_du": 93.257,
                "t_dv": 93.257,
                "t_lat": 93.57,
                "t_lon": 93.57,
                "t_orientacion": 93.339,
                "t_u": 93.257,
                "t_utm_zone": 93.398,
                "t_v": 93.257,
                "t_x": 93.257,
                "t_y": 93.257,
                "throttle_L": 7854,
                "throttle_R": 9600,
                "u_raw": 0.6474934,
                "utm_zone": 30,
                "v_raw": -0.3785351,
                "x": 45.469331999999994,
                "y": 21.0393318
            },
            "type": "Feature"
        },
        {
            "geometry": {
                "coordinates": [
                    -3.7313831,
                    40.437253399999996
                ],
                "type": "Point"
            },
            "properties": {
                "Ah": 0.392625,
                "du_raw": -0.0107426,
                "dv_raw": 0.034181,
                "fecha": "2025-05-28 16:28:34.750000",
                "orientacion_raw": 0.281586,
                "t_Ah": 93.764,
                "t_T_L": 93.454,
                "t_T_R": 93.454,
                "t_du": 93.572,
                "t_dv": 93.572,
                "t_lat": 93.905,
                "t_lon": 93.905,
                "t_orientacion": 93.817,
                "t_u": 93.572,
                "t_utm_zone": 93.651,
                "t_v": 93.572,
                "t_x": 93.572,
                "t_y": 93.572,
                "throttle_L": 7854,
                "throttle_R": 9600,
                "u_raw": 0.6773785,
                "utm_zone": 30,
                "v_raw": -0.0298832,
                "x": 45.8091801,
                "y": 20.9885499
            },
            "type": "Feature"
        },
        {
            "geometry": {
                "coordinates": [
                    -3.7313842999999998,
                    40.437255
                ],
                "type": "Point"
            },
            "properties": {
                "Ah": 0.392625,
                "du_raw": -0.2402436,
                "dv_raw": 0.16895179999999999,
                "fecha": "2025-05-28 16:28:35.250000",
                "orientacion_raw": 0.281586,
                "t_Ah": 93.764,
                "t_T_L": 93.968,
                "t_T_R": 93.968,
                "t_du": 94.206,
                "t_dv": 94.206,
                "t_lat": 94.208,
                "t_lon": 94.208,
                "t_orientacion": 93.817,
                "t_u": 94.206,
                "t_utm_zone": 94.206,
                "t_v": 94.206,
                "t_x": 94.206,
                "t_y": 94.206,
                "throttle_L": 4245,
                "throttle_R": 3435,
                "u_raw": 0.6275719,
                "utm_zone": 30,
                "v_raw": -0.06973,
                "x": 46.1490282,
                "y": 20.9494869
            },
            "type": "Feature"
        },
        {
            "geometry": {
                "coordinates": [
                    -3.7313851,
                    40.4372565
                ],
                "type": "Point"
            },
            "properties": {
                "Ah": 0.392625,
                "du_raw": -0.166022,
                "dv_raw": 0.1210984,
                "fecha": "2025-05-28 16:28:35.500000",
                "orientacion_raw": 0.446995,
                "t_Ah": 93.764,
                "t_T_L": 94.506,
                "t_T_R": 94.506,
                "t_du": 94.508,
                "t_dv": 94.508,
                "t_lat": 94.592,
                "t_lon": 94.592,
                "t_orientacion": 94.319,
                "t_u": 94.508,
                "t_utm_zone": 94.396,
                "t_v": 94.508,
                "t_x": 94.508,
                "t_y": 94.508,
                "throttle_L": 5775,
                "throttle_R": -3615,
                "u_raw": 0.5379185,
                "utm_zone": 30,
                "v_raw": 0.0896515,
                "x": 46.309186499999996,
                "y": 20.957299499999998
            },
            "type": "Feature"
        },
        {
            "geometry": {
                "coordinates": [
                    -3.7313864,
                    40.437260099999996
                ],
                "type": "Point"
            },
            "properties": {
                "Ah": 0.392625,
                "du_raw": 0.0312512,
                "dv_raw": 0.1738348,
                "fecha": "2025-05-28 16:28:36.250000",
                "orientacion_raw": 0.506039,
                "t_Ah": 93.764,
                "t_T_L": 95.007,
                "t_T_R": 95.007,
                "t_du": 95.09,
                "t_dv": 95.09,
                "t_lat": 95.256,
                "t_lon": 95.256,
                "t_orientacion": 94.808,
                "t_u": 95.09,
                "t_utm_zone": 95.144,
                "t_v": 95.09,
                "t_x": 95.09,
                "t_y": 95.09,
                "throttle_L": 7545,
                "throttle_R": -5895,
                "u_raw": 0.3685734,
                "utm_zone": 30,
                "v_raw": -0.0498066,
                "x": 46.598252699999996,
                "y": 20.937768
            },
            "type": "Feature"
        },
        {
            "geometry": {
                "coordinates": [
                    -3.7313883,
                    40.4372623
                ],
                "type": "Point"
            },
            "properties": {
                "Ah": 0.392625,
                "du_raw": -0.0419938,
                "dv_raw": -0.0507832,
                "fecha": "2025-05-28 16:28:36.500000",
                "orientacion_raw": 0.362586,
                "t_Ah": 93.764,
                "t_T_L": 95.462,
                "t_T_R": 95.462,
                "t_du": 95.354,
                "t_dv": 95.354,
                "t_lat": 95.598,
                "t_lon": 95.598,
                "t_orientacion": 95.318,
                "t_u": 95.354,
                "t_utm_zone": 95.396,
                "t_v": 95.354,
                "t_x": 95.354,
                "t_y": 95.354,
                "throttle_L": 2865,
                "throttle_R": -1305,
                "u_raw": 0.2888817,
                "utm_zone": 30,
                "v_raw": -0.0796917,
                "x": 46.8404433,
                "y": 20.859641999999997
            },
            "type": "Feature"
        },
        {
            "geometry": {
                "coordinates": [
                    -3.731388,
                    40.437263099999996
                ],
                "type": "Point"
            },
            "properties": {
                "Ah": 0.392625,
                "du_raw": -0.0908238,
                "dv_raw": -0.0166022,
                "fecha": "2025-05-28 16:28:37",
                "orientacion_raw": 0.295082,
                "t_Ah": 93.764,
                "t_T_L": 95.997,
                "t_T_R": 95.997,
                "t_du": 95.662,
                "t_dv": 95.662,
                "t_lat": 95.998,
                "t_lon": 95.998,
                "t_orientacion": 95.8,
                "t_u": 95.662,
                "t_utm_zone": 95.893,
                "t_v": 95.662,
                "t_x": 95.662,
                "t_y": 95.662,
                "throttle_L": -525,
                "throttle_R": -9015,
                "u_raw": 0.3287266,
                "utm_zone": 30,
                "v_raw": 0,
                "x": 46.95763229999999,
                "y": 20.816672699999998
            },
            "type": "Feature"
        },
        {
            "geometry": {
                "coordinates": [
                    -3.7313875,
                    40.4372639
                ],
                "type": "Point"
            },
            "properties": {
                "Ah": 0.392625,
                "du_raw": -0.0839876,
                "dv_raw": 0.0449236,
                "fecha": "2025-05-28 16:28:37.250000",
                "orientacion_raw": 0.295082,
                "t_Ah": 93.764,
                "t_T_L": 95.997,
                "t_T_R": 95.997,
                "t_du": 96.258,
                "t_dv": 96.258,
                "t_lat": 96.34,
                "t_lon": 96.34,
                "t_orientacion": 95.8,
                "t_u": 96.258,
                "t_utm_zone": 96.138,
                "t_v": 96.258,
                "t_x": 96.258,
                "t_y": 96.258,
                "throttle_L": -525,
                "throttle_R": -9015,
                "u_raw": 0.2888817,
                "utm_zone": 30,
                "v_raw": 0.0298832,
                "x": 47.1373221,
                "y": 20.7776097
            },
            "type": "Feature"
        },
        {
            "geometry": {
                "coordinates": [
                    -3.7313867,
                    40.4372652
                ],
                "type": "Point"
            },
            "properties": {
                "Ah": 0.392625,
                "du_raw": -0.2138754,
                "dv_raw": 0.2959098,
                "fecha": "2025-05-28 16:28:37.500000",
                "orientacion_raw": 0.276813,
                "t_Ah": 93.764,
                "t_T_L": 96.449,
                "t_T_R": 96.449,
                "t_du": 96.597,
                "t_dv": 96.597,
                "t_lat": 96.666,
                "t_lon": 96.666,
                "t_orientacion": 96.343,
                "t_u": 96.597,
                "t_utm_zone": 96.369,
                "t_v": 96.597,
                "t_x": 96.597,
                "t_y": 96.597,
                "throttle_L": 105,
                "throttle_R": -9525,
                "u_raw": 0.20919000000000001,
                "utm_zone": 30,
                "v_raw": 0,
                "x": 47.207635499999995,
                "y": 20.7502656
            },
            "type": "Feature"
        },
        {
            "geometry": {
                "coordinates": [
                    -3.7313866,
                    40.437265499999995
                ],
                "type": "Point"
            },
            "properties": {
                "Ah": 0.392625,
                "du_raw": -0.058596,
                "dv_raw": -0.229501,
                "fecha": "2025-05-28 16:28:38",
                "orientacion_raw": 0.067598,
                "t_Ah": 93.764,
                "t_T_L": 96.943,
                "t_T_R": 96.943,
                "t_du": 96.861,
                "t_dv": 96.861,
                "t_lat": 97.045,
                "t_lon": 97.045,
                "t_orientacion": 96.8,
                "t_u": 96.861,
                "t_utm_zone": 96.889,
                "t_v": 96.861,
                "t_x": 96.861,
                "t_y": 96.861,
                "throttle_L": -990,
                "throttle_R": -8490,
                "u_raw": 0.0199215,
                "utm_zone": 30,
                "v_raw": -0.1294983,
                "x": 47.3170119,
                "y": 20.6799522
            },
            "type": "Feature"
        },
        {
            "geometry": {
                "coordinates": [
                    -3.7313851999999996,
                    40.437265
                ],
                "type": "Point"
            },
            "properties": {
                "Ah": 0.392625,
                "du_raw": 0.0361342,
                "dv_raw": 0.1425836,
                "fecha": "2025-05-28 16:28:38.250000",
                "orientacion_raw": -0.182075,
                "t_Ah": 93.764,
                "t_T_L": 96.943,
                "t_T_R": 96.943,
                "t_du": 97.158,
                "t_dv": 97.158,
                "t_lat": 97.351,
                "t_lon": 97.351,
                "t_orientacion": 97.304,
                "t_u": 97.158,
                "t_utm_zone": 97.158,
                "t_v": 97.158,
                "t_x": 97.158,
                "t_y": 97.158,
                "throttle_L": -990,
                "throttle_R": -8490,
                "u_raw": -0.0498066,
                "utm_zone": 30,
                "v_raw": -0.0498066,
                "x": 47.309199299999996,
                "y": 20.5901073
            },
            "type": "Feature"
        },
        {
            "geometry": {
                "coordinates": [
                    -3.7313845999999997,
                    40.4372648
                ],
                "type": "Point"
            },
            "properties": {
                "Ah": 0.392625,
                "du_raw": -0.0361342,
                "dv_raw": -0.102543,
                "fecha": "2025-05-28 16:28:38.750000",
                "orientacion_raw": -0.182075,
                "t_Ah": 93.764,
                "t_T_L": 97.486,
                "t_T_R": 97.486,
                "t_du": 97.489,
                "t_dv": 97.489,
                "t_lat": 97.691,
                "t_lon": 97.691,
                "t_orientacion": 97.304,
                "t_u": 97.489,
                "t_utm_zone": 97.638,
                "t_v": 97.489,
                "t_x": 97.489,
                "t_y": 97.489,
                "throttle_L": -3690,
                "throttle_R": -4110,
                "u_raw": -0.1294983,
                "utm_zone": 30,
                "v_raw": -0.0996132,
                "x": 47.2584174,
                "y": 20.5588569
            },
            "type": "Feature"
        },
        {
            "geometry": {
                "coordinates": [
                    -3.7313839,
                    40.4372645
                ],
                "type": "Point"
            },
            "properties": {
                "Ah": 0.392625,
                "du_raw": 0.4560722,
                "dv_raw": 0.1093792,
                "fecha": "2025-05-28 16:28:39",
                "orientacion_raw": -0.416211,
                "t_Ah": 93.764,
                "t_T_L": 97.944,
                "t_T_R": 97.944,
                "t_du": 97.744,
                "t_dv": 97.744,
                "t_lat": 98.099,
                "t_lon": 98.099,
                "t_orientacion": 97.796,
                "t_u": 97.744,
                "t_utm_zone": 97.867,
                "t_v": 97.744,
                "t_x": 97.744,
                "t_y": 97.744,
                "throttle_L": -4740,
                "throttle_R": -3030,
                "u_raw": -0.0896515,
                "utm_zone": 30,
                "v_raw": -0.0298832,
                "x": 47.2388859,
                "y": 20.4885435
            },
            "type": "Feature"
        },
        {
            "geometry": {
                "coordinates": [
                    -3.7313826,
                    40.4372638
                ],
                "type": "Point"
            },
            "properties": {
                "Ah": 0.398104,
                "du_raw": 0.3242312,
                "dv_raw": 0.122075,
                "fecha": "2025-05-28 16:28:39.250000",
                "orientacion_raw": -0.705179,
                "t_Ah": 98.254,
                "t_T_L": 97.944,
                "t_T_R": 97.944,
                "t_du": 98.352,
                "t_dv": 98.352,
                "t_lat": 98.396,
                "t_lon": 98.396,
                "t_orientacion": 98.35,
                "t_u": 98.352,
                "t_utm_zone": 98.115,
                "t_v": 98.352,
                "t_x": 98.352,
                "t_y": 98.352,
                "throttle_L": -4740,
                "throttle_R": -3030,
                "u_raw": -0.1494217,
                "utm_zone": 30,
                "v_raw": 0.06973,
                "x": 47.1295095,
                "y": 20.386979699999998
            },
            "type": "Feature"
        },
        {
            "geometry": {
                "coordinates": [
                    -3.7313821999999996,
                    40.4372634
                ],
                "type": "Point"
            },
            "properties": {
                "Ah": 0.398104,
                "du_raw": -0.0693386,
                "dv_raw": -0.1601624,
                "fecha": "2025-05-28 16:28:39.750000",
                "orientacion_raw": -0.705179,
                "t_Ah": 98.254,
                "t_T_L": 98.444,
                "t_T_R": 98.444,
                "t_du": 98.661,
                "t_dv": 98.661,
                "t_lat": 98.731,
                "t_lon": 98.731,
                "t_orientacion": 98.35,
                "t_u": 98.661,
                "t_utm_zone": 98.662,
                "t_v": 98.661,
                "t_x": 98.661,
                "t_y": 98.661,
                "throttle_L": -435,
                "throttle_R": -5475,
                "u_raw": -0.2291134,
                "utm_zone": 30,
                "v_raw": -0.0099598,
                "x": 47.07872759999999,
                "y": 20.2776033
            },
            "type": "Feature"
        },
        {
            "geometry": {
                "coordinates": [
                    -3.7313809,
                    40.4372629
                ],
                "type": "Point"
            },
            "properties": {
                "Ah": 0.398104,
                "du_raw": 0.5771706,
                "dv_raw": -0.2236414,
                "fecha": "2025-05-28 16:28:40",
                "orientacion_raw": -1.006365,
                "t_Ah": 98.254,
                "t_T_L": 98.988,
                "t_T_R": 98.988,
                "t_du": 98.99,
                "t_dv": 98.99,
                "t_lat": 99.086,
                "t_lon": 99.086,
                "t_orientacion": 98.788,
                "t_u": 98.99,
                "t_utm_zone": 98.881,
                "t_v": 98.99,
                "t_x": 98.99,
                "t_y": 98.99,
                "throttle_L": 7230,
                "throttle_R": -5370,
                "u_raw": -0.1593834,
                "utm_zone": 30,
                "v_raw": 0.1494217,
                "x": 47.059196099999994,
                "y": 20.117445
            },
            "type": "Feature"
        },
        {
            "geometry": {
                "coordinates": [
                    -3.7313804,
                    40.4372626
                ],
                "type": "Point"
            },
            "properties": {
                "Ah": 0.398104,
                "du_raw": 0.053713,
                "dv_raw": -0.4365402,
                "fecha": "2025-05-28 16:28:40.500000",
                "orientacion_raw": -1.387095,
                "t_Ah": 98.254,
                "t_T_L": 99.446,
                "t_T_R": 99.446,
                "t_du": 99.24,
                "t_dv": 99.24,
                "t_lat": 99.448,
                "t_lon": 99.448,
                "t_orientacion": 99.305,
                "t_u": 99.24,
                "t_utm_zone": 99.379,
                "t_v": 99.24,
                "t_x": 99.24,
                "t_y": 99.24,
                "throttle_L": 9600,
                "throttle_R": 912,
                "u_raw": -0.1892666,
                "utm_zone": 30,
                "v_raw": 0.1095749,
                "x": 47.0279457,
                "y": 20.039319
            },
            "type": "Feature"
        },
        {
            "geometry": {
                "coordinates": [
                    -3.7313798,
                    40.4372626
                ],
                "type": "Point"
            },
            "properties": {
                "Ah": 0.398104,
                "du_raw": 0.190437,
                "dv_raw": -0.3339972,
                "fecha": "2025-05-28 16:28:40.750000",
                "orientacion_raw": -1.387095,
                "t_Ah": 98.254,
                "t_T_L": 99.446,
                "t_T_R": 99.446,
                "t_du": 99.576,
                "t_dv": 99.576,
                "t_lat": 99.838,
                "t_lon": 99.838,
                "t_orientacion": 99.305,
                "t_u": 99.576,
                "t_utm_zone": 99.609,
                "t_v": 99.576,
                "t_x": 99.576,
                "t_y": 99.576,
                "throttle_L": 9600,
                "throttle_R": 912,
                "u_raw": -0.1494217,
                "utm_zone": 30,
                "v_raw": 0.1494217,
                "x": 47.000601599999996,
                "y": 19.9885371
            },
            "type": "Feature"
        },
        {
            "geometry": {
                "coordinates": [
                    -3.7313793,
                    40.4372624
                ],
                "type": "Point"
            },
            "properties": {
                "Ah": 0.398104,
                "du_raw": -0.5693578,
                "dv_raw": -0.2597756,
                "fecha": "2025-05-28 16:28:41",
                "orientacion_raw": -1.88707,
                "t_Ah": 98.254,
                "t_T_L": 99.933,
                "t_T_R": 99.933,
                "t_du": 99.848,
                "t_dv": 99.848,
                "t_lat": 100.174,
                "t_lon": 100.174,
                "t_orientacion": 99.844,
                "t_u": 99.848,
                "t_utm_zone": 99.878,
                "t_v": 99.848,
                "t_x": 99.848,
                "t_y": 99.848,
                "throttle_L": 9600,
                "throttle_R": 4890,
                "u_raw": -0.1095749,
                "utm_zone": 30,
                "v_raw": 0.4084183,
                "x": 47.000601599999996,
                "y": 19.9494741
            },
            "type": "Feature"
        },
        {
            "geometry": {
                "coordinates": [
                    -3.7313788,
                    40.4372624
                ],
                "type": "Point"
            },
            "properties": {
                "Ah": 0.398104,
                "du_raw": -0.5273639999999999,
                "dv_raw": 0.332044,
                "fecha": "2025-05-28 16:28:41.500000",
                "orientacion_raw": -2.244972,
                "t_Ah": 98.254,
                "t_T_L": 100.46,
                "t_T_R": 100.46,
                "t_du": 100.462,
                "t_dv": 100.462,
                "t_lat": 100.547,
                "t_lon": 100.547,
                "t_orientacion": 100.315,
                "t_u": 100.462,
                "t_utm_zone": 100.375,
                "t_v": 100.462,
                "t_x": 100.462,
                "t_y": 100.462,
                "throttle_L": 6285,
                "throttle_R": 9345,
                "u_raw": -0.1195366,
                "utm_zone": 30,
                "v_raw": -0.06973,
                "x": 46.9693512,
                "y": 19.976818199999997
            },
            "type": "Feature"
        },
        {
            "geometry": {
                "coordinates": [
                    -3.7313787,
                    40.437262499999996
                ],
                "type": "Point"
            },
            "properties": {
                "Ah": 0.398104,
                "du_raw": -0.2461032,
                "dv_raw": -0.273448,
                "fecha": "2025-05-28 16:28:41.750000",
                "orientacion_raw": -2.265168,
                "t_Ah": 98.254,
                "t_T_L": 100.46,
                "t_T_R": 100.46,
                "t_du": 100.728,
                "t_dv": 100.728,
                "t_lat": 100.847,
                "t_lon": 100.847,
                "t_orientacion": 100.783,
                "t_u": 100.728,
                "t_utm_zone": 100.622,
                "t_v": 100.728,
                "t_x": 100.728,
                "t_y": 100.728,
                "throttle_L": 6285,
                "throttle_R": 9345,
                "u_raw": -0.20919000000000001,
                "utm_zone": 30,
                "v_raw": -0.06973,
                "x": 46.9771638,
                "y": 20.0588505
            },
            "type": "Feature"
        },
        {
            "geometry": {
                "coordinates": [
                    -3.7313794,
                    40.4372627
                ],
                "type": "Point"
            },
            "properties": {
                "Ah": 0.398104,
                "du_raw": -0.1015664,
                "dv_raw": -0.4599786,
                "fecha": "2025-05-28 16:28:42.250000",
                "orientacion_raw": -2.265168,
                "t_Ah": 98.254,
                "t_T_L": 100.925,
                "t_T_R": 100.925,
                "t_du": 101.073,
                "t_dv": 101.073,
                "t_lat": 101.178,
                "t_lon": 101.178,
                "t_orientacion": 100.783,
                "t_u": 101.073,
                "t_utm_zone": 101.127,
                "t_v": 101.073,
                "t_x": 101.073,
                "t_y": 101.073,
                "throttle_L": 7530,
                "throttle_R": 9390,
                "u_raw": -0.0996132,
                "utm_zone": 30,
                "v_raw": -0.2689583,
                "x": 47.000601599999996,
                "y": 20.027600099999997
            },
            "type": "Feature"
        },
        {
            "geometry": {
                "coordinates": [
                    -3.7313802,
                    40.4372627
                ],
                "type": "Point"
            },
            "properties": {
                "Ah": 0.398104,
                "du_raw": -0.3310674,
                "dv_raw": -0.2089924,
                "fecha": "2025-05-28 16:28:42.500000",
                "orientacion_raw": -2.120159,
                "t_Ah": 98.254,
                "t_T_L": 101.424,
                "t_T_R": 101.424,
                "t_du": 101.334,
                "t_dv": 101.334,
                "t_lat": 101.565,
                "t_lon": 101.565,
                "t_orientacion": 101.332,
                "t_u": 101.334,
                "t_utm_zone": 101.372,
                "t_v": 101.334,
                "t_x": 101.334,
                "t_y": 101.334,
                "throttle_L": 2239,
                "throttle_R": 9600,
                "u_raw": -0.1892666,
                "utm_zone": 30,
                "v_raw": -0.4582268,
                "x": 47.0084142,
                "y": 20.0471316
            },
            "type": "Feature"
        },
        {
            "geometry": {
                "coordinates": [
                    -3.731382,
                    40.4372622
                ],
                "type": "Point"
            },
            "properties": {
                "Ah": 0.398104,
                "du_raw": -0.0664088,
                "dv_raw": -0.53713,
                "fecha": "2025-05-28 16:28:42.750000",
                "orientacion_raw": -1.928334,
                "t_Ah": 98.254,
                "t_T_L": 101.424,
                "t_T_R": 101.424,
                "t_du": 101.643,
                "t_dv": 101.643,
                "t_lat": 101.936,
                "t_lon": 101.936,
                "t_orientacion": 101.797,
                "t_u": 101.643,
                "t_utm_zone": 101.643,
                "t_v": 101.643,
                "t_x": 101.643,
                "t_y": 101.643,
                "throttle_L": 2239,
                "throttle_R": 9600,
                "u_raw": -0.1793049,
                "utm_zone": 30,
                "v_raw": -0.4781502,
                "x": 46.9771638,
                "y": 20.0471316
            },
            "type": "Feature"
        },
        {
            "geometry": {
                "coordinates": [
                    -3.7313831,
                    40.4372621
                ],
                "type": "Point"
            },
            "properties": {
                "Ah": 0.398104,
                "du_raw": 0.0849642,
                "dv_raw": -0.6758071999999999,
                "fecha": "2025-05-28 16:28:43.250000",
                "orientacion_raw": -1.928334,
                "t_Ah": 98.254,
                "t_T_L": 101.94,
                "t_T_R": 101.94,
                "t_du": 101.941,
                "t_dv": 101.941,
                "t_lat": 102.269,
                "t_lon": 102.269,
                "t_orientacion": 101.797,
                "t_u": 101.941,
                "t_utm_zone": 102.118,
                "t_v": 101.941,
                "t_x": 101.941,
                "t_y": 101.941,
                "throttle_L": 9600,
                "throttle_R": 2996,
                "u_raw": -0.1195366,
                "utm_zone": 30,
                "v_raw": -0.2888817,
                "x": 46.95763229999999,
                "y": 20.039319
            },
            "type": "Feature"
        },
        {
            "geometry": {
                "coordinates": [
                    -3.7313845,
                    40.4372623
                ],
                "type": "Point"
            },
            "properties": {
                "Ah": 0.398104,
                "du_raw": -0.5381066,
                "dv_raw": -0.014649,
                "fecha": "2025-05-28 16:28:43.500000",
                "orientacion_raw": -1.833792,
                "t_Ah": 98.254,
                "t_T_L": 102.424,
                "t_T_R": 102.424,
                "t_du": 102.583,
                "t_dv": 102.583,
                "t_lat": 102.584,
                "t_lon": 102.584,
                "t_orientacion": 102.295,
                "t_u": 102.583,
                "t_utm_zone": 102.372,
                "t_v": 102.583,
                "t_x": 102.583,
                "t_y": 102.583,
                "throttle_L": -600,
                "throttle_R": 4770,
                "u_raw": -0.0896515,
                "utm_zone": 30,
                "v_raw": -0.3685734,
                "x": 46.938100799999994,
                "y": 20.039319
            },
            "type": "Feature"
        },
        {
            "geometry": {
                "coordinates": [
                    -3.7313853,
                    40.4372624
                ],
                "type": "Point"
            },
            "properties": {
                "Ah": 0.408453,
                "du_raw": -0.419938,
                "dv_raw": -0.3486462,
                "fecha": "2025-05-28 16:28:44",
                "orientacion_raw": -1.786511,
                "t_Ah": 102.736,
                "t_T_L": 102.929,
                "t_T_R": 102.929,
                "t_du": 102.84,
                "t_dv": 102.84,
                "t_lat": 102.93,
                "t_lon": 102.93,
                "t_orientacion": 102.839,
                "t_u": 102.84,
                "t_utm_zone": 102.864,
                "t_v": 102.84,
                "t_x": 102.84,
                "t_y": 102.84,
                "throttle_L": -9600,
                "throttle_R": -7805,
                "u_raw": -0.0796917,
                "utm_zone": 30,
                "v_raw": -0.3984585,
                "x": 46.95763229999999,
                "y": 20.0588505
            },
            "type": "Feature"
        },
        {
            "geometry": {
                "coordinates": [
                    -3.7313859,
                    40.4372628
                ],
                "type": "Point"
            },
            "properties": {
                "Ah": 0.408453,
                "du_raw": -0.2724714,
                "dv_raw": -0.126958,
                "fecha": "2025-05-28 16:28:44.250000",
                "orientacion_raw": -1.786511,
                "t_Ah": 102.736,
                "t_T_L": 102.929,
                "t_T_R": 102.929,
                "t_du": 103.136,
                "t_dv": 103.136,
                "t_lat": 103.323,
                "t_lon": 103.323,
                "t_orientacion": 102.839,
                "t_u": 103.136,
                "t_utm_zone": 103.136,
                "t_v": 103.136,
                "t_x": 103.136,
                "t_y": 103.136,
                "throttle_L": -9600,
                "throttle_R": -7805,
                "u_raw": 0.0498066,
                "utm_zone": 30,
                "v_raw": -0.1892666,
                "x": 47.020133099999995,
                "y": 20.008068599999998
            },
            "type": "Feature"
        },
        {
            "geometry": {
                "coordinates": [
                    -3.7313859,
                    40.4372629
                ],
                "type": "Point"
            },
            "properties": {
                "Ah": 0.408453,
                "du_raw": -0.2705182,
                "dv_raw": -0.1582092,
                "fecha": "2025-05-28 16:28:44.500000",
                "orientacion_raw": -1.665817,
                "t_Ah": 102.736,
                "t_T_L": 103.473,
                "t_T_R": 103.473,
                "t_du": 103.475,
                "t_dv": 103.475,
                "t_lat": 103.63,
                "t_lon": 103.63,
                "t_orientacion": 103.327,
                "t_u": 103.475,
                "t_utm_zone": 103.367,
                "t_v": 103.475,
                "t_x": 103.475,
                "t_y": 103.475,
                "throttle_L": 1110,
                "throttle_R": -2550,
                "u_raw": -0.0398449,
                "utm_zone": 30,
                "v_raw": -0.1494217,
                "x": 47.0279457,
                "y": 20.008068599999998
            },
            "type": "Feature"
        },
        {
            "geometry": {
                "coordinates": [
                    -3.7313856999999997,
                    40.4372628
                ],
                "type": "Point"
            },
            "properties": {
                "Ah": 0.408453,
                "du_raw": -0.405289,
                "dv_raw": -0.3925932,
                "fecha": "2025-05-28 16:28:45",
                "orientacion_raw": -1.681974,
                "t_Ah": 102.736,
                "t_T_L": 103.914,
                "t_T_R": 103.914,
                "t_du": 103.718,
                "t_dv": 103.718,
                "t_lat": 104.02,
                "t_lon": 104.02,
                "t_orientacion": 103.771,
                "t_u": 103.718,
                "t_utm_zone": 103.863,
                "t_v": 103.718,
                "t_x": 103.718,
                "t_y": 103.718,
                "throttle_L": -1380,
                "throttle_R": -150,
                "u_raw": -0.0199215,
                "utm_zone": 30,
                "v_raw": -0.06973,
                "x": 47.020133099999995,
                "y": 20.027600099999997
            },
            "type": "Feature"
        },
        {
            "geometry": {
                "coordinates": [
                    -3.7313856,
                    40.4372629
                ],
                "type": "Point"
            },
            "properties": {
                "Ah": 0.408453,
                "du_raw": -0.4453296,
                "dv_raw": -0.3447398,
                "fecha": "2025-05-28 16:28:45.250000",
                "orientacion_raw": -1.682272,
                "t_Ah": 102.736,
                "t_T_L": 103.914,
                "t_T_R": 103.914,
                "t_du": 104.024,
                "t_dv": 104.024,
                "t_lat": 104.361,
                "t_lon": 104.361,
                "t_orientacion": 104.274,
                "t_u": 104.024,
                "t_utm_zone": 104.11,
                "t_v": 104.024,
                "t_x": 104.024,
                "t_y": 104.024,
                "throttle_L": -1380,
                "throttle_R": -150,
                "u_raw": -0.0099598,
                "utm_zone": 30,
                "v_raw": -0.1095749,
                "x": 47.020133099999995,
                "y": 20.000256
            },
            "type": "Feature"
        },
        {
            "geometry": {
                "coordinates": [
                    -3.7313851999999996,
                    40.4372635
                ],
                "type": "Point"
            },
            "properties": {
                "Ah": 0.408453,
                "du_raw": -0.2666118,
                "dv_raw": -0.0371108,
                "fecha": "2025-05-28 16:28:45.750000",
                "orientacion_raw": -1.682272,
                "t_Ah": 102.736,
                "t_T_L": 104.414,
                "t_T_R": 104.414,
                "t_du": 104.664,
                "t_dv": 104.664,
                "t_lat": 104.666,
                "t_lon": 104.666,
                "t_orientacion": 104.274,
                "t_u": 104.664,
                "t_utm_zone": 104.665,
                "t_v": 104.664,
                "t_x": 104.664,
                "t_y": 104.664,
                "throttle_L": 1995,
                "throttle_R": -3555,
                "u_raw": -0.0597683,
                "utm_zone": 30,
                "v_raw": -0.1693432,
                "x": 47.0904465,
                "y": 19.957286699999997
            },
            "type": "Feature"
        },
        {
            "geometry": {
                "coordinates": [
                    -3.7313851,
                    40.4372636
                ],
                "type": "Point"
            },
            "properties": {
                "Ah": 0.408453,
                "du_raw": -0.2080158,
                "dv_raw": -0.3252078,
                "fecha": "2025-05-28 16:28:46",
                "orientacion_raw": -1.703059,
                "t_Ah": 102.736,
                "t_T_L": 104.96,
                "t_T_R": 104.96,
                "t_du": 104.963,
                "t_dv": 104.963,
                "t_lat": 105.052,
                "t_lon": 105.052,
                "t_orientacion": 104.791,
                "t_u": 104.963,
                "t_utm_zone": 104.864,
                "t_v": 104.963,
                "t_x": 104.963,
                "t_y": 104.963,
                "throttle_L": -1710,
                "throttle_R": 150,
                "u_raw": -0.0498066,
                "utm_zone": 30,
                "v_raw": -0.0996132,
                "x": 47.0982591,
                "y": 19.929942599999997
            },
            "type": "Feature"
        },
        {
            "geometry": {
                "coordinates": [
                    -3.7313845,
                    40.437264299999995
                ],
                "type": "Point"
            },
            "properties": {
                "Ah": 0.408453,
                "du_raw": -0.2959098,
                "dv_raw": -0.2597756,
                "fecha": "2025-05-28 16:28:46.250000",
                "orientacion_raw": -1.68792,
                "t_Ah": 102.736,
                "t_T_L": 104.96,
                "t_T_R": 104.96,
                "t_du": 105.23,
                "t_dv": 105.23,
                "t_lat": 105.365,
                "t_lon": 105.365,
                "t_orientacion": 105.282,
                "t_u": 105.23,
                "t_utm_zone": 105.111,
                "t_v": 105.23,
                "t_x": 105.23,
                "t_y": 105.23,
                "throttle_L": -1710,
                "throttle_R": 150,
                "u_raw": 0.0298832,
                "utm_zone": 30,
                "v_raw": 0.0199215,
                "x": 47.1373221,
                "y": 19.886973299999998
            },
            "type": "Feature"
        },
        {
            "geometry": {
                "coordinates": [
                    -3.7313845,
                    40.4372645
                ],
                "type": "Point"
            },
            "properties": {
                "Ah": 0.408453,
                "du_raw": -0.4013826,
                "dv_raw": -0.1084026,
                "fecha": "2025-05-28 16:28:46.750000",
                "orientacion_raw": -1.68792,
                "t_Ah": 102.736,
                "t_T_L": 105.416,
                "t_T_R": 105.416,
                "t_du": 105.554,
                "t_dv": 105.554,
                "t_lat": 105.708,
                "t_lon": 105.708,
                "t_orientacion": 105.282,
                "t_u": 105.554,
                "t_utm_zone": 105.624,
                "t_v": 105.554,
                "t_x": 105.554,
                "t_y": 105.554,
                "throttle_L": 7620,
                "throttle_R": -9180,
                "u_raw": 0.0498066,
                "utm_zone": 30,
                "v_raw": -0.0199215,
                "x": 47.180291399999994,
                "y": 19.8479103
            },
            "type": "Feature"
        },
        {
            "geometry": {
                "coordinates": [
                    -3.7313842999999998,
                    40.4372645
                ],
                "type": "Point"
            },
            "properties": {
                "Ah": 0.408453,
                "du_raw": -0.1084026,
                "dv_raw": -0.4111486,
                "fecha": "2025-05-28 16:28:47",
                "orientacion_raw": -1.816608,
                "t_Ah": 102.736,
                "t_T_L": 105.912,
                "t_T_R": 105.912,
                "t_du": 105.815,
                "t_dv": 105.815,
                "t_lat": 106.072,
                "t_lon": 106.072,
                "t_orientacion": 105.763,
                "t_u": 105.815,
                "t_utm_zone": 105.857,
                "t_v": 105.815,
                "t_x": 105.815,
                "t_y": 105.815,
                "throttle_L": 3210,
                "throttle_R": -4770,
                "u_raw": -0.0298832,
                "utm_zone": 30,
                "v_raw": 0.0199215,
                "x": 47.207635499999995,
                "y": 19.816659899999998
            },
            "type": "Feature"
        },
        {
            "geometry": {
                "coordinates": [
                    -3.7313832,
                    40.437264899999995
                ],
                "type": "Point"
            },
            "properties": {
                "Ah": 0.408453,
                "du_raw": -0.5263874,
                "dv_raw": -0.1748114,
                "fecha": "2025-05-28 16:28:47.500000",
                "orientacion_raw": -2.144199,
                "t_Ah": 102.736,
                "t_T_L": 106.454,
                "t_T_R": 106.454,
                "t_du": 106.121,
                "t_dv": 106.121,
                "t_lat": 106.456,
                "t_lon": 106.456,
                "t_orientacion": 106.278,
                "t_u": 106.121,
                "t_utm_zone": 106.351,
                "t_v": 106.121,
                "t_x": 106.121,
                "t_y": 106.121,
                "throttle_L": -9600,
                "throttle_R": 8056,
                "u_raw": -0.0099598,
                "utm_zone": 30,
                "v_raw": 0.0996132,
                "x": 47.188103999999996,
                "y": 19.789315799999997
            },
            "type": "Feature"
        },
        {
            "geometry": {
                "coordinates": [
                    -3.7313826999999997,
                    40.437265499999995
                ],
                "type": "Point"
            },
            "properties": {
                "Ah": 0.408453,
                "du_raw": -0.6113516,
                "dv_raw": -0.21973499999999999,
                "fecha": "2025-05-28 16:28:47.750000",
                "orientacion_raw": -2.144199,
                "t_Ah": 102.736,
                "t_T_L": 106.454,
                "t_T_R": 106.454,
                "t_du": 106.708,
                "t_dv": 106.708,
                "t_lat": 106.791,
                "t_lon": 106.791,
                "t_orientacion": 106.278,
                "t_u": 106.708,
                "t_utm_zone": 106.604,
                "t_v": 106.708,
                "t_x": 106.708,
                "t_y": 106.708,
                "throttle_L": -9600,
                "throttle_R": 8056,
                "u_raw": 0.0896515,
                "utm_zone": 30,
                "v_raw": -0.0398449,
                "x": 47.3170119,
                "y": 19.7072835
            },
            "type": "Feature"
        },
        {
            "geometry": {
                "coordinates": [
                    -3.7313837,
                    40.4372663
                ],
                "type": "Point"
            },
            "properties": {
                "Ah": 0.408453,
                "du_raw": -0.3886868,
                "dv_raw": -0.0517598,
                "fecha": "2025-05-28 16:28:48",
                "orientacion_raw": -2.092607,
                "t_Ah": 102.736,
                "t_T_L": 106.916,
                "t_T_R": 106.916,
                "t_du": 107.042,
                "t_dv": 107.042,
                "t_lat": 107.117,
                "t_lon": 107.117,
                "t_orientacion": 106.793,
                "t_u": 107.042,
                "t_utm_zone": 106.851,
                "t_v": 107.042,
                "t_x": 107.042,
                "t_y": 107.042,
                "throttle_L": -9600,
                "throttle_R": 8146,
                "u_raw": 0.0298832,
                "utm_zone": 30,
                "v_raw": -0.2689583,
                "x": 47.367793799999994,
                "y": 19.648688999999997
            },
            "type": "Feature"
        },
        {
            "geometry": {
                "coordinates": [
                    -3.7313842999999998,
                    40.4372669
                ],
                "type": "Point"
            },
            "properties": {
                "Ah": 0.415726,
                "du_raw": -0.068362,
                "dv_raw": -0.4404466,
                "fecha": "2025-05-28 16:28:48.500000",
                "orientacion_raw": -1.675786,
                "t_Ah": 107.226,
                "t_T_L": 107.402,
                "t_T_R": 107.402,
                "t_du": 107.325,
                "t_dv": 107.325,
                "t_lat": 107.511,
                "t_lon": 107.511,
                "t_orientacion": 107.323,
                "t_u": 107.325,
                "t_utm_zone": 107.349,
                "t_v": 107.325,
                "t_x": 107.325,
                "t_y": 107.325,
                "throttle_L": -5970,
                "throttle_R": 4410,
                "u_raw": 0,
                "utm_zone": 30,
                "v_raw": -0.3287266,
                "x": 47.4068568,
                "y": 19.578375599999998
            },
            "type": "Feature"
        },
        {
            "geometry": {
                "coordinates": [
                    -3.7313853999999997,
                    40.4372676
                ],
                "type": "Point"
            },
            "properties": {
                "Ah": 0.415726,
                "du_raw": -0.0654322,
                "dv_raw": -0.3086056,
                "fecha": "2025-05-28 16:28:48.750000",
                "orientacion_raw": -1.177523,
                "t_Ah": 107.226,
                "t_T_L": 107.402,
                "t_T_R": 107.402,
                "t_du": 107.62,
                "t_dv": 107.62,
                "t_lat": 107.808,
                "t_lon": 107.808,
                "t_orientacion": 107.758,
                "t_u": 107.62,
                "t_utm_zone": 107.621,
                "t_v": 107.62,
                "t_x": 107.62,
                "t_y": 107.62,
                "throttle_L": -5970,
                "throttle_R": 4410,
                "u_raw": 0.20919000000000001,
                "utm_zone": 30,
                "v_raw": -0.3984585,
                "x": 47.5474836,
                "y": 19.4689992
            },
            "type": "Feature"
        },
        {
            "geometry": {
                "coordinates": [
                    -3.7313864999999997,
                    40.437269099999995
                ],
                "type": "Point"
            },
            "properties": {
                "Ah": 0.415726,
                "du_raw": -0.1601624,
                "dv_raw": -0.4140784,
                "fecha": "2025-05-28 16:28:49.250000",
                "orientacion_raw": -1.177523,
                "t_Ah": 107.226,
                "t_T_L": 107.956,
                "t_T_R": 107.956,
                "t_du": 107.959,
                "t_dv": 107.959,
                "t_lat": 108.149,
                "t_lon": 108.149,
                "t_orientacion": 107.758,
                "t_u": 107.959,
                "t_utm_zone": 108.096,
                "t_v": 107.959,
                "t_x": 107.959,
                "t_y": 107.959,
                "throttle_L": -9450,
                "throttle_R": 7890,
                "u_raw": 0.2988434,
                "utm_zone": 30,
                "v_raw": -0.1095749,
                "x": 47.629515899999994,
                "y": 19.4299362
            },
            "type": "Feature"
        },
        {
            "geometry": {
                "coordinates": [
                    -3.7313864,
                    40.4372699
                ],
                "type": "Point"
            },
            "properties": {
                "Ah": 0.415726,
                "du_raw": -0.0791046,
                "dv_raw": -0.4336104,
                "fecha": "2025-05-28 16:28:49.500000",
                "orientacion_raw": -0.647588,
                "t_Ah": 107.226,
                "t_T_L": 108.399,
                "t_T_R": 108.399,
                "t_du": 108.256,
                "t_dv": 108.256,
                "t_lat": 108.553,
                "t_lon": 108.553,
                "t_orientacion": 108.26,
                "t_u": 108.256,
                "t_utm_zone": 108.347,
                "t_v": 108.256,
                "t_x": 108.256,
                "t_y": 108.256,
                "throttle_L": -510,
                "throttle_R": -1050,
                "u_raw": 0.2291134,
                "utm_zone": 30,
                "v_raw": -0.1095749,
                "x": 47.7076419,
                "y": 19.340091299999997
            },
            "type": "Feature"
        },
        {
            "geometry": {
                "coordinates": [
                    -3.7313861999999998,
                    40.4372712
                ],
                "type": "Point"
            },
            "properties": {
                "Ah": 0.415726,
                "du_raw": -0.14649,
                "dv_raw": -0.1005898,
                "fecha": "2025-05-28 16:28:49.750000",
                "orientacion_raw": -0.175116,
                "t_Ah": 107.226,
                "t_T_L": 108.399,
                "t_T_R": 108.399,
                "t_du": 108.807,
                "t_dv": 108.807,
                "t_lat": 108.902,
                "t_lon": 108.902,
                "t_orientacion": 108.753,
                "t_u": 108.807,
                "t_utm_zone": 108.593,
                "t_v": 108.807,
                "t_x": 108.807,
                "t_y": 108.807,
                "throttle_L": -510,
                "throttle_R": -1050,
                "u_raw": 0.2490349,
                "utm_zone": 30,
                "v_raw": -0.0298832,
                "x": 47.8678002,
                "y": 19.269777899999998
            },
            "type": "Feature"
        },
        {
            "geometry": {
                "coordinates": [
                    -3.7313858,
                    40.4372723
                ],
                "type": "Point"
            },
            "properties": {
                "Ah": 0.415726,
                "du_raw": 0.0605492,
                "dv_raw": 0.1386772,
                "fecha": "2025-05-28 16:28:50.500000",
                "orientacion_raw": 0.097179,
                "t_Ah": 107.226,
                "t_T_L": 109.451,
                "t_T_R": 109.451,
                "t_du": 109.455,
                "t_dv": 109.455,
                "t_lat": 109.552,
                "t_lon": 109.552,
                "t_orientacion": 109.262,
                "t_u": 109.455,
                "t_utm_zone": 109.325,
                "t_v": 109.455,
                "t_x": 109.455,
                "t_y": 109.455,
                "throttle_L": 2820,
                "throttle_R": -4380,
                "u_raw": 0.1593834,
                "utm_zone": 30,
                "v_raw": -0.0896515,
                "x": 48.067021499999996,
                "y": 19.2385275
            },
            "type": "Feature"
        },
        {
            "geometry": {
                "coordinates": [
                    -3.7313855,
                    40.437272799999995
                ],
                "type": "Point"
            },
            "properties": {
                "Ah": 0.415726,
                "du_raw": 0.1679752,
                "dv_raw": -0.2529394,
                "fecha": "2025-05-28 16:28:51",
                "orientacion_raw": 0.235714,
                "t_Ah": 107.226,
                "t_T_L": 109.912,
                "t_T_R": 109.912,
                "t_du": 109.693,
                "t_dv": 109.693,
                "t_lat": 109.914,
                "t_lon": 109.914,
                "t_orientacion": 109.748,
                "t_u": 109.693,
                "t_utm_zone": 109.854,
                "t_v": 109.693,
                "t_x": 109.693,
                "t_y": 109.693,
                "throttle_L": 5220,
                "throttle_R": -6780,
                "u_raw": 0.0298832,
                "utm_zone": 30,
                "v_raw": 0.0099598,
                "x": 48.09827189999999,
                "y": 19.199464499999998
            },
            "type": "Feature"
        },
        {
            "geometry": {
                "coordinates": [
                    -3.7313856,
                    40.4372731
                ],
                "type": "Point"
            },
            "properties": {
                "Ah": 0.415726,
                "du_raw": 0.317395,
                "dv_raw": 0.1865306,
                "fecha": "2025-05-28 16:28:51.250000",
                "orientacion_raw": 0.235714,
                "t_Ah": 107.226,
                "t_T_L": 109.912,
                "t_T_R": 109.912,
                "t_du": 110.038,
                "t_dv": 110.038,
                "t_lat": 110.294,
                "t_lon": 110.294,
                "t_orientacion": 109.748,
                "t_u": 110.038,
                "t_utm_zone": 110.068,
                "t_v": 110.038,
                "t_x": 110.038,
                "t_y": 110.038,
                "throttle_L": 5220,
                "throttle_R": -6780,
                "u_raw": 0.0597683,
                "utm_zone": 30,
                "v_raw": -0.0099598,
                "x": 48.1295223,
                "y": 19.0393062
            },
            "type": "Feature"
        },
        {
            "geometry": {
                "coordinates": [
                    -3.7313859999999996,
                    40.4372736
                ],
                "type": "Point"
            },
            "properties": {
                "Ah": 0.415726,
                "du_raw": -0.2627054,
                "dv_raw": 0.1425836,
                "fecha": "2025-05-28 16:28:51.500000",
                "orientacion_raw": 0.309199,
                "t_Ah": 107.226,
                "t_T_L": 110.391,
                "t_T_R": 110.391,
                "t_du": 110.298,
                "t_dv": 110.298,
                "t_lat": 110.624,
                "t_lon": 110.624,
                "t_orientacion": 110.298,
                "t_u": 110.298,
                "t_utm_zone": 110.339,
                "t_v": 110.298,
                "t_x": 110.298,
                "t_y": 110.298,
                "throttle_L": 8084,
                "throttle_R": -9600,
                "u_raw": 0.0498066,
                "utm_zone": 30,
                "v_raw": -0.0099598,
                "x": 48.1568664,
                "y": 18.988524299999998
            },
            "type": "Feature"
        },
        {
            "geometry": {
                "coordinates": [
                    -3.7313867,
                    40.4372736
                ],
                "type": "Point"
            },
            "properties": {
                "Ah": 0.415726,
                "du_raw": 0.0742216,
                "dv_raw": -0.234384,
                "fecha": "2025-05-28 16:28:52",
                "orientacion_raw": 0.182271,
                "t_Ah": 107.226,
                "t_T_L": 110.936,
                "t_T_R": 110.936,
                "t_du": 110.939,
                "t_dv": 110.939,
                "t_lat": 110.941,
                "t_lon": 110.941,
                "t_orientacion": 110.742,
                "t_u": 110.939,
                "t_utm_zone": 110.843,
                "t_v": 110.939,
                "t_x": 110.939,
                "t_y": 110.939,
                "throttle_L": -1740,
                "throttle_R": 180,
                "u_raw": -0.1992283,
                "utm_zone": 30,
                "v_raw": -0.2589966,
                "x": 48.21936719999999,
                "y": 19.0197747
            },
            "type": "Feature"
        },
        {
            "geometry": {
                "coordinates": [
                    -3.7313872,
                    40.437273399999995
                ],
                "type": "Point"
            },
            "properties": {
                "Ah": 0.415726,
                "du_raw": -0.0703152,
                "dv_raw": -0.29298,
                "fecha": "2025-05-28 16:28:52.250000",
                "orientacion_raw": -0.041568,
                "t_Ah": 107.226,
                "t_T_L": 110.936,
                "t_T_R": 110.936,
                "t_du": 111.206,
                "t_dv": 111.206,
                "t_lat": 111.296,
                "t_lon": 111.296,
                "t_orientacion": 111.245,
                "t_u": 111.206,
                "t_utm_zone": 111.09,
                "t_v": 111.206,
                "t_x": 111.206,
                "t_y": 111.206,
                "throttle_L": -1740,
                "throttle_R": 180,
                "u_raw": -0.2191517,
                "utm_zone": 30,
                "v_raw": -0.20919000000000001,
                "x": 48.199835699999994,
                "y": 19.0666503
            },
            "type": "Feature"
        },
        {
            "geometry": {
                "coordinates": [
                    -3.7313875999999997,
                    40.4372731
                ],
                "type": "Point"
            },
            "properties": {
                "Ah": 0.415726,
                "du_raw": 0.0351576,
                "dv_raw": -0.3476696,
                "fecha": "2025-05-28 16:28:52.500000",
                "orientacion_raw": -0.041568,
                "t_Ah": 107.226,
                "t_T_L": 111.388,
                "t_T_R": 111.388,
                "t_du": 111.519,
                "t_dv": 111.519,
                "t_lat": 111.669,
                "t_lon": 111.669,
                "t_orientacion": 111.245,
                "t_u": 111.519,
                "t_utm_zone": 111.351,
                "t_v": 111.519,
                "t_x": 111.519,
                "t_y": 111.519,
                "throttle_L": -1740,
                "throttle_R": 180,
                "u_raw": -0.1294983,
                "utm_zone": 30,
                "v_raw": -0.1693432,
                "x": 48.1685853,
                "y": 19.1096196
            },
            "type": "Feature"
        },
        {
            "geometry": {
                "coordinates": [
                    -3.7313878,
                    40.437273
                ],
                "type": "Point"
            },
            "properties": {
                "Ah": 0.42031,
                "du_raw": 0.0869174,
                "dv_raw": -0.4795106,
                "fecha": "2025-05-28 16:28:53",
                "orientacion_raw": -0.1766,
                "t_Ah": 111.701,
                "t_T_L": 111.898,
                "t_T_R": 111.898,
                "t_du": 111.808,
                "t_dv": 111.808,
                "t_lat": 112.023,
                "t_lon": 112.023,
                "t_orientacion": 111.805,
                "t_u": 111.808,
                "t_utm_zone": 111.816,
                "t_v": 111.808,
                "t_x": 111.808,
                "t_y": 111.808,
                "throttle_L": -1740,
                "throttle_R": 180,
                "u_raw": -0.1095749,
                "utm_zone": 30,
                "v_raw": -0.1693432,
                "x": 48.1568664,
                "y": 19.1369637
            },
            "type": "Feature"
        },
        {
            "geometry": {
                "coordinates": [
                    -3.7313883,
                    40.437272899999996
                ],
                "type": "Point"
            },
            "properties": {
                "Ah": 0.42031,
                "du_raw": -0.0459002,
                "dv_raw": -0.0419938,
                "fecha": "2025-05-28 16:28:53.250000",
                "orientacion_raw": -0.290912,
                "t_Ah": 111.701,
                "t_T_L": 111.898,
                "t_T_R": 111.898,
                "t_du": 112.127,
                "t_dv": 112.127,
                "t_lat": 112.34,
                "t_lon": 112.34,
                "t_orientacion": 112.256,
                "t_u": 112.127,
                "t_utm_zone": 112.128,
                "t_v": 112.127,
                "t_x": 112.127,
                "t_y": 112.127,
                "throttle_L": -1740,
                "throttle_R": 180,
                "u_raw": -0.0796917,
                "utm_zone": 30,
                "v_raw": -0.1494217,
                "x": 48.1373349,
                "y": 19.1877456
            },
            "type": "Feature"
        },
        {
            "geometry": {
                "coordinates": [
                    -3.7313885,
                    40.4372726
                ],
                "type": "Point"
            },
            "properties": {
                "Ah": 0.42031,
                "du_raw": -0.3476696,
                "dv_raw": -0.2714948,
                "fecha": "2025-05-28 16:28:53.750000",
                "orientacion_raw": -0.290912,
                "t_Ah": 111.701,
                "t_T_L": 112.433,
                "t_T_R": 112.433,
                "t_du": 112.437,
                "t_dv": 112.437,
                "t_lat": 112.729,
                "t_lon": 112.729,
                "t_orientacion": 112.256,
                "t_u": 112.437,
                "t_utm_zone": 112.593,
                "t_v": 112.437,
                "t_x": 112.437,
                "t_y": 112.437,
                "throttle_L": -3435,
                "throttle_R": 1875,
                "u_raw": -0.0796917,
                "utm_zone": 30,
                "v_raw": -0.0796917,
                "x": 48.1373349,
                "y": 19.250246399999998
            },
            "type": "Feature"
        },
        {
            "geometry": {
                "coordinates": [
                    -3.7313886999999997,
                    40.4372724
                ],
                "type": "Point"
            },
            "properties": {
                "Ah": 0.42031,
                "du_raw": 0.068362,
                "dv_raw": -0.2568458,
                "fecha": "2025-05-28 16:28:54",
                "orientacion_raw": -0.274878,
                "t_Ah": 111.701,
                "t_T_L": 112.888,
                "t_T_R": 112.888,
                "t_du": 113.036,
                "t_dv": 113.036,
                "t_lat": 113.038,
                "t_lon": 113.038,
                "t_orientacion": 112.757,
                "t_u": 113.036,
                "t_utm_zone": 112.834,
                "t_v": 113.036,
                "t_x": 113.036,
                "t_y": 113.036,
                "throttle_L": -285,
                "throttle_R": -1275,
                "u_raw": -0.0199215,
                "utm_zone": 30,
                "v_raw": -0.0099598,
                "x": 48.0904593,
                "y": 19.3088409
            },
            "type": "Feature"
        },
        {
            "geometry": {
                "coordinates": [
                    -3.7313891999999997,
                    40.4372723
                ],
                "type": "Point"
            },
            "properties": {
                "Ah": 0.42031,
                "du_raw": 0.0263682,
                "dv_raw": -0.1484432,
                "fecha": "2025-05-28 16:28:54.500000",
                "orientacion_raw": -0.256752,
                "t_Ah": 111.701,
                "t_T_L": 113.44,
                "t_T_R": 113.44,
                "t_du": 113.289,
                "t_dv": 113.289,
                "t_lat": 113.442,
                "t_lon": 113.442,
                "t_orientacion": 113.252,
                "t_u": 113.289,
                "t_utm_zone": 113.33,
                "t_v": 113.289,
                "t_x": 113.289,
                "t_y": 113.289,
                "throttle_L": 60,
                "throttle_R": -1620,
                "u_raw": -0.0099598,
                "utm_zone": 30,
                "v_raw": -0.0199215,
                "x": 48.078740399999994,
                "y": 19.359622799999997
            },
            "type": "Feature"
        },
        {
            "geometry": {
                "coordinates": [
                    -3.7313894999999997,
                    40.437272199999995
                ],
                "type": "Point"
            },
            "properties": {
                "Ah": 0.42031,
                "du_raw": -0.0654322,
                "dv_raw": -0.083011,
                "fecha": "2025-05-28 16:28:54.750000",
                "orientacion_raw": -0.256752,
                "t_Ah": 111.701,
                "t_T_L": 113.44,
                "t_T_R": 113.44,
                "t_du": 113.604,
                "t_dv": 113.604,
                "t_lat": 113.762,
                "t_lon": 113.762,
                "t_orientacion": 113.252,
                "t_u": 113.604,
                "t_utm_zone": 113.605,
                "t_v": 113.604,
                "t_x": 113.604,
                "t_y": 113.604,
                "throttle_L": 60,
                "throttle_R": -1620,
                "u_raw": 0,
                "utm_zone": 30,
                "v_raw": -0.0498066,
                "x": 48.067021499999996,
                "y": 19.4689992
            },
            "type": "Feature"
        },
        {
            "geometry": {
                "coordinates": [
                    -3.7313896,
                    40.4372719
                ],
                "type": "Point"
            },
            "properties": {
                "Ah": 0.42031,
                "du_raw": -0.1289112,
                "dv_raw": -0.0459002,
                "fecha": "2025-05-28 16:28:55",
                "orientacion_raw": -0.239139,
                "t_Ah": 111.701,
                "t_T_L": 113.932,
                "t_T_R": 113.932,
                "t_du": 113.935,
                "t_dv": 113.935,
                "t_lat": 114.091,
                "t_lon": 114.091,
                "t_orientacion": 113.764,
                "t_u": 113.935,
                "t_utm_zone": 113.825,
                "t_v": 113.935,
                "t_x": 113.935,
                "t_y": 113.935,
                "throttle_L": -5910,
                "throttle_R": -3990,
                "u_raw": -0.0996132,
                "utm_zone": 30,
                "v_raw": 0.06973,
                "x": 48.047489999999996,
                "y": 19.5197811
            },
            "type": "Feature"
        },
        {
            "geometry": {
                "coordinates": [
                    -3.7313894,
                    40.4372717
                ],
                "type": "Point"
            },
            "properties": {
                "Ah": 0.42031,
                "du_raw": -0.1113324,
                "dv_raw": 0.0625024,
                "fecha": "2025-05-28 16:28:55.500000",
                "orientacion_raw": -0.150009,
                "t_Ah": 111.701,
                "t_T_L": 114.381,
                "t_T_R": 114.381,
                "t_du": 114.192,
                "t_dv": 114.192,
                "t_lat": 114.475,
                "t_lon": 114.475,
                "t_orientacion": 114.253,
                "t_u": 114.192,
                "t_utm_zone": 114.325,
                "t_v": 114.192,
                "t_x": 114.192,
                "t_y": 114.192,
                "throttle_L": -4300,
                "throttle_R": -9600,
                "u_raw": -0.0398449,
                "utm_zone": 30,
                "v_raw": 0.0298832,
                "x": 48.0279585,
                "y": 19.558844099999998
            },
            "type": "Feature"
        },
        {
            "geometry": {
                "coordinates": [
                    -3.7313894,
                    40.437271599999995
                ],
                "type": "Point"
            },
            "properties": {
                "Ah": 0.42031,
                "du_raw": -0.11914519999999999,
                "dv_raw": -0.0214852,
                "fecha": "2025-05-28 16:28:55.750000",
                "orientacion_raw": -0.125902,
                "t_Ah": 111.701,
                "t_T_L": 114.381,
                "t_T_R": 114.381,
                "t_du": 114.487,
                "t_dv": 114.487,
                "t_lat": 114.827,
                "t_lon": 114.827,
                "t_orientacion": 114.733,
                "t_u": 114.487,
                "t_utm_zone": 114.554,
                "t_v": 114.487,
                "t_x": 114.487,
                "t_y": 114.487,
                "throttle_L": -4300,
                "throttle_R": -9600,
                "u_raw": -0.0896515,
                "utm_zone": 30,
                "v_raw": 0.0796917,
                "x": 48.000614399999996,
                "y": 19.6174386
            },
            "type": "Feature"
        },
        {
            "geometry": {
                "coordinates": [
                    -3.7313904,
                    40.4372701
                ],
                "type": "Point"
            },
            "properties": {
                "Ah": 0.42031,
                "du_raw": -0.1113324,
                "dv_raw": 0.2158286,
                "fecha": "2025-05-28 16:28:56.250000",
                "orientacion_raw": -0.125902,
                "t_Ah": 111.701,
                "t_T_L": 114.879,
                "t_T_R": 114.879,
                "t_du": 115.092,
                "t_dv": 115.092,
                "t_lat": 115.129,
                "t_lon": 115.129,
                "t_orientacion": 114.733,
                "t_u": 115.092,
                "t_utm_zone": 115.093,
                "t_v": 115.092,
                "t_x": 115.092,
                "t_y": 115.092,
                "throttle_L": -9600,
                "throttle_R": -7854,
                "u_raw": -0.2689583,
                "utm_zone": 30,
                "v_raw": 0.0398449,
                "x": 47.8287372,
                "y": 19.668220499999997
            },
            "type": "Feature"
        },
        {
            "geometry": {
                "coordinates": [
                    -3.7313901,
                    40.437269199999996
                ],
                "type": "Point"
            },
            "properties": {
                "Ah": 0.42031,
                "du_raw": -0.1328176,
                "dv_raw": -0.2461032,
                "fecha": "2025-05-28 16:28:56.500000",
                "orientacion_raw": -0.206531,
                "t_Ah": 111.701,
                "t_T_L": 115.428,
                "t_T_R": 115.428,
                "t_du": 115.432,
                "t_dv": 115.432,
                "t_lat": 115.512,
                "t_lon": 115.512,
                "t_orientacion": 115.243,
                "t_u": 115.432,
                "t_utm_zone": 115.32,
                "t_v": 115.432,
                "t_x": 115.432,
                "t_y": 115.432,
                "throttle_L": -9217,
                "throttle_R": -9600,
                "u_raw": -0.4482651,
                "utm_zone": 30,
                "v_raw": 0.1494217,
                "x": 47.7193608,
                "y": 19.719002399999997
            },
            "type": "Feature"
        },
        {
            "geometry": {
                "coordinates": [
                    -3.7313897999999996,
                    40.437268499999995
                ],
                "type": "Point"
            },
            "properties": {
                "Ah": 0.42031,
                "du_raw": 0.2568458,
                "dv_raw": -0.2509862,
                "fecha": "2025-05-28 16:28:56.750000",
                "orientacion_raw": -0.312507,
                "t_Ah": 111.701,
                "t_T_L": 115.428,
                "t_T_R": 115.428,
                "t_du": 115.673,
                "t_dv": 115.673,
                "t_lat": 115.826,
                "t_lon": 115.826,
                "t_orientacion": 115.726,
                "t_u": 115.673,
                "t_utm_zone": 115.57,
                "t_v": 115.673,
                "t_x": 115.673,
                "t_y": 115.673,
                "throttle_L": -9217,
                "throttle_R": -9600,
                "u_raw": -0.3088051,
                "utm_zone": 30,
                "v_raw": 0.0099598,
                "x": 47.64904739999999,
                "y": 19.7580654
            },
            "type": "Feature"
        },
        {
            "geometry": {
                "coordinates": [
                    -3.7313891,
                    40.4372675
                ],
                "type": "Point"
            },
            "properties": {
                "Ah": 0.42031,
                "du_raw": 0.1914136,
                "dv_raw": 0.1377006,
                "fecha": "2025-05-28 16:28:57.250000",
                "orientacion_raw": -0.312507,
                "t_Ah": 111.701,
                "t_T_L": 115.877,
                "t_T_R": 115.877,
                "t_du": 116.03,
                "t_dv": 116.03,
                "t_lat": 116.173,
                "t_lon": 116.173,
                "t_orientacion": 115.726,
                "t_u": 116.03,
                "t_utm_zone": 116.073,
                "t_v": 116.03,
                "t_x": 116.03,
                "t_y": 116.03,
                "throttle_L": -9600,
                "throttle_R": -4068,
                "u_raw": -0.2490349,
                "utm_zone": 30,
                "v_raw": -0.0996132,
                "x": 47.590452899999995,
                "y": 19.7971284
            },
            "type": "Feature"
        },
        {
            "geometry": {
                "coordinates": [
                    -3.7313886,
                    40.4372666
                ],
                "type": "Point"
            },
            "properties": {
                "Ah": 0.428272,
                "du_raw": 0.014649,
                "dv_raw": 0.009766,
                "fecha": "2025-05-28 16:28:57.500000",
                "orientacion_raw": -0.35479,
                "t_Ah": 116.199,
                "t_T_L": 116.374,
                "t_T_R": 116.374,
                "t_du": 116.297,
                "t_dv": 116.297,
                "t_lat": 116.527,
                "t_lon": 116.527,
                "t_orientacion": 116.295,
                "t_u": 116.297,
                "t_utm_zone": 116.319,
                "t_v": 116.297,
                "t_x": 116.297,
                "t_y": 116.297,
                "throttle_L": -9600,
                "throttle_R": -7731,
                "u_raw": -0.2689583,
                "utm_zone": 30,
                "v_raw": -0.0796917,
                "x": 47.539671,
                "y": 19.8088473
            },
            "type": "Feature"
        },
        {
            "geometry": {
                "coordinates": [
                    -3.7313877,
                    40.4372652
                ],
                "type": "Point"
            },
            "properties": {
                "Ah": 0.428272,
                "du_raw": 0.023438399999999998,
                "dv_raw": -0.117192,
                "fecha": "2025-05-28 16:28:58",
                "orientacion_raw": -0.341794,
                "t_Ah": 116.199,
                "t_T_L": 116.924,
                "t_T_R": 116.924,
                "t_du": 116.608,
                "t_dv": 116.608,
                "t_lat": 116.926,
                "t_lon": 116.926,
                "t_orientacion": 116.746,
                "t_u": 116.608,
                "t_utm_zone": 116.817,
                "t_v": 116.608,
                "t_x": 116.608,
                "t_y": 116.608,
                "throttle_L": -9600,
                "throttle_R": -4269,
                "u_raw": -0.2291134,
                "utm_zone": 30,
                "v_raw": 0.13946,
                "x": 47.34044969999999,
                "y": 19.8088473
            },
            "type": "Feature"
        },
        {
            "geometry": {
                "coordinates": [
                    -3.7313869,
                    40.4372646
                ],
                "type": "Point"
            },
            "properties": {
                "Ah": 0.428272,
                "du_raw": -0.0185554,
                "dv_raw": -0.0986366,
                "fecha": "2025-05-28 16:28:58.250000",
                "orientacion_raw": -0.341794,
                "t_Ah": 116.199,
                "t_T_L": 116.924,
                "t_T_R": 116.924,
                "t_du": 117.173,
                "t_dv": 117.173,
                "t_lat": 117.264,
                "t_lon": 117.264,
                "t_orientacion": 116.746,
                "t_u": 117.173,
                "t_utm_zone": 117.046,
                "t_v": 117.173,
                "t_x": 117.173,
                "t_y": 117.173,
                "throttle_L": -9600,
                "throttle_R": -4269,
                "u_raw": -0.3984585,
                "utm_zone": 30,
                "v_raw": 0.1992283,
                "x": 47.21935439999999,
                "y": 19.6799394
            },
            "type": "Feature"
        },
        {
            "geometry": {
                "coordinates": [
                    -3.7313848999999997,
                    40.4372634
                ],
                "type": "Point"
            },
            "properties": {
                "Ah": 0.428272,
                "du_raw": -0.058596,
                "dv_raw": -0.1298878,
                "fecha": "2025-05-28 16:28:58.500000",
                "orientacion_raw": -0.316072,
                "t_Ah": 116.199,
                "t_T_L": 117.365,
                "t_T_R": 117.365,
                "t_du": 117.509,
                "t_dv": 117.509,
                "t_lat": 117.581,
                "t_lon": 117.581,
                "t_orientacion": 117.267,
                "t_u": 117.509,
                "t_utm_zone": 117.311,
                "t_v": 117.509,
                "t_x": 117.509,
                "t_y": 117.509,
                "throttle_L": -9600,
                "throttle_R": -6827,
                "u_raw": -0.2689583,
                "utm_zone": 30,
                "v_raw": 0.1593834,
                "x": 47.149041,
                "y": 19.609626
            },
            "type": "Feature"
        },
        {
            "geometry": {
                "coordinates": [
                    -3.7313837,
                    40.4372627
                ],
                "type": "Point"
            },
            "properties": {
                "Ah": 0.428272,
                "du_raw": -0.059572599999999996,
                "dv_raw": -0.2939566,
                "fecha": "2025-05-28 16:28:58.750000",
                "orientacion_raw": -0.294719,
                "t_Ah": 116.199,
                "t_T_L": 117.864,
                "t_T_R": 117.864,
                "t_du": 117.781,
                "t_dv": 117.781,
                "t_lat": 117.968,
                "t_lon": 117.968,
                "t_orientacion": 117.78,
                "t_u": 117.781,
                "t_utm_zone": 117.812,
                "t_v": 117.781,
                "t_x": 117.781,
                "t_y": 117.781,
                "throttle_L": -9600,
                "throttle_R": -6033,
                "u_raw": -0.4781502,
                "utm_zone": 30,
                "v_raw": 0.2191517,
                "x": 47.07872759999999,
                "y": 19.527593699999997
            },
            "type": "Feature"
        },
        {
            "geometry": {
                "coordinates": [
                    -3.7313823999999998,
                    40.437261899999996
                ],
                "type": "Point"
            },
            "properties": {
                "Ah": 0.428272,
                "du_raw": 0.1582092,
                "dv_raw": -0.0761748,
                "fecha": "2025-05-28 16:28:59.250000",
                "orientacion_raw": -0.297026,
                "t_Ah": 116.199,
                "t_T_L": 117.864,
                "t_T_R": 117.864,
                "t_du": 118.084,
                "t_dv": 118.084,
                "t_lat": 118.266,
                "t_lon": 118.266,
                "t_orientacion": 118.23,
                "t_u": 118.084,
                "t_utm_zone": 118.086,
                "t_v": 118.084,
                "t_x": 118.084,
                "t_y": 118.084,
                "throttle_L": -9600,
                "throttle_R": -6033,
                "u_raw": -0.4582268,
                "utm_zone": 30,
                "v_raw": 0.2689583,
                "x": 46.918569299999994,
                "y": 19.437748799999998
            },
            "type": "Feature"
        },
        {
            "geometry": {
                "coordinates": [
                    -3.7313794,
                    40.4372604
                ],
                "type": "Point"
            },
            "properties": {
                "Ah": 0.428272,
                "du_raw": 0.1132856,
                "dv_raw": -0.2675884,
                "fecha": "2025-05-28 16:28:59.750000",
                "orientacion_raw": -0.297026,
                "t_Ah": 116.199,
                "t_T_L": 118.406,
                "t_T_R": 118.406,
                "t_du": 118.409,
                "t_dv": 118.409,
                "t_lat": 118.609,
                "t_lon": 118.609,
                "t_orientacion": 118.23,
                "t_u": 118.409,
                "t_utm_zone": 118.574,
                "t_v": 118.409,
                "t_x": 118.409,
                "t_y": 118.409,
                "throttle_L": -9600,
                "throttle_R": -6317,
                "u_raw": -0.3984585,
                "utm_zone": 30,
                "v_raw": 0.1892666,
                "x": 46.8404433,
                "y": 19.367435399999998
            },
            "type": "Feature"
        },
        {
            "geometry": {
                "coordinates": [
                    -3.7313785,
                    40.437259499999996
                ],
                "type": "Point"
            },
            "properties": {
                "Ah": 0.428272,
                "du_raw": 0.2675884,
                "dv_raw": -0.0673854,
                "fecha": "2025-05-28 16:28:59.750000",
                "orientacion_raw": -0.285927,
                "t_Ah": 116.199,
                "t_T_L": 118.86,
                "t_T_R": 118.86,
                "t_du": 118.664,
                "t_dv": 118.664,
                "t_lat": 119.012,
                "t_lon": 119.012,
                "t_orientacion": 118.73,
                "t_u": 118.664,
                "t_utm_zone": 118.805,
                "t_v": 118.664,
                "t_x": 118.664,
                "t_y": 118.664,
                "throttle_L": -9600,
                "throttle_R": -5837,
                "u_raw": -0.4681885,
                "utm_zone": 30,
                "v_raw": 0.1195366,
                "x": 46.750598399999994,
                "y": 19.3088409
            },
            "type": "Feature"
        },
        {
            "geometry": {
                "coordinates": [
                    -3.7313777999999997,
                    40.4372585
                ],
                "type": "Point"
            },
            "properties": {
                "Ah": 0.428272,
                "du_raw": 0.0761748,
                "dv_raw": -0.2128988,
                "fecha": "2025-05-28 16:29:00.250000",
                "orientacion_raw": -0.268143,
                "t_Ah": 116.199,
                "t_T_L": 118.86,
                "t_T_R": 118.86,
                "t_du": 119.265,
                "t_dv": 119.265,
                "t_lat": 119.316,
                "t_lon": 119.316,
                "t_orientacion": 119.234,
                "t_u": 119.265,
                "t_utm_zone": 119.054,
                "t_v": 119.265,
                "t_x": 119.265,
                "t_y": 119.265,
                "throttle_L": -9600,
                "throttle_R": -5837,
                "u_raw": -0.4283417,
                "utm_zone": 30,
                "v_raw": 0.2291134,
                "x": 46.5396582,
                "y": 19.199464499999998
            },
            "type": "Feature"
        },
        {
            "geometry": {
                "coordinates": [
                    -3.7313756,
                    40.4372563
                ],
                "type": "Point"
            },
            "properties": {
                "Ah": 0.428272,
                "du_raw": -0.3017694,
                "dv_raw": -0.2314542,
                "fecha": "2025-05-28 16:29:00.750000",
                "orientacion_raw": -0.268143,
                "t_Ah": 116.199,
                "t_T_L": 119.364,
                "t_T_R": 119.364,
                "t_du": 119.573,
                "t_dv": 119.573,
                "t_lat": 119.656,
                "t_lon": 119.656,
                "t_orientacion": 119.234,
                "t_u": 119.573,
                "t_utm_zone": 119.575,
                "t_v": 119.573,
                "t_x": 119.573,
                "t_y": 119.573,
                "throttle_L": -9600,
                "throttle_R": -6653,
                "u_raw": -0.3785351,
                "utm_zone": 30,
                "v_raw": 0.2291134,
                "x": 46.289654999999996,
                "y": 19.199464499999998
            },
            "type": "Feature"
        },
        {
            "geometry": {
                "coordinates": [
                    -3.7313752,
                    40.4372556
                ],
                "type": "Point"
            },
            "properties": {
                "Ah": 0.428272,
                "du_raw": -0.0136724,
                "dv_raw": -0.2470798,
                "fecha": "2025-05-28 16:29:00.750000",
                "orientacion_raw": -0.255917,
                "t_Ah": 116.199,
                "t_T_L": 119.911,
                "t_T_R": 119.911,
                "t_du": 119.913,
                "t_dv": 119.913,
                "t_lat": 120.025,
                "t_lon": 120.025,
                "t_orientacion": 119.711,
                "t_u": 119.913,
                "t_utm_zone": 119.804,
                "t_v": 119.913,
                "t_x": 119.913,
                "t_y": 119.913,
                "throttle_L": -9600,
                "throttle_R": -6317,
                "u_raw": -0.2988434,
                "utm_zone": 30,
                "v_raw": 0.0398449,
                "x": 46.2193416,
                "y": 19.199464499999998
            },
            "type": "Feature"
        },
        {
            "geometry": {
                "coordinates": [
                    -3.7313739,
                    40.4372543
                ],
                "type": "Point"
            },
            "properties": {
                "Ah": 0.428272,
                "du_raw": -0.0839876,
                "dv_raw": -0.1718816,
                "fecha": "2025-05-28 16:29:01.500000",
                "orientacion_raw": -0.238714,
                "t_Ah": 116.199,
                "t_T_L": 120.402,
                "t_T_R": 120.402,
                "t_du": 120.169,
                "t_dv": 120.169,
                "t_lat": 120.403,
                "t_lon": 120.403,
                "t_orientacion": 120.23,
                "t_u": 120.169,
                "t_utm_zone": 120.305,
                "t_v": 120.169,
                "t_x": 120.169,
                "t_y": 120.169,
                "throttle_L": -9600,
                "throttle_R": -6400,
                "u_raw": -0.34865,
                "utm_zone": 30,
                "v_raw": -0.0298832,
                "x": 46.1568408,
                "y": 19.2072771
            },
            "type": "Feature"
        },
        {
            "geometry": {
                "coordinates": [
                    -3.731373,
                    40.4372536
                ],
                "type": "Point"
            },
            "properties": {
                "Ah": 0.442352,
                "du_raw": 0.170905,
                "dv_raw": -0.2041094,
                "fecha": "2025-05-28 16:29:01.750000",
                "orientacion_raw": -0.238714,
                "t_Ah": 120.666,
                "t_T_L": 120.402,
                "t_T_R": 120.402,
                "t_du": 120.501,
                "t_dv": 120.501,
                "t_lat": 120.753,
                "t_lon": 120.753,
                "t_orientacion": 120.23,
                "t_u": 120.501,
                "t_utm_zone": 120.556,
                "t_v": 120.501,
                "t_x": 120.501,
                "t_y": 120.501,
                "throttle_L": -9600,
                "throttle_R": -6400,
                "u_raw": -0.4084183,
                "utm_zone": 30,
                "v_raw": 0.13946,
                "x": 46.066995899999995,
                "y": 19.2385275
            },
            "type": "Feature"
        },
        {
            "geometry": {
                "coordinates": [
                    -3.731372,
                    40.437253
                ],
                "type": "Point"
            },
            "properties": {
                "Ah": 0.442352,
                "du_raw": -0.014649,
                "dv_raw": -0.16895179999999999,
                "fecha": "2025-05-28 16:29:01.750000",
                "orientacion_raw": -0.225394,
                "t_Ah": 120.666,
                "t_T_L": 120.857,
                "t_T_R": 120.857,
                "t_du": 120.756,
                "t_dv": 120.756,
                "t_lat": 121.09,
                "t_lon": 121.09,
                "t_orientacion": 120.755,
                "t_u": 120.756,
                "t_utm_zone": 120.81,
                "t_v": 120.756,
                "t_x": 120.756,
                "t_y": 120.756,
                "throttle_L": -9600,
                "throttle_R": -6033,
                "u_raw": -0.2888817,
                "utm_zone": 30,
                "v_raw": 0,
                "x": 46.000588799999996,
                "y": 19.258059
            },
            "type": "Feature"
        },
        {
            "geometry": {
                "coordinates": [
                    -3.7313693,
                    40.437250899999995
                ],
                "type": "Point"
            },
            "properties": {
                "Ah": 0.442352,
                "du_raw": -0.0947302,
                "dv_raw": -0.166022,
                "fecha": "2025-05-28 16:29:02.500000",
                "orientacion_raw": -0.211461,
                "t_Ah": 120.666,
                "t_T_L": 121.401,
                "t_T_R": 121.401,
                "t_du": 121.404,
                "t_dv": 121.404,
                "t_lat": 121.41,
                "t_lon": 121.41,
                "t_orientacion": 121.225,
                "t_u": 121.404,
                "t_utm_zone": 121.298,
                "t_v": 121.404,
                "t_x": 121.404,
                "t_y": 121.404,
                "throttle_L": -9600,
                "throttle_R": -6611,
                "u_raw": -0.4283417,
                "utm_zone": 30,
                "v_raw": 0.1892666,
                "x": 45.6880848,
                "y": 19.258059
            },
            "type": "Feature"
        },
        {
            "geometry": {
                "coordinates": [
                    -3.7313682999999997,
                    40.43725
                ],
                "type": "Point"
            },
            "properties": {
                "Ah": 0.442352,
                "du_raw": 0.2070392,
                "dv_raw": -0.1347708,
                "fecha": "2025-05-28 16:29:02.750000",
                "orientacion_raw": -0.193903,
                "t_Ah": 120.666,
                "t_T_L": 121.401,
                "t_T_R": 121.401,
                "t_du": 121.653,
                "t_dv": 121.653,
                "t_lat": 121.755,
                "t_lon": 121.755,
                "t_orientacion": 121.703,
                "t_u": 121.653,
                "t_utm_zone": 121.553,
                "t_v": 121.653,
                "t_x": 121.653,
                "t_y": 121.653,
                "throttle_L": -9600,
                "throttle_R": -6611,
                "u_raw": -0.4482651,
                "utm_zone": 30,
                "v_raw": 0.2689583,
                "x": 45.598239899999996,
                "y": 19.289309399999997
            },
            "type": "Feature"
        },
        {
            "geometry": {
                "coordinates": [
                    -3.7313665,
                    40.437247899999996
                ],
                "type": "Point"
            },
            "properties": {
                "Ah": 0.442352,
                "du_raw": 0.332044,
                "dv_raw": -0.4795106,
                "fecha": "2025-05-28 16:29:03.250000",
                "orientacion_raw": -0.193903,
                "t_Ah": 120.666,
                "t_T_L": 121.853,
                "t_T_R": 121.853,
                "t_du": 121.984,
                "t_dv": 121.984,
                "t_lat": 122.108,
                "t_lon": 122.108,
                "t_orientacion": 121.703,
                "t_u": 121.984,
                "t_utm_zone": 122.027,
                "t_v": 121.984,
                "t_x": 121.984,
                "t_y": 121.984,
                "throttle_L": -9600,
                "throttle_R": -6589,
                "u_raw": -0.4980717,
                "utm_zone": 30,
                "v_raw": 0.2390751,
                "x": 45.488863499999994,
                "y": 19.3088409
            },
            "type": "Feature"
        },
        {
            "geometry": {
                "coordinates": [
                    -3.7313655999999997,
                    40.437247
                ],
                "type": "Point"
            },
            "properties": {
                "Ah": 0.442352,
                "du_raw": 0.0625024,
                "dv_raw": -0.2373138,
                "fecha": "2025-05-28 16:29:03.500000",
                "orientacion_raw": -0.180894,
                "t_Ah": 120.666,
                "t_T_L": 122.352,
                "t_T_R": 122.352,
                "t_du": 122.254,
                "t_dv": 122.254,
                "t_lat": 122.511,
                "t_lon": 122.511,
                "t_orientacion": 122.218,
                "t_u": 122.254,
                "t_utm_zone": 122.298,
                "t_v": 122.254,
                "t_x": 122.254,
                "t_y": 122.254,
                "throttle_L": -9600,
                "throttle_R": -7348,
                "u_raw": -0.4980717,
                "utm_zone": 30,
                "v_raw": 0.2988434,
                "x": 45.3599556,
                "y": 19.316653499999997
            },
            "type": "Feature"
        },
        {
            "geometry": {
                "coordinates": [
                    -3.7313639999999997,
                    40.437244
                ],
                "type": "Point"
            },
            "properties": {
                "Ah": 0.442352,
                "du_raw": 0.2353606,
                "dv_raw": -0.1923902,
                "fecha": "2025-05-28 16:29:04.250000",
                "orientacion_raw": -0.180679,
                "t_Ah": 120.666,
                "t_T_L": 122.905,
                "t_T_R": 122.905,
                "t_du": 122.907,
                "t_dv": 122.907,
                "t_lat": 123.189,
                "t_lon": 123.189,
                "t_orientacion": 122.699,
                "t_u": 122.907,
                "t_utm_zone": 123.039,
                "t_v": 122.907,
                "t_x": 122.907,
                "t_y": 122.907,
                "throttle_L": -9600,
                "throttle_R": -6849,
                "u_raw": -0.48811,
                "utm_zone": 30,
                "v_raw": 0.0896515,
                "x": 45.027920099999996,
                "y": 19.367435399999998
            },
            "type": "Feature"
        },
        {
            "geometry": {
                "coordinates": [
                    -3.7313634999999996,
                    40.437243099999996
                ],
                "type": "Point"
            },
            "properties": {
                "Ah": 0.442352,
                "du_raw": 0.0546896,
                "dv_raw": -0.2080158,
                "fecha": "2025-05-28 16:29:04.500000",
                "orientacion_raw": -0.190103,
                "t_Ah": 120.666,
                "t_T_L": 123.346,
                "t_T_R": 123.346,
                "t_du": 123.509,
                "t_dv": 123.509,
                "t_lat": 123.514,
                "t_lon": 123.514,
                "t_orientacion": 123.216,
                "t_u": 123.509,
                "t_utm_zone": 123.292,
                "t_v": 123.509,
                "t_x": 123.509,
                "t_y": 123.509,
                "throttle_L": -9600,
                "throttle_R": -6849,
                "u_raw": -0.4482651,
                "utm_zone": 30,
                "v_raw": 0.1593834,
                "x": 44.8286988,
                "y": 19.4182173
            },
            "type": "Feature"
        },
        {
            "geometry": {
                "coordinates": [
                    -3.7313634999999996,
                    40.4372417
                ],
                "type": "Point"
            },
            "properties": {
                "Ah": 0.442352,
                "du_raw": 0.1787178,
                "dv_raw": -0.122075,
                "fecha": "2025-05-28 16:29:04.750000",
                "orientacion_raw": -0.206049,
                "t_Ah": 120.666,
                "t_T_L": 123.852,
                "t_T_R": 123.852,
                "t_du": 123.758,
                "t_dv": 123.758,
                "t_lat": 123.854,
                "t_lon": 123.854,
                "t_orientacion": 123.697,
                "t_u": 123.758,
                "t_utm_zone": 123.787,
                "t_v": 123.758,
                "t_x": 123.758,
                "t_y": 123.758,
                "throttle_L": -9600,
                "throttle_R": -6893,
                "u_raw": -0.4283417,
                "utm_zone": 30,
                "v_raw": 0.06973,
                "x": 44.6802594,
                "y": 19.4689992
            },
            "type": "Feature"
        },
        {
            "geometry": {
                "coordinates": [
                    -3.7313633,
                    40.4372397
                ],
                "type": "Point"
            },
            "properties": {
                "Ah": 0.442352,
                "du_raw": 0.180671,
                "dv_raw": -0.30079279999999997,
                "fecha": "2025-05-28 16:29:05",
                "orientacion_raw": -0.206049,
                "t_Ah": 120.666,
                "t_T_L": 123.852,
                "t_T_R": 123.852,
                "t_du": 124.055,
                "t_dv": 124.055,
                "t_lat": 124.245,
                "t_lon": 124.245,
                "t_orientacion": 123.697,
                "t_u": 124.055,
                "t_utm_zone": 124.056,
                "t_v": 124.055,
                "t_x": 124.055,
                "t_y": 124.055,
                "throttle_L": -9600,
                "throttle_R": -6893,
                "u_raw": -0.3586117,
                "utm_zone": 30,
                "v_raw": 0.0199215,
                "x": 44.5396326,
                "y": 19.437748799999998
            },
            "type": "Feature"
        },
        {
            "geometry": {
                "coordinates": [
                    -3.731363,
                    40.4372386
                ],
                "type": "Point"
            },
            "properties": {
                "Ah": 0.442352,
                "du_raw": 0.3066524,
                "dv_raw": -0.2841906,
                "fecha": "2025-05-28 16:29:05.250000",
                "orientacion_raw": -0.225061,
                "t_Ah": 120.666,
                "t_T_L": 124.385,
                "t_T_R": 124.385,
                "t_du": 124.388,
                "t_dv": 124.388,
                "t_lat": 124.558,
                "t_lon": 124.558,
                "t_orientacion": 124.248,
                "t_u": 124.388,
                "t_utm_zone": 124.289,
                "t_v": 124.388,
                "t_x": 124.388,
                "t_y": 124.388,
                "throttle_L": -9600,
                "throttle_R": -6255,
                "u_raw": -0.41838000000000003,
                "utm_zone": 30,
                "v_raw": 0.0796917,
                "x": 44.328692399999994,
                "y": 19.386966899999997
            },
            "type": "Feature"
        },
        {
            "geometry": {
                "coordinates": [
                    -3.7313617999999997,
                    40.437236399999996
                ],
                "type": "Point"
            },
            "properties": {
                "Ah": 0.442352,
                "du_raw": 0.2255946,
                "dv_raw": -0.229501,
                "fecha": "2025-05-28 16:29:05.750000",
                "orientacion_raw": -0.235658,
                "t_Ah": 120.666,
                "t_T_L": 124.845,
                "t_T_R": 124.845,
                "t_du": 124.641,
                "t_dv": 124.641,
                "t_lat": 124.939,
                "t_lon": 124.939,
                "t_orientacion": 124.709,
                "t_u": 124.641,
                "t_utm_zone": 124.796,
                "t_v": 124.641,
                "t_x": 124.641,
                "t_y": 124.641,
                "throttle_L": -9600,
                "throttle_R": -6379,
                "u_raw": -0.3586117,
                "utm_zone": 30,
                "v_raw": 0.1992283,
                "x": 44.207597099999994,
                "y": 19.2385275
            },
            "type": "Feature"
        },
        {
            "geometry": {
                "coordinates": [
                    -3.7313612,
                    40.4372353
                ],
                "type": "Point"
            },
            "properties": {
                "Ah": 0.456511,
                "du_raw": 0.2451266,
                "dv_raw": -0.3535292,
                "fecha": "2025-05-28 16:29:06",
                "orientacion_raw": -0.235671,
                "t_Ah": 125.161,
                "t_T_L": 124.845,
                "t_T_R": 124.845,
                "t_du": 124.992,
                "t_dv": 124.992,
                "t_lat": 125.252,
                "t_lon": 125.252,
                "t_orientacion": 125.251,
                "t_u": 124.992,
                "t_utm_zone": 125.073,
                "t_v": 124.992,
                "t_x": 124.992,
                "t_y": 124.992,
                "throttle_L": -9600,
                "throttle_R": -6379,
                "u_raw": -0.4283417,
                "utm_zone": 30,
                "v_raw": 0.2490349,
                "x": 44.0904081,
                "y": 19.1682141
            },
            "type": "Feature"
        },
        {
            "geometry": {
                "coordinates": [
                    -3.73136,
                    40.437232699999996
                ],
                "type": "Point"
            },
            "properties": {
                "Ah": 0.456511,
                "du_raw": 0.3818506,
                "dv_raw": -0.2187584,
                "fecha": "2025-05-28 16:29:06.500000",
                "orientacion_raw": -0.235671,
                "t_Ah": 125.161,
                "t_T_L": 125.341,
                "t_T_R": 125.341,
                "t_du": 125.59,
                "t_dv": 125.59,
                "t_lat": 125.597,
                "t_lon": 125.597,
                "t_orientacion": 125.251,
                "t_u": 125.59,
                "t_utm_zone": 125.592,
                "t_v": 125.59,
                "t_x": 125.59,
                "t_y": 125.59,
                "throttle_L": -9600,
                "throttle_R": -6420,
                "u_raw": -0.4681885,
                "utm_zone": 30,
                "v_raw": 0.13946,
                "x": 43.828686,
                "y": 19.148682599999997
            },
            "type": "Feature"
        },
        {
            "geometry": {
                "coordinates": [
                    -3.7313589,
                    40.4372314
                ],
                "type": "Point"
            },
            "properties": {
                "Ah": 0.456511,
                "du_raw": 0.1543028,
                "dv_raw": -0.1357474,
                "fecha": "2025-05-28 16:29:06.500000",
                "orientacion_raw": -0.239624,
                "t_Ah": 125.161,
                "t_T_L": 125.889,
                "t_T_R": 125.889,
                "t_du": 125.893,
                "t_dv": 125.893,
                "t_lat": 125.975,
                "t_lon": 125.975,
                "t_orientacion": 125.705,
                "t_u": 125.893,
                "t_utm_zone": 125.592,
                "t_v": 125.893,
                "t_x": 125.893,
                "t_y": 125.893,
                "throttle_L": -9600,
                "throttle_R": -5974,
                "u_raw": -0.5179951,
                "utm_zone": 30,
                "v_raw": 0.3287266,
                "x": 43.5279009,
                "y": 19.1564952
            },
            "type": "Feature"
        },
        {
            "geometry": {
                "coordinates": [
                    -3.7313582999999997,
                    40.4372304
                ],
                "type": "Point"
            },
            "properties": {
                "Ah": 0.456511,
                "du_raw": 0.224618,
                "dv_raw": -0.1533262,
                "fecha": "2025-05-28 16:29:07",
                "orientacion_raw": -0.230011,
                "t_Ah": 125.161,
                "t_T_L": 125.889,
                "t_T_R": 125.889,
                "t_du": 126.151,
                "t_dv": 126.151,
                "t_lat": 126.297,
                "t_lon": 126.297,
                "t_orientacion": 126.2,
                "t_u": 126.151,
                "t_utm_zone": 126.032,
                "t_v": 126.151,
                "t_x": 126.151,
                "t_y": 126.151,
                "throttle_L": -9600,
                "throttle_R": -5974,
                "u_raw": -0.3785351,
                "utm_zone": 30,
                "v_raw": 0.06973,
                "x": 43.4185245,
                "y": 19.1564952
            },
            "type": "Feature"
        },
        {
            "geometry": {
                "coordinates": [
                    -3.7313574999999997,
                    40.437228499999996
                ],
                "type": "Point"
            },
            "properties": {
                "Ah": 0.456511,
                "du_raw": 0.1767646,
                "dv_raw": 0.0283214,
                "fecha": "2025-05-28 16:29:07.500000",
                "orientacion_raw": -0.230011,
                "t_Ah": 125.161,
                "t_T_L": 126.38,
                "t_T_R": 126.38,
                "t_du": 126.482,
                "t_dv": 126.482,
                "t_lat": 126.634,
                "t_lon": 126.634,
                "t_orientacion": 126.2,
                "t_u": 126.482,
                "t_utm_zone": 126.509,
                "t_v": 126.482,
                "t_x": 126.482,
                "t_y": 126.482,
                "throttle_L": -9600,
                "throttle_R": -5954,
                "u_raw": -0.3287266,
                "utm_zone": 30,
                "v_raw": 0.0398449,
                "x": 43.309148099999994,
                "y": 19.199464499999998
            },
            "type": "Feature"
        },
        {
            "geometry": {
                "coordinates": [
                    -3.7313566,
                    40.4372277
                ],
                "type": "Point"
            },
            "properties": {
                "Ah": 0.456511,
                "du_raw": 0.1484432,
                "dv_raw": 0.0556662,
                "fecha": "2025-05-28 16:29:07.750000",
                "orientacion_raw": -0.21211,
                "t_Ah": 125.161,
                "t_T_L": 126.841,
                "t_T_R": 126.841,
                "t_du": 126.749,
                "t_dv": 126.749,
                "t_lat": 126.987,
                "t_lon": 126.987,
                "t_orientacion": 126.685,
                "t_u": 126.749,
                "t_utm_zone": 126.776,
                "t_v": 126.749,
                "t_x": 126.749,
                "t_y": 126.749,
                "throttle_L": -9600,
                "throttle_R": -6235,
                "u_raw": -0.38849680000000003,
                "utm_zone": 30,
                "v_raw": 0.2191517,
                "x": 43.20758429999999,
                "y": 19.199464499999998
            },
            "type": "Feature"
        },
        {
            "geometry": {
                "coordinates": [
                    -3.7313544,
                    40.4372263
                ],
                "type": "Point"
            },
            "properties": {
                "Ah": 0.456511,
                "du_raw": 0.1523496,
                "dv_raw": -0.059572599999999996,
                "fecha": "2025-05-28 16:29:08.250000",
                "orientacion_raw": -0.197909,
                "t_Ah": 125.161,
                "t_T_L": 127.374,
                "t_T_R": 127.374,
                "t_du": 127.048,
                "t_dv": 127.048,
                "t_lat": 127.375,
                "t_lon": 127.375,
                "t_orientacion": 127.209,
                "t_u": 127.048,
                "t_utm_zone": 127.256,
                "t_v": 127.048,
                "t_x": 127.048,
                "t_y": 127.048,
                "throttle_L": -9600,
                "throttle_R": -6441,
                "u_raw": -0.4084183,
                "utm_zone": 30,
                "v_raw": 0.2888817,
                "x": 43.129458299999996,
                "y": 19.218995999999997
            },
            "type": "Feature"
        },
        {
            "geometry": {
                "coordinates": [
                    -3.7313532,
                    40.4372255
                ],
                "type": "Point"
            },
            "properties": {
                "Ah": 0.456511,
                "du_raw": -0.078128,
                "dv_raw": 0.1865306,
                "fecha": "2025-05-28 16:29:08.500000",
                "orientacion_raw": -0.197909,
                "t_Ah": 125.161,
                "t_T_L": 127.374,
                "t_T_R": 127.374,
                "t_du": 127.641,
                "t_dv": 127.641,
                "t_lat": 127.711,
                "t_lon": 127.711,
                "t_orientacion": 127.209,
                "t_u": 127.641,
                "t_utm_zone": 127.532,
                "t_v": 127.641,
                "t_x": 127.641,
                "t_y": 127.641,
                "throttle_L": -9600,
                "throttle_R": -6441,
                "u_raw": -0.5179951,
                "utm_zone": 30,
                "v_raw": 0.27892,
                "x": 42.879455099999994,
                "y": 19.2268086
            },
            "type": "Feature"
        },
        {
            "geometry": {
                "coordinates": [
                    -3.7313525999999997,
                    40.4372243
                ],
                "type": "Point"
            },
            "properties": {
                "Ah": 0.456511,
                "du_raw": -0.0107426,
                "dv_raw": -0.029298,
                "fecha": "2025-05-28 16:29:08.750000",
                "orientacion_raw": -0.193844,
                "t_Ah": 125.161,
                "t_T_L": 127.826,
                "t_T_R": 127.826,
                "t_du": 127.935,
                "t_dv": 127.935,
                "t_lat": 128.04,
                "t_lon": 128.04,
                "t_orientacion": 127.712,
                "t_u": 127.935,
                "t_utm_zone": 127.771,
                "t_v": 127.935,
                "t_x": 127.935,
                "t_y": 127.935,
                "throttle_L": -9600,
                "throttle_R": -6960,
                "u_raw": -0.5777634,
                "utm_zone": 30,
                "v_raw": 0.1195366,
                "x": 42.738828299999994,
                "y": 19.218995999999997
            },
            "type": "Feature"
        },
        {
            "geometry": {
                "coordinates": [
                    -3.7313514,
                    40.437222
                ],
                "type": "Point"
            },
            "properties": {
                "Ah": 0.456511,
                "du_raw": 0.014649,
                "dv_raw": -0.0175788,
                "fecha": "2025-05-28 16:29:09.250000",
                "orientacion_raw": -0.203742,
                "t_Ah": 125.161,
                "t_T_L": 128.328,
                "t_T_R": 128.328,
                "t_du": 128.232,
                "t_dv": 128.232,
                "t_lat": 128.424,
                "t_lon": 128.424,
                "t_orientacion": 128.231,
                "t_u": 128.232,
                "t_utm_zone": 128.272,
                "t_v": 128.232,
                "t_x": 128.232,
                "t_y": 128.232,
                "throttle_L": -9600,
                "throttle_R": -6632,
                "u_raw": -0.4383034,
                "utm_zone": 30,
                "v_raw": 0.2390751,
                "x": 42.617732999999994,
                "y": 19.1877456
            },
            "type": "Feature"
        },
        {
            "geometry": {
                "coordinates": [
                    -3.7313509999999996,
                    40.4372208
                ],
                "type": "Point"
            },
            "properties": {
                "Ah": 0.456511,
                "du_raw": 0.312512,
                "dv_raw": 0.107426,
                "fecha": "2025-05-28 16:29:09.500000",
                "orientacion_raw": -0.215659,
                "t_Ah": 125.161,
                "t_T_L": 128.328,
                "t_T_R": 128.328,
                "t_du": 128.544,
                "t_dv": 128.544,
                "t_lat": 128.74,
                "t_lon": 128.74,
                "t_orientacion": 128.676,
                "t_u": 128.544,
                "t_utm_zone": 128.545,
                "t_v": 128.544,
                "t_x": 128.544,
                "t_y": 128.544,
                "throttle_L": -9600,
                "throttle_R": -6632,
                "u_raw": -0.4980717,
                "utm_zone": 30,
                "v_raw": 0.13946,
                "x": 42.4888251,
                "y": 19.129151099999998
            },
            "type": "Feature"
        },
        {
            "geometry": {
                "coordinates": [
                    -3.7313501,
                    40.437219
                ],
                "type": "Point"
            },
            "properties": {
                "Ah": 0.456511,
                "du_raw": 0.0693386,
                "dv_raw": 0.0957068,
                "fecha": "2025-05-28 16:29:10",
                "orientacion_raw": -0.215659,
                "t_Ah": 125.161,
                "t_T_L": 128.878,
                "t_T_R": 128.878,
                "t_du": 128.88,
                "t_dv": 128.88,
                "t_lat": 129.07,
                "t_lon": 129.07,
                "t_orientacion": 128.676,
                "t_u": 128.88,
                "t_utm_zone": 129.017,
                "t_v": 128.88,
                "t_x": 128.88,
                "t_y": 128.88,
                "throttle_L": -9600,
                "throttle_R": -6611,
                "u_raw": -0.3984585,
                "utm_zone": 30,
                "v_raw": 0.0498066,
                "x": 42.3481983,
                "y": 19.0900881
            },
            "type": "Feature"
        },
        {
            "geometry": {
                "coordinates": [
                    -3.7313498999999997,
                    40.4372183
                ],
                "type": "Point"
            },
            "properties": {
                "Ah": 0.456511,
                "du_raw": 0.0771514,
                "dv_raw": -0.16895179999999999,
                "fecha": "2025-05-28 16:29:10.250000",
                "orientacion_raw": -0.232612,
                "t_Ah": 125.161,
                "t_T_L": 129.32,
                "t_T_R": 129.32,
                "t_du": 129.14,
                "t_dv": 129.14,
                "t_lat": 129.474,
                "t_lon": 129.474,
                "t_orientacion": 129.189,
                "t_u": 129.14,
                "t_utm_zone": 129.267,
                "t_v": 129.14,
                "t_x": 129.14,
                "t_y": 129.14,
                "throttle_L": -9600,
                "throttle_R": -6740,
                "u_raw": -0.3287266,
                "utm_zone": 30,
                "v_raw": 0.1195366,
                "x": 42.148976999999995,
                "y": 19.0666503
            },
            "type": "Feature"
        },
        {
            "geometry": {
                "coordinates": [
                    -3.7313494,
                    40.4372173
                ],
                "type": "Point"
            },
            "properties": {
                "Ah": 0.470375,
                "du_raw": 0.166022,
                "dv_raw": 0.1523496,
                "fecha": "2025-05-28 16:29:10.500000",
                "orientacion_raw": -0.256438,
                "t_Ah": 129.628,
                "t_T_L": 129.32,
                "t_T_R": 129.32,
                "t_du": 129.727,
                "t_dv": 129.727,
                "t_lat": 129.775,
                "t_lon": 129.775,
                "t_orientacion": 129.692,
                "t_u": 129.727,
                "t_utm_zone": 129.517,
                "t_v": 129.727,
                "t_x": 129.727,
                "t_y": 129.727,
                "throttle_L": -9600,
                "throttle_R": -6740,
                "u_raw": -0.5080334,
                "utm_zone": 30,
                "v_raw": 0.0996132,
                "x": 41.9575683,
                "y": 19.0471188
            },
            "type": "Feature"
        },
        {
            "geometry": {
                "coordinates": [
                    -3.7313481,
                    40.4372155
                ],
                "type": "Point"
            },
            "properties": {
                "Ah": 0.470375,
                "du_raw": -0.063479,
                "dv_raw": -0.0009766,
                "fecha": "2025-05-28 16:29:11",
                "orientacion_raw": -0.256438,
                "t_Ah": 129.628,
                "t_T_L": 129.824,
                "t_T_R": 129.824,
                "t_du": 130.033,
                "t_dv": 130.033,
                "t_lat": 130.129,
                "t_lon": 130.129,
                "t_orientacion": 129.692,
                "t_u": 130.033,
                "t_utm_zone": 130.033,
                "t_v": 130.033,
                "t_x": 130.033,
                "t_y": 130.033,
                "throttle_L": -9600,
                "throttle_R": -6697,
                "u_raw": -0.4283417,
                "utm_zone": 30,
                "v_raw": 0.1095749,
                "x": 41.859910799999994,
                "y": 19.0197747
            },
            "type": "Feature"
        },
        {
            "geometry": {
                "coordinates": [
                    -3.7313471999999996,
                    40.4372147
                ],
                "type": "Point"
            },
            "properties": {
                "Ah": 0.470375,
                "du_raw": -0.063479,
                "dv_raw": 0.009766,
                "fecha": "2025-05-28 16:29:11.250000",
                "orientacion_raw": -0.284538,
                "t_Ah": 129.628,
                "t_T_L": 130.362,
                "t_T_R": 130.362,
                "t_du": 130.364,
                "t_dv": 130.364,
                "t_lat": 130.477,
                "t_lon": 130.477,
                "t_orientacion": 130.225,
                "t_u": 130.364,
                "t_utm_zone": 130.265,
                "t_v": 130.364,
                "t_x": 130.364,
                "t_y": 130.364,
                "throttle_L": -9600,
                "throttle_R": -5760,
                "u_raw": -0.2988434,
                "utm_zone": 30,
                "v_raw": 0.1494217,
                "x": 41.680220999999996,
                "y": 19.0002432
            },
            "type": "Feature"
        },
        {
            "geometry": {
                "coordinates": [
                    -3.7313468,
                    40.437214
                ],
                "type": "Point"
            },
            "properties": {
                "Ah": 0.470375,
                "du_raw": 0.0449236,
                "dv_raw": 0.1982498,
                "fecha": "2025-05-28 16:29:11.750000",
                "orientacion_raw": -0.305563,
                "t_Ah": 129.628,
                "t_T_L": 130.826,
                "t_T_R": 130.826,
                "t_du": 130.626,
                "t_dv": 130.626,
                "t_lat": 130.826,
                "t_lon": 130.826,
                "t_orientacion": 130.672,
                "t_u": 130.626,
                "t_utm_zone": 130.761,
                "t_v": 130.626,
                "t_x": 130.626,
                "t_y": 130.626,
                "throttle_L": -9600,
                "throttle_R": -5495,
                "u_raw": -0.3984585,
                "utm_zone": 30,
                "v_raw": 0.1195366,
                "x": 41.598188699999994,
                "y": 18.9768054
            },
            "type": "Feature"
        },
        {
            "geometry": {
                "coordinates": [
                    -3.7313446999999997,
                    40.437211999999995
                ],
                "type": "Point"
            },
            "properties": {
                "Ah": 0.470375,
                "du_raw": -0.0771514,
                "dv_raw": 0.3330206,
                "fecha": "2025-05-28 16:29:12",
                "orientacion_raw": -0.305563,
                "t_Ah": 129.628,
                "t_T_L": 130.826,
                "t_T_R": 130.826,
                "t_du": 130.955,
                "t_dv": 130.955,
                "t_lat": 131.212,
                "t_lon": 131.212,
                "t_orientacion": 130.672,
                "t_u": 130.955,
                "t_utm_zone": 131.011,
                "t_v": 130.955,
                "t_x": 130.955,
                "t_y": 130.955,
                "throttle_L": -9600,
                "throttle_R": -5495,
                "u_raw": -0.3984585,
                "utm_zone": 30,
                "v_raw": 0.0796917,
                "x": 41.457561899999995,
                "y": 18.957273899999997
            },
            "type": "Feature"
        },
        {
            "geometry": {
                "coordinates": [
                    -3.7313438,
                    40.4372111
                ],
                "type": "Point"
            },
            "properties": {
                "Ah": 0.470375,
                "du_raw": 0.1084026,
                "dv_raw": 0.1630922,
                "fecha": "2025-05-28 16:29:12.250000",
                "orientacion_raw": -0.297562,
                "t_Ah": 129.628,
                "t_T_L": 131.32,
                "t_T_R": 131.32,
                "t_du": 131.216,
                "t_dv": 131.216,
                "t_lat": 131.557,
                "t_lon": 131.557,
                "t_orientacion": 131.215,
                "t_u": 131.216,
                "t_utm_zone": 131.264,
                "t_v": 131.216,
                "t_x": 131.216,
                "t_y": 131.216,
                "throttle_L": -9600,
                "throttle_R": -4976,
                "u_raw": -0.4084183,
                "utm_zone": 30,
                "v_raw": 0.2191517,
                "x": 41.367717,
                "y": 18.9494613
            },
            "type": "Feature"
        },
        {
            "geometry": {
                "coordinates": [
                    -3.7313421,
                    40.437209599999996
                ],
                "type": "Point"
            },
            "properties": {
                "Ah": 0.470375,
                "du_raw": -0.0527364,
                "dv_raw": 0.1679752,
                "fecha": "2025-05-28 16:29:12.750000",
                "orientacion_raw": -0.269275,
                "t_Ah": 129.628,
                "t_T_L": 131.865,
                "t_T_R": 131.865,
                "t_du": 131.867,
                "t_dv": 131.867,
                "t_lat": 131.87,
                "t_lon": 131.87,
                "t_orientacion": 131.667,
                "t_u": 131.867,
                "t_utm_zone": 131.757,
                "t_v": 131.867,
                "t_x": 131.867,
                "t_y": 131.867,
                "throttle_L": -9600,
                "throttle_R": -5367,
                "u_raw": -0.3386883,
                "utm_zone": 30,
                "v_raw": 0.2390751,
                "x": 41.1802146,
                "y": 18.886960499999997
            },
            "type": "Feature"
        },
        {
            "geometry": {
                "coordinates": [
                    -3.7313418,
                    40.4372091
                ],
                "type": "Point"
            },
            "properties": {
                "Ah": 0.470375,
                "du_raw": -0.1435602,
                "dv_raw": 0.4033358,
                "fecha": "2025-05-28 16:29:13",
                "orientacion_raw": -0.221005,
                "t_Ah": 129.628,
                "t_T_L": 131.865,
                "t_T_R": 131.865,
                "t_du": 132.124,
                "t_dv": 132.124,
                "t_lat": 132.237,
                "t_lon": 132.237,
                "t_orientacion": 132.236,
                "t_u": 132.124,
                "t_utm_zone": 132.008,
                "t_v": 132.124,
                "t_x": 132.124,
                "t_y": 132.124,
                "throttle_L": -9600,
                "throttle_R": -5367,
                "u_raw": -0.3187668,
                "utm_zone": 30,
                "v_raw": 0.1992283,
                "x": 41.047400399999994,
                "y": 18.886960499999997
            },
            "type": "Feature"
        },
        {
            "geometry": {
                "coordinates": [
                    -3.7313411999999997,
                    40.437208399999996
                ],
                "type": "Point"
            },
            "properties": {
                "Ah": 0.470375,
                "du_raw": -0.2021562,
                "dv_raw": 0.3056758,
                "fecha": "2025-05-28 16:29:13.500000",
                "orientacion_raw": -0.221005,
                "t_Ah": 129.628,
                "t_T_L": 132.316,
                "t_T_R": 132.316,
                "t_du": 132.454,
                "t_dv": 132.454,
                "t_lat": 132.564,
                "t_lon": 132.564,
                "t_orientacion": 132.236,
                "t_u": 132.454,
                "t_utm_zone": 132.51,
                "t_v": 132.454,
                "t_x": 132.454,
                "t_y": 132.454,
                "throttle_L": -9600,
                "throttle_R": -5011,
                "u_raw": -0.3685734,
                "utm_zone": 30,
                "v_raw": 0.1793049,
                "x": 40.969274399999996,
                "y": 18.8791479
            },
            "type": "Feature"
        },
        {
            "geometry": {
                "coordinates": [
                    -3.7313397999999998,
                    40.437206499999995
                ],
                "type": "Point"
            },
            "properties": {
                "Ah": 0.470375,
                "du_raw": -0.0283214,
                "dv_raw": 0.3359504,
                "fecha": "2025-05-28 16:29:13.750000",
                "orientacion_raw": -0.172777,
                "t_Ah": 129.628,
                "t_T_L": 132.819,
                "t_T_R": 132.819,
                "t_du": 132.728,
                "t_dv": 132.728,
                "t_lat": 132.914,
                "t_lon": 132.914,
                "t_orientacion": 132.668,
                "t_u": 132.728,
                "t_utm_zone": 132.754,
                "t_v": 132.728,
                "t_x": 132.728,
                "t_y": 132.728,
                "throttle_L": -9600,
                "throttle_R": -7232,
                "u_raw": -0.34865,
                "utm_zone": 30,
                "v_raw": 0.1593834,
                "x": 40.859897999999994,
                "y": 18.8986794
            },
            "type": "Feature"
        },
        {
            "geometry": {
                "coordinates": [
                    -3.7313389999999997,
                    40.4372055
                ],
                "type": "Point"
            },
            "properties": {
                "Ah": 0.470375,
                "du_raw": -0.3886868,
                "dv_raw": 0.1933668,
                "fecha": "2025-05-28 16:29:14.250000",
                "orientacion_raw": -0.145283,
                "t_Ah": 129.628,
                "t_T_L": 132.819,
                "t_T_R": 132.819,
                "t_du": 133.031,
                "t_dv": 133.031,
                "t_lat": 133.26,
                "t_lon": 133.26,
                "t_orientacion": 133.176,
                "t_u": 133.031,
                "t_utm_zone": 133.26,
                "t_v": 133.031,
                "t_x": 133.031,
                "t_y": 133.031,
                "throttle_L": -9600,
                "throttle_R": -7232,
                "u_raw": -0.3386883,
                "utm_zone": 30,
                "v_raw": 0.1593834,
                "x": 40.7700531,
                "y": 18.8986794
            },
            "type": "Feature"
        },
        {
            "geometry": {
                "coordinates": [
                    -3.7313365999999997,
                    40.4372032
                ],
                "type": "Point"
            },
            "properties": {
                "Ah": 0.470375,
                "du_raw": -0.0556662,
                "dv_raw": 0.1201218,
                "fecha": "2025-05-28 16:29:14.500000",
                "orientacion_raw": -0.145283,
                "t_Ah": 129.628,
                "t_T_L": 133.355,
                "t_T_R": 133.355,
                "t_du": 133.357,
                "t_dv": 133.357,
                "t_lat": 133.651,
                "t_lon": 133.651,
                "t_orientacion": 133.176,
                "t_u": 133.357,
                "t_utm_zone": 133.509,
                "t_v": 133.357,
                "t_x": 133.357,
                "t_y": 133.357,
                "throttle_L": -9600,
                "throttle_R": -7586,
                "u_raw": -0.4482651,
                "utm_zone": 30,
                "v_raw": 0.2689583,
                "x": 40.508331,
                "y": 18.816647099999997
            },
            "type": "Feature"
        },
        {
            "geometry": {
                "coordinates": [
                    -3.7313357999999996,
                    40.4372022
                ],
                "type": "Point"
            },
            "properties": {
                "Ah": 0.470375,
                "du_raw": -0.0820344,
                "dv_raw": 0.092777,
                "fecha": "2025-05-28 16:29:14.750000",
                "orientacion_raw": -0.12241,
                "t_Ah": 129.628,
                "t_T_L": 133.807,
                "t_T_R": 133.807,
                "t_du": 133.961,
                "t_dv": 133.961,
                "t_lat": 133.963,
                "t_lon": 133.963,
                "t_orientacion": 133.679,
                "t_u": 133.961,
                "t_utm_zone": 133.753,
                "t_v": 133.961,
                "t_x": 133.961,
                "t_y": 133.961,
                "throttle_L": -9600,
                "throttle_R": -6827,
                "u_raw": -0.4283417,
                "utm_zone": 30,
                "v_raw": 0.2888817,
                "x": 40.289578199999994,
                "y": 18.840084899999997
            },
            "type": "Feature"
        },
        {
            "geometry": {
                "coordinates": [
                    -3.7313351,
                    40.4372012
                ],
                "type": "Point"
            },
            "properties": {
                "Ah": 0.483925,
                "du_raw": 0.0087894,
                "dv_raw": 0.0791046,
                "fecha": "2025-05-28 16:29:15.250000",
                "orientacion_raw": -0.100137,
                "t_Ah": 134.124,
                "t_T_L": 134.35,
                "t_T_R": 134.35,
                "t_du": 134.217,
                "t_dv": 134.217,
                "t_lat": 134.351,
                "t_lon": 134.351,
                "t_orientacion": 134.216,
                "t_u": 134.217,
                "t_utm_zone": 134.231,
                "t_v": 134.217,
                "t_x": 134.217,
                "t_y": 134.217,
                "throttle_L": -9600,
                "throttle_R": -6916,
                "u_raw": -0.4681885,
                "utm_zone": 30,
                "v_raw": 0.1693432,
                "x": 40.168482899999994,
                "y": 18.8596164
            },
            "type": "Feature"
        },
        {
            "geometry": {
                "coordinates": [
                    -3.731334,
                    40.4371994
                ],
                "type": "Point"
            },
            "properties": {
                "Ah": 0.483925,
                "du_raw": -0.2793076,
                "dv_raw": 0.0947302,
                "fecha": "2025-05-28 16:29:15.500000",
                "orientacion_raw": -0.100137,
                "t_Ah": 134.124,
                "t_T_L": 134.35,
                "t_T_R": 134.35,
                "t_du": 134.521,
                "t_dv": 134.521,
                "t_lat": 134.685,
                "t_lon": 134.685,
                "t_orientacion": 134.216,
                "t_u": 134.521,
                "t_utm_zone": 134.522,
                "t_v": 134.521,
                "t_x": 134.521,
                "t_y": 134.521,
                "throttle_L": -9600,
                "throttle_R": -6916,
                "u_raw": -0.4482651,
                "utm_zone": 30,
                "v_raw": 0.1494217,
                "x": 40.090356899999996,
                "y": 18.8986794
            },
            "type": "Feature"
        },
        {
            "geometry": {
                "coordinates": [
                    -3.7313332,
                    40.4371984
                ],
                "type": "Point"
            },
            "properties": {
                "Ah": 0.483925,
                "du_raw": -0.2080158,
                "dv_raw": 0.1884838,
                "fecha": "2025-05-28 16:29:15.750000",
                "orientacion_raw": -0.075141,
                "t_Ah": 134.124,
                "t_T_L": 134.854,
                "t_T_R": 134.854,
                "t_du": 134.856,
                "t_dv": 134.856,
                "t_lat": 135.011,
                "t_lon": 135.011,
                "t_orientacion": 134.688,
                "t_u": 134.856,
                "t_utm_zone": 134.746,
                "t_v": 134.856,
                "t_x": 134.856,
                "t_y": 134.856,
                "throttle_L": -9600,
                "throttle_R": -7682,
                "u_raw": -0.4781502,
                "utm_zone": 30,
                "v_raw": 0.1992283,
                "x": 39.9770742,
                "y": 18.9299298
            },
            "type": "Feature"
        },
        {
            "geometry": {
                "coordinates": [
                    -3.7313321,
                    40.437196199999995
                ],
                "type": "Point"
            },
            "properties": {
                "Ah": 0.483925,
                "du_raw": -0.3545058,
                "dv_raw": -0.1113324,
                "fecha": "2025-05-28 16:29:16.250000",
                "orientacion_raw": -0.073666,
                "t_Ah": 134.124,
                "t_T_L": 135.312,
                "t_T_R": 135.312,
                "t_du": 135.14,
                "t_dv": 135.14,
                "t_lat": 135.405,
                "t_lon": 135.405,
                "t_orientacion": 135.175,
                "t_u": 135.14,
                "t_utm_zone": 135.244,
                "t_v": 135.14,
                "t_x": 135.14,
                "t_y": 135.14,
                "throttle_L": -9600,
                "throttle_R": -6871,
                "u_raw": -0.4781502,
                "utm_zone": 30,
                "v_raw": 0.1294983,
                "x": 39.727070999999995,
                "y": 19.008055799999998
            },
            "type": "Feature"
        },
        {
            "geometry": {
                "coordinates": [
                    -3.7313316,
                    40.4371951
                ],
                "type": "Point"
            },
            "properties": {
                "Ah": 0.483925,
                "du_raw": -0.1474666,
                "dv_raw": 0.0625024,
                "fecha": "2025-05-28 16:29:16.500000",
                "orientacion_raw": -0.074787,
                "t_Ah": 134.124,
                "t_T_L": 135.312,
                "t_T_R": 135.312,
                "t_du": 135.416,
                "t_dv": 135.416,
                "t_lat": 135.743,
                "t_lon": 135.743,
                "t_orientacion": 135.661,
                "t_u": 135.416,
                "t_utm_zone": 135.477,
                "t_v": 135.416,
                "t_x": 135.416,
                "t_y": 135.416,
                "throttle_L": -9600,
                "throttle_R": -6871,
                "u_raw": -0.4482651,
                "utm_zone": 30,
                "v_raw": 0.1593834,
                "x": 39.6176946,
                "y": 19.0393062
            },
            "type": "Feature"
        },
        {
            "geometry": {
                "coordinates": [
                    -3.7313311999999996,
                    40.4371941
                ],
                "type": "Point"
            },
            "properties": {
                "Ah": 0.483925,
                "du_raw": -0.0693386,
                "dv_raw": 0.0693386,
                "fecha": "2025-05-28 16:29:17",
                "orientacion_raw": -0.074787,
                "t_Ah": 134.124,
                "t_T_L": 135.796,
                "t_T_R": 135.796,
                "t_du": 136.052,
                "t_dv": 136.052,
                "t_lat": 136.054,
                "t_lon": 136.054,
                "t_orientacion": 135.661,
                "t_u": 136.052,
                "t_utm_zone": 136.052,
                "t_v": 136.052,
                "t_x": 136.052,
                "t_y": 136.052,
                "throttle_L": -9600,
                "throttle_R": -6296,
                "u_raw": -0.5080334,
                "utm_zone": 30,
                "v_raw": 0.0996132,
                "x": 39.3872229,
                "y": 19.1096196
            },
            "type": "Feature"
        },
        {
            "geometry": {
                "coordinates": [
                    -3.7313302,
                    40.437191899999995
                ],
                "type": "Point"
            },
            "properties": {
                "Ah": 0.483925,
                "du_raw": -0.24415,
                "dv_raw": 0.0224618,
                "fecha": "2025-05-28 16:29:17.250000",
                "orientacion_raw": -0.076918,
                "t_Ah": 134.124,
                "t_T_L": 136.352,
                "t_T_R": 136.352,
                "t_du": 136.355,
                "t_dv": 136.355,
                "t_lat": 136.452,
                "t_lon": 136.452,
                "t_orientacion": 136.169,
                "t_u": 136.355,
                "t_utm_zone": 136.24,
                "t_v": 136.355,
                "t_x": 136.355,
                "t_y": 136.355,
                "throttle_L": -9600,
                "throttle_R": -7805,
                "u_raw": -0.4283417,
                "utm_zone": 30,
                "v_raw": 0.0398449,
                "x": 39.277846499999995,
                "y": 19.148682599999997
            },
            "type": "Feature"
        },
        {
            "geometry": {
                "coordinates": [
                    -3.7313292999999996,
                    40.4371905
                ],
                "type": "Point"
            },
            "properties": {
                "Ah": 0.483925,
                "du_raw": -0.4423998,
                "dv_raw": -0.0410172,
                "fecha": "2025-05-28 16:29:17.500000",
                "orientacion_raw": -0.097553,
                "t_Ah": 134.124,
                "t_T_L": 136.352,
                "t_T_R": 136.352,
                "t_du": 136.598,
                "t_dv": 136.598,
                "t_lat": 136.79,
                "t_lon": 136.79,
                "t_orientacion": 136.649,
                "t_u": 136.598,
                "t_utm_zone": 136.492,
                "t_v": 136.598,
                "t_x": 136.598,
                "t_y": 136.598,
                "throttle_L": -9600,
                "throttle_R": -7805,
                "u_raw": -0.5080334,
                "utm_zone": 30,
                "v_raw": 0.0996132,
                "x": 38.988780299999995,
                "y": 19.2775905
            },
            "type": "Feature"
        },
        {
            "geometry": {
                "coordinates": [
                    -3.7313275999999997,
                    40.437188
                ],
                "type": "Point"
            },
            "properties": {
                "Ah": 0.483925,
                "du_raw": -0.122075,
                "dv_raw": 0.2255946,
                "fecha": "2025-05-28 16:29:18",
                "orientacion_raw": -0.097553,
                "t_Ah": 134.124,
                "t_T_L": 136.792,
                "t_T_R": 136.792,
                "t_du": 136.948,
                "t_dv": 136.948,
                "t_lat": 137.091,
                "t_lon": 137.091,
                "t_orientacion": 136.649,
                "t_u": 136.948,
                "t_utm_zone": 136.989,
                "t_v": 136.948,
                "t_x": 136.948,
                "t_y": 136.948,
                "throttle_L": -9600,
                "throttle_R": -6568,
                "u_raw": -0.41838000000000003,
                "utm_zone": 30,
                "v_raw": 0.20919000000000001,
                "x": 38.828621999999996,
                "y": 19.5002496
            },
            "type": "Feature"
        },
        {
            "geometry": {
                "coordinates": [
                    -3.7313275,
                    40.4371868
                ],
                "type": "Point"
            },
            "properties": {
                "Ah": 0.483925,
                "du_raw": -0.28223739999999997,
                "dv_raw": 0.1914136,
                "fecha": "2025-05-28 16:29:18.250000",
                "orientacion_raw": -0.109368,
                "t_Ah": 134.124,
                "t_T_L": 137.296,
                "t_T_R": 137.296,
                "t_du": 137.208,
                "t_dv": 137.208,
                "t_lat": 137.449,
                "t_lon": 137.449,
                "t_orientacion": 137.207,
                "t_u": 137.208,
                "t_utm_zone": 137.247,
                "t_v": 137.208,
                "t_x": 137.208,
                "t_y": 137.208,
                "throttle_L": -9600,
                "throttle_R": -6653,
                "u_raw": -0.4781502,
                "utm_zone": 30,
                "v_raw": 0.0498066,
                "x": 38.719245599999994,
                "y": 19.6369701
            },
            "type": "Feature"
        },
        {
            "geometry": {
                "coordinates": [
                    -3.7313273,
                    40.437185799999995
                ],
                "type": "Point"
            },
            "properties": {
                "Ah": 0.483925,
                "du_raw": -0.224618,
                "dv_raw": -0.0107426,
                "fecha": "2025-05-28 16:29:18.750000",
                "orientacion_raw": -0.122161,
                "t_Ah": 134.124,
                "t_T_L": 137.844,
                "t_T_R": 137.844,
                "t_du": 137.513,
                "t_dv": 137.513,
                "t_lat": 137.846,
                "t_lon": 137.846,
                "t_orientacion": 137.646,
                "t_u": 137.513,
                "t_utm_zone": 137.735,
                "t_v": 137.513,
                "t_x": 137.513,
                "t_y": 137.513,
                "throttle_L": -9600,
                "throttle_R": -6697,
                "u_raw": -0.4482651,
                "utm_zone": 30,
                "v_raw": 0.0597683,
                "x": 38.578618799999994,
                "y": 19.7502528
            },
            "type": "Feature"
        },
        {
            "geometry": {
                "coordinates": [
                    -3.7313267999999997,
                    40.437183499999996
                ],
                "type": "Point"
            },
            "properties": {
                "Ah": 0.483925,
                "du_raw": -0.1845774,
                "dv_raw": 0.0966834,
                "fecha": "2025-05-28 16:29:19",
                "orientacion_raw": -0.122161,
                "t_Ah": 134.124,
                "t_T_L": 137.844,
                "t_T_R": 137.844,
                "t_du": 138.096,
                "t_dv": 138.096,
                "t_lat": 138.18,
                "t_lon": 138.18,
                "t_orientacion": 137.646,
                "t_u": 138.096,
                "t_utm_zone": 138.011,
                "t_v": 138.096,
                "t_x": 138.096,
                "t_y": 138.096,
                "throttle_L": -9600,
                "throttle_R": -6697,
                "u_raw": -0.4482651,
                "utm_zone": 30,
                "v_raw": 0.0298832,
                "x": 38.2075203,
                "y": 19.8283788
            },
            "type": "Feature"
        },
        {
            "geometry": {
                "coordinates": [
                    -3.7313270999999997,
                    40.437182799999995
                ],
                "type": "Point"
            },
            "properties": {
                "Ah": 0.483925,
                "du_raw": -0.3496228,
                "dv_raw": 0.059572599999999996,
                "fecha": "2025-05-28 16:29:19.250000",
                "orientacion_raw": -0.135619,
                "t_Ah": 134.124,
                "t_T_L": 138.291,
                "t_T_R": 138.291,
                "t_du": 138.432,
                "t_dv": 138.432,
                "t_lat": 138.506,
                "t_lon": 138.506,
                "t_orientacion": 138.182,
                "t_u": 138.432,
                "t_utm_zone": 138.237,
                "t_v": 138.432,
                "t_x": 138.432,
                "t_y": 138.432,
                "throttle_L": -9600,
                "throttle_R": -5915,
                "u_raw": -0.3586117,
                "utm_zone": 30,
                "v_raw": 0.0896515,
                "x": 38.137206899999995,
                "y": 19.8791607
            },
            "type": "Feature"
        },
        {
            "geometry": {
                "coordinates": [
                    -3.731327,
                    40.437182
                ],
                "type": "Point"
            },
            "properties": {
                "Ah": 0.498423,
                "du_raw": -0.0322278,
                "dv_raw": 0.2060626,
                "fecha": "2025-05-28 16:29:19.750000",
                "orientacion_raw": -0.142569,
                "t_Ah": 138.6,
                "t_T_L": 138.788,
                "t_T_R": 138.788,
                "t_du": 138.696,
                "t_dv": 138.696,
                "t_lat": 138.895,
                "t_lon": 138.895,
                "t_orientacion": 138.695,
                "t_u": 138.696,
                "t_utm_zone": 138.734,
                "t_v": 138.696,
                "t_x": 138.696,
                "t_y": 138.696,
                "throttle_L": -9600,
                "throttle_R": -6893,
                "u_raw": -0.4681885,
                "utm_zone": 30,
                "v_raw": 0.13946,
                "x": 38.047362,
                "y": 20.0666631
            },
            "type": "Feature"
        },
        {
            "geometry": {
                "coordinates": [
                    -3.7313267,
                    40.4371801
                ],
                "type": "Point"
            },
            "properties": {
                "Ah": 0.498423,
                "du_raw": -0.1787178,
                "dv_raw": 0.1982498,
                "fecha": "2025-05-28 16:29:20",
                "orientacion_raw": -0.163617,
                "t_Ah": 138.6,
                "t_T_L": 138.788,
                "t_T_R": 138.788,
                "t_du": 139.01,
                "t_dv": 139.01,
                "t_lat": 139.202,
                "t_lon": 139.202,
                "t_orientacion": 139.201,
                "t_u": 139.01,
                "t_utm_zone": 139.011,
                "t_v": 139.01,
                "t_x": 139.01,
                "t_y": 139.01,
                "throttle_L": -9600,
                "throttle_R": -6893,
                "u_raw": -0.4781502,
                "utm_zone": 30,
                "v_raw": 0.1494217,
                "x": 37.9379856,
                "y": 20.1096324
            },
            "type": "Feature"
        },
        {
            "geometry": {
                "coordinates": [
                    -3.7313259999999997,
                    40.4371789
                ],
                "type": "Point"
            },
            "properties": {
                "Ah": 0.498423,
                "du_raw": -0.0898472,
                "dv_raw": 0.2480564,
                "fecha": "2025-05-28 16:29:20.500000",
                "orientacion_raw": -0.163617,
                "t_Ah": 138.6,
                "t_T_L": 139.333,
                "t_T_R": 139.333,
                "t_du": 139.335,
                "t_dv": 139.335,
                "t_lat": 139.54,
                "t_lon": 139.54,
                "t_orientacion": 139.201,
                "t_u": 139.335,
                "t_utm_zone": 139.488,
                "t_v": 139.335,
                "t_x": 139.335,
                "t_y": 139.335,
                "throttle_L": -9600,
                "throttle_R": -6113,
                "u_raw": -0.41838000000000003,
                "utm_zone": 30,
                "v_raw": 0.06973,
                "x": 37.828609199999995,
                "y": 20.156508
            },
            "type": "Feature"
        },
        {
            "geometry": {
                "coordinates": [
                    -3.7313261,
                    40.437176799999996
                ],
                "type": "Point"
            },
            "properties": {
                "Ah": 0.498423,
                "du_raw": -0.3984528,
                "dv_raw": 0.063479,
                "fecha": "2025-05-28 16:29:20.750000",
                "orientacion_raw": -0.177329,
                "t_Ah": 138.6,
                "t_T_L": 139.78,
                "t_T_R": 139.78,
                "t_du": 139.59,
                "t_dv": 139.59,
                "t_lat": 139.935,
                "t_lon": 139.935,
                "t_orientacion": 139.642,
                "t_u": 139.59,
                "t_utm_zone": 139.728,
                "t_v": 139.59,
                "t_x": 139.59,
                "t_y": 139.59,
                "throttle_L": -9600,
                "throttle_R": -6441,
                "u_raw": -0.5279568,
                "utm_zone": 30,
                "v_raw": 0.0099598,
                "x": 37.578606,
                "y": 20.2072899
            },
            "type": "Feature"
        },
        {
            "geometry": {
                "coordinates": [
                    -3.7313259,
                    40.437175599999996
                ],
                "type": "Point"
            },
            "properties": {
                "Ah": 0.498423,
                "du_raw": -0.161139,
                "dv_raw": 0.3300908,
                "fecha": "2025-05-28 16:29:21",
                "orientacion_raw": -0.183519,
                "t_Ah": 138.6,
                "t_T_L": 139.78,
                "t_T_R": 139.78,
                "t_du": 140.188,
                "t_dv": 140.188,
                "t_lat": 140.233,
                "t_lon": 140.233,
                "t_orientacion": 140.187,
                "t_u": 140.188,
                "t_utm_zone": 139.977,
                "t_v": 140.188,
                "t_x": 140.188,
                "t_y": 140.188,
                "throttle_L": -9600,
                "throttle_R": -6441,
                "u_raw": -0.5379185,
                "utm_zone": 30,
                "v_raw": 0.2390751,
                "x": 37.3403217,
                "y": 20.289322199999997
            },
            "type": "Feature"
        },
        {
            "geometry": {
                "coordinates": [
                    -3.7313256,
                    40.4371736
                ],
                "type": "Point"
            },
            "properties": {
                "Ah": 0.498423,
                "du_raw": 0.078128,
                "dv_raw": 0.004883,
                "fecha": "2025-05-28 16:29:21.500000",
                "orientacion_raw": -0.183519,
                "t_Ah": 138.6,
                "t_T_L": 140.336,
                "t_T_R": 140.336,
                "t_du": 140.509,
                "t_dv": 140.509,
                "t_lat": 140.587,
                "t_lon": 140.587,
                "t_orientacion": 140.187,
                "t_u": 140.509,
                "t_utm_zone": 140.51,
                "t_v": 140.509,
                "t_x": 140.509,
                "t_y": 140.509,
                "throttle_L": -9600,
                "throttle_R": -6255,
                "u_raw": -0.3984585,
                "utm_zone": 30,
                "v_raw": 0.13946,
                "x": 37.2192264,
                "y": 20.457293099999998
            },
            "type": "Feature"
        },
        {
            "geometry": {
                "coordinates": [
                    -3.7313240999999997,
                    40.437172
                ],
                "type": "Point"
            },
            "properties": {
                "Ah": 0.498423,
                "du_raw": -0.2236414,
                "dv_raw": 0.0839876,
                "fecha": "2025-05-28 16:29:21.750000",
                "orientacion_raw": -0.181627,
                "t_Ah": 138.6,
                "t_T_L": 140.831,
                "t_T_R": 140.831,
                "t_du": 140.832,
                "t_dv": 140.832,
                "t_lat": 140.943,
                "t_lon": 140.943,
                "t_orientacion": 140.651,
                "t_u": 140.832,
                "t_utm_zone": 140.724,
                "t_v": 140.832,
                "t_x": 140.832,
                "t_y": 140.832,
                "throttle_L": -9600,
                "throttle_R": -5740,
                "u_raw": -0.4781502,
                "utm_zone": 30,
                "v_raw": 0.1195366,
                "x": 37.109849999999994,
                "y": 20.6096388
            },
            "type": "Feature"
        },
        {
            "geometry": {
                "coordinates": [
                    -3.7313223,
                    40.4371702
                ],
                "type": "Point"
            },
            "properties": {
                "Ah": 0.498423,
                "du_raw": -0.1377006,
                "dv_raw": -0.1523496,
                "fecha": "2025-05-28 16:29:22.250000",
                "orientacion_raw": -0.159101,
                "t_Ah": 138.6,
                "t_T_L": 141.321,
                "t_T_R": 141.321,
                "t_du": 141.092,
                "t_dv": 141.092,
                "t_lat": 141.321,
                "t_lon": 141.321,
                "t_orientacion": 141.157,
                "t_u": 141.092,
                "t_utm_zone": 141.224,
                "t_v": 141.092,
                "t_x": 141.092,
                "t_y": 141.092,
                "throttle_L": -9600,
                "throttle_R": -5934,
                "u_raw": -0.5080334,
                "utm_zone": 30,
                "v_raw": 0.3088051,
                "x": 36.7387515,
                "y": 20.6994837
            },
            "type": "Feature"
        },
        {
            "geometry": {
                "coordinates": [
                    -3.7313197999999996,
                    40.437167599999995
                ],
                "type": "Point"
            },
            "properties": {
                "Ah": 0.498423,
                "du_raw": -0.1845774,
                "dv_raw": -0.043947,
                "fecha": "2025-05-28 16:29:22.500000",
                "orientacion_raw": -0.159101,
                "t_Ah": 138.6,
                "t_T_L": 141.321,
                "t_T_R": 141.321,
                "t_du": 141.424,
                "t_dv": 141.424,
                "t_lat": 141.677,
                "t_lon": 141.677,
                "t_orientacion": 141.157,
                "t_u": 141.424,
                "t_utm_zone": 141.478,
                "t_v": 141.424,
                "t_x": 141.424,
                "t_y": 141.424,
                "throttle_L": -9600,
                "throttle_R": -5934,
                "u_raw": -0.3785351,
                "utm_zone": 30,
                "v_raw": 0.2490349,
                "x": 36.5785932,
                "y": 20.7776097
            },
            "type": "Feature"
        },
        {
            "geometry": {
                "coordinates": [
                    -3.7313186999999997,
                    40.4371663
                ],
                "type": "Point"
            },
            "properties": {
                "Ah": 0.498423,
                "du_raw": 0.0410172,
                "dv_raw": 0.1347708,
                "fecha": "2025-05-28 16:29:22.750000",
                "orientacion_raw": -0.131032,
                "t_Ah": 138.6,
                "t_T_L": 141.774,
                "t_T_R": 141.774,
                "t_du": 141.682,
                "t_dv": 141.682,
                "t_lat": 142.018,
                "t_lon": 142.018,
                "t_orientacion": 141.68,
                "t_u": 141.682,
                "t_utm_zone": 141.721,
                "t_v": 141.682,
                "t_x": 141.682,
                "t_y": 141.682,
                "throttle_L": -9600,
                "throttle_R": -7419,
                "u_raw": -0.4383034,
                "utm_zone": 30,
                "v_raw": 0.1494217,
                "x": 36.4496853,
                "y": 20.840110499999998
            },
            "type": "Feature"
        },
        {
            "geometry": {
                "coordinates": [
                    -3.7313170999999996,
                    40.4371638
                ],
                "type": "Point"
            },
            "properties": {
                "Ah": 0.498423,
                "du_raw": -0.1494198,
                "dv_raw": 0.0068362,
                "fecha": "2025-05-28 16:29:23.250000",
                "orientacion_raw": -0.123439,
                "t_Ah": 138.6,
                "t_T_L": 142.283,
                "t_T_R": 142.283,
                "t_du": 142.284,
                "t_dv": 142.284,
                "t_lat": 142.389,
                "t_lon": 142.389,
                "t_orientacion": 142.149,
                "t_u": 142.284,
                "t_utm_zone": 142.219,
                "t_v": 142.284,
                "t_x": 142.284,
                "t_y": 142.284,
                "throttle_L": -9600,
                "throttle_R": -6296,
                "u_raw": -0.5379185,
                "utm_zone": 30,
                "v_raw": 0.1494217,
                "x": 36.156712799999994,
                "y": 20.9182365
            },
            "type": "Feature"
        },
        {
            "geometry": {
                "coordinates": [
                    -3.7313167999999997,
                    40.4371629
                ],
                "type": "Point"
            },
            "properties": {
                "Ah": 0.498423,
                "du_raw": -0.07519819999999999,
                "dv_raw": 0.1298878,
                "fecha": "2025-05-28 16:29:23.500000",
                "orientacion_raw": -0.117522,
                "t_Ah": 138.6,
                "t_T_L": 142.283,
                "t_T_R": 142.283,
                "t_du": 142.579,
                "t_dv": 142.579,
                "t_lat": 142.69,
                "t_lon": 142.69,
                "t_orientacion": 142.634,
                "t_u": 142.579,
                "t_utm_zone": 142.475,
                "t_v": 142.579,
                "t_x": 142.579,
                "t_y": 142.579,
                "throttle_L": -9600,
                "throttle_R": -6296,
                "u_raw": -0.4084183,
                "utm_zone": 30,
                "v_raw": 0.1095749,
                "x": 35.9184285,
                "y": 21.0080814
            },
            "type": "Feature"
        },
        {
            "geometry": {
                "coordinates": [
                    -3.7313161,
                    40.4371619
                ],
                "type": "Point"
            },
            "properties": {
                "Ah": 0.498423,
                "du_raw": 0.0302746,
                "dv_raw": 0.2754012,
                "fecha": "2025-05-28 16:29:24",
                "orientacion_raw": -0.117522,
                "t_Ah": 138.6,
                "t_T_L": 142.77,
                "t_T_R": 142.77,
                "t_du": 142.946,
                "t_dv": 142.946,
                "t_lat": 143.025,
                "t_lon": 143.025,
                "t_orientacion": 142.634,
                "t_u": 142.946,
                "t_utm_zone": 142.971,
                "t_v": 142.946,
                "t_x": 142.946,
                "t_y": 142.946,
                "throttle_L": -9600,
                "throttle_R": -6073,
                "u_raw": -0.4283417,
                "utm_zone": 30,
                "v_raw": 0.1195366,
                "x": 35.816864699999996,
                "y": 21.0588633
            },
            "type": "Feature"
        },
        {
            "geometry": {
                "coordinates": [
                    -3.731315,
                    40.4371601
                ],
                "type": "Point"
            },
            "properties": {
                "Ah": 0.512228,
                "du_raw": -0.2431734,
                "dv_raw": 0.0058595999999999995,
                "fecha": "2025-05-28 16:29:24.250000",
                "orientacion_raw": -0.116568,
                "t_Ah": 143.088,
                "t_T_L": 143.27,
                "t_T_R": 143.27,
                "t_du": 143.264,
                "t_dv": 143.264,
                "t_lat": 143.408,
                "t_lon": 143.408,
                "t_orientacion": 143.162,
                "t_u": 143.264,
                "t_utm_zone": 143.268,
                "t_v": 143.264,
                "t_x": 143.264,
                "t_y": 143.264,
                "throttle_L": -9600,
                "throttle_R": -7095,
                "u_raw": -0.41838000000000003,
                "utm_zone": 30,
                "v_raw": 0.1095749,
                "x": 35.6996757,
                "y": 21.097926299999997
            },
            "type": "Feature"
        },
        {
            "geometry": {
                "coordinates": [
                    -3.7313148,
                    40.4371593
                ],
                "type": "Point"
            },
            "properties": {
                "Ah": 0.512228,
                "du_raw": 0.04883,
                "dv_raw": 0.0791046,
                "fecha": "2025-05-28 16:29:24.500000",
                "orientacion_raw": -0.117858,
                "t_Ah": 143.088,
                "t_T_L": 143.27,
                "t_T_R": 143.27,
                "t_du": 143.486,
                "t_dv": 143.486,
                "t_lat": 143.721,
                "t_lon": 143.721,
                "t_orientacion": 143.644,
                "t_u": 143.486,
                "t_utm_zone": 143.487,
                "t_v": 143.486,
                "t_x": 143.486,
                "t_y": 143.486,
                "throttle_L": -9600,
                "throttle_R": -7095,
                "u_raw": -0.38849680000000003,
                "utm_zone": 30,
                "v_raw": 0.0796917,
                "x": 35.6098308,
                "y": 21.097926299999997
            },
            "type": "Feature"
        },
        {
            "geometry": {
                "coordinates": [
                    -3.7313137999999997,
                    40.4371571
                ],
                "type": "Point"
            },
            "properties": {
                "Ah": 0.512228,
                "du_raw": -0.14649,
                "dv_raw": -0.0400406,
                "fecha": "2025-05-28 16:29:25",
                "orientacion_raw": -0.117858,
                "t_Ah": 143.088,
                "t_T_L": 143.814,
                "t_T_R": 143.814,
                "t_du": 143.815,
                "t_dv": 143.815,
                "t_lat": 144.117,
                "t_lon": 144.117,
                "t_orientacion": 143.644,
                "t_u": 143.815,
                "t_utm_zone": 143.966,
                "t_v": 143.815,
                "t_x": 143.815,
                "t_y": 143.815,
                "throttle_L": -9600,
                "throttle_R": -6400,
                "u_raw": -0.3984585,
                "utm_zone": 30,
                "v_raw": 0.06973,
                "x": 35.527798499999996,
                "y": 21.097926299999997
            },
            "type": "Feature"
        },
        {
            "geometry": {
                "coordinates": [
                    -3.7313134,
                    40.437156099999996
                ],
                "type": "Point"
            },
            "properties": {
                "Ah": 0.512228,
                "du_raw": 0.0654322,
                "dv_raw": 0.0996132,
                "fecha": "2025-05-28 16:29:25.250000",
                "orientacion_raw": -0.112673,
                "t_Ah": 143.088,
                "t_T_L": 144.264,
                "t_T_R": 144.264,
                "t_du": 144.432,
                "t_dv": 144.432,
                "t_lat": 144.435,
                "t_lon": 144.435,
                "t_orientacion": 144.145,
                "t_u": 144.432,
                "t_utm_zone": 144.21,
                "t_v": 144.432,
                "t_x": 144.432,
                "t_y": 144.432,
                "throttle_L": -9600,
                "throttle_R": -6697,
                "u_raw": -0.4681885,
                "utm_zone": 30,
                "v_raw": 0.1693432,
                "x": 35.1684189,
                "y": 21.1369893
            },
            "type": "Feature"
        },
        {
            "geometry": {
                "coordinates": [
                    -3.7313128,
                    40.4371551
                ],
                "type": "Point"
            },
            "properties": {
                "Ah": 0.512228,
                "du_raw": 0.0175788,
                "dv_raw": 0.0761748,
                "fecha": "2025-05-28 16:29:25.750000",
                "orientacion_raw": -0.108587,
                "t_Ah": 143.088,
                "t_T_L": 144.776,
                "t_T_R": 144.776,
                "t_du": 144.674,
                "t_dv": 144.674,
                "t_lat": 144.776,
                "t_lon": 144.776,
                "t_orientacion": 144.673,
                "t_u": 144.674,
                "t_utm_zone": 144.712,
                "t_v": 144.674,
                "t_x": 144.674,
                "t_y": 144.674,
                "throttle_L": -9600,
                "throttle_R": -6589,
                "u_raw": -0.4980717,
                "utm_zone": 30,
                "v_raw": 0.2191517,
                "x": 35.0590425,
                "y": 21.187771199999997
            },
            "type": "Feature"
        },
        {
            "geometry": {
                "coordinates": [
                    -3.7313121,
                    40.437153099999996
                ],
                "type": "Point"
            },
            "properties": {
                "Ah": 0.512228,
                "du_raw": 0.2959098,
                "dv_raw": 0.0459002,
                "fecha": "2025-05-28 16:29:26",
                "orientacion_raw": -0.108587,
                "t_Ah": 143.088,
                "t_T_L": 144.776,
                "t_T_R": 144.776,
                "t_du": 144.987,
                "t_dv": 144.987,
                "t_lat": 145.155,
                "t_lon": 145.155,
                "t_orientacion": 144.673,
                "t_u": 144.987,
                "t_utm_zone": 144.988,
                "t_v": 144.987,
                "t_x": 144.987,
                "t_y": 144.987,
                "throttle_L": -9600,
                "throttle_R": -6589,
                "u_raw": -0.4283417,
                "utm_zone": 30,
                "v_raw": 0.0498066,
                "x": 34.937947199999996,
                "y": 21.238553099999997
            },
            "type": "Feature"
        },
        {
            "geometry": {
                "coordinates": [
                    -3.7313118,
                    40.437152
                ],
                "type": "Point"
            },
            "properties": {
                "Ah": 0.512228,
                "du_raw": 0.2353606,
                "dv_raw": 0.0449236,
                "fecha": "2025-05-28 16:29:26.250000",
                "orientacion_raw": -0.098039,
                "t_Ah": 143.088,
                "t_T_L": 145.307,
                "t_T_R": 145.307,
                "t_du": 145.308,
                "t_dv": 145.308,
                "t_lat": 145.478,
                "t_lon": 145.478,
                "t_orientacion": 145.161,
                "t_u": 145.308,
                "t_utm_zone": 145.211,
                "t_v": 145.308,
                "t_x": 145.308,
                "t_y": 145.308,
                "throttle_L": -9600,
                "throttle_R": -6697,
                "u_raw": -0.4084183,
                "utm_zone": 30,
                "v_raw": 0,
                "x": 34.8402897,
                "y": 21.289334999999998
            },
            "type": "Feature"
        },
        {
            "geometry": {
                "coordinates": [
                    -3.7313112999999998,
                    40.4371508
                ],
                "type": "Point"
            },
            "properties": {
                "Ah": 0.512228,
                "du_raw": 0.09375359999999999,
                "dv_raw": 0.07519819999999999,
                "fecha": "2025-05-28 16:29:26.750000",
                "orientacion_raw": -0.102742,
                "t_Ah": 143.088,
                "t_T_L": 145.769,
                "t_T_R": 145.769,
                "t_du": 145.568,
                "t_dv": 145.568,
                "t_lat": 145.86,
                "t_lon": 145.86,
                "t_orientacion": 145.619,
                "t_u": 145.568,
                "t_utm_zone": 145.705,
                "t_v": 145.568,
                "t_x": 145.568,
                "t_y": 145.568,
                "throttle_L": -9600,
                "throttle_R": -6916,
                "u_raw": -0.48811,
                "utm_zone": 30,
                "v_raw": 0.0597683,
                "x": 34.5785676,
                "y": 21.328398
            },
            "type": "Feature"
        },
        {
            "geometry": {
                "coordinates": [
                    -3.7313099,
                    40.4371487
                ],
                "type": "Point"
            },
            "properties": {
                "Ah": 0.512228,
                "du_raw": -0.14649,
                "dv_raw": 0.0722684,
                "fecha": "2025-05-28 16:29:27",
                "orientacion_raw": -0.107427,
                "t_Ah": 143.088,
                "t_T_L": 145.769,
                "t_T_R": 145.769,
                "t_du": 145.914,
                "t_dv": 145.914,
                "t_lat": 146.21,
                "t_lon": 146.21,
                "t_orientacion": 146.122,
                "t_u": 145.914,
                "t_utm_zone": 145.956,
                "t_v": 145.914,
                "t_x": 145.914,
                "t_y": 145.914,
                "throttle_L": -9600,
                "throttle_R": -6916,
                "u_raw": -0.5379185,
                "utm_zone": 30,
                "v_raw": 0.1693432,
                "x": 34.4496597,
                "y": 21.4885563
            },
            "type": "Feature"
        },
        {
            "geometry": {
                "coordinates": [
                    -3.7313094999999996,
                    40.4371479
                ],
                "type": "Point"
            },
            "properties": {
                "Ah": 0.512228,
                "du_raw": 0.1054728,
                "dv_raw": 0.273448,
                "fecha": "2025-05-28 16:29:27.500000",
                "orientacion_raw": -0.107427,
                "t_Ah": 143.088,
                "t_T_L": 146.262,
                "t_T_R": 146.262,
                "t_du": 146.473,
                "t_dv": 146.473,
                "t_lat": 146.523,
                "t_lon": 146.523,
                "t_orientacion": 146.122,
                "t_u": 146.473,
                "t_utm_zone": 146.474,
                "t_v": 146.473,
                "t_x": 146.473,
                "t_y": 146.473,
                "throttle_L": -9600,
                "throttle_R": -6827,
                "u_raw": -0.3984585,
                "utm_zone": 30,
                "v_raw": 0,
                "x": 34.258250999999994,
                "y": 21.5393382
            },
            "type": "Feature"
        },
        {
            "geometry": {
                "coordinates": [
                    -3.7313088,
                    40.437146
                ],
                "type": "Point"
            },
            "properties": {
                "Ah": 0.512228,
                "du_raw": -0.0351576,
                "dv_raw": 0.1289112,
                "fecha": "2025-05-28 16:29:27.750000",
                "orientacion_raw": -0.119065,
                "t_Ah": 143.088,
                "t_T_L": 146.802,
                "t_T_R": 146.802,
                "t_du": 146.803,
                "t_dv": 146.803,
                "t_lat": 146.901,
                "t_lon": 146.901,
                "t_orientacion": 146.626,
                "t_u": 146.803,
                "t_utm_zone": 146.708,
                "t_v": 146.803,
                "t_x": 146.803,
                "t_y": 146.803,
                "throttle_L": -9600,
                "throttle_R": -6827,
                "u_raw": -0.41838000000000003,
                "utm_zone": 30,
                "v_raw": 0.06973,
                "x": 34.1566872,
                "y": 21.5588697
            },
            "type": "Feature"
        },
        {
            "geometry": {
                "coordinates": [
                    -3.7313083,
                    40.4371449
                ],
                "type": "Point"
            },
            "properties": {
                "Ah": 0.512228,
                "du_raw": -0.141607,
                "dv_raw": -0.0283214,
                "fecha": "2025-05-28 16:29:28",
                "orientacion_raw": -0.133923,
                "t_Ah": 143.088,
                "t_T_L": 146.802,
                "t_T_R": 146.802,
                "t_du": 147.115,
                "t_dv": 147.115,
                "t_lat": 147.209,
                "t_lon": 147.209,
                "t_orientacion": 147.123,
                "t_u": 147.115,
                "t_utm_zone": 146.932,
                "t_v": 147.115,
                "t_x": 147.115,
                "t_y": 147.115,
                "throttle_L": -9600,
                "throttle_R": -6827,
                "u_raw": -0.4482651,
                "utm_zone": 30,
                "v_raw": 0.0896515,
                "x": 33.9184029,
                "y": 21.6096516
            },
            "type": "Feature"
        },
        {
            "geometry": {
                "coordinates": [
                    -3.731308,
                    40.4371438
                ],
                "type": "Point"
            },
            "properties": {
                "Ah": 0.512228,
                "du_raw": -0.1298878,
                "dv_raw": -0.0556662,
                "fecha": "2025-05-28 16:29:28.500000",
                "orientacion_raw": -0.133923,
                "t_Ah": 143.088,
                "t_T_L": 147.258,
                "t_T_R": 147.258,
                "t_du": 147.414,
                "t_dv": 147.414,
                "t_lat": 147.555,
                "t_lon": 147.555,
                "t_orientacion": 147.123,
                "t_u": 147.414,
                "t_utm_zone": 147.453,
                "t_v": 147.414,
                "t_x": 147.414,
                "t_y": 147.414,
                "throttle_L": -9600,
                "throttle_R": -6849,
                "u_raw": -0.5179951,
                "utm_zone": 30,
                "v_raw": 0.1593834,
                "x": 33.797307599999996,
                "y": 21.679965
            },
            "type": "Feature"
        },
        {
            "geometry": {
                "coordinates": [
                    -3.7313069999999997,
                    40.437141499999996
                ],
                "type": "Point"
            },
            "properties": {
                "Ah": 0.526536,
                "du_raw": -0.1728582,
                "dv_raw": 0.0322278,
                "fecha": "2025-05-28 16:29:28.750000",
                "orientacion_raw": -0.160767,
                "t_Ah": 147.568,
                "t_T_L": 147.751,
                "t_T_R": 147.751,
                "t_du": 147.67,
                "t_dv": 147.67,
                "t_lat": 147.911,
                "t_lon": 147.911,
                "t_orientacion": 147.668,
                "t_u": 147.67,
                "t_utm_zone": 147.682,
                "t_v": 147.67,
                "t_x": 147.67,
                "t_y": 147.67,
                "throttle_L": -9600,
                "throttle_R": -6893,
                "u_raw": -0.4681885,
                "utm_zone": 30,
                "v_raw": 0.06973,
                "x": 33.6801186,
                "y": 21.8674674
            },
            "type": "Feature"
        },
        {
            "geometry": {
                "coordinates": [
                    -3.7313069,
                    40.4371405
                ],
                "type": "Point"
            },
            "properties": {
                "Ah": 0.526536,
                "du_raw": 0.0673854,
                "dv_raw": 0.0419938,
                "fecha": "2025-05-28 16:29:29.250000",
                "orientacion_raw": -0.190843,
                "t_Ah": 147.568,
                "t_T_L": 148.303,
                "t_T_R": 148.303,
                "t_du": 147.972,
                "t_dv": 147.972,
                "t_lat": 148.304,
                "t_lon": 148.304,
                "t_orientacion": 148.154,
                "t_u": 147.972,
                "t_utm_zone": 148.201,
                "t_v": 147.972,
                "t_x": 147.972,
                "t_y": 147.972,
                "throttle_L": -9600,
                "throttle_R": -6893,
                "u_raw": -0.5179951,
                "utm_zone": 30,
                "v_raw": 0.0796917,
                "x": 33.547304399999994,
                "y": 21.9690312
            },
            "type": "Feature"
        },
        {
            "geometry": {
                "coordinates": [
                    -3.7313063,
                    40.437138399999995
                ],
                "type": "Point"
            },
            "properties": {
                "Ah": 0.526536,
                "du_raw": -0.0136724,
                "dv_raw": 0.1308644,
                "fecha": "2025-05-28 16:29:29.500000",
                "orientacion_raw": -0.190843,
                "t_Ah": 147.568,
                "t_T_L": 148.303,
                "t_T_R": 148.303,
                "t_du": 148.555,
                "t_dv": 148.555,
                "t_lat": 148.643,
                "t_lon": 148.643,
                "t_orientacion": 148.154,
                "t_u": 148.555,
                "t_utm_zone": 148.451,
                "t_v": 148.555,
                "t_x": 148.555,
                "t_y": 148.555,
                "throttle_L": -9600,
                "throttle_R": -6893,
                "u_raw": -0.4383034,
                "utm_zone": 30,
                "v_raw": 0.1693432,
                "x": 33.3285516,
                "y": 22.019813099999997
            },
            "type": "Feature"
        },
        {
            "geometry": {
                "coordinates": [
                    -3.7313061,
                    40.4371374
                ],
                "type": "Point"
            },
            "properties": {
                "Ah": 0.526536,
                "du_raw": 0.1630922,
                "dv_raw": -0.126958,
                "fecha": "2025-05-28 16:29:29.750000",
                "orientacion_raw": -0.224487,
                "t_Ah": 147.568,
                "t_T_L": 148.748,
                "t_T_R": 148.748,
                "t_du": 148.894,
                "t_dv": 148.894,
                "t_lat": 148.97,
                "t_lon": 148.97,
                "t_orientacion": 148.645,
                "t_u": 148.894,
                "t_utm_zone": 148.695,
                "t_v": 148.894,
                "t_x": 148.894,
                "t_y": 148.894,
                "throttle_L": -9600,
                "throttle_R": -3947,
                "u_raw": -0.4283417,
                "utm_zone": 30,
                "v_raw": 0.1095749,
                "x": 33.0902673,
                "y": 22.0784076
            },
            "type": "Feature"
        },
        {
            "geometry": {
                "coordinates": [
                    -3.7313056999999996,
                    40.4371364
                ],
                "type": "Point"
            },
            "properties": {
                "Ah": 0.526536,
                "du_raw": -0.2597756,
                "dv_raw": -0.234384,
                "fecha": "2025-05-28 16:29:30.250000",
                "orientacion_raw": -0.216291,
                "t_Ah": 147.568,
                "t_T_L": 149.251,
                "t_T_R": 149.251,
                "t_du": 149.159,
                "t_dv": 149.159,
                "t_lat": 149.315,
                "t_lon": 149.315,
                "t_orientacion": 149.158,
                "t_u": 149.159,
                "t_utm_zone": 149.198,
                "t_v": 149.159,
                "t_x": 149.159,
                "t_y": 149.159,
                "throttle_L": -9600,
                "throttle_R": -6133,
                "u_raw": -0.3386883,
                "utm_zone": 30,
                "v_raw": 0.1593834,
                "x": 32.976984599999994,
                "y": 22.1291895
            },
            "type": "Feature"
        },
        {
            "geometry": {
                "coordinates": [
                    -3.7313053999999997,
                    40.4371347
                ],
                "type": "Point"
            },
            "properties": {
                "Ah": 0.526536,
                "du_raw": -0.1992264,
                "dv_raw": -0.2754012,
                "fecha": "2025-05-28 16:29:30.500000",
                "orientacion_raw": -0.194408,
                "t_Ah": 147.568,
                "t_T_L": 149.251,
                "t_T_R": 149.251,
                "t_du": 149.469,
                "t_dv": 149.469,
                "t_lat": 149.697,
                "t_lon": 149.697,
                "t_orientacion": 149.603,
                "t_u": 149.469,
                "t_utm_zone": 149.472,
                "t_v": 149.469,
                "t_x": 149.469,
                "t_y": 149.469,
                "throttle_L": -9600,
                "throttle_R": -6133,
                "u_raw": -0.4084183,
                "utm_zone": 30,
                "v_raw": 0.13946,
                "x": 32.8871397,
                "y": 22.1565336
            },
            "type": "Feature"
        },
        {
            "geometry": {
                "coordinates": [
                    -3.7313053,
                    40.4371339
                ],
                "type": "Point"
            },
            "properties": {
                "Ah": 0.526536,
                "du_raw": -0.0517598,
                "dv_raw": -0.0332044,
                "fecha": "2025-05-28 16:29:31",
                "orientacion_raw": -0.194408,
                "t_Ah": 147.568,
                "t_T_L": 149.792,
                "t_T_R": 149.792,
                "t_du": 149.793,
                "t_dv": 149.793,
                "t_lat": 149.999,
                "t_lon": 149.999,
                "t_orientacion": 149.603,
                "t_u": 149.793,
                "t_utm_zone": 149.944,
                "t_v": 149.793,
                "t_x": 149.793,
                "t_y": 149.793,
                "throttle_L": -9600,
                "throttle_R": -5098,
                "u_raw": -0.4084183,
                "utm_zone": 30,
                "v_raw": 0.1992283,
                "x": 32.789482199999995,
                "y": 22.226847
            },
            "type": "Feature"
        },
        {
            "geometry": {
                "coordinates": [
                    -3.7313047,
                    40.437131699999995
                ],
                "type": "Point"
            },
            "properties": {
                "Ah": 0.526536,
                "du_raw": -0.0400406,
                "dv_raw": -0.15039639999999999,
                "fecha": "2025-05-28 16:29:31.250000",
                "orientacion_raw": -0.172793,
                "t_Ah": 147.568,
                "t_T_L": 150.253,
                "t_T_R": 150.253,
                "t_du": 150.052,
                "t_dv": 150.052,
                "t_lat": 150.396,
                "t_lon": 150.396,
                "t_orientacion": 150.118,
                "t_u": 150.052,
                "t_utm_zone": 150.189,
                "t_v": 150.052,
                "t_x": 150.052,
                "t_y": 150.052,
                "throttle_L": -9600,
                "throttle_R": -6525,
                "u_raw": -0.3785351,
                "utm_zone": 30,
                "v_raw": 0.1095749,
                "x": 32.6996373,
                "y": 22.2502848
            },
            "type": "Feature"
        },
        {
            "geometry": {
                "coordinates": [
                    -3.7313045999999996,
                    40.437130599999996
                ],
                "type": "Point"
            },
            "properties": {
                "Ah": 0.526536,
                "du_raw": -0.1728582,
                "dv_raw": -0.1005898,
                "fecha": "2025-05-28 16:29:31.500000",
                "orientacion_raw": -0.16254,
                "t_Ah": 147.568,
                "t_T_L": 150.253,
                "t_T_R": 150.253,
                "t_du": 150.65,
                "t_dv": 150.65,
                "t_lat": 150.747,
                "t_lon": 150.747,
                "t_orientacion": 150.602,
                "t_u": 150.65,
                "t_utm_zone": 150.453,
                "t_v": 150.65,
                "t_x": 150.65,
                "t_y": 150.65,
                "throttle_L": -9600,
                "throttle_R": -6525,
                "u_raw": -0.48811,
                "utm_zone": 30,
                "v_raw": 0.1494217,
                "x": 32.340257699999995,
                "y": 22.289347799999998
            },
            "type": "Feature"
        },
        {
            "geometry": {
                "coordinates": [
                    -3.7313042,
                    40.4371296
                ],
                "type": "Point"
            },
            "properties": {
                "Ah": 0.526536,
                "du_raw": -0.0253916,
                "dv_raw": -0.0556662,
                "fecha": "2025-05-28 16:29:32",
                "orientacion_raw": -0.16254,
                "t_Ah": 147.568,
                "t_T_L": 150.75,
                "t_T_R": 150.75,
                "t_du": 150.978,
                "t_dv": 150.978,
                "t_lat": 151.045,
                "t_lon": 151.045,
                "t_orientacion": 150.602,
                "t_u": 150.978,
                "t_utm_zone": 150.979,
                "t_v": 150.978,
                "t_x": 150.978,
                "t_y": 150.978,
                "throttle_L": -9600,
                "throttle_R": -5993,
                "u_raw": -0.4283417,
                "utm_zone": 30,
                "v_raw": 0.1693432,
                "x": 32.219162399999995,
                "y": 22.3401297
            },
            "type": "Feature"
        },
        {
            "geometry": {
                "coordinates": [
                    -3.7313023,
                    40.4371272
                ],
                "type": "Point"
            },
            "properties": {
                "Ah": 0.526536,
                "du_raw": 0.1523496,
                "dv_raw": 0.0253916,
                "fecha": "2025-05-28 16:29:32.250000",
                "orientacion_raw": -0.152361,
                "t_Ah": 147.568,
                "t_T_L": 151.292,
                "t_T_R": 151.292,
                "t_du": 151.293,
                "t_dv": 151.293,
                "t_lat": 151.396,
                "t_lon": 151.396,
                "t_orientacion": 151.112,
                "t_u": 151.293,
                "t_utm_zone": 151.185,
                "t_v": 151.293,
                "t_x": 151.293,
                "t_y": 151.293,
                "throttle_L": -9600,
                "throttle_R": -6073,
                "u_raw": -0.4482651,
                "utm_zone": 30,
                "v_raw": 0.2191517,
                "x": 32.078535599999995,
                "y": 22.476850199999998
            },
            "type": "Feature"
        },
        {
            "geometry": {
                "coordinates": [
                    -3.7313011,
                    40.437125699999996
                ],
                "type": "Point"
            },
            "properties": {
                "Ah": 0.526536,
                "du_raw": 0.0166022,
                "dv_raw": -0.1181686,
                "fecha": "2025-05-28 16:29:32.750000",
                "orientacion_raw": -0.139776,
                "t_Ah": 147.568,
                "t_T_L": 151.755,
                "t_T_R": 151.755,
                "t_du": 151.541,
                "t_dv": 151.541,
                "t_lat": 151.756,
                "t_lon": 151.756,
                "t_orientacion": 151.595,
                "t_u": 151.541,
                "t_utm_zone": 151.696,
                "t_v": 151.541,
                "t_x": 151.541,
                "t_y": 151.541,
                "throttle_L": -9600,
                "throttle_R": -6174,
                "u_raw": -0.4980717,
                "utm_zone": 30,
                "v_raw": 0.2191517,
                "x": 31.9574403,
                "y": 22.519819499999997
            },
            "type": "Feature"
        },
        {
            "geometry": {
                "coordinates": [
                    -3.7312993999999997,
                    40.4371237
                ],
                "type": "Point"
            },
            "properties": {
                "Ah": 0.540019,
                "du_raw": -0.0410172,
                "dv_raw": -0.3086056,
                "fecha": "2025-05-28 16:29:33",
                "orientacion_raw": -0.139776,
                "t_Ah": 152.045,
                "t_T_L": 151.755,
                "t_T_R": 151.755,
                "t_du": 151.873,
                "t_dv": 151.873,
                "t_lat": 152.146,
                "t_lon": 152.146,
                "t_orientacion": 151.595,
                "t_u": 151.873,
                "t_utm_zone": 151.931,
                "t_v": 151.873,
                "t_x": 151.873,
                "t_y": 151.873,
                "throttle_L": -9600,
                "throttle_R": -6174,
                "u_raw": -0.41838000000000003,
                "utm_zone": 30,
                "v_raw": 0.2390751,
                "x": 31.656655199999996,
                "y": 22.6487274
            },
            "type": "Feature"
        },
        {
            "geometry": {
                "coordinates": [
                    -3.7312985999999997,
                    40.4371224
                ],
                "type": "Point"
            },
            "properties": {
                "Ah": 0.540019,
                "du_raw": 0.0712918,
                "dv_raw": 0.0791046,
                "fecha": "2025-05-28 16:29:33.250000",
                "orientacion_raw": -0.11921,
                "t_Ah": 152.045,
                "t_T_L": 152.273,
                "t_T_R": 152.273,
                "t_du": 152.15,
                "t_dv": 152.15,
                "t_lat": 152.483,
                "t_lon": 152.483,
                "t_orientacion": 152.149,
                "t_u": 152.15,
                "t_utm_zone": 152.186,
                "t_v": 152.15,
                "t_x": 152.15,
                "t_y": 152.15,
                "throttle_L": -9600,
                "throttle_R": -7118,
                "u_raw": -0.3287266,
                "utm_zone": 30,
                "v_raw": 0.1892666,
                "x": 31.566810299999997,
                "y": 22.6995093
            },
            "type": "Feature"
        },
        {
            "geometry": {
                "coordinates": [
                    -3.7312980999999996,
                    40.4371213
                ],
                "type": "Point"
            },
            "properties": {
                "Ah": 0.540019,
                "du_raw": 0.0761748,
                "dv_raw": 0.2334074,
                "fecha": "2025-05-28 16:29:33.750000",
                "orientacion_raw": -0.10891,
                "t_Ah": 152.045,
                "t_T_L": 152.79,
                "t_T_R": 152.79,
                "t_du": 152.795,
                "t_dv": 152.795,
                "t_lat": 152.796,
                "t_lon": 152.796,
                "t_orientacion": 152.612,
                "t_u": 152.795,
                "t_utm_zone": 152.683,
                "t_v": 152.795,
                "t_x": 152.795,
                "t_y": 152.795,
                "throttle_L": -9600,
                "throttle_R": -6358,
                "u_raw": -0.3984585,
                "utm_zone": 30,
                "v_raw": 0.1693432,
                "x": 31.2972756,
                "y": 22.7698227
            },
            "type": "Feature"
        },
        {
            "geometry": {
                "coordinates": [
                    -3.7312971,
                    40.437118999999996
                ],
                "type": "Point"
            },
            "properties": {
                "Ah": 0.540019,
                "du_raw": 0.0996132,
                "dv_raw": -0.136724,
                "fecha": "2025-05-28 16:29:34",
                "orientacion_raw": -0.097052,
                "t_Ah": 152.045,
                "t_T_L": 152.79,
                "t_T_R": 152.79,
                "t_du": 153.049,
                "t_dv": 153.049,
                "t_lat": 153.155,
                "t_lon": 153.155,
                "t_orientacion": 153.101,
                "t_u": 153.049,
                "t_utm_zone": 152.929,
                "t_v": 153.049,
                "t_x": 153.049,
                "t_y": 153.049,
                "throttle_L": -9600,
                "throttle_R": -6358,
                "u_raw": -0.4482651,
                "utm_zone": 30,
                "v_raw": 0.13946,
                "x": 31.187899199999997,
                "y": 22.8479487
            },
            "type": "Feature"
        },
        {
            "geometry": {
                "coordinates": [
                    -3.731296,
                    40.4371173
                ],
                "type": "Point"
            },
            "properties": {
                "Ah": 0.540019,
                "du_raw": 0.0527364,
                "dv_raw": -0.0361342,
                "fecha": "2025-05-28 16:29:34.500000",
                "orientacion_raw": -0.097052,
                "t_Ah": 152.045,
                "t_T_L": 153.236,
                "t_T_R": 153.236,
                "t_du": 153.378,
                "t_dv": 153.378,
                "t_lat": 153.486,
                "t_lon": 153.486,
                "t_orientacion": 153.101,
                "t_u": 153.378,
                "t_utm_zone": 153.432,
                "t_v": 153.378,
                "t_x": 153.378,
                "t_y": 153.378,
                "throttle_L": -9600,
                "throttle_R": -6611,
                "u_raw": -0.48811,
                "utm_zone": 30,
                "v_raw": 0.06973,
                "x": 30.859769999999997,
                "y": 22.9377936
            },
            "type": "Feature"
        },
        {
            "geometry": {
                "coordinates": [
                    -3.7312946,
                    40.4371157
                ],
                "type": "Point"
            },
            "properties": {
                "Ah": 0.540019,
                "du_raw": -0.1396538,
                "dv_raw": -0.0380874,
                "fecha": "2025-05-28 16:29:34.750000",
                "orientacion_raw": -0.086113,
                "t_Ah": 152.045,
                "t_T_L": 153.73,
                "t_T_R": 153.73,
                "t_du": 153.612,
                "t_dv": 153.612,
                "t_lat": 153.874,
                "t_lon": 153.874,
                "t_orientacion": 153.609,
                "t_u": 153.612,
                "t_utm_zone": 153.678,
                "t_v": 153.612,
                "t_x": 153.612,
                "t_y": 153.612,
                "throttle_L": -9600,
                "throttle_R": -6653,
                "u_raw": -0.48811,
                "utm_zone": 30,
                "v_raw": 0.0996132,
                "x": 30.6800802,
                "y": 22.9885755
            },
            "type": "Feature"
        },
        {
            "geometry": {
                "coordinates": [
                    -3.7312917,
                    40.4371121
                ],
                "type": "Point"
            },
            "properties": {
                "Ah": 0.540019,
                "du_raw": -0.1718816,
                "dv_raw": -0.1015664,
                "fecha": "2025-05-28 16:29:35",
                "orientacion_raw": -0.085389,
                "t_Ah": 152.045,
                "t_T_L": 153.73,
                "t_T_R": 153.73,
                "t_du": 153.953,
                "t_dv": 153.953,
                "t_lat": 154.181,
                "t_lon": 154.181,
                "t_orientacion": 154.106,
                "t_u": 153.953,
                "t_utm_zone": 153.953,
                "t_v": 153.953,
                "t_x": 153.953,
                "t_y": 153.953,
                "throttle_L": -9600,
                "throttle_R": -6653,
                "u_raw": -0.6375336,
                "utm_zone": 30,
                "v_raw": 0.2888817,
                "x": 30.519921899999996,
                "y": 23.039357399999997
            },
            "type": "Feature"
        },
        {
            "geometry": {
                "coordinates": [
                    -3.7312911,
                    40.437111
                ],
                "type": "Point"
            },
            "properties": {
                "Ah": 0.540019,
                "du_raw": -0.0166022,
                "dv_raw": -0.136724,
                "fecha": "2025-05-28 16:29:35.500000",
                "orientacion_raw": -0.085389,
                "t_Ah": 152.045,
                "t_T_L": 154.276,
                "t_T_R": 154.276,
                "t_du": 154.277,
                "t_dv": 154.277,
                "t_lat": 154.575,
                "t_lon": 154.575,
                "t_orientacion": 154.106,
                "t_u": 154.277,
                "t_utm_zone": 154.432,
                "t_v": 154.277,
                "t_x": 154.277,
                "t_y": 154.277,
                "throttle_L": -9600,
                "throttle_R": -6589,
                "u_raw": -0.6076485,
                "utm_zone": 30,
                "v_raw": 0.2291134,
                "x": 30.289450199999997,
                "y": 23.1096708
            },
            "type": "Feature"
        },
        {
            "geometry": {
                "coordinates": [
                    -3.7312889,
                    40.4371085
                ],
                "type": "Point"
            },
            "properties": {
                "Ah": 0.540019,
                "du_raw": 0.3252078,
                "dv_raw": 0.1845774,
                "fecha": "2025-05-28 16:29:35.750000",
                "orientacion_raw": -0.090944,
                "t_Ah": 152.045,
                "t_T_L": 154.729,
                "t_T_R": 154.729,
                "t_du": 154.88,
                "t_dv": 154.88,
                "t_lat": 154.883,
                "t_lon": 154.883,
                "t_orientacion": 154.602,
                "t_u": 154.88,
                "t_utm_zone": 154.676,
                "t_v": 154.88,
                "t_x": 154.88,
                "t_y": 154.88,
                "throttle_L": -9600,
                "throttle_R": -6675,
                "u_raw": -0.4084183,
                "utm_zone": 30,
                "v_raw": 0.1992283,
                "x": 30.008196599999998,
                "y": 23.308892099999998
            },
            "type": "Feature"
        },
        {
            "geometry": {
                "coordinates": [
                    -3.7312887,
                    40.437107499999996
                ],
                "type": "Point"
            },
            "properties": {
                "Ah": 0.540019,
                "du_raw": 0.1845774,
                "dv_raw": 0.0351576,
                "fecha": "2025-05-28 16:29:36.250000",
                "orientacion_raw": -0.099808,
                "t_Ah": 152.045,
                "t_T_L": 155.268,
                "t_T_R": 155.268,
                "t_du": 155.133,
                "t_dv": 155.133,
                "t_lat": 155.269,
                "t_lon": 155.269,
                "t_orientacion": 155.098,
                "t_u": 155.133,
                "t_utm_zone": 155.173,
                "t_v": 155.133,
                "t_x": 155.133,
                "t_y": 155.133,
                "throttle_L": -9600,
                "throttle_R": -6871,
                "u_raw": -0.4383034,
                "utm_zone": 30,
                "v_raw": -0.0298832,
                "x": 29.769912299999998,
                "y": 23.379205499999998
            },
            "type": "Feature"
        },
        {
            "geometry": {
                "coordinates": [
                    -3.7312879,
                    40.437105599999995
                ],
                "type": "Point"
            },
            "properties": {
                "Ah": 0.540019,
                "du_raw": 0.0712918,
                "dv_raw": -0.0263682,
                "fecha": "2025-05-28 16:29:36.500000",
                "orientacion_raw": -0.099808,
                "t_Ah": 152.045,
                "t_T_L": 155.268,
                "t_T_R": 155.268,
                "t_du": 155.443,
                "t_dv": 155.443,
                "t_lat": 155.61,
                "t_lon": 155.61,
                "t_orientacion": 155.098,
                "t_u": 155.443,
                "t_utm_zone": 155.445,
                "t_v": 155.443,
                "t_x": 155.443,
                "t_y": 155.443,
                "throttle_L": -9600,
                "throttle_R": -6871,
                "u_raw": -0.4383034,
                "utm_zone": 30,
                "v_raw": -0.0398449,
                "x": 29.668348499999997,
                "y": 23.449518899999998
            },
            "type": "Feature"
        },
        {
            "geometry": {
                "coordinates": [
                    -3.7312871,
                    40.437104399999996
                ],
                "type": "Point"
            },
            "properties": {
                "Ah": 0.540019,
                "du_raw": 0.0068362,
                "dv_raw": -0.1279346,
                "fecha": "2025-05-28 16:29:36.750000",
                "orientacion_raw": -0.110349,
                "t_Ah": 152.045,
                "t_T_L": 155.774,
                "t_T_R": 155.774,
                "t_du": 155.775,
                "t_dv": 155.775,
                "t_lat": 155.948,
                "t_lon": 155.948,
                "t_orientacion": 155.617,
                "t_u": 155.775,
                "t_utm_zone": 155.669,
                "t_v": 155.775,
                "t_x": 155.775,
                "t_y": 155.775,
                "throttle_L": -9600,
                "throttle_R": -7658,
                "u_raw": -0.41838000000000003,
                "utm_zone": 30,
                "v_raw": -0.0199215,
                "x": 29.5589721,
                "y": 23.5081134
            },
            "type": "Feature"
        },
        {
            "geometry": {
                "coordinates": [
                    -3.7312863999999997,
                    40.4371029
                ],
                "type": "Point"
            },
            "properties": {
                "Ah": 0.540019,
                "du_raw": 0.1582092,
                "dv_raw": 0.0918004,
                "fecha": "2025-05-28 16:29:37.250000",
                "orientacion_raw": -0.147796,
                "t_Ah": 152.045,
                "t_T_L": 156.225,
                "t_T_R": 156.225,
                "t_du": 156.049,
                "t_dv": 156.049,
                "t_lat": 156.286,
                "t_lon": 156.286,
                "t_orientacion": 156.122,
                "t_u": 156.049,
                "t_utm_zone": 156.161,
                "t_v": 156.049,
                "t_x": 156.049,
                "t_y": 156.049,
                "throttle_L": -9600,
                "throttle_R": -6611,
                "u_raw": -0.5877251,
                "utm_zone": 30,
                "v_raw": 0.2888817,
                "x": 29.430064199999997,
                "y": 23.539363799999997
            },
            "type": "Feature"
        },
        {
            "geometry": {
                "coordinates": [
                    -3.731286,
                    40.4371003
                ],
                "type": "Point"
            },
            "properties": {
                "Ah": 0.55446,
                "du_raw": 0.136724,
                "dv_raw": 0.0771514,
                "fecha": "2025-05-28 16:29:37.500000",
                "orientacion_raw": -0.183885,
                "t_Ah": 156.541,
                "t_T_L": 156.225,
                "t_T_R": 156.225,
                "t_du": 156.372,
                "t_dv": 156.372,
                "t_lat": 156.677,
                "t_lon": 156.677,
                "t_orientacion": 156.594,
                "t_u": 156.372,
                "t_utm_zone": 156.401,
                "t_v": 156.372,
                "t_x": 156.372,
                "t_y": 156.372,
                "throttle_L": -9600,
                "throttle_R": -6611,
                "u_raw": -0.5379185,
                "utm_zone": 30,
                "v_raw": 0.0099598,
                "x": 29.1097476,
                "y": 23.5979583
            },
            "type": "Feature"
        },
        {
            "geometry": {
                "coordinates": [
                    -3.7312847,
                    40.437098899999995
                ],
                "type": "Point"
            },
            "properties": {
                "Ah": 0.55446,
                "du_raw": 0.4599786,
                "dv_raw": 0.0224618,
                "fecha": "2025-05-28 16:29:38",
                "orientacion_raw": -0.183885,
                "t_Ah": 156.541,
                "t_T_L": 156.725,
                "t_T_R": 156.725,
                "t_du": 156.973,
                "t_dv": 156.973,
                "t_lat": 156.975,
                "t_lon": 156.975,
                "t_orientacion": 156.594,
                "t_u": 156.973,
                "t_utm_zone": 156.973,
                "t_v": 156.973,
                "t_x": 156.973,
                "t_y": 156.973,
                "throttle_L": -9600,
                "throttle_R": -5626,
                "u_raw": -0.4482651,
                "utm_zone": 30,
                "v_raw": 0.0896515,
                "x": 28.816775099999997,
                "y": 23.758116599999997
            },
            "type": "Feature"
        },
        {
            "geometry": {
                "coordinates": [
                    -3.7312836,
                    40.4370966
                ],
                "type": "Point"
            },
            "properties": {
                "Ah": 0.55446,
                "du_raw": 0.0380874,
                "dv_raw": -0.0224618,
                "fecha": "2025-05-28 16:29:38.250000",
                "orientacion_raw": -0.199161,
                "t_Ah": 156.541,
                "t_T_L": 157.272,
                "t_T_R": 157.272,
                "t_du": 157.273,
                "t_dv": 157.273,
                "t_lat": 157.361,
                "t_lon": 157.361,
                "t_orientacion": 157.111,
                "t_u": 157.273,
                "t_utm_zone": 157.164,
                "t_v": 157.273,
                "t_x": 157.273,
                "t_y": 157.273,
                "throttle_L": -9600,
                "throttle_R": -6762,
                "u_raw": -0.4283417,
                "utm_zone": 30,
                "v_raw": 0.0796917,
                "x": 28.699586099999998,
                "y": 23.758116599999997
            },
            "type": "Feature"
        },
        {
            "geometry": {
                "coordinates": [
                    -3.7312825999999997,
                    40.4370951
                ],
                "type": "Point"
            },
            "properties": {
                "Ah": 0.55446,
                "du_raw": 0.3525526,
                "dv_raw": 0.107426,
                "fecha": "2025-05-28 16:29:38.500000",
                "orientacion_raw": -0.223449,
                "t_Ah": 156.541,
                "t_T_L": 157.272,
                "t_T_R": 157.272,
                "t_du": 157.532,
                "t_dv": 157.532,
                "t_lat": 157.714,
                "t_lon": 157.714,
                "t_orientacion": 157.584,
                "t_u": 157.532,
                "t_utm_zone": 157.433,
                "t_v": 157.532,
                "t_x": 157.532,
                "t_y": 157.532,
                "throttle_L": -9600,
                "throttle_R": -6762,
                "u_raw": -0.4482651,
                "utm_zone": 30,
                "v_raw": 0.1593834,
                "x": 28.558959299999998,
                "y": 23.7971796
            },
            "type": "Feature"
        },
        {
            "geometry": {
                "coordinates": [
                    -3.7312819999999998,
                    40.4370937
                ],
                "type": "Point"
            },
            "properties": {
                "Ah": 0.55446,
                "du_raw": 0.1015664,
                "dv_raw": 0.1142622,
                "fecha": "2025-05-28 16:29:39",
                "orientacion_raw": -0.223449,
                "t_Ah": 156.541,
                "t_T_L": 157.716,
                "t_T_R": 157.716,
                "t_du": 157.86,
                "t_dv": 157.86,
                "t_lat": 158.021,
                "t_lon": 158.021,
                "t_orientacion": 157.584,
                "t_u": 157.86,
                "t_utm_zone": 157.917,
                "t_v": 157.86,
                "t_x": 157.86,
                "t_y": 157.86,
                "throttle_L": -9600,
                "throttle_R": -5607,
                "u_raw": -0.5678017,
                "utm_zone": 30,
                "v_raw": 0.2390751,
                "x": 28.398801,
                "y": 23.8401489
            },
            "type": "Feature"
        },
        {
            "geometry": {
                "coordinates": [
                    -3.7312813,
                    40.4370913
                ],
                "type": "Point"
            },
            "properties": {
                "Ah": 0.55446,
                "du_raw": 0.4316572,
                "dv_raw": -0.13184099999999999,
                "fecha": "2025-05-28 16:29:39.250000",
                "orientacion_raw": -0.222482,
                "t_Ah": 156.541,
                "t_T_L": 158.214,
                "t_T_R": 158.214,
                "t_du": 158.12,
                "t_dv": 158.12,
                "t_lat": 158.371,
                "t_lon": 158.371,
                "t_orientacion": 158.088,
                "t_u": 158.12,
                "t_utm_zone": 158.162,
                "t_v": 158.12,
                "t_x": 158.12,
                "t_y": 158.12,
                "throttle_L": -9600,
                "throttle_R": -5915,
                "u_raw": -0.48811,
                "utm_zone": 30,
                "v_raw": 0.1494217,
                "x": 28.0902033,
                "y": 23.8596804
            },
            "type": "Feature"
        },
        {
            "geometry": {
                "coordinates": [
                    -3.7312816,
                    40.437090399999995
                ],
                "type": "Point"
            },
            "properties": {
                "Ah": 0.55446,
                "du_raw": 0.1669986,
                "dv_raw": -0.2431734,
                "fecha": "2025-05-28 16:29:39.750000",
                "orientacion_raw": -0.207396,
                "t_Ah": 156.541,
                "t_T_L": 158.764,
                "t_T_R": 158.764,
                "t_du": 158.437,
                "t_dv": 158.437,
                "t_lat": 158.764,
                "t_lon": 158.764,
                "t_orientacion": 158.573,
                "t_u": 158.437,
                "t_utm_zone": 158.665,
                "t_v": 158.437,
                "t_x": 158.437,
                "t_y": 158.437,
                "throttle_L": -9600,
                "throttle_R": -6547,
                "u_raw": -0.3386883,
                "utm_zone": 30,
                "v_raw": 0.0996132,
                "x": 27.969108,
                "y": 24.000307199999998
            },
            "type": "Feature"
        },
        {
            "geometry": {
                "coordinates": [
                    -3.7312817999999996,
                    40.4370893
                ],
                "type": "Point"
            },
            "properties": {
                "Ah": 0.55446,
                "du_raw": 0.1591858,
                "dv_raw": 0.0517598,
                "fecha": "2025-05-28 16:29:40",
                "orientacion_raw": -0.207396,
                "t_Ah": 156.541,
                "t_T_L": 158.764,
                "t_T_R": 158.764,
                "t_du": 159.032,
                "t_dv": 159.032,
                "t_lat": 159.117,
                "t_lon": 159.117,
                "t_orientacion": 158.573,
                "t_u": 159.032,
                "t_utm_zone": 158.914,
                "t_v": 159.032,
                "t_x": 159.032,
                "t_y": 159.032,
                "throttle_L": -9600,
                "throttle_R": -6547,
                "u_raw": -0.5877251,
                "utm_zone": 30,
                "v_raw": 0.1793049,
                "x": 27.750355199999998,
                "y": 24.117496199999998
            },
            "type": "Feature"
        },
        {
            "geometry": {
                "coordinates": [
                    -3.7312813,
                    40.4370869
                ],
                "type": "Point"
            },
            "properties": {
                "Ah": 0.55446,
                "du_raw": 0.0156256,
                "dv_raw": 0.1250048,
                "fecha": "2025-05-28 16:29:40.250000",
                "orientacion_raw": -0.191958,
                "t_Ah": 156.541,
                "t_T_L": 159.209,
                "t_T_R": 159.209,
                "t_du": 159.349,
                "t_dv": 159.349,
                "t_lat": 159.426,
                "t_lon": 159.426,
                "t_orientacion": 159.123,
                "t_u": 159.349,
                "t_utm_zone": 159.164,
                "t_v": 159.349,
                "t_x": 159.349,
                "t_y": 159.349,
                "throttle_L": -9600,
                "throttle_R": -6483,
                "u_raw": -0.4383034,
                "utm_zone": 30,
                "v_raw": 0.27892,
                "x": 27.488633099999998,
                "y": 24.1487466
            },
            "type": "Feature"
        },
        {
            "geometry": {
                "coordinates": [
                    -3.7312811,
                    40.4370858
                ],
                "type": "Point"
            },
            "properties": {
                "Ah": 0.55446,
                "du_raw": -0.092777,
                "dv_raw": 0.059572599999999996,
                "fecha": "2025-05-28 16:29:40.750000",
                "orientacion_raw": -0.169243,
                "t_Ah": 156.541,
                "t_T_L": 159.706,
                "t_T_R": 159.706,
                "t_du": 159.625,
                "t_dv": 159.625,
                "t_lat": 159.809,
                "t_lon": 159.809,
                "t_orientacion": 159.623,
                "t_u": 159.625,
                "t_utm_zone": 159.665,
                "t_v": 159.625,
                "t_x": 159.625,
                "t_y": 159.625,
                "throttle_L": -9600,
                "throttle_R": -7731,
                "u_raw": -0.4383034,
                "utm_zone": 30,
                "v_raw": 0.1793049,
                "x": 27.367537799999997,
                "y": 24.1487466
            },
            "type": "Feature"
        },
        {
            "geometry": {
                "coordinates": [
                    -3.7312811,
                    40.4370834
                ],
                "type": "Point"
            },
            "properties": {
                "Ah": 0.55446,
                "du_raw": 0.1289112,
                "dv_raw": 0.3056758,
                "fecha": "2025-05-28 16:29:41",
                "orientacion_raw": -0.158134,
                "t_Ah": 156.541,
                "t_T_L": 159.706,
                "t_T_R": 159.706,
                "t_du": 159.925,
                "t_dv": 159.925,
                "t_lat": 160.117,
                "t_lon": 160.117,
                "t_orientacion": 160.067,
                "t_u": 159.925,
                "t_utm_zone": 159.926,
                "t_v": 159.925,
                "t_x": 159.925,
                "t_y": 159.925,
                "throttle_L": -9600,
                "throttle_R": -7731,
                "u_raw": -0.4781502,
                "utm_zone": 30,
                "v_raw": 0.13946,
                "x": 27.2386299,
                "y": 24.1682781
            },
            "type": "Feature"
        },
        {
            "geometry": {
                "coordinates": [
                    -3.7312809999999996,
                    40.4370822
                ],
                "type": "Point"
            },
            "properties": {
                "Ah": 0.55446,
                "du_raw": 0.1162154,
                "dv_raw": 0.2656352,
                "fecha": "2025-05-28 16:29:41.500000",
                "orientacion_raw": -0.158134,
                "t_Ah": 156.541,
                "t_T_L": 160.252,
                "t_T_R": 160.252,
                "t_du": 160.253,
                "t_dv": 160.253,
                "t_lat": 160.473,
                "t_lon": 160.473,
                "t_orientacion": 160.067,
                "t_u": 160.253,
                "t_utm_zone": 160.406,
                "t_v": 160.253,
                "t_x": 160.253,
                "t_y": 160.253,
                "throttle_L": -9600,
                "throttle_R": -6589,
                "u_raw": -0.4980717,
                "utm_zone": 30,
                "v_raw": 0.1095749,
                "x": 27.0980031,
                "y": 24.207341099999997
            },
            "type": "Feature"
        },
        {
            "geometry": {
                "coordinates": [
                    -3.7312806999999997,
                    40.4370811
                ],
                "type": "Point"
            },
            "properties": {
                "Ah": 0.55446,
                "du_raw": 0.1474666,
                "dv_raw": 0.1523496,
                "fecha": "2025-05-28 16:29:41.750000",
                "orientacion_raw": -0.138279,
                "t_Ah": 156.541,
                "t_T_L": 160.708,
                "t_T_R": 160.708,
                "t_du": 160.512,
                "t_dv": 160.512,
                "t_lat": 160.862,
                "t_lon": 160.862,
                "t_orientacion": 160.586,
                "t_u": 160.512,
                "t_utm_zone": 160.668,
                "t_v": 160.512,
                "t_x": 160.512,
                "t_y": 160.512,
                "throttle_L": -9600,
                "throttle_R": -7186,
                "u_raw": -0.4482651,
                "utm_zone": 30,
                "v_raw": 0.1095749,
                "x": 26.969095199999998,
                "y": 24.187809599999998
            },
            "type": "Feature"
        },
        {
            "geometry": {
                "coordinates": [
                    -3.7312813,
                    40.437079399999995
                ],
                "type": "Point"
            },
            "properties": {
                "Ah": 0.568162,
                "du_raw": 0.1865306,
                "dv_raw": 0.1728582,
                "fecha": "2025-05-28 16:29:42",
                "orientacion_raw": -0.140793,
                "t_Ah": 161.029,
                "t_T_L": 160.708,
                "t_T_R": 160.708,
                "t_du": 161.116,
                "t_dv": 161.116,
                "t_lat": 161.165,
                "t_lon": 161.165,
                "t_orientacion": 161.114,
                "t_u": 161.116,
                "t_utm_zone": 160.903,
                "t_v": 161.116,
                "t_x": 161.116,
                "t_y": 161.116,
                "throttle_L": -9600,
                "throttle_R": -7186,
                "u_raw": -0.38849680000000003,
                "utm_zone": 30,
                "v_raw": 0.0199215,
                "x": 26.648778599999996,
                "y": 24.187809599999998
            },
            "type": "Feature"
        },
        {
            "geometry": {
                "coordinates": [
                    -3.7312813,
                    40.4370786
                ],
                "type": "Point"
            },
            "properties": {
                "Ah": 0.568162,
                "du_raw": 0.0459002,
                "dv_raw": 0.1777412,
                "fecha": "2025-05-28 16:29:42.500000",
                "orientacion_raw": -0.140793,
                "t_Ah": 161.029,
                "t_T_L": 161.206,
                "t_T_R": 161.206,
                "t_du": 161.429,
                "t_dv": 161.429,
                "t_lat": 161.508,
                "t_lon": 161.508,
                "t_orientacion": 161.114,
                "t_u": 161.429,
                "t_utm_zone": 161.43,
                "t_v": 161.429,
                "t_x": 161.429,
                "t_y": 161.429,
                "throttle_L": -9600,
                "throttle_R": -6255,
                "u_raw": -0.3785351,
                "utm_zone": 30,
                "v_raw": 0.06973,
                "x": 26.558933699999997,
                "y": 24.207341099999997
            },
            "type": "Feature"
        },
        {
            "geometry": {
                "coordinates": [
                    -3.7312814999999997,
                    40.4370767
                ],
                "type": "Point"
            },
            "properties": {
                "Ah": 0.568162,
                "du_raw": 0.0576194,
                "dv_raw": 0.156256,
                "fecha": "2025-05-28 16:29:42.750000",
                "orientacion_raw": -0.135396,
                "t_Ah": 161.029,
                "t_T_L": 161.753,
                "t_T_R": 161.753,
                "t_du": 161.754,
                "t_dv": 161.754,
                "t_lat": 161.854,
                "t_lon": 161.854,
                "t_orientacion": 161.561,
                "t_u": 161.754,
                "t_utm_zone": 161.648,
                "t_v": 161.754,
                "t_x": 161.754,
                "t_y": 161.754,
                "throttle_L": -9600,
                "throttle_R": -6632,
                "u_raw": -0.41838000000000003,
                "utm_zone": 30,
                "v_raw": 0.0298832,
                "x": 26.457369899999996,
                "y": 24.21906
            },
            "type": "Feature"
        },
        {
            "geometry": {
                "coordinates": [
                    -3.7312813,
                    40.4370757
                ],
                "type": "Point"
            },
            "properties": {
                "Ah": 0.568162,
                "du_raw": -0.029298,
                "dv_raw": 0.0625024,
                "fecha": "2025-05-28 16:29:43.250000",
                "orientacion_raw": -0.131733,
                "t_Ah": 161.029,
                "t_T_L": 162.244,
                "t_T_R": 162.244,
                "t_du": 162.018,
                "t_dv": 162.018,
                "t_lat": 162.244,
                "t_lon": 162.244,
                "t_orientacion": 162.079,
                "t_u": 162.018,
                "t_utm_zone": 162.168,
                "t_v": 162.018,
                "t_x": 162.018,
                "t_y": 162.018,
                "throttle_L": -9600,
                "throttle_R": -6827,
                "u_raw": -0.4283417,
                "utm_zone": 30,
                "v_raw": 0.1095749,
                "x": 26.347993499999998,
                "y": 24.277654499999997
            },
            "type": "Feature"
        },
        {
            "geometry": {
                "coordinates": [
                    -3.7312816,
                    40.4370745
                ],
                "type": "Point"
            },
            "properties": {
                "Ah": 0.568162,
                "du_raw": 0.0214852,
                "dv_raw": 0.1494198,
                "fecha": "2025-05-28 16:29:43.500000",
                "orientacion_raw": -0.131733,
                "t_Ah": 161.029,
                "t_T_L": 162.244,
                "t_T_R": 162.244,
                "t_du": 162.343,
                "t_dv": 162.343,
                "t_lat": 162.6,
                "t_lon": 162.6,
                "t_orientacion": 162.079,
                "t_u": 162.343,
                "t_utm_zone": 162.401,
                "t_v": 162.343,
                "t_x": 162.343,
                "t_y": 162.343,
                "throttle_L": -9600,
                "throttle_R": -6827,
                "u_raw": -0.3586117,
                "utm_zone": 30,
                "v_raw": 0.0597683,
                "x": 26.2386171,
                "y": 24.2698419
            },
            "type": "Feature"
        },
        {
            "geometry": {
                "coordinates": [
                    -3.7312811,
                    40.4370719
                ],
                "type": "Point"
            },
            "properties": {
                "Ah": 0.568162,
                "du_raw": 0.1552794,
                "dv_raw": 0.0517598,
                "fecha": "2025-05-28 16:29:43.750000",
                "orientacion_raw": -0.128967,
                "t_Ah": 161.029,
                "t_T_L": 162.703,
                "t_T_R": 162.703,
                "t_du": 162.61,
                "t_dv": 162.61,
                "t_lat": 162.941,
                "t_lon": 162.941,
                "t_orientacion": 162.606,
                "t_u": 162.61,
                "t_utm_zone": 162.671,
                "t_v": 162.61,
                "t_x": 162.61,
                "t_y": 162.61,
                "throttle_L": -9600,
                "throttle_R": -7805,
                "u_raw": -0.4482651,
                "utm_zone": 30,
                "v_raw": 0.1793049,
                "x": 25.9573635,
                "y": 24.2893734
            },
            "type": "Feature"
        },
        {
            "geometry": {
                "coordinates": [
                    -3.7312809,
                    40.4370706
                ],
                "type": "Point"
            },
            "properties": {
                "Ah": 0.568162,
                "du_raw": 0.18750719999999998,
                "dv_raw": 0.0263682,
                "fecha": "2025-05-28 16:29:44.250000",
                "orientacion_raw": -0.14477,
                "t_Ah": 161.029,
                "t_T_L": 163.244,
                "t_T_R": 163.244,
                "t_du": 163.245,
                "t_dv": 163.245,
                "t_lat": 163.247,
                "t_lon": 163.247,
                "t_orientacion": 163.07,
                "t_u": 163.245,
                "t_utm_zone": 163.144,
                "t_v": 163.245,
                "t_x": 163.245,
                "t_y": 163.245,
                "throttle_L": -9600,
                "throttle_R": -6653,
                "u_raw": -0.5279568,
                "utm_zone": 30,
                "v_raw": 0.1294983,
                "x": 25.6682973,
                "y": 24.297185999999996
            },
            "type": "Feature"
        },
        {
            "geometry": {
                "coordinates": [
                    -3.7312803999999997,
                    40.4370682
                ],
                "type": "Point"
            },
            "properties": {
                "Ah": 0.568162,
                "du_raw": 0.0478534,
                "dv_raw": 0.2177818,
                "fecha": "2025-05-28 16:29:44.500000",
                "orientacion_raw": -0.165931,
                "t_Ah": 161.029,
                "t_T_L": 163.244,
                "t_T_R": 163.244,
                "t_du": 163.501,
                "t_dv": 163.501,
                "t_lat": 163.601,
                "t_lon": 163.601,
                "t_orientacion": 163.552,
                "t_u": 163.501,
                "t_utm_zone": 163.4,
                "t_v": 163.501,
                "t_x": 163.501,
                "t_y": 163.501,
                "throttle_L": -9600,
                "throttle_R": -6653,
                "u_raw": -0.4681885,
                "utm_zone": 30,
                "v_raw": 0.1195366,
                "x": 25.539389399999997,
                "y": 24.3167175
            },
            "type": "Feature"
        },
        {
            "geometry": {
                "coordinates": [
                    -3.73128,
                    40.4370671
                ],
                "type": "Point"
            },
            "properties": {
                "Ah": 0.568162,
                "du_raw": 0.3066524,
                "dv_raw": 0.2627054,
                "fecha": "2025-05-28 16:29:45",
                "orientacion_raw": -0.165931,
                "t_Ah": 161.029,
                "t_T_L": 163.695,
                "t_T_R": 163.695,
                "t_du": 163.829,
                "t_dv": 163.829,
                "t_lat": 163.948,
                "t_lon": 163.948,
                "t_orientacion": 163.552,
                "t_u": 163.829,
                "t_utm_zone": 163.899,
                "t_v": 163.829,
                "t_x": 163.829,
                "t_y": 163.829,
                "throttle_L": -9600,
                "throttle_R": -5664,
                "u_raw": -0.4283417,
                "utm_zone": 30,
                "v_raw": 0.1195366,
                "x": 25.4065752,
                "y": 24.590158499999998
            },
            "type": "Feature"
        },
        {
            "geometry": {
                "coordinates": [
                    -3.7312795,
                    40.4370659
                ],
                "type": "Point"
            },
            "properties": {
                "Ah": 0.568162,
                "du_raw": 0.0888706,
                "dv_raw": 0.1113324,
                "fecha": "2025-05-28 16:29:45.250000",
                "orientacion_raw": -0.158191,
                "t_Ah": 161.029,
                "t_T_L": 164.196,
                "t_T_R": 164.196,
                "t_du": 164.11,
                "t_dv": 164.11,
                "t_lat": 164.334,
                "t_lon": 164.334,
                "t_orientacion": 164.109,
                "t_u": 164.11,
                "t_utm_zone": 164.121,
                "t_v": 164.11,
                "t_x": 164.11,
                "t_y": 164.11,
                "throttle_L": -9600,
                "throttle_R": -7442,
                "u_raw": -0.48811,
                "utm_zone": 30,
                "v_raw": 0.2191517,
                "x": 25.1487594,
                "y": 24.726878999999997
            },
            "type": "Feature"
        },
        {
            "geometry": {
                "coordinates": [
                    -3.7312794,
                    40.4370641
                ],
                "type": "Point"
            },
            "properties": {
                "Ah": 0.568162,
                "du_raw": -0.0839876,
                "dv_raw": -0.1884838,
                "fecha": "2025-05-28 16:29:45.500000",
                "orientacion_raw": -0.171683,
                "t_Ah": 161.029,
                "t_T_L": 164.196,
                "t_T_R": 164.196,
                "t_du": 164.412,
                "t_dv": 164.412,
                "t_lat": 164.701,
                "t_lon": 164.701,
                "t_orientacion": 164.548,
                "t_u": 164.412,
                "t_utm_zone": 164.413,
                "t_v": 164.412,
                "t_x": 164.412,
                "t_y": 164.412,
                "throttle_L": -9600,
                "throttle_R": -7442,
                "u_raw": -0.3984585,
                "utm_zone": 30,
                "v_raw": 0.06973,
                "x": 25.066727099999998,
                "y": 24.8089113
            },
            "type": "Feature"
        },
        {
            "geometry": {
                "coordinates": [
                    -3.731279,
                    40.437062999999995
                ],
                "type": "Point"
            },
            "properties": {
                "Ah": 0.568162,
                "du_raw": 0.1894604,
                "dv_raw": 0.2119222,
                "fecha": "2025-05-28 16:29:46",
                "orientacion_raw": -0.171683,
                "t_Ah": 161.029,
                "t_T_L": 164.703,
                "t_T_R": 164.703,
                "t_du": 164.704,
                "t_dv": 164.704,
                "t_lat": 165.04,
                "t_lon": 165.04,
                "t_orientacion": 164.548,
                "t_u": 164.704,
                "t_utm_zone": 164.886,
                "t_v": 164.704,
                "t_x": 164.704,
                "t_y": 164.704,
                "throttle_L": -9600,
                "throttle_R": -6400,
                "u_raw": -0.41838000000000003,
                "utm_zone": 30,
                "v_raw": 0.0996132,
                "x": 24.949538099999998,
                "y": 24.898756199999998
            },
            "type": "Feature"
        },
        {
            "geometry": {
                "coordinates": [
                    -3.7312787999999997,
                    40.4370611
                ],
                "type": "Point"
            },
            "properties": {
                "Ah": 0.568162,
                "du_raw": 0.2304776,
                "dv_raw": 0.136724,
                "fecha": "2025-05-28 16:29:46.250000",
                "orientacion_raw": -0.175713,
                "t_Ah": 161.029,
                "t_T_L": 165.231,
                "t_T_R": 165.231,
                "t_du": 165.337,
                "t_dv": 165.337,
                "t_lat": 165.339,
                "t_lon": 165.339,
                "t_orientacion": 165.064,
                "t_u": 165.337,
                "t_utm_zone": 165.152,
                "t_v": 165.337,
                "t_x": 165.337,
                "t_y": 165.337,
                "throttle_L": -9600,
                "throttle_R": -7348,
                "u_raw": -0.4582268,
                "utm_zone": 30,
                "v_raw": 0.1294983,
                "x": 24.707347499999997,
                "y": 24.969069599999997
            },
            "type": "Feature"
        },
        {
            "geometry": {
                "coordinates": [
                    -3.7312784,
                    40.4370601
                ],
                "type": "Point"
            },
            "properties": {
                "Ah": 0.582445,
                "du_raw": 0.0351576,
                "dv_raw": -0.039064,
                "fecha": "2025-05-28 16:29:46.750000",
                "orientacion_raw": -0.201985,
                "t_Ah": 165.497,
                "t_T_L": 165.703,
                "t_T_R": 165.703,
                "t_du": 165.6,
                "t_dv": 165.6,
                "t_lat": 165.703,
                "t_lon": 165.703,
                "t_orientacion": 165.598,
                "t_u": 165.6,
                "t_utm_zone": 165.648,
                "t_v": 165.6,
                "t_x": 165.6,
                "t_y": 165.6,
                "throttle_L": -9600,
                "throttle_R": -5081,
                "u_raw": -0.5379185,
                "utm_zone": 30,
                "v_raw": 0.2191517,
                "x": 24.5081262,
                "y": 25.058914499999997
            },
            "type": "Feature"
        },
        {
            "geometry": {
                "coordinates": [
                    -3.7312778,
                    40.437059
                ],
                "type": "Point"
            },
            "properties": {
                "Ah": 0.582445,
                "du_raw": 0.2617288,
                "dv_raw": 0.0019532,
                "fecha": "2025-05-28 16:29:47",
                "orientacion_raw": -0.201985,
                "t_Ah": 165.497,
                "t_T_L": 165.703,
                "t_T_R": 165.703,
                "t_du": 165.905,
                "t_dv": 165.905,
                "t_lat": 166.082,
                "t_lon": 166.082,
                "t_orientacion": 165.598,
                "t_u": 165.905,
                "t_utm_zone": 165.905,
                "t_v": 165.905,
                "t_x": 165.905,
                "t_y": 165.905,
                "throttle_L": -9600,
                "throttle_R": -5081,
                "u_raw": -0.5678017,
                "utm_zone": 30,
                "v_raw": 0.1793049,
                "x": 24.3870309,
                "y": 25.117509
            },
            "type": "Feature"
        },
        {
            "geometry": {
                "coordinates": [
                    -3.7312773,
                    40.4370571
                ],
                "type": "Point"
            },
            "properties": {
                "Ah": 0.582445,
                "du_raw": 0.2158286,
                "dv_raw": -0.009766,
                "fecha": "2025-05-28 16:29:47.250000",
                "orientacion_raw": -0.202666,
                "t_Ah": 165.497,
                "t_T_L": 166.231,
                "t_T_R": 166.231,
                "t_du": 166.232,
                "t_dv": 166.232,
                "t_lat": 166.401,
                "t_lon": 166.401,
                "t_orientacion": 166.086,
                "t_u": 166.232,
                "t_utm_zone": 166.113,
                "t_v": 166.232,
                "t_x": 166.232,
                "t_y": 166.232,
                "throttle_L": -9600,
                "throttle_R": -5403,
                "u_raw": -0.41838000000000003,
                "utm_zone": 30,
                "v_raw": 0.0996132,
                "x": 24.258122999999998,
                "y": 25.180009799999997
            },
            "type": "Feature"
        },
        {
            "geometry": {
                "coordinates": [
                    -3.731277,
                    40.437056399999996
                ],
                "type": "Point"
            },
            "properties": {
                "Ah": 0.582445,
                "du_raw": 0.2216882,
                "dv_raw": -0.0205086,
                "fecha": "2025-05-28 16:29:47.750000",
                "orientacion_raw": -0.179911,
                "t_Ah": 165.497,
                "t_T_L": 166.683,
                "t_T_R": 166.683,
                "t_du": 166.501,
                "t_dv": 166.501,
                "t_lat": 166.785,
                "t_lon": 166.785,
                "t_orientacion": 166.553,
                "t_u": 166.501,
                "t_utm_zone": 166.615,
                "t_v": 166.501,
                "t_x": 166.501,
                "t_y": 166.501,
                "throttle_L": -9600,
                "throttle_R": -6849,
                "u_raw": -0.3088051,
                "utm_zone": 30,
                "v_raw": 0.06973,
                "x": 24.179996999999997,
                "y": 25.207353899999998
            },
            "type": "Feature"
        },
        {
            "geometry": {
                "coordinates": [
                    -3.7312768999999997,
                    40.437054499999995
                ],
                "type": "Point"
            },
            "properties": {
                "Ah": 0.582445,
                "du_raw": -0.2695416,
                "dv_raw": -0.351576,
                "fecha": "2025-05-28 16:29:48",
                "orientacion_raw": -0.174798,
                "t_Ah": 165.497,
                "t_T_L": 166.683,
                "t_T_R": 166.683,
                "t_du": 166.788,
                "t_dv": 166.788,
                "t_lat": 167.134,
                "t_lon": 167.134,
                "t_orientacion": 167.045,
                "t_u": 166.788,
                "t_utm_zone": 166.877,
                "t_v": 166.788,
                "t_x": 166.788,
                "t_y": 166.788,
                "throttle_L": -9600,
                "throttle_R": -6849,
                "u_raw": -0.3785351,
                "utm_zone": 30,
                "v_raw": 0.1693432,
                "x": 24.0979647,
                "y": 25.226885399999997
            },
            "type": "Feature"
        },
        {
            "geometry": {
                "coordinates": [
                    -3.7312765,
                    40.4370537
                ],
                "type": "Point"
            },
            "properties": {
                "Ah": 0.582445,
                "du_raw": -0.0019532,
                "dv_raw": 0.112309,
                "fecha": "2025-05-28 16:29:48.500000",
                "orientacion_raw": -0.174798,
                "t_Ah": 165.497,
                "t_T_L": 167.186,
                "t_T_R": 167.186,
                "t_du": 167.435,
                "t_dv": 167.435,
                "t_lat": 167.439,
                "t_lon": 167.439,
                "t_orientacion": 167.045,
                "t_u": 167.435,
                "t_utm_zone": 167.436,
                "t_v": 167.435,
                "t_x": 167.435,
                "t_y": 167.435,
                "throttle_L": -9600,
                "throttle_R": -6235,
                "u_raw": -0.4681885,
                "utm_zone": 30,
                "v_raw": 0.1593834,
                "x": 23.7971796,
                "y": 25.3167303
            },
            "type": "Feature"
        },
        {
            "geometry": {
                "coordinates": [
                    -3.7312757,
                    40.4370526
                ],
                "type": "Point"
            },
            "properties": {
                "Ah": 0.582445,
                "du_raw": 0.0263682,
                "dv_raw": -0.0156256,
                "fecha": "2025-05-28 16:29:48.750000",
                "orientacion_raw": -0.161379,
                "t_Ah": 165.497,
                "t_T_L": 167.73,
                "t_T_R": 167.73,
                "t_du": 167.731,
                "t_dv": 167.731,
                "t_lat": 167.82,
                "t_lon": 167.82,
                "t_orientacion": 167.538,
                "t_u": 167.731,
                "t_utm_zone": 167.625,
                "t_v": 167.731,
                "t_x": 167.731,
                "t_y": 167.731,
                "throttle_L": -9600,
                "throttle_R": -6255,
                "u_raw": -0.41838000000000003,
                "utm_zone": 30,
                "v_raw": 0.20919000000000001,
                "x": 23.679990599999996,
                "y": 25.347980699999997
            },
            "type": "Feature"
        },
        {
            "geometry": {
                "coordinates": [
                    -3.7312749,
                    40.4370512
                ],
                "type": "Point"
            },
            "properties": {
                "Ah": 0.582445,
                "du_raw": -0.161139,
                "dv_raw": -0.0312512,
                "fecha": "2025-05-28 16:29:49",
                "orientacion_raw": -0.153228,
                "t_Ah": 165.497,
                "t_T_L": 167.73,
                "t_T_R": 167.73,
                "t_du": 167.997,
                "t_dv": 167.997,
                "t_lat": 168.142,
                "t_lon": 168.142,
                "t_orientacion": 168.048,
                "t_u": 167.997,
                "t_utm_zone": 167.876,
                "t_v": 167.997,
                "t_x": 167.997,
                "t_y": 167.997,
                "throttle_L": -9600,
                "throttle_R": -6255,
                "u_raw": -0.4283417,
                "utm_zone": 30,
                "v_raw": 0.0996132,
                "x": 23.609677199999997,
                "y": 25.4065752
            },
            "type": "Feature"
        },
        {
            "geometry": {
                "coordinates": [
                    -3.7312745,
                    40.4370505
                ],
                "type": "Point"
            },
            "properties": {
                "Ah": 0.582445,
                "du_raw": 0.0869174,
                "dv_raw": 0.117192,
                "fecha": "2025-05-28 16:29:49.500000",
                "orientacion_raw": -0.153228,
                "t_Ah": 165.497,
                "t_T_L": 168.179,
                "t_T_R": 168.179,
                "t_du": 168.319,
                "t_dv": 168.319,
                "t_lat": 168.479,
                "t_lon": 168.479,
                "t_orientacion": 168.048,
                "t_u": 168.319,
                "t_utm_zone": 168.377,
                "t_v": 168.319,
                "t_x": 168.319,
                "t_y": 168.319,
                "throttle_L": -9600,
                "throttle_R": -6849,
                "u_raw": -0.4582268,
                "utm_zone": 30,
                "v_raw": 0.1593834,
                "x": 23.519832299999997,
                "y": 25.4573571
            },
            "type": "Feature"
        },
        {
            "geometry": {
                "coordinates": [
                    -3.7312737,
                    40.4370496
                ],
                "type": "Point"
            },
            "properties": {
                "Ah": 0.582445,
                "du_raw": -0.0419938,
                "dv_raw": -0.1093792,
                "fecha": "2025-05-28 16:29:49.750000",
                "orientacion_raw": -0.153739,
                "t_Ah": 165.497,
                "t_T_L": 168.68,
                "t_T_R": 168.68,
                "t_du": 168.595,
                "t_dv": 168.595,
                "t_lat": 168.833,
                "t_lon": 168.833,
                "t_orientacion": 168.533,
                "t_u": 168.595,
                "t_utm_zone": 168.623,
                "t_v": 168.595,
                "t_x": 168.595,
                "t_y": 168.595,
                "throttle_L": -9600,
                "throttle_R": -6632,
                "u_raw": -0.5777634,
                "utm_zone": 30,
                "v_raw": 0.27892,
                "x": 23.347955099999997,
                "y": 25.4573571
            },
            "type": "Feature"
        },
        {
            "geometry": {
                "coordinates": [
                    -3.7312729,
                    40.437047899999996
                ],
                "type": "Point"
            },
            "properties": {
                "Ah": 0.582445,
                "du_raw": -0.019532,
                "dv_raw": 0.1523496,
                "fecha": "2025-05-28 16:29:50.250000",
                "orientacion_raw": -0.157534,
                "t_Ah": 165.497,
                "t_T_L": 169.222,
                "t_T_R": 169.222,
                "t_du": 168.895,
                "t_dv": 168.895,
                "t_lat": 169.222,
                "t_lon": 169.222,
                "t_orientacion": 169.054,
                "t_u": 168.895,
                "t_utm_zone": 169.121,
                "t_v": 168.895,
                "t_x": 168.895,
                "t_y": 168.895,
                "throttle_L": -9600,
                "throttle_R": -6718,
                "u_raw": -0.4482651,
                "utm_zone": 30,
                "v_raw": 0.0996132,
                "x": 23.258110199999997,
                "y": 25.5276705
            },
            "type": "Feature"
        },
        {
            "geometry": {
                "coordinates": [
                    -3.7312724,
                    40.4370471
                ],
                "type": "Point"
            },
            "properties": {
                "Ah": 0.582445,
                "du_raw": -0.1865306,
                "dv_raw": 0.2207116,
                "fecha": "2025-05-28 16:29:50.500000",
                "orientacion_raw": -0.157534,
                "t_Ah": 165.497,
                "t_T_L": 169.222,
                "t_T_R": 169.222,
                "t_du": 169.479,
                "t_dv": 169.479,
                "t_lat": 169.559,
                "t_lon": 169.559,
                "t_orientacion": 169.054,
                "t_u": 169.479,
                "t_utm_zone": 169.377,
                "t_v": 169.479,
                "t_x": 169.479,
                "t_y": 169.479,
                "throttle_L": -9600,
                "throttle_R": -6718,
                "u_raw": -0.4582268,
                "utm_zone": 30,
                "v_raw": 0.0896515,
                "x": 23.0588889,
                "y": 25.590171299999998
            },
            "type": "Feature"
        },
        {
            "geometry": {
                "coordinates": [
                    -3.7312719999999997,
                    40.437045499999996
                ],
                "type": "Point"
            },
            "properties": {
                "Ah": 0.582445,
                "du_raw": -0.180671,
                "dv_raw": 0.1914136,
                "fecha": "2025-05-28 16:29:50.750000",
                "orientacion_raw": -0.164992,
                "t_Ah": 165.497,
                "t_T_L": 169.672,
                "t_T_R": 169.672,
                "t_du": 169.816,
                "t_dv": 169.816,
                "t_lat": 169.894,
                "t_lon": 169.894,
                "t_orientacion": 169.564,
                "t_u": 169.816,
                "t_utm_zone": 169.618,
                "t_v": 169.816,
                "t_x": 169.816,
                "t_y": 169.816,
                "throttle_L": -9600,
                "throttle_R": -6632,
                "u_raw": -0.5179951,
                "utm_zone": 30,
                "v_raw": 0.0896515,
                "x": 22.976856599999998,
                "y": 25.6487658
            },
            "type": "Feature"
        },
        {
            "geometry": {
                "coordinates": [
                    -3.7312714,
                    40.4370446
                ],
                "type": "Point"
            },
            "properties": {
                "Ah": 0.596238,
                "du_raw": -0.3232546,
                "dv_raw": 0.011719199999999999,
                "fecha": "2025-05-28 16:29:51.250000",
                "orientacion_raw": -0.175161,
                "t_Ah": 169.99,
                "t_T_L": 170.182,
                "t_T_R": 170.182,
                "t_du": 170.087,
                "t_dv": 170.087,
                "t_lat": 170.267,
                "t_lon": 170.267,
                "t_orientacion": 170.086,
                "t_u": 170.087,
                "t_utm_zone": 170.098,
                "t_v": 170.087,
                "t_x": 170.087,
                "t_y": 170.087,
                "throttle_L": -9600,
                "throttle_R": -6589,
                "u_raw": -0.4980717,
                "utm_zone": 30,
                "v_raw": 0.1593834,
                "x": 22.7893542,
                "y": 25.680016199999997
            },
            "type": "Feature"
        },
        {
            "geometry": {
                "coordinates": [
                    -3.7312705999999998,
                    40.4370432
                ],
                "type": "Point"
            },
            "properties": {
                "Ah": 0.596238,
                "du_raw": -0.1406304,
                "dv_raw": 0.023438399999999998,
                "fecha": "2025-05-28 16:29:51.500000",
                "orientacion_raw": -0.187903,
                "t_Ah": 169.99,
                "t_T_L": 170.182,
                "t_T_R": 170.182,
                "t_du": 170.425,
                "t_dv": 170.425,
                "t_lat": 170.584,
                "t_lon": 170.584,
                "t_orientacion": 170.538,
                "t_u": 170.425,
                "t_utm_zone": 170.427,
                "t_v": 170.425,
                "t_x": 170.425,
                "t_y": 170.425,
                "throttle_L": -9600,
                "throttle_R": -6589,
                "u_raw": -0.41838000000000003,
                "utm_zone": 30,
                "v_raw": 0.0298832,
                "x": 22.6995093,
                "y": 25.707360299999998
            },
            "type": "Feature"
        },
        {
            "geometry": {
                "coordinates": [
                    -3.7312708,
                    40.4370427
                ],
                "type": "Point"
            },
            "properties": {
                "Ah": 0.596238,
                "du_raw": -0.2226648,
                "dv_raw": 0.087894,
                "fecha": "2025-05-28 16:29:52",
                "orientacion_raw": -0.187903,
                "t_Ah": 169.99,
                "t_T_L": 170.72,
                "t_T_R": 170.72,
                "t_du": 170.721,
                "t_dv": 170.721,
                "t_lat": 170.92,
                "t_lon": 170.92,
                "t_orientacion": 170.538,
                "t_u": 170.721,
                "t_utm_zone": 170.867,
                "t_v": 170.721,
                "t_x": 170.721,
                "t_y": 170.721,
                "throttle_L": -9600,
                "throttle_R": -6568,
                "u_raw": -0.4383034,
                "utm_zone": 30,
                "v_raw": 0.1195366,
                "x": 22.6291959,
                "y": 25.777673699999998
            },
            "type": "Feature"
        },
        {
            "geometry": {
                "coordinates": [
                    -3.7312703999999997,
                    40.4370421
                ],
                "type": "Point"
            },
            "properties": {
                "Ah": 0.596238,
                "du_raw": -0.2773544,
                "dv_raw": -0.0126958,
                "fecha": "2025-05-28 16:29:52.250000",
                "orientacion_raw": -0.203813,
                "t_Ah": 169.99,
                "t_T_L": 171.184,
                "t_T_R": 171.184,
                "t_du": 170.973,
                "t_dv": 170.973,
                "t_lat": 171.319,
                "t_lon": 171.319,
                "t_orientacion": 171.041,
                "t_u": 170.973,
                "t_utm_zone": 171.113,
                "t_v": 170.973,
                "t_x": 170.973,
                "t_y": 170.973,
                "throttle_L": -9600,
                "throttle_R": -6740,
                "u_raw": -0.34865,
                "utm_zone": 30,
                "v_raw": 0.0896515,
                "x": 22.566695099999997,
                "y": 25.8089241
            },
            "type": "Feature"
        },
        {
            "geometry": {
                "coordinates": [
                    -3.7312695999999996,
                    40.4370402
                ],
                "type": "Point"
            },
            "properties": {
                "Ah": 0.596238,
                "du_raw": -0.2900502,
                "dv_raw": -0.034181,
                "fecha": "2025-05-28 16:29:52.500000",
                "orientacion_raw": -0.222879,
                "t_Ah": 169.99,
                "t_T_L": 171.184,
                "t_T_R": 171.184,
                "t_du": 171.576,
                "t_dv": 171.576,
                "t_lat": 171.623,
                "t_lon": 171.623,
                "t_orientacion": 171.525,
                "t_u": 171.576,
                "t_utm_zone": 171.361,
                "t_v": 171.576,
                "t_x": 171.576,
                "t_y": 171.576,
                "throttle_L": -9600,
                "throttle_R": -6740,
                "u_raw": -0.4582268,
                "utm_zone": 30,
                "v_raw": 0.0796917,
                "x": 22.289347799999998,
                "y": 25.859706
            },
            "type": "Feature"
        },
        {
            "geometry": {
                "coordinates": [
                    -3.7312695,
                    40.437039399999996
                ],
                "type": "Point"
            },
            "properties": {
                "Ah": 0.596238,
                "du_raw": -0.1455134,
                "dv_raw": 0.336927,
                "fecha": "2025-05-28 16:29:53",
                "orientacion_raw": -0.222879,
                "t_Ah": 169.99,
                "t_T_L": 171.685,
                "t_T_R": 171.685,
                "t_du": 171.878,
                "t_dv": 171.878,
                "t_lat": 171.964,
                "t_lon": 171.964,
                "t_orientacion": 171.525,
                "t_u": 171.878,
                "t_utm_zone": 171.879,
                "t_v": 171.878,
                "t_x": 171.878,
                "t_y": 171.878,
                "throttle_L": -9600,
                "throttle_R": -5817,
                "u_raw": -0.5179951,
                "utm_zone": 30,
                "v_raw": 0.2390751,
                "x": 22.2073155,
                "y": 25.8870501
            },
            "type": "Feature"
        },
        {
            "geometry": {
                "coordinates": [
                    -3.7312692999999997,
                    40.4370386
                ],
                "type": "Point"
            },
            "properties": {
                "Ah": 0.596238,
                "du_raw": -0.0693386,
                "dv_raw": 0.2216882,
                "fecha": "2025-05-28 16:29:53.250000",
                "orientacion_raw": -0.237196,
                "t_Ah": 169.99,
                "t_T_L": 172.208,
                "t_T_R": 172.208,
                "t_du": 172.209,
                "t_dv": 172.209,
                "t_lat": 172.309,
                "t_lon": 172.309,
                "t_orientacion": 172.04,
                "t_u": 172.209,
                "t_utm_zone": 172.113,
                "t_v": 172.209,
                "t_x": 172.209,
                "t_y": 172.209,
                "throttle_L": -9600,
                "throttle_R": -5046,
                "u_raw": -0.4980717,
                "utm_zone": 30,
                "v_raw": 0.2291134,
                "x": 22.117470599999997,
                "y": 25.898768999999998
            },
            "type": "Feature"
        },
        {
            "geometry": {
                "coordinates": [
                    -3.7312692,
                    40.437036899999995
                ],
                "type": "Point"
            },
            "properties": {
                "Ah": 0.596238,
                "du_raw": -0.2363372,
                "dv_raw": -0.1044962,
                "fecha": "2025-05-28 16:29:53.750000",
                "orientacion_raw": -0.22219,
                "t_Ah": 169.99,
                "t_T_L": 172.678,
                "t_T_R": 172.678,
                "t_du": 172.466,
                "t_dv": 172.466,
                "t_lat": 172.679,
                "t_lon": 172.679,
                "t_orientacion": 172.534,
                "t_u": 172.466,
                "t_utm_zone": 172.608,
                "t_v": 172.466,
                "t_x": 172.466,
                "t_y": 172.466,
                "throttle_L": -9600,
                "throttle_R": -6033,
                "u_raw": -0.4582268,
                "utm_zone": 30,
                "v_raw": 0.2390751,
                "x": 22.027625699999998,
                "y": 25.937831999999997
            },
            "type": "Feature"
        },
        {
            "geometry": {
                "coordinates": [
                    -3.7312692,
                    40.4370359
                ],
                "type": "Point"
            },
            "properties": {
                "Ah": 0.596238,
                "du_raw": -0.2724714,
                "dv_raw": -0.0214852,
                "fecha": "2025-05-28 16:29:54",
                "orientacion_raw": -0.22219,
                "t_Ah": 169.99,
                "t_T_L": 172.678,
                "t_T_R": 172.678,
                "t_du": 172.763,
                "t_dv": 172.763,
                "t_lat": 173.068,
                "t_lon": 173.068,
                "t_orientacion": 172.534,
                "t_u": 172.763,
                "t_utm_zone": 172.855,
                "t_v": 172.763,
                "t_x": 172.763,
                "t_y": 172.763,
                "throttle_L": -9600,
                "throttle_R": -6033,
                "u_raw": -0.41838000000000003,
                "utm_zone": 30,
                "v_raw": 0.13946,
                "x": 21.929968199999998,
                "y": 25.969082399999998
            },
            "type": "Feature"
        },
        {
            "geometry": {
                "coordinates": [
                    -3.7312681,
                    40.437033899999996
                ],
                "type": "Point"
            },
            "properties": {
                "Ah": 0.596238,
                "du_raw": -0.4726744,
                "dv_raw": 0.2939566,
                "fecha": "2025-05-28 16:29:54.250000",
                "orientacion_raw": -0.194371,
                "t_Ah": 169.99,
                "t_T_L": 173.165,
                "t_T_R": 173.165,
                "t_du": 173.072,
                "t_dv": 173.072,
                "t_lat": 173.396,
                "t_lon": 173.396,
                "t_orientacion": 173.071,
                "t_u": 173.072,
                "t_utm_zone": 173.111,
                "t_v": 173.072,
                "t_x": 173.072,
                "t_y": 173.072,
                "throttle_L": -9600,
                "throttle_R": -5837,
                "u_raw": -0.3586117,
                "utm_zone": 30,
                "v_raw": 0.13946,
                "x": 21.719027999999998,
                "y": 26.008145399999997
            },
            "type": "Feature"
        },
        {
            "geometry": {
                "coordinates": [
                    -3.7312672,
                    40.4370328
                ],
                "type": "Point"
            },
            "properties": {
                "Ah": 0.596238,
                "du_raw": -0.3330206,
                "dv_raw": 0.4111486,
                "fecha": "2025-05-28 16:29:54.750000",
                "orientacion_raw": -0.171298,
                "t_Ah": 169.99,
                "t_T_L": 173.709,
                "t_T_R": 173.709,
                "t_du": 173.71,
                "t_dv": 173.71,
                "t_lat": 173.712,
                "t_lon": 173.712,
                "t_orientacion": 173.516,
                "t_u": 173.71,
                "t_utm_zone": 173.606,
                "t_v": 173.71,
                "t_x": 173.71,
                "t_y": 173.71,
                "throttle_L": -9600,
                "throttle_R": -7419,
                "u_raw": -0.4283417,
                "utm_zone": 30,
                "v_raw": 0.0796917,
                "x": 21.4690248,
                "y": 26.0198643
            },
            "type": "Feature"
        },
        {
            "geometry": {
                "coordinates": [
                    -3.7312665999999997,
                    40.4370318
                ],
                "type": "Point"
            },
            "properties": {
                "Ah": 0.596238,
                "du_raw": -0.4228678,
                "dv_raw": 0.126958,
                "fecha": "2025-05-28 16:29:55",
                "orientacion_raw": -0.170093,
                "t_Ah": 169.99,
                "t_T_L": 173.709,
                "t_T_R": 173.709,
                "t_du": 173.971,
                "t_dv": 173.971,
                "t_lat": 174.069,
                "t_lon": 174.069,
                "t_orientacion": 174.023,
                "t_u": 173.971,
                "t_utm_zone": 173.852,
                "t_v": 173.971,
                "t_x": 173.971,
                "t_y": 173.971,
                "throttle_L": -9600,
                "throttle_R": -7419,
                "u_raw": -0.5179951,
                "utm_zone": 30,
                "v_raw": 0.2689583,
                "x": 21.367461,
                "y": 26.0276769
            },
            "type": "Feature"
        },
        {
            "geometry": {
                "coordinates": [
                    -3.7312654,
                    40.437030199999995
                ],
                "type": "Point"
            },
            "properties": {
                "Ah": 0.596238,
                "du_raw": -0.2353606,
                "dv_raw": 0.107426,
                "fecha": "2025-05-28 16:29:55.500000",
                "orientacion_raw": -0.170093,
                "t_Ah": 169.99,
                "t_T_L": 174.162,
                "t_T_R": 174.162,
                "t_du": 174.309,
                "t_dv": 174.309,
                "t_lat": 174.405,
                "t_lon": 174.405,
                "t_orientacion": 174.023,
                "t_u": 174.309,
                "t_utm_zone": 174.349,
                "t_v": 174.309,
                "t_x": 174.309,
                "t_y": 174.309,
                "throttle_L": -9600,
                "throttle_R": -5626,
                "u_raw": -0.4482651,
                "utm_zone": 30,
                "v_raw": 0.1494217,
                "x": 21.2776161,
                "y": 26.039395799999998
            },
            "type": "Feature"
        },
        {
            "geometry": {
                "coordinates": [
                    -3.7312651999999997,
                    40.4370295
                ],
                "type": "Point"
            },
            "properties": {
                "Ah": 0.60991,
                "du_raw": -0.1035196,
                "dv_raw": -0.019532,
                "fecha": "2025-05-28 16:29:55.750000",
                "orientacion_raw": -0.15645,
                "t_Ah": 174.469,
                "t_T_L": 174.658,
                "t_T_R": 174.658,
                "t_du": 174.57,
                "t_dv": 174.57,
                "t_lat": 174.789,
                "t_lon": 174.789,
                "t_orientacion": 174.568,
                "t_u": 174.57,
                "t_utm_zone": 174.606,
                "t_v": 174.57,
                "t_x": 174.57,
                "t_y": 174.57,
                "throttle_L": -9600,
                "throttle_R": -6483,
                "u_raw": -0.4582268,
                "utm_zone": 30,
                "v_raw": 0.06973,
                "x": 21.187771199999997,
                "y": 26.090177699999998
            },
            "type": "Feature"
        },
        {
            "geometry": {
                "coordinates": [
                    -3.731264,
                    40.437027799999996
                ],
                "type": "Point"
            },
            "properties": {
                "Ah": 0.60991,
                "du_raw": -0.346693,
                "dv_raw": -0.0615258,
                "fecha": "2025-05-28 16:29:56",
                "orientacion_raw": -0.138205,
                "t_Ah": 174.469,
                "t_T_L": 174.658,
                "t_T_R": 174.658,
                "t_du": 174.869,
                "t_dv": 174.869,
                "t_lat": 175.106,
                "t_lon": 175.106,
                "t_orientacion": 175.026,
                "t_u": 174.869,
                "t_utm_zone": 174.869,
                "t_v": 174.869,
                "t_x": 174.869,
                "t_y": 174.869,
                "throttle_L": -9600,
                "throttle_R": -6483,
                "u_raw": -0.48811,
                "utm_zone": 30,
                "v_raw": 0.06973,
                "x": 21.0080814,
                "y": 26.090177699999998
            },
            "type": "Feature"
        },
        {
            "geometry": {
                "coordinates": [
                    -3.7312626,
                    40.4370269
                ],
                "type": "Point"
            },
            "properties": {
                "Ah": 0.60991,
                "du_raw": -0.2597756,
                "dv_raw": -0.1396538,
                "fecha": "2025-05-28 16:29:56.500000",
                "orientacion_raw": -0.138205,
                "t_Ah": 174.469,
                "t_T_L": 175.193,
                "t_T_R": 175.193,
                "t_du": 175.194,
                "t_dv": 175.194,
                "t_lat": 175.465,
                "t_lon": 175.465,
                "t_orientacion": 175.026,
                "t_u": 175.194,
                "t_utm_zone": 175.35,
                "t_v": 175.194,
                "t_x": 175.194,
                "t_y": 175.194,
                "throttle_L": -9600,
                "throttle_R": -6073,
                "u_raw": -0.3586117,
                "utm_zone": 30,
                "v_raw": 0.1992283,
                "x": 20.9182365,
                "y": 26.129240699999997
            },
            "type": "Feature"
        },
        {
            "geometry": {
                "coordinates": [
                    -3.7312621999999998,
                    40.4370261
                ],
                "type": "Point"
            },
            "properties": {
                "Ah": 0.60991,
                "du_raw": -0.2451266,
                "dv_raw": 0.18750719999999998,
                "fecha": "2025-05-28 16:29:56.750000",
                "orientacion_raw": -0.11562,
                "t_Ah": 174.469,
                "t_T_L": 175.652,
                "t_T_R": 175.652,
                "t_du": 175.8,
                "t_dv": 175.8,
                "t_lat": 175.802,
                "t_lon": 175.802,
                "t_orientacion": 175.577,
                "t_u": 175.8,
                "t_utm_zone": 175.596,
                "t_v": 175.8,
                "t_x": 175.8,
                "t_y": 175.8,
                "throttle_L": -9600,
                "throttle_R": -7395,
                "u_raw": -0.4582268,
                "utm_zone": 30,
                "v_raw": 0.0099598,
                "x": 20.7268278,
                "y": 26.2386171
            },
            "type": "Feature"
        },
        {
            "geometry": {
                "coordinates": [
                    -3.7312610999999998,
                    40.437024199999996
                ],
                "type": "Point"
            },
            "properties": {
                "Ah": 0.60991,
                "du_raw": -0.273448,
                "dv_raw": 0.1445368,
                "fecha": "2025-05-28 16:29:57.250000",
                "orientacion_raw": -0.104689,
                "t_Ah": 174.469,
                "t_T_L": 176.193,
                "t_T_R": 176.193,
                "t_du": 176.056,
                "t_dv": 176.056,
                "t_lat": 176.193,
                "t_lon": 176.193,
                "t_orientacion": 176.02,
                "t_u": 176.056,
                "t_utm_zone": 176.098,
                "t_v": 176.056,
                "t_x": 176.056,
                "t_y": 176.056,
                "throttle_L": -9600,
                "throttle_R": -7682,
                "u_raw": -0.5080334,
                "utm_zone": 30,
                "v_raw": 0.2291134,
                "x": 20.6369829,
                "y": 26.297211599999997
            },
            "type": "Feature"
        },
        {
            "geometry": {
                "coordinates": [
                    -3.7312596,
                    40.437022899999995
                ],
                "type": "Point"
            },
            "properties": {
                "Ah": 0.60991,
                "du_raw": -0.2578224,
                "dv_raw": 0.1630922,
                "fecha": "2025-05-28 16:29:57.500000",
                "orientacion_raw": -0.104689,
                "t_Ah": 174.469,
                "t_T_L": 176.193,
                "t_T_R": 176.193,
                "t_du": 176.364,
                "t_dv": 176.364,
                "t_lat": 176.531,
                "t_lon": 176.531,
                "t_orientacion": 176.02,
                "t_u": 176.364,
                "t_utm_zone": 176.365,
                "t_v": 176.364,
                "t_x": 176.364,
                "t_y": 176.364,
                "throttle_L": -9600,
                "throttle_R": -7682,
                "u_raw": -0.4781502,
                "utm_zone": 30,
                "v_raw": 0.1294983,
                "x": 20.3791671,
                "y": 26.5003392
            },
            "type": "Feature"
        },
        {
            "geometry": {
                "coordinates": [
                    -3.731258,
                    40.437021699999995
                ],
                "type": "Point"
            },
            "properties": {
                "Ah": 0.60991,
                "du_raw": -0.29298,
                "dv_raw": -0.0214852,
                "fecha": "2025-05-28 16:29:57.750000",
                "orientacion_raw": -0.116072,
                "t_Ah": 174.469,
                "t_T_L": 176.699,
                "t_T_R": 176.699,
                "t_du": 176.701,
                "t_dv": 176.701,
                "t_lat": 176.872,
                "t_lon": 176.872,
                "t_orientacion": 176.535,
                "t_u": 176.701,
                "t_utm_zone": 176.593,
                "t_v": 176.701,
                "t_x": 176.701,
                "t_y": 176.701,
                "throttle_L": -9600,
                "throttle_R": -7442,
                "u_raw": -0.5379185,
                "utm_zone": 30,
                "v_raw": 0.06973,
                "x": 20.238540299999997,
                "y": 26.539402199999998
            },
            "type": "Feature"
        },
        {
            "geometry": {
                "coordinates": [
                    -3.7312545,
                    40.4370191
                ],
                "type": "Point"
            },
            "properties": {
                "Ah": 0.60991,
                "du_raw": -0.2480564,
                "dv_raw": 0.0605492,
                "fecha": "2025-05-28 16:29:58.250000",
                "orientacion_raw": -0.143124,
                "t_Ah": 174.469,
                "t_T_L": 177.148,
                "t_T_R": 177.148,
                "t_du": 176.96,
                "t_dv": 176.96,
                "t_lat": 177.209,
                "t_lon": 177.209,
                "t_orientacion": 177.023,
                "t_u": 176.96,
                "t_utm_zone": 177.093,
                "t_v": 176.96,
                "t_x": 176.96,
                "t_y": 176.96,
                "throttle_L": -9600,
                "throttle_R": -7348,
                "u_raw": -0.41838000000000003,
                "utm_zone": 30,
                "v_raw": 0.1693432,
                "x": 20.1096324,
                "y": 26.5979967
            },
            "type": "Feature"
        },
        {
            "geometry": {
                "coordinates": [
                    -3.7312526999999998,
                    40.4370176
                ],
                "type": "Point"
            },
            "properties": {
                "Ah": 0.60991,
                "du_raw": -0.2841906,
                "dv_raw": -0.059572599999999996,
                "fecha": "2025-05-28 16:29:58.500000",
                "orientacion_raw": -0.174735,
                "t_Ah": 174.469,
                "t_T_L": 177.148,
                "t_T_R": 177.148,
                "t_du": 177.289,
                "t_dv": 177.289,
                "t_lat": 177.596,
                "t_lon": 177.596,
                "t_orientacion": 177.503,
                "t_u": 177.289,
                "t_utm_zone": 177.32,
                "t_v": 177.289,
                "t_x": 177.289,
                "t_y": 177.289,
                "throttle_L": -9600,
                "throttle_R": -7348,
                "u_raw": -0.6275719,
                "utm_zone": 30,
                "v_raw": 0.0796917,
                "x": 19.9494741,
                "y": 26.6370597
            },
            "type": "Feature"
        },
        {
            "geometry": {
                "coordinates": [
                    -3.7312505,
                    40.4370149
                ],
                "type": "Point"
            },
            "properties": {
                "Ah": 0.60991,
                "du_raw": -0.16895179999999999,
                "dv_raw": 0.068362,
                "fecha": "2025-05-28 16:29:59",
                "orientacion_raw": -0.174735,
                "t_Ah": 174.469,
                "t_T_L": 177.647,
                "t_T_R": 177.647,
                "t_du": 177.894,
                "t_dv": 177.894,
                "t_lat": 177.896,
                "t_lon": 177.896,
                "t_orientacion": 177.503,
                "t_u": 177.894,
                "t_utm_zone": 177.895,
                "t_v": 177.894,
                "t_x": 177.894,
                "t_y": 177.894,
                "throttle_L": -9600,
                "throttle_R": -5934,
                "u_raw": -0.6674168,
                "utm_zone": 30,
                "v_raw": 0.2390751,
                "x": 19.609626,
                "y": 26.6878416
            },
            "type": "Feature"
        },
        {
            "geometry": {
                "coordinates": [
                    -3.7312502,
                    40.4370139
                ],
                "type": "Point"
            },
            "properties": {
                "Ah": 0.60991,
                "du_raw": -0.2851672,
                "dv_raw": -0.1601624,
                "fecha": "2025-05-28 16:29:59.250000",
                "orientacion_raw": -0.195825,
                "t_Ah": 174.469,
                "t_T_L": 178.187,
                "t_T_R": 178.187,
                "t_du": 178.188,
                "t_dv": 178.188,
                "t_lat": 178.282,
                "t_lon": 178.282,
                "t_orientacion": 178.007,
                "t_u": 178.188,
                "t_utm_zone": 178.07,
                "t_v": 178.188,
                "t_x": 178.188,
                "t_y": 178.188,
                "throttle_L": -9600,
                "throttle_R": -5151,
                "u_raw": -0.5379185,
                "utm_zone": 30,
                "v_raw": 0.0796917,
                "x": 19.3791543,
                "y": 26.8284684
            },
            "type": "Feature"
        },
        {
            "geometry": {
                "coordinates": [
                    -3.7312494999999997,
                    40.437011999999996
                ],
                "type": "Point"
            },
            "properties": {
                "Ah": 0.60991,
                "du_raw": -0.0019532,
                "dv_raw": -0.1377006,
                "fecha": "2025-05-28 16:29:59.500000",
                "orientacion_raw": -0.203679,
                "t_Ah": 174.469,
                "t_T_L": 178.187,
                "t_T_R": 178.187,
                "t_du": 178.444,
                "t_dv": 178.444,
                "t_lat": 178.638,
                "t_lon": 178.638,
                "t_orientacion": 178.5,
                "t_u": 178.444,
                "t_utm_zone": 178.342,
                "t_v": 178.444,
                "t_x": 178.444,
                "t_y": 178.444,
                "throttle_L": -9600,
                "throttle_R": -5151,
                "u_raw": -0.4283417,
                "utm_zone": 30,
                "v_raw": 0.1294983,
                "x": 19.2775905,
                "y": 26.937844799999997
            },
            "type": "Feature"
        },
        {
            "geometry": {
                "coordinates": [
                    -3.7312478999999996,
                    40.437010799999996
                ],
                "type": "Point"
            },
            "properties": {
                "Ah": 0.60991,
                "du_raw": -0.0332044,
                "dv_raw": -0.0322278,
                "fecha": "2025-05-28 16:30:00",
                "orientacion_raw": -0.203679,
                "t_Ah": 174.469,
                "t_T_L": 178.646,
                "t_T_R": 178.646,
                "t_du": 178.781,
                "t_dv": 178.781,
                "t_lat": 178.94,
                "t_lon": 178.94,
                "t_orientacion": 178.5,
                "t_u": 178.781,
                "t_utm_zone": 178.838,
                "t_v": 178.781,
                "t_x": 178.781,
                "t_y": 178.781,
                "throttle_L": -9600,
                "throttle_R": -6611,
                "u_raw": -0.5279568,
                "utm_zone": 30,
                "v_raw": 0.2191517,
                "x": 19.1564952,
                "y": 27.0003456
            },
            "type": "Feature"
        },
        {
            "geometry": {
                "coordinates": [
                    -3.7312472999999997,
                    40.4370099
                ],
                "type": "Point"
            },
            "properties": {
                "Ah": 0.624235,
                "du_raw": -0.2500096,
                "dv_raw": -0.253916,
                "fecha": "2025-05-28 16:30:00.250000",
                "orientacion_raw": -0.207786,
                "t_Ah": 178.956,
                "t_T_L": 179.142,
                "t_T_R": 179.142,
                "t_du": 179.055,
                "t_dv": 179.055,
                "t_lat": 179.295,
                "t_lon": 179.295,
                "t_orientacion": 179.052,
                "t_u": 179.055,
                "t_utm_zone": 179.064,
                "t_v": 179.055,
                "t_x": 179.055,
                "t_y": 179.055,
                "throttle_L": -9600,
                "throttle_R": -5477,
                "u_raw": -0.5179951,
                "utm_zone": 30,
                "v_raw": 0.1892666,
                "x": 19.027587299999997,
                "y": 27.187848
            },
            "type": "Feature"
        },
        {
            "geometry": {
                "coordinates": [
                    -3.7312459999999996,
                    40.4370082
                ],
                "type": "Point"
            },
            "properties": {
                "Ah": 0.624235,
                "du_raw": -0.2861438,
                "dv_raw": -0.0205086,
                "fecha": "2025-05-28 16:30:00.750000",
                "orientacion_raw": -0.206652,
                "t_Ah": 178.956,
                "t_T_L": 179.688,
                "t_T_R": 179.688,
                "t_du": 179.356,
                "t_dv": 179.356,
                "t_lat": 179.688,
                "t_lon": 179.688,
                "t_orientacion": 179.502,
                "t_u": 179.356,
                "t_utm_zone": 179.565,
                "t_v": 179.356,
                "t_x": 179.356,
                "t_y": 179.356,
                "throttle_L": -9600,
                "throttle_R": -6483,
                "u_raw": -0.3586117,
                "utm_zone": 30,
                "v_raw": 0.1095749,
                "x": 18.840084899999997,
                "y": 27.250348799999998
            },
            "type": "Feature"
        },
        {
            "geometry": {
                "coordinates": [
                    -3.7312442,
                    40.4370068
                ],
                "type": "Point"
            },
            "properties": {
                "Ah": 0.624235,
                "du_raw": -0.0273448,
                "dv_raw": 0.2275478,
                "fecha": "2025-05-28 16:30:00.750000",
                "orientacion_raw": -0.206652,
                "t_Ah": 178.956,
                "t_T_L": 179.688,
                "t_T_R": 179.688,
                "t_du": 179.952,
                "t_dv": 179.952,
                "t_lat": 180.034,
                "t_lon": 180.034,
                "t_orientacion": 179.502,
                "t_u": 179.952,
                "t_utm_zone": 179.834,
                "t_v": 179.952,
                "t_x": 179.952,
                "t_y": 179.952,
                "throttle_L": -9600,
                "throttle_R": -6483,
                "u_raw": -0.4681885,
                "utm_zone": 30,
                "v_raw": 0.1992283,
                "x": 18.5900817,
                "y": 27.4066008
            },
            "type": "Feature"
        },
        {
            "geometry": {
                "coordinates": [
                    -3.7312437,
                    40.4370056
                ],
                "type": "Point"
            },
            "properties": {
                "Ah": 0.624235,
                "du_raw": -0.3691548,
                "dv_raw": 0.0908238,
                "fecha": "2025-05-28 16:30:01.250000",
                "orientacion_raw": -0.209282,
                "t_Ah": 178.956,
                "t_T_L": 180.133,
                "t_T_R": 180.133,
                "t_du": 180.274,
                "t_dv": 180.274,
                "t_lat": 180.348,
                "t_lon": 180.348,
                "t_orientacion": 180.038,
                "t_u": 180.274,
                "t_utm_zone": 180.079,
                "t_v": 180.274,
                "t_x": 180.274,
                "t_y": 180.274,
                "throttle_L": -9600,
                "throttle_R": -5187,
                "u_raw": -0.4582268,
                "utm_zone": 30,
                "v_raw": 0.13946,
                "x": 18.508049399999997,
                "y": 27.4495701
            },
            "type": "Feature"
        },
        {
            "geometry": {
                "coordinates": [
                    -3.7312437999999997,
                    40.4370049
                ],
                "type": "Point"
            },
            "properties": {
                "Ah": 0.624235,
                "du_raw": -0.3789208,
                "dv_raw": -0.004883,
                "fecha": "2025-05-28 16:30:01.750000",
                "orientacion_raw": -0.206958,
                "t_Ah": 178.956,
                "t_T_L": 180.637,
                "t_T_R": 180.637,
                "t_du": 180.548,
                "t_dv": 180.548,
                "t_lat": 180.737,
                "t_lon": 180.737,
                "t_orientacion": 180.545,
                "t_u": 180.548,
                "t_utm_zone": 180.584,
                "t_v": 180.548,
                "t_x": 180.548,
                "t_y": 180.548,
                "throttle_L": -9600,
                "throttle_R": -7731,
                "u_raw": -0.4482651,
                "utm_zone": 30,
                "v_raw": 0.1095749,
                "x": 18.4494549,
                "y": 27.4495701
            },
            "type": "Feature"
        },
        {
            "geometry": {
                "coordinates": [
                    -3.7312440999999996,
                    40.4370044
                ],
                "type": "Point"
            },
            "properties": {
                "Ah": 0.624235,
                "du_raw": -0.2168052,
                "dv_raw": 0.2128988,
                "fecha": "2025-05-28 16:30:01.750000",
                "orientacion_raw": -0.232054,
                "t_Ah": 178.956,
                "t_T_L": 180.637,
                "t_T_R": 180.637,
                "t_du": 180.876,
                "t_dv": 180.876,
                "t_lat": 181.038,
                "t_lon": 181.038,
                "t_orientacion": 180.991,
                "t_u": 180.876,
                "t_utm_zone": 180.876,
                "t_v": 180.876,
                "t_x": 180.876,
                "t_y": 180.876,
                "throttle_L": -9600,
                "throttle_R": -7731,
                "u_raw": -0.3386883,
                "utm_zone": 30,
                "v_raw": 0.0398449,
                "x": 18.3791415,
                "y": 27.5198835
            },
            "type": "Feature"
        },
        {
            "geometry": {
                "coordinates": [
                    -3.7312434,
                    40.4370031
                ],
                "type": "Point"
            },
            "properties": {
                "Ah": 0.624235,
                "du_raw": -0.302746,
                "dv_raw": 0.2168052,
                "fecha": "2025-05-28 16:30:02.500000",
                "orientacion_raw": -0.232054,
                "t_Ah": 178.956,
                "t_T_L": 181.179,
                "t_T_R": 181.179,
                "t_du": 181.189,
                "t_dv": 181.189,
                "t_lat": 181.381,
                "t_lon": 181.381,
                "t_orientacion": 180.991,
                "t_u": 181.189,
                "t_utm_zone": 181.327,
                "t_v": 181.189,
                "t_x": 181.189,
                "t_y": 181.189,
                "throttle_L": -5640,
                "throttle_R": -3600,
                "u_raw": -0.5080334,
                "utm_zone": 30,
                "v_raw": 0.13946,
                "x": 18.2580462,
                "y": 27.578477999999997
            },
            "type": "Feature"
        },
        {
            "geometry": {
                "coordinates": [
                    -3.7312428,
                    40.4370019
                ],
                "type": "Point"
            },
            "properties": {
                "Ah": 0.624235,
                "du_raw": -0.2109456,
                "dv_raw": -0.0224618,
                "fecha": "2025-05-28 16:30:02.750000",
                "orientacion_raw": -0.267604,
                "t_Ah": 178.956,
                "t_T_L": 181.629,
                "t_T_R": 181.629,
                "t_du": 181.436,
                "t_dv": 181.436,
                "t_lat": 181.781,
                "t_lon": 181.781,
                "t_orientacion": 181.489,
                "t_u": 181.436,
                "t_utm_zone": 181.576,
                "t_v": 181.436,
                "t_x": 181.436,
                "t_y": 181.436,
                "throttle_L": -1680,
                "throttle_R": 360,
                "u_raw": -0.5478802,
                "utm_zone": 30,
                "v_raw": 0.20919000000000001,
                "x": 18.1682013,
                "y": 27.648791399999997
            },
            "type": "Feature"
        },
        {
            "geometry": {
                "coordinates": [
                    -3.7312429999999996,
                    40.4370003
                ],
                "type": "Point"
            },
            "properties": {
                "Ah": 0.624235,
                "du_raw": -0.1201218,
                "dv_raw": 0.009766,
                "fecha": "2025-05-28 16:30:02.750000",
                "orientacion_raw": -0.311053,
                "t_Ah": 178.956,
                "t_T_L": 181.629,
                "t_T_R": 181.629,
                "t_du": 182.044,
                "t_dv": 182.044,
                "t_lat": 182.081,
                "t_lon": 182.081,
                "t_orientacion": 181.998,
                "t_u": 182.044,
                "t_utm_zone": 181.823,
                "t_v": 182.044,
                "t_x": 182.044,
                "t_y": 182.044,
                "throttle_L": -1680,
                "throttle_R": 360,
                "u_raw": -0.2988434,
                "utm_zone": 30,
                "v_raw": 0.0996132,
                "x": 17.9494485,
                "y": 27.668322899999996
            },
            "type": "Feature"
        },
        {
            "geometry": {
                "coordinates": [
                    -3.7312431999999998,
                    40.4369993
                ],
                "type": "Point"
            },
            "properties": {
                "Ah": 0.624235,
                "du_raw": -0.2265712,
                "dv_raw": -0.0039064,
                "fecha": "2025-05-28 16:30:03.500000",
                "orientacion_raw": -0.311053,
                "t_Ah": 178.956,
                "t_T_L": 182.131,
                "t_T_R": 182.131,
                "t_du": 182.353,
                "t_dv": 182.353,
                "t_lat": 182.424,
                "t_lon": 182.424,
                "t_orientacion": 181.998,
                "t_u": 182.353,
                "t_utm_zone": 182.353,
                "t_v": 182.353,
                "t_x": 182.353,
                "t_y": 182.353,
                "throttle_L": -990,
                "throttle_R": 1020,
                "u_raw": -0.3586117,
                "utm_zone": 30,
                "v_raw": 0.0896515,
                "x": 17.7580398,
                "y": 27.789418199999997
            },
            "type": "Feature"
        },
        {
            "geometry": {
                "coordinates": [
                    -3.7312429999999996,
                    40.4369985
                ],
                "type": "Point"
            },
            "properties": {
                "Ah": 0.624235,
                "du_raw": -0.2451266,
                "dv_raw": 0.034181,
                "fecha": "2025-05-28 16:30:03.750000",
                "orientacion_raw": -0.357636,
                "t_Ah": 178.956,
                "t_T_L": 182.677,
                "t_T_R": 182.677,
                "t_du": 182.68,
                "t_dv": 182.68,
                "t_lat": 182.776,
                "t_lon": 182.776,
                "t_orientacion": 182.481,
                "t_u": 182.68,
                "t_utm_zone": 182.571,
                "t_v": 182.68,
                "t_x": 182.68,
                "t_y": 182.68,
                "throttle_L": -960,
                "throttle_R": 1050,
                "u_raw": -0.41838000000000003,
                "utm_zone": 30,
                "v_raw": 0.2888817,
                "x": 17.656475999999998,
                "y": 27.797230799999998
            },
            "type": "Feature"
        },
        {
            "geometry": {
                "coordinates": [
                    -3.7312429,
                    40.4369969
                ],
                "type": "Point"
            },
            "properties": {
                "Ah": 0.624235,
                "du_raw": -0.0888706,
                "dv_raw": -0.034181,
                "fecha": "2025-05-28 16:30:04.250000",
                "orientacion_raw": -0.412333,
                "t_Ah": 178.956,
                "t_T_L": 183.18,
                "t_T_R": 183.18,
                "t_du": 182.937,
                "t_dv": 182.937,
                "t_lat": 183.181,
                "t_lon": 183.181,
                "t_orientacion": 182.998,
                "t_u": 182.937,
                "t_utm_zone": 183.07,
                "t_v": 182.937,
                "t_x": 182.937,
                "t_y": 182.937,
                "throttle_L": -960,
                "throttle_R": 1110,
                "u_raw": -0.3287266,
                "utm_zone": 30,
                "v_raw": 0.0199215,
                "x": 17.5470996,
                "y": 27.8792631
            },
            "type": "Feature"
        },
        {
            "geometry": {
                "coordinates": [
                    -3.7312431999999998,
                    40.4369963
                ],
                "type": "Point"
            },
            "properties": {
                "Ah": 0.631301,
                "du_raw": -0.1054728,
                "dv_raw": 0,
                "fecha": "2025-05-28 16:30:04.500000",
                "orientacion_raw": -0.412333,
                "t_Ah": 183.438,
                "t_T_L": 183.18,
                "t_T_R": 183.18,
                "t_du": 183.263,
                "t_dv": 183.263,
                "t_lat": 183.525,
                "t_lon": 183.525,
                "t_orientacion": 182.998,
                "t_u": 183.263,
                "t_utm_zone": 183.334,
                "t_v": 183.263,
                "t_x": 183.263,
                "t_y": 183.263,
                "throttle_L": -960,
                "throttle_R": 1110,
                "u_raw": -0.2689583,
                "utm_zone": 30,
                "v_raw": 0.1494217,
                "x": 17.488505099999998,
                "y": 27.969108
            },
            "type": "Feature"
        },
        {
            "geometry": {
                "coordinates": [
                    -3.7312431,
                    40.436995599999996
                ],
                "type": "Point"
            },
            "properties": {
                "Ah": 0.631301,
                "du_raw": -0.166022,
                "dv_raw": 0.0400406,
                "fecha": "2025-05-28 16:30:04.750000",
                "orientacion_raw": -0.469316,
                "t_Ah": 183.438,
                "t_T_L": 183.62,
                "t_T_R": 183.62,
                "t_du": 183.531,
                "t_dv": 183.531,
                "t_lat": 183.854,
                "t_lon": 183.854,
                "t_orientacion": 183.529,
                "t_u": 183.531,
                "t_utm_zone": 183.566,
                "t_v": 183.531,
                "t_x": 183.531,
                "t_y": 183.531,
                "throttle_L": -315,
                "throttle_R": 1755,
                "u_raw": -0.2689583,
                "utm_zone": 30,
                "v_raw": 0.0498066,
                "x": 17.418191699999998,
                "y": 28.047234
            },
            "type": "Feature"
        },
        {
            "geometry": {
                "coordinates": [
                    -3.7312426999999997,
                    40.436994299999995
                ],
                "type": "Point"
            },
            "properties": {
                "Ah": 0.631301,
                "du_raw": -0.1767646,
                "dv_raw": -0.0918004,
                "fecha": "2025-05-28 16:30:05.250000",
                "orientacion_raw": -0.519319,
                "t_Ah": 183.438,
                "t_T_L": 184.172,
                "t_T_R": 184.172,
                "t_du": 184.174,
                "t_dv": 184.174,
                "t_lat": 184.176,
                "t_lon": 184.176,
                "t_orientacion": 183.994,
                "t_u": 184.174,
                "t_utm_zone": 184.067,
                "t_v": 184.174,
                "t_x": 184.174,
                "t_y": 184.174,
                "throttle_L": -1920,
                "throttle_R": 3390,
                "u_raw": -0.1294983,
                "utm_zone": 30,
                "v_raw": 0.0099598,
                "x": 17.199438899999997,
                "y": 28.078484399999997
            },
            "type": "Feature"
        },
        {
            "geometry": {
                "coordinates": [
                    -3.7312425,
                    40.4369939
                ],
                "type": "Point"
            },
            "properties": {
                "Ah": 0.631301,
                "du_raw": -0.083011,
                "dv_raw": 0.0625024,
                "fecha": "2025-05-28 16:30:05.500000",
                "orientacion_raw": -0.52872,
                "t_Ah": 183.438,
                "t_T_L": 184.172,
                "t_T_R": 184.172,
                "t_du": 184.425,
                "t_dv": 184.425,
                "t_lat": 184.537,
                "t_lon": 184.537,
                "t_orientacion": 184.478,
                "t_u": 184.425,
                "t_utm_zone": 184.295,
                "t_v": 184.425,
                "t_x": 184.425,
                "t_y": 184.425,
                "throttle_L": -1920,
                "throttle_R": 3390,
                "u_raw": -0.1294983,
                "utm_zone": 30,
                "v_raw": 0.06973,
                "x": 17.148657,
                "y": 28.047234
            },
            "type": "Feature"
        },
        {
            "geometry": {
                "coordinates": [
                    -3.731242,
                    40.4369929
                ],
                "type": "Point"
            },
            "properties": {
                "Ah": 0.631301,
                "du_raw": 0.0839876,
                "dv_raw": -0.1054728,
                "fecha": "2025-05-28 16:30:05.750000",
                "orientacion_raw": -0.52872,
                "t_Ah": 183.438,
                "t_T_L": 184.628,
                "t_T_R": 184.628,
                "t_du": 184.766,
                "t_dv": 184.766,
                "t_lat": 184.865,
                "t_lon": 184.865,
                "t_orientacion": 184.478,
                "t_u": 184.766,
                "t_utm_zone": 184.812,
                "t_v": 184.766,
                "t_x": 184.766,
                "t_y": 184.766,
                "throttle_L": -2025,
                "throttle_R": 3465,
                "u_raw": -0.1992283,
                "utm_zone": 30,
                "v_raw": 0.0597683,
                "x": 17.109593999999998,
                "y": 28.027702499999997
            },
            "type": "Feature"
        },
        {
            "geometry": {
                "coordinates": [
                    -3.7312425,
                    40.436992499999995
                ],
                "type": "Point"
            },
            "properties": {
                "Ah": 0.631301,
                "du_raw": -0.1250048,
                "dv_raw": 0.0058595999999999995,
                "fecha": "2025-05-28 16:30:06.250000",
                "orientacion_raw": -0.53846,
                "t_Ah": 183.438,
                "t_T_L": 185.114,
                "t_T_R": 185.114,
                "t_du": 185.033,
                "t_dv": 185.033,
                "t_lat": 185.254,
                "t_lon": 185.254,
                "t_orientacion": 185.031,
                "t_u": 185.033,
                "t_utm_zone": 185.044,
                "t_v": 185.033,
                "t_x": 185.033,
                "t_y": 185.033,
                "throttle_L": -390,
                "throttle_R": 1860,
                "u_raw": -0.1793049,
                "utm_zone": 30,
                "v_raw": 0.0896515,
                "x": 17.0470932,
                "y": 28.0667655
            },
            "type": "Feature"
        },
        {
            "geometry": {
                "coordinates": [
                    -3.7312426,
                    40.4369921
                ],
                "type": "Point"
            },
            "properties": {
                "Ah": 0.631301,
                "du_raw": -0.2597756,
                "dv_raw": -0.063479,
                "fecha": "2025-05-28 16:30:06.500000",
                "orientacion_raw": -0.524092,
                "t_Ah": 183.438,
                "t_T_L": 185.114,
                "t_T_R": 185.114,
                "t_du": 185.333,
                "t_dv": 185.333,
                "t_lat": 185.575,
                "t_lon": 185.575,
                "t_orientacion": 185.484,
                "t_u": 185.333,
                "t_utm_zone": 185.334,
                "t_v": 185.333,
                "t_x": 185.333,
                "t_y": 185.333,
                "throttle_L": -390,
                "throttle_R": 1860,
                "u_raw": -0.1494217,
                "utm_zone": 30,
                "v_raw": 0.0597683,
                "x": 16.9572483,
                "y": 28.0902033
            },
            "type": "Feature"
        },
        {
            "geometry": {
                "coordinates": [
                    -3.7312434999999997,
                    40.4369914
                ],
                "type": "Point"
            },
            "properties": {
                "Ah": 0.631301,
                "du_raw": -0.1845774,
                "dv_raw": -0.0576194,
                "fecha": "2025-05-28 16:30:06.750000",
                "orientacion_raw": -0.524092,
                "t_Ah": 183.438,
                "t_T_L": 185.666,
                "t_T_R": 185.666,
                "t_du": 185.958,
                "t_dv": 185.958,
                "t_lat": 185.958,
                "t_lon": 185.958,
                "t_orientacion": 185.484,
                "t_u": 185.958,
                "t_utm_zone": 185.807,
                "t_v": 185.958,
                "t_x": 185.958,
                "t_y": 185.958,
                "throttle_L": -1950,
                "throttle_R": 3450,
                "u_raw": 0.0099598,
                "utm_zone": 30,
                "v_raw": 0.0597683,
                "x": 16.8791223,
                "y": 28.0902033
            },
            "type": "Feature"
        },
        {
            "geometry": {
                "coordinates": [
                    -3.7312437,
                    40.436991
                ],
                "type": "Point"
            },
            "properties": {
                "Ah": 0.631301,
                "du_raw": -0.0576194,
                "dv_raw": -0.0039064,
                "fecha": "2025-05-28 16:30:07.250000",
                "orientacion_raw": -0.410749,
                "t_Ah": 183.438,
                "t_T_L": 186.113,
                "t_T_R": 186.113,
                "t_du": 186.274,
                "t_dv": 186.274,
                "t_lat": 186.275,
                "t_lon": 186.275,
                "t_orientacion": 186.021,
                "t_u": 186.274,
                "t_utm_zone": 186.059,
                "t_v": 186.274,
                "t_x": 186.274,
                "t_y": 186.274,
                "throttle_L": -240,
                "throttle_R": 1740,
                "u_raw": -0.0398449,
                "utm_zone": 30,
                "v_raw": -0.0099598,
                "x": 16.8283404,
                "y": 28.0902033
            },
            "type": "Feature"
        },
        {
            "geometry": {
                "coordinates": [
                    -3.7312439,
                    40.4369903
                ],
                "type": "Point"
            },
            "properties": {
                "Ah": 0.631301,
                "du_raw": -0.0947302,
                "dv_raw": 0.0400406,
                "fecha": "2025-05-28 16:30:07.750000",
                "orientacion_raw": -0.31508,
                "t_Ah": 183.438,
                "t_T_L": 186.622,
                "t_T_R": 186.622,
                "t_du": 186.529,
                "t_dv": 186.529,
                "t_lat": 186.623,
                "t_lon": 186.623,
                "t_orientacion": 186.467,
                "t_u": 186.529,
                "t_utm_zone": 186.555,
                "t_v": 186.529,
                "t_x": 186.529,
                "t_y": 186.529,
                "throttle_L": -225,
                "throttle_R": 1725,
                "u_raw": 0,
                "utm_zone": 30,
                "v_raw": -0.0199215,
                "x": 16.797089999999997,
                "y": 28.098015899999996
            },
            "type": "Feature"
        },
        {
            "geometry": {
                "coordinates": [
                    -3.7312440999999996,
                    40.4369898
                ],
                "type": "Point"
            },
            "properties": {
                "Ah": 0.631301,
                "du_raw": -0.0966834,
                "dv_raw": 0.0429704,
                "fecha": "2025-05-28 16:30:07.750000",
                "orientacion_raw": -0.31508,
                "t_Ah": 183.438,
                "t_T_L": 186.622,
                "t_T_R": 186.622,
                "t_du": 186.827,
                "t_dv": 186.827,
                "t_lat": 187.004,
                "t_lon": 187.004,
                "t_orientacion": 186.467,
                "t_u": 186.827,
                "t_utm_zone": 186.828,
                "t_v": 186.827,
                "t_x": 186.827,
                "t_y": 186.827,
                "throttle_L": -225,
                "throttle_R": 1725,
                "u_raw": -0.06973,
                "utm_zone": 30,
                "v_raw": 0,
                "x": 16.758027,
                "y": 28.129266299999998
            },
            "type": "Feature"
        },
        {
            "geometry": {
                "coordinates": [
                    -3.7312440999999996,
                    40.4369891
                ],
                "type": "Point"
            },
            "properties": {
                "Ah": 0.631301,
                "du_raw": -0.1455134,
                "dv_raw": -0.0068362,
                "fecha": "2025-05-28 16:30:08.250000",
                "orientacion_raw": -0.246515,
                "t_Ah": 183.438,
                "t_T_L": 187.158,
                "t_T_R": 187.158,
                "t_du": 187.16,
                "t_dv": 187.16,
                "t_lat": 187.32,
                "t_lon": 187.32,
                "t_orientacion": 187.005,
                "t_u": 187.16,
                "t_utm_zone": 187.036,
                "t_v": 187.16,
                "t_x": 187.16,
                "t_y": 187.16,
                "throttle_L": -225,
                "throttle_R": 1725,
                "u_raw": -0.1294983,
                "utm_zone": 30,
                "v_raw": -0.0199215,
                "x": 16.6174002,
                "y": 28.0667655
            },
            "type": "Feature"
        },
        {
            "geometry": {
                "coordinates": [
                    -3.7312444,
                    40.436988199999995
                ],
                "type": "Point"
            },
            "properties": {
                "Ah": 0.631301,
                "du_raw": -0.0019532,
                "dv_raw": -0.023438399999999998,
                "fecha": "2025-05-28 16:30:08.750000",
                "orientacion_raw": -0.207293,
                "t_Ah": 183.438,
                "t_T_L": 187.607,
                "t_T_R": 187.607,
                "t_du": 187.408,
                "t_dv": 187.408,
                "t_lat": 187.707,
                "t_lon": 187.707,
                "t_orientacion": 187.465,
                "t_u": 187.408,
                "t_utm_zone": 187.552,
                "t_v": 187.408,
                "t_x": 187.408,
                "t_y": 187.408,
                "throttle_L": 1395,
                "throttle_R": 3255,
                "u_raw": -0.0498066,
                "utm_zone": 30,
                "v_raw": 0.0199215,
                "x": 16.5666183,
                "y": 28.0667655
            },
            "type": "Feature"
        },
        {
            "geometry": {
                "coordinates": [
                    -3.7312442999999997,
                    40.4369878
                ],
                "type": "Point"
            },
            "properties": {
                "Ah": 0.632636,
                "du_raw": 0.087894,
                "dv_raw": -0.0761748,
                "fecha": "2025-05-28 16:30:08.750000",
                "orientacion_raw": -0.165788,
                "t_Ah": 187.911,
                "t_T_L": 187.607,
                "t_T_R": 187.607,
                "t_du": 187.712,
                "t_dv": 187.712,
                "t_lat": 188.019,
                "t_lon": 188.019,
                "t_orientacion": 188.018,
                "t_u": 187.712,
                "t_utm_zone": 187.8,
                "t_v": 187.712,
                "t_x": 187.712,
                "t_y": 187.712,
                "throttle_L": 1395,
                "throttle_R": 3255,
                "u_raw": -0.0298832,
                "utm_zone": 30,
                "v_raw": -0.0298832,
                "x": 16.5197427,
                "y": 28.047234
            },
            "type": "Feature"
        },
        {
            "geometry": {
                "coordinates": [
                    -3.7312431,
                    40.436987099999996
                ],
                "type": "Point"
            },
            "properties": {
                "Ah": 0.632636,
                "du_raw": 0.3476696,
                "dv_raw": -0.0986366,
                "fecha": "2025-05-28 16:30:09.500000",
                "orientacion_raw": -0.165788,
                "t_Ah": 187.911,
                "t_T_L": 188.101,
                "t_T_R": 188.101,
                "t_du": 188.354,
                "t_dv": 188.354,
                "t_lat": 188.356,
                "t_lon": 188.356,
                "t_orientacion": 188.018,
                "t_u": 188.354,
                "t_utm_zone": 188.355,
                "t_v": 188.354,
                "t_x": 188.354,
                "t_y": 188.354,
                "throttle_L": 7904,
                "throttle_R": 9600,
                "u_raw": 0.13946,
                "utm_zone": 30,
                "v_raw": 0,
                "x": 16.398647399999998,
                "y": 28.058952899999998
            },
            "type": "Feature"
        },
        {
            "geometry": {
                "coordinates": [
                    -3.7312423,
                    40.4369867
                ],
                "type": "Point"
            },
            "properties": {
                "Ah": 0.632636,
                "du_raw": 0.1826242,
                "dv_raw": 0.112309,
                "fecha": "2025-05-28 16:30:09.750000",
                "orientacion_raw": -0.079312,
                "t_Ah": 187.911,
                "t_T_L": 188.664,
                "t_T_R": 188.664,
                "t_du": 188.667,
                "t_dv": 188.667,
                "t_lat": 188.746,
                "t_lon": 188.746,
                "t_orientacion": 188.46,
                "t_u": 188.667,
                "t_utm_zone": 188.552,
                "t_v": 188.667,
                "t_x": 188.667,
                "t_y": 188.667,
                "throttle_L": 8055,
                "throttle_R": 9600,
                "u_raw": 0.13946,
                "utm_zone": 30,
                "v_raw": -0.0199215,
                "x": 16.3595844,
                "y": 28.0667655
            },
            "type": "Feature"
        },
        {
            "geometry": {
                "coordinates": [
                    -3.7312414,
                    40.436986499999996
                ],
                "type": "Point"
            },
            "properties": {
                "Ah": 0.632636,
                "du_raw": 0.2568458,
                "dv_raw": -0.13184099999999999,
                "fecha": "2025-05-28 16:30:09.750000",
                "orientacion_raw": -0.071342,
                "t_Ah": 187.911,
                "t_T_L": 188.664,
                "t_T_R": 188.664,
                "t_du": 188.905,
                "t_dv": 188.905,
                "t_lat": 189.054,
                "t_lon": 189.054,
                "t_orientacion": 188.971,
                "t_u": 188.905,
                "t_utm_zone": 188.778,
                "t_v": 188.905,
                "t_x": 188.905,
                "t_y": 188.905,
                "throttle_L": 8055,
                "throttle_R": 9600,
                "u_raw": 0.1793049,
                "utm_zone": 30,
                "v_raw": 0.0996132,
                "x": 16.328333999999998,
                "y": 28.078484399999997
            },
            "type": "Feature"
        },
        {
            "geometry": {
                "coordinates": [
                    -3.7312409,
                    40.4369867
                ],
                "type": "Point"
            },
            "properties": {
                "Ah": 0.632636,
                "du_raw": 0.2011796,
                "dv_raw": -0.47658079999999997,
                "fecha": "2025-05-28 16:30:10.500000",
                "orientacion_raw": -0.071342,
                "t_Ah": 187.911,
                "t_T_L": 189.105,
                "t_T_R": 189.105,
                "t_du": 189.242,
                "t_dv": 189.242,
                "t_lat": 189.402,
                "t_lon": 189.402,
                "t_orientacion": 188.971,
                "t_u": 189.242,
                "t_utm_zone": 189.3,
                "t_v": 189.242,
                "t_x": 189.242,
                "t_y": 189.242,
                "throttle_L": 7904,
                "throttle_R": 9600,
                "u_raw": 0.1593834,
                "utm_zone": 30,
                "v_raw": -0.0996132,
                "x": 16.3166151,
                "y": 28.0902033
            },
            "type": "Feature"
        },
        {
            "geometry": {
                "coordinates": [
                    -3.7312409,
                    40.4369866
                ],
                "type": "Point"
            },
            "properties": {
                "Ah": 0.632636,
                "du_raw": 0.2236414,
                "dv_raw": 0.0722684,
                "fecha": "2025-05-28 16:30:10.750000",
                "orientacion_raw": -0.092647,
                "t_Ah": 187.911,
                "t_T_L": 189.6,
                "t_T_R": 189.6,
                "t_du": 189.521,
                "t_dv": 189.521,
                "t_lat": 189.759,
                "t_lon": 189.759,
                "t_orientacion": 189.457,
                "t_u": 189.521,
                "t_utm_zone": 189.547,
                "t_v": 189.521,
                "t_x": 189.521,
                "t_y": 189.521,
                "throttle_L": 2220,
                "throttle_R": 4080,
                "u_raw": 0.2191517,
                "utm_zone": 30,
                "v_raw": -0.13946,
                "x": 16.347865499999997,
                "y": 28.1097348
            },
            "type": "Feature"
        },
        {
            "geometry": {
                "coordinates": [
                    -3.7312407999999997,
                    40.436986999999995
                ],
                "type": "Point"
            },
            "properties": {
                "Ah": 0.632636,
                "du_raw": -0.0322278,
                "dv_raw": -0.0312512,
                "fecha": "2025-05-28 16:30:11.250000",
                "orientacion_raw": -0.044021,
                "t_Ah": 187.911,
                "t_T_L": 190.149,
                "t_T_R": 190.149,
                "t_du": 189.831,
                "t_dv": 189.831,
                "t_lat": 190.15,
                "t_lon": 190.15,
                "t_orientacion": 189.972,
                "t_u": 189.831,
                "t_utm_zone": 190.046,
                "t_v": 189.831,
                "t_x": 189.831,
                "t_y": 189.831,
                "throttle_L": -180,
                "throttle_R": 1680,
                "u_raw": 0.20919000000000001,
                "utm_zone": 30,
                "v_raw": -0.13946,
                "x": 16.347865499999997,
                "y": 28.1097348
            },
            "type": "Feature"
        },
        {
            "geometry": {
                "coordinates": [
                    -3.7312406,
                    40.4369868
                ],
                "type": "Point"
            },
            "properties": {
                "Ah": 0.632636,
                "du_raw": -0.1445368,
                "dv_raw": -0.078128,
                "fecha": "2025-05-28 16:30:11.500000",
                "orientacion_raw": -0.044021,
                "t_Ah": 187.911,
                "t_T_L": 190.149,
                "t_T_R": 190.149,
                "t_du": 190.401,
                "t_dv": 190.401,
                "t_lat": 190.483,
                "t_lon": 190.483,
                "t_orientacion": 189.972,
                "t_u": 190.401,
                "t_utm_zone": 190.272,
                "t_v": 190.401,
                "t_x": 190.401,
                "t_y": 190.401,
                "throttle_L": -180,
                "throttle_R": 1680,
                "u_raw": 0.20919000000000001,
                "utm_zone": 30,
                "v_raw": -0.06973,
                "x": 16.367397,
                "y": 28.148797799999997
            },
            "type": "Feature"
        },
        {
            "geometry": {
                "coordinates": [
                    -3.7312407,
                    40.4369867
                ],
                "type": "Point"
            },
            "properties": {
                "Ah": 0.632636,
                "du_raw": -0.0673854,
                "dv_raw": -0.0742216,
                "fecha": "2025-05-28 16:30:11.500000",
                "orientacion_raw": 0.020085,
                "t_Ah": 187.911,
                "t_T_L": 190.593,
                "t_T_R": 190.593,
                "t_du": 190.738,
                "t_dv": 190.738,
                "t_lat": 190.801,
                "t_lon": 190.801,
                "t_orientacion": 190.487,
                "t_u": 190.738,
                "t_utm_zone": 190.542,
                "t_v": 190.738,
                "t_x": 190.738,
                "t_y": 190.738,
                "throttle_L": -930,
                "throttle_R": 930,
                "u_raw": 0.13946,
                "utm_zone": 30,
                "v_raw": -0.0398449,
                "x": 16.3595844,
                "y": 28.226923799999998
            },
            "type": "Feature"
        },
        {
            "geometry": {
                "coordinates": [
                    -3.7312402,
                    40.4369862
                ],
                "type": "Point"
            },
            "properties": {
                "Ah": 0.632636,
                "du_raw": 0.1250048,
                "dv_raw": -0.1103558,
                "fecha": "2025-05-28 16:30:12",
                "orientacion_raw": 0.089976,
                "t_Ah": 187.911,
                "t_T_L": 191.145,
                "t_T_R": 191.145,
                "t_du": 191.012,
                "t_dv": 191.012,
                "t_lat": 191.152,
                "t_lon": 191.152,
                "t_orientacion": 191.01,
                "t_u": 191.012,
                "t_utm_zone": 191.038,
                "t_v": 191.012,
                "t_x": 191.012,
                "t_y": 191.012,
                "throttle_L": -960,
                "throttle_R": 960,
                "u_raw": 0.0896515,
                "utm_zone": 30,
                "v_raw": -0.0398449,
                "x": 16.3088025,
                "y": 28.1878608
            },
            "type": "Feature"
        },
        {
            "geometry": {
                "coordinates": [
                    -3.7312401,
                    40.436986
                ],
                "type": "Point"
            },
            "properties": {
                "Ah": 0.632636,
                "du_raw": 0.1621156,
                "dv_raw": -0.1035196,
                "fecha": "2025-05-28 16:30:12.500000",
                "orientacion_raw": 0.166202,
                "t_Ah": 187.911,
                "t_T_L": 191.145,
                "t_T_R": 191.145,
                "t_du": 191.309,
                "t_dv": 191.309,
                "t_lat": 191.498,
                "t_lon": 191.498,
                "t_orientacion": 191.449,
                "t_u": 191.309,
                "t_utm_zone": 191.309,
                "t_v": 191.309,
                "t_x": 191.309,
                "t_y": 191.309,
                "throttle_L": -960,
                "throttle_R": 960,
                "u_raw": 0.0597683,
                "utm_zone": 30,
                "v_raw": 0.0199215,
                "x": 16.297083599999997,
                "y": 28.226923799999998
            },
            "type": "Feature"
        },
        {
            "geometry": {
                "coordinates": [
                    -3.7312402999999996,
                    40.4369862
                ],
                "type": "Point"
            },
            "properties": {
                "Ah": 0.632636,
                "du_raw": 0.0263682,
                "dv_raw": -0.122075,
                "fecha": "2025-05-28 16:30:12.750000",
                "orientacion_raw": 0.166202,
                "t_Ah": 187.911,
                "t_T_L": 191.646,
                "t_T_R": 191.646,
                "t_du": 191.649,
                "t_dv": 191.649,
                "t_lat": 191.838,
                "t_lon": 191.838,
                "t_orientacion": 191.449,
                "t_u": 191.649,
                "t_utm_zone": 191.785,
                "t_v": 191.649,
                "t_x": 191.649,
                "t_y": 191.649,
                "throttle_L": -960,
                "throttle_R": 960,
                "u_raw": 0.1095749,
                "utm_zone": 30,
                "v_raw": -0.0298832,
                "x": 16.297083599999997,
                "y": 28.269893099999997
            },
            "type": "Feature"
        },
        {
            "geometry": {
                "coordinates": [
                    -3.7312402999999996,
                    40.436986399999995
                ],
                "type": "Point"
            },
            "properties": {
                "Ah": 0.632636,
                "du_raw": 0.0078128,
                "dv_raw": -0.0224618,
                "fecha": "2025-05-28 16:30:13",
                "orientacion_raw": 0.242413,
                "t_Ah": 187.911,
                "t_T_L": 192.095,
                "t_T_R": 192.095,
                "t_du": 191.908,
                "t_dv": 191.908,
                "t_lat": 192.241,
                "t_lon": 192.241,
                "t_orientacion": 191.958,
                "t_u": 191.908,
                "t_utm_zone": 192.049,
                "t_v": 191.908,
                "t_x": 191.908,
                "t_y": 191.908,
                "throttle_L": 9105,
                "throttle_R": -9105,
                "u_raw": 0.0796917,
                "utm_zone": 30,
                "v_raw": 0.0099598,
                "x": 16.3088025,
                "y": 28.269893099999997
            },
            "type": "Feature"
        },
        {
            "geometry": {
                "coordinates": [
                    -3.7312404,
                    40.436986399999995
                ],
                "type": "Point"
            },
            "properties": {
                "Ah": 0.639336,
                "du_raw": 0.3701314,
                "dv_raw": 0.317395,
                "fecha": "2025-05-28 16:30:13.250000",
                "orientacion_raw": 0.201324,
                "t_Ah": 192.408,
                "t_T_L": 192.095,
                "t_T_R": 192.095,
                "t_du": 192.504,
                "t_dv": 192.504,
                "t_lat": 192.593,
                "t_lon": 192.593,
                "t_orientacion": 192.501,
                "t_u": 192.504,
                "t_utm_zone": 192.283,
                "t_v": 192.504,
                "t_x": 192.504,
                "t_y": 192.504,
                "throttle_L": 9105,
                "throttle_R": -9105,
                "u_raw": 0.0498066,
                "utm_zone": 30,
                "v_raw": -0.0298832,
                "x": 16.3166151,
                "y": 28.316768699999997
            },
            "type": "Feature"
        },
        {
            "geometry": {
                "coordinates": [
                    -3.7312434999999997,
                    40.436986499999996
                ],
                "type": "Point"
            },
            "properties": {
                "Ah": 0.639336,
                "du_raw": 0.1162154,
                "dv_raw": -0.024415,
                "fecha": "2025-05-28 16:30:13.750000",
                "orientacion_raw": 0.201324,
                "t_Ah": 192.408,
                "t_T_L": 192.6,
                "t_T_R": 192.6,
                "t_du": 192.808,
                "t_dv": 192.808,
                "t_lat": 192.89,
                "t_lon": 192.89,
                "t_orientacion": 192.501,
                "t_u": 192.808,
                "t_utm_zone": 192.809,
                "t_v": 192.808,
                "t_x": 192.808,
                "t_y": 192.808,
                "throttle_L": 9105,
                "throttle_R": -9105,
                "u_raw": -0.0597683,
                "utm_zone": 30,
                "v_raw": -0.2589966,
                "x": 16.3595844,
                "y": 28.367550599999998
            },
            "type": "Feature"
        },
        {
            "geometry": {
                "coordinates": [
                    -3.7312442999999997,
                    40.4369861
                ],
                "type": "Point"
            },
            "properties": {
                "Ah": 0.639336,
                "du_raw": 0.2031328,
                "dv_raw": -0.1523496,
                "fecha": "2025-05-28 16:30:14",
                "orientacion_raw": -0.222154,
                "t_Ah": 192.408,
                "t_T_L": 193.141,
                "t_T_R": 193.141,
                "t_du": 193.144,
                "t_dv": 193.144,
                "t_lat": 193.24,
                "t_lon": 193.24,
                "t_orientacion": 192.956,
                "t_u": 193.144,
                "t_utm_zone": 193.033,
                "t_v": 193.144,
                "t_x": 193.144,
                "t_y": 193.144,
                "throttle_L": 9105,
                "throttle_R": -9105,
                "u_raw": -0.1992283,
                "utm_zone": 30,
                "v_raw": -0.2191517,
                "x": 16.289271,
                "y": 28.406613599999996
            },
            "type": "Feature"
        },
        {
            "geometry": {
                "coordinates": [
                    -3.7312453999999997,
                    40.436984599999995
                ],
                "type": "Point"
            },
            "properties": {
                "Ah": 0.639336,
                "du_raw": 0.1845774,
                "dv_raw": -0.3339972,
                "fecha": "2025-05-28 16:30:14.500000",
                "orientacion_raw": -0.825845,
                "t_Ah": 192.408,
                "t_T_L": 193.597,
                "t_T_R": 193.597,
                "t_du": 193.385,
                "t_dv": 193.385,
                "t_lat": 193.599,
                "t_lon": 193.599,
                "t_orientacion": 193.442,
                "t_u": 193.385,
                "t_utm_zone": 193.532,
                "t_v": 193.385,
                "t_x": 193.385,
                "t_y": 193.385,
                "throttle_L": 9105,
                "throttle_R": -9105,
                "u_raw": -0.38849680000000003,
                "utm_zone": 30,
                "v_raw": -0.0298832,
                "x": 16.2189576,
                "y": 28.406613599999996
            },
            "type": "Feature"
        },
        {
            "geometry": {
                "coordinates": [
                    -3.7312456999999997,
                    40.4369837
                ],
                "type": "Point"
            },
            "properties": {
                "Ah": 0.639336,
                "du_raw": -0.0429704,
                "dv_raw": -0.2646586,
                "fecha": "2025-05-28 16:30:14.750000",
                "orientacion_raw": -0.825845,
                "t_Ah": 192.408,
                "t_T_L": 193.597,
                "t_T_R": 193.597,
                "t_du": 193.746,
                "t_dv": 193.746,
                "t_lat": 193.987,
                "t_lon": 193.987,
                "t_orientacion": 193.442,
                "t_u": 193.746,
                "t_utm_zone": 193.761,
                "t_v": 193.746,
                "t_x": 193.746,
                "t_y": 193.746,
                "throttle_L": 9105,
                "throttle_R": -9105,
                "u_raw": -0.4383034,
                "utm_zone": 30,
                "v_raw": -0.0099598,
                "x": 16.1173938,
                "y": 28.437863999999998
            },
            "type": "Feature"
        },
        {
            "geometry": {
                "coordinates": [
                    -3.7312456,
                    40.436983
                ],
                "type": "Point"
            },
            "properties": {
                "Ah": 0.639336,
                "du_raw": -0.258799,
                "dv_raw": -0.1923902,
                "fecha": "2025-05-28 16:30:15",
                "orientacion_raw": -1.519706,
                "t_Ah": 192.408,
                "t_T_L": 194.082,
                "t_T_R": 194.082,
                "t_du": 193.991,
                "t_dv": 193.991,
                "t_lat": 194.327,
                "t_lon": 194.327,
                "t_orientacion": 193.989,
                "t_u": 193.991,
                "t_utm_zone": 194.029,
                "t_v": 193.991,
                "t_x": 193.991,
                "t_y": 193.991,
                "throttle_L": 9105,
                "throttle_R": -9105,
                "u_raw": -0.4681885,
                "utm_zone": 30,
                "v_raw": 0.0398449,
                "x": 16.019736299999998,
                "y": 28.4495829
            },
            "type": "Feature"
        },
        {
            "geometry": {
                "coordinates": [
                    -3.7312456,
                    40.4369829
                ],
                "type": "Point"
            },
            "properties": {
                "Ah": 0.639336,
                "du_raw": -0.4267742,
                "dv_raw": -0.1298878,
                "fecha": "2025-05-28 16:30:15.500000",
                "orientacion_raw": -2.234169,
                "t_Ah": 192.408,
                "t_T_L": 194.633,
                "t_T_R": 194.633,
                "t_du": 194.636,
                "t_dv": 194.636,
                "t_lat": 194.643,
                "t_lon": 194.643,
                "t_orientacion": 194.468,
                "t_u": 194.636,
                "t_utm_zone": 194.527,
                "t_v": 194.636,
                "t_x": 194.636,
                "t_y": 194.636,
                "throttle_L": 9120,
                "throttle_R": -9090,
                "u_raw": -0.0896515,
                "utm_zone": 30,
                "v_raw": 0.3088051,
                "x": 15.929891399999999,
                "y": 28.476926999999996
            },
            "type": "Feature"
        },
        {
            "geometry": {
                "coordinates": [
                    -3.7312456999999997,
                    40.4369836
                ],
                "type": "Point"
            },
            "properties": {
                "Ah": 0.639336,
                "du_raw": -0.4511892,
                "dv_raw": 0.014649,
                "fecha": "2025-05-28 16:30:15.750000",
                "orientacion_raw": -2.967238,
                "t_Ah": 192.408,
                "t_T_L": 194.633,
                "t_T_R": 194.633,
                "t_du": 194.892,
                "t_dv": 194.892,
                "t_lat": 195.001,
                "t_lon": 195.001,
                "t_orientacion": 194.942,
                "t_u": 194.892,
                "t_utm_zone": 194.774,
                "t_v": 194.892,
                "t_x": 194.892,
                "t_y": 194.892,
                "throttle_L": 9120,
                "throttle_R": -9090,
                "u_raw": 0.1593834,
                "utm_zone": 30,
                "v_raw": 0.4582268,
                "x": 16.019736299999998,
                "y": 28.547240399999996
            },
            "type": "Feature"
        },
        {
            "geometry": {
                "coordinates": [
                    -3.7312445999999997,
                    40.4369851
                ],
                "type": "Point"
            },
            "properties": {
                "Ah": 0.639336,
                "du_raw": -0.4570488,
                "dv_raw": -0.1093792,
                "fecha": "2025-05-28 16:30:16.250000",
                "orientacion_raw": -2.967238,
                "t_Ah": 192.408,
                "t_T_L": 195.077,
                "t_T_R": 195.077,
                "t_du": 195.226,
                "t_dv": 195.226,
                "t_lat": 195.329,
                "t_lon": 195.329,
                "t_orientacion": 194.942,
                "t_u": 195.226,
                "t_utm_zone": 195.275,
                "t_v": 195.226,
                "t_x": 195.226,
                "t_y": 195.226,
                "throttle_L": 9105,
                "throttle_R": -9105,
                "u_raw": 0.0498066,
                "utm_zone": 30,
                "v_raw": 0.4084183,
                "x": 16.0783308,
                "y": 28.558959299999998
            },
            "type": "Feature"
        },
        {
            "geometry": {
                "coordinates": [
                    -3.7312450999999998,
                    40.436986999999995
                ],
                "type": "Point"
            },
            "properties": {
                "Ah": 0.639336,
                "du_raw": -0.2070392,
                "dv_raw": 0.2187584,
                "fecha": "2025-05-28 16:30:16.500000",
                "orientacion_raw": 2.578637,
                "t_Ah": 192.408,
                "t_T_L": 195.576,
                "t_T_R": 195.576,
                "t_du": 195.499,
                "t_dv": 195.499,
                "t_lat": 195.719,
                "t_lon": 195.719,
                "t_orientacion": 195.435,
                "t_u": 195.499,
                "t_utm_zone": 195.524,
                "t_v": 195.499,
                "t_x": 195.499,
                "t_y": 195.499,
                "throttle_L": 9105,
                "throttle_R": -9105,
                "u_raw": 0.5379185,
                "utm_zone": 30,
                "v_raw": 0.38849680000000003,
                "x": 16.1681757,
                "y": 28.6097412
            },
            "type": "Feature"
        },
        {
            "geometry": {
                "coordinates": [
                    -3.7312464999999997,
                    40.436988799999995
                ],
                "type": "Point"
            },
            "properties": {
                "Ah": 0.639336,
                "du_raw": 0.058596,
                "dv_raw": 0.366225,
                "fecha": "2025-05-28 16:30:16.750000",
                "orientacion_raw": 1.839588,
                "t_Ah": 192.408,
                "t_T_L": 195.576,
                "t_T_R": 195.576,
                "t_du": 195.797,
                "t_dv": 195.797,
                "t_lat": 196.04,
                "t_lon": 196.04,
                "t_orientacion": 195.958,
                "t_u": 195.797,
                "t_utm_zone": 195.798,
                "t_v": 195.797,
                "t_x": 195.797,
                "t_y": 195.797,
                "throttle_L": 9105,
                "throttle_R": -9105,
                "u_raw": 0.4582268,
                "utm_zone": 30,
                "v_raw": 0.0996132,
                "x": 16.3869285,
                "y": 28.719117599999997
            },
            "type": "Feature"
        },
        {
            "geometry": {
                "coordinates": [
                    -3.7312512,
                    40.4369924
                ],
                "type": "Point"
            },
            "properties": {
                "Ah": 0.639336,
                "du_raw": -0.0966834,
                "dv_raw": 0.5068554,
                "fecha": "2025-05-28 16:30:17.250000",
                "orientacion_raw": 1.839588,
                "t_Ah": 192.408,
                "t_T_L": 196.127,
                "t_T_R": 196.127,
                "t_du": 196.129,
                "t_dv": 196.129,
                "t_lat": 196.429,
                "t_lon": 196.429,
                "t_orientacion": 195.958,
                "t_u": 196.129,
                "t_utm_zone": 196.289,
                "t_v": 196.129,
                "t_x": 196.129,
                "t_y": 196.129,
                "throttle_L": 9105,
                "throttle_R": -9105,
                "u_raw": 0.4980717,
                "utm_zone": 30,
                "v_raw": -0.3984585,
                "x": 16.7892774,
                "y": 28.750367999999998
            },
            "type": "Feature"
        },
        {
            "geometry": {
                "coordinates": [
                    -3.7312539,
                    40.436993699999995
                ],
                "type": "Point"
            },
            "properties": {
                "Ah": 0.639336,
                "du_raw": 0.551779,
                "dv_raw": 0.4160316,
                "fecha": "2025-05-28 16:30:17.500000",
                "orientacion_raw": 1.121517,
                "t_Ah": 192.408,
                "t_T_L": 196.574,
                "t_T_R": 196.574,
                "t_du": 196.723,
                "t_dv": 196.723,
                "t_lat": 196.725,
                "t_lon": 196.725,
                "t_orientacion": 196.434,
                "t_u": 196.723,
                "t_utm_zone": 196.519,
                "t_v": 196.723,
                "t_x": 196.723,
                "t_y": 196.723,
                "throttle_L": 9105,
                "throttle_R": -9105,
                "u_raw": 0.1693432,
                "utm_zone": 30,
                "v_raw": -0.38849680000000003,
                "x": 17.1369381,
                "y": 28.789430999999997
            },
            "type": "Feature"
        },
        {
            "geometry": {
                "coordinates": [
                    -3.7312562999999996,
                    40.4369945
                ],
                "type": "Point"
            },
            "properties": {
                "Ah": 0.65559,
                "du_raw": 0.4404466,
                "dv_raw": 0.1484432,
                "fecha": "2025-05-28 16:30:18",
                "orientacion_raw": 0.427136,
                "t_Ah": 196.879,
                "t_T_L": 197.112,
                "t_T_R": 197.112,
                "t_du": 196.989,
                "t_dv": 196.989,
                "t_lat": 197.112,
                "t_lon": 197.112,
                "t_orientacion": 196.988,
                "t_u": 196.989,
                "t_utm_zone": 197.016,
                "t_v": 196.989,
                "t_x": 196.989,
                "t_y": 196.989,
                "throttle_L": 9105,
                "throttle_R": -9105,
                "u_raw": 0.0398449,
                "utm_zone": 30,
                "v_raw": -0.5379185,
                "x": 17.2189704,
                "y": 28.828494
            },
            "type": "Feature"
        },
        {
            "geometry": {
                "coordinates": [
                    -3.7312608,
                    40.4369942
                ],
                "type": "Point"
            },
            "properties": {
                "Ah": 0.65559,
                "du_raw": 0.5293172,
                "dv_raw": 0.0869174,
                "fecha": "2025-05-28 16:30:18.250000",
                "orientacion_raw": 0.427136,
                "t_Ah": 196.879,
                "t_T_L": 197.112,
                "t_T_R": 197.112,
                "t_du": 197.286,
                "t_dv": 197.286,
                "t_lat": 197.464,
                "t_lon": 197.464,
                "t_orientacion": 196.988,
                "t_u": 197.286,
                "t_utm_zone": 197.287,
                "t_v": 197.286,
                "t_x": 197.286,
                "t_y": 197.286,
                "throttle_L": 9105,
                "throttle_R": -9105,
                "u_raw": -0.2191517,
                "utm_zone": 30,
                "v_raw": -0.3287266,
                "x": 17.250220799999997,
                "y": 28.840212899999997
            },
            "type": "Feature"
        },
        {
            "geometry": {
                "coordinates": [
                    -3.7312618,
                    40.4369934
                ],
                "type": "Point"
            },
            "properties": {
                "Ah": 0.65559,
                "du_raw": 0.58596,
                "dv_raw": -0.2207116,
                "fecha": "2025-05-28 16:30:18.500000",
                "orientacion_raw": -0.268829,
                "t_Ah": 196.879,
                "t_T_L": 197.625,
                "t_T_R": 197.625,
                "t_du": 197.628,
                "t_dv": 197.628,
                "t_lat": 197.784,
                "t_lon": 197.784,
                "t_orientacion": 197.466,
                "t_u": 197.628,
                "t_utm_zone": 197.517,
                "t_v": 197.628,
                "t_x": 197.628,
                "t_y": 197.628,
                "throttle_L": 9105,
                "throttle_R": -9105,
                "u_raw": -0.3685734,
                "utm_zone": 30,
                "v_raw": -0.2291134,
                "x": 17.0900625,
                "y": 28.9183389
            },
            "type": "Feature"
        },
        {
            "geometry": {
                "coordinates": [
                    -3.7312634,
                    40.4369918
                ],
                "type": "Point"
            },
            "properties": {
                "Ah": 0.65559,
                "du_raw": 0.23829039999999999,
                "dv_raw": -0.1836008,
                "fecha": "2025-05-28 16:30:19",
                "orientacion_raw": -0.982956,
                "t_Ah": 196.879,
                "t_T_L": 198.077,
                "t_T_R": 198.077,
                "t_du": 197.886,
                "t_dv": 197.886,
                "t_lat": 198.137,
                "t_lon": 198.137,
                "t_orientacion": 197.936,
                "t_u": 197.886,
                "t_utm_zone": 198.013,
                "t_v": 197.886,
                "t_x": 197.886,
                "t_y": 197.886,
                "throttle_L": 9105,
                "throttle_R": -9105,
                "u_raw": -0.5279568,
                "utm_zone": 30,
                "v_raw": -0.2689583,
                "x": 17.0080302,
                "y": 28.957401899999997
            },
            "type": "Feature"
        },
        {
            "geometry": {
                "coordinates": [
                    -3.7312638,
                    40.4369908
                ],
                "type": "Point"
            },
            "properties": {
                "Ah": 0.65559,
                "du_raw": 0.1552794,
                "dv_raw": -0.3603654,
                "fecha": "2025-05-28 16:30:19.250000",
                "orientacion_raw": -1.723871,
                "t_Ah": 196.879,
                "t_T_L": 198.077,
                "t_T_R": 198.077,
                "t_du": 198.215,
                "t_dv": 198.215,
                "t_lat": 198.519,
                "t_lon": 198.519,
                "t_orientacion": 198.428,
                "t_u": 198.215,
                "t_utm_zone": 198.263,
                "t_v": 198.215,
                "t_x": 198.215,
                "t_y": 198.215,
                "throttle_L": 9105,
                "throttle_R": -9105,
                "u_raw": -0.3386883,
                "utm_zone": 30,
                "v_raw": -0.0498066,
                "x": 16.9299042,
                "y": 28.976933399999997
            },
            "type": "Feature"
        },
        {
            "geometry": {
                "coordinates": [
                    -3.7312630999999996,
                    40.43699
                ],
                "type": "Point"
            },
            "properties": {
                "Ah": 0.65559,
                "du_raw": 0.0156256,
                "dv_raw": -0.2959098,
                "fecha": "2025-05-28 16:30:19.750000",
                "orientacion_raw": -1.723871,
                "t_Ah": 196.879,
                "t_T_L": 198.568,
                "t_T_R": 198.568,
                "t_du": 198.777,
                "t_dv": 198.777,
                "t_lat": 198.813,
                "t_lon": 198.813,
                "t_orientacion": 198.428,
                "t_u": 198.777,
                "t_utm_zone": 198.778,
                "t_v": 198.777,
                "t_x": 198.777,
                "t_y": 198.777,
                "throttle_L": 9105,
                "throttle_R": -9105,
                "u_raw": -0.3287266,
                "utm_zone": 30,
                "v_raw": 0.4980717,
                "x": 16.726776599999997,
                "y": 28.9691208
            },
            "type": "Feature"
        },
        {
            "geometry": {
                "coordinates": [
                    -3.7312586,
                    40.4369902
                ],
                "type": "Point"
            },
            "properties": {
                "Ah": 0.65559,
                "du_raw": -0.2949332,
                "dv_raw": 0.1591858,
                "fecha": "2025-05-28 16:30:20",
                "orientacion_raw": -2.489331,
                "t_Ah": 196.879,
                "t_T_L": 199.118,
                "t_T_R": 199.118,
                "t_du": 199.121,
                "t_dv": 199.121,
                "t_lat": 199.202,
                "t_lon": 199.202,
                "t_orientacion": 198.935,
                "t_u": 199.121,
                "t_utm_zone": 199.011,
                "t_v": 199.121,
                "t_x": 199.121,
                "t_y": 199.121,
                "throttle_L": 9105,
                "throttle_R": -9105,
                "u_raw": -0.0099598,
                "utm_zone": 30,
                "v_raw": 0.4383034,
                "x": 16.750214399999997,
                "y": 28.9886523
            },
            "type": "Feature"
        },
        {
            "geometry": {
                "coordinates": [
                    -3.7312567,
                    40.4369908
                ],
                "type": "Point"
            },
            "properties": {
                "Ah": 0.65559,
                "du_raw": -0.2939566,
                "dv_raw": 0.2255946,
                "fecha": "2025-05-28 16:30:20.250000",
                "orientacion_raw": 3.020032,
                "t_Ah": 196.879,
                "t_T_L": 199.118,
                "t_T_R": 199.118,
                "t_du": 199.362,
                "t_dv": 199.362,
                "t_lat": 199.517,
                "t_lon": 199.517,
                "t_orientacion": 199.435,
                "t_u": 199.362,
                "t_utm_zone": 199.258,
                "t_v": 199.362,
                "t_x": 199.362,
                "t_y": 199.362,
                "throttle_L": 9105,
                "throttle_R": -9105,
                "u_raw": 0.1693432,
                "utm_zone": 30,
                "v_raw": 0.3088051,
                "x": 16.8166215,
                "y": 29.0667783
            },
            "type": "Feature"
        },
        {
            "geometry": {
                "coordinates": [
                    -3.7312554999999996,
                    40.436992599999996
                ],
                "type": "Point"
            },
            "properties": {
                "Ah": 0.65559,
                "du_raw": -0.1591858,
                "dv_raw": 0.424821,
                "fecha": "2025-05-28 16:30:20.750000",
                "orientacion_raw": 3.020032,
                "t_Ah": 196.879,
                "t_T_L": 199.565,
                "t_T_R": 199.565,
                "t_du": 199.698,
                "t_dv": 199.698,
                "t_lat": 199.856,
                "t_lon": 199.856,
                "t_orientacion": 199.435,
                "t_u": 199.698,
                "t_utm_zone": 199.755,
                "t_v": 199.698,
                "t_x": 199.698,
                "t_y": 199.698,
                "throttle_L": 9105,
                "throttle_R": -9105,
                "u_raw": 0.3287266,
                "utm_zone": 30,
                "v_raw": 0.3685734,
                "x": 16.9064664,
                "y": 29.078497199999997
            },
            "type": "Feature"
        },
        {
            "geometry": {
                "coordinates": [
                    -3.7312553,
                    40.436994
                ],
                "type": "Point"
            },
            "properties": {
                "Ah": 0.65559,
                "du_raw": -0.04883,
                "dv_raw": 0.6601816,
                "fecha": "2025-05-28 16:30:21",
                "orientacion_raw": 2.270278,
                "t_Ah": 196.879,
                "t_T_L": 200.064,
                "t_T_R": 200.064,
                "t_du": 199.975,
                "t_dv": 199.975,
                "t_lat": 200.24,
                "t_lon": 200.24,
                "t_orientacion": 199.974,
                "t_u": 199.975,
                "t_utm_zone": 200.012,
                "t_v": 199.975,
                "t_x": 199.975,
                "t_y": 199.975,
                "throttle_L": 9105,
                "throttle_R": -9105,
                "u_raw": 0.3386883,
                "utm_zone": 30,
                "v_raw": 0.2888817,
                "x": 17.0080302,
                "y": 29.098028699999997
            },
            "type": "Feature"
        },
        {
            "geometry": {
                "coordinates": [
                    -3.7312556,
                    40.436995599999996
                ],
                "type": "Point"
            },
            "properties": {
                "Ah": 0.65559,
                "du_raw": 0.1230516,
                "dv_raw": 0.7431926,
                "fecha": "2025-05-28 16:30:21.500000",
                "orientacion_raw": 1.549647,
                "t_Ah": 196.879,
                "t_T_L": 200.59,
                "t_T_R": 200.59,
                "t_du": 200.281,
                "t_dv": 200.281,
                "t_lat": 200.592,
                "t_lon": 200.592,
                "t_orientacion": 200.414,
                "t_u": 200.281,
                "t_utm_zone": 200.506,
                "t_v": 200.281,
                "t_x": 200.281,
                "t_y": 200.281,
                "throttle_L": 9105,
                "throttle_R": -9105,
                "u_raw": 0.4283417,
                "utm_zone": 30,
                "v_raw": 0.13946,
                "x": 17.1681885,
                "y": 29.1097476
            },
            "type": "Feature"
        },
        {
            "geometry": {
                "coordinates": [
                    -3.7312589999999997,
                    40.4369979
                ],
                "type": "Point"
            },
            "properties": {
                "Ah": 0.65559,
                "du_raw": 0.4892766,
                "dv_raw": 0.2519628,
                "fecha": "2025-05-28 16:30:21.750000",
                "orientacion_raw": 1.549647,
                "t_Ah": 196.879,
                "t_T_L": 200.59,
                "t_T_R": 200.59,
                "t_du": 200.87,
                "t_dv": 200.87,
                "t_lat": 200.95,
                "t_lon": 200.95,
                "t_orientacion": 200.414,
                "t_u": 200.87,
                "t_utm_zone": 200.752,
                "t_v": 200.87,
                "t_x": 200.87,
                "t_y": 200.87,
                "throttle_L": 9105,
                "throttle_R": -9105,
                "u_raw": 0.2689583,
                "utm_zone": 30,
                "v_raw": -0.1992283,
                "x": 17.5978815,
                "y": 29.098028699999997
            },
            "type": "Feature"
        },
        {
            "geometry": {
                "coordinates": [
                    -3.7312613999999997,
                    40.4369985
                ],
                "type": "Point"
            },
            "properties": {
                "Ah": 0.65559,
                "du_raw": 0.5801004,
                "dv_raw": 0.0107426,
                "fecha": "2025-05-28 16:30:22",
                "orientacion_raw": 0.849379,
                "t_Ah": 196.879,
                "t_T_L": 201.06,
                "t_T_R": 201.06,
                "t_du": 201.207,
                "t_dv": 201.207,
                "t_lat": 201.266,
                "t_lon": 201.266,
                "t_orientacion": 200.953,
                "t_u": 201.207,
                "t_utm_zone": 200.983,
                "t_v": 201.207,
                "t_x": 201.207,
                "t_y": 201.207,
                "throttle_L": 9105,
                "throttle_R": -9105,
                "u_raw": 0.0298832,
                "utm_zone": 30,
                "v_raw": -0.4781502,
                "x": 17.6681949,
                "y": 29.1097476
            },
            "type": "Feature"
        },
        {
            "geometry": {
                "coordinates": [
                    -3.7312653,
                    40.436997999999996
                ],
                "type": "Point"
            },
            "properties": {
                "Ah": 0.671805,
                "du_raw": 0.5674046,
                "dv_raw": -0.09766,
                "fecha": "2025-05-28 16:30:22.500000",
                "orientacion_raw": 0.157605,
                "t_Ah": 201.362,
                "t_T_L": 201.554,
                "t_T_R": 201.554,
                "t_du": 201.464,
                "t_dv": 201.464,
                "t_lat": 201.661,
                "t_lon": 201.661,
                "t_orientacion": 201.462,
                "t_u": 201.464,
                "t_utm_zone": 201.501,
                "t_v": 201.464,
                "t_x": 201.464,
                "t_y": 201.464,
                "throttle_L": 9105,
                "throttle_R": -9105,
                "u_raw": -0.2191517,
                "utm_zone": 30,
                "v_raw": -0.4383034,
                "x": 17.656475999999998,
                "y": 29.187873599999996
            },
            "type": "Feature"
        },
        {
            "geometry": {
                "coordinates": [
                    -3.7312665999999997,
                    40.436997399999996
                ],
                "type": "Point"
            },
            "properties": {
                "Ah": 0.671805,
                "du_raw": 0.4257976,
                "dv_raw": -0.0644556,
                "fecha": "2025-05-28 16:30:22.750000",
                "orientacion_raw": -0.530204,
                "t_Ah": 201.362,
                "t_T_L": 201.554,
                "t_T_R": 201.554,
                "t_du": 201.775,
                "t_dv": 201.775,
                "t_lat": 201.968,
                "t_lon": 201.968,
                "t_orientacion": 201.92,
                "t_u": 201.775,
                "t_utm_zone": 201.775,
                "t_v": 201.775,
                "t_x": 201.775,
                "t_y": 201.775,
                "throttle_L": 9105,
                "throttle_R": -9105,
                "u_raw": -0.1992283,
                "utm_zone": 30,
                "v_raw": -0.4582268,
                "x": 17.609600399999998,
                "y": 29.269905899999998
            },
            "type": "Feature"
        },
        {
            "geometry": {
                "coordinates": [
                    -3.7312670999999997,
                    40.4369963
                ],
                "type": "Point"
            },
            "properties": {
                "Ah": 0.671805,
                "du_raw": 0.454119,
                "dv_raw": -0.1767646,
                "fecha": "2025-05-28 16:30:23.250000",
                "orientacion_raw": -0.530204,
                "t_Ah": 201.362,
                "t_T_L": 202.108,
                "t_T_R": 202.108,
                "t_du": 202.111,
                "t_dv": 202.111,
                "t_lat": 202.312,
                "t_lon": 202.312,
                "t_orientacion": 201.92,
                "t_u": 202.111,
                "t_utm_zone": 202.248,
                "t_v": 202.111,
                "t_x": 202.111,
                "t_y": 202.111,
                "throttle_L": 9105,
                "throttle_R": -9105,
                "u_raw": -0.5976868,
                "utm_zone": 30,
                "v_raw": -0.0597683,
                "x": 17.418191699999998,
                "y": 29.316781499999998
            },
            "type": "Feature"
        },
        {
            "geometry": {
                "coordinates": [
                    -3.7312659999999997,
                    40.436994299999995
                ],
                "type": "Point"
            },
            "properties": {
                "Ah": 0.671805,
                "du_raw": 0.205086,
                "dv_raw": -0.4863468,
                "fecha": "2025-05-28 16:30:23.500000",
                "orientacion_raw": -1.259756,
                "t_Ah": 201.362,
                "t_T_L": 202.551,
                "t_T_R": 202.551,
                "t_du": 202.351,
                "t_dv": 202.351,
                "t_lat": 202.704,
                "t_lon": 202.704,
                "t_orientacion": 202.405,
                "t_u": 202.351,
                "t_utm_zone": 202.497,
                "t_v": 202.351,
                "t_x": 202.351,
                "t_y": 202.351,
                "throttle_L": 9105,
                "throttle_R": -9105,
                "u_raw": -0.4781502,
                "utm_zone": 30,
                "v_raw": 0.1195366,
                "x": 17.297096399999997,
                "y": 29.3988138
            },
            "type": "Feature"
        },
        {
            "geometry": {
                "coordinates": [
                    -3.7312653,
                    40.4369934
                ],
                "type": "Point"
            },
            "properties": {
                "Ah": 0.671805,
                "du_raw": -0.5215044,
                "dv_raw": -0.278331,
                "fecha": "2025-05-28 16:30:23.750000",
                "orientacion_raw": -2.015869,
                "t_Ah": 201.362,
                "t_T_L": 202.551,
                "t_T_R": 202.551,
                "t_du": 202.955,
                "t_dv": 202.955,
                "t_lat": 203.003,
                "t_lon": 203.003,
                "t_orientacion": 202.92,
                "t_u": 202.955,
                "t_utm_zone": 202.774,
                "t_v": 202.955,
                "t_x": 202.955,
                "t_y": 202.955,
                "throttle_L": 9105,
                "throttle_R": -9105,
                "u_raw": -0.2988434,
                "utm_zone": 30,
                "v_raw": 0.3586117,
                "x": 17.109593999999998,
                "y": 29.430064199999997
            },
            "type": "Feature"
        },
        {
            "geometry": {
                "coordinates": [
                    -3.7312623,
                    40.436993199999996
                ],
                "type": "Point"
            },
            "properties": {
                "Ah": 0.671805,
                "du_raw": -0.605492,
                "dv_raw": 0.1435602,
                "fecha": "2025-05-28 16:30:24.250000",
                "orientacion_raw": -2.015869,
                "t_Ah": 201.362,
                "t_T_L": 203.054,
                "t_T_R": 203.054,
                "t_du": 203.262,
                "t_dv": 203.262,
                "t_lat": 203.347,
                "t_lon": 203.347,
                "t_orientacion": 202.92,
                "t_u": 203.262,
                "t_utm_zone": 203.263,
                "t_v": 203.262,
                "t_x": 203.262,
                "t_y": 203.262,
                "throttle_L": 9105,
                "throttle_R": -9105,
                "u_raw": -0.0996132,
                "utm_zone": 30,
                "v_raw": 0.38849680000000003,
                "x": 17.0666247,
                "y": 29.457408299999997
            },
            "type": "Feature"
        },
        {
            "geometry": {
                "coordinates": [
                    -3.7312604,
                    40.4369935
                ],
                "type": "Point"
            },
            "properties": {
                "Ah": 0.671805,
                "du_raw": -0.6552986,
                "dv_raw": 0.3095822,
                "fecha": "2025-05-28 16:30:24.500000",
                "orientacion_raw": -2.765303,
                "t_Ah": 201.362,
                "t_T_L": 203.601,
                "t_T_R": 203.601,
                "t_du": 203.604,
                "t_dv": 203.604,
                "t_lat": 203.699,
                "t_lon": 203.699,
                "t_orientacion": 203.402,
                "t_u": 203.604,
                "t_utm_zone": 203.495,
                "t_v": 203.604,
                "t_x": 203.604,
                "t_y": 203.604,
                "throttle_L": 9105,
                "throttle_R": -9105,
                "u_raw": -0.1195366,
                "utm_zone": 30,
                "v_raw": 0.27892,
                "x": 17.0783436,
                "y": 29.5394406
            },
            "type": "Feature"
        },
        {
            "geometry": {
                "coordinates": [
                    -3.7312588,
                    40.436994299999995
                ],
                "type": "Point"
            },
            "properties": {
                "Ah": 0.671805,
                "du_raw": -0.322278,
                "dv_raw": 0.1972732,
                "fecha": "2025-05-28 16:30:25",
                "orientacion_raw": 2.792427,
                "t_Ah": 201.362,
                "t_T_L": 204.102,
                "t_T_R": 204.102,
                "t_du": 203.858,
                "t_dv": 203.858,
                "t_lat": 204.103,
                "t_lon": 204.103,
                "t_orientacion": 203.922,
                "t_u": 203.858,
                "t_utm_zone": 203.996,
                "t_v": 203.858,
                "t_x": 203.858,
                "t_y": 203.858,
                "throttle_L": 9105,
                "throttle_R": -9105,
                "u_raw": 0.13946,
                "utm_zone": 30,
                "v_raw": 0.3984585,
                "x": 17.199438899999997,
                "y": 29.6566296
            },
            "type": "Feature"
        },
        {
            "geometry": {
                "coordinates": [
                    -3.7312578999999997,
                    40.4369966
                ],
                "type": "Point"
            },
            "properties": {
                "Ah": 0.671805,
                "du_raw": -0.366225,
                "dv_raw": 0.3408334,
                "fecha": "2025-05-28 16:30:25.250000",
                "orientacion_raw": 2.792427,
                "t_Ah": 201.362,
                "t_T_L": 204.102,
                "t_T_R": 204.102,
                "t_du": 204.193,
                "t_dv": 204.193,
                "t_lat": 204.447,
                "t_lon": 204.447,
                "t_orientacion": 203.922,
                "t_u": 204.193,
                "t_utm_zone": 204.246,
                "t_v": 204.193,
                "t_x": 204.193,
                "t_y": 204.193,
                "throttle_L": 9105,
                "throttle_R": -9105,
                "u_raw": 0.2689583,
                "utm_zone": 30,
                "v_raw": 0.2390751,
                "x": 17.297096399999997,
                "y": 29.687879999999996
            },
            "type": "Feature"
        },
        {
            "geometry": {
                "coordinates": [
                    -3.7312583,
                    40.4369978
                ],
                "type": "Point"
            },
            "properties": {
                "Ah": 0.671805,
                "du_raw": 0.278331,
                "dv_raw": 0.4824404,
                "fecha": "2025-05-28 16:30:25.500000",
                "orientacion_raw": 2.095788,
                "t_Ah": 201.362,
                "t_T_L": 204.545,
                "t_T_R": 204.545,
                "t_du": 204.452,
                "t_dv": 204.452,
                "t_lat": 204.777,
                "t_lon": 204.777,
                "t_orientacion": 204.451,
                "t_u": 204.452,
                "t_utm_zone": 204.489,
                "t_v": 204.452,
                "t_x": 204.452,
                "t_y": 204.452,
                "throttle_L": -1260,
                "throttle_R": 1260,
                "u_raw": 0.4681885,
                "utm_zone": 30,
                "v_raw": -0.0796917,
                "x": 17.4572547,
                "y": 29.726943
            },
            "type": "Feature"
        },
        {
            "geometry": {
                "coordinates": [
                    -3.7312604,
                    40.4369991
                ],
                "type": "Point"
            },
            "properties": {
                "Ah": 0.671805,
                "du_raw": 0.1543028,
                "dv_raw": 0.14649,
                "fecha": "2025-05-28 16:30:26",
                "orientacion_raw": 1.671517,
                "t_Ah": 201.362,
                "t_T_L": 205.093,
                "t_T_R": 205.093,
                "t_du": 205.096,
                "t_dv": 205.096,
                "t_lat": 205.098,
                "t_lon": 205.098,
                "t_orientacion": 204.918,
                "t_u": 205.096,
                "t_utm_zone": 204.992,
                "t_v": 205.096,
                "t_x": 205.096,
                "t_y": 205.096,
                "throttle_L": -1125,
                "throttle_R": 1125,
                "u_raw": 0.13946,
                "utm_zone": 30,
                "v_raw": -0.1195366,
                "x": 17.6681949,
                "y": 29.906632799999997
            },
            "type": "Feature"
        },
        {
            "geometry": {
                "coordinates": [
                    -3.7312615,
                    40.4369997
                ],
                "type": "Point"
            },
            "properties": {
                "Ah": 0.671805,
                "du_raw": -0.0039064,
                "dv_raw": 0.1054728,
                "fecha": "2025-05-28 16:30:26.250000",
                "orientacion_raw": 1.443641,
                "t_Ah": 201.362,
                "t_T_L": 205.093,
                "t_T_R": 205.093,
                "t_du": 205.393,
                "t_dv": 205.393,
                "t_lat": 205.461,
                "t_lon": 205.461,
                "t_orientacion": 205.396,
                "t_u": 205.393,
                "t_utm_zone": 205.234,
                "t_v": 205.393,
                "t_x": 205.393,
                "t_y": 205.393,
                "throttle_L": -1125,
                "throttle_R": 1125,
                "u_raw": 0.1494217,
                "utm_zone": 30,
                "v_raw": -0.0796917,
                "x": 17.797102799999998,
                "y": 30.047259599999997
            },
            "type": "Feature"
        },
        {
            "geometry": {
                "coordinates": [
                    -3.7312629,
                    40.4370001
                ],
                "type": "Point"
            },
            "properties": {
                "Ah": 0.671805,
                "du_raw": -0.0058595999999999995,
                "dv_raw": 0.043947,
                "fecha": "2025-05-28 16:30:26.750000",
                "orientacion_raw": 1.443641,
                "t_Ah": 201.362,
                "t_T_L": 205.554,
                "t_T_R": 205.554,
                "t_du": 205.676,
                "t_dv": 205.676,
                "t_lat": 205.786,
                "t_lon": 205.786,
                "t_orientacion": 205.396,
                "t_u": 205.676,
                "t_utm_zone": 205.733,
                "t_v": 205.676,
                "t_x": 205.676,
                "t_y": 205.676,
                "throttle_L": -3285,
                "throttle_R": 3285,
                "u_raw": 0.0199215,
                "utm_zone": 30,
                "v_raw": -0.0796917,
                "x": 17.847884699999998,
                "y": 30.1800738
            },
            "type": "Feature"
        },
        {
            "geometry": {
                "coordinates": [
                    -3.7312654,
                    40.437
                ],
                "type": "Point"
            },
            "properties": {
                "Ah": 0.682747,
                "du_raw": 0.161139,
                "dv_raw": -0.0380874,
                "fecha": "2025-05-28 16:30:27",
                "orientacion_raw": 1.358481,
                "t_Ah": 205.862,
                "t_T_L": 206.04,
                "t_T_R": 206.04,
                "t_du": 205.945,
                "t_dv": 205.945,
                "t_lat": 206.204,
                "t_lon": 206.204,
                "t_orientacion": 205.944,
                "t_u": 205.945,
                "t_utm_zone": 205.985,
                "t_v": 205.945,
                "t_x": 205.945,
                "t_y": 205.945,
                "throttle_L": -6600,
                "throttle_R": 6600,
                "u_raw": -0.0298832,
                "utm_zone": 30,
                "v_raw": -0.0597683,
                "x": 17.8596036,
                "y": 30.3480447
            },
            "type": "Feature"
        },
        {
            "geometry": {
                "coordinates": [
                    -3.7312667999999998,
                    40.436999899999996
                ],
                "type": "Point"
            },
            "properties": {
                "Ah": 0.682747,
                "du_raw": 0.1240282,
                "dv_raw": 0.1054728,
                "fecha": "2025-05-28 16:30:27.250000",
                "orientacion_raw": 1.500309,
                "t_Ah": 205.862,
                "t_T_L": 206.04,
                "t_T_R": 206.04,
                "t_du": 206.251,
                "t_dv": 206.251,
                "t_lat": 206.536,
                "t_lon": 206.536,
                "t_orientacion": 206.411,
                "t_u": 206.251,
                "t_utm_zone": 206.251,
                "t_v": 206.251,
                "t_x": 206.251,
                "t_y": 206.251,
                "throttle_L": -6600,
                "throttle_R": 6600,
                "u_raw": -0.0796917,
                "utm_zone": 30,
                "v_raw": -0.0199215,
                "x": 17.840072099999997,
                "y": 30.500390399999997
            },
            "type": "Feature"
        },
        {
            "geometry": {
                "coordinates": [
                    -3.7312681,
                    40.4369996
                ],
                "type": "Point"
            },
            "properties": {
                "Ah": 0.682747,
                "du_raw": 0.3457164,
                "dv_raw": 0.0839876,
                "fecha": "2025-05-28 16:30:27.750000",
                "orientacion_raw": 1.500309,
                "t_Ah": 205.862,
                "t_T_L": 206.542,
                "t_T_R": 206.542,
                "t_du": 206.545,
                "t_dv": 206.545,
                "t_lat": 206.882,
                "t_lon": 206.882,
                "t_orientacion": 206.411,
                "t_u": 206.545,
                "t_utm_zone": 206.729,
                "t_v": 206.545,
                "t_x": 206.545,
                "t_y": 206.545,
                "throttle_L": -9600,
                "throttle_R": 9600,
                "u_raw": -0.0796917,
                "utm_zone": 30,
                "v_raw": 0.1294983,
                "x": 17.816634299999997,
                "y": 30.637110899999996
            },
            "type": "Feature"
        },
        {
            "geometry": {
                "coordinates": [
                    -3.7312708999999997,
                    40.4369984
                ],
                "type": "Point"
            },
            "properties": {
                "Ah": 0.682747,
                "du_raw": 0.0136724,
                "dv_raw": 0.1210984,
                "fecha": "2025-05-28 16:30:28",
                "orientacion_raw": 1.969683,
                "t_Ah": 205.862,
                "t_T_L": 207.037,
                "t_T_R": 207.037,
                "t_du": 207.199,
                "t_dv": 207.199,
                "t_lat": 207.202,
                "t_lon": 207.202,
                "t_orientacion": 206.908,
                "t_u": 207.199,
                "t_utm_zone": 206.984,
                "t_v": 207.199,
                "t_x": 207.199,
                "t_y": 207.199,
                "throttle_L": -9600,
                "throttle_R": 9600,
                "u_raw": -0.3088051,
                "utm_zone": 30,
                "v_raw": 0.13946,
                "x": 17.6486634,
                "y": 30.719143199999998
            },
            "type": "Feature"
        },
        {
            "geometry": {
                "coordinates": [
                    -3.7312711999999997,
                    40.4369979
                ],
                "type": "Point"
            },
            "properties": {
                "Ah": 0.682747,
                "du_raw": -0.2177818,
                "dv_raw": -0.0283214,
                "fecha": "2025-05-28 16:30:28.500000",
                "orientacion_raw": 2.599884,
                "t_Ah": 205.862,
                "t_T_L": 207.545,
                "t_T_R": 207.545,
                "t_du": 207.44,
                "t_dv": 207.44,
                "t_lat": 207.547,
                "t_lon": 207.547,
                "t_orientacion": 207.387,
                "t_u": 207.44,
                "t_utm_zone": 207.483,
                "t_v": 207.44,
                "t_x": 207.44,
                "t_y": 207.44,
                "throttle_L": -9600,
                "throttle_R": 9600,
                "u_raw": -0.4383034,
                "utm_zone": 30,
                "v_raw": -0.0498066,
                "x": 17.5900689,
                "y": 30.738674699999997
            },
            "type": "Feature"
        },
        {
            "geometry": {
                "coordinates": [
                    -3.7312729,
                    40.436996799999996
                ],
                "type": "Point"
            },
            "properties": {
                "Ah": 0.682747,
                "du_raw": -0.2949332,
                "dv_raw": -0.3398568,
                "fecha": "2025-05-28 16:30:28.750000",
                "orientacion_raw": 2.599884,
                "t_Ah": 205.862,
                "t_T_L": 207.545,
                "t_T_R": 207.545,
                "t_du": 207.747,
                "t_dv": 207.747,
                "t_lat": 207.933,
                "t_lon": 207.933,
                "t_orientacion": 207.387,
                "t_u": 207.747,
                "t_utm_zone": 207.748,
                "t_v": 207.747,
                "t_x": 207.747,
                "t_y": 207.747,
                "throttle_L": -9600,
                "throttle_R": 9600,
                "u_raw": -0.4283417,
                "utm_zone": 30,
                "v_raw": -0.0996132,
                "x": 17.5275681,
                "y": 30.7699251
            },
            "type": "Feature"
        },
        {
            "geometry": {
                "coordinates": [
                    -3.7312746,
                    40.4369967
                ],
                "type": "Point"
            },
            "properties": {
                "Ah": 0.682747,
                "du_raw": -0.19532,
                "dv_raw": -0.2451266,
                "fecha": "2025-05-28 16:30:29",
                "orientacion_raw": -3.011702,
                "t_Ah": 205.862,
                "t_T_L": 208.085,
                "t_T_R": 208.085,
                "t_du": 208.088,
                "t_dv": 208.088,
                "t_lat": 208.255,
                "t_lon": 208.255,
                "t_orientacion": 207.939,
                "t_u": 208.088,
                "t_utm_zone": 207.978,
                "t_v": 208.088,
                "t_x": 208.088,
                "t_y": 208.088,
                "throttle_L": -9600,
                "throttle_R": 9600,
                "u_raw": -0.4084183,
                "utm_zone": 30,
                "v_raw": -0.3386883,
                "x": 17.4767862,
                "y": 30.906645599999997
            },
            "type": "Feature"
        },
        {
            "geometry": {
                "coordinates": [
                    -3.7312776,
                    40.436997399999996
                ],
                "type": "Point"
            },
            "properties": {
                "Ah": 0.682747,
                "du_raw": -0.2109456,
                "dv_raw": -0.3252078,
                "fecha": "2025-05-28 16:30:29.500000",
                "orientacion_raw": -2.322695,
                "t_Ah": 205.862,
                "t_T_L": 208.532,
                "t_T_R": 208.532,
                "t_du": 208.337,
                "t_dv": 208.337,
                "t_lat": 208.636,
                "t_lon": 208.636,
                "t_orientacion": 208.401,
                "t_u": 208.337,
                "t_utm_zone": 208.478,
                "t_v": 208.337,
                "t_x": 208.337,
                "t_y": 208.337,
                "throttle_L": -9600,
                "throttle_R": 9600,
                "u_raw": 0,
                "utm_zone": 30,
                "v_raw": -0.4980717,
                "x": 17.500224,
                "y": 31.0082094
            },
            "type": "Feature"
        },
        {
            "geometry": {
                "coordinates": [
                    -3.7312781999999998,
                    40.4369981
                ],
                "type": "Point"
            },
            "properties": {
                "Ah": 0.682747,
                "du_raw": -0.0214852,
                "dv_raw": -0.273448,
                "fecha": "2025-05-28 16:30:29.750000",
                "orientacion_raw": -1.604961,
                "t_Ah": 205.862,
                "t_T_L": 208.532,
                "t_T_R": 208.532,
                "t_du": 208.644,
                "t_dv": 208.644,
                "t_lat": 208.976,
                "t_lon": 208.976,
                "t_orientacion": 208.894,
                "t_u": 208.644,
                "t_utm_zone": 208.705,
                "t_v": 208.644,
                "t_x": 208.644,
                "t_y": 208.644,
                "throttle_L": -9600,
                "throttle_R": 9600,
                "u_raw": -0.1095749,
                "utm_zone": 30,
                "v_raw": -0.5678017,
                "x": 17.539286999999998,
                "y": 31.066803899999996
            },
            "type": "Feature"
        },
        {
            "geometry": {
                "coordinates": [
                    -3.731279,
                    40.4369991
                ],
                "type": "Point"
            },
            "properties": {
                "Ah": 0.682747,
                "du_raw": 0.3447398,
                "dv_raw": -0.1923902,
                "fecha": "2025-05-28 16:30:30.250000",
                "orientacion_raw": -1.604961,
                "t_Ah": 205.862,
                "t_T_L": 209.028,
                "t_T_R": 209.028,
                "t_du": 209.287,
                "t_dv": 209.287,
                "t_lat": 209.289,
                "t_lon": 209.289,
                "t_orientacion": 208.894,
                "t_u": 209.287,
                "t_utm_zone": 209.288,
                "t_v": 209.287,
                "t_x": 209.287,
                "t_y": 209.287,
                "throttle_L": -9600,
                "throttle_R": 9600,
                "u_raw": 0.3386883,
                "utm_zone": 30,
                "v_raw": -0.4681885,
                "x": 17.726789399999998,
                "y": 31.219149599999998
            },
            "type": "Feature"
        },
        {
            "geometry": {
                "coordinates": [
                    -3.7312798999999996,
                    40.437001099999996
                ],
                "type": "Point"
            },
            "properties": {
                "Ah": 0.682747,
                "du_raw": 0.4814638,
                "dv_raw": -0.1669986,
                "fecha": "2025-05-28 16:30:30.500000",
                "orientacion_raw": -0.885372,
                "t_Ah": 205.862,
                "t_T_L": 209.588,
                "t_T_R": 209.588,
                "t_du": 209.59,
                "t_dv": 209.59,
                "t_lat": 209.669,
                "t_lon": 209.669,
                "t_orientacion": 209.402,
                "t_u": 209.59,
                "t_utm_zone": 209.477,
                "t_v": 209.59,
                "t_x": 209.59,
                "t_y": 209.59,
                "throttle_L": -9600,
                "throttle_R": 9600,
                "u_raw": 0.3088051,
                "utm_zone": 30,
                "v_raw": -0.3187668,
                "x": 17.840072099999997,
                "y": 31.2269622
            },
            "type": "Feature"
        },
        {
            "geometry": {
                "coordinates": [
                    -3.731279,
                    40.437002
                ],
                "type": "Point"
            },
            "properties": {
                "Ah": 0.682747,
                "du_raw": 0.4033358,
                "dv_raw": -0.0371108,
                "fecha": "2025-05-28 16:30:30.750000",
                "orientacion_raw": -0.154541,
                "t_Ah": 205.862,
                "t_T_L": 209.588,
                "t_T_R": 209.588,
                "t_du": 209.829,
                "t_dv": 209.829,
                "t_lat": 209.977,
                "t_lon": 209.977,
                "t_orientacion": 209.895,
                "t_u": 209.829,
                "t_utm_zone": 209.701,
                "t_v": 209.829,
                "t_x": 209.829,
                "t_y": 209.829,
                "throttle_L": -9600,
                "throttle_R": 9600,
                "u_raw": 0.3287266,
                "utm_zone": 30,
                "v_raw": 0.2689583,
                "x": 17.9572611,
                "y": 31.2699315
            },
            "type": "Feature"
        },
        {
            "geometry": {
                "coordinates": [
                    -3.7312767,
                    40.437003499999996
                ],
                "type": "Point"
            },
            "properties": {
                "Ah": 0.682747,
                "du_raw": 0.4326338,
                "dv_raw": 0.0273448,
                "fecha": "2025-05-28 16:30:31.250000",
                "orientacion_raw": -0.154541,
                "t_Ah": 205.862,
                "t_T_L": 210.029,
                "t_T_R": 210.029,
                "t_du": 210.169,
                "t_dv": 210.169,
                "t_lat": 210.323,
                "t_lon": 210.323,
                "t_orientacion": 209.895,
                "t_u": 210.169,
                "t_utm_zone": 210.234,
                "t_v": 210.169,
                "t_x": 210.169,
                "t_y": 210.169,
                "throttle_L": -9600,
                "throttle_R": 9600,
                "u_raw": 0.2888817,
                "utm_zone": 30,
                "v_raw": 0.3984585,
                "x": 18.148669799999997,
                "y": 31.258212599999997
            },
            "type": "Feature"
        },
        {
            "geometry": {
                "coordinates": [
                    -3.7312752999999996,
                    40.4370036
                ],
                "type": "Point"
            },
            "properties": {
                "Ah": 0.699888,
                "du_raw": 0.3486462,
                "dv_raw": 0.4306806,
                "fecha": "2025-05-28 16:30:31.500000",
                "orientacion_raw": 0.600926,
                "t_Ah": 210.339,
                "t_T_L": 210.532,
                "t_T_R": 210.532,
                "t_du": 210.446,
                "t_dv": 210.446,
                "t_lat": 210.677,
                "t_lon": 210.677,
                "t_orientacion": 210.444,
                "t_u": 210.446,
                "t_utm_zone": 210.469,
                "t_v": 210.446,
                "t_x": 210.446,
                "t_y": 210.446,
                "throttle_L": -9600,
                "throttle_R": 9600,
                "u_raw": 0.1494217,
                "utm_zone": 30,
                "v_raw": 0.3785351,
                "x": 18.2189832,
                "y": 31.2269622
            },
            "type": "Feature"
        },
        {
            "geometry": {
                "coordinates": [
                    -3.7312743,
                    40.437003399999995
                ],
                "type": "Point"
            },
            "properties": {
                "Ah": 0.699888,
                "du_raw": -0.0185554,
                "dv_raw": 0.4023592,
                "fecha": "2025-05-28 16:30:32",
                "orientacion_raw": 1.328159,
                "t_Ah": 210.339,
                "t_T_L": 211.067,
                "t_T_R": 211.067,
                "t_du": 210.738,
                "t_dv": 210.738,
                "t_lat": 211.069,
                "t_lon": 211.069,
                "t_orientacion": 210.907,
                "t_u": 210.738,
                "t_utm_zone": 210.965,
                "t_v": 210.738,
                "t_x": 210.738,
                "t_y": 210.738,
                "throttle_L": -9600,
                "throttle_R": 9600,
                "u_raw": -0.0298832,
                "utm_zone": 30,
                "v_raw": 0.6375336,
                "x": 18.226795799999998,
                "y": 31.289462999999998
            },
            "type": "Feature"
        },
        {
            "geometry": {
                "coordinates": [
                    -3.7312727,
                    40.4370021
                ],
                "type": "Point"
            },
            "properties": {
                "Ah": 0.699888,
                "du_raw": -0.0712918,
                "dv_raw": 0.5605684,
                "fecha": "2025-05-28 16:30:32.250000",
                "orientacion_raw": 1.328159,
                "t_Ah": 210.339,
                "t_T_L": 211.067,
                "t_T_R": 211.067,
                "t_du": 211.32,
                "t_dv": 211.32,
                "t_lat": 211.403,
                "t_lon": 211.403,
                "t_orientacion": 210.907,
                "t_u": 211.32,
                "t_utm_zone": 211.22,
                "t_v": 211.32,
                "t_x": 211.32,
                "t_y": 211.32,
                "throttle_L": -9600,
                "throttle_R": 9600,
                "u_raw": -0.4283417,
                "utm_zone": 30,
                "v_raw": 0.27892,
                "x": 18.058824899999998,
                "y": 31.3402449
            },
            "type": "Feature"
        },
        {
            "geometry": {
                "coordinates": [
                    -3.7312719999999997,
                    40.437000999999995
                ],
                "type": "Point"
            },
            "properties": {
                "Ah": 0.699888,
                "du_raw": -0.18750719999999998,
                "dv_raw": 0.5117384,
                "fecha": "2025-05-28 16:30:32.500000",
                "orientacion_raw": 2.023822,
                "t_Ah": 210.339,
                "t_T_L": 211.518,
                "t_T_R": 211.518,
                "t_du": 211.661,
                "t_dv": 211.661,
                "t_lat": 211.738,
                "t_lon": 211.738,
                "t_orientacion": 211.405,
                "t_u": 211.661,
                "t_utm_zone": 211.464,
                "t_v": 211.661,
                "t_x": 211.661,
                "t_y": 211.661,
                "throttle_L": -9600,
                "throttle_R": 9600,
                "u_raw": -0.41838000000000003,
                "utm_zone": 30,
                "v_raw": 0.2888817,
                "x": 17.937729599999997,
                "y": 31.348057499999996
            },
            "type": "Feature"
        },
        {
            "geometry": {
                "coordinates": [
                    -3.7312721,
                    40.4369996
                ],
                "type": "Point"
            },
            "properties": {
                "Ah": 0.699888,
                "du_raw": -0.434587,
                "dv_raw": 0.2724714,
                "fecha": "2025-05-28 16:30:33",
                "orientacion_raw": 2.726873,
                "t_Ah": 210.339,
                "t_T_L": 212.018,
                "t_T_R": 212.018,
                "t_du": 211.929,
                "t_dv": 211.929,
                "t_lat": 212.082,
                "t_lon": 212.082,
                "t_orientacion": 211.928,
                "t_u": 211.929,
                "t_utm_zone": 211.966,
                "t_v": 211.929,
                "t_x": 211.929,
                "t_y": 211.929,
                "throttle_L": -9600,
                "throttle_R": 9600,
                "u_raw": -0.5877251,
                "utm_zone": 30,
                "v_raw": -0.2191517,
                "x": 17.7892902,
                "y": 31.2972756
            },
            "type": "Feature"
        },
        {
            "geometry": {
                "coordinates": [
                    -3.7312752999999996,
                    40.4369973
                ],
                "type": "Point"
            },
            "properties": {
                "Ah": 0.699888,
                "du_raw": -0.5693578,
                "dv_raw": 0.1279346,
                "fecha": "2025-05-28 16:30:33.250000",
                "orientacion_raw": -2.860832,
                "t_Ah": 210.339,
                "t_T_L": 212.018,
                "t_T_R": 212.018,
                "t_du": 212.248,
                "t_dv": 212.248,
                "t_lat": 212.432,
                "t_lon": 212.432,
                "t_orientacion": 212.369,
                "t_u": 212.248,
                "t_utm_zone": 212.249,
                "t_v": 212.248,
                "t_x": 212.248,
                "t_y": 212.248,
                "throttle_L": -9600,
                "throttle_R": 9600,
                "u_raw": -0.4383034,
                "utm_zone": 30,
                "v_raw": -0.3088051,
                "x": 17.6369445,
                "y": 31.3168071
            },
            "type": "Feature"
        },
        {
            "geometry": {
                "coordinates": [
                    -3.7312765,
                    40.4369969
                ],
                "type": "Point"
            },
            "properties": {
                "Ah": 0.699888,
                "du_raw": -0.4033358,
                "dv_raw": -0.0361342,
                "fecha": "2025-05-28 16:30:33.750000",
                "orientacion_raw": -2.860832,
                "t_Ah": 210.339,
                "t_T_L": 212.568,
                "t_T_R": 212.568,
                "t_du": 212.57,
                "t_dv": 212.57,
                "t_lat": 212.761,
                "t_lon": 212.761,
                "t_orientacion": 212.369,
                "t_u": 212.57,
                "t_utm_zone": 212.708,
                "t_v": 212.57,
                "t_x": 212.57,
                "t_y": 212.57,
                "throttle_L": -9600,
                "throttle_R": 9600,
                "u_raw": -0.2689583,
                "utm_zone": 30,
                "v_raw": -0.48811,
                "x": 17.539286999999998,
                "y": 31.348057499999996
            },
            "type": "Feature"
        },
        {
            "geometry": {
                "coordinates": [
                    -3.7312789,
                    40.436996799999996
                ],
                "type": "Point"
            },
            "properties": {
                "Ah": 0.699888,
                "du_raw": -0.3535292,
                "dv_raw": -0.059572599999999996,
                "fecha": "2025-05-28 16:30:34",
                "orientacion_raw": -2.165133,
                "t_Ah": 210.339,
                "t_T_L": 213.011,
                "t_T_R": 213.011,
                "t_du": 212.83,
                "t_dv": 212.83,
                "t_lat": 213.172,
                "t_lon": 213.172,
                "t_orientacion": 212.881,
                "t_u": 212.83,
                "t_utm_zone": 212.959,
                "t_v": 212.83,
                "t_x": 212.83,
                "t_y": 212.83,
                "throttle_L": -9600,
                "throttle_R": 9600,
                "u_raw": -0.1195366,
                "utm_zone": 30,
                "v_raw": -0.3187668,
                "x": 17.488505099999998,
                "y": 31.3402449
            },
            "type": "Feature"
        },
        {
            "geometry": {
                "coordinates": [
                    -3.7312805,
                    40.4369973
                ],
                "type": "Point"
            },
            "properties": {
                "Ah": 0.699888,
                "du_raw": 0.1796944,
                "dv_raw": -0.0625024,
                "fecha": "2025-05-28 16:30:34.250000",
                "orientacion_raw": -1.474088,
                "t_Ah": 210.339,
                "t_T_L": 213.011,
                "t_T_R": 213.011,
                "t_du": 213.425,
                "t_dv": 213.425,
                "t_lat": 213.509,
                "t_lon": 213.509,
                "t_orientacion": 213.424,
                "t_u": 213.425,
                "t_utm_zone": 213.211,
                "t_v": 213.425,
                "t_x": 213.425,
                "t_y": 213.425,
                "throttle_L": -9600,
                "throttle_R": 9600,
                "u_raw": 0.34865,
                "utm_zone": 30,
                "v_raw": -0.6076485,
                "x": 17.5275681,
                "y": 31.308994499999997
            },
            "type": "Feature"
        },
        {
            "geometry": {
                "coordinates": [
                    -3.7312819,
                    40.4369983
                ],
                "type": "Point"
            },
            "properties": {
                "Ah": 0.699888,
                "du_raw": 0.2158286,
                "dv_raw": -0.1084026,
                "fecha": "2025-05-28 16:30:34.750000",
                "orientacion_raw": -1.474088,
                "t_Ah": 210.339,
                "t_T_L": 213.514,
                "t_T_R": 213.514,
                "t_du": 213.723,
                "t_dv": 213.723,
                "t_lat": 213.808,
                "t_lon": 213.808,
                "t_orientacion": 213.424,
                "t_u": 213.723,
                "t_utm_zone": 213.724,
                "t_v": 213.723,
                "t_x": 213.723,
                "t_y": 213.723,
                "throttle_L": -9600,
                "throttle_R": 9600,
                "u_raw": 0.5080334,
                "utm_zone": 30,
                "v_raw": -0.0996132,
                "x": 17.6369445,
                "y": 31.308994499999997
            },
            "type": "Feature"
        },
        {
            "geometry": {
                "coordinates": [
                    -3.7312814999999997,
                    40.4370008
                ],
                "type": "Point"
            },
            "properties": {
                "Ah": 0.699888,
                "du_raw": 0.1210984,
                "dv_raw": 0.0214852,
                "fecha": "2025-05-28 16:30:35",
                "orientacion_raw": -0.779566,
                "t_Ah": 210.339,
                "t_T_L": 214.055,
                "t_T_R": 214.055,
                "t_du": 214.058,
                "t_dv": 214.058,
                "t_lat": 214.158,
                "t_lon": 214.158,
                "t_orientacion": 213.886,
                "t_u": 214.058,
                "t_utm_zone": 213.96,
                "t_v": 214.058,
                "t_x": 214.058,
                "t_y": 214.058,
                "throttle_L": -9600,
                "throttle_R": 9600,
                "u_raw": 0.3685734,
                "utm_zone": 30,
                "v_raw": 0.0199215,
                "x": 17.777571299999998,
                "y": 31.348057499999996
            },
            "type": "Feature"
        },
        {
            "geometry": {
                "coordinates": [
                    -3.7312800999999998,
                    40.437001699999996
                ],
                "type": "Point"
            },
            "properties": {
                "Ah": 0.699888,
                "du_raw": 0.2509862,
                "dv_raw": 0.1943434,
                "fecha": "2025-05-28 16:30:35.500000",
                "orientacion_raw": -0.071783,
                "t_Ah": 210.339,
                "t_T_L": 214.523,
                "t_T_R": 214.523,
                "t_du": 214.307,
                "t_dv": 214.307,
                "t_lat": 214.524,
                "t_lon": 214.524,
                "t_orientacion": 214.361,
                "t_u": 214.307,
                "t_utm_zone": 214.457,
                "t_v": 214.307,
                "t_x": 214.307,
                "t_y": 214.307,
                "throttle_L": -9600,
                "throttle_R": 9600,
                "u_raw": 0.2689583,
                "utm_zone": 30,
                "v_raw": 0.3685734,
                "x": 18.0197619,
                "y": 31.367589
            },
            "type": "Feature"
        },
        {
            "geometry": {
                "coordinates": [
                    -3.7312771999999996,
                    40.437003399999995
                ],
                "type": "Point"
            },
            "properties": {
                "Ah": 0.718045,
                "du_raw": 0.3545058,
                "dv_raw": 0.415055,
                "fecha": "2025-05-28 16:30:35.750000",
                "orientacion_raw": -0.071783,
                "t_Ah": 214.829,
                "t_T_L": 214.523,
                "t_T_R": 214.523,
                "t_du": 214.648,
                "t_dv": 214.648,
                "t_lat": 214.916,
                "t_lon": 214.916,
                "t_orientacion": 214.361,
                "t_u": 214.648,
                "t_utm_zone": 214.705,
                "t_v": 214.648,
                "t_x": 214.648,
                "t_y": 214.648,
                "throttle_L": -9600,
                "throttle_R": 9600,
                "u_raw": 0.3586117,
                "utm_zone": 30,
                "v_raw": 0.3586117,
                "x": 18.129138299999997,
                "y": 31.387120499999998
            },
            "type": "Feature"
        },
        {
            "geometry": {
                "coordinates": [
                    -3.7312764,
                    40.437003499999996
                ],
                "type": "Point"
            },
            "properties": {
                "Ah": 0.718045,
                "du_raw": -0.0664088,
                "dv_raw": 0.4648616,
                "fecha": "2025-05-28 16:30:36",
                "orientacion_raw": 0.629155,
                "t_Ah": 214.829,
                "t_T_L": 215.01,
                "t_T_R": 215.01,
                "t_du": 215.242,
                "t_dv": 215.242,
                "t_lat": 215.242,
                "t_lon": 215.242,
                "t_orientacion": 214.917,
                "t_u": 215.242,
                "t_utm_zone": 214.96,
                "t_v": 215.242,
                "t_x": 215.242,
                "t_y": 215.242,
                "throttle_L": -9600,
                "throttle_R": 9600,
                "u_raw": -0.0597683,
                "utm_zone": 30,
                "v_raw": 0.4781502,
                "x": 18.2189832,
                "y": 31.406651999999998
            },
            "type": "Feature"
        },
        {
            "geometry": {
                "coordinates": [
                    -3.7312754999999997,
                    40.4370033
                ],
                "type": "Point"
            },
            "properties": {
                "Ah": 0.718045,
                "du_raw": -0.3496228,
                "dv_raw": 0.556662,
                "fecha": "2025-05-28 16:30:36.500000",
                "orientacion_raw": 1.335761,
                "t_Ah": 214.829,
                "t_T_L": 215.554,
                "t_T_R": 215.554,
                "t_du": 215.556,
                "t_dv": 215.556,
                "t_lat": 215.56,
                "t_lon": 215.56,
                "t_orientacion": 215.357,
                "t_u": 215.556,
                "t_utm_zone": 215.45,
                "t_v": 215.556,
                "t_x": 215.556,
                "t_y": 215.556,
                "throttle_L": -9600,
                "throttle_R": 9600,
                "u_raw": -0.0996132,
                "utm_zone": 30,
                "v_raw": 0.3984585,
                "x": 18.1877328,
                "y": 31.359776399999998
            },
            "type": "Feature"
        },
        {
            "geometry": {
                "coordinates": [
                    -3.7312748,
                    40.437002
                ],
                "type": "Point"
            },
            "properties": {
                "Ah": 0.718045,
                "du_raw": -0.3545058,
                "dv_raw": 0.45802539999999997,
                "fecha": "2025-05-28 16:30:36.750000",
                "orientacion_raw": 2.025349,
                "t_Ah": 214.829,
                "t_T_L": 215.554,
                "t_T_R": 215.554,
                "t_du": 215.819,
                "t_dv": 215.819,
                "t_lat": 215.908,
                "t_lon": 215.908,
                "t_orientacion": 215.858,
                "t_u": 215.819,
                "t_utm_zone": 215.718,
                "t_v": 215.819,
                "t_x": 215.819,
                "t_y": 215.819,
                "throttle_L": -9600,
                "throttle_R": 9600,
                "u_raw": -0.20919000000000001,
                "utm_zone": 30,
                "v_raw": 0.34865,
                "x": 18.1369509,
                "y": 31.3402449
            },
            "type": "Feature"
        },
        {
            "geometry": {
                "coordinates": [
                    -3.7312746,
                    40.4370009
                ],
                "type": "Point"
            },
            "properties": {
                "Ah": 0.718045,
                "du_raw": -0.4257976,
                "dv_raw": 0.3964996,
                "fecha": "2025-05-28 16:30:37.250000",
                "orientacion_raw": 2.025349,
                "t_Ah": 214.829,
                "t_T_L": 216.005,
                "t_T_R": 216.005,
                "t_du": 216.146,
                "t_dv": 216.146,
                "t_lat": 216.251,
                "t_lon": 216.251,
                "t_orientacion": 215.858,
                "t_u": 216.146,
                "t_utm_zone": 216.201,
                "t_v": 216.146,
                "t_x": 216.146,
                "t_y": 216.146,
                "throttle_L": -9600,
                "throttle_R": 9600,
                "u_raw": -0.4084183,
                "utm_zone": 30,
                "v_raw": 0.1195366,
                "x": 17.929917,
                "y": 31.289462999999998
            },
            "type": "Feature"
        },
        {
            "geometry": {
                "coordinates": [
                    -3.7312752999999996,
                    40.4369988
                ],
                "type": "Point"
            },
            "properties": {
                "Ah": 0.718045,
                "du_raw": -0.1591858,
                "dv_raw": -0.23829039999999999,
                "fecha": "2025-05-28 16:30:37.500000",
                "orientacion_raw": 2.666578,
                "t_Ah": 214.829,
                "t_T_L": 216.501,
                "t_T_R": 216.501,
                "t_du": 216.406,
                "t_dv": 216.406,
                "t_lat": 216.607,
                "t_lon": 216.607,
                "t_orientacion": 216.405,
                "t_u": 216.406,
                "t_utm_zone": 216.445,
                "t_v": 216.406,
                "t_x": 216.406,
                "t_y": 216.406,
                "throttle_L": -960,
                "throttle_R": 960,
                "u_raw": -0.5578419,
                "utm_zone": 30,
                "v_raw": -0.1294983,
                "x": 17.8088217,
                "y": 31.2699315
            },
            "type": "Feature"
        },
        {
            "geometry": {
                "coordinates": [
                    -3.7312762,
                    40.4369981
                ],
                "type": "Point"
            },
            "properties": {
                "Ah": 0.718045,
                "du_raw": -0.2705182,
                "dv_raw": -0.0498066,
                "fecha": "2025-05-28 16:30:37.750000",
                "orientacion_raw": 3.025377,
                "t_Ah": 214.829,
                "t_T_L": 216.501,
                "t_T_R": 216.501,
                "t_du": 216.722,
                "t_dv": 216.722,
                "t_lat": 216.95,
                "t_lon": 216.95,
                "t_orientacion": 216.869,
                "t_u": 216.722,
                "t_utm_zone": 216.722,
                "t_v": 216.722,
                "t_x": 216.722,
                "t_y": 216.722,
                "throttle_L": -960,
                "throttle_R": 960,
                "u_raw": -0.2191517,
                "utm_zone": 30,
                "v_raw": -0.2589966,
                "x": 17.699445299999997,
                "y": 31.2269622
            },
            "type": "Feature"
        },
        {
            "geometry": {
                "coordinates": [
                    -3.7312768,
                    40.4369978
                ],
                "type": "Point"
            },
            "properties": {
                "Ah": 0.718045,
                "du_raw": -0.2470798,
                "dv_raw": 0.058596,
                "fecha": "2025-05-28 16:30:38.250000",
                "orientacion_raw": 3.025377,
                "t_Ah": 214.829,
                "t_T_L": 217.042,
                "t_T_R": 217.042,
                "t_du": 217.044,
                "t_dv": 217.044,
                "t_lat": 217.347,
                "t_lon": 217.347,
                "t_orientacion": 216.869,
                "t_u": 217.044,
                "t_utm_zone": 217.193,
                "t_v": 217.044,
                "t_x": 217.044,
                "t_y": 217.044,
                "throttle_L": -960,
                "throttle_R": 960,
                "u_raw": -0.0398449,
                "utm_zone": 30,
                "v_raw": -0.0298832,
                "x": 17.617413,
                "y": 31.238681099999997
            },
            "type": "Feature"
        },
        {
            "geometry": {
                "coordinates": [
                    -3.7312789,
                    40.4369975
                ],
                "type": "Point"
            },
            "properties": {
                "Ah": 0.718045,
                "du_raw": -0.1337942,
                "dv_raw": 0.0869174,
                "fecha": "2025-05-28 16:30:38.500000",
                "orientacion_raw": -3.035891,
                "t_Ah": 214.829,
                "t_T_L": 217.496,
                "t_T_R": 217.496,
                "t_du": 217.644,
                "t_dv": 217.644,
                "t_lat": 217.646,
                "t_lon": 217.646,
                "t_orientacion": 217.351,
                "t_u": 217.644,
                "t_utm_zone": 217.44,
                "t_v": 217.644,
                "t_x": 217.644,
                "t_y": 217.644,
                "throttle_L": -960,
                "throttle_R": 960,
                "u_raw": -0.0199215,
                "utm_zone": 30,
                "v_raw": -0.1294983,
                "x": 17.558818499999997,
                "y": 31.2269622
            },
            "type": "Feature"
        },
        {
            "geometry": {
                "coordinates": [
                    -3.7312790999999996,
                    40.4369975
                ],
                "type": "Point"
            },
            "properties": {
                "Ah": 0.718045,
                "du_raw": 0.0136724,
                "dv_raw": 0.1836008,
                "fecha": "2025-05-28 16:30:39",
                "orientacion_raw": -2.879492,
                "t_Ah": 214.829,
                "t_T_L": 218.042,
                "t_T_R": 218.042,
                "t_du": 217.903,
                "t_dv": 217.903,
                "t_lat": 218.043,
                "t_lon": 218.043,
                "t_orientacion": 217.902,
                "t_u": 217.903,
                "t_utm_zone": 217.944,
                "t_v": 217.903,
                "t_x": 217.903,
                "t_y": 217.903,
                "throttle_L": -6660,
                "throttle_R": 6690,
                "u_raw": -0.0597683,
                "utm_zone": 30,
                "v_raw": -0.0996132,
                "x": 17.5470996,
                "y": 31.207430699999996
            },
            "type": "Feature"
        },
        {
            "geometry": {
                "coordinates": [
                    -3.73128,
                    40.4369975
                ],
                "type": "Point"
            },
            "properties": {
                "Ah": 0.718045,
                "du_raw": -0.4033358,
                "dv_raw": 0.0810578,
                "fecha": "2025-05-28 16:30:39.250000",
                "orientacion_raw": -2.879492,
                "t_Ah": 214.829,
                "t_T_L": 218.042,
                "t_T_R": 218.042,
                "t_du": 218.222,
                "t_dv": 218.222,
                "t_lat": 218.376,
                "t_lon": 218.376,
                "t_orientacion": 217.902,
                "t_u": 218.222,
                "t_utm_zone": 218.224,
                "t_v": 218.222,
                "t_x": 218.222,
                "t_y": 218.222,
                "throttle_L": -6660,
                "throttle_R": 6690,
                "u_raw": -0.0597683,
                "utm_zone": 30,
                "v_raw": -0.1693432,
                "x": 17.5470996,
                "y": 31.207430699999996
            },
            "type": "Feature"
        },
        {
            "geometry": {
                "coordinates": [
                    -3.7312798,
                    40.4369977
                ],
                "type": "Point"
            },
            "properties": {
                "Ah": 0.718045,
                "du_raw": -0.1484432,
                "dv_raw": 0.1630922,
                "fecha": "2025-05-28 16:30:39.500000",
                "orientacion_raw": -2.613429,
                "t_Ah": 214.829,
                "t_T_L": 218.545,
                "t_T_R": 218.545,
                "t_du": 218.548,
                "t_dv": 218.548,
                "t_lat": 218.701,
                "t_lon": 218.701,
                "t_orientacion": 218.379,
                "t_u": 218.548,
                "t_utm_zone": 218.436,
                "t_v": 218.548,
                "t_x": 218.548,
                "t_y": 218.548,
                "throttle_L": -2265,
                "throttle_R": 2385,
                "u_raw": -0.06973,
                "utm_zone": 30,
                "v_raw": -0.2490349,
                "x": 17.5470996,
                "y": 31.219149599999998
            },
            "type": "Feature"
        },
        {
            "geometry": {
                "coordinates": [
                    -3.7312797,
                    40.436997999999996
                ],
                "type": "Point"
            },
            "properties": {
                "Ah": 0.718045,
                "du_raw": -0.1425836,
                "dv_raw": 0.0087894,
                "fecha": "2025-05-28 16:30:40",
                "orientacion_raw": -2.334453,
                "t_Ah": 214.829,
                "t_T_L": 218.998,
                "t_T_R": 218.998,
                "t_du": 218.803,
                "t_dv": 218.803,
                "t_lat": 219.059,
                "t_lon": 219.059,
                "t_orientacion": 218.863,
                "t_u": 218.803,
                "t_utm_zone": 218.95,
                "t_v": 218.803,
                "t_x": 218.803,
                "t_y": 218.803,
                "throttle_L": 2016,
                "throttle_R": 9600,
                "u_raw": 0.0298832,
                "utm_zone": 30,
                "v_raw": -0.1693432,
                "x": 17.57835,
                "y": 31.3168071
            },
            "type": "Feature"
        },
        {
            "geometry": {
                "coordinates": [
                    -3.7312803999999997,
                    40.4369984
                ],
                "type": "Point"
            },
            "properties": {
                "Ah": 0.72562,
                "du_raw": -0.4970894,
                "dv_raw": -0.004883,
                "fecha": "2025-05-28 16:30:40.250000",
                "orientacion_raw": -2.022027,
                "t_Ah": 219.295,
                "t_T_L": 218.998,
                "t_T_R": 218.998,
                "t_du": 219.129,
                "t_dv": 219.129,
                "t_lat": 219.441,
                "t_lon": 219.441,
                "t_orientacion": 219.349,
                "t_u": 219.129,
                "t_utm_zone": 219.185,
                "t_v": 219.129,
                "t_x": 219.129,
                "t_y": 219.129,
                "throttle_L": 2016,
                "throttle_R": 9600,
                "u_raw": -0.0199215,
                "utm_zone": 30,
                "v_raw": -0.2490349,
                "x": 17.6486634,
                "y": 31.387120499999998
            },
            "type": "Feature"
        },
        {
            "geometry": {
                "coordinates": [
                    -3.7312802,
                    40.4369985
                ],
                "type": "Point"
            },
            "properties": {
                "Ah": 0.72562,
                "du_raw": 0.0527364,
                "dv_raw": -0.2207116,
                "fecha": "2025-05-28 16:30:40.750000",
                "orientacion_raw": -2.022027,
                "t_Ah": 219.295,
                "t_T_L": 219.493,
                "t_T_R": 219.493,
                "t_du": 219.744,
                "t_dv": 219.744,
                "t_lat": 219.745,
                "t_lon": 219.745,
                "t_orientacion": 219.349,
                "t_u": 219.744,
                "t_utm_zone": 219.744,
                "t_v": 219.744,
                "t_x": 219.744,
                "t_y": 219.744,
                "throttle_L": 5258,
                "throttle_R": 9600,
                "u_raw": 0.0199215,
                "utm_zone": 30,
                "v_raw": -0.20919000000000001,
                "x": 17.656475999999998,
                "y": 31.457433899999998
            },
            "type": "Feature"
        },
        {
            "geometry": {
                "coordinates": [
                    -3.7312822,
                    40.4369983
                ],
                "type": "Point"
            },
            "properties": {
                "Ah": 0.72562,
                "du_raw": 0.478534,
                "dv_raw": 0.083011,
                "fecha": "2025-05-28 16:30:41",
                "orientacion_raw": -1.720828,
                "t_Ah": 219.295,
                "t_T_L": 220.035,
                "t_T_R": 220.035,
                "t_du": 220.037,
                "t_dv": 220.037,
                "t_lat": 220.119,
                "t_lon": 220.119,
                "t_orientacion": 219.865,
                "t_u": 220.037,
                "t_utm_zone": 219.939,
                "t_v": 220.037,
                "t_x": 220.037,
                "t_y": 220.037,
                "throttle_L": 9600,
                "throttle_R": 4068,
                "u_raw": -0.0199215,
                "utm_zone": 30,
                "v_raw": -0.3785351,
                "x": 17.6369445,
                "y": 31.5082158
            },
            "type": "Feature"
        },
        {
            "geometry": {
                "coordinates": [
                    -3.7312841,
                    40.436997999999996
                ],
                "type": "Point"
            },
            "properties": {
                "Ah": 0.72562,
                "du_raw": -0.0507832,
                "dv_raw": -0.0009766,
                "fecha": "2025-05-28 16:30:41.250000",
                "orientacion_raw": -1.606617,
                "t_Ah": 219.295,
                "t_T_L": 220.035,
                "t_T_R": 220.035,
                "t_du": 220.284,
                "t_dv": 220.284,
                "t_lat": 220.487,
                "t_lon": 220.487,
                "t_orientacion": 220.339,
                "t_u": 220.284,
                "t_utm_zone": 220.183,
                "t_v": 220.284,
                "t_x": 220.284,
                "t_y": 220.284,
                "throttle_L": 9600,
                "throttle_R": 4068,
                "u_raw": 0.0498066,
                "utm_zone": 30,
                "v_raw": -0.38849680000000003,
                "x": 17.6486634,
                "y": 31.500403199999997
            },
            "type": "Feature"
        },
        {
            "geometry": {
                "coordinates": [
                    -3.7312852999999997,
                    40.4369981
                ],
                "type": "Point"
            },
            "properties": {
                "Ah": 0.72562,
                "du_raw": -0.102543,
                "dv_raw": 0.1386772,
                "fecha": "2025-05-28 16:30:41.750000",
                "orientacion_raw": -1.606617,
                "t_Ah": 219.295,
                "t_T_L": 220.492,
                "t_T_R": 220.492,
                "t_du": 220.619,
                "t_dv": 220.619,
                "t_lat": 220.779,
                "t_lon": 220.779,
                "t_orientacion": 220.339,
                "t_u": 220.619,
                "t_utm_zone": 220.678,
                "t_v": 220.619,
                "t_x": 220.619,
                "t_y": 220.619,
                "throttle_L": 7854,
                "throttle_R": 9600,
                "u_raw": 0.0996132,
                "utm_zone": 30,
                "v_raw": -0.3088051,
                "x": 17.617413,
                "y": 31.500403199999997
            },
            "type": "Feature"
        },
        {
            "geometry": {
                "coordinates": [
                    -3.7312866,
                    40.4369984
                ],
                "type": "Point"
            },
            "properties": {
                "Ah": 0.72562,
                "du_raw": 0.0761748,
                "dv_raw": 0.0351576,
                "fecha": "2025-05-28 16:30:42",
                "orientacion_raw": -1.467739,
                "t_Ah": 219.295,
                "t_T_L": 220.982,
                "t_T_R": 220.982,
                "t_du": 220.889,
                "t_dv": 220.889,
                "t_lat": 221.141,
                "t_lon": 221.141,
                "t_orientacion": 220.888,
                "t_u": 220.889,
                "t_utm_zone": 220.929,
                "t_v": 220.889,
                "t_x": 220.889,
                "t_y": 220.889,
                "throttle_L": 7879,
                "throttle_R": 9600,
                "u_raw": 0.0597683,
                "utm_zone": 30,
                "v_raw": -0.4980717,
                "x": 17.629131899999997,
                "y": 31.5082158
            },
            "type": "Feature"
        },
        {
            "geometry": {
                "coordinates": [
                    -3.7312871999999997,
                    40.4369988
                ],
                "type": "Point"
            },
            "properties": {
                "Ah": 0.72562,
                "du_raw": 0.1289112,
                "dv_raw": -0.0498066,
                "fecha": "2025-05-28 16:30:42.500000",
                "orientacion_raw": -1.313616,
                "t_Ah": 219.295,
                "t_T_L": 221.539,
                "t_T_R": 221.539,
                "t_du": 221.202,
                "t_dv": 221.202,
                "t_lat": 221.54,
                "t_lon": 221.54,
                "t_orientacion": 221.335,
                "t_u": 221.202,
                "t_utm_zone": 221.431,
                "t_v": 221.202,
                "t_x": 221.202,
                "t_y": 221.202,
                "throttle_L": 9600,
                "throttle_R": 5934,
                "u_raw": 0.0996132,
                "utm_zone": 30,
                "v_raw": -0.2689583,
                "x": 17.656475999999998,
                "y": 31.527747299999998
            },
            "type": "Feature"
        },
        {
            "geometry": {
                "coordinates": [
                    -3.7312884,
                    40.436999
                ],
                "type": "Point"
            },
            "properties": {
                "Ah": 0.72562,
                "du_raw": 0.268565,
                "dv_raw": 0.4238444,
                "fecha": "2025-05-28 16:30:42.750000",
                "orientacion_raw": -1.313616,
                "t_Ah": 219.295,
                "t_T_L": 221.539,
                "t_T_R": 221.539,
                "t_du": 221.797,
                "t_dv": 221.797,
                "t_lat": 221.866,
                "t_lon": 221.866,
                "t_orientacion": 221.335,
                "t_u": 221.797,
                "t_utm_zone": 221.679,
                "t_v": 221.797,
                "t_x": 221.797,
                "t_y": 221.797,
                "throttle_L": 9600,
                "throttle_R": 5934,
                "u_raw": 0.13946,
                "utm_zone": 30,
                "v_raw": -0.4781502,
                "x": 17.7189768,
                "y": 31.519934699999997
            },
            "type": "Feature"
        },
        {
            "geometry": {
                "coordinates": [
                    -3.7312917999999997,
                    40.436999199999995
                ],
                "type": "Point"
            },
            "properties": {
                "Ah": 0.72562,
                "du_raw": 0.063479,
                "dv_raw": -0.0312512,
                "fecha": "2025-05-28 16:30:43",
                "orientacion_raw": -1.174815,
                "t_Ah": 219.295,
                "t_T_L": 221.98,
                "t_T_R": 221.98,
                "t_du": 222.123,
                "t_dv": 222.123,
                "t_lat": 222.205,
                "t_lon": 222.205,
                "t_orientacion": 221.869,
                "t_u": 222.123,
                "t_utm_zone": 221.924,
                "t_v": 222.123,
                "t_x": 222.123,
                "t_y": 222.123,
                "throttle_L": 9600,
                "throttle_R": 8208,
                "u_raw": 0.13946,
                "utm_zone": 30,
                "v_raw": -0.4980717,
                "x": 17.7385083,
                "y": 31.539466199999996
            },
            "type": "Feature"
        },
        {
            "geometry": {
                "coordinates": [
                    -3.7312931,
                    40.4369993
                ],
                "type": "Point"
            },
            "properties": {
                "Ah": 0.72562,
                "du_raw": -0.14649,
                "dv_raw": 0.0058595999999999995,
                "fecha": "2025-05-28 16:30:43.500000",
                "orientacion_raw": -1.128502,
                "t_Ah": 219.295,
                "t_T_L": 222.481,
                "t_T_R": 222.481,
                "t_du": 222.398,
                "t_dv": 222.398,
                "t_lat": 222.584,
                "t_lon": 222.584,
                "t_orientacion": 222.334,
                "t_u": 222.398,
                "t_utm_zone": 222.424,
                "t_v": 222.398,
                "t_x": 222.398,
                "t_y": 222.398,
                "throttle_L": 9600,
                "throttle_R": 7325,
                "u_raw": 0.2490349,
                "utm_zone": 30,
                "v_raw": -0.41838000000000003,
                "x": 17.7580398,
                "y": 31.5589977
            },
            "type": "Feature"
        },
        {
            "geometry": {
                "coordinates": [
                    -3.7312944999999997,
                    40.4370002
                ],
                "type": "Point"
            },
            "properties": {
                "Ah": 0.72562,
                "du_raw": 0.0908238,
                "dv_raw": 0.1240282,
                "fecha": "2025-05-28 16:30:43.750000",
                "orientacion_raw": -1.088979,
                "t_Ah": 219.295,
                "t_T_L": 222.481,
                "t_T_R": 222.481,
                "t_du": 222.7,
                "t_dv": 222.7,
                "t_lat": 222.883,
                "t_lon": 222.883,
                "t_orientacion": 222.834,
                "t_u": 222.7,
                "t_utm_zone": 222.701,
                "t_v": 222.7,
                "t_x": 222.7,
                "t_y": 222.7,
                "throttle_L": 9600,
                "throttle_R": 7325,
                "u_raw": 0.1494217,
                "utm_zone": 30,
                "v_raw": -0.48811,
                "x": 17.8088217,
                "y": 31.547278799999997
            },
            "type": "Feature"
        },
        {
            "geometry": {
                "coordinates": [
                    -3.7312954,
                    40.4370007
                ],
                "type": "Point"
            },
            "properties": {
                "Ah": 0.72562,
                "du_raw": -0.0556662,
                "dv_raw": 0.0410172,
                "fecha": "2025-05-28 16:30:44.250000",
                "orientacion_raw": -1.088979,
                "t_Ah": 219.295,
                "t_T_L": 223.033,
                "t_T_R": 223.033,
                "t_du": 223.036,
                "t_dv": 223.036,
                "t_lat": 223.23,
                "t_lon": 223.23,
                "t_orientacion": 222.834,
                "t_u": 223.036,
                "t_utm_zone": 223.176,
                "t_v": 223.036,
                "t_x": 223.036,
                "t_y": 223.036,
                "throttle_L": 9510,
                "throttle_R": 9600,
                "u_raw": 0.1892666,
                "utm_zone": 30,
                "v_raw": -0.5080334,
                "x": 17.8596036,
                "y": 31.539466199999996
            },
            "type": "Feature"
        },
        {
            "geometry": {
                "coordinates": [
                    -3.7312982,
                    40.437001599999995
                ],
                "type": "Point"
            },
            "properties": {
                "Ah": 0.72562,
                "du_raw": -0.2021562,
                "dv_raw": 0.083011,
                "fecha": "2025-05-28 16:30:44.500000",
                "orientacion_raw": -1.039297,
                "t_Ah": 219.295,
                "t_T_L": 223.49,
                "t_T_R": 223.49,
                "t_du": 223.28,
                "t_dv": 223.28,
                "t_lat": 223.628,
                "t_lon": 223.628,
                "t_orientacion": 223.329,
                "t_u": 223.28,
                "t_utm_zone": 223.429,
                "t_v": 223.28,
                "t_x": 223.28,
                "t_y": 223.28,
                "throttle_L": 7954,
                "throttle_R": 9600,
                "u_raw": 0.2191517,
                "utm_zone": 30,
                "v_raw": -0.5379185,
                "x": 17.9064792,
                "y": 31.547278799999997
            },
            "type": "Feature"
        },
        {
            "geometry": {
                "coordinates": [
                    -3.7312999,
                    40.4370024
                ],
                "type": "Point"
            },
            "properties": {
                "Ah": 0.739363,
                "du_raw": -0.0986366,
                "dv_raw": 0.0410172,
                "fecha": "2025-05-28 16:30:44.750000",
                "orientacion_raw": -0.927298,
                "t_Ah": 223.795,
                "t_T_L": 223.49,
                "t_T_R": 223.49,
                "t_du": 223.878,
                "t_dv": 223.878,
                "t_lat": 223.924,
                "t_lon": 223.924,
                "t_orientacion": 223.877,
                "t_u": 223.878,
                "t_utm_zone": 223.669,
                "t_v": 223.878,
                "t_x": 223.878,
                "t_y": 223.878,
                "throttle_L": 7954,
                "throttle_R": 9600,
                "u_raw": 0.4084183,
                "utm_zone": 30,
                "v_raw": -0.48811,
                "x": 18.109606799999998,
                "y": 31.539466199999996
            },
            "type": "Feature"
        },
        {
            "geometry": {
                "coordinates": [
                    -3.7313018999999996,
                    40.4370032
                ],
                "type": "Point"
            },
            "properties": {
                "Ah": 0.739363,
                "du_raw": -0.019532,
                "dv_raw": 0.2168052,
                "fecha": "2025-05-28 16:30:45.250000",
                "orientacion_raw": -0.927298,
                "t_Ah": 223.795,
                "t_T_L": 223.976,
                "t_T_R": 223.976,
                "t_du": 224.187,
                "t_dv": 224.187,
                "t_lat": 224.272,
                "t_lon": 224.272,
                "t_orientacion": 223.877,
                "t_u": 224.187,
                "t_utm_zone": 224.189,
                "t_v": 224.187,
                "t_x": 224.187,
                "t_y": 224.187,
                "throttle_L": 8208,
                "throttle_R": 9600,
                "u_raw": 0.48811,
                "utm_zone": 30,
                "v_raw": -0.4980717,
                "x": 18.1877328,
                "y": 31.379307899999997
            },
            "type": "Feature"
        },
        {
            "geometry": {
                "coordinates": [
                    -3.7313053,
                    40.437004699999996
                ],
                "type": "Point"
            },
            "properties": {
                "Ah": 0.739363,
                "du_raw": 0.1357474,
                "dv_raw": 0.18750719999999998,
                "fecha": "2025-05-28 16:30:45.500000",
                "orientacion_raw": -0.79923,
                "t_Ah": 223.795,
                "t_T_L": 224.517,
                "t_T_R": 224.517,
                "t_du": 224.52,
                "t_dv": 224.52,
                "t_lat": 224.626,
                "t_lon": 224.626,
                "t_orientacion": 224.337,
                "t_u": 224.52,
                "t_utm_zone": 224.422,
                "t_v": 224.52,
                "t_x": 224.52,
                "t_y": 224.52,
                "throttle_L": 9600,
                "throttle_R": 9600,
                "u_raw": 0.3685734,
                "utm_zone": 30,
                "v_raw": -0.4582268,
                "x": 18.2775777,
                "y": 31.207430699999996
            },
            "type": "Feature"
        },
        {
            "geometry": {
                "coordinates": [
                    -3.7313058999999997,
                    40.437005899999996
                ],
                "type": "Point"
            },
            "properties": {
                "Ah": 0.739363,
                "du_raw": -0.1640688,
                "dv_raw": 0.2500096,
                "fecha": "2025-05-28 16:30:46",
                "orientacion_raw": -0.687856,
                "t_Ah": 223.795,
                "t_T_L": 225.013,
                "t_T_R": 225.013,
                "t_du": 224.825,
                "t_dv": 224.825,
                "t_lat": 225.015,
                "t_lon": 225.015,
                "t_orientacion": 224.83,
                "t_u": 224.825,
                "t_utm_zone": 224.915,
                "t_v": 224.825,
                "t_x": 224.825,
                "t_y": 224.825,
                "throttle_L": 9600,
                "throttle_R": 9188,
                "u_raw": 0.3984585,
                "utm_zone": 30,
                "v_raw": -0.41838000000000003,
                "x": 18.3478911,
                "y": 31.1566488
            },
            "type": "Feature"
        },
        {
            "geometry": {
                "coordinates": [
                    -3.7313063,
                    40.4370073
                ],
                "type": "Point"
            },
            "properties": {
                "Ah": 0.739363,
                "du_raw": -0.0820344,
                "dv_raw": 0.126958,
                "fecha": "2025-05-28 16:30:46.250000",
                "orientacion_raw": -0.687856,
                "t_Ah": 223.795,
                "t_T_L": 225.013,
                "t_T_R": 225.013,
                "t_du": 225.113,
                "t_dv": 225.113,
                "t_lat": 225.371,
                "t_lon": 225.371,
                "t_orientacion": 224.83,
                "t_u": 225.113,
                "t_utm_zone": 225.169,
                "t_v": 225.113,
                "t_x": 225.113,
                "t_y": 225.113,
                "throttle_L": 9600,
                "throttle_R": 9188,
                "u_raw": 0.41838000000000003,
                "utm_zone": 30,
                "v_raw": -0.3386883,
                "x": 18.6369573,
                "y": 31.117585799999997
            },
            "type": "Feature"
        },
        {
            "geometry": {
                "coordinates": [
                    -3.7313072,
                    40.4370103
                ],
                "type": "Point"
            },
            "properties": {
                "Ah": 0.739363,
                "du_raw": 0.014649,
                "dv_raw": 0.3584122,
                "fecha": "2025-05-28 16:30:46.500000",
                "orientacion_raw": -0.579,
                "t_Ah": 223.795,
                "t_T_L": 225.467,
                "t_T_R": 225.467,
                "t_du": 225.378,
                "t_dv": 225.378,
                "t_lat": 225.699,
                "t_lon": 225.699,
                "t_orientacion": 225.377,
                "t_u": 225.378,
                "t_utm_zone": 225.412,
                "t_v": 225.378,
                "t_x": 225.378,
                "t_y": 225.378,
                "throttle_L": 9600,
                "throttle_R": 9018,
                "u_raw": 0.5080334,
                "utm_zone": 30,
                "v_raw": -0.4681885,
                "x": 18.797115599999998,
                "y": 31.090241699999996
            },
            "type": "Feature"
        },
        {
            "geometry": {
                "coordinates": [
                    -3.7313079,
                    40.4370119
                ],
                "type": "Point"
            },
            "properties": {
                "Ah": 0.739363,
                "du_raw": -0.24415,
                "dv_raw": 0.31934819999999997,
                "fecha": "2025-05-28 16:30:47",
                "orientacion_raw": -0.474974,
                "t_Ah": 223.795,
                "t_T_L": 226.017,
                "t_T_R": 226.017,
                "t_du": 226.018,
                "t_dv": 226.018,
                "t_lat": 226.021,
                "t_lon": 226.021,
                "t_orientacion": 225.84,
                "t_u": 226.018,
                "t_utm_zone": 225.912,
                "t_v": 226.018,
                "t_x": 226.018,
                "t_y": 226.018,
                "throttle_L": 9600,
                "throttle_R": 8767,
                "u_raw": 0.6474934,
                "utm_zone": 30,
                "v_raw": -0.4582268,
                "x": 19.148682599999997,
                "y": 31.098054299999998
            },
            "type": "Feature"
        },
        {
            "geometry": {
                "coordinates": [
                    -3.7313087,
                    40.4370145
                ],
                "type": "Point"
            },
            "properties": {
                "Ah": 0.739363,
                "du_raw": -0.122075,
                "dv_raw": 0.2187584,
                "fecha": "2025-05-28 16:30:47.250000",
                "orientacion_raw": -0.371856,
                "t_Ah": 223.795,
                "t_T_L": 226.017,
                "t_T_R": 226.017,
                "t_du": 226.272,
                "t_dv": 226.272,
                "t_lat": 226.386,
                "t_lon": 226.386,
                "t_orientacion": 226.323,
                "t_u": 226.272,
                "t_utm_zone": 226.163,
                "t_v": 226.272,
                "t_x": 226.272,
                "t_y": 226.272,
                "throttle_L": 9600,
                "throttle_R": 8767,
                "u_raw": 0.5080334,
                "utm_zone": 30,
                "v_raw": -0.1494217,
                "x": 19.316653499999997,
                "y": 31.098054299999998
            },
            "type": "Feature"
        },
        {
            "geometry": {
                "coordinates": [
                    -3.7313091,
                    40.437015599999995
                ],
                "type": "Point"
            },
            "properties": {
                "Ah": 0.739363,
                "du_raw": -0.1279346,
                "dv_raw": 0.4062656,
                "fecha": "2025-05-28 16:30:47.750000",
                "orientacion_raw": -0.371856,
                "t_Ah": 223.795,
                "t_T_L": 226.482,
                "t_T_R": 226.482,
                "t_du": 226.579,
                "t_dv": 226.579,
                "t_lat": 226.713,
                "t_lon": 226.713,
                "t_orientacion": 226.323,
                "t_u": 226.579,
                "t_utm_zone": 226.638,
                "t_v": 226.579,
                "t_x": 226.579,
                "t_y": 226.579,
                "throttle_L": 9600,
                "throttle_R": 9131,
                "u_raw": 0.5478802,
                "utm_zone": 30,
                "v_raw": -0.2589966,
                "x": 19.5666567,
                "y": 31.090241699999996
            },
            "type": "Feature"
        },
        {
            "geometry": {
                "coordinates": [
                    -3.7313096999999997,
                    40.4370183
                ],
                "type": "Point"
            },
            "properties": {
                "Ah": 0.739363,
                "du_raw": -0.24415,
                "dv_raw": 0.2851672,
                "fecha": "2025-05-28 16:30:48",
                "orientacion_raw": -0.249753,
                "t_Ah": 223.795,
                "t_T_L": 226.961,
                "t_T_R": 226.961,
                "t_du": 226.866,
                "t_dv": 226.866,
                "t_lat": 227.099,
                "t_lon": 227.099,
                "t_orientacion": 226.865,
                "t_u": 226.866,
                "t_utm_zone": 226.906,
                "t_v": 226.866,
                "t_x": 226.866,
                "t_y": 226.866,
                "throttle_L": 9600,
                "throttle_R": 7562,
                "u_raw": 0.5578419,
                "utm_zone": 30,
                "v_raw": -0.1892666,
                "x": 19.719002399999997,
                "y": 31.1293047
            },
            "type": "Feature"
        },
        {
            "geometry": {
                "coordinates": [
                    -3.7313096,
                    40.437019299999996
                ],
                "type": "Point"
            },
            "properties": {
                "Ah": 0.739363,
                "du_raw": -0.3535292,
                "dv_raw": 0.3535292,
                "fecha": "2025-05-28 16:30:48.250000",
                "orientacion_raw": -0.154965,
                "t_Ah": 223.795,
                "t_T_L": 226.961,
                "t_T_R": 226.961,
                "t_du": 227.18,
                "t_dv": 227.18,
                "t_lat": 227.416,
                "t_lon": 227.416,
                "t_orientacion": 227.312,
                "t_u": 227.18,
                "t_utm_zone": 227.181,
                "t_v": 227.18,
                "t_x": 227.18,
                "t_y": 227.18,
                "throttle_L": 9600,
                "throttle_R": 7562,
                "u_raw": 0.5578419,
                "utm_zone": 30,
                "v_raw": -0.0597683,
                "x": 19.867441799999998,
                "y": 31.1800866
            },
            "type": "Feature"
        },
        {
            "geometry": {
                "coordinates": [
                    -3.7313087,
                    40.4370206
                ],
                "type": "Point"
            },
            "properties": {
                "Ah": 0.739363,
                "du_raw": -0.4140784,
                "dv_raw": 0.4082188,
                "fecha": "2025-05-28 16:30:48.750000",
                "orientacion_raw": -0.154965,
                "t_Ah": 223.795,
                "t_T_L": 227.509,
                "t_T_R": 227.509,
                "t_du": 227.512,
                "t_dv": 227.512,
                "t_lat": 227.803,
                "t_lon": 227.803,
                "t_orientacion": 227.312,
                "t_u": 227.512,
                "t_utm_zone": 227.652,
                "t_v": 227.512,
                "t_x": 227.512,
                "t_y": 227.512,
                "throttle_L": 9600,
                "throttle_R": 7755,
                "u_raw": 0.6275719,
                "utm_zone": 30,
                "v_raw": -0.20919000000000001,
                "x": 19.976818199999997,
                "y": 31.137117299999996
            },
            "type": "Feature"
        },
        {
            "geometry": {
                "coordinates": [
                    -3.7313068,
                    40.437022999999996
                ],
                "type": "Point"
            },
            "properties": {
                "Ah": 0.739363,
                "du_raw": -0.3964996,
                "dv_raw": 0.2363372,
                "fecha": "2025-05-28 16:30:49",
                "orientacion_raw": -0.093118,
                "t_Ah": 223.795,
                "t_T_L": 227.957,
                "t_T_R": 227.957,
                "t_du": 228.122,
                "t_dv": 228.122,
                "t_lat": 228.128,
                "t_lon": 228.128,
                "t_orientacion": 227.842,
                "t_u": 228.122,
                "t_utm_zone": 227.902,
                "t_v": 228.122,
                "t_x": 228.122,
                "t_y": 228.122,
                "throttle_L": 9600,
                "throttle_R": 7879,
                "u_raw": 0.6474934,
                "utm_zone": 30,
                "v_raw": -0.0896515,
                "x": 20.386979699999998,
                "y": 30.828519599999996
            },
            "type": "Feature"
        },
        {
            "geometry": {
                "coordinates": [
                    -3.7313068,
                    40.4370243
                ],
                "type": "Point"
            },
            "properties": {
                "Ah": 0.754451,
                "du_raw": -0.3632952,
                "dv_raw": 0.5009958,
                "fecha": "2025-05-28 16:30:49.500000",
                "orientacion_raw": -0.049974,
                "t_Ah": 228.272,
                "t_T_L": 228.464,
                "t_T_R": 228.464,
                "t_du": 228.372,
                "t_dv": 228.372,
                "t_lat": 228.465,
                "t_lon": 228.465,
                "t_orientacion": 228.37,
                "t_u": 228.372,
                "t_utm_zone": 228.399,
                "t_v": 228.372,
                "t_x": 228.372,
                "t_y": 228.372,
                "throttle_L": 9600,
                "throttle_R": 9160,
                "u_raw": 0.5777634,
                "utm_zone": 30,
                "v_raw": -0.1593834,
                "x": 20.527606499999997,
                "y": 30.6292983
            },
            "type": "Feature"
        },
        {
            "geometry": {
                "coordinates": [
                    -3.7313063,
                    40.437025399999996
                ],
                "type": "Point"
            },
            "properties": {
                "Ah": 0.754451,
                "du_raw": -0.6113516,
                "dv_raw": 0.2470798,
                "fecha": "2025-05-28 16:30:49.750000",
                "orientacion_raw": -0.049974,
                "t_Ah": 228.272,
                "t_T_L": 228.464,
                "t_T_R": 228.464,
                "t_du": 228.697,
                "t_dv": 228.697,
                "t_lat": 228.844,
                "t_lon": 228.844,
                "t_orientacion": 228.37,
                "t_u": 228.697,
                "t_utm_zone": 228.699,
                "t_v": 228.697,
                "t_x": 228.697,
                "t_y": 228.697,
                "throttle_L": 9600,
                "throttle_R": 9160,
                "u_raw": 0.5379185,
                "utm_zone": 30,
                "v_raw": 0,
                "x": 20.648701799999998,
                "y": 30.387107699999998
            },
            "type": "Feature"
        },
        {
            "geometry": {
                "coordinates": [
                    -3.7313053,
                    40.4370267
                ],
                "type": "Point"
            },
            "properties": {
                "Ah": 0.754451,
                "du_raw": -0.5097852,
                "dv_raw": 0.2314542,
                "fecha": "2025-05-28 16:30:50",
                "orientacion_raw": 0.00957,
                "t_Ah": 228.272,
                "t_T_L": 229.001,
                "t_T_R": 229.001,
                "t_du": 229.004,
                "t_dv": 229.004,
                "t_lat": 229.169,
                "t_lon": 229.169,
                "t_orientacion": 228.847,
                "t_u": 229.004,
                "t_utm_zone": 228.902,
                "t_v": 229.004,
                "t_x": 229.004,
                "t_y": 229.004,
                "throttle_L": 9600,
                "throttle_R": 9018,
                "u_raw": 0.5080334,
                "utm_zone": 30,
                "v_raw": -0.0099598,
                "x": 20.719015199999998,
                "y": 30.187886399999996
            },
            "type": "Feature"
        },
        {
            "geometry": {
                "coordinates": [
                    -3.7313050999999997,
                    40.4370276
                ],
                "type": "Point"
            },
            "properties": {
                "Ah": 0.754451,
                "du_raw": -0.2841906,
                "dv_raw": 0.2871204,
                "fecha": "2025-05-28 16:30:50.500000",
                "orientacion_raw": 0.07312,
                "t_Ah": 228.272,
                "t_T_L": 229.448,
                "t_T_R": 229.448,
                "t_du": 229.27,
                "t_dv": 229.27,
                "t_lat": 229.555,
                "t_lon": 229.555,
                "t_orientacion": 229.321,
                "t_u": 229.27,
                "t_utm_zone": 229.395,
                "t_v": 229.27,
                "t_x": 229.27,
                "t_y": 229.27,
                "throttle_L": 9600,
                "throttle_R": 8850,
                "u_raw": 0.5678017,
                "utm_zone": 30,
                "v_raw": -0.0896515,
                "x": 20.7971412,
                "y": 29.976946199999997
            },
            "type": "Feature"
        },
        {
            "geometry": {
                "coordinates": [
                    -3.7313049,
                    40.4370287
                ],
                "type": "Point"
            },
            "properties": {
                "Ah": 0.754451,
                "du_raw": -0.2236414,
                "dv_raw": 0.3086056,
                "fecha": "2025-05-28 16:30:50.750000",
                "orientacion_raw": 0.139676,
                "t_Ah": 228.272,
                "t_T_L": 229.448,
                "t_T_R": 229.448,
                "t_du": 229.559,
                "t_dv": 229.559,
                "t_lat": 229.9,
                "t_lon": 229.9,
                "t_orientacion": 229.81,
                "t_u": 229.559,
                "t_utm_zone": 229.644,
                "t_v": 229.559,
                "t_x": 229.559,
                "t_y": 229.559,
                "throttle_L": 9600,
                "throttle_R": 8850,
                "u_raw": 0.6076485,
                "utm_zone": 30,
                "v_raw": -0.0199215,
                "x": 20.898705,
                "y": 29.726943
            },
            "type": "Feature"
        },
        {
            "geometry": {
                "coordinates": [
                    -3.7313045999999996,
                    40.437031
                ],
                "type": "Point"
            },
            "properties": {
                "Ah": 0.754451,
                "du_raw": -0.3213014,
                "dv_raw": 0.15039639999999999,
                "fecha": "2025-05-28 16:30:51.250000",
                "orientacion_raw": 0.139676,
                "t_Ah": 228.272,
                "t_T_L": 230.005,
                "t_T_R": 230.005,
                "t_du": 230.201,
                "t_dv": 230.201,
                "t_lat": 230.207,
                "t_lon": 230.207,
                "t_orientacion": 229.81,
                "t_u": 230.201,
                "t_utm_zone": 230.203,
                "t_v": 230.201,
                "t_x": 230.201,
                "t_y": 230.201,
                "throttle_L": 8364,
                "throttle_R": 9600,
                "u_raw": 0.5478802,
                "utm_zone": 30,
                "v_raw": 0.0597683,
                "x": 21.2698035,
                "y": 29.6566296
            },
            "type": "Feature"
        },
        {
            "geometry": {
                "coordinates": [
                    -3.7313047999999998,
                    40.4370319
                ],
                "type": "Point"
            },
            "properties": {
                "Ah": 0.754451,
                "du_raw": -0.3740378,
                "dv_raw": 0.1816476,
                "fecha": "2025-05-28 16:30:51.500000",
                "orientacion_raw": 0.245518,
                "t_Ah": 228.272,
                "t_T_L": 230.5,
                "t_T_R": 230.5,
                "t_du": 230.502,
                "t_dv": 230.502,
                "t_lat": 230.582,
                "t_lon": 230.582,
                "t_orientacion": 230.317,
                "t_u": 230.502,
                "t_utm_zone": 230.392,
                "t_v": 230.502,
                "t_x": 230.502,
                "t_y": 230.502,
                "throttle_L": 9540,
                "throttle_R": 9600,
                "u_raw": 0.6176102,
                "utm_zone": 30,
                "v_raw": 0.0597683,
                "x": 21.379179899999997,
                "y": 29.5902225
            },
            "type": "Feature"
        },
        {
            "geometry": {
                "coordinates": [
                    -3.7313058,
                    40.4370347
                ],
                "type": "Point"
            },
            "properties": {
                "Ah": 0.754451,
                "du_raw": -0.4023592,
                "dv_raw": 0.1328176,
                "fecha": "2025-05-28 16:30:51.750000",
                "orientacion_raw": 0.355829,
                "t_Ah": 228.272,
                "t_T_L": 230.5,
                "t_T_R": 230.5,
                "t_du": 230.763,
                "t_dv": 230.763,
                "t_lat": 230.899,
                "t_lon": 230.899,
                "t_orientacion": 230.82,
                "t_u": 230.763,
                "t_utm_zone": 230.641,
                "t_v": 230.763,
                "t_x": 230.763,
                "t_y": 230.763,
                "throttle_L": 9540,
                "throttle_R": 9600,
                "u_raw": 0.6076485,
                "utm_zone": 30,
                "v_raw": 0,
                "x": 21.5393382,
                "y": 29.5589721
            },
            "type": "Feature"
        },
        {
            "geometry": {
                "coordinates": [
                    -3.7313063,
                    40.437036
                ],
                "type": "Point"
            },
            "properties": {
                "Ah": 0.754451,
                "du_raw": -0.375991,
                "dv_raw": 0.1621156,
                "fecha": "2025-05-28 16:30:52.250000",
                "orientacion_raw": 0.355829,
                "t_Ah": 228.272,
                "t_T_L": 230.949,
                "t_T_R": 230.949,
                "t_du": 231.09,
                "t_dv": 231.09,
                "t_lat": 231.274,
                "t_lon": 231.274,
                "t_orientacion": 230.82,
                "t_u": 231.09,
                "t_utm_zone": 231.148,
                "t_v": 231.09,
                "t_x": 231.09,
                "t_y": 231.09,
                "throttle_L": 9510,
                "throttle_R": 9600,
                "u_raw": 0.6375336,
                "utm_zone": 30,
                "v_raw": 0.0996132,
                "x": 21.687777599999997,
                "y": 29.609754
            },
            "type": "Feature"
        },
        {
            "geometry": {
                "coordinates": [
                    -3.7313061999999997,
                    40.4370385
                ],
                "type": "Point"
            },
            "properties": {
                "Ah": 0.754451,
                "du_raw": -0.3838038,
                "dv_raw": 0.2597756,
                "fecha": "2025-05-28 16:30:52.500000",
                "orientacion_raw": 0.477987,
                "t_Ah": 228.272,
                "t_T_L": 231.442,
                "t_T_R": 231.442,
                "t_du": 231.347,
                "t_dv": 231.347,
                "t_lat": 231.599,
                "t_lon": 231.599,
                "t_orientacion": 231.295,
                "t_u": 231.347,
                "t_utm_zone": 231.388,
                "t_v": 231.347,
                "t_x": 231.347,
                "t_y": 231.347,
                "throttle_L": 9600,
                "throttle_R": 9217,
                "u_raw": 0.5777634,
                "utm_zone": 30,
                "v_raw": 0.1693432,
                "x": 21.957312299999998,
                "y": 29.9886651
            },
            "type": "Feature"
        },
        {
            "geometry": {
                "coordinates": [
                    -3.7313063,
                    40.4370398
                ],
                "type": "Point"
            },
            "properties": {
                "Ah": 0.754451,
                "du_raw": -0.3984528,
                "dv_raw": 0.1152388,
                "fecha": "2025-05-28 16:30:53",
                "orientacion_raw": 0.602803,
                "t_Ah": 228.272,
                "t_T_L": 231.995,
                "t_T_R": 231.995,
                "t_du": 231.66,
                "t_dv": 231.66,
                "t_lat": 231.996,
                "t_lon": 231.996,
                "t_orientacion": 231.817,
                "t_u": 231.66,
                "t_utm_zone": 231.889,
                "t_v": 231.66,
                "t_x": 231.66,
                "t_y": 231.66,
                "throttle_L": 9600,
                "throttle_R": 9304,
                "u_raw": 0.4681885,
                "utm_zone": 30,
                "v_raw": 0.13946,
                "x": 22.109658,
                "y": 30.156636
            },
            "type": "Feature"
        },
        {
            "geometry": {
                "coordinates": [
                    -3.7313056,
                    40.437041199999996
                ],
                "type": "Point"
            },
            "properties": {
                "Ah": 0.754451,
                "du_raw": -0.6123282,
                "dv_raw": 0.0302746,
                "fecha": "2025-05-28 16:30:53.250000",
                "orientacion_raw": 0.602803,
                "t_Ah": 228.272,
                "t_T_L": 231.995,
                "t_T_R": 231.995,
                "t_du": 232.248,
                "t_dv": 232.248,
                "t_lat": 232.315,
                "t_lon": 232.315,
                "t_orientacion": 231.817,
                "t_u": 232.248,
                "t_utm_zone": 232.119,
                "t_v": 232.248,
                "t_x": 232.248,
                "t_y": 232.248,
                "throttle_L": 9600,
                "throttle_R": 9304,
                "u_raw": 0.6076485,
                "utm_zone": 30,
                "v_raw": 0.3785351,
                "x": 22.398724199999997,
                "y": 30.2074179
            },
            "type": "Feature"
        },
        {
            "geometry": {
                "coordinates": [
                    -3.7313034,
                    40.4370437
                ],
                "type": "Point"
            },
            "properties": {
                "Ah": 0.754451,
                "du_raw": -0.6855732,
                "dv_raw": 0.0546896,
                "fecha": "2025-05-28 16:30:53.750000",
                "orientacion_raw": 0.727488,
                "t_Ah": 228.272,
                "t_T_L": 232.442,
                "t_T_R": 232.442,
                "t_du": 232.598,
                "t_dv": 232.598,
                "t_lat": 232.656,
                "t_lon": 232.656,
                "t_orientacion": 232.317,
                "t_u": 232.598,
                "t_utm_zone": 232.656,
                "t_v": 232.598,
                "t_x": 232.598,
                "t_y": 232.598,
                "throttle_L": 9600,
                "throttle_R": 8685,
                "u_raw": 0.5379185,
                "utm_zone": 30,
                "v_raw": 0.2988434,
                "x": 22.539351,
                "y": 30.258199799999996
            },
            "type": "Feature"
        },
        {
            "geometry": {
                "coordinates": [
                    -3.7313023,
                    40.437044799999995
                ],
                "type": "Point"
            },
            "properties": {
                "Ah": 0.77025,
                "du_raw": -0.546896,
                "dv_raw": 0.1142622,
                "fecha": "2025-05-28 16:30:54",
                "orientacion_raw": 0.836974,
                "t_Ah": 232.766,
                "t_T_L": 232.937,
                "t_T_R": 232.937,
                "t_du": 232.844,
                "t_dv": 232.844,
                "t_lat": 233.002,
                "t_lon": 233.002,
                "t_orientacion": 232.843,
                "t_u": 232.844,
                "t_utm_zone": 232.883,
                "t_v": 232.844,
                "t_x": 232.844,
                "t_y": 232.844,
                "throttle_L": 9600,
                "throttle_R": 8286,
                "u_raw": 0.4980717,
                "utm_zone": 30,
                "v_raw": 0.3685734,
                "x": 22.687790399999997,
                "y": 30.2777313
            },
            "type": "Feature"
        },
        {
            "geometry": {
                "coordinates": [
                    -3.7313003,
                    40.4370465
                ],
                "type": "Point"
            },
            "properties": {
                "Ah": 0.77025,
                "du_raw": -0.4961128,
                "dv_raw": 0.2138754,
                "fecha": "2025-05-28 16:30:54.250000",
                "orientacion_raw": 0.935044,
                "t_Ah": 232.766,
                "t_T_L": 232.937,
                "t_T_R": 232.937,
                "t_du": 233.158,
                "t_dv": 233.158,
                "t_lat": 233.342,
                "t_lon": 233.342,
                "t_orientacion": 233.293,
                "t_u": 233.158,
                "t_utm_zone": 233.159,
                "t_v": 233.158,
                "t_x": 233.158,
                "t_y": 233.158,
                "throttle_L": 9600,
                "throttle_R": 8286,
                "u_raw": 0.3785351,
                "utm_zone": 30,
                "v_raw": 0.1494217,
                "x": 22.906543199999998,
                "y": 30.148823399999998
            },
            "type": "Feature"
        },
        {
            "geometry": {
                "coordinates": [
                    -3.7312988,
                    40.4370474
                ],
                "type": "Point"
            },
            "properties": {
                "Ah": 0.77025,
                "du_raw": -0.3691548,
                "dv_raw": 0.0322278,
                "fecha": "2025-05-28 16:30:54.750000",
                "orientacion_raw": 0.935044,
                "t_Ah": 232.766,
                "t_T_L": 233.492,
                "t_T_R": 233.492,
                "t_du": 233.495,
                "t_dv": 233.495,
                "t_lat": 233.684,
                "t_lon": 233.684,
                "t_orientacion": 233.293,
                "t_u": 233.495,
                "t_utm_zone": 233.631,
                "t_v": 233.495,
                "t_x": 233.495,
                "t_y": 233.495,
                "throttle_L": 9600,
                "throttle_R": 8286,
                "u_raw": 0.4383034,
                "utm_zone": 30,
                "v_raw": 0.3984585,
                "x": 23.000294399999998,
                "y": 29.9691336
            },
            "type": "Feature"
        },
        {
            "geometry": {
                "coordinates": [
                    -3.7312974999999997,
                    40.4370483
                ],
                "type": "Point"
            },
            "properties": {
                "Ah": 0.77025,
                "du_raw": -0.2255946,
                "dv_raw": -0.009766,
                "fecha": "2025-05-28 16:30:55",
                "orientacion_raw": 1.019742,
                "t_Ah": 232.766,
                "t_T_L": 233.934,
                "t_T_R": 233.934,
                "t_du": 233.752,
                "t_dv": 233.752,
                "t_lat": 234.085,
                "t_lon": 234.085,
                "t_orientacion": 233.802,
                "t_u": 233.752,
                "t_utm_zone": 233.881,
                "t_v": 233.752,
                "t_x": 233.752,
                "t_y": 233.752,
                "throttle_L": 9600,
                "throttle_R": 8286,
                "u_raw": 0.3586117,
                "utm_zone": 30,
                "v_raw": 0.4781502,
                "x": 23.097951899999998,
                "y": 29.758193399999996
            },
            "type": "Feature"
        },
        {
            "geometry": {
                "coordinates": [
                    -3.7312955999999997,
                    40.4370499
                ],
                "type": "Point"
            },
            "properties": {
                "Ah": 0.77025,
                "du_raw": -0.3994294,
                "dv_raw": 0.1250048,
                "fecha": "2025-05-28 16:30:55.250000",
                "orientacion_raw": 1.077006,
                "t_Ah": 232.766,
                "t_T_L": 233.934,
                "t_T_R": 233.934,
                "t_du": 234.339,
                "t_dv": 234.339,
                "t_lat": 234.436,
                "t_lon": 234.436,
                "t_orientacion": 234.287,
                "t_u": 234.339,
                "t_utm_zone": 234.128,
                "t_v": 234.339,
                "t_x": 234.339,
                "t_y": 234.339,
                "throttle_L": 9600,
                "throttle_R": 8286,
                "u_raw": 0.3586117,
                "utm_zone": 30,
                "v_raw": 0.4084183,
                "x": 23.379205499999998,
                "y": 29.617566599999996
            },
            "type": "Feature"
        },
        {
            "geometry": {
                "coordinates": [
                    -3.7312944999999997,
                    40.4370505
                ],
                "type": "Point"
            },
            "properties": {
                "Ah": 0.77025,
                "du_raw": -0.2968864,
                "dv_raw": -0.0166022,
                "fecha": "2025-05-28 16:30:55.750000",
                "orientacion_raw": 1.077006,
                "t_Ah": 232.766,
                "t_T_L": 234.438,
                "t_T_R": 234.438,
                "t_du": 234.649,
                "t_dv": 234.649,
                "t_lat": 234.735,
                "t_lon": 234.735,
                "t_orientacion": 234.287,
                "t_u": 234.649,
                "t_utm_zone": 234.65,
                "t_v": 234.649,
                "t_x": 234.649,
                "t_y": 234.649,
                "throttle_L": 9600,
                "throttle_R": 8286,
                "u_raw": 0.34865,
                "utm_zone": 30,
                "v_raw": 0.3984585,
                "x": 23.4378,
                "y": 29.430064199999997
            },
            "type": "Feature"
        },
        {
            "geometry": {
                "coordinates": [
                    -3.7312919,
                    40.4370524
                ],
                "type": "Point"
            },
            "properties": {
                "Ah": 0.77025,
                "du_raw": -0.1445368,
                "dv_raw": 0.0302746,
                "fecha": "2025-05-28 16:30:56",
                "orientacion_raw": 1.099911,
                "t_Ah": 232.766,
                "t_T_L": 234.984,
                "t_T_R": 234.984,
                "t_du": 234.985,
                "t_dv": 234.985,
                "t_lat": 235.089,
                "t_lon": 235.089,
                "t_orientacion": 234.8,
                "t_u": 234.985,
                "t_utm_zone": 234.876,
                "t_v": 234.985,
                "t_x": 234.985,
                "t_y": 234.985,
                "throttle_L": 9600,
                "throttle_R": 9103,
                "u_raw": 0.38849680000000003,
                "utm_zone": 30,
                "v_raw": 0.4781502,
                "x": 23.547176399999998,
                "y": 29.2777185
            },
            "type": "Feature"
        },
        {
            "geometry": {
                "coordinates": [
                    -3.7312908,
                    40.437053
                ],
                "type": "Point"
            },
            "properties": {
                "Ah": 0.77025,
                "du_raw": -0.1396538,
                "dv_raw": -0.1748114,
                "fecha": "2025-05-28 16:30:56.500000",
                "orientacion_raw": 1.127312,
                "t_Ah": 232.766,
                "t_T_L": 235.438,
                "t_T_R": 235.438,
                "t_du": 235.233,
                "t_dv": 235.233,
                "t_lat": 235.438,
                "t_lon": 235.438,
                "t_orientacion": 235.298,
                "t_u": 235.233,
                "t_utm_zone": 235.374,
                "t_v": 235.233,
                "t_x": 235.233,
                "t_y": 235.233,
                "throttle_L": 7854,
                "throttle_R": 9600,
                "u_raw": 0.3586117,
                "utm_zone": 30,
                "v_raw": 0.48811,
                "x": 23.6487402,
                "y": 29.3285004
            },
            "type": "Feature"
        },
        {
            "geometry": {
                "coordinates": [
                    -3.7312893999999996,
                    40.4370538
                ],
                "type": "Point"
            },
            "properties": {
                "Ah": 0.77025,
                "du_raw": -0.2138754,
                "dv_raw": -0.0908238,
                "fecha": "2025-05-28 16:30:56.750000",
                "orientacion_raw": 1.127312,
                "t_Ah": 232.766,
                "t_T_L": 235.438,
                "t_T_R": 235.438,
                "t_du": 235.539,
                "t_dv": 235.539,
                "t_lat": 235.837,
                "t_lon": 235.837,
                "t_orientacion": 235.298,
                "t_u": 235.539,
                "t_utm_zone": 235.622,
                "t_v": 235.539,
                "t_x": 235.539,
                "t_y": 235.539,
                "throttle_L": 7854,
                "throttle_R": 9600,
                "u_raw": 0.2589966,
                "utm_zone": 30,
                "v_raw": 0.4681885,
                "x": 23.7190536,
                "y": 29.367563399999998
            },
            "type": "Feature"
        },
        {
            "geometry": {
                "coordinates": [
                    -3.7312871,
                    40.437055099999995
                ],
                "type": "Point"
            },
            "properties": {
                "Ah": 0.77025,
                "du_raw": -0.21973499999999999,
                "dv_raw": -0.0722684,
                "fecha": "2025-05-28 16:30:57",
                "orientacion_raw": 1.204916,
                "t_Ah": 232.766,
                "t_T_L": 235.929,
                "t_T_R": 235.929,
                "t_du": 235.84,
                "t_dv": 235.84,
                "t_lat": 236.163,
                "t_lon": 236.163,
                "t_orientacion": 235.839,
                "t_u": 235.84,
                "t_utm_zone": 235.879,
                "t_v": 235.84,
                "t_x": 235.84,
                "t_y": 235.84,
                "throttle_L": 7854,
                "throttle_R": 9600,
                "u_raw": 0.38849680000000003,
                "utm_zone": 30,
                "v_raw": 0.4681885,
                "x": 23.808898499999998,
                "y": 29.430064199999997
            },
            "type": "Feature"
        },
        {
            "geometry": {
                "coordinates": [
                    -3.7312859,
                    40.4370555
                ],
                "type": "Point"
            },
            "properties": {
                "Ah": 0.77025,
                "du_raw": -0.3505994,
                "dv_raw": -0.0800812,
                "fecha": "2025-05-28 16:30:57.500000",
                "orientacion_raw": 1.322183,
                "t_Ah": 232.766,
                "t_T_L": 236.475,
                "t_T_R": 236.475,
                "t_du": 236.476,
                "t_dv": 236.476,
                "t_lat": 236.479,
                "t_lon": 236.479,
                "t_orientacion": 236.284,
                "t_u": 236.476,
                "t_utm_zone": 236.369,
                "t_v": 236.476,
                "t_x": 236.476,
                "t_y": 236.476,
                "throttle_L": 9421,
                "throttle_R": 9600,
                "u_raw": 0.2390751,
                "utm_zone": 30,
                "v_raw": 0.4383034,
                "x": 24.000307199999998,
                "y": 29.5589721
            },
            "type": "Feature"
        },
        {
            "geometry": {
                "coordinates": [
                    -3.7312846,
                    40.437056
                ],
                "type": "Point"
            },
            "properties": {
                "Ah": 0.77025,
                "du_raw": -0.5888898,
                "dv_raw": -0.004883,
                "fecha": "2025-05-28 16:30:57.750000",
                "orientacion_raw": 1.44825,
                "t_Ah": 232.766,
                "t_T_L": 236.475,
                "t_T_R": 236.475,
                "t_du": 236.733,
                "t_dv": 236.733,
                "t_lat": 236.83,
                "t_lon": 236.83,
                "t_orientacion": 236.787,
                "t_u": 236.733,
                "t_utm_zone": 236.649,
                "t_v": 236.733,
                "t_x": 236.733,
                "t_y": 236.733,
                "throttle_L": 9421,
                "throttle_R": 9600,
                "u_raw": 0.1593834,
                "utm_zone": 30,
                "v_raw": 0.5478802,
                "x": 24.047182799999998,
                "y": 29.687879999999996
            },
            "type": "Feature"
        },
        {
            "geometry": {
                "coordinates": [
                    -3.7312822,
                    40.4370568
                ],
                "type": "Point"
            },
            "properties": {
                "Ah": 0.77025,
                "du_raw": -0.2255946,
                "dv_raw": -0.0517598,
                "fecha": "2025-05-28 16:30:58.250000",
                "orientacion_raw": 1.44825,
                "t_Ah": 232.766,
                "t_T_L": 236.925,
                "t_T_R": 236.925,
                "t_du": 237.067,
                "t_dv": 237.067,
                "t_lat": 237.175,
                "t_lon": 237.175,
                "t_orientacion": 236.787,
                "t_u": 237.067,
                "t_utm_zone": 237.122,
                "t_v": 237.067,
                "t_x": 237.067,
                "t_y": 237.067,
                "throttle_L": 7904,
                "throttle_R": 9600,
                "u_raw": 0.2291134,
                "utm_zone": 30,
                "v_raw": 0.5877251,
                "x": 24.0979647,
                "y": 29.9886651
            },
            "type": "Feature"
        },
        {
            "geometry": {
                "coordinates": [
                    -3.7312809,
                    40.4370572
                ],
                "type": "Point"
            },
            "properties": {
                "Ah": 0.784954,
                "du_raw": -0.4238444,
                "dv_raw": -0.3017694,
                "fecha": "2025-05-28 16:30:58.500000",
                "orientacion_raw": 1.586576,
                "t_Ah": 237.237,
                "t_T_L": 237.419,
                "t_T_R": 237.419,
                "t_du": 237.339,
                "t_dv": 237.339,
                "t_lat": 237.563,
                "t_lon": 237.563,
                "t_orientacion": 237.338,
                "t_u": 237.339,
                "t_utm_zone": 237.366,
                "t_v": 237.339,
                "t_x": 237.339,
                "t_y": 237.339,
                "throttle_L": 7854,
                "throttle_R": 9600,
                "u_raw": 0.1892666,
                "utm_zone": 30,
                "v_raw": 0.5877251,
                "x": 24.187809599999998,
                "y": 30.066791099999996
            },
            "type": "Feature"
        },
        {
            "geometry": {
                "coordinates": [
                    -3.7312784999999997,
                    40.4370577
                ],
                "type": "Point"
            },
            "properties": {
                "Ah": 0.784954,
                "du_raw": -0.4160316,
                "dv_raw": 0.0039064,
                "fecha": "2025-05-28 16:30:58.750000",
                "orientacion_raw": 1.765504,
                "t_Ah": 237.237,
                "t_T_L": 237.419,
                "t_T_R": 237.419,
                "t_du": 237.642,
                "t_dv": 237.642,
                "t_lat": 237.871,
                "t_lon": 237.871,
                "t_orientacion": 237.805,
                "t_u": 237.642,
                "t_utm_zone": 237.642,
                "t_v": 237.642,
                "t_x": 237.642,
                "t_y": 237.642,
                "throttle_L": 7854,
                "throttle_R": 9600,
                "u_raw": 0.1195366,
                "utm_zone": 30,
                "v_raw": 0.6973019,
                "x": 24.226872599999997,
                "y": 30.0589785
            },
            "type": "Feature"
        },
        {
            "geometry": {
                "coordinates": [
                    -3.7312779,
                    40.4370573
                ],
                "type": "Point"
            },
            "properties": {
                "Ah": 0.784954,
                "du_raw": -0.5009958,
                "dv_raw": -0.249033,
                "fecha": "2025-05-28 16:30:59.250000",
                "orientacion_raw": 1.765504,
                "t_Ah": 237.237,
                "t_T_L": 237.966,
                "t_T_R": 237.966,
                "t_du": 237.967,
                "t_dv": 237.967,
                "t_lat": 238.287,
                "t_lon": 238.287,
                "t_orientacion": 237.805,
                "t_u": 237.967,
                "t_utm_zone": 238.121,
                "t_v": 237.967,
                "t_x": 237.967,
                "t_y": 237.967,
                "throttle_L": 9600,
                "throttle_R": 7072,
                "u_raw": 0.0298832,
                "utm_zone": 30,
                "v_raw": 0.6773785,
                "x": 24.2385915,
                "y": 30.019915499999996
            },
            "type": "Feature"
        },
        {
            "geometry": {
                "coordinates": [
                    -3.7312771999999996,
                    40.4370565
                ],
                "type": "Point"
            },
            "properties": {
                "Ah": 0.784954,
                "du_raw": -0.649439,
                "dv_raw": -0.3066524,
                "fecha": "2025-05-28 16:30:59.500000",
                "orientacion_raw": 1.995161,
                "t_Ah": 237.237,
                "t_T_L": 238.419,
                "t_T_R": 238.419,
                "t_du": 238.575,
                "t_dv": 238.575,
                "t_lat": 238.576,
                "t_lon": 238.576,
                "t_orientacion": 238.294,
                "t_u": 238.575,
                "t_utm_zone": 238.366,
                "t_v": 238.575,
                "t_x": 238.575,
                "t_y": 238.575,
                "throttle_L": 9600,
                "throttle_R": 5779,
                "u_raw": -0.0996132,
                "utm_zone": 30,
                "v_raw": 0.4582268,
                "x": 24.1487466,
                "y": 29.9691336
            },
            "type": "Feature"
        },
        {
            "geometry": {
                "coordinates": [
                    -3.7312767,
                    40.4370559
                ],
                "type": "Point"
            },
            "properties": {
                "Ah": 0.784954,
                "du_raw": -0.4609552,
                "dv_raw": -0.1210984,
                "fecha": "2025-05-28 16:31:00",
                "orientacion_raw": 2.163282,
                "t_Ah": 237.237,
                "t_T_L": 238.971,
                "t_T_R": 238.971,
                "t_du": 238.825,
                "t_dv": 238.825,
                "t_lat": 238.972,
                "t_lon": 238.972,
                "t_orientacion": 238.824,
                "t_u": 238.825,
                "t_utm_zone": 238.864,
                "t_v": 238.825,
                "t_x": 238.825,
                "t_y": 238.825,
                "throttle_L": 9600,
                "throttle_R": 4459,
                "u_raw": -0.06973,
                "utm_zone": 30,
                "v_raw": 0.6076485,
                "x": 24.109683599999997,
                "y": 29.758193399999996
            },
            "type": "Feature"
        },
        {
            "geometry": {
                "coordinates": [
                    -3.7312759,
                    40.437055199999996
                ],
                "type": "Point"
            },
            "properties": {
                "Ah": 0.784954,
                "du_raw": -0.605492,
                "dv_raw": -0.4892766,
                "fecha": "2025-05-28 16:31:00.250000",
                "orientacion_raw": 2.163282,
                "t_Ah": 237.237,
                "t_T_L": 238.971,
                "t_T_R": 238.971,
                "t_du": 239.138,
                "t_dv": 239.138,
                "t_lat": 239.299,
                "t_lon": 239.299,
                "t_orientacion": 238.824,
                "t_u": 239.138,
                "t_utm_zone": 239.14,
                "t_v": 239.138,
                "t_x": 239.138,
                "t_y": 239.138,
                "throttle_L": 9600,
                "throttle_R": 4459,
                "u_raw": -0.1992283,
                "utm_zone": 30,
                "v_raw": 0.4383034,
                "x": 23.969056799999997,
                "y": 29.629285499999998
            },
            "type": "Feature"
        },
        {
            "geometry": {
                "coordinates": [
                    -3.7312759,
                    40.4370537
                ],
                "type": "Point"
            },
            "properties": {
                "Ah": 0.784954,
                "du_raw": -0.2773544,
                "dv_raw": -0.2421968,
                "fecha": "2025-05-28 16:31:00.500000",
                "orientacion_raw": 2.255113,
                "t_Ah": 237.237,
                "t_T_L": 239.465,
                "t_T_R": 239.465,
                "t_du": 239.467,
                "t_dv": 239.467,
                "t_lat": 239.625,
                "t_lon": 239.625,
                "t_orientacion": 239.301,
                "t_u": 239.467,
                "t_utm_zone": 239.359,
                "t_v": 239.467,
                "t_x": 239.467,
                "t_y": 239.467,
                "throttle_L": 9600,
                "throttle_R": 4524,
                "u_raw": -0.1793049,
                "utm_zone": 30,
                "v_raw": 0.3586117,
                "x": 23.8870245,
                "y": 29.519909099999996
            },
            "type": "Feature"
        },
        {
            "geometry": {
                "coordinates": [
                    -3.7312762999999998,
                    40.4370529
                ],
                "type": "Point"
            },
            "properties": {
                "Ah": 0.784954,
                "du_raw": -0.1865306,
                "dv_raw": -0.1923902,
                "fecha": "2025-05-28 16:31:01",
                "orientacion_raw": 2.213732,
                "t_Ah": 237.237,
                "t_T_L": 239.914,
                "t_T_R": 239.914,
                "t_du": 239.728,
                "t_dv": 239.728,
                "t_lat": 239.975,
                "t_lon": 239.975,
                "t_orientacion": 239.788,
                "t_u": 239.728,
                "t_utm_zone": 239.86,
                "t_v": 239.728,
                "t_x": 239.728,
                "t_y": 239.728,
                "throttle_L": 9600,
                "throttle_R": 5169,
                "u_raw": -0.2490349,
                "utm_zone": 30,
                "v_raw": 0.2390751,
                "x": 23.7971796,
                "y": 29.4183453
            },
            "type": "Feature"
        },
        {
            "geometry": {
                "coordinates": [
                    -3.7312760999999997,
                    40.4370522
                ],
                "type": "Point"
            },
            "properties": {
                "Ah": 0.784954,
                "du_raw": -0.3037226,
                "dv_raw": -0.180671,
                "fecha": "2025-05-28 16:31:01.250000",
                "orientacion_raw": 2.155741,
                "t_Ah": 237.237,
                "t_T_L": 239.914,
                "t_T_R": 239.914,
                "t_du": 240.059,
                "t_dv": 240.059,
                "t_lat": 240.369,
                "t_lon": 240.369,
                "t_orientacion": 240.268,
                "t_u": 240.059,
                "t_utm_zone": 240.114,
                "t_v": 240.059,
                "t_x": 240.059,
                "t_y": 240.059,
                "throttle_L": 9600,
                "throttle_R": 5169,
                "u_raw": -0.2888817,
                "utm_zone": 30,
                "v_raw": 0.2191517,
                "x": 23.6995221,
                "y": 29.29725
            },
            "type": "Feature"
        },
        {
            "geometry": {
                "coordinates": [
                    -3.7312743999999998,
                    40.437051
                ],
                "type": "Point"
            },
            "properties": {
                "Ah": 0.784954,
                "du_raw": -0.0332044,
                "dv_raw": -0.0273448,
                "fecha": "2025-05-28 16:31:01.750000",
                "orientacion_raw": 2.155741,
                "t_Ah": 237.237,
                "t_T_L": 240.406,
                "t_T_R": 240.406,
                "t_du": 240.662,
                "t_dv": 240.662,
                "t_lat": 240.664,
                "t_lon": 240.664,
                "t_orientacion": 240.268,
                "t_u": 240.662,
                "t_utm_zone": 240.662,
                "t_v": 240.662,
                "t_x": 240.662,
                "t_y": 240.662,
                "throttle_L": 7904,
                "throttle_R": 9600,
                "u_raw": -0.2589966,
                "utm_zone": 30,
                "v_raw": 0.4681885,
                "x": 23.500300799999998,
                "y": 29.187873599999996
            },
            "type": "Feature"
        },
        {
            "geometry": {
                "coordinates": [
                    -3.7312737,
                    40.4370501
                ],
                "type": "Point"
            },
            "properties": {
                "Ah": 0.784954,
                "du_raw": -0.1728582,
                "dv_raw": -0.2226648,
                "fecha": "2025-05-28 16:31:02",
                "orientacion_raw": 2.202199,
                "t_Ah": 237.237,
                "t_T_L": 240.962,
                "t_T_R": 240.962,
                "t_du": 240.963,
                "t_dv": 240.963,
                "t_lat": 241.051,
                "t_lon": 241.051,
                "t_orientacion": 240.791,
                "t_u": 240.963,
                "t_utm_zone": 240.838,
                "t_v": 240.963,
                "t_x": 240.963,
                "t_y": 240.963,
                "throttle_L": 9362,
                "throttle_R": 9600,
                "u_raw": -0.41838000000000003,
                "utm_zone": 30,
                "v_raw": 0.4283417,
                "x": 23.3870181,
                "y": 28.9495893
            },
            "type": "Feature"
        },
        {
            "geometry": {
                "coordinates": [
                    -3.7312713,
                    40.4370483
                ],
                "type": "Point"
            },
            "properties": {
                "Ah": 0.784954,
                "du_raw": -0.1015664,
                "dv_raw": 0.058596,
                "fecha": "2025-05-28 16:31:02.250000",
                "orientacion_raw": 2.28808,
                "t_Ah": 237.237,
                "t_T_L": 240.962,
                "t_T_R": 240.962,
                "t_du": 241.211,
                "t_dv": 241.211,
                "t_lat": 241.358,
                "t_lon": 241.358,
                "t_orientacion": 241.263,
                "t_u": 241.211,
                "t_utm_zone": 241.111,
                "t_v": 241.211,
                "t_x": 241.211,
                "t_y": 241.211,
                "throttle_L": 9362,
                "throttle_R": 9600,
                "u_raw": -0.4383034,
                "utm_zone": 30,
                "v_raw": 0.6076485,
                "x": 23.2893606,
                "y": 28.930057799999997
            },
            "type": "Feature"
        },
        {
            "geometry": {
                "coordinates": [
                    -3.7312702,
                    40.4370475
                ],
                "type": "Point"
            },
            "properties": {
                "Ah": 0.784954,
                "du_raw": -0.058596,
                "dv_raw": -0.0078128,
                "fecha": "2025-05-28 16:31:02.750000",
                "orientacion_raw": 2.28808,
                "t_Ah": 237.237,
                "t_T_L": 241.41,
                "t_T_R": 241.41,
                "t_du": 241.543,
                "t_dv": 241.543,
                "t_lat": 241.731,
                "t_lon": 241.731,
                "t_orientacion": 241.263,
                "t_u": 241.543,
                "t_utm_zone": 241.629,
                "t_v": 241.543,
                "t_x": 241.543,
                "t_y": 241.543,
                "throttle_L": 8080,
                "throttle_R": 9600,
                "u_raw": -0.3187668,
                "utm_zone": 30,
                "v_raw": 0.5080334,
                "x": 23.187796799999997,
                "y": 28.8480255
            },
            "type": "Feature"
        },
        {
            "geometry": {
                "coordinates": [
                    -3.7312697,
                    40.4370464
                ],
                "type": "Point"
            },
            "properties": {
                "Ah": 0.797212,
                "du_raw": -0.1572326,
                "dv_raw": -0.1962966,
                "fecha": "2025-05-28 16:31:03",
                "orientacion_raw": 2.394151,
                "t_Ah": 241.734,
                "t_T_L": 241.906,
                "t_T_R": 241.906,
                "t_du": 241.814,
                "t_dv": 241.814,
                "t_lat": 242.062,
                "t_lon": 242.062,
                "t_orientacion": 241.813,
                "t_u": 241.814,
                "t_utm_zone": 241.853,
                "t_v": 241.814,
                "t_x": 241.814,
                "t_y": 241.814,
                "throttle_L": 9600,
                "throttle_R": 7854,
                "u_raw": -0.41838000000000003,
                "utm_zone": 30,
                "v_raw": 0.5478802,
                "x": 23.1096708,
                "y": 28.7777121
            },
            "type": "Feature"
        },
        {
            "geometry": {
                "coordinates": [
                    -3.7312695999999996,
                    40.437044199999995
                ],
                "type": "Point"
            },
            "properties": {
                "Ah": 0.797212,
                "du_raw": -0.156256,
                "dv_raw": -0.229501,
                "fecha": "2025-05-28 16:31:03.500000",
                "orientacion_raw": 2.484332,
                "t_Ah": 241.734,
                "t_T_L": 242.448,
                "t_T_R": 242.448,
                "t_du": 242.135,
                "t_dv": 242.135,
                "t_lat": 242.448,
                "t_lon": 242.448,
                "t_orientacion": 242.267,
                "t_u": 242.135,
                "t_utm_zone": 242.354,
                "t_v": 242.135,
                "t_x": 242.135,
                "t_y": 242.135,
                "throttle_L": 7954,
                "throttle_R": 9600,
                "u_raw": -0.3984585,
                "utm_zone": 30,
                "v_raw": 0.3187668,
                "x": 22.8674802,
                "y": 28.500364799999996
            },
            "type": "Feature"
        },
        {
            "geometry": {
                "coordinates": [
                    -3.7312692,
                    40.437042999999996
                ],
                "type": "Point"
            },
            "properties": {
                "Ah": 0.797212,
                "du_raw": 0.0039064,
                "dv_raw": 0.087894,
                "fecha": "2025-05-28 16:31:03.750000",
                "orientacion_raw": 2.484332,
                "t_Ah": 241.734,
                "t_T_L": 242.448,
                "t_T_R": 242.448,
                "t_du": 242.721,
                "t_dv": 242.721,
                "t_lat": 242.796,
                "t_lon": 242.796,
                "t_orientacion": 242.267,
                "t_u": 242.721,
                "t_utm_zone": 242.603,
                "t_v": 242.721,
                "t_x": 242.721,
                "t_y": 242.721,
                "throttle_L": 7954,
                "throttle_R": 9600,
                "u_raw": -0.4482651,
                "utm_zone": 30,
                "v_raw": 0.3685734,
                "x": 22.6096644,
                "y": 28.3792695
            },
            "type": "Feature"
        },
        {
            "geometry": {
                "coordinates": [
                    -3.7312697999999997,
                    40.4370407
                ],
                "type": "Point"
            },
            "properties": {
                "Ah": 0.797212,
                "du_raw": 0.0039064,
                "dv_raw": -0.2470798,
                "fecha": "2025-05-28 16:31:04",
                "orientacion_raw": 2.576446,
                "t_Ah": 241.734,
                "t_T_L": 242.945,
                "t_T_R": 242.945,
                "t_du": 243.045,
                "t_dv": 243.045,
                "t_lat": 243.122,
                "t_lon": 243.122,
                "t_orientacion": 242.8,
                "t_u": 243.045,
                "t_utm_zone": 242.847,
                "t_v": 243.045,
                "t_x": 243.045,
                "t_y": 243.045,
                "throttle_L": 9600,
                "throttle_R": 8234,
                "u_raw": -0.5080334,
                "utm_zone": 30,
                "v_raw": 0.1892666,
                "x": 22.4690376,
                "y": 28.340206499999997
            },
            "type": "Feature"
        },
        {
            "geometry": {
                "coordinates": [
                    -3.73127,
                    40.437039399999996
                ],
                "type": "Point"
            },
            "properties": {
                "Ah": 0.797212,
                "du_raw": 0.126958,
                "dv_raw": -0.0839876,
                "fecha": "2025-05-28 16:31:04.500000",
                "orientacion_raw": 2.679147,
                "t_Ah": 241.734,
                "t_T_L": 243.397,
                "t_T_R": 243.397,
                "t_du": 243.302,
                "t_dv": 243.302,
                "t_lat": 243.502,
                "t_lon": 243.502,
                "t_orientacion": 243.302,
                "t_u": 243.302,
                "t_utm_zone": 243.344,
                "t_v": 243.302,
                "t_x": 243.302,
                "t_y": 243.302,
                "throttle_L": 9570,
                "throttle_R": 9600,
                "u_raw": -0.4482651,
                "utm_zone": 30,
                "v_raw": 0.3187668,
                "x": 22.3479423,
                "y": 28.2581742
            },
            "type": "Feature"
        },
        {
            "geometry": {
                "coordinates": [
                    -3.7312702,
                    40.437038099999995
                ],
                "type": "Point"
            },
            "properties": {
                "Ah": 0.797212,
                "du_raw": -0.07519819999999999,
                "dv_raw": -0.1650454,
                "fecha": "2025-05-28 16:31:04.750000",
                "orientacion_raw": 2.803533,
                "t_Ah": 241.734,
                "t_T_L": 243.397,
                "t_T_R": 243.397,
                "t_du": 243.618,
                "t_dv": 243.618,
                "t_lat": 243.809,
                "t_lon": 243.809,
                "t_orientacion": 243.809,
                "t_u": 243.618,
                "t_utm_zone": 243.619,
                "t_v": 243.618,
                "t_x": 243.618,
                "t_y": 243.618,
                "throttle_L": 9570,
                "throttle_R": 9600,
                "u_raw": -0.5478802,
                "utm_zone": 30,
                "v_raw": 0.20919000000000001,
                "x": 22.0588761,
                "y": 28.180048199999998
            },
            "type": "Feature"
        },
        {
            "geometry": {
                "coordinates": [
                    -3.7312689,
                    40.4370359
                ],
                "type": "Point"
            },
            "properties": {
                "Ah": 0.797212,
                "du_raw": -0.043947,
                "dv_raw": -0.0820344,
                "fecha": "2025-05-28 16:31:05.250000",
                "orientacion_raw": 2.803533,
                "t_Ah": 241.734,
                "t_T_L": 243.944,
                "t_T_R": 243.944,
                "t_du": 243.945,
                "t_dv": 243.945,
                "t_lat": 244.151,
                "t_lon": 244.151,
                "t_orientacion": 243.809,
                "t_u": 243.945,
                "t_utm_zone": 244.1,
                "t_v": 243.945,
                "t_x": 243.945,
                "t_y": 243.945,
                "throttle_L": 8712,
                "throttle_R": 9600,
                "u_raw": -0.5379185,
                "utm_zone": 30,
                "v_raw": 0.2988434,
                "x": 21.929968199999998,
                "y": 28.1878608
            },
            "type": "Feature"
        },
        {
            "geometry": {
                "coordinates": [
                    -3.7312670999999997,
                    40.4370354
                ],
                "type": "Point"
            },
            "properties": {
                "Ah": 0.797212,
                "du_raw": -0.0546896,
                "dv_raw": -0.1337942,
                "fecha": "2025-05-28 16:31:05.500000",
                "orientacion_raw": 2.955036,
                "t_Ah": 241.734,
                "t_T_L": 244.393,
                "t_T_R": 244.393,
                "t_du": 244.264,
                "t_dv": 244.264,
                "t_lat": 244.548,
                "t_lon": 244.548,
                "t_orientacion": 244.273,
                "t_u": 244.264,
                "t_utm_zone": 244.34,
                "t_v": 244.264,
                "t_x": 244.264,
                "t_y": 244.264,
                "throttle_L": 8604,
                "throttle_R": 9600,
                "u_raw": -0.6275719,
                "utm_zone": 30,
                "v_raw": 0.2191517,
                "x": 21.8166855,
                "y": 28.359737999999997
            },
            "type": "Feature"
        },
        {
            "geometry": {
                "coordinates": [
                    -3.7312665,
                    40.4370346
                ],
                "type": "Point"
            },
            "properties": {
                "Ah": 0.797212,
                "du_raw": -0.1113324,
                "dv_raw": -0.13184099999999999,
                "fecha": "2025-05-28 16:31:05.750000",
                "orientacion_raw": 3.120468,
                "t_Ah": 241.734,
                "t_T_L": 244.393,
                "t_T_R": 244.393,
                "t_du": 244.8,
                "t_dv": 244.8,
                "t_lat": 244.848,
                "t_lon": 244.848,
                "t_orientacion": 244.765,
                "t_u": 244.8,
                "t_utm_zone": 244.59,
                "t_v": 244.8,
                "t_x": 244.8,
                "t_y": 244.8,
                "throttle_L": 8604,
                "throttle_R": 9600,
                "u_raw": -0.6574551,
                "utm_zone": 30,
                "v_raw": -0.0199215,
                "x": 21.679965,
                "y": 28.457395499999997
            },
            "type": "Feature"
        },
        {
            "geometry": {
                "coordinates": [
                    -3.7312629999999998,
                    40.4370337
                ],
                "type": "Point"
            },
            "properties": {
                "Ah": 0.797212,
                "du_raw": -0.0156256,
                "dv_raw": -0.2109456,
                "fecha": "2025-05-28 16:31:06.250000",
                "orientacion_raw": 3.120468,
                "t_Ah": 241.734,
                "t_T_L": 244.896,
                "t_T_R": 244.896,
                "t_du": 245.109,
                "t_dv": 245.109,
                "t_lat": 245.195,
                "t_lon": 245.195,
                "t_orientacion": 244.765,
                "t_u": 245.109,
                "t_utm_zone": 245.111,
                "t_v": 245.109,
                "t_x": 245.109,
                "t_y": 245.109,
                "throttle_L": 9600,
                "throttle_R": 7232,
                "u_raw": -0.5578419,
                "utm_zone": 30,
                "v_raw": -0.0298832,
                "x": 21.5784012,
                "y": 28.578490799999997
            },
            "type": "Feature"
        },
        {
            "geometry": {
                "coordinates": [
                    -3.7312613999999997,
                    40.437033199999995
                ],
                "type": "Point"
            },
            "properties": {
                "Ah": 0.797212,
                "du_raw": -0.1445368,
                "dv_raw": -0.112309,
                "fecha": "2025-05-28 16:31:06.500000",
                "orientacion_raw": -3.026707,
                "t_Ah": 241.734,
                "t_T_L": 245.442,
                "t_T_R": 245.442,
                "t_du": 245.443,
                "t_dv": 245.443,
                "t_lat": 245.551,
                "t_lon": 245.551,
                "t_orientacion": 245.249,
                "t_u": 245.443,
                "t_utm_zone": 245.336,
                "t_v": 245.443,
                "t_x": 245.443,
                "t_y": 245.443,
                "throttle_L": 8631,
                "throttle_R": 9600,
                "u_raw": -0.6176102,
                "utm_zone": 30,
                "v_raw": -0.0996132,
                "x": 21.519806699999997,
                "y": 28.668335699999997
            },
            "type": "Feature"
        },
        {
            "geometry": {
                "coordinates": [
                    -3.7312575,
                    40.4370318
                ],
                "type": "Point"
            },
            "properties": {
                "Ah": 0.797212,
                "du_raw": 0.0400406,
                "dv_raw": -0.1201218,
                "fecha": "2025-05-28 16:31:07",
                "orientacion_raw": -2.887233,
                "t_Ah": 241.734,
                "t_T_L": 245.941,
                "t_T_R": 245.941,
                "t_du": 245.709,
                "t_dv": 245.709,
                "t_lat": 245.942,
                "t_lon": 245.942,
                "t_orientacion": 245.759,
                "t_u": 245.709,
                "t_utm_zone": 245.819,
                "t_v": 245.709,
                "t_x": 245.709,
                "t_y": 245.709,
                "throttle_L": 9600,
                "throttle_R": 4993,
                "u_raw": -0.6375336,
                "utm_zone": 30,
                "v_raw": -0.1494217,
                "x": 21.457305899999998,
                "y": 28.797243599999998
            },
            "type": "Feature"
        },
        {
            "geometry": {
                "coordinates": [
                    -3.731257,
                    40.437030899999996
                ],
                "type": "Point"
            },
            "properties": {
                "Ah": 0.811633,
                "du_raw": 0.2265712,
                "dv_raw": -0.205086,
                "fecha": "2025-05-28 16:31:07.250000",
                "orientacion_raw": -2.887233,
                "t_Ah": 246.196,
                "t_T_L": 245.941,
                "t_T_R": 245.941,
                "t_du": 246.028,
                "t_dv": 246.028,
                "t_lat": 246.286,
                "t_lon": 246.286,
                "t_orientacion": 245.759,
                "t_u": 246.028,
                "t_utm_zone": 246.084,
                "t_v": 246.028,
                "t_x": 246.028,
                "t_y": 246.028,
                "throttle_L": 9600,
                "throttle_R": 4993,
                "u_raw": -0.6773785,
                "utm_zone": 30,
                "v_raw": -0.2390751,
                "x": 21.359648399999998,
                "y": 28.859744399999997
            },
            "type": "Feature"
        },
        {
            "geometry": {
                "coordinates": [
                    -3.7312551999999997,
                    40.4370294
                ],
                "type": "Point"
            },
            "properties": {
                "Ah": 0.811633,
                "du_raw": 0.3349738,
                "dv_raw": -0.087894,
                "fecha": "2025-05-28 16:31:07.500000",
                "orientacion_raw": -2.784061,
                "t_Ah": 246.196,
                "t_T_L": 246.391,
                "t_T_R": 246.391,
                "t_du": 246.289,
                "t_dv": 246.289,
                "t_lat": 246.631,
                "t_lon": 246.631,
                "t_orientacion": 246.288,
                "t_u": 246.289,
                "t_utm_zone": 246.338,
                "t_v": 246.289,
                "t_x": 246.289,
                "t_y": 246.289,
                "throttle_L": 9600,
                "throttle_R": 6938,
                "u_raw": -0.6375336,
                "utm_zone": 30,
                "v_raw": -0.3386883,
                "x": 21.2698035,
                "y": 28.8480255
            },
            "type": "Feature"
        },
        {
            "geometry": {
                "coordinates": [
                    -3.731254,
                    40.4370287
                ],
                "type": "Point"
            },
            "properties": {
                "Ah": 0.811633,
                "du_raw": 0.239267,
                "dv_raw": 0.0908238,
                "fecha": "2025-05-28 16:31:07.750000",
                "orientacion_raw": -2.760599,
                "t_Ah": 246.196,
                "t_T_L": 246.936,
                "t_T_R": 246.936,
                "t_du": 246.937,
                "t_dv": 246.937,
                "t_lat": 246.939,
                "t_lon": 246.939,
                "t_orientacion": 246.799,
                "t_u": 246.937,
                "t_utm_zone": 246.833,
                "t_v": 246.937,
                "t_x": 246.937,
                "t_y": 246.937,
                "throttle_L": 9600,
                "throttle_R": 7562,
                "u_raw": -0.5080334,
                "utm_zone": 30,
                "v_raw": -0.1992283,
                "x": 21.0198003,
                "y": 28.750367999999998
            },
            "type": "Feature"
        },
        {
            "geometry": {
                "coordinates": [
                    -3.7312537,
                    40.4370279
                ],
                "type": "Point"
            },
            "properties": {
                "Ah": 0.811633,
                "du_raw": 0.2080158,
                "dv_raw": -0.0087894,
                "fecha": "2025-05-28 16:31:08.250000",
                "orientacion_raw": -2.777139,
                "t_Ah": 246.196,
                "t_T_L": 246.936,
                "t_T_R": 246.936,
                "t_du": 247.186,
                "t_dv": 247.186,
                "t_lat": 247.3,
                "t_lon": 247.3,
                "t_orientacion": 247.242,
                "t_u": 247.186,
                "t_utm_zone": 247.083,
                "t_v": 247.186,
                "t_x": 247.186,
                "t_y": 247.186,
                "throttle_L": 9600,
                "throttle_R": 7562,
                "u_raw": -0.4980717,
                "utm_zone": 30,
                "v_raw": -0.3187668,
                "x": 20.929955399999997,
                "y": 28.5902097
            },
            "type": "Feature"
        },
        {
            "geometry": {
                "coordinates": [
                    -3.7312534,
                    40.437025999999996
                ],
                "type": "Point"
            },
            "properties": {
                "Ah": 0.811633,
                "du_raw": 0.200203,
                "dv_raw": 0.141607,
                "fecha": "2025-05-28 16:31:08.750000",
                "orientacion_raw": -2.777139,
                "t_Ah": 246.196,
                "t_T_L": 247.385,
                "t_T_R": 247.385,
                "t_du": 247.519,
                "t_dv": 247.519,
                "t_lat": 247.631,
                "t_lon": 247.631,
                "t_orientacion": 247.242,
                "t_u": 247.519,
                "t_utm_zone": 247.578,
                "t_v": 247.519,
                "t_x": 247.519,
                "t_y": 247.519,
                "throttle_L": 7929,
                "throttle_R": 9600,
                "u_raw": -0.4482651,
                "utm_zone": 30,
                "v_raw": -0.2390751,
                "x": 20.840110499999998,
                "y": 28.476926999999996
            },
            "type": "Feature"
        },
        {
            "geometry": {
                "coordinates": [
                    -3.7312532,
                    40.437025
                ],
                "type": "Point"
            },
            "properties": {
                "Ah": 0.811633,
                "du_raw": 0.434587,
                "dv_raw": 0.2070392,
                "fecha": "2025-05-28 16:31:08.750000",
                "orientacion_raw": -2.723565,
                "t_Ah": 246.196,
                "t_T_L": 247.885,
                "t_T_R": 247.885,
                "t_du": 247.806,
                "t_dv": 247.806,
                "t_lat": 248.025,
                "t_lon": 248.025,
                "t_orientacion": 247.805,
                "t_u": 247.806,
                "t_utm_zone": 247.835,
                "t_v": 247.806,
                "t_x": 247.806,
                "t_y": 247.806,
                "throttle_L": 9600,
                "throttle_R": 8767,
                "u_raw": -0.5478802,
                "utm_zone": 30,
                "v_raw": -0.2291134,
                "x": 20.719015199999998,
                "y": 28.2777057
            },
            "type": "Feature"
        },
        {
            "geometry": {
                "coordinates": [
                    -3.7312531,
                    40.437022899999995
                ],
                "type": "Point"
            },
            "properties": {
                "Ah": 0.811633,
                "du_raw": 0.3916166,
                "dv_raw": -0.0918004,
                "fecha": "2025-05-28 16:31:09.250000",
                "orientacion_raw": -2.669691,
                "t_Ah": 246.196,
                "t_T_L": 247.885,
                "t_T_R": 247.885,
                "t_du": 248.126,
                "t_dv": 248.126,
                "t_lat": 248.336,
                "t_lon": 248.336,
                "t_orientacion": 248.242,
                "t_u": 248.126,
                "t_utm_zone": 248.129,
                "t_v": 248.126,
                "t_x": 248.126,
                "t_y": 248.126,
                "throttle_L": 9600,
                "throttle_R": 8767,
                "u_raw": -0.5279568,
                "utm_zone": 30,
                "v_raw": -0.3386883,
                "x": 20.4885435,
                "y": 28.1370789
            },
            "type": "Feature"
        },
        {
            "geometry": {
                "coordinates": [
                    -3.7312532,
                    40.4370219
                ],
                "type": "Point"
            },
            "properties": {
                "Ah": 0.811633,
                "du_raw": 0.3769676,
                "dv_raw": 0.1181686,
                "fecha": "2025-05-28 16:31:09.750000",
                "orientacion_raw": -2.669691,
                "t_Ah": 246.196,
                "t_T_L": 248.427,
                "t_T_R": 248.427,
                "t_du": 248.428,
                "t_dv": 248.428,
                "t_lat": 248.726,
                "t_lon": 248.726,
                "t_orientacion": 248.242,
                "t_u": 248.428,
                "t_utm_zone": 248.558,
                "t_v": 248.428,
                "t_x": 248.428,
                "t_y": 248.428,
                "throttle_L": 9600,
                "throttle_R": 7586,
                "u_raw": -0.5279568,
                "utm_zone": 30,
                "v_raw": -0.2490349,
                "x": 20.3674482,
                "y": 28.0198899
            },
            "type": "Feature"
        },
        {
            "geometry": {
                "coordinates": [
                    -3.7312532999999997,
                    40.437021
                ],
                "type": "Point"
            },
            "properties": {
                "Ah": 0.811633,
                "du_raw": 0.4121252,
                "dv_raw": 0.2812608,
                "fecha": "2025-05-28 16:31:09.750000",
                "orientacion_raw": -2.686453,
                "t_Ah": 246.196,
                "t_T_L": 248.879,
                "t_T_R": 248.879,
                "t_du": 249.043,
                "t_dv": 249.043,
                "t_lat": 249.047,
                "t_lon": 249.047,
                "t_orientacion": 248.753,
                "t_u": 249.043,
                "t_utm_zone": 248.826,
                "t_v": 249.043,
                "t_x": 249.043,
                "t_y": 249.043,
                "throttle_L": 9600,
                "throttle_R": 8029,
                "u_raw": -0.4283417,
                "utm_zone": 30,
                "v_raw": -0.1892666,
                "x": 20.168226899999997,
                "y": 28.000358399999996
            },
            "type": "Feature"
        },
        {
            "geometry": {
                "coordinates": [
                    -3.7312539,
                    40.437018699999996
                ],
                "type": "Point"
            },
            "properties": {
                "Ah": 0.811633,
                "du_raw": 0.4990426,
                "dv_raw": 0.336927,
                "fecha": "2025-05-28 16:31:10.500000",
                "orientacion_raw": -2.71567,
                "t_Ah": 246.196,
                "t_T_L": 249.431,
                "t_T_R": 249.431,
                "t_du": 249.302,
                "t_dv": 249.302,
                "t_lat": 249.431,
                "t_lon": 249.431,
                "t_orientacion": 249.234,
                "t_u": 249.302,
                "t_utm_zone": 249.325,
                "t_v": 249.302,
                "t_x": 249.302,
                "t_y": 249.302,
                "throttle_L": 7904,
                "throttle_R": 9600,
                "u_raw": -0.4482651,
                "utm_zone": 30,
                "v_raw": -0.2490349,
                "x": 20.0588505,
                "y": 28.168329299999996
            },
            "type": "Feature"
        },
        {
            "geometry": {
                "coordinates": [
                    -3.7312542,
                    40.437017399999995
                ],
                "type": "Point"
            },
            "properties": {
                "Ah": 0.811633,
                "du_raw": 0.317395,
                "dv_raw": 0.3701314,
                "fecha": "2025-05-28 16:31:10.750000",
                "orientacion_raw": -2.71567,
                "t_Ah": 246.196,
                "t_T_L": 249.431,
                "t_T_R": 249.431,
                "t_du": 249.595,
                "t_dv": 249.595,
                "t_lat": 249.792,
                "t_lon": 249.792,
                "t_orientacion": 249.234,
                "t_u": 249.595,
                "t_utm_zone": 249.595,
                "t_v": 249.595,
                "t_x": 249.595,
                "t_y": 249.595,
                "throttle_L": 7904,
                "throttle_R": 9600,
                "u_raw": -0.4383034,
                "utm_zone": 30,
                "v_raw": -0.2988434,
                "x": 19.769784299999998,
                "y": 28.340206499999997
            },
            "type": "Feature"
        },
        {
            "geometry": {
                "coordinates": [
                    -3.7312548,
                    40.4370147
                ],
                "type": "Point"
            },
            "properties": {
                "Ah": 0.811633,
                "du_raw": 0.605492,
                "dv_raw": 0.4609552,
                "fecha": "2025-05-28 16:31:10.750000",
                "orientacion_raw": -2.696606,
                "t_Ah": 246.196,
                "t_T_L": 249.919,
                "t_T_R": 249.919,
                "t_du": 249.921,
                "t_dv": 249.921,
                "t_lat": 250.1,
                "t_lon": 250.1,
                "t_orientacion": 249.794,
                "t_u": 249.921,
                "t_utm_zone": 249.823,
                "t_v": 249.921,
                "t_x": 249.921,
                "t_y": 249.921,
                "throttle_L": 7904,
                "throttle_R": 9600,
                "u_raw": -0.6474934,
                "utm_zone": 30,
                "v_raw": -0.4084183,
                "x": 19.6174386,
                "y": 28.418332499999998
            },
            "type": "Feature"
        },
        {
            "geometry": {
                "coordinates": [
                    -3.7312553,
                    40.4370133
                ],
                "type": "Point"
            },
            "properties": {
                "Ah": 0.811633,
                "du_raw": 0.3164184,
                "dv_raw": 0.322278,
                "fecha": "2025-05-28 16:31:11.500000",
                "orientacion_raw": -2.615994,
                "t_Ah": 246.196,
                "t_T_L": 250.374,
                "t_T_R": 250.374,
                "t_du": 250.183,
                "t_dv": 250.183,
                "t_lat": 250.477,
                "t_lon": 250.477,
                "t_orientacion": 250.248,
                "t_u": 250.183,
                "t_utm_zone": 250.321,
                "t_v": 250.183,
                "t_x": 250.183,
                "t_y": 250.183,
                "throttle_L": 7854,
                "throttle_R": 9600,
                "u_raw": -0.4980717,
                "utm_zone": 30,
                "v_raw": -0.3187668,
                "x": 19.4689992,
                "y": 28.488645899999998
            },
            "type": "Feature"
        },
        {
            "geometry": {
                "coordinates": [
                    -3.7312558,
                    40.4370119
                ],
                "type": "Point"
            },
            "properties": {
                "Ah": 0.825523,
                "du_raw": 0.3213014,
                "dv_raw": 0.2089924,
                "fecha": "2025-05-28 16:31:11.750000",
                "orientacion_raw": -2.493991,
                "t_Ah": 250.692,
                "t_T_L": 250.374,
                "t_T_R": 250.374,
                "t_du": 250.48,
                "t_dv": 250.48,
                "t_lat": 250.798,
                "t_lon": 250.798,
                "t_orientacion": 250.797,
                "t_u": 250.48,
                "t_utm_zone": 250.567,
                "t_v": 250.48,
                "t_x": 250.48,
                "t_y": 250.48,
                "throttle_L": 7854,
                "throttle_R": 9600,
                "u_raw": -0.6474934,
                "utm_zone": 30,
                "v_raw": -0.3685734,
                "x": 19.316653499999997,
                "y": 28.558959299999998
            },
            "type": "Feature"
        },
        {
            "geometry": {
                "coordinates": [
                    -3.7312570999999997,
                    40.4370099
                ],
                "type": "Point"
            },
            "properties": {
                "Ah": 0.825523,
                "du_raw": 0.3242312,
                "dv_raw": 0.2011796,
                "fecha": "2025-05-28 16:31:12.250000",
                "orientacion_raw": -2.493991,
                "t_Ah": 250.692,
                "t_T_L": 250.869,
                "t_T_R": 250.869,
                "t_du": 251.123,
                "t_dv": 251.123,
                "t_lat": 251.127,
                "t_lon": 251.127,
                "t_orientacion": 250.797,
                "t_u": 251.123,
                "t_utm_zone": 251.124,
                "t_v": 251.123,
                "t_x": 251.123,
                "t_y": 251.123,
                "throttle_L": 5626,
                "throttle_R": 9600,
                "u_raw": -0.3685734,
                "utm_zone": 30,
                "v_raw": -0.4283417,
                "x": 18.9299298,
                "y": 28.6175538
            },
            "type": "Feature"
        },
        {
            "geometry": {
                "coordinates": [
                    -3.7312575999999997,
                    40.4370092
                ],
                "type": "Point"
            },
            "properties": {
                "Ah": 0.825523,
                "du_raw": 0.502949,
                "dv_raw": -0.0166022,
                "fecha": "2025-05-28 16:31:12.500000",
                "orientacion_raw": -2.30395,
                "t_Ah": 250.692,
                "t_T_L": 251.415,
                "t_T_R": 251.415,
                "t_du": 251.416,
                "t_dv": 251.416,
                "t_lat": 251.513,
                "t_lon": 251.513,
                "t_orientacion": 251.24,
                "t_u": 251.416,
                "t_utm_zone": 251.302,
                "t_v": 251.416,
                "t_x": 251.416,
                "t_y": 251.416,
                "throttle_L": 7854,
                "throttle_R": 9600,
                "u_raw": -0.3586117,
                "utm_zone": 30,
                "v_raw": -0.4383034,
                "x": 18.8596164,
                "y": 28.6370853
            },
            "type": "Feature"
        },
        {
            "geometry": {
                "coordinates": [
                    -3.7312581999999996,
                    40.4370085
                ],
                "type": "Point"
            },
            "properties": {
                "Ah": 0.825523,
                "du_raw": 0.522481,
                "dv_raw": -0.0459002,
                "fecha": "2025-05-28 16:31:12.750000",
                "orientacion_raw": -2.083567,
                "t_Ah": 250.692,
                "t_T_L": 251.415,
                "t_T_R": 251.415,
                "t_du": 251.688,
                "t_dv": 251.688,
                "t_lat": 251.871,
                "t_lon": 251.871,
                "t_orientacion": 251.75,
                "t_u": 251.688,
                "t_utm_zone": 251.545,
                "t_v": 251.688,
                "t_x": 251.688,
                "t_y": 251.688,
                "throttle_L": 7854,
                "throttle_R": 9600,
                "u_raw": -0.3984585,
                "utm_zone": 30,
                "v_raw": -0.5478802,
                "x": 18.7775841,
                "y": 28.648804199999997
            },
            "type": "Feature"
        },
        {
            "geometry": {
                "coordinates": [
                    -3.7312602999999998,
                    40.4370073
                ],
                "type": "Point"
            },
            "properties": {
                "Ah": 0.825523,
                "du_raw": 0.3974762,
                "dv_raw": 0.1455134,
                "fecha": "2025-05-28 16:31:13.250000",
                "orientacion_raw": -2.083567,
                "t_Ah": 250.692,
                "t_T_L": 251.874,
                "t_T_R": 251.874,
                "t_du": 252.024,
                "t_dv": 252.024,
                "t_lat": 252.165,
                "t_lon": 252.165,
                "t_orientacion": 251.75,
                "t_u": 252.024,
                "t_utm_zone": 252.062,
                "t_v": 252.024,
                "t_x": 252.024,
                "t_y": 252.024,
                "throttle_L": 7682,
                "throttle_R": 9600,
                "u_raw": -0.2988434,
                "utm_zone": 30,
                "v_raw": -0.5179951,
                "x": 18.699458099999998,
                "y": 28.578490799999997
            },
            "type": "Feature"
        },
        {
            "geometry": {
                "coordinates": [
                    -3.7312613999999997,
                    40.437007
                ],
                "type": "Point"
            },
            "properties": {
                "Ah": 0.825523,
                "du_raw": 0.678737,
                "dv_raw": 0.2812608,
                "fecha": "2025-05-28 16:31:13.500000",
                "orientacion_raw": -1.832916,
                "t_Ah": 250.692,
                "t_T_L": 252.365,
                "t_T_R": 252.365,
                "t_du": 252.283,
                "t_dv": 252.283,
                "t_lat": 252.525,
                "t_lon": 252.525,
                "t_orientacion": 252.222,
                "t_u": 252.283,
                "t_utm_zone": 252.312,
                "t_v": 252.283,
                "t_x": 252.283,
                "t_y": 252.283,
                "throttle_L": 7854,
                "throttle_R": 9600,
                "u_raw": -0.1892666,
                "utm_zone": 30,
                "v_raw": -0.6176102,
                "x": 18.6369573,
                "y": 28.508177399999997
            },
            "type": "Feature"
        },
        {
            "geometry": {
                "coordinates": [
                    -3.7312626,
                    40.437007099999995
                ],
                "type": "Point"
            },
            "properties": {
                "Ah": 0.825523,
                "du_raw": 0.6123282,
                "dv_raw": 0.2363372,
                "fecha": "2025-05-28 16:31:13.750000",
                "orientacion_raw": -1.561447,
                "t_Ah": 250.692,
                "t_T_L": 252.911,
                "t_T_R": 252.911,
                "t_du": 252.587,
                "t_dv": 252.587,
                "t_lat": 252.912,
                "t_lon": 252.912,
                "t_orientacion": 252.736,
                "t_u": 252.587,
                "t_utm_zone": 252.81,
                "t_v": 252.587,
                "t_x": 252.587,
                "t_y": 252.587,
                "throttle_L": 9600,
                "throttle_R": 6946,
                "u_raw": -0.0199215,
                "utm_zone": 30,
                "v_raw": -0.7072636,
                "x": 18.629144699999998,
                "y": 28.4495829
            },
            "type": "Feature"
        },
        {
            "geometry": {
                "coordinates": [
                    -3.7312661,
                    40.4370074
                ],
                "type": "Point"
            },
            "properties": {
                "Ah": 0.825523,
                "du_raw": 0.5771706,
                "dv_raw": 0.7832332,
                "fecha": "2025-05-28 16:31:14.250000",
                "orientacion_raw": -1.561447,
                "t_Ah": 250.692,
                "t_T_L": 252.911,
                "t_T_R": 252.911,
                "t_du": 253.167,
                "t_dv": 253.167,
                "t_lat": 253.261,
                "t_lon": 253.261,
                "t_orientacion": 252.736,
                "t_u": 253.167,
                "t_utm_zone": 253.065,
                "t_v": 253.167,
                "t_x": 253.167,
                "t_y": 253.167,
                "throttle_L": 9600,
                "throttle_R": 6946,
                "u_raw": 0.0796917,
                "utm_zone": 30,
                "v_raw": -0.6275719,
                "x": 18.648676199999997,
                "y": 28.269893099999997
            },
            "type": "Feature"
        },
        {
            "geometry": {
                "coordinates": [
                    -3.7312673999999997,
                    40.437007799999996
                ],
                "type": "Point"
            },
            "properties": {
                "Ah": 0.825523,
                "du_raw": 0.522481,
                "dv_raw": 0.2480564,
                "fecha": "2025-05-28 16:31:14.500000",
                "orientacion_raw": -1.336502,
                "t_Ah": 250.692,
                "t_T_L": 253.366,
                "t_T_R": 253.366,
                "t_du": 253.5,
                "t_dv": 253.5,
                "t_lat": 253.574,
                "t_lon": 253.574,
                "t_orientacion": 253.266,
                "t_u": 253.5,
                "t_utm_zone": 253.313,
                "t_v": 253.5,
                "t_x": 253.5,
                "t_y": 253.5,
                "throttle_L": 6240,
                "throttle_R": 90,
                "u_raw": 0.0796917,
                "utm_zone": 30,
                "v_raw": -0.4781502,
                "x": 18.699458099999998,
                "y": 28.2581742
            },
            "type": "Feature"
        },
        {
            "geometry": {
                "coordinates": [
                    -3.7312689999999997,
                    40.4370082
                ],
                "type": "Point"
            },
            "properties": {
                "Ah": 0.825523,
                "du_raw": 0.3330206,
                "dv_raw": 0.4668148,
                "fecha": "2025-05-28 16:31:14.750000",
                "orientacion_raw": -1.20807,
                "t_Ah": 250.692,
                "t_T_L": 253.861,
                "t_T_R": 253.861,
                "t_du": 253.767,
                "t_dv": 253.767,
                "t_lat": 253.951,
                "t_lon": 253.951,
                "t_orientacion": 253.734,
                "t_u": 253.767,
                "t_utm_zone": 253.816,
                "t_v": 253.767,
                "t_x": 253.767,
                "t_y": 253.767,
                "throttle_L": 3615,
                "throttle_R": -2175,
                "u_raw": 0.0398449,
                "utm_zone": 30,
                "v_raw": -0.3386883,
                "x": 18.718989599999997,
                "y": 28.199579699999997
            },
            "type": "Feature"
        },
        {
            "geometry": {
                "coordinates": [
                    -3.7312697,
                    40.437008299999995
                ],
                "type": "Point"
            },
            "properties": {
                "Ah": 0.825523,
                "du_raw": 0.336927,
                "dv_raw": 0.4648616,
                "fecha": "2025-05-28 16:31:15.250000",
                "orientacion_raw": -1.12729,
                "t_Ah": 250.692,
                "t_T_L": 253.861,
                "t_T_R": 253.861,
                "t_du": 254.074,
                "t_dv": 254.074,
                "t_lat": 254.285,
                "t_lon": 254.285,
                "t_orientacion": 254.223,
                "t_u": 254.074,
                "t_utm_zone": 254.075,
                "t_v": 254.074,
                "t_x": 254.074,
                "t_y": 254.074,
                "throttle_L": 3615,
                "throttle_R": -2175,
                "u_raw": 0.0498066,
                "utm_zone": 30,
                "v_raw": -0.3287266,
                "x": 18.750239999999998,
                "y": 28.180048199999998
            },
            "type": "Feature"
        },
        {
            "geometry": {
                "coordinates": [
                    -3.7312711,
                    40.4370087
                ],
                "type": "Point"
            },
            "properties": {
                "Ah": 0.825523,
                "du_raw": 0.2158286,
                "dv_raw": 0.3925932,
                "fecha": "2025-05-28 16:31:15.750000",
                "orientacion_raw": -1.12729,
                "t_Ah": 250.692,
                "t_T_L": 254.404,
                "t_T_R": 254.404,
                "t_du": 254.405,
                "t_dv": 254.405,
                "t_lat": 254.607,
                "t_lon": 254.607,
                "t_orientacion": 254.223,
                "t_u": 254.405,
                "t_utm_zone": 254.57,
                "t_v": 254.405,
                "t_x": 254.405,
                "t_y": 254.405,
                "throttle_L": 3540,
                "throttle_R": -2220,
                "u_raw": 0.0199215,
                "utm_zone": 30,
                "v_raw": -0.2689583,
                "x": 18.7775841,
                "y": 28.199579699999997
            },
            "type": "Feature"
        },
        {
            "geometry": {
                "coordinates": [
                    -3.7312716,
                    40.4370088
                ],
                "type": "Point"
            },
            "properties": {
                "Ah": 0.825523,
                "du_raw": 0.2793076,
                "dv_raw": 0.2461032,
                "fecha": "2025-05-28 16:31:15.750000",
                "orientacion_raw": -1.102508,
                "t_Ah": 250.692,
                "t_T_L": 254.855,
                "t_T_R": 254.855,
                "t_du": 254.675,
                "t_dv": 254.675,
                "t_lat": 255.02,
                "t_lon": 255.02,
                "t_orientacion": 254.727,
                "t_u": 254.675,
                "t_utm_zone": 254.816,
                "t_v": 254.675,
                "t_x": 254.675,
                "t_y": 254.675,
                "throttle_L": 9045,
                "throttle_R": -7485,
                "u_raw": 0.0099598,
                "utm_zone": 30,
                "v_raw": -0.3187668,
                "x": 18.797115599999998,
                "y": 28.219111199999997
            },
            "type": "Feature"
        },
        {
            "geometry": {
                "coordinates": [
                    -3.7312721,
                    40.4370087
                ],
                "type": "Point"
            },
            "properties": {
                "Ah": 0.834918,
                "du_raw": -0.0126958,
                "dv_raw": 0.2275478,
                "fecha": "2025-05-28 16:31:16.250000",
                "orientacion_raw": -1.335254,
                "t_Ah": 255.163,
                "t_T_L": 254.855,
                "t_T_R": 254.855,
                "t_du": 255.272,
                "t_dv": 255.272,
                "t_lat": 255.311,
                "t_lon": 255.311,
                "t_orientacion": 255.268,
                "t_u": 255.272,
                "t_utm_zone": 255.035,
                "t_v": 255.272,
                "t_x": 255.272,
                "t_y": 255.272,
                "throttle_L": 9045,
                "throttle_R": -7485,
                "u_raw": -0.1793049,
                "utm_zone": 30,
                "v_raw": -0.2490349,
                "x": 18.797115599999998,
                "y": 28.148797799999997
            },
            "type": "Feature"
        },
        {
            "geometry": {
                "coordinates": [
                    -3.7312724,
                    40.437008399999996
                ],
                "type": "Point"
            },
            "properties": {
                "Ah": 0.834918,
                "du_raw": -0.058596,
                "dv_raw": 0.2617288,
                "fecha": "2025-05-28 16:31:16.750000",
                "orientacion_raw": -1.335254,
                "t_Ah": 255.163,
                "t_T_L": 255.358,
                "t_T_R": 255.358,
                "t_du": 255.567,
                "t_dv": 255.567,
                "t_lat": 255.652,
                "t_lon": 255.652,
                "t_orientacion": 255.268,
                "t_u": 255.567,
                "t_utm_zone": 255.568,
                "t_v": 255.567,
                "t_x": 255.567,
                "t_y": 255.567,
                "throttle_L": 1530,
                "throttle_R": 60,
                "u_raw": -0.0398449,
                "utm_zone": 30,
                "v_raw": -0.06973,
                "x": 18.769771499999997,
                "y": 28.168329299999996
            },
            "type": "Feature"
        },
        {
            "geometry": {
                "coordinates": [
                    -3.7312724999999998,
                    40.4370086
                ],
                "type": "Point"
            },
            "properties": {
                "Ah": 0.834918,
                "du_raw": -0.0498066,
                "dv_raw": 0.2910268,
                "fecha": "2025-05-28 16:31:16.750000",
                "orientacion_raw": -1.537217,
                "t_Ah": 255.163,
                "t_T_L": 255.903,
                "t_T_R": 255.903,
                "t_du": 255.905,
                "t_dv": 255.905,
                "t_lat": 256.005,
                "t_lon": 256.005,
                "t_orientacion": 255.731,
                "t_u": 255.905,
                "t_utm_zone": 255.817,
                "t_v": 255.905,
                "t_x": 255.905,
                "t_y": 255.905,
                "throttle_L": 4425,
                "throttle_R": -2775,
                "u_raw": 0.0199215,
                "utm_zone": 30,
                "v_raw": -0.0099598,
                "x": 18.789303,
                "y": 28.058952899999998
            },
            "type": "Feature"
        },
        {
            "geometry": {
                "coordinates": [
                    -3.731273,
                    40.4370087
                ],
                "type": "Point"
            },
            "properties": {
                "Ah": 0.834918,
                "du_raw": -0.1113324,
                "dv_raw": 0.0791046,
                "fecha": "2025-05-28 16:31:17.500000",
                "orientacion_raw": -1.653775,
                "t_Ah": 255.163,
                "t_T_L": 256.36,
                "t_T_R": 256.36,
                "t_du": 256.152,
                "t_dv": 256.152,
                "t_lat": 256.36,
                "t_lon": 256.36,
                "t_orientacion": 256.208,
                "t_u": 256.152,
                "t_utm_zone": 256.318,
                "t_v": 256.152,
                "t_x": 256.152,
                "t_y": 256.152,
                "throttle_L": 4665,
                "throttle_R": 6585,
                "u_raw": -0.06973,
                "utm_zone": 30,
                "v_raw": -0.1494217,
                "x": 18.7775841,
                "y": 27.988639499999998
            },
            "type": "Feature"
        },
        {
            "geometry": {
                "coordinates": [
                    -3.7312733,
                    40.4370087
                ],
                "type": "Point"
            },
            "properties": {
                "Ah": 0.834918,
                "du_raw": -0.0410172,
                "dv_raw": -0.1767646,
                "fecha": "2025-05-28 16:31:17.750000",
                "orientacion_raw": -1.653775,
                "t_Ah": 255.163,
                "t_T_L": 256.36,
                "t_T_R": 256.36,
                "t_du": 256.501,
                "t_dv": 256.501,
                "t_lat": 256.747,
                "t_lon": 256.747,
                "t_orientacion": 256.208,
                "t_u": 256.501,
                "t_utm_zone": 256.544,
                "t_v": 256.501,
                "t_x": 256.501,
                "t_y": 256.501,
                "throttle_L": 4665,
                "throttle_R": 6585,
                "u_raw": -0.0896515,
                "utm_zone": 30,
                "v_raw": -0.0896515,
                "x": 18.797115599999998,
                "y": 27.726917399999998
            },
            "type": "Feature"
        },
        {
            "geometry": {
                "coordinates": [
                    -3.7312738999999997,
                    40.4370087
                ],
                "type": "Point"
            },
            "properties": {
                "Ah": 0.834918,
                "du_raw": -0.0761748,
                "dv_raw": 0.0078128,
                "fecha": "2025-05-28 16:31:17.750000",
                "orientacion_raw": -1.722341,
                "t_Ah": 255.163,
                "t_T_L": 256.852,
                "t_T_R": 256.852,
                "t_du": 256.752,
                "t_dv": 256.752,
                "t_lat": 257.094,
                "t_lon": 257.094,
                "t_orientacion": 256.751,
                "t_u": 256.752,
                "t_utm_zone": 256.816,
                "t_v": 256.752,
                "t_x": 256.752,
                "t_y": 256.752,
                "throttle_L": 7854,
                "throttle_R": 9600,
                "u_raw": -0.0498066,
                "utm_zone": 30,
                "v_raw": -0.1593834,
                "x": 18.789303,
                "y": 27.656603999999998
            },
            "type": "Feature"
        },
        {
            "geometry": {
                "coordinates": [
                    -3.7312754,
                    40.4370087
                ],
                "type": "Point"
            },
            "properties": {
                "Ah": 0.834918,
                "du_raw": 0.029298,
                "dv_raw": -0.0332044,
                "fecha": "2025-05-28 16:31:18.250000",
                "orientacion_raw": -1.718558,
                "t_Ah": 255.163,
                "t_T_L": 257.399,
                "t_T_R": 257.399,
                "t_du": 257.4,
                "t_dv": 257.4,
                "t_lat": 257.404,
                "t_lon": 257.404,
                "t_orientacion": 257.206,
                "t_u": 257.4,
                "t_utm_zone": 257.312,
                "t_v": 257.4,
                "t_x": 257.4,
                "t_y": 257.4,
                "throttle_L": 7805,
                "throttle_R": 9600,
                "u_raw": -0.0298832,
                "utm_zone": 30,
                "v_raw": -0.41838000000000003,
                "x": 18.797115599999998,
                "y": 27.617541
            },
            "type": "Feature"
        },
        {
            "geometry": {
                "coordinates": [
                    -3.7312767,
                    40.4370087
                ],
                "type": "Point"
            },
            "properties": {
                "Ah": 0.834918,
                "du_raw": 0.1328176,
                "dv_raw": 0.0742216,
                "fecha": "2025-05-28 16:31:18.750000",
                "orientacion_raw": -1.658198,
                "t_Ah": 255.163,
                "t_T_L": 257.399,
                "t_T_R": 257.399,
                "t_du": 257.662,
                "t_dv": 257.662,
                "t_lat": 257.76,
                "t_lon": 257.76,
                "t_orientacion": 257.713,
                "t_u": 257.662,
                "t_utm_zone": 257.541,
                "t_v": 257.662,
                "t_x": 257.662,
                "t_y": 257.662,
                "throttle_L": 7805,
                "throttle_R": 9600,
                "u_raw": -0.0796917,
                "utm_zone": 30,
                "v_raw": -0.5777634,
                "x": 18.797115599999998,
                "y": 27.5667591
            },
            "type": "Feature"
        },
        {
            "geometry": {
                "coordinates": [
                    -3.7312798999999996,
                    40.4370086
                ],
                "type": "Point"
            },
            "properties": {
                "Ah": 0.834918,
                "du_raw": -0.0507832,
                "dv_raw": -0.0908238,
                "fecha": "2025-05-28 16:31:19.250000",
                "orientacion_raw": -1.658198,
                "t_Ah": 255.163,
                "t_T_L": 257.843,
                "t_T_R": 257.843,
                "t_du": 257.986,
                "t_dv": 257.986,
                "t_lat": 258.108,
                "t_lon": 258.108,
                "t_orientacion": 257.713,
                "t_u": 257.986,
                "t_utm_zone": 258.043,
                "t_v": 257.986,
                "t_x": 257.986,
                "t_y": 257.986,
                "throttle_L": 7854,
                "throttle_R": 9600,
                "u_raw": -0.0398449,
                "utm_zone": 30,
                "v_raw": -0.5379185,
                "x": 18.789303,
                "y": 27.4691016
            },
            "type": "Feature"
        },
        {
            "geometry": {
                "coordinates": [
                    -3.7312816,
                    40.4370087
                ],
                "type": "Point"
            },
            "properties": {
                "Ah": 0.834918,
                "du_raw": 0.0380874,
                "dv_raw": 0.1093792,
                "fecha": "2025-05-28 16:31:19.250000",
                "orientacion_raw": -1.544612,
                "t_Ah": 255.163,
                "t_T_L": 258.342,
                "t_T_R": 258.342,
                "t_du": 258.262,
                "t_dv": 258.262,
                "t_lat": 258.497,
                "t_lon": 258.497,
                "t_orientacion": 258.26,
                "t_u": 258.262,
                "t_utm_zone": 258.29,
                "t_v": 258.262,
                "t_x": 258.262,
                "t_y": 258.262,
                "throttle_L": 7854,
                "throttle_R": 9600,
                "u_raw": 0.0099598,
                "utm_zone": 30,
                "v_raw": -0.5279568,
                "x": 18.789303,
                "y": 27.180035399999998
            },
            "type": "Feature"
        },
        {
            "geometry": {
                "coordinates": [
                    -3.7312828999999996,
                    40.437008899999995
                ],
                "type": "Point"
            },
            "properties": {
                "Ah": 0.834918,
                "du_raw": 0.0898472,
                "dv_raw": -0.0175788,
                "fecha": "2025-05-28 16:31:19.500000",
                "orientacion_raw": -1.418043,
                "t_Ah": 255.163,
                "t_T_L": 258.342,
                "t_T_R": 258.342,
                "t_du": 258.561,
                "t_dv": 258.561,
                "t_lat": 258.803,
                "t_lon": 258.803,
                "t_orientacion": 258.723,
                "t_u": 258.561,
                "t_utm_zone": 258.562,
                "t_v": 258.561,
                "t_x": 258.561,
                "t_y": 258.561,
                "throttle_L": 7854,
                "throttle_R": 9600,
                "u_raw": 0.0298832,
                "utm_zone": 30,
                "v_raw": -0.5080334,
                "x": 18.797115599999998,
                "y": 27.0667527
            },
            "type": "Feature"
        },
        {
            "geometry": {
                "coordinates": [
                    -3.7312859,
                    40.4370094
                ],
                "type": "Point"
            },
            "properties": {
                "Ah": 0.834918,
                "du_raw": 0.190437,
                "dv_raw": -0.0107426,
                "fecha": "2025-05-28 16:31:20",
                "orientacion_raw": -1.418043,
                "t_Ah": 255.163,
                "t_T_L": 258.888,
                "t_T_R": 258.888,
                "t_du": 258.889,
                "t_dv": 258.889,
                "t_lat": 259.193,
                "t_lon": 259.193,
                "t_orientacion": 258.723,
                "t_u": 258.889,
                "t_utm_zone": 259.037,
                "t_v": 258.889,
                "t_x": 258.889,
                "t_y": 258.889,
                "throttle_L": 7854,
                "throttle_R": 9600,
                "u_raw": 0.0199215,
                "utm_zone": 30,
                "v_raw": -0.5877251,
                "x": 18.828366,
                "y": 27.0003456
            },
            "type": "Feature"
        },
        {
            "geometry": {
                "coordinates": [
                    -3.7312873,
                    40.4370098
                ],
                "type": "Point"
            },
            "properties": {
                "Ah": 0.834918,
                "du_raw": 0.1289112,
                "dv_raw": 0.0019532,
                "fecha": "2025-05-28 16:31:20.250000",
                "orientacion_raw": -1.261864,
                "t_Ah": 255.163,
                "t_T_L": 259.345,
                "t_T_R": 259.345,
                "t_du": 259.499,
                "t_dv": 259.499,
                "t_lat": 259.501,
                "t_lon": 259.501,
                "t_orientacion": 259.2,
                "t_u": 259.499,
                "t_utm_zone": 259.313,
                "t_v": 259.499,
                "t_x": 259.499,
                "t_y": 259.499,
                "throttle_L": 7500,
                "throttle_R": 9420,
                "u_raw": 0.2490349,
                "utm_zone": 30,
                "v_raw": -0.5179951,
                "x": 18.9182109,
                "y": 26.9495637
            },
            "type": "Feature"
        },
        {
            "geometry": {
                "coordinates": [
                    -3.7312887999999997,
                    40.4370105
                ],
                "type": "Point"
            },
            "properties": {
                "Ah": 0.845446,
                "du_raw": 0.0527364,
                "dv_raw": 0.1298878,
                "fecha": "2025-05-28 16:31:20.750000",
                "orientacion_raw": -1.069827,
                "t_Ah": 259.662,
                "t_T_L": 259.882,
                "t_T_R": 259.882,
                "t_du": 259.756,
                "t_dv": 259.756,
                "t_lat": 259.883,
                "t_lon": 259.883,
                "t_orientacion": 259.754,
                "t_u": 259.756,
                "t_utm_zone": 259.788,
                "t_v": 259.756,
                "t_x": 259.756,
                "t_y": 259.756,
                "throttle_L": 2160,
                "throttle_R": 4080,
                "u_raw": 0.2589966,
                "utm_zone": 30,
                "v_raw": -0.5877251,
                "x": 19.0002432,
                "y": 26.8792503
            },
            "type": "Feature"
        },
        {
            "geometry": {
                "coordinates": [
                    -3.7312917,
                    40.4370121
                ],
                "type": "Point"
            },
            "properties": {
                "Ah": 0.845446,
                "du_raw": 0.107426,
                "dv_raw": 0.2226648,
                "fecha": "2025-05-28 16:31:21",
                "orientacion_raw": -1.069827,
                "t_Ah": 259.662,
                "t_T_L": 259.882,
                "t_T_R": 259.882,
                "t_du": 260.054,
                "t_dv": 260.054,
                "t_lat": 260.22,
                "t_lon": 260.22,
                "t_orientacion": 259.754,
                "t_u": 260.054,
                "t_utm_zone": 260.056,
                "t_v": 260.054,
                "t_x": 260.054,
                "t_y": 260.054,
                "throttle_L": 2160,
                "throttle_R": 4080,
                "u_raw": 0.2988434,
                "utm_zone": 30,
                "v_raw": -0.6176102,
                "x": 19.078369199999997,
                "y": 26.6370597
            },
            "type": "Feature"
        },
        {
            "geometry": {
                "coordinates": [
                    -3.7312927,
                    40.4370129
                ],
                "type": "Point"
            },
            "properties": {
                "Ah": 0.845446,
                "du_raw": 0.019532,
                "dv_raw": 0.1103558,
                "fecha": "2025-05-28 16:31:21.250000",
                "orientacion_raw": -0.823285,
                "t_Ah": 259.662,
                "t_T_L": 260.387,
                "t_T_R": 260.387,
                "t_du": 260.388,
                "t_dv": 260.388,
                "t_lat": 260.561,
                "t_lon": 260.561,
                "t_orientacion": 260.226,
                "t_u": 260.388,
                "t_utm_zone": 260.281,
                "t_v": 260.388,
                "t_x": 260.388,
                "t_y": 260.388,
                "throttle_L": 1260,
                "throttle_R": 3180,
                "u_raw": 0.3386883,
                "utm_zone": 30,
                "v_raw": -0.2689583,
                "x": 19.258059,
                "y": 26.5003392
            },
            "type": "Feature"
        },
        {
            "geometry": {
                "coordinates": [
                    -3.7312941,
                    40.4370146
                ],
                "type": "Point"
            },
            "properties": {
                "Ah": 0.845446,
                "du_raw": -0.0498066,
                "dv_raw": 0.2109456,
                "fecha": "2025-05-28 16:31:21.750000",
                "orientacion_raw": -0.548813,
                "t_Ah": 259.662,
                "t_T_L": 260.843,
                "t_T_R": 260.843,
                "t_du": 260.644,
                "t_dv": 260.644,
                "t_lat": 260.937,
                "t_lon": 260.937,
                "t_orientacion": 260.711,
                "t_u": 260.644,
                "t_utm_zone": 260.781,
                "t_v": 260.644,
                "t_x": 260.644,
                "t_y": 260.644,
                "throttle_L": -180,
                "throttle_R": 1740,
                "u_raw": 0.2888817,
                "utm_zone": 30,
                "v_raw": -0.38849680000000003,
                "x": 19.367435399999998,
                "y": 26.328462
            },
            "type": "Feature"
        },
        {
            "geometry": {
                "coordinates": [
                    -3.7312944,
                    40.4370154
                ],
                "type": "Point"
            },
            "properties": {
                "Ah": 0.845446,
                "du_raw": 0.0546896,
                "dv_raw": 0.0791046,
                "fecha": "2025-05-28 16:31:22",
                "orientacion_raw": -0.301655,
                "t_Ah": 259.662,
                "t_T_L": 260.843,
                "t_T_R": 260.843,
                "t_du": 260.942,
                "t_dv": 260.942,
                "t_lat": 261.284,
                "t_lon": 261.284,
                "t_orientacion": 261.19,
                "t_u": 260.942,
                "t_utm_zone": 261.059,
                "t_v": 260.942,
                "t_x": 260.942,
                "t_y": 260.942,
                "throttle_L": -180,
                "throttle_R": 1740,
                "u_raw": 0.2988434,
                "utm_zone": 30,
                "v_raw": -0.2291134,
                "x": 19.457280299999997,
                "y": 26.156584799999997
            },
            "type": "Feature"
        },
        {
            "geometry": {
                "coordinates": [
                    -3.731295,
                    40.4370166
                ],
                "type": "Point"
            },
            "properties": {
                "Ah": 0.845446,
                "du_raw": -0.0009766,
                "dv_raw": 0.0546896,
                "fecha": "2025-05-28 16:31:22.500000",
                "orientacion_raw": -0.301655,
                "t_Ah": 259.662,
                "t_T_L": 261.335,
                "t_T_R": 261.335,
                "t_du": 261.539,
                "t_dv": 261.539,
                "t_lat": 261.576,
                "t_lon": 261.576,
                "t_orientacion": 261.19,
                "t_u": 261.539,
                "t_utm_zone": 261.54,
                "t_v": 261.539,
                "t_x": 261.539,
                "t_y": 261.539,
                "throttle_L": -1605,
                "throttle_R": 315,
                "u_raw": 0.2689583,
                "utm_zone": 30,
                "v_raw": -0.0796917,
                "x": 19.609626,
                "y": 26.039395799999998
            },
            "type": "Feature"
        },
        {
            "geometry": {
                "coordinates": [
                    -3.7312952,
                    40.4370171
                ],
                "type": "Point"
            },
            "properties": {
                "Ah": 0.845446,
                "du_raw": 0.039064,
                "dv_raw": 0.0175788,
                "fecha": "2025-05-28 16:31:22.750000",
                "orientacion_raw": -0.063812,
                "t_Ah": 259.662,
                "t_T_L": 261.884,
                "t_T_R": 261.884,
                "t_du": 261.885,
                "t_dv": 261.885,
                "t_lat": 261.994,
                "t_lon": 261.994,
                "t_orientacion": 261.703,
                "t_u": 261.885,
                "t_utm_zone": 261.778,
                "t_v": 261.885,
                "t_x": 261.885,
                "t_y": 261.885,
                "throttle_L": -915,
                "throttle_R": 1005,
                "u_raw": 0.1593834,
                "utm_zone": 30,
                "v_raw": -0.0996132,
                "x": 19.726815,
                "y": 25.9573635
            },
            "type": "Feature"
        },
        {
            "geometry": {
                "coordinates": [
                    -3.7312952999999998,
                    40.437017499999996
                ],
                "type": "Point"
            },
            "properties": {
                "Ah": 0.845446,
                "du_raw": 0.0332044,
                "dv_raw": -0.0449236,
                "fecha": "2025-05-28 16:31:23",
                "orientacion_raw": 0.159146,
                "t_Ah": 259.662,
                "t_T_L": 261.884,
                "t_T_R": 261.884,
                "t_du": 262.13,
                "t_dv": 262.13,
                "t_lat": 262.34,
                "t_lon": 262.34,
                "t_orientacion": 262.185,
                "t_u": 262.13,
                "t_utm_zone": 262.026,
                "t_v": 262.13,
                "t_x": 262.13,
                "t_y": 262.13,
                "throttle_L": -915,
                "throttle_R": 1005,
                "u_raw": 0.1992283,
                "utm_zone": 30,
                "v_raw": -0.0398449,
                "x": 19.769784299999998,
                "y": 25.898768999999998
            },
            "type": "Feature"
        },
        {
            "geometry": {
                "coordinates": [
                    -3.7312955,
                    40.4370183
                ],
                "type": "Point"
            },
            "properties": {
                "Ah": 0.845446,
                "du_raw": 0.068362,
                "dv_raw": -0.0498066,
                "fecha": "2025-05-28 16:31:23.500000",
                "orientacion_raw": 0.159146,
                "t_Ah": 259.662,
                "t_T_L": 262.344,
                "t_T_R": 262.344,
                "t_du": 262.471,
                "t_dv": 262.471,
                "t_lat": 262.63,
                "t_lon": 262.63,
                "t_orientacion": 262.185,
                "t_u": 262.471,
                "t_utm_zone": 262.527,
                "t_v": 262.471,
                "t_x": 262.471,
                "t_y": 262.471,
                "throttle_L": -915,
                "throttle_R": 1005,
                "u_raw": 0.1494217,
                "utm_zone": 30,
                "v_raw": -0.0796917,
                "x": 19.816659899999998,
                "y": 25.867518599999997
            },
            "type": "Feature"
        },
        {
            "geometry": {
                "coordinates": [
                    -3.7312954,
                    40.437018599999995
                ],
                "type": "Point"
            },
            "properties": {
                "Ah": 0.845446,
                "du_raw": 0.0332044,
                "dv_raw": 0.019532,
                "fecha": "2025-05-28 16:31:23.750000",
                "orientacion_raw": 0.367639,
                "t_Ah": 259.662,
                "t_T_L": 262.828,
                "t_T_R": 262.828,
                "t_du": 262.736,
                "t_dv": 262.736,
                "t_lat": 262.983,
                "t_lon": 262.983,
                "t_orientacion": 262.735,
                "t_u": 262.736,
                "t_utm_zone": 262.776,
                "t_v": 262.736,
                "t_x": 262.736,
                "t_y": 262.736,
                "throttle_L": -900,
                "throttle_R": 1020,
                "u_raw": 0.13946,
                "utm_zone": 30,
                "v_raw": -0.06973,
                "x": 19.867441799999998,
                "y": 25.8089241
            },
            "type": "Feature"
        },
        {
            "geometry": {
                "coordinates": [
                    -3.7312954,
                    40.4370194
                ],
                "type": "Point"
            },
            "properties": {
                "Ah": 0.845446,
                "du_raw": -0.0068362,
                "dv_raw": -0.0224618,
                "fecha": "2025-05-28 16:31:24.250000",
                "orientacion_raw": 0.567788,
                "t_Ah": 259.662,
                "t_T_L": 263.376,
                "t_T_R": 263.376,
                "t_du": 263.046,
                "t_dv": 263.046,
                "t_lat": 263.376,
                "t_lon": 263.376,
                "t_orientacion": 263.181,
                "t_u": 263.046,
                "t_utm_zone": 263.271,
                "t_v": 263.046,
                "t_x": 263.046,
                "t_y": 263.046,
                "throttle_L": -900,
                "throttle_R": 1020,
                "u_raw": 0.1294983,
                "utm_zone": 30,
                "v_raw": -0.0498066,
                "x": 19.8986922,
                "y": 25.777673699999998
            },
            "type": "Feature"
        },
        {
            "geometry": {
                "coordinates": [
                    -3.7312952,
                    40.4370198
                ],
                "type": "Point"
            },
            "properties": {
                "Ah": 0.845446,
                "du_raw": 0.07519819999999999,
                "dv_raw": -0.07519819999999999,
                "fecha": "2025-05-28 16:31:24.500000",
                "orientacion_raw": 0.567788,
                "t_Ah": 259.662,
                "t_T_L": 263.376,
                "t_T_R": 263.376,
                "t_du": 263.677,
                "t_dv": 263.677,
                "t_lat": 263.682,
                "t_lon": 263.682,
                "t_orientacion": 263.181,
                "t_u": 263.677,
                "t_utm_zone": 263.519,
                "t_v": 263.677,
                "t_x": 263.677,
                "t_y": 263.677,
                "throttle_L": -900,
                "throttle_R": 1020,
                "u_raw": 0.0996132,
                "utm_zone": 30,
                "v_raw": 0.0199215,
                "x": 20.027600099999997,
                "y": 25.7190792
            },
            "type": "Feature"
        },
        {
            "geometry": {
                "coordinates": [
                    -3.7312950999999996,
                    40.43702
                ],
                "type": "Point"
            },
            "properties": {
                "Ah": 0.845446,
                "du_raw": 0.0888706,
                "dv_raw": -0.0615258,
                "fecha": "2025-05-28 16:31:24.750000",
                "orientacion_raw": 0.759495,
                "t_Ah": 259.662,
                "t_T_L": 263.823,
                "t_T_R": 263.823,
                "t_du": 263.964,
                "t_dv": 263.964,
                "t_lat": 264.039,
                "t_lon": 264.039,
                "t_orientacion": 263.729,
                "t_u": 263.964,
                "t_utm_zone": 263.771,
                "t_v": 263.964,
                "t_x": 263.964,
                "t_y": 263.964,
                "throttle_L": -900,
                "throttle_R": 1020,
                "u_raw": 0.0099598,
                "utm_zone": 30,
                "v_raw": -0.0199215,
                "x": 20.0471316,
                "y": 25.680016199999997
            },
            "type": "Feature"
        },
        {
            "geometry": {
                "coordinates": [
                    -3.7312952999999998,
                    40.437019899999996
                ],
                "type": "Point"
            },
            "properties": {
                "Ah": 0.846116,
                "du_raw": 0.046876799999999996,
                "dv_raw": -0.046876799999999996,
                "fecha": "2025-05-28 16:31:25.250000",
                "orientacion_raw": 0.944921,
                "t_Ah": 264.134,
                "t_T_L": 264.324,
                "t_T_R": 264.324,
                "t_du": 264.233,
                "t_dv": 264.233,
                "t_lat": 264.425,
                "t_lon": 264.425,
                "t_orientacion": 264.231,
                "t_u": 264.233,
                "t_utm_zone": 264.27,
                "t_v": 264.233,
                "t_x": 264.233,
                "t_y": 264.233,
                "throttle_L": -915,
                "throttle_R": 1005,
                "u_raw": -0.0199215,
                "utm_zone": 30,
                "v_raw": -0.0597683,
                "x": 20.039319,
                "y": 25.6682973
            },
            "type": "Feature"
        },
        {
            "geometry": {
                "coordinates": [
                    -3.7312957,
                    40.4370196
                ],
                "type": "Point"
            },
            "properties": {
                "Ah": 0.846116,
                "du_raw": 0.024415,
                "dv_raw": -0.0742216,
                "fecha": "2025-05-28 16:31:25.500000",
                "orientacion_raw": 1.119602,
                "t_Ah": 264.134,
                "t_T_L": 264.324,
                "t_T_R": 264.324,
                "t_du": 264.539,
                "t_dv": 264.539,
                "t_lat": 264.739,
                "t_lon": 264.739,
                "t_orientacion": 264.738,
                "t_u": 264.539,
                "t_utm_zone": 264.54,
                "t_v": 264.539,
                "t_x": 264.539,
                "t_y": 264.539,
                "throttle_L": -915,
                "throttle_R": 1005,
                "u_raw": 0.0298832,
                "utm_zone": 30,
                "v_raw": -0.0796917,
                "x": 20.039319,
                "y": 25.6682973
            },
            "type": "Feature"
        },
        {
            "geometry": {
                "coordinates": [
                    -3.7312963999999997,
                    40.437019
                ],
                "type": "Point"
            },
            "properties": {
                "Ah": 0.846116,
                "du_raw": 0.0263682,
                "dv_raw": -0.046876799999999996,
                "fecha": "2025-05-28 16:31:26",
                "orientacion_raw": 1.119602,
                "t_Ah": 264.134,
                "t_T_L": 264.866,
                "t_T_R": 264.866,
                "t_du": 264.866,
                "t_dv": 264.866,
                "t_lat": 265.067,
                "t_lon": 265.067,
                "t_orientacion": 264.738,
                "t_u": 264.866,
                "t_utm_zone": 265.014,
                "t_v": 264.866,
                "t_x": 264.866,
                "t_y": 264.866,
                "throttle_L": -915,
                "throttle_R": 1005,
                "u_raw": -0.0298832,
                "utm_zone": 30,
                "v_raw": -0.0796917,
                "x": 20.008068599999998,
                "y": 25.750329599999997
            },
            "type": "Feature"
        },
        {
            "geometry": {
                "coordinates": [
                    -3.7312966999999997,
                    40.437018699999996
                ],
                "type": "Point"
            },
            "properties": {
                "Ah": 0.846116,
                "du_raw": 0.1103558,
                "dv_raw": -0.0761748,
                "fecha": "2025-05-28 16:31:26.250000",
                "orientacion_raw": 1.271654,
                "t_Ah": 264.134,
                "t_T_L": 265.324,
                "t_T_R": 265.324,
                "t_du": 265.122,
                "t_dv": 265.122,
                "t_lat": 265.47,
                "t_lon": 265.47,
                "t_orientacion": 265.175,
                "t_u": 265.122,
                "t_utm_zone": 265.264,
                "t_v": 265.122,
                "t_x": 265.122,
                "t_y": 265.122,
                "throttle_L": -900,
                "throttle_R": 1020,
                "u_raw": -0.0298832,
                "utm_zone": 30,
                "v_raw": -0.0796917,
                "x": 19.937755199999998,
                "y": 25.9065816
            },
            "type": "Feature"
        },
        {
            "geometry": {
                "coordinates": [
                    -3.7312969999999996,
                    40.437018599999995
                ],
                "type": "Point"
            },
            "properties": {
                "Ah": 0.846116,
                "du_raw": -0.0058595999999999995,
                "dv_raw": -0.0664088,
                "fecha": "2025-05-28 16:31:26.500000",
                "orientacion_raw": 1.400295,
                "t_Ah": 264.134,
                "t_T_L": 265.324,
                "t_T_R": 265.324,
                "t_du": 265.722,
                "t_dv": 265.722,
                "t_lat": 265.771,
                "t_lon": 265.771,
                "t_orientacion": 265.689,
                "t_u": 265.722,
                "t_utm_zone": 265.512,
                "t_v": 265.722,
                "t_x": 265.722,
                "t_y": 265.722,
                "throttle_L": -900,
                "throttle_R": 1020,
                "u_raw": 0.0099598,
                "utm_zone": 30,
                "v_raw": -0.0896515,
                "x": 19.8986922,
                "y": 25.9065816
            },
            "type": "Feature"
        },
        {
            "geometry": {
                "coordinates": [
                    -3.7312977,
                    40.4370183
                ],
                "type": "Point"
            },
            "properties": {
                "Ah": 0.846116,
                "du_raw": 0.0791046,
                "dv_raw": -0.0625024,
                "fecha": "2025-05-28 16:31:27",
                "orientacion_raw": 1.400295,
                "t_Ah": 264.134,
                "t_T_L": 265.831,
                "t_T_R": 265.831,
                "t_du": 266.041,
                "t_dv": 266.041,
                "t_lat": 266.111,
                "t_lon": 266.111,
                "t_orientacion": 265.689,
                "t_u": 266.041,
                "t_utm_zone": 266.041,
                "t_v": 266.041,
                "t_x": 266.041,
                "t_y": 266.041,
                "throttle_L": -900,
                "throttle_R": 1020,
                "u_raw": -0.06973,
                "utm_zone": 30,
                "v_raw": -0.1494217,
                "x": 19.8791607,
                "y": 25.9495509
            },
            "type": "Feature"
        },
        {
            "geometry": {
                "coordinates": [
                    -3.7312979,
                    40.4370182
                ],
                "type": "Point"
            },
            "properties": {
                "Ah": 0.846116,
                "du_raw": 0.0888706,
                "dv_raw": -0.09766,
                "fecha": "2025-05-28 16:31:27.250000",
                "orientacion_raw": 1.510954,
                "t_Ah": 264.134,
                "t_T_L": 266.368,
                "t_T_R": 266.368,
                "t_du": 266.368,
                "t_dv": 266.368,
                "t_lat": 266.47,
                "t_lon": 266.47,
                "t_orientacion": 266.179,
                "t_u": 266.368,
                "t_utm_zone": 266.262,
                "t_v": 266.368,
                "t_x": 266.368,
                "t_y": 266.368,
                "throttle_L": -900,
                "throttle_R": 1020,
                "u_raw": 0,
                "utm_zone": 30,
                "v_raw": -0.0996132,
                "x": 19.859629199999997,
                "y": 26.0003328
            },
            "type": "Feature"
        },
        {
            "geometry": {
                "coordinates": [
                    -3.7312980999999996,
                    40.437018099999996
                ],
                "type": "Point"
            },
            "properties": {
                "Ah": 0.846116,
                "du_raw": 0.039064,
                "dv_raw": -0.1044962,
                "fecha": "2025-05-28 16:31:27.750000",
                "orientacion_raw": 1.607204,
                "t_Ah": 264.134,
                "t_T_L": 266.859,
                "t_T_R": 266.859,
                "t_du": 266.628,
                "t_dv": 266.628,
                "t_lat": 266.859,
                "t_lon": 266.859,
                "t_orientacion": 266.68,
                "t_u": 266.628,
                "t_utm_zone": 266.741,
                "t_v": 266.628,
                "t_x": 266.628,
                "t_y": 266.628,
                "throttle_L": -915,
                "throttle_R": 1005,
                "u_raw": -0.0099598,
                "utm_zone": 30,
                "v_raw": -0.1095749,
                "x": 19.840097699999998,
                "y": 26.0276769
            },
            "type": "Feature"
        },
        {
            "geometry": {
                "coordinates": [
                    -3.7312985999999997,
                    40.4370178
                ],
                "type": "Point"
            },
            "properties": {
                "Ah": 0.846116,
                "du_raw": 0.0566428,
                "dv_raw": -0.0869174,
                "fecha": "2025-05-28 16:31:28",
                "orientacion_raw": 1.607204,
                "t_Ah": 264.134,
                "t_T_L": 266.859,
                "t_T_R": 266.859,
                "t_du": 266.956,
                "t_dv": 266.956,
                "t_lat": 267.208,
                "t_lon": 267.208,
                "t_orientacion": 266.68,
                "t_u": 266.956,
                "t_utm_zone": 266.987,
                "t_v": 266.956,
                "t_x": 266.956,
                "t_y": 266.956,
                "throttle_L": -915,
                "throttle_R": 1005,
                "u_raw": -0.0199215,
                "utm_zone": 30,
                "v_raw": -0.06973,
                "x": 19.8283788,
                "y": 26.058927299999997
            },
            "type": "Feature"
        },
        {
            "geometry": {
                "coordinates": [
                    -3.7312988999999996,
                    40.4370176
                ],
                "type": "Point"
            },
            "properties": {
                "Ah": 0.846116,
                "du_raw": 0.1044962,
                "dv_raw": -0.0615258,
                "fecha": "2025-05-28 16:31:28.250000",
                "orientacion_raw": 1.697169,
                "t_Ah": 264.134,
                "t_T_L": 267.328,
                "t_T_R": 267.328,
                "t_du": 267.215,
                "t_dv": 267.215,
                "t_lat": 267.552,
                "t_lon": 267.552,
                "t_orientacion": 267.212,
                "t_u": 267.215,
                "t_utm_zone": 267.24,
                "t_v": 267.215,
                "t_x": 267.215,
                "t_y": 267.215,
                "throttle_L": -900,
                "throttle_R": 1020,
                "u_raw": -0.0597683,
                "utm_zone": 30,
                "v_raw": -0.0896515,
                "x": 19.8088473,
                "y": 26.129240699999997
            },
            "type": "Feature"
        },
        {
            "geometry": {
                "coordinates": [
                    -3.7312996999999997,
                    40.437017399999995
                ],
                "type": "Point"
            },
            "properties": {
                "Ah": 0.846116,
                "du_raw": 0.0263682,
                "dv_raw": -0.0664088,
                "fecha": "2025-05-28 16:31:28.750000",
                "orientacion_raw": 1.780674,
                "t_Ah": 264.134,
                "t_T_L": 267.856,
                "t_T_R": 267.856,
                "t_du": 267.857,
                "t_dv": 267.857,
                "t_lat": 267.859,
                "t_lon": 267.859,
                "t_orientacion": 267.695,
                "t_u": 267.857,
                "t_utm_zone": 267.754,
                "t_v": 267.857,
                "t_x": 267.857,
                "t_y": 267.857,
                "throttle_L": -900,
                "throttle_R": 1020,
                "u_raw": -0.0099598,
                "utm_zone": 30,
                "v_raw": -0.1294983,
                "x": 19.7580654,
                "y": 26.0979903
            },
            "type": "Feature"
        },
        {
            "geometry": {
                "coordinates": [
                    -3.7313012,
                    40.4370171
                ],
                "type": "Point"
            },
            "properties": {
                "Ah": 0.846116,
                "du_raw": 0.0839876,
                "dv_raw": -0.0419938,
                "fecha": "2025-05-28 16:31:29",
                "orientacion_raw": 1.858848,
                "t_Ah": 264.134,
                "t_T_L": 267.856,
                "t_T_R": 267.856,
                "t_du": 268.112,
                "t_dv": 268.112,
                "t_lat": 268.227,
                "t_lon": 268.227,
                "t_orientacion": 268.164,
                "t_u": 268.112,
                "t_utm_zone": 268.008,
                "t_v": 268.112,
                "t_x": 268.112,
                "t_y": 268.112,
                "throttle_L": -900,
                "throttle_R": 1020,
                "u_raw": -0.0597683,
                "utm_zone": 30,
                "v_raw": -0.1095749,
                "x": 19.726815,
                "y": 26.066739899999998
            },
            "type": "Feature"
        },
        {
            "geometry": {
                "coordinates": [
                    -3.7313018999999996,
                    40.437016799999995
                ],
                "type": "Point"
            },
            "properties": {
                "Ah": 0.846116,
                "du_raw": 0.1142622,
                "dv_raw": -0.1103558,
                "fecha": "2025-05-28 16:31:29.500000",
                "orientacion_raw": 1.858848,
                "t_Ah": 264.134,
                "t_T_L": 268.306,
                "t_T_R": 268.306,
                "t_du": 268.451,
                "t_dv": 268.451,
                "t_lat": 268.559,
                "t_lon": 268.559,
                "t_orientacion": 268.164,
                "t_u": 268.451,
                "t_utm_zone": 268.482,
                "t_v": 268.451,
                "t_x": 268.451,
                "t_y": 268.451,
                "throttle_L": -900,
                "throttle_R": 1020,
                "u_raw": -0.0597683,
                "utm_zone": 30,
                "v_raw": -0.1494217,
                "x": 19.699470899999998,
                "y": 26.0276769
            },
            "type": "Feature"
        },
        {
            "geometry": {
                "coordinates": [
                    -3.7313034,
                    40.4370164
                ],
                "type": "Point"
            },
            "properties": {
                "Ah": 0.846429,
                "du_raw": 0.0966834,
                "dv_raw": -0.0175788,
                "fecha": "2025-05-28 16:31:29.750000",
                "orientacion_raw": 1.935494,
                "t_Ah": 268.622,
                "t_T_L": 268.858,
                "t_T_R": 268.858,
                "t_du": 268.719,
                "t_dv": 268.719,
                "t_lat": 268.943,
                "t_lon": 268.943,
                "t_orientacion": 268.718,
                "t_u": 268.719,
                "t_utm_zone": 268.757,
                "t_v": 268.719,
                "t_x": 268.719,
                "t_y": 268.719,
                "throttle_L": -900,
                "throttle_R": 1020,
                "u_raw": -0.0199215,
                "utm_zone": 30,
                "v_raw": -0.1294983,
                "x": 19.668220499999997,
                "y": 25.988613899999997
            },
            "type": "Feature"
        },
        {
            "geometry": {
                "coordinates": [
                    -3.7313039,
                    40.4370164
                ],
                "type": "Point"
            },
            "properties": {
                "Ah": 0.846429,
                "du_raw": 0.0849642,
                "dv_raw": 0.0136724,
                "fecha": "2025-05-28 16:31:30",
                "orientacion_raw": 2.013391,
                "t_Ah": 268.622,
                "t_T_L": 268.858,
                "t_T_R": 268.858,
                "t_du": 269.023,
                "t_dv": 269.023,
                "t_lat": 269.331,
                "t_lon": 269.331,
                "t_orientacion": 269.16,
                "t_u": 269.023,
                "t_utm_zone": 269.024,
                "t_v": 269.023,
                "t_x": 269.023,
                "t_y": 269.023,
                "throttle_L": -900,
                "throttle_R": 1020,
                "u_raw": 0.0597683,
                "utm_zone": 30,
                "v_raw": -0.0896515,
                "x": 19.648688999999997,
                "y": 25.976895
            },
            "type": "Feature"
        },
        {
            "geometry": {
                "coordinates": [
                    -3.7313041,
                    40.4370165
                ],
                "type": "Point"
            },
            "properties": {
                "Ah": 0.846429,
                "du_raw": 0.0800812,
                "dv_raw": -0.092777,
                "fecha": "2025-05-28 16:31:30.500000",
                "orientacion_raw": 2.013391,
                "t_Ah": 268.622,
                "t_T_L": 269.334,
                "t_T_R": 269.334,
                "t_du": 269.336,
                "t_dv": 269.336,
                "t_lat": 269.649,
                "t_lon": 269.649,
                "t_orientacion": 269.16,
                "t_u": 269.336,
                "t_utm_zone": 269.498,
                "t_v": 269.336,
                "t_x": 269.336,
                "t_y": 269.336,
                "throttle_L": -915,
                "throttle_R": 1005,
                "u_raw": 0,
                "utm_zone": 30,
                "v_raw": -0.1294983,
                "x": 19.6565016,
                "y": 25.9573635
            },
            "type": "Feature"
        },
        {
            "geometry": {
                "coordinates": [
                    -3.7313047,
                    40.4370164
                ],
                "type": "Point"
            },
            "properties": {
                "Ah": 0.846429,
                "du_raw": 0.092777,
                "dv_raw": 0.0029297999999999998,
                "fecha": "2025-05-28 16:31:30.750000",
                "orientacion_raw": 2.089897,
                "t_Ah": 268.622,
                "t_T_L": 269.805,
                "t_T_R": 269.805,
                "t_du": 269.964,
                "t_dv": 269.964,
                "t_lat": 269.966,
                "t_lon": 269.966,
                "t_orientacion": 269.675,
                "t_u": 269.964,
                "t_utm_zone": 269.75,
                "t_v": 269.964,
                "t_x": 269.964,
                "t_y": 269.964,
                "throttle_L": -900,
                "throttle_R": 1020,
                "u_raw": -0.0597683,
                "utm_zone": 30,
                "v_raw": -0.1793049,
                "x": 19.6565016,
                "y": 25.9495509
            },
            "type": "Feature"
        },
        {
            "geometry": {
                "coordinates": [
                    -3.7313058,
                    40.437016199999995
                ],
                "type": "Point"
            },
            "properties": {
                "Ah": 0.846429,
                "du_raw": 0.0761748,
                "dv_raw": 0.0224618,
                "fecha": "2025-05-28 16:31:31.250000",
                "orientacion_raw": 2.174017,
                "t_Ah": 268.622,
                "t_T_L": 270.309,
                "t_T_R": 270.309,
                "t_du": 270.217,
                "t_dv": 270.217,
                "t_lat": 270.31,
                "t_lon": 270.31,
                "t_orientacion": 270.17,
                "t_u": 270.217,
                "t_utm_zone": 270.245,
                "t_v": 270.217,
                "t_x": 270.217,
                "t_y": 270.217,
                "throttle_L": -705,
                "throttle_R": 1215,
                "u_raw": -0.0199215,
                "utm_zone": 30,
                "v_raw": -0.1793049,
                "x": 19.629157499999998,
                "y": 26.008145399999997
            },
            "type": "Feature"
        },
        {
            "geometry": {
                "coordinates": [
                    -3.7313080999999997,
                    40.437015699999996
                ],
                "type": "Point"
            },
            "properties": {
                "Ah": 0.846429,
                "du_raw": 0.126958,
                "dv_raw": -0.092777,
                "fecha": "2025-05-28 16:31:31.500000",
                "orientacion_raw": 2.174017,
                "t_Ah": 268.622,
                "t_T_L": 270.309,
                "t_T_R": 270.309,
                "t_du": 270.524,
                "t_dv": 270.524,
                "t_lat": 270.689,
                "t_lon": 270.689,
                "t_orientacion": 270.17,
                "t_u": 270.524,
                "t_utm_zone": 270.524,
                "t_v": 270.524,
                "t_x": 270.524,
                "t_y": 270.524,
                "throttle_L": -705,
                "throttle_R": 1215,
                "u_raw": -0.0896515,
                "utm_zone": 30,
                "v_raw": -0.20919000000000001,
                "x": 19.609626,
                "y": 26.109709199999998
            },
            "type": "Feature"
        },
        {
            "geometry": {
                "coordinates": [
                    -3.7313094999999996,
                    40.4370154
                ],
                "type": "Point"
            },
            "properties": {
                "Ah": 0.846429,
                "du_raw": 0.092777,
                "dv_raw": -0.0253916,
                "fecha": "2025-05-28 16:31:31.750000",
                "orientacion_raw": 2.260799,
                "t_Ah": 268.622,
                "t_T_L": 270.853,
                "t_T_R": 270.853,
                "t_du": 270.854,
                "t_dv": 270.854,
                "t_lat": 271.012,
                "t_lon": 271.012,
                "t_orientacion": 270.693,
                "t_u": 270.854,
                "t_utm_zone": 270.747,
                "t_v": 270.854,
                "t_x": 270.854,
                "t_y": 270.854,
                "throttle_L": -900,
                "throttle_R": 1020,
                "u_raw": -0.0796917,
                "utm_zone": 30,
                "v_raw": -0.1892666,
                "x": 19.578375599999998,
                "y": 26.199554099999997
            },
            "type": "Feature"
        },
        {
            "geometry": {
                "coordinates": [
                    -3.7313121999999996,
                    40.4370152
                ],
                "type": "Point"
            },
            "properties": {
                "Ah": 0.846429,
                "du_raw": 0.1298878,
                "dv_raw": 0.0019532,
                "fecha": "2025-05-28 16:31:32.250000",
                "orientacion_raw": 2.356741,
                "t_Ah": 268.622,
                "t_T_L": 271.295,
                "t_T_R": 271.295,
                "t_du": 271.1,
                "t_dv": 271.1,
                "t_lat": 271.397,
                "t_lon": 271.397,
                "t_orientacion": 271.154,
                "t_u": 271.1,
                "t_utm_zone": 271.242,
                "t_v": 271.1,
                "t_x": 271.1,
                "t_y": 271.1,
                "throttle_L": -2535,
                "throttle_R": -615,
                "u_raw": -0.0099598,
                "utm_zone": 30,
                "v_raw": -0.1095749,
                "x": 19.5197811,
                "y": 26.3792439
            },
            "type": "Feature"
        },
        {
            "geometry": {
                "coordinates": [
                    -3.7313131,
                    40.4370152
                ],
                "type": "Point"
            },
            "properties": {
                "Ah": 0.846429,
                "du_raw": 0.1982498,
                "dv_raw": 0.0322278,
                "fecha": "2025-05-28 16:31:32.500000",
                "orientacion_raw": 2.472165,
                "t_Ah": 268.622,
                "t_T_L": 271.295,
                "t_T_R": 271.295,
                "t_du": 271.4,
                "t_dv": 271.4,
                "t_lat": 271.747,
                "t_lon": 271.747,
                "t_orientacion": 271.655,
                "t_u": 271.4,
                "t_utm_zone": 271.494,
                "t_v": 271.4,
                "t_x": 271.4,
                "t_y": 271.4,
                "throttle_L": -2535,
                "throttle_R": -615,
                "u_raw": 0.0597683,
                "utm_zone": 30,
                "v_raw": -0.0597683,
                "x": 19.5197811,
                "y": 26.457369899999996
            },
            "type": "Feature"
        },
        {
            "geometry": {
                "coordinates": [
                    -3.7313144,
                    40.437015099999996
                ],
                "type": "Point"
            },
            "properties": {
                "Ah": 0.846429,
                "du_raw": 0.107426,
                "dv_raw": 0.0156256,
                "fecha": "2025-05-28 16:31:33",
                "orientacion_raw": 2.472165,
                "t_Ah": 268.622,
                "t_T_L": 271.798,
                "t_T_R": 271.798,
                "t_du": 272.038,
                "t_dv": 272.038,
                "t_lat": 272.04,
                "t_lon": 272.04,
                "t_orientacion": 271.655,
                "t_u": 272.038,
                "t_utm_zone": 272.039,
                "t_v": 272.038,
                "t_x": 272.038,
                "t_y": 272.038,
                "throttle_L": -870,
                "throttle_R": 1050,
                "u_raw": -0.0398449,
                "utm_zone": 30,
                "v_raw": -0.1892666,
                "x": 19.508062199999998,
                "y": 26.5901841
            },
            "type": "Feature"
        },
        {
            "geometry": {
                "coordinates": [
                    -3.7313172999999997,
                    40.4370145
                ],
                "type": "Point"
            },
            "properties": {
                "Ah": 0.846429,
                "du_raw": 0.0742216,
                "dv_raw": 0.009766,
                "fecha": "2025-05-28 16:31:33.250000",
                "orientacion_raw": 2.595061,
                "t_Ah": 268.622,
                "t_T_L": 272.345,
                "t_T_R": 272.345,
                "t_du": 272.347,
                "t_dv": 272.347,
                "t_lat": 272.442,
                "t_lon": 272.442,
                "t_orientacion": 272.167,
                "t_u": 272.347,
                "t_utm_zone": 272.239,
                "t_v": 272.347,
                "t_x": 272.347,
                "t_y": 272.347,
                "throttle_L": -900,
                "throttle_R": 1020,
                "u_raw": -0.0298832,
                "utm_zone": 30,
                "v_raw": -0.1593834,
                "x": 19.4885307,
                "y": 26.699560499999997
            },
            "type": "Feature"
        },
        {
            "geometry": {
                "coordinates": [
                    -3.7313183999999997,
                    40.4370143
                ],
                "type": "Point"
            },
            "properties": {
                "Ah": 0.846429,
                "du_raw": 0.0654322,
                "dv_raw": 0.0302746,
                "fecha": "2025-05-28 16:31:33.500000",
                "orientacion_raw": 2.717961,
                "t_Ah": 268.622,
                "t_T_L": 272.345,
                "t_T_R": 272.345,
                "t_du": 272.605,
                "t_dv": 272.605,
                "t_lat": 272.792,
                "t_lon": 272.792,
                "t_orientacion": 272.665,
                "t_u": 272.605,
                "t_utm_zone": 272.486,
                "t_v": 272.605,
                "t_x": 272.605,
                "t_y": 272.605,
                "throttle_L": -900,
                "throttle_R": 1020,
                "u_raw": -0.0199215,
                "utm_zone": 30,
                "v_raw": -0.1095749,
                "x": 19.4182173,
                "y": 26.8597188
            },
            "type": "Feature"
        },
        {
            "geometry": {
                "coordinates": [
                    -3.7313213,
                    40.4370139
                ],
                "type": "Point"
            },
            "properties": {
                "Ah": 0.846429,
                "du_raw": 0.0693386,
                "dv_raw": 0.0068362,
                "fecha": "2025-05-28 16:31:34",
                "orientacion_raw": 2.717961,
                "t_Ah": 268.622,
                "t_T_L": 272.796,
                "t_T_R": 272.796,
                "t_du": 272.93,
                "t_dv": 272.93,
                "t_lat": 273.089,
                "t_lon": 273.089,
                "t_orientacion": 272.665,
                "t_u": 272.93,
                "t_utm_zone": 272.988,
                "t_v": 272.93,
                "t_x": 272.93,
                "t_y": 272.93,
                "throttle_L": -900,
                "throttle_R": 1020,
                "u_raw": 0.0199215,
                "utm_zone": 30,
                "v_raw": -0.0996132,
                "x": 19.3986858,
                "y": 26.957376299999996
            },
            "type": "Feature"
        },
        {
            "geometry": {
                "coordinates": [
                    -3.7313232,
                    40.4370136
                ],
                "type": "Point"
            },
            "properties": {
                "Ah": 0.846769,
                "du_raw": 0.0419938,
                "dv_raw": 0.0664088,
                "fecha": "2025-05-28 16:31:34.250000",
                "orientacion_raw": 2.836067,
                "t_Ah": 273.105,
                "t_T_L": 273.287,
                "t_T_R": 273.287,
                "t_du": 273.208,
                "t_dv": 273.208,
                "t_lat": 273.445,
                "t_lon": 273.445,
                "t_orientacion": 273.206,
                "t_u": 273.208,
                "t_utm_zone": 273.234,
                "t_v": 273.208,
                "t_x": 273.208,
                "t_y": 273.208,
                "throttle_L": -900,
                "throttle_R": 1020,
                "u_raw": 0.0398449,
                "utm_zone": 30,
                "v_raw": -0.1294983,
                "x": 19.367435399999998,
                "y": 27.027689699999996
            },
            "type": "Feature"
        },
        {
            "geometry": {
                "coordinates": [
                    -3.7313253,
                    40.4370133
                ],
                "type": "Point"
            },
            "properties": {
                "Ah": 0.846769,
                "du_raw": 0.0410172,
                "dv_raw": 0,
                "fecha": "2025-05-28 16:31:34.750000",
                "orientacion_raw": 2.952527,
                "t_Ah": 273.105,
                "t_T_L": 273.83,
                "t_T_R": 273.83,
                "t_du": 273.507,
                "t_dv": 273.507,
                "t_lat": 273.831,
                "t_lon": 273.831,
                "t_orientacion": 273.664,
                "t_u": 273.507,
                "t_utm_zone": 273.736,
                "t_v": 273.507,
                "t_x": 273.507,
                "t_y": 273.507,
                "throttle_L": -900,
                "throttle_R": 1020,
                "u_raw": -0.0099598,
                "utm_zone": 30,
                "v_raw": -0.1593834,
                "x": 19.3479039,
                "y": 27.1683165
            },
            "type": "Feature"
        },
        {
            "geometry": {
                "coordinates": [
                    -3.731327,
                    40.4370133
                ],
                "type": "Point"
            },
            "properties": {
                "Ah": 0.846769,
                "du_raw": 0.058596,
                "dv_raw": -0.0019532,
                "fecha": "2025-05-28 16:31:35",
                "orientacion_raw": 2.952527,
                "t_Ah": 273.105,
                "t_T_L": 273.83,
                "t_T_R": 273.83,
                "t_du": 274.084,
                "t_dv": 274.084,
                "t_lat": 274.188,
                "t_lon": 274.188,
                "t_orientacion": 273.664,
                "t_u": 274.084,
                "t_utm_zone": 274.018,
                "t_v": 274.084,
                "t_x": 274.084,
                "t_y": 274.084,
                "throttle_L": -900,
                "throttle_R": 1020,
                "u_raw": 0.0298832,
                "utm_zone": 30,
                "v_raw": -0.1294983,
                "x": 19.3088409,
                "y": 27.269880299999997
            },
            "type": "Feature"
        },
        {
            "geometry": {
                "coordinates": [
                    -3.7313275999999997,
                    40.4370133
                ],
                "type": "Point"
            },
            "properties": {
                "Ah": 0.846769,
                "du_raw": 0.0664088,
                "dv_raw": 0.0058595999999999995,
                "fecha": "2025-05-28 16:31:35.250000",
                "orientacion_raw": 3.062103,
                "t_Ah": 273.105,
                "t_T_L": 274.282,
                "t_T_R": 274.282,
                "t_du": 274.427,
                "t_dv": 274.427,
                "t_lat": 274.505,
                "t_lon": 274.505,
                "t_orientacion": 274.193,
                "t_u": 274.427,
                "t_utm_zone": 274.23,
                "t_v": 274.427,
                "t_x": 274.427,
                "t_y": 274.427,
                "throttle_L": -900,
                "throttle_R": 1020,
                "u_raw": -0.0099598,
                "utm_zone": 30,
                "v_raw": -0.0996132,
                "x": 19.3088409,
                "y": 27.387069299999997
            },
            "type": "Feature"
        },
        {
            "geometry": {
                "coordinates": [
                    -3.7313283999999998,
                    40.4370133
                ],
                "type": "Point"
            },
            "properties": {
                "Ah": 0.846769,
                "du_raw": 0.083011,
                "dv_raw": 0.0546896,
                "fecha": "2025-05-28 16:31:35.750000",
                "orientacion_raw": -3.112241,
                "t_Ah": 273.105,
                "t_T_L": 274.782,
                "t_T_R": 274.782,
                "t_du": 274.69,
                "t_dv": 274.69,
                "t_lat": 274.846,
                "t_lon": 274.846,
                "t_orientacion": 274.688,
                "t_u": 274.69,
                "t_utm_zone": 274.729,
                "t_v": 274.69,
                "t_x": 274.69,
                "t_y": 274.69,
                "throttle_L": -900,
                "throttle_R": 1020,
                "u_raw": -0.0298832,
                "utm_zone": 30,
                "v_raw": -0.1793049,
                "x": 19.3088409,
                "y": 27.5901969
            },
            "type": "Feature"
        },
        {
            "geometry": {
                "coordinates": [
                    -3.7313294999999997,
                    40.4370134
                ],
                "type": "Point"
            },
            "properties": {
                "Ah": 0.846769,
                "du_raw": 0.0185554,
                "dv_raw": 0.059572599999999996,
                "fecha": "2025-05-28 16:31:36",
                "orientacion_raw": -3.00275,
                "t_Ah": 273.105,
                "t_T_L": 274.782,
                "t_T_R": 274.782,
                "t_du": 274.999,
                "t_dv": 274.999,
                "t_lat": 275.186,
                "t_lon": 275.186,
                "t_orientacion": 275.137,
                "t_u": 274.999,
                "t_utm_zone": 275,
                "t_v": 274.999,
                "t_x": 274.999,
                "t_y": 274.999,
                "throttle_L": -900,
                "throttle_R": 1020,
                "u_raw": -0.0099598,
                "utm_zone": 30,
                "v_raw": -0.1593834,
                "x": 19.297121999999998,
                "y": 27.6878544
            },
            "type": "Feature"
        },
        {
            "geometry": {
                "coordinates": [
                    -3.7313302999999998,
                    40.4370134
                ],
                "type": "Point"
            },
            "properties": {
                "Ah": 0.846769,
                "du_raw": 0.0459002,
                "dv_raw": -0.0410172,
                "fecha": "2025-05-28 16:31:36.500000",
                "orientacion_raw": -3.00275,
                "t_Ah": 273.105,
                "t_T_L": 275.342,
                "t_T_R": 275.342,
                "t_du": 275.344,
                "t_dv": 275.344,
                "t_lat": 275.534,
                "t_lon": 275.534,
                "t_orientacion": 275.137,
                "t_u": 275.344,
                "t_utm_zone": 275.486,
                "t_v": 275.344,
                "t_x": 275.344,
                "t_y": 275.344,
                "throttle_L": -900,
                "throttle_R": 1020,
                "u_raw": 0.0199215,
                "utm_zone": 30,
                "v_raw": -0.0796917,
                "x": 19.316653499999997,
                "y": 27.789418199999997
            },
            "type": "Feature"
        },
        {
            "geometry": {
                "coordinates": [
                    -3.7313324,
                    40.4370133
                ],
                "type": "Point"
            },
            "properties": {
                "Ah": 0.846769,
                "du_raw": 0.04883,
                "dv_raw": 0.0712918,
                "fecha": "2025-05-28 16:31:36.750000",
                "orientacion_raw": -2.893412,
                "t_Ah": 273.105,
                "t_T_L": 275.778,
                "t_T_R": 275.778,
                "t_du": 275.602,
                "t_dv": 275.602,
                "t_lat": 275.944,
                "t_lon": 275.944,
                "t_orientacion": 275.665,
                "t_u": 275.602,
                "t_utm_zone": 275.724,
                "t_v": 275.602,
                "t_x": 275.602,
                "t_y": 275.602,
                "throttle_L": -915,
                "throttle_R": 1005,
                "u_raw": 0.0398449,
                "utm_zone": 30,
                "v_raw": -0.1494217,
                "x": 19.3283724,
                "y": 27.8792631
            },
            "type": "Feature"
        },
        {
            "geometry": {
                "coordinates": [
                    -3.731334,
                    40.437013
                ],
                "type": "Point"
            },
            "properties": {
                "Ah": 0.846769,
                "du_raw": 0.04883,
                "dv_raw": 0.0478534,
                "fecha": "2025-05-28 16:31:37",
                "orientacion_raw": -2.776833,
                "t_Ah": 273.105,
                "t_T_L": 275.778,
                "t_T_R": 275.778,
                "t_du": 276.185,
                "t_dv": 276.185,
                "t_lat": 276.282,
                "t_lon": 276.282,
                "t_orientacion": 276.152,
                "t_u": 276.185,
                "t_utm_zone": 275.96,
                "t_v": 276.185,
                "t_x": 276.185,
                "t_y": 276.185,
                "throttle_L": -915,
                "throttle_R": 1005,
                "u_raw": -0.0099598,
                "utm_zone": 30,
                "v_raw": -0.1593834,
                "x": 19.269777899999998,
                "y": 28.1097348
            },
            "type": "Feature"
        },
        {
            "geometry": {
                "coordinates": [
                    -3.7313365,
                    40.4370127
                ],
                "type": "Point"
            },
            "properties": {
                "Ah": 0.846769,
                "du_raw": 0.1044962,
                "dv_raw": -0.043947,
                "fecha": "2025-05-28 16:31:37.500000",
                "orientacion_raw": -2.776833,
                "t_Ah": 273.105,
                "t_T_L": 276.285,
                "t_T_R": 276.285,
                "t_du": 276.49,
                "t_dv": 276.49,
                "t_lat": 276.586,
                "t_lon": 276.586,
                "t_orientacion": 276.152,
                "t_u": 276.49,
                "t_utm_zone": 276.491,
                "t_v": 276.49,
                "t_x": 276.49,
                "t_y": 276.49,
                "throttle_L": -915,
                "throttle_R": 1005,
                "u_raw": -0.0199215,
                "utm_zone": 30,
                "v_raw": -0.1294983,
                "x": 19.258059,
                "y": 28.226923799999998
            },
            "type": "Feature"
        },
        {
            "geometry": {
                "coordinates": [
                    -3.7313375,
                    40.4370127
                ],
                "type": "Point"
            },
            "properties": {
                "Ah": 0.846769,
                "du_raw": 0.0136724,
                "dv_raw": 0.0546896,
                "fecha": "2025-05-28 16:31:37.750000",
                "orientacion_raw": -2.661338,
                "t_Ah": 273.105,
                "t_T_L": 276.842,
                "t_T_R": 276.842,
                "t_du": 276.844,
                "t_dv": 276.844,
                "t_lat": 276.93,
                "t_lon": 276.93,
                "t_orientacion": 276.649,
                "t_u": 276.844,
                "t_utm_zone": 276.721,
                "t_v": 276.844,
                "t_x": 276.844,
                "t_y": 276.844,
                "throttle_L": -975,
                "throttle_R": 1005,
                "u_raw": -0.0099598,
                "utm_zone": 30,
                "v_raw": -0.1892666,
                "x": 19.2385275,
                "y": 28.3089561
            },
            "type": "Feature"
        },
        {
            "geometry": {
                "coordinates": [
                    -3.7313383,
                    40.4370127
                ],
                "type": "Point"
            },
            "properties": {
                "Ah": 0.846769,
                "du_raw": 0.011719199999999999,
                "dv_raw": 0.09766,
                "fecha": "2025-05-28 16:31:38.250000",
                "orientacion_raw": -2.538481,
                "t_Ah": 273.105,
                "t_T_L": 277.289,
                "t_T_R": 277.289,
                "t_du": 277.077,
                "t_dv": 277.077,
                "t_lat": 277.29,
                "t_lon": 277.29,
                "t_orientacion": 277.146,
                "t_u": 277.077,
                "t_utm_zone": 277.23,
                "t_v": 277.077,
                "t_x": 277.077,
                "t_y": 277.077,
                "throttle_L": -975,
                "throttle_R": 1005,
                "u_raw": 0,
                "utm_zone": 30,
                "v_raw": -0.1294983,
                "x": 19.2385275,
                "y": 28.359737999999997
            },
            "type": "Feature"
        }
    ],
    "metadata": {
        "Hora fin clorofila": "12:00:00",
        "Hora fin ficocianina": "12:00:00",
        "Hora inicio clorofila": "12:00:00",
        "Hora inicio ficocianina": "12:00:00",
        "Incidencias": "Probando creación geojson.\n\nNinguna incidencia.",
        "Lugar": "UCM",
        "Mision": [
            "25_05_28__16_27_03.data"
        ],
        "Periodo medidas": "5",
        "Referencia": "Prueba_geojson",
        "Responsable": "Armando",
        "Ruta archivo calibracion": "Calibracion.csv",
        "Ruta archivo medidas": "Medidas.csv"
    },
    "type": "FeatureCollection"
}
