t_u,u_raw,t_v,v_raw,t_du,du_raw,t_dv,dv_raw,t_orientacion,orientacion_raw,t_T_L,throttle_L,t_T_R,throttle_R
3.269,15728.0,3.269,-26214.0,3.269,-21.0,3.269,40.0,4.307,-2.320978,3.267,60.0,3.267,30.0
4.228,26214.0,4.228,15728.0,4.228,-14.0,4.228,4.0,4.779,-2.317786,4.428,45.0,4.428,45.0
4.522,26214.0,4.522,20971.0,4.522,18.0,4.522,16.0,5.31,-2.313372,4.95,60.0,4.95,30.0
4.874,41943.0,4.874,-5242.0,4.874,-12.0,4.874,2.0,5.788,-2.308904,5.453,60.0,5.453,30.0
5.093,36700.0,5.093,-10485.0,5.093,-8.0,5.093,34.0,6.341,-2.301995,5.924,60.0,5.924,30.0
5.454,20971.0,5.454,-5242.0,5.454,22.0,5.454,-2.0,6.78,-2.295504,6.452,45.0,6.452,45.0
5.717,20971.0,5.717,-31457.0,5.717,-26.0,5.717,-12.0,7.322,-2.287361,6.972,45.0,6.972,45.0
6.017,41943.0,6.017,-26214.0,6.017,-4.0,6.017,19.0,7.769,-2.280074,7.419,30.0,7.419,30.0
6.342,20971.0,6.342,-15728.0,6.342,-13.0,6.342,1.0,8.286,-2.270034,7.924,45.0,7.924,15.0
6.586,26214.0,6.586,5242.0,6.586,-19.0,6.586,4.0,8.765,-2.257628,8.445,60.0,8.445,30.0
6.974,31457.0,6.974,-5242.0,6.974,40.0,6.974,-40.0,9.304,-2.245534,8.911,45.0,8.911,15.0
7.213,26214.0,7.213,-36700.0,7.213,-52.0,7.213,50.0,9.757,-2.231242,9.413,60.0,9.413,30.0
7.518,31457.0,7.518,-10485.0,7.518,-7.0,7.518,-26.0,10.29,-2.216159,9.949,45.0,9.949,45.0
7.81,0.0,7.81,-20971.0,7.81,26.0,7.81,-6.0,10.798,-2.199054,10.439,45.0,10.439,15.0
8.12,47185.0,8.12,-31457.0,8.12,-18.0,8.12,2.0,11.288,-2.181348,10.945,45.0,10.945,15.0
8.446,41943.0,8.446,20971.0,8.446,1.0,8.446,-13.0,11.754,-2.163472,11.446,60.0,11.446,30.0
8.678,41943.0,8.678,-5242.0,8.678,-32.0,8.678,51.0,12.296,-2.142178,11.901,45.0,11.901,15.0
9.032,20971.0,9.032,15728.0,9.032,19.0,9.032,-38.0,12.744,-2.118158,12.427,45.0,12.427,45.0
9.305,20971.0,9.305,-5242.0,9.305,9.0,9.305,-8.0,13.28,-2.095607,12.902,45.0,12.902,45.0
9.616,15728.0,9.616,10485.0,9.616,-37.0,9.616,35.0,13.771,-2.073215,13.39,45.0,13.39,45.0
9.949,26214.0,9.949,-15728.0,9.949,3.0,9.949,-21.0,14.295,-2.047465,13.939,60.0,13.939,30.0
10.198,31457.0,10.198,-20971.0,10.198,-4.0,10.198,10.0,14.744,-2.021026,14.42,60.0,14.42,30.0
10.471,20971.0,10.471,5242.0,10.471,11.0,10.471,-11.0,15.291,-1.991904,14.89,45.0,14.89,45.0
10.798,20971.0,10.798,-20971.0,10.798,-9.0,10.798,41.0,15.771,-1.961679,15.417,60.0,15.417,30.0
11.128,15728.0,11.128,5242.0,11.128,-15.0,11.128,15.0,16.267,-1.930459,15.93,60.0,15.93,30.0
11.447,31457.0,11.447,-15728.0,11.447,1.0,11.447,-13.0,16.744,-1.89849,16.392,60.0,16.392,30.0
11.691,10485.0,11.691,-20971.0,11.691,1.0,11.691,13.0,17.264,-1.86478,16.911,60.0,16.911,30.0
12.001,26214.0,12.001,-15728.0,12.001,-19.0,12.001,3.0,17.753,-1.832344,17.43,45.0,17.43,45.0
12.296,41943.0,12.296,-10485.0,12.296,11.0,12.296,-11.0,18.275,-1.799815,17.879,60.0,17.879,30.0
12.603,26214.0,12.603,-10485.0,12.603,-9.0,12.603,20.0,18.73,-1.767725,18.393,60.0,18.393,30.0
12.902,15728.0,12.902,-20971.0,12.902,-10.0,12.902,0.0,19.265,-1.736834,18.897,45.0,18.897,15.0
13.211,10485.0,13.211,-15728.0,13.211,6.0,13.211,-17.0,19.721,-1.705257,19.372,60.0,19.372,30.0
13.489,31457.0,13.489,-26214.0,13.489,15.0,13.489,32.0,20.264,-1.674857,19.878,60.0,19.878,30.0
13.772,15728.0,13.772,-5242.0,13.772,-35.0,13.772,-17.0,20.721,-1.643688,20.399,60.0,20.399,30.0
14.06,20971.0,14.06,-20971.0,14.06,5.0,14.06,16.0,21.267,-1.614441,20.901,60.0,20.901,30.0
14.421,26214.0,14.421,-26214.0,14.421,5.0,14.421,34.0,21.767,-1.584411,21.39,45.0,21.39,15.0
14.69,47185.0,14.69,-20971.0,14.69,1.0,14.69,-42.0,22.233,-1.555075,21.921,45.0,21.921,45.0
14.983,31457.0,14.983,-15728.0,14.983,-7.0,14.983,12.0,22.723,-1.528475,22.358,60.0,22.358,30.0
15.292,36700.0,15.292,-5242.0,15.292,-21.0,15.292,-4.0,23.239,-1.501053,22.883,60.0,22.883,30.0
15.593,36700.0,15.593,0.0,15.593,-24.0,15.593,3.0,23.729,-1.474497,23.359,60.0,23.359,30.0
15.931,0.0,15.931,-15728.0,15.931,8.0,15.931,6.0,24.237,-1.447602,23.857,45.0,23.857,15.0
16.175,47185.0,16.175,-15728.0,16.175,-8.0,16.175,1.0,24.723,-1.422455,24.378,60.0,24.378,30.0
16.478,26214.0,16.478,-15728.0,16.478,1.0,16.478,4.0,25.227,-1.396622,24.881,60.0,24.881,30.0
16.785,26214.0,16.785,-5242.0,16.785,29.0,16.785,-11.0,25.703,-1.371046,25.363,60.0,25.363,30.0
17.092,10485.0,17.092,-26214.0,17.092,-10.0,17.092,5.0,26.231,-1.345906,25.873,60.0,25.873,30.0
17.432,10485.0,17.432,-10485.0,17.432,1.0,17.432,16.0,26.722,-1.320851,26.403,60.0,26.403,30.0
17.65,15728.0,17.65,-20971.0,17.65,8.0,17.65,-17.0,27.239,-1.295446,26.849,60.0,26.849,30.0
17.977,41943.0,17.977,-5242.0,17.977,-2.0,17.977,12.0,27.689,-1.271872,27.368,60.0,27.368,30.0
18.277,15728.0,18.277,-15728.0,18.277,2.0,18.277,2.0,28.245,-1.250611,27.896,45.0,27.896,15.0
18.587,20971.0,18.587,5242.0,18.587,-13.0,18.587,4.0,28.696,-1.228965,28.335,45.0,28.335,15.0
18.898,0.0,18.898,-41943.0,18.898,30.0,18.898,-1.0,29.24,-1.20538,28.853,60.0,28.853,30.0
19.142,52428.0,19.142,0.0,19.142,-9.0,19.142,10.0,29.708,-1.183686,29.375,45.0,29.375,45.0
19.487,20971.0,19.487,-15728.0,19.487,27.0,19.487,-18.0,30.228,-1.16292,29.838,60.0,29.838,30.0
19.764,5242.0,19.764,-10485.0,19.764,-11.0,19.764,2.0,30.68,-1.141889,30.364,45.0,30.364,15.0
20.075,26214.0,20.075,-31457.0,20.075,55.0,20.075,-2.0,31.201,-1.122961,30.853,60.0,30.853,30.0
20.4,20971.0,20.4,-10485.0,20.4,-3.0,20.4,10.0,31.696,-1.103074,31.364,60.0,31.364,30.0
20.663,31457.0,20.663,-31457.0,20.663,28.0,20.663,7.0,32.199,-1.086201,31.859,60.0,31.859,30.0
20.958,10485.0,20.958,-41943.0,20.958,0.0,20.958,-8.0,32.677,-1.070606,32.372,45.0,32.372,45.0
21.269,31457.0,21.269,-36700.0,21.269,36.0,21.269,6.0,33.23,-1.054797,32.825,60.0,32.825,30.0
21.604,26214.0,21.604,-5242.0,21.604,20.0,21.604,10.0,33.692,-1.039536,33.353,45.0,33.353,15.0
21.921,5242.0,21.921,0.0,21.921,-16.0,21.921,-18.0,34.205,-1.025812,33.856,60.0,33.856,30.0
22.163,26214.0,22.163,-41943.0,22.163,20.0,22.163,16.0,34.713,-1.012435,34.313,45.0,34.313,45.0
22.456,31457.0,22.456,-5242.0,22.456,18.0,22.456,4.0,35.221,-1.000767,34.859,45.0,34.859,45.0
22.764,26214.0,22.764,-5242.0,22.764,9.0,22.764,14.0,35.667,-0.988962,35.344,30.0,35.344,30.0
23.062,20971.0,23.062,-36700.0,23.062,32.0,23.062,-6.0,36.175,-0.981601,35.829,15.0,35.829,15.0
23.36,15728.0,23.36,-20971.0,23.36,-35.0,23.36,26.0,36.665,-0.972761,36.354,30.0,36.354,30.0
23.688,15728.0,23.688,-5242.0,23.688,46.0,23.688,-16.0,37.186,-0.961061,36.833,-4755.0,36.833,-4755.0
23.94,31457.0,23.94,5242.0,23.94,-6.0,23.94,8.0,37.666,-0.957051,37.318,-7170.0,37.318,-7170.0
24.558,26214.0,24.558,10485.0,24.558,7.0,24.558,22.0,38.189,-0.997559,37.831,-9600.0,37.831,-9600.0
24.881,52428.0,24.881,-52428.0,24.881,21.0,24.881,9.0,38.68,-1.118065,38.343,-9600.0,38.343,-9600.0
25.152,31457.0,25.152,-26214.0,25.152,-9.0,25.152,-13.0,39.197,-1.284751,38.804,-9600.0,38.804,-9600.0
25.45,15728.0,25.45,-15728.0,25.45,23.0,25.45,26.0,39.661,-1.429283,39.311,-9600.0,39.311,-9600.0
25.797,0.0,25.797,-15728.0,25.797,3.0,25.797,-22.0,40.181,-1.564859,39.832,-9600.0,39.832,-9600.0
26.016,26214.0,26.016,0.0,26.016,46.0,26.016,3.0,40.697,-1.730456,40.291,-9600.0,40.291,-9600.0
26.403,31457.0,26.403,-26214.0,26.403,-11.0,26.403,16.0,41.182,-1.983938,40.791,-9600.0,40.791,-9188.0
26.641,36700.0,26.641,-31457.0,26.641,23.0,26.641,-13.0,41.664,-2.35474,41.321,-9600.0,41.321,-1103.0
26.943,36700.0,26.943,-10485.0,26.943,14.0,26.943,13.0,42.209,-2.479294,41.825,0.0,41.825,-9600.0
27.24,31457.0,27.24,-31457.0,27.24,3.0,27.24,-4.0,42.667,-2.419034,42.309,0.0,42.309,-9600.0
27.538,26214.0,27.538,-15728.0,27.538,-4.0,27.538,-12.0,43.156,-2.242456,42.799,0.0,42.799,-9600.0
27.898,10485.0,27.898,-5242.0,27.898,28.0,27.898,31.0,43.64,-1.988652,43.28,-9046.0,43.28,-9600.0
28.126,31457.0,28.126,-5242.0,28.126,-5.0,28.126,-13.0,44.154,-1.87306,43.81,-9480.0,43.81,-9600.0
28.435,41943.0,28.435,-20971.0,28.435,6.0,28.435,14.0,44.653,-1.860411,44.304,-7020.0,44.304,-7140.0
28.736,36700.0,28.736,-15728.0,28.736,12.0,28.736,21.0,45.153,-1.943318,44.812,-7050.0,44.812,-7110.0
29.042,31457.0,29.042,-10485.0,29.042,18.0,29.042,-14.0,45.658,-2.024462,45.336,-7065.0,45.336,-7125.0
29.375,41943.0,29.375,-31457.0,29.375,-12.0,29.375,24.0,46.173,-2.059876,45.809,-6735.0,45.809,-7425.0
29.638,41943.0,29.638,-26214.0,29.638,16.0,29.638,-5.0,46.623,-1.990794,46.274,-3966.0,46.274,-9600.0
29.954,36700.0,29.954,-20971.0,29.954,-4.0,29.954,17.0,47.161,-1.948985,46.807,-6690.0,46.807,-7470.0
30.228,41943.0,30.228,-15728.0,30.228,-7.0,30.228,-28.0,47.631,-1.979376,47.295,-7050.0,47.295,-7110.0
30.541,5242.0,30.541,-20971.0,30.541,32.0,30.541,6.0,48.173,-2.023028,47.779,-7065.0,47.779,-7125.0
30.853,26214.0,30.853,-5242.0,30.853,-36.0,30.853,5.0,48.619,-1.935732,48.286,-1556.0,48.286,-9600.0
31.124,52428.0,31.124,-15728.0,31.124,7.0,31.124,-19.0,49.174,-1.748143,48.813,-1492.0,48.813,-9600.0
31.395,41943.0,31.395,-20971.0,31.395,25.0,31.395,13.0,49.612,-1.600625,49.261,-6975.0,49.261,-7215.0
31.729,20971.0,31.729,0.0,31.729,4.0,31.729,27.0,50.122,-1.52879,49.767,-7065.0,49.767,-7095.0
32.05,36700.0,32.05,0.0,32.05,15.0,32.05,-20.0,50.606,-1.519185,50.281,-7140.0,50.281,-7020.0
32.372,10485.0,32.372,-26214.0,32.372,8.0,32.372,11.0,51.162,-1.546718,50.755,-7080.0,50.755,-7080.0
32.616,36700.0,32.616,0.0,32.616,-13.0,32.616,2.0,51.618,-1.577451,51.258,-7080.0,51.258,-7110.0
32.922,26214.0,32.922,-5242.0,32.922,23.0,32.922,8.0,52.132,-1.624441,51.796,-7080.0,51.796,-7080.0
33.23,20971.0,33.23,10485.0,33.23,9.0,33.23,15.0,52.655,-1.692435,52.285,-7065.0,52.285,-7095.0
33.523,31457.0,33.523,5242.0,33.523,6.0,33.523,15.0,53.137,-1.793059,52.78,-7080.0,52.78,-7110.0
33.857,10485.0,33.857,-5242.0,33.857,-9.0,33.857,-14.0,53.605,-1.848243,53.303,-6285.0,53.303,-7875.0
34.126,10485.0,34.126,-5242.0,34.126,30.0,34.126,8.0,54.143,-1.752686,53.781,-1574.0,53.781,-9600.0
34.412,36700.0,34.412,-36700.0,34.412,-6.0,34.412,-16.0,54.597,-1.69707,54.272,-7020.0,54.272,-7140.0
34.714,26214.0,34.714,-5242.0,34.714,-10.0,34.714,39.0,55.129,-1.686862,54.74,-7050.0,54.74,-7110.0
35.021,26214.0,35.021,-15728.0,35.021,-4.0,35.021,4.0,55.643,-1.566846,55.266,-1895.0,55.266,-9600.0
35.345,15728.0,35.345,5242.0,35.345,39.0,35.345,14.0,56.142,-1.416989,55.787,-4665.0,55.787,-9495.0
35.609,26214.0,35.609,-15728.0,35.609,-25.0,35.609,-1.0,56.609,-1.332933,56.265,-6315.0,56.265,-7875.0
35.899,26214.0,35.899,-10485.0,35.899,12.0,35.899,8.0,57.095,-1.397,56.738,-9600.0,56.738,-3905.0
36.227,20971.0,36.227,-5242.0,36.227,17.0,36.227,-22.0,57.602,-1.578345,57.266,-8775.0,57.266,-5385.0
36.515,26214.0,36.515,-26214.0,36.515,14.0,36.515,37.0,58.108,-1.727681,57.757,-7050.0,57.757,-7110.0
36.835,41943.0,36.835,10485.0,36.835,-268.0,36.835,624.0,58.59,-1.864249,58.23,-7050.0,58.23,-7110.0
37.103,36700.0,37.103,10485.0,37.103,-306.0,37.103,-241.0,59.117,-1.935428,58.753,-5400.0,58.753,-8760.0
37.377,-15728.0,37.377,31457.0,37.377,-106.0,37.377,334.0,59.596,-1.875484,59.279,-2215.0,59.279,-9600.0
37.706,-36700.0,37.706,31457.0,37.706,-200.0,37.706,258.0,60.127,-1.752107,59.728,-2646.0,59.728,-9600.0
37.971,-110100.0,37.971,73400.0,37.971,250.0,37.971,193.0,60.582,-1.708881,60.234,-7050.0,60.234,-7110.0
38.344,-104857.0,38.344,157286.0,38.344,-232.0,38.344,60.0,61.102,-1.727455,60.756,-7065.0,60.756,-7125.0
38.599,-94371.0,38.599,204472.0,38.599,110.0,38.599,22.0,61.582,-1.691273,61.215,-3128.0,61.215,-9600.0
38.91,-162529.0,38.91,204472.0,38.91,-254.0,38.91,-124.0,62.096,-1.621042,61.724,-5085.0,61.724,-9105.0
39.199,-73400.0,39.199,204472.0,39.199,192.0,39.199,160.0,62.567,-1.614666,62.244,-7050.0,62.244,-7110.0
39.505,-89128.0,39.505,183500.0,39.505,-579.0,39.505,418.0,63.107,-1.62894,62.748,-5310.0,62.748,-5370.0
39.834,-73400.0,39.834,167772.0,39.834,-231.0,39.834,52.0,63.559,-1.656481,63.233,-705.0,63.233,-765.0
40.099,-41943.0,40.099,193986.0,40.099,251.0,40.099,89.0,64.069,-1.674817,63.765,90.0,63.765,30.0
40.415,-68157.0,40.415,262143.0,40.415,233.0,40.415,123.0,64.57,-1.652785,64.209,90.0,64.209,30.0
40.699,-26214.0,40.699,304086.0,40.699,103.0,40.699,-29.0,65.083,-1.616752,64.739,75.0,64.739,45.0
40.998,-26214.0,40.998,325058.0,40.998,26.0,40.998,-352.0,65.586,-1.60464,65.243,90.0,65.243,30.0
41.322,-10485.0,41.322,256900.0,41.322,96.0,41.322,-170.0,66.093,-1.60767,65.704,90.0,65.704,30.0
41.59,15728.0,41.59,272629.0,41.59,-434.0,41.59,-457.0,66.567,-1.596204,66.245,90.0,66.245,30.0
41.894,36700.0,41.894,256900.0,41.894,-308.0,41.894,-16.0,67.074,-1.566496,66.747,90.0,66.747,30.0
42.211,136314.0,42.211,230686.0,42.211,-272.0,42.211,59.0,67.552,-1.542994,67.197,90.0,67.197,30.0
42.509,141557.0,42.509,99614.0,42.509,-485.0,42.509,147.0,68.076,-1.5381,67.722,75.0,67.722,45.0
42.801,115343.0,42.801,99614.0,42.801,-489.0,42.801,-165.0,68.546,-1.530359,68.233,90.0,68.233,30.0
43.074,99614.0,43.074,94371.0,43.074,-348.0,43.074,-334.0,69.089,-1.505481,68.698,75.0,68.698,45.0
43.397,78643.0,43.397,5242.0,43.397,-500.0,43.397,-379.0,69.572,-1.478766,69.211,90.0,69.211,30.0
43.679,62914.0,43.679,31457.0,43.679,-481.0,43.679,-174.0,70.084,-1.466101,69.733,90.0,69.733,30.0
43.988,94371.0,43.988,141557.0,43.988,-270.0,43.988,322.0,70.549,-1.460332,70.207,90.0,70.207,30.0
44.305,36700.0,44.305,141557.0,44.305,-374.0,44.305,158.0,71.05,-1.445066,70.702,75.0,70.702,45.0
44.612,36700.0,44.612,220200.0,44.612,-601.0,44.612,-205.0,71.535,-1.426473,71.208,75.0,71.208,45.0
44.88,94371.0,44.88,256900.0,44.88,-346.0,44.88,-154.0,72.083,-1.420757,71.684,75.0,71.684,45.0
45.171,68157.0,45.171,193986.0,45.171,-887.0,45.171,-31.0,72.531,-1.424572,72.201,75.0,72.201,45.0
45.482,62914.0,45.482,178257.0,45.482,-547.0,45.482,-137.0,73.047,-1.424496,72.718,90.0,72.718,30.0
45.811,47185.0,45.811,193986.0,45.811,-577.0,45.811,-22.0,73.565,-1.41827,73.203,90.0,73.203,30.0
46.069,62914.0,46.069,246415.0,46.069,-379.0,46.069,95.0,74.044,-1.420419,73.697,90.0,73.697,30.0
46.368,78643.0,46.368,178257.0,46.368,-299.0,46.368,151.0,74.53,-1.430797,74.18,75.0,74.18,45.0
46.731,83886.0,46.731,193986.0,46.731,-153.0,46.731,126.0,75.063,-1.439048,74.693,75.0,74.693,45.0
46.971,120586.0,46.971,178257.0,46.971,165.0,46.971,-238.0,75.519,-1.440151,75.169,75.0,75.169,45.0
47.296,52428.0,47.296,183500.0,47.296,-163.0,47.296,-114.0,76.055,-1.444032,75.663,90.0,75.663,30.0
47.569,20971.0,47.569,214957.0,47.569,224.0,47.569,75.0,76.515,-1.455103,76.164,75.0,76.164,45.0
47.86,47185.0,47.86,178257.0,47.86,122.0,47.86,55.0,77.057,-1.466102,76.705,90.0,76.705,30.0
48.174,68157.0,48.174,230686.0,48.174,-77.0,48.174,107.0,77.532,-1.471034,77.194,75.0,77.194,45.0
48.434,62914.0,48.434,225443.0,48.434,-93.0,48.434,172.0,78.06,-1.473491,77.66,90.0,77.66,30.0
48.815,68157.0,48.815,204472.0,48.815,9.0,48.815,-38.0,78.539,-1.483956,78.178,75.0,78.178,45.0
49.03,99614.0,49.03,157286.0,49.03,-220.0,49.03,78.0,79.025,-1.497505,78.678,75.0,78.678,45.0
49.357,78643.0,49.357,131071.0,49.357,102.0,49.357,72.0,79.513,-1.505522,79.154,90.0,79.154,30.0
49.656,0.0,49.656,141557.0,49.656,153.0,49.656,134.0,80.033,-1.511887,79.684,90.0,79.684,30.0
49.962,-15728.0,49.962,178257.0,49.962,-5.0,49.962,289.0,80.516,-1.523116,80.202,75.0,80.202,45.0
50.281,-31457.0,50.281,199229.0,50.281,-358.0,50.281,328.0,81.038,-1.538852,80.644,90.0,80.644,30.0
50.56,-31457.0,50.56,235929.0,50.56,92.0,50.56,59.0,81.493,-1.553609,81.204,75.0,81.204,45.0
50.875,-20971.0,50.875,262143.0,50.875,-98.0,50.875,-25.0,82.019,-1.564045,81.668,90.0,81.668,30.0
51.163,-31457.0,51.163,214957.0,51.163,470.0,51.163,258.0,82.499,-1.576654,82.173,75.0,82.173,45.0
51.428,-41943.0,51.428,193986.0,51.428,-80.0,51.428,-29.0,83.032,-1.596464,82.636,90.0,82.636,30.0
51.797,-47185.0,51.797,214957.0,51.797,221.0,51.797,150.0,83.509,-1.616214,83.171,90.0,83.171,30.0
52.051,-47185.0,52.051,214957.0,52.051,423.0,52.051,242.0,84.031,-1.632204,83.671,90.0,83.671,30.0
52.344,-20971.0,52.344,230686.0,52.344,-149.0,52.344,250.0,84.481,-1.65002,84.16,90.0,84.16,30.0
52.656,-41943.0,52.656,262143.0,52.656,87.0,52.656,139.0,85.028,-1.674388,84.645,90.0,84.645,30.0
52.976,-36700.0,52.976,262143.0,52.976,-204.0,52.976,223.0,85.523,-1.700672,85.131,75.0,85.131,45.0
53.304,-52428.0,53.304,214957.0,53.304,369.0,53.304,-158.0,86.002,-1.724289,85.66,90.0,85.66,30.0
53.569,-26214.0,53.569,209715.0,53.569,157.0,53.569,98.0,86.499,-1.747046,86.15,90.0,86.15,30.0
53.837,52428.0,53.837,199229.0,53.837,-116.0,53.837,73.0,87.026,-1.774421,86.628,90.0,86.628,30.0
54.144,62914.0,54.144,209715.0,54.144,158.0,54.144,-2.0,87.495,-1.804301,87.175,90.0,87.175,30.0
54.453,26214.0,54.453,188743.0,54.453,188.0,54.453,-198.0,88.002,-1.833418,87.664,75.0,87.664,45.0
54.741,10485.0,54.741,167772.0,54.741,317.0,54.741,-39.0,88.485,-1.860276,88.117,75.0,88.117,45.0
55.052,10485.0,55.052,209715.0,55.052,-221.0,55.052,5.0,88.997,-1.889365,88.642,90.0,88.642,30.0
55.336,20971.0,55.336,204472.0,55.336,-149.0,55.336,48.0,89.471,-1.92355,89.148,75.0,89.148,45.0
55.645,0.0,55.645,230686.0,55.645,221.0,55.645,-182.0,90.018,-1.957975,89.613,75.0,89.613,45.0
55.947,10485.0,55.947,199229.0,55.947,-46.0,55.947,-39.0,90.467,-1.989704,90.133,90.0,90.133,30.0
56.266,20971.0,56.266,162529.0,56.266,-258.0,56.266,-108.0,91.009,-2.023269,90.651,90.0,90.651,30.0
56.538,-20971.0,56.538,173014.0,56.538,329.0,56.538,176.0,91.516,-2.058946,91.11,75.0,91.11,45.0
56.834,-41943.0,56.834,162529.0,56.834,191.0,56.834,109.0,91.97,-2.095692,91.623,90.0,91.623,30.0
57.186,-41943.0,57.186,188743.0,57.186,119.0,57.186,111.0,92.476,-2.131657,92.148,90.0,92.148,30.0
57.447,-125829.0,57.447,246415.0,57.447,166.0,57.447,36.0,93.007,-2.167177,92.604,75.0,92.604,45.0
57.763,-78643.0,57.763,220200.0,57.763,429.0,57.763,86.0,93.477,-2.203593,93.125,90.0,93.125,30.0
58.029,-83886.0,58.029,193986.0,58.029,134.0,58.029,21.0,93.976,-2.241191,93.622,75.0,93.622,45.0
58.327,-31457.0,58.327,225443.0,58.327,372.0,58.327,192.0,94.471,-2.276773,94.145,75.0,94.145,45.0
58.631,-47185.0,58.631,214957.0,58.631,-35.0,58.631,232.0,94.981,-2.312045,94.617,90.0,94.617,30.0
58.897,-5242.0,58.897,209715.0,58.897,257.0,58.897,226.0,95.456,-2.347305,95.108,75.0,95.108,45.0
59.28,-10485.0,59.28,209715.0,59.28,-78.0,59.28,72.0,96.016,-2.383097,95.619,90.0,95.619,30.0
59.519,47185.0,59.519,183500.0,59.519,68.0,59.519,-15.0,96.459,-2.417655,96.111,90.0,96.111,30.0
59.828,47185.0,59.828,188743.0,59.828,-145.0,59.828,49.0,96.966,-2.45255,96.582,75.0,96.582,45.0
60.128,73400.0,60.128,157286.0,60.128,-27.0,60.128,111.0,97.44,-2.486838,97.085,90.0,97.085,30.0
60.448,10485.0,60.448,146800.0,60.448,-338.0,60.448,192.0,97.987,-2.523005,97.627,75.0,97.627,15.0
60.758,-15728.0,60.758,157286.0,60.758,257.0,60.758,292.0,98.458,-2.557198,98.107,75.0,98.107,45.0
61.022,-26214.0,61.022,209715.0,61.022,-266.0,61.022,220.0,98.95,-2.589995,98.584,90.0,98.584,30.0
61.336,10485.0,61.336,298843.0,61.336,-124.0,61.336,248.0,99.45,-2.62294,99.104,90.0,99.104,30.0
61.608,0.0,61.608,209715.0,61.608,-94.0,61.608,79.0,99.955,-2.655891,99.6,75.0,99.6,45.0
61.884,26214.0,61.884,204472.0,61.884,-142.0,61.884,44.0,100.427,-2.688222,100.077,75.0,100.077,45.0
62.245,-20971.0,62.245,209715.0,62.245,144.0,62.245,162.0,100.961,-2.721221,100.616,90.0,100.616,30.0
62.509,-31457.0,62.509,152043.0,62.509,-53.0,62.509,134.0,101.46,-2.753881,101.122,90.0,101.122,30.0
62.806,-31457.0,62.806,214957.0,62.806,29.0,62.806,199.0,101.967,-2.783896,101.571,90.0,101.571,30.0
63.108,-31457.0,63.108,173014.0,63.108,20.0,63.108,156.0,102.47,-2.814027,102.073,75.0,102.073,45.0
63.442,0.0,63.442,225443.0,63.442,2.0,63.442,4.0,102.955,-2.844055,102.59,75.0,102.59,45.0
63.766,-5242.0,63.766,162529.0,63.766,-101.0,63.766,-43.0,103.42,-2.873549,103.065,90.0,103.065,30.0
64.003,-15728.0,64.003,136314.0,64.003,-15.0,64.003,-21.0,103.949,-2.905527,103.569,8834.0,103.569,3760.0
64.309,-31457.0,64.309,89128.0,64.309,17.0,64.309,116.0,104.436,-2.968584,104.089,8151.0,104.089,4448.0
64.596,15728.0,64.596,73400.0,64.596,30.0,64.596,146.0,104.974,-2.87041,104.595,4098.0,104.595,8220.0
65.244,-36700.0,65.244,115343.0,65.244,-29.0,65.244,159.0,105.409,-2.730528,105.081,5286.0,105.081,6744.0
65.533,-41943.0,65.533,115343.0,65.533,5.0,65.533,58.0,105.922,-2.555261,105.567,4756.0,105.567,7010.0
65.8,-36700.0,65.8,78643.0,65.8,23.0,65.8,31.0,106.407,-2.39571,106.055,5968.0,106.055,5984.0
66.093,5242.0,66.093,68157.0,66.093,2.0,66.093,33.0,106.95,-2.270195,106.576,5868.0,106.576,6187.0
66.407,-5242.0,66.407,31457.0,66.407,-25.0,66.407,77.0,107.399,-2.156008,107.047,5911.0,107.047,6299.0
66.748,-31457.0,66.748,26214.0,66.748,43.0,66.748,106.0,107.945,-2.070868,107.55,6845.0,107.55,5103.0
66.997,-5242.0,66.997,36700.0,66.997,4.0,66.997,143.0,108.423,-1.989919,108.091,6904.0,108.091,4909.0
67.293,10485.0,67.293,62914.0,67.293,17.0,67.293,150.0,108.928,-1.939409,108.567,7023.0,108.567,4875.0
67.642,-10485.0,67.642,47185.0,67.642,-28.0,67.642,75.0,109.406,-1.922955,109.043,7188.0,109.043,4701.0
67.864,-10485.0,67.864,41943.0,67.864,-35.0,67.864,26.0,109.941,-1.939652,109.567,7010.0,109.567,5026.0
68.233,-26214.0,68.233,68157.0,68.233,32.0,68.233,28.0,110.397,-1.960498,110.062,6733.0,110.062,5228.0
68.482,-10485.0,68.482,31457.0,68.482,28.0,68.482,22.0,110.951,-1.974552,110.54,6987.0,110.54,4874.0
68.789,-15728.0,68.789,15728.0,68.789,3.0,68.789,78.0,111.399,-1.976978,111.058,6914.0,111.058,4905.0
69.09,5242.0,69.09,15728.0,69.09,-8.0,69.09,98.0,111.942,-2.003882,111.578,7086.0,111.578,4761.0
69.401,-10485.0,69.401,68157.0,69.401,16.0,69.401,56.0,112.388,-2.059288,112.029,7461.0,112.029,4537.0
69.736,10485.0,69.736,57671.0,69.736,-27.0,69.736,80.0,112.892,-2.095833,112.544,6704.0,112.544,5344.0
69.985,-15728.0,69.985,57671.0,69.985,60.0,69.985,9.0,113.395,-2.110389,113.056,6769.0,113.056,5070.0
70.282,-10485.0,70.282,47185.0,70.282,-20.0,70.282,-19.0,113.927,-2.130193,113.558,6626.0,113.558,5191.0
70.586,0.0,70.586,52428.0,70.586,11.0,70.586,21.0,114.409,-2.146109,114.059,6402.0,114.059,5449.0
70.892,10485.0,70.892,0.0,70.892,33.0,70.892,25.0,114.898,-2.142791,114.547,6136.0,114.547,5690.0
71.209,0.0,71.209,31457.0,71.209,11.0,71.209,55.0,115.383,-2.161479,115.062,7069.0,115.062,4707.0
71.476,10485.0,71.476,57671.0,71.476,10.0,71.476,49.0,115.898,-2.166604,115.543,6551.0,115.543,5437.0
71.817,-31457.0,71.817,57671.0,71.817,11.0,71.817,16.0,116.373,-2.151832,116.027,6474.0,116.027,5447.0
72.084,-5242.0,72.084,26214.0,72.084,-7.0,72.084,-17.0,116.914,-2.123462,116.534,6313.0,116.534,5582.0
72.719,5242.0,72.719,15728.0,72.719,-3.0,72.719,-4.0,117.399,-2.09615,117.039,6340.0,117.039,5443.0
72.971,-5242.0,72.971,5242.0,72.971,39.0,72.971,1.0,117.899,-2.052893,117.565,6170.0,117.565,5692.0
73.263,-5242.0,73.263,-10485.0,73.263,12.0,73.263,30.0,118.377,-1.99616,118.013,6303.0,118.013,5367.0
73.566,0.0,73.566,5242.0,73.566,2.0,73.566,25.0,118.914,-1.952006,118.561,6541.0,118.561,5098.0
73.906,-10485.0,73.906,31457.0,73.906,23.0,73.906,-6.0,119.38,-1.920595,119.031,6653.0,119.031,5114.0
74.181,-15728.0,74.181,47185.0,74.181,37.0,74.181,-7.0,119.873,-1.901902,119.513,6641.0,119.513,5200.0
74.47,0.0,74.47,41943.0,74.47,12.0,74.47,-50.0,120.373,-1.903202,120.035,6928.0,120.035,4855.0
74.767,-10485.0,74.767,31457.0,74.767,3.0,74.767,-14.0,120.877,-1.931853,120.535,6782.0,120.535,5036.0
75.064,10485.0,75.064,10485.0,75.064,37.0,75.064,-8.0,121.354,-1.946476,121.004,6297.0,121.004,5470.0
75.379,-5242.0,75.379,20971.0,75.379,35.0,75.379,-21.0,121.883,-1.960388,121.523,6369.0,121.523,5383.0
75.664,0.0,75.664,36700.0,75.664,-4.0,75.664,44.0,122.368,-1.98694,122.045,6881.0,122.045,4919.0
75.983,-15728.0,75.983,36700.0,75.983,8.0,75.983,-32.0,122.908,-2.019325,122.538,6771.0,122.538,5081.0
76.264,0.0,76.264,0.0,76.264,26.0,76.264,-41.0,123.353,-2.045723,122.997,6345.0,122.997,5394.0
76.557,-15728.0,76.557,26214.0,76.557,0.0,76.557,-19.0,123.877,-2.081544,123.516,6356.0,123.516,5344.0
76.88,0.0,76.88,-10485.0,76.88,45.0,76.88,-45.0,124.342,-2.111514,123.985,6244.0,123.985,5578.0
77.195,10485.0,77.195,5242.0,77.195,-43.0,77.195,-28.0,124.868,-2.116491,124.492,6112.0,124.492,5853.0
77.474,-5242.0,77.474,0.0,77.474,16.0,77.474,-12.0,125.359,-2.104415,125.014,6025.0,125.014,5740.0
77.755,15728.0,77.755,20971.0,77.755,14.0,77.755,10.0,125.886,-2.093725,125.518,6024.0,125.518,5728.0
78.061,-10485.0,78.061,10485.0,78.061,9.0,78.061,-22.0,126.334,-2.076376,126.014,6702.0,126.014,5171.0
78.324,0.0,78.324,20971.0,78.324,8.0,78.324,-52.0,126.839,-2.04705,126.543,6242.0,126.543,5534.0
78.68,-10485.0,78.68,-5242.0,78.68,28.0,78.68,-34.0,127.344,-2.023929,126.978,6371.0,126.978,5357.0
78.952,10485.0,78.952,10485.0,78.952,-5.0,78.952,-69.0,127.857,-2.022799,127.499,6680.0,127.499,5067.0
79.248,5242.0,79.248,-20971.0,79.248,19.0,79.248,-7.0,128.335,-2.02558,127.997,6376.0,127.997,5410.0
79.553,20971.0,79.553,0.0,79.553,-1.0,79.553,-29.0,128.867,-2.029421,128.474,6759.0,128.474,4983.0
79.87,5242.0,79.87,-5242.0,79.87,22.0,79.87,-19.0,129.338,-2.049236,129.026,6561.0,129.026,5270.0
80.204,20971.0,80.204,-10485.0,80.204,-7.0,80.204,-26.0,129.846,-2.058799,129.493,6559.0,129.493,5144.0
80.451,15728.0,80.451,15728.0,80.451,39.0,80.451,-52.0,130.333,-2.066509,129.967,6445.0,129.967,5338.0
80.745,5242.0,80.745,5242.0,80.745,4.0,80.745,-48.0,130.85,-2.077207,130.498,6656.0,130.498,5113.0
81.039,-5242.0,81.039,0.0,81.039,-3.0,81.039,-48.0,131.315,-2.112452,130.991,6869.0,130.991,4906.0
81.353,20971.0,81.353,20971.0,81.353,26.0,81.353,-60.0,131.859,-2.159081,131.461,6785.0,131.461,5032.0
81.67,5242.0,81.67,26214.0,81.67,-26.0,81.67,-55.0,132.328,-2.215476,131.98,6732.0,131.98,5115.0
81.945,5242.0,81.945,26214.0,81.945,42.0,81.945,-33.0,132.854,-2.26912,132.501,6792.0,132.501,5164.0
82.253,5242.0,82.253,15728.0,82.253,19.0,82.253,-34.0,133.321,-2.324132,132.987,6631.0,132.987,5165.0
82.539,20971.0,82.539,52428.0,82.539,-37.0,82.539,-57.0,133.826,-2.373584,133.462,6297.0,133.462,5504.0
82.846,15728.0,82.846,10485.0,82.846,36.0,82.846,-64.0,134.303,-2.417381,133.994,6721.0,133.994,5086.0
83.172,-10485.0,83.172,-10485.0,83.172,0.0,83.172,-50.0,134.846,-2.463629,134.452,6663.0,134.452,5179.0
83.44,5242.0,83.44,-10485.0,83.44,14.0,83.44,-60.0,135.296,-2.478879,134.95,6034.0,134.95,5782.0
83.736,-5242.0,83.736,-5242.0,83.736,-9.0,83.736,-14.0,135.833,-2.482516,135.471,6304.0,135.471,5461.0
84.032,10485.0,84.032,20971.0,84.032,-10.0,84.032,-44.0,136.344,-2.487548,135.983,6380.0,135.983,5406.0
84.361,10485.0,84.361,5242.0,84.361,8.0,84.361,-39.0,136.843,-2.48037,136.468,6199.0,136.468,5629.0
84.646,10485.0,84.646,-10485.0,84.646,-4.0,84.646,-37.0,137.294,-2.461431,136.958,6221.0,136.958,5561.0
84.923,0.0,84.923,15728.0,84.923,2.0,84.923,-45.0,137.833,-2.440952,137.441,6092.0,137.441,5692.0
85.226,20971.0,85.226,10485.0,85.226,-1.0,85.226,-62.0,138.284,-2.409495,137.966,6280.0,137.966,5518.0
85.524,5242.0,85.524,-5242.0,85.524,-9.0,85.524,-50.0,138.82,-2.361478,138.442,6114.0,138.442,5681.0
85.833,-5242.0,85.833,-5242.0,85.833,10.0,85.833,-37.0,139.286,-2.310121,138.93,6283.0,138.93,5478.0
86.15,-26214.0,86.15,-15728.0,86.15,-21.0,86.15,-26.0,139.837,-2.258566,139.481,6193.0,139.481,5566.0
86.46,5242.0,86.46,0.0,86.46,15.0,86.46,-21.0,140.282,-2.221924,139.959,6517.0,139.959,5217.0
86.729,36700.0,86.729,-5242.0,86.729,10.0,86.729,-54.0,140.839,-2.196727,140.43,6601.0,140.43,5187.0
87.027,26214.0,87.027,-5242.0,87.027,-16.0,87.027,-23.0,141.29,-2.192166,140.95,6914.0,140.95,4876.0
87.339,10485.0,87.339,5242.0,87.339,18.0,87.339,-53.0,141.81,-2.193113,141.449,7060.0,141.449,4763.0
87.665,0.0,87.665,5242.0,87.665,7.0,87.665,-51.0,142.284,-2.211944,141.923,6944.0,141.923,4851.0
87.924,15728.0,87.924,5242.0,87.924,2.0,87.924,-33.0,142.813,-2.236938,142.455,6930.0,142.455,4857.0
88.565,20971.0,88.565,0.0,88.565,4.0,88.565,-32.0,143.306,-2.280658,142.968,7063.0,142.968,4775.0
88.785,0.0,88.785,5242.0,88.785,23.0,88.785,-57.0,143.81,-2.330927,143.421,7053.0,143.421,4783.0
89.148,-10485.0,89.148,0.0,89.148,-53.0,89.148,-37.0,144.27,-2.382467,143.932,7015.0,143.932,4801.0
89.413,26214.0,89.413,20971.0,89.413,40.0,89.413,-61.0,144.791,-2.428699,144.438,6675.0,144.438,5136.0
89.685,52428.0,89.685,26214.0,89.685,-36.0,89.685,-35.0,145.3,-2.458126,144.907,6314.0,144.907,5571.0
90.018,0.0,90.018,10485.0,90.018,22.0,90.018,-27.0,145.792,-2.474504,145.414,6190.0,145.414,5670.0
90.324,-20971.0,90.324,-20971.0,90.324,-7.0,90.324,-35.0,146.263,-2.467166,145.947,6303.0,145.947,5522.0
90.654,-10485.0,90.654,-5242.0,90.654,18.0,90.654,-34.0,146.806,-2.435528,146.44,6040.0,146.44,5778.0
90.906,-10485.0,90.906,10485.0,90.906,-7.0,90.906,-46.0,147.273,-2.392857,146.929,6292.0,146.929,5540.0
91.207,26214.0,91.207,5242.0,91.207,9.0,91.207,-37.0,147.767,-2.355632,147.417,6569.0,147.417,5296.0
91.518,5242.0,91.518,5242.0,91.518,-14.0,91.518,-56.0,148.301,-2.314341,147.906,6546.0,147.906,5330.0
91.809,5242.0,91.809,26214.0,91.809,17.0,91.809,-69.0,148.783,-2.269103,148.431,6530.0,148.431,5243.0
92.149,-15728.0,92.149,10485.0,92.149,-9.0,92.149,-23.0,149.278,-2.221549,148.903,6554.0,148.903,5254.0
92.4,20971.0,92.4,20971.0,92.4,13.0,92.4,-43.0,149.811,-2.177307,149.399,6378.0,149.399,5464.0
92.725,5242.0,92.725,26214.0,92.725,-25.0,92.725,12.0,150.268,-2.144888,149.945,6983.0,149.945,4934.0
93.007,0.0,93.007,20971.0,93.007,-14.0,93.007,-63.0,150.762,-2.12952,150.417,6852.0,150.417,4977.0
93.269,-5242.0,93.269,-5242.0,93.269,-15.0,93.269,-19.0,151.242,-2.140234,150.883,7305.0,150.883,4580.0
93.623,-5242.0,93.623,-10485.0,93.623,-13.0,93.623,-36.0,151.771,-2.158853,151.411,6873.0,151.411,4900.0
93.896,26214.0,93.896,-5242.0,93.896,8.0,93.896,-57.0,152.238,-2.199518,151.916,7132.0,151.916,4720.0
94.187,10485.0,94.187,-15728.0,94.187,-18.0,94.187,-2.0,152.787,-2.251935,152.384,6992.0,152.384,4808.0
94.473,5242.0,94.473,-20971.0,94.473,-7.0,94.473,-42.0,153.243,-2.313026,152.905,6965.0,152.905,4905.0
94.82,26214.0,94.82,15728.0,94.82,14.0,94.82,-17.0,153.785,-2.366987,153.425,6877.0,153.425,4917.0
95.109,-47185.0,95.109,10485.0,95.109,-23.0,95.109,-7.0,154.233,-2.410024,153.875,6555.0,153.875,5185.0
95.396,-5242.0,95.396,15728.0,95.396,-4.0,95.396,-40.0,154.744,-2.454317,154.393,6445.0,154.393,5440.0
95.689,5242.0,95.689,5242.0,95.689,13.0,95.689,-35.0,155.227,-2.504147,154.904,6888.0,154.904,4941.0
96.016,0.0,96.016,-10485.0,96.016,-5.0,96.016,-21.0,155.778,-2.527052,155.377,5923.0,155.377,5889.0
96.293,10485.0,96.293,10485.0,96.293,-20.0,96.293,-17.0,156.241,-2.541044,155.894,6521.0,155.894,5190.0
96.583,20971.0,96.583,-5242.0,96.583,-8.0,96.583,-32.0,156.752,-2.526953,156.396,5977.0,156.396,5874.0
96.903,-10485.0,96.903,-5242.0,96.903,2.0,96.903,-15.0,157.263,-2.481268,156.909,5841.0,156.909,5933.0
97.179,10485.0,97.179,0.0,97.179,0.0,97.179,-27.0,157.761,-2.414465,157.39,5870.0,157.39,5916.0
97.484,26214.0,97.484,-26214.0,97.484,-25.0,97.484,-10.0,158.217,-2.333032,157.876,5808.0,157.876,6008.0
97.793,5242.0,97.793,-15728.0,97.793,-20.0,97.793,-34.0,158.768,-2.270647,158.365,6737.0,158.365,5089.0
98.107,0.0,98.107,5242.0,98.107,-5.0,98.107,-27.0,159.213,-2.221872,158.904,6593.0,158.904,5152.0
98.385,5242.0,98.385,-10485.0,98.385,-19.0,98.385,-9.0,159.74,-2.189066,159.395,6810.0,159.395,4935.0
98.677,5242.0,98.677,0.0,98.677,-18.0,98.677,-9.0,160.203,-2.179271,159.853,7036.0,159.853,4788.0
99.028,-15728.0,99.028,-26214.0,99.028,-6.0,99.028,-8.0,160.758,-2.218995,160.409,7413.0,160.409,4307.0
99.279,26214.0,99.279,10485.0,99.279,-15.0,99.279,-22.0,161.205,-2.277124,160.883,7148.0,160.883,4833.0
99.601,-31457.0,99.601,10485.0,99.601,-19.0,99.601,-15.0,161.717,-2.363074,161.356,7457.0,161.356,4352.0
99.875,10485.0,99.875,-5242.0,99.875,3.0,99.875,-24.0,162.202,-2.436763,161.88,6609.0,161.88,5289.0
100.176,5242.0,100.176,-20971.0,100.176,-40.0,100.176,-19.0,162.741,-2.507676,162.373,7184.0,162.373,4689.0
100.469,15728.0,100.469,-10485.0,100.469,11.0,100.469,-23.0,163.2,-2.574337,162.841,6580.0,162.841,5291.0
100.783,5242.0,100.783,0.0,100.783,-22.0,100.783,12.0,163.737,-2.627675,163.371,6309.0,163.371,5423.0
101.124,15728.0,101.124,-5242.0,101.124,-17.0,101.124,-28.0,164.214,-2.672589,163.886,6598.0,163.886,5216.0
101.369,-5242.0,101.369,0.0,101.369,7.0,101.369,10.0,164.731,-2.682976,164.344,6243.0,164.344,5730.0
101.666,0.0,101.666,15728.0,101.666,-6.0,101.666,-37.0,165.194,-2.65865,164.855,5824.0,164.855,6014.0
101.968,-15728.0,101.968,-10485.0,101.968,-21.0,101.968,17.0,165.717,-2.615152,165.371,5828.0,165.371,5910.0
102.28,-5242.0,102.28,10485.0,102.28,-9.0,102.28,-8.0,166.186,-2.555164,165.831,5843.0,165.831,5957.0
102.59,-5242.0,102.59,15728.0,102.59,-20.0,102.59,4.0,166.714,-2.491828,166.337,6499.0,166.337,5262.0
102.871,-10485.0,102.871,-10485.0,102.871,-27.0,102.871,-11.0,167.183,-2.427216,166.854,6114.0,166.854,5617.0
103.182,15728.0,103.182,-10485.0,103.182,20.0,103.182,14.0,167.731,-2.388789,167.365,7026.0,167.365,4707.0
103.459,15728.0,103.459,-15728.0,103.459,-4.0,103.459,13.0,168.175,-2.356748,167.849,6638.0,167.849,5144.0
103.77,5242.0,103.77,5242.0,103.77,-889.0,103.77,-88.0,168.685,-2.34831,168.384,7384.0,168.384,4423.0
104.09,20971.0,104.09,0.0,104.09,-224.0,104.09,77.0,169.224,-2.373186,168.849,7111.0,168.849,4752.0
104.329,-94371.0,104.329,5242.0,104.329,-417.0,104.329,450.0,169.703,-2.424261,169.349,7373.0,169.349,4418.0
104.662,-110100.0,104.662,-73400.0,104.662,-146.0,104.662,295.0,170.189,-2.500217,169.842,7402.0,169.842,4444.0
104.974,-141557.0,104.974,-94371.0,104.974,-57.0,104.974,11.0,170.711,-2.587873,170.32,7153.0,170.32,4714.0
105.302,-173014.0,105.302,-115343.0,105.302,-3.0,105.302,170.0,171.183,-2.690097,170.86,7358.0,170.86,4455.0
105.568,-209715.0,105.568,-115343.0,105.568,16.0,105.568,141.0,171.686,-2.7914,171.351,6660.0,171.351,5206.0
105.852,-115343.0,105.852,-146800.0,105.852,145.0,105.852,138.0,172.162,-2.857512,171.829,6280.0,171.829,5674.0
106.155,-83886.0,106.155,-146800.0,106.155,155.0,106.155,-172.0,172.691,-2.898834,172.333,6392.0,172.333,5500.0
106.449,-104857.0,106.449,-125829.0,106.449,1.0,106.449,58.0,173.172,-2.927503,172.839,6405.0,172.839,5476.0
106.721,-78643.0,106.721,-94371.0,106.721,125.0,106.721,216.0,173.702,-2.919922,173.3,5683.0,173.3,6110.0
107.047,-78643.0,107.047,-94371.0,107.047,-67.0,107.047,64.0,174.158,-2.89853,173.837,6202.0,173.837,5671.0
107.385,-57671.0,107.385,-178257.0,107.385,175.0,107.385,-327.0,174.699,-2.844869,174.345,5570.0,174.345,6102.0
107.651,-99614.0,107.651,-183500.0,107.651,466.0,107.651,-440.0,175.149,-2.786603,174.802,6268.0,174.802,5497.0
107.946,-57671.0,107.946,-220200.0,107.946,284.0,107.946,-198.0,175.694,-2.732951,175.305,6429.0,175.305,5394.0
108.252,-15728.0,108.252,-188743.0,108.252,218.0,108.252,159.0,176.15,-2.684655,175.82,6395.0,175.82,5474.0
108.568,-47185.0,108.568,-199229.0,108.568,204.0,108.568,189.0,176.706,-2.650295,176.298,6800.0,176.298,5094.0
108.845,-36700.0,108.845,-199229.0,108.845,284.0,108.845,79.0,177.159,-2.627683,176.826,6505.0,176.826,5022.0
109.133,-52428.0,109.133,-173014.0,109.133,352.0,109.133,128.0,177.664,-2.62792,177.316,7303.0,177.316,4601.0
109.497,-41943.0,109.497,-162529.0,109.497,41.0,109.497,186.0,178.186,-2.65128,177.833,7187.0,177.833,4716.0
109.708,-47185.0,109.708,-178257.0,109.708,-125.0,109.708,206.0,178.67,-2.694005,178.328,7183.0,178.328,4618.0
110.062,-62914.0,110.062,-178257.0,110.062,-56.0,110.062,86.0,179.14,-2.749018,178.842,7045.0,178.842,4817.0
110.34,-41943.0,110.34,-204472.0,110.34,-40.0,110.34,439.0,179.687,-2.819199,179.288,7392.0,179.288,4420.0
110.632,-62914.0,110.632,-209715.0,110.632,51.0,110.632,26.0,180.136,-2.90818,179.805,7173.0,179.805,4748.0
110.951,-52428.0,110.951,-220200.0,110.951,-29.0,110.951,52.0,180.661,-2.993628,180.275,6973.0,180.275,4767.0
111.204,-47185.0,111.204,-220200.0,111.204,-182.0,111.204,-24.0,181.14,-3.069127,180.782,6666.0,180.782,5216.0
111.579,-36700.0,111.579,-214957.0,111.579,36.0,111.579,66.0,181.681,-3.126162,181.32,6437.0,181.32,5394.0
111.824,-47185.0,111.824,-188743.0,111.824,-72.0,111.824,-51.0,182.149,3.119803,181.806,6139.0,181.806,5644.0
112.128,-5242.0,112.128,-178257.0,112.128,-37.0,112.128,-44.0,182.635,3.08832,182.277,6556.0,182.277,5446.0
112.427,-52428.0,112.427,-157286.0,112.427,-144.0,112.427,44.0,183.141,3.070972,182.804,6084.0,182.804,5802.0
112.744,-83886.0,112.744,-152043.0,112.744,-202.0,112.744,4.0,183.653,3.068228,183.294,6633.0,183.294,5188.0
113.057,-57671.0,113.057,-214957.0,113.057,-93.0,113.057,-46.0,184.134,3.05823,183.77,6482.0,183.77,5335.0
113.295,-89128.0,113.295,-225443.0,113.295,-334.0,113.295,-55.0,184.648,3.050455,184.29,6579.0,184.29,5313.0
113.638,-62914.0,113.638,-225443.0,113.638,-330.0,113.638,-5.0,185.133,3.040982,184.826,6521.0,184.826,5327.0
113.928,-83886.0,113.928,-199229.0,113.928,48.0,113.928,51.0,185.667,3.032543,185.26,6651.0,185.26,5106.0
114.235,-89128.0,114.235,-178257.0,114.235,-184.0,114.235,-109.0,186.116,3.013898,185.773,6636.0,185.773,5137.0
114.548,-104857.0,114.548,-199229.0,114.548,-179.0,114.548,40.0,186.646,2.987101,186.292,6787.0,186.292,5155.0
114.818,-99614.0,114.818,-173014.0,114.818,-5.0,114.818,-124.0,187.119,2.958838,186.754,6694.0,186.754,5119.0
115.116,-36700.0,115.116,-235929.0,115.116,73.0,115.116,-72.0,187.641,2.933402,187.251,6837.0,187.251,4874.0
115.418,-62914.0,115.418,-162529.0,115.418,44.0,115.418,31.0,188.102,2.895664,187.795,6765.0,187.795,5131.0
115.745,-120586.0,115.745,-225443.0,115.745,72.0,115.745,80.0,188.659,2.867269,188.286,6452.0,188.286,5447.0
116.028,-73400.0,116.028,-178257.0,116.028,-48.0,116.028,18.0,189.145,2.848278,188.782,6553.0,188.782,5300.0
116.285,-131071.0,116.285,-204472.0,116.285,-141.0,116.285,-46.0,189.609,2.838244,189.746,6439.0,189.746,5435.0
116.618,-115343.0,116.618,-178257.0,116.618,-137.0,116.618,238.0,190.101,2.831521,190.269,6526.0,190.269,5341.0
116.916,-94371.0,116.916,-220200.0,116.916,-31.0,116.916,-38.0,190.654,2.826901,190.751,6414.0,190.751,5452.0
117.22,-83886.0,117.22,-183500.0,117.22,-206.0,117.22,-17.0,191.114,2.821916,191.266,7010.0,191.266,4842.0
117.566,-99614.0,117.566,-193986.0,117.566,-1.0,117.566,-122.0,191.639,2.812818,191.79,6439.0,191.79,5417.0
117.821,-120586.0,117.821,-230686.0,117.821,-11.0,117.821,115.0,192.11,2.800819,192.277,6481.0,192.277,5348.0
118.099,-99614.0,118.099,-246415.0,118.099,243.0,118.099,-238.0,192.612,2.791113,192.732,6783.0,192.732,5042.0
118.402,-83886.0,118.402,-267386.0,118.402,0.0,118.402,-218.0,193.089,2.772364,193.222,6381.0,193.222,5454.0
118.718,-68157.0,118.718,-230686.0,118.718,176.0,118.718,-131.0,193.62,2.768705,193.756,6620.0,193.756,5213.0
119.031,-62914.0,119.031,-230686.0,119.031,-29.0,119.031,-76.0,194.085,2.764116,194.229,6458.0,194.229,5438.0
119.308,-57671.0,119.308,-235929.0,119.308,-42.0,119.308,68.0,194.642,2.759424,194.76,6747.0,194.76,5038.0
119.599,-47185.0,119.599,-193986.0,119.599,-139.0,119.599,121.0,195.1,2.73639,195.271,6641.0,195.271,5251.0
119.926,-41943.0,119.926,-241172.0,119.926,314.0,119.926,-330.0,195.644,2.717329,195.722,6484.0,195.722,5317.0
120.2,5242.0,120.2,-225443.0,120.2,-32.0,120.2,193.0,196.087,2.693625,196.227,6676.0,196.227,5184.0
120.536,-52428.0,120.536,-220200.0,120.536,-241.0,120.536,57.0,196.587,2.672247,196.753,6731.0,196.753,5198.0
120.797,-31457.0,120.797,-220200.0,120.797,-32.0,120.797,-101.0,197.094,2.646404,197.221,6848.0,197.221,4994.0
121.103,-94371.0,121.103,-225443.0,121.103,180.0,121.103,-168.0,197.625,2.609581,197.713,6607.0,197.713,5229.0
121.395,-83886.0,121.395,-220200.0,121.395,-109.0,121.395,-211.0,198.088,2.579717,198.239,6615.0,198.239,5241.0
121.703,-57671.0,121.703,-241172.0,121.703,116.0,121.703,-67.0,198.593,2.559518,198.758,6702.0,198.758,5158.0
122.047,-41943.0,122.047,-220200.0,122.047,-149.0,122.047,-320.0,199.116,2.530646,199.236,6151.0,199.236,5651.0
122.262,-83886.0,122.262,-225443.0,122.262,-27.0,122.262,-345.0,199.598,2.509216,199.766,6488.0,199.766,5421.0
122.585,-62914.0,122.585,-251658.0,122.585,-245.0,122.585,-82.0,200.065,2.482518,200.21,6545.0,200.21,5374.0
122.91,-83886.0,122.91,-225443.0,122.91,-261.0,122.91,-78.0,200.621,2.470674,200.736,6446.0,200.736,5427.0
123.16,-36700.0,123.16,-251658.0,123.16,-106.0,123.16,-143.0,201.076,2.459532,201.199,6131.0,201.199,5675.0
123.517,-89128.0,123.517,-241172.0,123.517,-185.0,123.517,-249.0,201.603,2.460723,201.704,6390.0,201.704,5405.0
123.788,-41943.0,123.788,-209715.0,123.788,-113.0,123.788,-71.0,202.056,2.458252,202.213,6360.0,202.213,5366.0
124.103,-94371.0,124.103,-209715.0,124.103,-123.0,124.103,126.0,202.612,2.460372,202.729,6426.0,202.729,5375.0
124.383,-78643.0,124.383,-146800.0,124.383,-157.0,124.383,40.0,203.054,2.467803,203.198,6706.0,203.198,5119.0
124.653,-141557.0,124.653,-235929.0,124.653,109.0,124.653,-11.0,203.605,2.465295,203.724,6721.0,203.724,5093.0
125.015,-104857.0,125.015,-199229.0,125.015,-145.0,125.015,48.0,204.063,2.452787,204.235,6629.0,204.235,5314.0
125.287,-73400.0,125.287,-220200.0,125.287,88.0,125.287,-311.0,204.581,2.443905,204.689,6821.0,204.689,4972.0
125.55,-99614.0,125.55,-220200.0,125.55,-132.0,125.55,45.0,205.052,2.433141,205.213,6413.0,205.213,5310.0
125.887,-52428.0,125.887,-188743.0,125.887,46.0,125.887,-169.0,206.052,2.400988,206.191,6486.0,206.191,5356.0
126.207,-99614.0,126.207,-204472.0,126.207,-16.0,126.207,-151.0,206.586,2.390696,206.693,6849.0,206.693,5023.0
126.544,-99614.0,126.544,-220200.0,126.544,34.0,126.544,-188.0,207.048,2.369962,207.222,6724.0,207.222,5172.0
126.774,-89128.0,126.774,-199229.0,126.774,-10.0,126.774,-44.0,207.57,2.347722,207.677,6828.0,207.677,5019.0
127.072,-99614.0,127.072,-246415.0,127.072,-9.0,127.072,-135.0,208.052,2.320207,208.185,6728.0,208.185,5079.0
127.345,-68157.0,127.345,-225443.0,127.345,-45.0,127.345,-138.0,208.577,2.281005,208.74,6577.0,208.74,5348.0
127.687,-68157.0,127.687,-246415.0,127.687,110.0,127.687,-30.0,209.033,2.241149,209.209,6820.0,209.209,5033.0
127.997,-89128.0,127.997,-204472.0,127.997,7.0,127.997,-251.0,209.578,2.199416,209.705,6285.0,209.705,5554.0
128.305,-115343.0,128.305,-241172.0,128.305,-193.0,128.305,-62.0,210.029,2.160272,210.184,6154.0,210.184,5650.0
128.571,-62914.0,128.571,-225443.0,128.571,-177.0,128.571,49.0,210.588,2.140809,210.696,6380.0,210.696,5513.0
128.868,-73400.0,128.868,-188743.0,128.868,125.0,128.868,-207.0,211.025,2.129634,211.192,5933.0,211.192,5902.0
129.137,-94371.0,129.137,-235929.0,129.137,-32.0,129.137,-265.0,211.542,2.130461,211.69,6536.0,211.69,5314.0
129.494,-89128.0,129.494,-241172.0,129.494,-95.0,129.494,-190.0,212.038,2.125137,212.175,6452.0,212.175,5304.0
129.766,-78643.0,129.766,-214957.0,129.766,48.0,129.766,83.0,212.572,2.125314,212.703,6548.0,212.703,5315.0
130.061,-94371.0,130.061,-220200.0,130.061,52.0,130.061,-144.0,213.072,2.133493,213.184,6393.0,213.184,5371.0
130.427,-83886.0,130.427,-241172.0,130.427,6.0,130.427,3.0,213.539,2.13579,213.665,6348.0,213.665,5470.0
130.671,-104857.0,130.671,-241172.0,130.671,105.0,130.671,-45.0,214.014,2.14053,214.182,6761.0,214.182,5097.0
130.992,-68157.0,130.992,-204472.0,130.992,-124.0,130.992,-205.0,214.551,2.132954,214.682,6523.0,214.682,5276.0
131.257,-83886.0,131.257,-214957.0,131.257,-109.0,131.257,-66.0,215.011,2.124033,215.16,6495.0,215.16,5315.0
131.562,-89128.0,131.562,-204472.0,131.562,-96.0,131.562,167.0,215.549,2.119822,215.678,6690.0,215.678,5124.0
131.86,-89128.0,131.86,-193986.0,131.86,-106.0,131.86,102.0,216.007,2.111405,216.191,6744.0,216.191,4972.0
132.162,-89128.0,132.162,-173014.0,132.162,-190.0,132.162,157.0,216.547,2.089655,216.648,6666.0,216.648,5195.0
132.502,-89128.0,132.502,-162529.0,132.502,-88.0,132.502,-150.0,217.007,2.066199,217.157,6705.0,217.157,5162.0
132.751,-120586.0,132.751,-204472.0,132.751,-374.0,132.751,-77.0,217.595,2.048326,217.671,6906.0,217.671,4961.0
133.049,-120586.0,133.049,-193986.0,133.049,-374.0,133.049,-111.0,218.537,1.991353,218.132,6736.0,218.132,5087.0
133.348,-146800.0,133.348,-173014.0,133.348,-128.0,133.348,-191.0,219.004,1.967447,218.673,6302.0,218.673,5541.0
133.621,-157286.0,133.621,-178257.0,133.621,-343.0,133.621,-132.0,219.514,1.952038,219.204,6355.0,219.204,5384.0
133.995,-115343.0,133.995,-188743.0,133.995,-345.0,133.995,-111.0,220.032,1.933612,219.679,6616.0,219.679,5282.0
134.273,-120586.0,134.273,-173014.0,134.273,-125.0,134.273,-322.0,220.511,1.915623,220.179,6368.0,220.179,5452.0
134.578,-125829.0,134.578,-188743.0,134.578,-224.0,134.578,-20.0,221.002,1.91118,220.683,6320.0,220.683,5576.0
134.847,-157286.0,134.847,-152043.0,134.847,-152.0,134.847,29.0,221.534,1.916092,221.133,6352.0,221.133,5433.0
135.154,-157286.0,135.154,-152043.0,135.154,-241.0,135.154,-126.0,221.977,1.926315,221.678,6208.0,221.678,5537.0
135.472,-162529.0,135.472,-193986.0,135.472,-110.0,135.472,-197.0,222.512,1.941166,222.149,6483.0,222.149,5283.0
135.712,-152043.0,135.712,-188743.0,135.712,32.0,135.712,-223.0,222.979,1.957647,222.654,6536.0,222.654,5237.0
136.04,-141557.0,136.04,-178257.0,136.04,-207.0,136.04,-69.0,223.532,1.990622,223.609,6472.0,223.609,5266.0
136.345,-136314.0,136.345,-157286.0,136.345,-206.0,136.345,-88.0,223.97,2.002622,224.124,6793.0,224.124,5042.0
136.664,-162529.0,136.664,-183500.0,136.664,-67.0,136.664,-84.0,224.489,1.99938,224.643,6450.0,224.643,5388.0
136.959,-146800.0,136.959,-173014.0,136.959,3.0,136.959,-194.0,224.988,1.99538,225.141,6926.0,225.141,4982.0
137.235,-120586.0,137.235,-167772.0,137.235,-136.0,137.235,-66.0,225.499,1.982959,225.624,6782.0,225.624,5045.0
137.54,-178257.0,137.54,-193986.0,137.54,-45.0,137.54,61.0,225.981,1.973053,226.119,7044.0,226.119,4709.0
137.834,-131071.0,137.834,-167772.0,137.834,-101.0,137.834,-154.0,226.499,1.935142,226.661,6754.0,226.661,5062.0
138.16,-131071.0,138.16,-167772.0,138.16,-171.0,138.16,-223.0,226.986,1.893685,227.112,6854.0,227.112,5020.0
138.443,-167772.0,138.443,-193986.0,138.443,-71.0,138.443,-283.0,227.512,1.857262,227.615,6927.0,227.615,4925.0
138.742,-162529.0,138.742,-162529.0,138.742,-204.0,138.742,-113.0,227.957,1.81818,228.13,6889.0,228.13,5012.0
139.028,-152043.0,139.028,-204472.0,139.028,-80.0,139.028,-269.0,228.49,1.775916,228.6,6288.0,228.6,5566.0
139.328,-146800.0,139.328,-188743.0,139.328,-6.0,139.328,-160.0,229.01,1.738611,229.099,6272.0,229.099,5626.0
139.64,-110100.0,139.64,-204472.0,139.64,-29.0,139.64,-166.0,229.523,1.721007,229.633,6095.0,229.633,5772.0
139.96,-141557.0,139.96,-225443.0,139.96,303.0,139.96,-323.0,229.969,1.721223,230.14,6405.0,230.14,5420.0
140.225,-115343.0,140.225,-199229.0,140.225,20.0,140.225,-127.0,230.506,1.718358,230.602,6445.0,230.602,5380.0
140.525,-125829.0,140.525,-204472.0,140.525,-89.0,140.525,-70.0,230.963,1.713933,231.113,6119.0,231.113,5748.0
140.841,-99614.0,140.841,-214957.0,140.841,51.0,140.841,-49.0,231.458,1.737597,231.59,6384.0,231.59,5528.0
141.094,-99614.0,141.094,-204472.0,141.094,-170.0,141.094,-164.0,231.955,1.766137,232.123,6300.0,232.123,5554.0
141.451,-99614.0,141.451,-225443.0,141.451,-45.0,141.451,-55.0,232.47,1.799049,232.629,6319.0,232.629,5492.0
141.713,-110100.0,141.713,-214957.0,141.713,-122.0,141.713,-123.0,232.962,1.831733,233.09,6332.0,233.09,5522.0
142.015,-94371.0,142.015,-193986.0,142.015,40.0,142.015,23.0,233.485,1.863127,233.648,6511.0,233.648,5308.0
142.327,-110100.0,142.327,-209715.0,142.327,-12.0,142.327,-224.0,233.993,1.883248,234.129,6645.0,234.129,5205.0
142.623,-120586.0,142.623,-193986.0,142.623,-213.0,142.623,-166.0,234.459,1.892936,234.579,6808.0,234.579,4965.0
142.969,-83886.0,142.969,-188743.0,142.969,-92.0,142.969,-297.0,234.939,1.888613,235.112,7100.0,235.112,4711.0
143.213,-115343.0,143.213,-193986.0,143.213,-83.0,143.213,11.0,235.455,1.863205,235.609,7151.0,235.609,4660.0
143.519,-89128.0,143.519,-193986.0,143.519,-148.0,143.519,-1.0,235.949,1.823213,236.082,6535.0,236.082,5368.0
143.812,-131071.0,143.812,-199229.0,143.812,-204.0,143.812,-77.0,236.472,1.79498,236.607,6620.0,236.607,5277.0
144.126,-83886.0,144.126,-178257.0,144.126,-355.0,144.126,-214.0,236.945,1.774912,237.117,6867.0,237.117,4990.0
144.439,-120586.0,144.439,-188743.0,144.439,-214.0,144.439,-20.0,237.479,1.740145,237.605,6358.0,237.605,5473.0
144.712,-110100.0,144.712,-157286.0,144.712,-182.0,144.712,-210.0,237.924,1.704271,238.082,6930.0,238.082,4927.0
145.027,-152043.0,145.027,-183500.0,145.027,-78.0,145.027,-146.0,238.441,1.666698,238.591,6761.0,238.591,5176.0
145.301,-120586.0,145.301,-162529.0,145.301,-59.0,145.301,-48.0,238.92,1.630786,239.069,6421.0,239.069,5409.0
145.576,-152043.0,145.576,-167772.0,145.576,-278.0,145.576,71.0,239.464,1.600831,239.585,6388.0,239.585,5524.0
145.948,-136314.0,145.948,-173014.0,145.948,15.0,145.948,-101.0,239.912,1.58778,240.101,6078.0,240.101,5738.0
146.203,-146800.0,146.203,-162529.0,146.203,-145.0,146.203,116.0,240.452,1.594719,240.604,5936.0,240.604,5922.0
146.498,-162529.0,146.498,-178257.0,146.498,-115.0,146.498,-212.0,240.931,1.623987,241.081,5805.0,241.081,6072.0
146.807,-146800.0,146.807,-173014.0,146.807,82.0,146.807,-14.0,241.444,1.672366,241.575,6113.0,241.575,5692.0
147.126,-125829.0,147.126,-173014.0,147.126,67.0,147.126,-55.0,241.912,1.733535,242.058,6063.0,242.058,5745.0
147.419,-115343.0,147.419,-188743.0,147.419,240.0,147.419,-107.0,242.454,1.7965,242.579,6566.0,242.579,5185.0
147.701,-120586.0,147.701,-162529.0,147.701,-1.0,147.701,-89.0,242.904,1.840697,243.05,6745.0,243.05,5062.0
147.993,-131071.0,147.993,-199229.0,147.993,272.0,147.993,17.0,243.434,1.864343,243.545,6983.0,243.545,4783.0
148.302,-131071.0,148.302,-199229.0,148.302,171.0,148.302,6.0,243.896,1.867395,244.101,6808.0,244.101,5074.0
148.604,-131071.0,148.604,-183500.0,148.604,-22.0,148.604,-54.0,244.457,1.85889,244.568,7062.0,244.568,4679.0
148.904,-125829.0,148.904,-209715.0,148.904,198.0,148.904,23.0,244.912,1.829754,245.046,7133.0,245.046,4673.0
149.218,-115343.0,149.218,-183500.0,149.218,47.0,149.218,122.0,245.408,1.781565,245.57,6947.0,245.57,4867.0
149.498,-120586.0,149.498,-193986.0,149.498,-110.0,149.498,120.0,245.894,1.726026,246.064,7171.0,246.064,4771.0
149.812,-89128.0,149.812,-162529.0,149.812,22.0,149.812,235.0,246.422,1.654049,246.535,6574.0,246.535,5344.0
150.095,-104857.0,150.095,-235929.0,150.095,113.0,150.095,217.0,246.935,1.586994,247.061,6806.0,247.061,5078.0
150.419,-78643.0,150.419,-188743.0,150.419,239.0,150.419,56.0,247.413,1.518248,247.578,6474.0,247.578,5380.0
150.685,-83886.0,150.685,-183500.0,150.685,103.0,150.685,-36.0,247.901,1.475108,248.036,6281.0,248.036,5529.0
150.987,-73400.0,150.987,-225443.0,150.987,187.0,150.987,83.0,248.444,1.454996,248.538,6242.0,248.538,5622.0
151.338,-99614.0,151.338,-214957.0,151.338,-135.0,151.338,58.0,248.893,1.434746,249.055,6034.0,249.055,5872.0
151.556,-78643.0,151.556,-204472.0,151.556,-84.0,151.556,173.0,249.411,1.437233,249.559,6014.0,249.559,5791.0
151.917,-73400.0,151.917,-193986.0,151.917,-10.0,151.917,126.0,249.879,1.463485,250.038,6404.0,250.038,5483.0
152.18,-99614.0,152.18,-214957.0,152.18,32.0,152.18,154.0,250.408,1.493004,250.554,6438.0,250.554,5424.0
152.481,-94371.0,152.481,-167772.0,152.481,25.0,152.481,269.0,250.876,1.514103,251.057,6044.0,251.057,5753.0
152.788,-94371.0,152.788,-193986.0,152.788,-54.0,152.788,49.0,251.417,1.545142,251.553,6604.0,251.553,5273.0
153.085,-89128.0,153.085,-173014.0,153.085,-89.0,153.085,-28.0,251.873,1.559719,252.03,6762.0,252.03,5066.0
153.429,-141557.0,153.429,-157286.0,153.429,-33.0,153.429,107.0,252.378,1.55698,252.512,6562.0,252.512,5218.0
153.68,-141557.0,153.68,-209715.0,153.68,-114.0,153.68,266.0,252.872,1.557546,253.04,6837.0,253.04,5064.0
153.975,-104857.0,153.975,-183500.0,153.975,-22.0,153.975,358.0,253.404,1.554264,253.536,6750.0,253.536,5100.0
154.273,-125829.0,154.273,-167772.0,154.273,-46.0,154.273,137.0,253.873,1.537533,254.015,6625.0,254.015,5157.0
154.59,-125829.0,154.59,-157286.0,154.59,73.0,154.59,206.0,254.41,1.523534,254.561,6805.0,254.561,5096.0
154.905,-120586.0,154.905,-173014.0,154.905,153.0,154.905,144.0,254.877,1.497566,255.032,6801.0,255.032,5117.0
155.163,-162529.0,155.163,-157286.0,155.163,25.0,155.163,-16.0,255.383,1.466951,255.507,6652.0,255.507,5219.0
155.498,-146800.0,155.498,-188743.0,155.498,-115.0,155.498,264.0,255.857,1.442749,256.04,6629.0,256.04,5222.0
155.78,-141557.0,155.78,-214957.0,155.78,-158.0,155.78,395.0,256.397,1.415944,256.534,6443.0,256.534,5408.0
156.089,-157286.0,156.089,-157286.0,156.089,-67.0,156.089,143.0,256.853,1.40242,256.998,6240.0,256.998,5520.0
156.397,-162529.0,156.397,-183500.0,156.397,-38.0,156.397,205.0,257.41,1.395386,257.53,6612.0,257.53,5197.0
156.663,-167772.0,156.663,-173014.0,156.663,48.0,156.663,94.0,257.861,1.385819,258.041,6531.0,258.041,5320.0
156.964,-146800.0,156.964,-146800.0,156.964,-45.0,156.964,139.0,258.399,1.375394,258.491,6311.0,258.491,5480.0
157.264,-162529.0,157.264,-173014.0,157.264,-52.0,157.264,84.0,258.846,1.38268,258.992,6697.0,258.992,5121.0
157.596,-141557.0,157.596,-146800.0,157.596,41.0,157.596,104.0,259.36,1.376916,259.516,6115.0,259.516,5662.0
157.877,-152043.0,157.877,-173014.0,157.877,79.0,157.877,113.0,259.864,1.379124,259.992,6231.0,259.992,5628.0
158.158,-99614.0,158.158,-199229.0,158.158,62.0,158.158,92.0,260.384,1.386527,260.494,7084.0,260.494,4747.0
158.464,-136314.0,158.464,-199229.0,158.464,-17.0,158.464,28.0,260.858,1.377989,261.009,6438.0,261.009,5396.0
158.769,-120586.0,158.769,-214957.0,158.769,104.0,158.769,100.0,261.356,1.382385,261.524,6448.0,261.524,5435.0
159.07,-110100.0,159.07,-188743.0,159.07,182.0,159.07,251.0,261.879,1.393604,262.008,6509.0,262.008,5367.0
159.396,-115343.0,159.396,-193986.0,159.396,69.0,159.396,200.0,262.358,1.415182,262.527,6373.0,262.527,5474.0
159.664,-89128.0,159.664,-204472.0,159.664,69.0,159.664,326.0,262.832,1.439502,263.006,6752.0,263.006,5101.0
159.954,-94371.0,159.954,-230686.0,159.954,248.0,159.954,258.0,263.369,1.441693,263.507,6449.0,263.507,5451.0
160.246,-78643.0,160.246,-241172.0,160.246,105.0,160.246,228.0,263.828,1.451019,263.97,6417.0,263.97,5464.0
160.567,-57671.0,160.567,-204472.0,160.567,306.0,160.567,335.0,264.345,1.4673,264.47,6819.0,264.47,5066.0
160.884,-68157.0,160.884,-167772.0,160.884,379.0,160.884,423.0,264.824,1.475269,265.022,6637.0,265.022,5210.0
161.121,-83886.0,161.121,-209715.0,161.121,80.0,161.121,342.0,265.372,1.472865,265.498,6870.0,265.498,5054.0
161.46,-99614.0,161.46,-199229.0,161.46,166.0,161.46,371.0,265.821,1.456844,265.967,6830.0,265.967,5035.0
161.774,-131071.0,161.774,-157286.0,161.774,26.0,161.774,252.0,266.376,1.432135,266.496,6765.0,266.496,5083.0
162.057,-104857.0,162.057,-146800.0,162.057,261.0,162.057,311.0,266.834,1.394753,266.989,6810.0,266.989,5067.0
162.375,-120586.0,162.375,-157286.0,162.375,195.0,162.375,347.0,267.343,1.352172,267.458,6376.0,267.458,5492.0
162.642,-141557.0,162.642,-157286.0,162.642,78.0,162.642,242.0,267.816,1.32129,267.985,6528.0,267.985,5254.0
162.941,-157286.0,162.941,-188743.0,162.941,116.0,162.941,397.0,268.347,1.282949,268.51,6202.0,268.51,5719.0
163.24,-178257.0,163.24,-173014.0,163.24,111.0,163.24,471.0,268.84,1.26035,268.98,6235.0,268.98,5616.0
163.553,-115343.0,163.553,-141557.0,163.553,87.0,163.553,417.0,269.347,1.255265,269.47,6008.0,269.47,5767.0
163.888,-167772.0,163.888,-157286.0,163.888,-165.0,163.888,208.0,269.802,1.271724,269.976,5694.0,269.976,6047.0
164.136,-136314.0,164.136,-120586.0,164.136,-30.0,164.136,193.0,270.323,1.318884,270.454,5892.0,270.454,5840.0
164.444,-183500.0,164.444,-120586.0,164.444,114.0,164.444,303.0,270.816,1.373473,270.951,6106.0,270.951,5661.0
164.732,-173014.0,164.732,-136314.0,164.732,-1.0,164.732,364.0,271.341,1.432502,271.469,6220.0,271.469,5595.0
165.005,-167772.0,165.005,-157286.0,165.005,96.0,165.005,51.0,271.799,1.481801,271.979,6248.0,271.979,5571.0
165.373,-167772.0,165.373,-141557.0,165.373,53.0,165.373,337.0,272.34,1.530431,272.468,6550.0,272.468,5273.0
165.635,-173014.0,165.635,-152043.0,165.635,74.0,165.635,51.0,272.812,1.566476,272.953,6734.0,272.953,5063.0
165.951,-146800.0,165.951,-146800.0,165.951,135.0,165.951,243.0,273.307,1.586951,273.437,6848.0,273.437,5017.0
166.228,-146800.0,166.228,-193986.0,166.228,38.0,166.228,135.0,273.795,1.591736,273.96,6815.0,273.96,5040.0
166.54,-178257.0,166.54,-157286.0,166.54,175.0,166.54,24.0,274.319,1.5861,274.467,7325.0,274.467,4521.0
166.855,-173014.0,166.855,-178257.0,166.855,298.0,166.855,34.0,274.788,1.558852,274.935,7072.0,274.935,4831.0
167.125,-157286.0,167.125,-209715.0,167.125,275.0,167.125,189.0,275.335,1.516289,275.478,7338.0,275.478,4517.0
167.421,-157286.0,167.421,-199229.0,167.421,350.0,167.421,119.0,275.798,1.459724,275.954,6900.0,275.954,4969.0
167.732,-146800.0,167.732,-183500.0,167.732,217.0,167.732,231.0,276.304,1.405122,276.428,6753.0,276.428,5120.0
168.072,-141557.0,168.072,-167772.0,168.072,244.0,168.072,-39.0,276.782,1.346998,276.95,6652.0,276.95,5268.0
168.386,-104857.0,168.386,-204472.0,168.386,170.0,168.386,124.0,277.308,1.302245,277.456,6076.0,277.456,5751.0
168.62,-125829.0,168.62,-173014.0,168.62,221.0,168.62,289.0,277.781,1.282526,277.924,6036.0,277.924,5789.0
168.921,-152043.0,168.921,-188743.0,168.921,259.0,168.921,143.0,278.326,1.283506,278.452,6373.0,278.452,5505.0
169.224,-125829.0,169.224,-193986.0,169.224,15.0,169.224,-64.0,278.791,1.287506,278.964,6041.0,278.964,5798.0
169.532,-146800.0,169.532,-178257.0,169.532,-106.0,169.532,208.0,279.315,1.303305,279.448,6208.0,279.448,5634.0
169.843,-125829.0,169.843,-178257.0,169.843,135.0,169.843,218.0,279.782,1.334677,279.926,6179.0,279.926,5691.0
170.145,-115343.0,170.145,-162529.0,170.145,74.0,170.145,172.0,280.289,1.376627,280.443,6359.0,280.443,5449.0
170.416,-136314.0,170.416,-136314.0,170.416,23.0,170.416,314.0,280.776,1.42553,280.913,6254.0,280.913,5584.0
170.712,-146800.0,170.712,-173014.0,170.712,-141.0,170.712,357.0,281.306,1.474786,281.442,6695.0,281.442,5145.0
171.023,-120586.0,171.023,-141557.0,171.023,93.0,171.023,232.0,281.792,1.50897,281.949,6934.0,281.949,4877.0
171.353,-178257.0,171.353,-125829.0,171.353,-178.0,171.353,357.0,282.288,1.515958,282.441,7031.0,282.441,4843.0
171.619,-167772.0,171.619,-89128.0,171.619,-67.0,171.619,358.0,282.771,1.508244,282.928,7085.0,282.928,4848.0
171.908,-214957.0,171.908,-104857.0,171.908,-183.0,171.908,141.0,283.293,1.487661,283.42,6573.0,283.42,5299.0
172.273,-167772.0,172.273,-104857.0,172.273,64.0,172.273,-4.0,283.757,1.466369,283.903,6943.0,283.903,4873.0
172.479,-178257.0,172.479,-136314.0,172.479,28.0,172.479,233.0,284.302,1.428062,284.427,6816.0,284.427,5053.0
172.84,-178257.0,172.84,-110100.0,172.84,78.0,172.84,456.0,284.783,1.378608,284.891,6524.0,284.891,5284.0
173.116,-204472.0,173.116,-78643.0,173.116,14.0,173.116,366.0,285.297,1.33441,285.392,6899.0,285.392,4973.0
173.411,-162529.0,173.411,-99614.0,173.411,8.0,173.411,-58.0,285.796,1.290229,285.944,6342.0,285.944,5516.0
173.702,-183500.0,173.702,-104857.0,173.702,38.0,173.702,200.0,286.304,1.255626,286.418,6657.0,286.418,5235.0
174.017,-199229.0,174.017,-104857.0,174.017,-68.0,174.017,283.0,286.739,1.23224,286.886,6272.0,286.886,5603.0
174.347,-256900.0,174.347,-94371.0,174.347,-19.0,174.347,109.0,287.258,1.220471,287.412,6275.0,287.412,5573.0
174.598,-193986.0,174.598,-125829.0,174.598,-130.0,174.598,-9.0,287.754,1.225806,287.908,6289.0,287.908,5535.0
174.897,-204472.0,174.897,-115343.0,174.897,-63.0,174.897,67.0,288.262,1.2406,288.396,6693.0,288.396,5188.0
175.191,-183500.0,175.191,-125829.0,175.191,48.0,175.191,-23.0,288.738,1.246498,288.905,6012.0,288.905,5920.0
175.471,-199229.0,175.471,-125829.0,175.471,-11.0,175.471,-152.0,289.269,1.27125,289.426,6397.0,289.426,5416.0
175.821,-178257.0,175.821,-115343.0,175.821,16.0,175.821,104.0,289.75,1.288446,289.901,6676.0,289.901,5106.0
176.09,-199229.0,176.09,-131071.0,176.09,-20.0,176.09,-93.0,290.274,1.292272,290.391,6284.0,290.391,5580.0
176.411,-220200.0,176.411,-152043.0,176.411,171.0,176.411,-67.0,290.74,1.304383,290.898,6362.0,290.898,5426.0
176.707,-241172.0,176.707,-167772.0,176.707,-74.0,176.707,-282.0,291.25,1.31489,291.396,6764.0,291.396,5171.0
177.005,-178257.0,177.005,-152043.0,177.005,241.0,177.005,-270.0,291.727,1.321602,291.875,6658.0,291.875,5208.0
177.317,-125829.0,177.317,-146800.0,177.317,210.0,177.317,-64.0,292.265,1.32943,292.401,6663.0,292.401,5203.0
177.588,-146800.0,177.588,-136314.0,177.588,64.0,177.588,121.0,292.736,1.331059,292.909,6509.0,292.909,5266.0
177.889,-167772.0,177.889,-125829.0,177.889,-210.0,177.889,-118.0,293.281,1.329976,293.394,6826.0,293.394,5034.0
178.186,-178257.0,178.186,-157286.0,178.186,-152.0,178.186,95.0,293.721,1.319363,293.877,6669.0,293.877,5102.0
178.516,-183500.0,178.516,-136314.0,178.516,-20.0,178.516,48.0,294.236,1.3117,294.356,6060.0,294.356,5870.0
178.843,-173014.0,178.843,-125829.0,178.843,-172.0,178.843,120.0,294.721,1.32669,294.892,6913.0,294.892,4855.0
179.084,-152043.0,179.084,-110100.0,179.084,-31.0,179.084,-20.0,295.25,1.315319,295.381,6501.0,295.381,5350.0
179.389,-183500.0,179.389,-125829.0,179.389,80.0,179.389,-13.0,295.728,1.295372,295.858,6831.0,295.858,4965.0
179.688,-162529.0,179.688,-110100.0,179.688,-12.0,179.688,51.0,296.254,1.256106,296.398,6786.0,296.398,5137.0
179.998,-209715.0,179.998,-125829.0,179.998,-215.0,179.998,202.0,296.728,1.209034,296.876,6617.0,296.876,5278.0
180.276,-220200.0,180.276,-115343.0,180.276,83.0,180.276,-15.0,297.232,1.16901,297.35,6273.0,297.35,5583.0
180.591,-204472.0,180.591,-89128.0,180.591,96.0,180.591,-31.0,297.702,1.141356,297.873,6542.0,297.873,5264.0
180.878,-209715.0,180.878,-78643.0,180.878,-189.0,180.878,243.0,298.245,1.114245,298.371,6334.0,298.371,5594.0
181.178,-214957.0,181.178,-57671.0,181.178,68.0,181.178,100.0,298.725,1.09027,298.85,6022.0,298.85,5868.0
181.483,-241172.0,181.483,-62914.0,181.483,-178.0,181.483,-153.0,299.245,1.085354,299.376,6371.0,299.376,5487.0
181.807,-230686.0,181.807,-36700.0,181.807,-166.0,181.807,-35.0,299.719,1.096454,299.888,6623.0,299.888,5158.0
182.046,-173014.0,182.046,-41943.0,182.046,-203.0,182.046,-150.0,300.252,1.108851,300.337,6281.0,300.337,5612.0
182.372,-230686.0,182.372,-57671.0,182.372,175.0,182.372,-221.0,300.701,1.12748,300.852,5979.0,300.852,5832.0
182.726,-204472.0,182.726,-10485.0,182.726,113.0,182.726,-71.0,301.208,1.152825,301.376,6371.0,301.376,5470.0
182.972,-220200.0,182.972,-10485.0,182.972,55.0,182.972,-172.0,301.691,1.176151,301.836,6393.0,301.836,5476.0
183.295,-225443.0,183.295,-47185.0,183.295,-89.0,183.295,62.0,302.238,1.203027,302.339,6288.0,302.339,5521.0
183.561,-220200.0,183.561,-41943.0,183.561,148.0,183.561,119.0,302.699,1.233927,302.854,6073.0,302.854,5738.0
183.87,-209715.0,183.87,-26214.0,183.87,11.0,183.87,202.0,303.216,1.269848,303.372,6183.0,303.372,5573.0
184.162,-209715.0,184.162,-26214.0,184.162,-107.0,184.162,-241.0,303.703,1.30338,303.849,6512.0,303.849,5230.0
184.436,-241172.0,184.436,-20971.0,184.436,-191.0,184.436,15.0,304.214,1.327155,304.344,6743.0,304.344,5088.0
184.828,-209715.0,184.828,-10485.0,184.828,-111.0,184.828,-147.0,304.681,1.338121,304.825,6601.0,304.825,5248.0
185.057,-241172.0,185.057,-5242.0,185.057,-69.0,185.057,-17.0,305.229,1.350993,305.343,6737.0,305.343,5101.0
185.348,-267386.0,185.348,-15728.0,185.348,-50.0,185.348,6.0,305.673,1.35762,305.823,6725.0,305.823,5154.0
185.667,-225443.0,185.667,-5242.0,185.667,-9.0,185.667,17.0,306.21,1.36262,306.321,7011.0,306.321,4906.0
185.968,-188743.0,185.968,-10485.0,185.968,-28.0,185.968,-4.0,306.676,1.364159,306.859,6891.0,306.859,4956.0
186.292,-199229.0,186.292,-5242.0,186.292,-85.0,186.292,213.0,307.223,1.355861,307.344,6552.0,307.344,5283.0
186.529,-214957.0,186.529,-15728.0,186.529,-68.0,186.529,51.0,307.668,1.346763,307.827,7016.0,307.827,4755.0
186.87,-256900.0,186.87,5242.0,186.87,-159.0,186.87,86.0,308.186,1.320198,308.341,6498.0,308.341,5344.0
187.159,-262143.0,187.159,5242.0,187.159,-36.0,187.159,332.0,308.678,1.296862,308.836,6644.0,308.836,5301.0
187.463,-225443.0,187.463,-5242.0,187.463,-209.0,187.463,27.0,309.197,1.277309,309.309,6733.0,309.309,5151.0
187.796,-199229.0,187.796,0.0,187.796,-163.0,187.796,-158.0,309.663,1.256889,309.83,6550.0,309.83,5284.0
188.041,-193986.0,188.041,5242.0,188.041,-76.0,188.041,8.0,310.204,1.234678,310.349,6558.0,310.349,5279.0
188.344,-199229.0,188.344,10485.0,188.344,15.0,188.344,46.0,310.686,1.215646,310.808,6516.0,310.808,5375.0
188.66,-220200.0,188.66,15728.0,188.66,-8.0,188.66,77.0,311.21,1.201256,311.322,6424.0,311.322,5490.0
188.985,-204472.0,188.985,20971.0,188.985,87.0,188.985,93.0,311.668,1.188656,311.842,6420.0,311.842,5436.0
189.31,-209715.0,189.31,26214.0,189.31,116.0,189.31,93.0,312.198,1.180737,312.297,5965.0,312.297,5841.0
189.54,-230686.0,189.54,36700.0,189.54,87.0,189.54,-69.0,312.654,1.179844,312.804,6618.0,312.804,5359.0
189.842,-204472.0,189.842,31457.0,189.842,80.0,189.842,62.0,313.183,1.174458,313.322,6478.0,313.322,5376.0
190.115,-214957.0,190.115,31457.0,190.115,-13.0,190.115,-2.0,313.648,1.178369,313.827,6078.0,313.827,5753.0
190.466,-225443.0,190.466,26214.0,190.466,139.0,190.466,21.0,314.196,1.209758,314.324,6294.0,314.324,5504.0
190.752,-204472.0,190.752,41943.0,190.752,-9.0,190.752,-203.0,314.645,1.237999,314.846,6739.0,314.846,5119.0
191.076,-235929.0,191.076,36700.0,191.076,-105.0,191.076,-288.0,315.16,1.240744,315.288,6865.0,315.288,4937.0
191.336,-183500.0,191.336,5242.0,191.336,-161.0,191.336,-367.0,315.644,1.228363,315.787,6442.0,315.787,5401.0
191.639,-214957.0,191.639,47185.0,191.639,-64.0,191.639,35.0,316.171,1.223441,316.313,6479.0,316.313,5413.0
191.951,-220200.0,191.951,41943.0,191.951,-1.0,191.951,-244.0,316.649,1.221926,316.785,6303.0,316.785,5501.0
192.278,-214957.0,192.278,47185.0,192.278,185.0,192.278,-193.0,317.176,1.214577,317.339,6979.0,317.339,4922.0
192.535,-204472.0,192.535,26214.0,192.535,-52.0,192.535,-160.0,317.65,1.193089,317.801,6784.0,317.801,4987.0
192.835,-230686.0,192.835,36700.0,192.835,-52.0,192.835,-214.0,318.168,1.163234,318.268,6944.0,318.268,4868.0
193.181,-193986.0,193.181,62914.0,193.181,159.0,193.181,-167.0,318.632,1.125414,318.801,6386.0,318.801,5558.0
193.402,-214957.0,193.402,57671.0,193.402,96.0,193.402,-91.0,319.158,1.102769,319.3,6357.0,319.3,5403.0
193.757,-214957.0,193.757,52428.0,193.757,-50.0,193.757,-26.0,319.627,1.089855,319.774,6552.0,319.774,5290.0
194.027,-204472.0,194.027,57671.0,194.027,95.0,194.027,-99.0,320.177,1.07001,320.311,6524.0,320.311,5328.0
194.326,-183500.0,194.326,57671.0,194.326,177.0,194.326,-35.0,320.649,1.058924,320.814,6235.0,320.814,5655.0
194.642,-225443.0,194.642,52428.0,194.642,19.0,194.642,-61.0,321.173,1.061923,321.262,6217.0,321.262,5545.0
194.931,-199229.0,194.931,52428.0,194.931,-104.0,194.931,-104.0,321.613,1.075673,321.768,6414.0,321.768,5362.0
195.272,-199229.0,195.272,57671.0,195.272,21.0,195.272,-240.0,322.128,1.094894,322.282,5971.0,322.282,5851.0
195.526,-220200.0,195.526,47185.0,195.526,-31.0,195.526,-106.0,322.608,1.129384,322.762,6571.0,322.762,5124.0
195.795,-220200.0,195.795,78643.0,195.795,26.0,195.795,-176.0,323.153,1.152131,323.288,6215.0,323.288,5639.0
196.127,-199229.0,196.127,62914.0,196.127,-70.0,196.127,-35.0,323.639,1.155932,323.78,6508.0,323.78,5285.0
196.437,-199229.0,196.437,68157.0,196.437,1.0,196.437,-44.0,324.129,1.162556,324.283,6829.0,324.283,5031.0
196.754,-178257.0,196.754,57671.0,196.754,77.0,196.754,-241.0,324.669,1.16097,324.779,6645.0,324.779,5145.0
197.025,-220200.0,197.025,62914.0,197.025,17.0,197.025,-58.0,325.146,1.164408,325.26,6580.0,325.26,5367.0
197.33,-188743.0,197.33,57671.0,197.33,-142.0,197.33,162.0,325.602,1.173323,325.749,6518.0,325.749,5227.0
197.626,-214957.0,197.626,89128.0,197.626,146.0,197.626,-64.0,326.152,1.178179,326.277,6562.0,326.277,5297.0
197.913,-193986.0,197.913,94371.0,197.913,-69.0,197.913,-225.0,326.617,1.202201,326.74,6946.0,326.74,4864.0
198.239,-199229.0,198.239,89128.0,198.239,-12.0,198.239,-72.0,327.118,1.212949,327.273,6709.0,327.273,5101.0
198.511,-220200.0,198.511,94371.0,198.511,36.0,198.511,-431.0,327.595,1.216483,327.793,6598.0,327.793,5251.0
198.814,-183500.0,198.814,78643.0,198.814,-51.0,198.814,-240.0,328.148,1.23447,328.269,6919.0,328.269,4907.0
199.116,-204472.0,199.116,99614.0,199.116,132.0,199.116,-129.0,328.593,1.237496,328.738,6641.0,328.738,5155.0
199.436,-178257.0,199.436,89128.0,199.436,221.0,199.436,-149.0,329.141,1.234678,329.255,6811.0,329.255,5120.0
199.766,-178257.0,199.766,99614.0,199.766,-30.0,199.766,-283.0,329.604,1.222728,329.759,6809.0,329.759,5086.0
200.007,-173014.0,200.007,99614.0,200.007,-65.0,200.007,-77.0,330.108,1.202742,330.235,6653.0,330.235,5174.0
200.304,-173014.0,200.304,94371.0,200.304,-137.0,200.304,-96.0,330.579,1.183498,330.763,6637.0,330.763,5210.0
200.622,-188743.0,200.622,110100.0,200.622,-98.0,200.622,-155.0,331.124,1.157763,331.271,6443.0,331.271,5452.0
200.907,-209715.0,200.907,120586.0,200.907,-19.0,200.907,-268.0,331.598,1.125148,331.729,6733.0,331.729,5109.0
201.2,-162529.0,201.2,115343.0,201.2,-111.0,201.2,-124.0,332.119,1.078319,332.236,7002.0,332.236,4822.0
201.52,-209715.0,201.52,115343.0,201.52,-2.0,201.52,-302.0,332.578,1.034457,332.745,6769.0,332.745,5143.0
201.804,-193986.0,201.804,115343.0,201.804,-139.0,201.804,-251.0,333.106,0.979748,333.222,6509.0,333.222,5401.0
202.086,-220200.0,202.086,136314.0,202.086,-2.0,202.086,-15.0,333.572,0.943376,333.729,5926.0,333.729,5961.0
202.415,-199229.0,202.415,110100.0,202.415,-55.0,202.415,57.0,334.095,0.929007,334.25,6061.0,334.25,5820.0
202.73,-199229.0,202.73,120586.0,202.73,82.0,202.73,25.0,334.568,0.943486,334.721,5843.0,334.721,5965.0
202.993,-199229.0,202.993,110100.0,202.993,-71.0,202.993,-208.0,335.123,0.982416,335.242,5778.0,335.242,6035.0
203.292,-188743.0,203.292,94371.0,203.292,-143.0,203.292,-129.0,335.565,1.029361,335.738,6061.0,335.738,5762.0
203.609,-199229.0,203.609,104857.0,203.609,-3.0,203.609,-119.0,336.068,1.078617,336.205,5909.0,336.205,5776.0
203.902,-162529.0,203.902,94371.0,203.902,16.0,203.902,10.0,336.564,1.126182,336.733,5759.0,336.733,6014.0
204.236,-188743.0,204.236,120586.0,204.236,66.0,204.236,-11.0,337.088,1.17498,337.235,6249.0,337.235,5552.0
204.485,-183500.0,204.485,110100.0,204.485,16.0,204.485,-199.0,337.577,1.227365,337.706,6295.0,337.706,5416.0
204.786,-225443.0,204.786,120586.0,204.786,-216.0,204.786,-105.0,338.109,1.2681,338.246,6804.0,338.246,5038.0
205.091,-214957.0,205.091,136314.0,205.091,-187.0,205.091,-5.0,338.58,1.292078,338.736,7092.0,338.736,4719.0
205.396,-209715.0,205.396,131071.0,205.396,-42.0,205.396,-173.0,339.07,1.293478,339.194,7070.0,339.194,4787.0
205.758,-193986.0,205.758,136314.0,205.758,10.0,205.758,-134.0,339.544,1.274968,339.73,6784.0,339.73,5082.0
205.985,-178257.0,205.985,131071.0,205.985,-223.0,205.985,-155.0,340.079,1.240785,340.233,6923.0,340.233,4968.0
206.276,-167772.0,206.276,115343.0,206.276,-185.0,206.276,-123.0,340.585,1.202877,340.703,6593.0,340.703,5319.0
206.588,-173014.0,206.588,115343.0,206.588,-136.0,206.588,-209.0,341.084,1.164002,341.218,6584.0,341.218,5239.0
206.89,-167772.0,206.89,115343.0,206.89,-15.0,206.89,50.0,341.539,1.124945,341.75,6423.0,341.75,5446.0
207.222,-178257.0,207.222,131071.0,207.222,-42.0,207.222,147.0,342.091,1.085887,342.19,6654.0,342.19,5116.0
207.485,-188743.0,207.485,136314.0,207.485,48.0,207.485,-252.0,342.534,1.034681,342.692,6625.0,342.692,5197.0
207.795,-162529.0,207.795,110100.0,207.795,-128.0,207.795,68.0,343.052,0.99171,343.214,6095.0,343.214,5889.0
208.053,-183500.0,208.053,136314.0,208.053,-10.0,208.053,4.0,343.536,0.966911,343.684,5515.0,343.684,6271.0
208.387,-157286.0,208.387,131071.0,208.387,-18.0,208.387,-278.0,344.078,0.971608,344.187,6421.0,344.187,5409.0
208.741,-136314.0,208.741,125829.0,208.741,-52.0,208.741,35.0,344.541,0.979157,344.703,6476.0,344.703,5453.0
208.973,-173014.0,208.973,131071.0,208.973,-1.0,208.973,-32.0,345.048,0.993433,345.206,6547.0,345.206,5304.0
209.267,-162529.0,209.267,146800.0,209.267,3.0,209.267,158.0,345.534,1.014149,345.709,6306.0,345.709,5492.0
209.579,-183500.0,209.579,141557.0,209.579,-71.0,209.579,-129.0,346.04,1.039477,346.228,6471.0,346.228,5271.0
209.908,-146800.0,209.908,178257.0,209.908,225.0,209.908,-122.0,346.525,1.057062,346.696,6304.0,346.696,5589.0
210.186,-141557.0,210.186,141557.0,210.186,126.0,210.186,-51.0,347.065,1.094603,347.2,6073.0,347.2,5705.0
210.476,-131071.0,210.476,152043.0,210.476,7.0,210.476,122.0,347.537,1.141616,347.667,6453.0,347.667,5434.0
210.769,-146800.0,210.769,162529.0,210.769,65.0,210.769,-28.0,348.048,1.175381,348.197,6817.0,348.197,5023.0
211.065,-125829.0,211.065,178257.0,211.065,74.0,211.065,-50.0,348.523,1.189723,348.708,6324.0,348.708,5485.0
211.335,-152043.0,211.335,152043.0,211.335,31.0,211.335,84.0,349.065,1.201944,349.191,6656.0,349.191,5177.0
211.69,-157286.0,211.69,162529.0,211.69,271.0,211.69,-130.0,349.531,1.208923,349.661,6870.0,349.661,5004.0
212.011,-167772.0,212.011,178257.0,212.011,185.0,212.011,-118.0,350.022,1.207301,350.19,6999.0,350.19,4775.0
212.266,-131071.0,212.266,173014.0,212.266,194.0,212.266,74.0,350.538,1.193099,350.692,7031.0,350.692,4893.0
212.573,-141557.0,212.573,162529.0,212.573,-10.0,212.573,-215.0,351.027,1.175272,351.156,6621.0,351.156,5208.0
212.868,-157286.0,212.868,183500.0,212.868,53.0,212.868,-10.0,351.501,1.147614,351.686,6547.0,351.686,5314.0
213.186,-131071.0,213.186,162529.0,213.186,143.0,213.186,86.0,352.044,1.121472,352.194,6745.0,352.194,5201.0
213.461,-152043.0,213.461,162529.0,213.461,32.0,213.461,-23.0,352.517,1.099593,352.65,6648.0,352.65,5278.0
213.754,-141557.0,213.754,183500.0,213.754,190.0,213.754,104.0,353.039,1.072677,353.155,6624.0,353.155,5392.0
214.104,-152043.0,214.104,152043.0,214.104,150.0,214.104,122.0,353.508,1.050872,353.669,6642.0,353.669,5234.0
214.324,-146800.0,214.324,183500.0,214.324,118.0,214.324,-23.0,354.026,1.032201,354.139,6657.0,354.139,5190.0
214.683,-136314.0,214.683,173014.0,214.683,45.0,214.683,-82.0,354.503,1.012599,354.642,6109.0,354.642,5721.0
214.952,-141557.0,214.952,178257.0,214.952,120.0,214.952,-80.0,355.022,1.012542,355.168,5812.0,355.168,6044.0
215.245,-136314.0,215.245,173014.0,215.245,69.0,215.245,-44.0,355.491,1.034917,355.682,6419.0,355.682,5342.0
215.55,-152043.0,215.55,173014.0,215.55,164.0,215.55,22.0,356.038,1.053924,356.166,5818.0,356.166,5977.0
215.854,-162529.0,215.854,188743.0,215.854,278.0,215.854,-72.0,356.498,1.093483,356.648,6113.0,356.648,5752.0
216.193,-125829.0,216.193,157286.0,216.193,244.0,216.193,-91.0,357.034,1.138142,357.127,5965.0,357.127,5853.0
216.446,-125829.0,216.446,167772.0,216.446,159.0,216.446,30.0,357.484,1.193304,357.657,6287.0,357.657,5423.0
216.743,-141557.0,216.743,183500.0,216.743,264.0,216.743,-174.0,358.004,1.234038,358.124,6565.0,358.124,5273.0
217.044,-131071.0,217.044,167772.0,217.044,66.0,217.044,6.0,358.48,1.263085,358.627,6490.0,358.627,5363.0
217.352,-131071.0,217.352,162529.0,217.352,295.0,217.352,-66.0,359.017,1.294931,359.173,6742.0,359.173,5176.0
217.672,-146800.0,217.672,178257.0,217.672,352.0,217.672,-207.0,359.492,1.311984,359.679,6480.0,359.679,5262.0
217.913,-136314.0,217.913,178257.0,217.913,151.0,217.913,-159.0,359.997,1.327028,360.121,6702.0,360.121,5181.0
218.259,-125829.0,218.259,173014.0,218.259,118.0,218.259,-20.0,360.471,1.336678,360.644,6306.0,360.644,5419.0
218.539,-125829.0,218.539,178257.0,218.539,218.0,218.539,-211.0,360.985,1.347846,361.145,6290.0,361.145,5521.0
218.874,-110100.0,218.874,199229.0,218.874,81.0,218.874,-147.0,361.469,1.363869,361.614,6376.0,361.614,5505.0
219.205,-120586.0,219.205,214957.0,219.205,17.0,219.205,-86.0,362.009,1.376276,362.139,6273.0,362.139,5570.0
219.436,-110100.0,219.436,173014.0,219.436,-73.0,219.436,-74.0,362.485,1.388413,362.591,6360.0,362.591,5378.0
219.732,-104857.0,219.732,178257.0,219.732,-117.0,219.732,-30.0,363.007,1.405605,363.144,6333.0,363.144,5464.0
220.033,-104857.0,220.033,199229.0,220.033,-42.0,220.033,-104.0,363.473,1.431722,363.621,6136.0,363.621,5857.0
220.365,-94371.0,220.365,188743.0,220.365,-86.0,220.365,200.0,364.012,1.48096,364.137,5774.0,364.137,6061.0
220.683,-99614.0,220.683,188743.0,220.683,-110.0,220.683,21.0,364.47,1.551676,364.605,5756.0,364.605,6082.0
220.928,-104857.0,220.928,209715.0,220.928,-68.0,220.928,95.0,365.006,1.641301,365.124,5756.0,365.124,6060.0
221.226,-99614.0,221.226,199229.0,221.226,-30.0,221.226,-88.0,365.473,1.757123,365.637,5531.0,365.637,6170.0
221.536,-99614.0,221.536,225443.0,221.536,233.0,221.536,1.0,365.993,1.877926,366.154,5426.0,366.154,6374.0
221.835,-83886.0,221.835,220200.0,221.835,220.0,221.835,-112.0,366.462,2.012784,366.629,5328.0,366.629,6303.0
222.15,-115343.0,222.15,209715.0,222.15,-86.0,222.15,-8.0,366.968,2.169077,367.104,4883.0,367.104,6859.0
222.443,-115343.0,222.443,209715.0,222.443,-64.0,222.443,-115.0,367.445,2.358243,367.594,5310.0,367.594,6416.0
222.725,-78643.0,222.725,214957.0,222.725,-180.0,222.725,-103.0,367.994,2.556745,368.113,5366.0,368.113,6279.0
223.021,-78643.0,223.021,235929.0,223.021,-75.0,223.021,-42.0,368.448,2.751512,369.088,6194.0,369.088,5619.0
223.333,-104857.0,223.333,220200.0,223.333,-148.0,223.333,-244.0,368.951,2.924624,369.573,6695.0,369.573,5081.0
223.891,-115343.0,223.891,188743.0,223.891,-105.0,223.891,-209.0,369.435,3.059748,370.117,6800.0,370.117,5232.0
224.218,-94371.0,224.218,188743.0,224.218,-75.0,224.218,-407.0,369.981,-3.122244,370.584,6833.0,370.584,5070.0
224.542,-89128.0,224.542,204472.0,224.542,32.0,224.542,-39.0,370.436,-3.065075,371.103,7262.0,371.103,4518.0
224.824,-104857.0,224.824,178257.0,224.824,-34.0,224.824,20.0,370.949,-3.044148,371.601,7194.0,371.601,4637.0
225.143,-104857.0,225.143,173014.0,225.143,-149.0,225.143,152.0,371.45,-3.056617,372.079,6948.0,372.079,5129.0
225.406,-104857.0,225.406,199229.0,225.406,59.0,225.406,-137.0,371.948,-3.08776,372.6,7099.0,372.6,4834.0
225.71,-83886.0,225.71,188743.0,225.71,3.0,225.71,76.0,372.44,-3.121224,373.118,6619.0,373.118,5240.0
226.017,-131071.0,226.017,204472.0,226.017,-93.0,226.017,22.0,372.956,3.128057,373.567,6513.0,373.567,5350.0
226.281,-104857.0,226.281,167772.0,226.281,-150.0,226.281,90.0,373.444,3.09784,374.081,6281.0,374.081,5526.0
226.663,-99614.0,226.663,199229.0,226.663,145.0,226.663,244.0,373.978,3.082565,374.59,6117.0,374.59,5572.0
226.905,-94371.0,226.905,188743.0,226.905,-116.0,226.905,-36.0,374.418,3.083565,375.062,6160.0,375.062,5710.0
227.211,-94371.0,227.211,193986.0,227.211,58.0,227.211,-72.0,374.949,3.087772,375.567,5775.0,375.567,6042.0
227.513,-99614.0,227.513,193986.0,227.513,-151.0,227.513,101.0,375.429,3.103935,376.101,6158.0,376.101,5659.0
227.776,-68157.0,227.776,178257.0,227.776,33.0,227.776,64.0,375.948,-3.135634,376.596,6175.0,376.596,5612.0
228.132,-89128.0,228.132,183500.0,228.132,-127.0,228.132,-148.0,376.437,-3.077646,377.083,6290.0,377.083,5485.0
228.408,-52428.0,228.408,209715.0,228.408,-23.0,228.408,-3.0,376.965,-3.014239,377.569,6461.0,377.569,5259.0
228.717,-73400.0,228.717,209715.0,228.717,101.0,228.717,-47.0,377.408,-2.958415,378.054,6424.0,378.054,5288.0
229.011,-47185.0,229.011,199229.0,229.011,24.0,229.011,46.0,377.938,-2.907795,378.576,7025.0,378.576,4827.0
229.3,-62914.0,229.3,199229.0,229.3,-46.0,229.3,-124.0,378.407,-2.855524,379.046,7198.0,379.046,4676.0
229.634,-36700.0,229.634,204472.0,229.634,227.0,229.634,-7.0,378.955,-2.826877,379.551,6847.0,379.551,5080.0
229.895,-62914.0,229.895,214957.0,229.895,-98.0,229.895,80.0,379.398,-2.831515,380.09,6692.0,380.09,5110.0
230.201,-83886.0,230.201,204472.0,230.201,14.0,230.201,37.0,379.944,-2.847387,380.568,6309.0,380.568,5485.0
230.507,-62914.0,230.507,214957.0,230.507,-59.0,230.507,-35.0,380.445,-2.868498,381.045,6543.0,381.045,5299.0
230.84,-47185.0,230.84,220200.0,230.84,-18.0,230.84,-42.0,380.945,-2.882262,381.565,6880.0,381.565,4916.0
231.115,-36700.0,231.115,209715.0,231.115,-101.0,231.115,-149.0,381.399,-2.897309,382.065,6501.0,382.065,5377.0
231.39,-52428.0,231.39,193986.0,231.39,-227.0,231.39,-117.0,381.936,-2.917337,382.531,6443.0,382.531,5370.0
231.693,-36700.0,231.693,209715.0,231.693,-102.0,231.693,-28.0,382.395,-2.924385,383.061,6634.0,383.061,5109.0
231.996,-52428.0,231.996,209715.0,231.996,-42.0,231.996,40.0,382.952,-2.932843,383.574,6442.0,383.574,5326.0
232.292,-73400.0,232.292,230686.0,232.292,-56.0,232.292,211.0,383.385,-2.948174,384.034,6157.0,384.034,5697.0
232.63,-57671.0,232.63,220200.0,232.63,-7.0,232.63,270.0,383.936,-2.95575,384.544,6161.0,384.544,5628.0
232.918,-52428.0,232.918,209715.0,232.918,-24.0,232.918,-129.0,384.388,-2.945767,385.06,5804.0,385.06,5779.0
233.205,-68157.0,233.205,209715.0,233.205,154.0,233.205,35.0,384.904,-2.91922,385.55,5487.0,385.55,6241.0
233.487,-68157.0,233.487,214957.0,233.487,-14.0,233.487,-105.0,385.384,-2.877704,386.029,6873.0,386.029,4857.0
233.791,-73400.0,233.791,209715.0,233.791,-55.0,233.791,3.0,385.922,-2.807652,386.546,6236.0,386.546,5569.0
234.131,-73400.0,234.131,204472.0,234.131,-143.0,234.131,-150.0,386.375,-2.760451,387.058,6430.0,387.058,5248.0
234.351,-89128.0,234.351,220200.0,234.351,46.0,234.351,-39.0,386.911,-2.710197,387.541,6867.0,387.541,4934.0
234.685,-83886.0,234.685,193986.0,234.685,-109.0,234.685,-104.0,387.418,-2.661817,388.035,6177.0,388.035,5686.0
235.034,-99614.0,235.034,204472.0,235.034,-107.0,235.034,-140.0,387.907,-2.620807,388.517,6264.0,388.517,5438.0
235.28,-78643.0,235.28,199229.0,235.28,-90.0,235.28,-46.0,388.38,-2.577111,389.046,6754.0,389.046,5056.0
235.61,-99614.0,235.61,204472.0,235.61,-256.0,235.61,-106.0,388.913,-2.529579,389.514,6649.0,389.514,5110.0
235.873,-41943.0,235.873,199229.0,235.873,55.0,235.873,247.0,389.397,-2.501094,390.038,7114.0,390.038,4765.0
236.144,-68157.0,236.144,183500.0,236.144,-120.0,236.144,123.0,389.901,-2.487861,390.55,6885.0,390.55,4940.0
236.472,-47185.0,236.472,199229.0,236.472,-21.0,236.472,212.0,390.365,-2.493679,391.039,6950.0,391.039,4790.0
236.777,-52428.0,236.777,214957.0,236.777,-51.0,236.777,-203.0,390.918,-2.520837,391.507,7185.0,391.507,4677.0
237.119,-68157.0,237.119,204472.0,237.119,-82.0,237.119,213.0,391.373,-2.557935,392.025,6742.0,392.025,5058.0
237.362,-31457.0,237.362,220200.0,237.362,53.0,237.362,131.0,391.911,-2.613627,392.524,7032.0,392.524,4888.0
237.663,-62914.0,237.663,220200.0,237.663,59.0,237.663,54.0,392.375,-2.671041,393.001,6410.0,393.001,5408.0
237.967,-68157.0,237.967,204472.0,237.967,9.0,237.967,-49.0,392.877,-2.732703,393.529,6219.0,393.529,5651.0
238.275,-41943.0,238.275,214957.0,238.275,-90.0,238.275,-17.0,393.363,-2.778505,394.049,5796.0,394.049,5924.0
238.592,-47185.0,238.592,188743.0,238.592,-125.0,238.592,181.0,393.877,-2.792415,394.495,6103.0,394.495,5757.0
238.856,-31457.0,238.856,220200.0,238.856,-45.0,238.856,112.0,394.371,-2.788671,395.009,6288.0,395.009,5469.0
239.216,-26214.0,239.216,199229.0,239.216,91.0,239.216,135.0,394.888,-2.77598,395.513,6033.0,395.513,5850.0
239.465,-26214.0,239.465,199229.0,239.465,-164.0,239.465,161.0,395.348,-2.752648,395.988,6057.0,395.988,5827.0
239.766,0.0,239.766,225443.0,239.766,83.0,239.766,235.0,395.883,-2.720913,396.491,6539.0,396.491,5103.0
240.101,-20971.0,240.101,225443.0,240.101,181.0,240.101,219.0,396.385,-2.674383,397.014,6579.0,397.014,5235.0
240.361,-15728.0,240.361,214957.0,240.361,-117.0,240.361,49.0,396.875,-2.632555,397.516,6564.0,397.516,5250.0
240.659,-36700.0,240.659,230686.0,240.659,-79.0,240.659,87.0,397.333,-2.610429,398.004,6870.0,398.004,4955.0
240.931,-10485.0,240.931,209715.0,240.931,-142.0,240.931,130.0,397.884,-2.59463,398.528,7254.0,398.528,4540.0
241.281,-26214.0,241.281,209715.0,241.281,42.0,241.281,167.0,398.332,-2.595341,398.978,6998.0,398.978,4819.0
241.576,-41943.0,241.576,225443.0,241.576,-37.0,241.576,24.0,398.843,-2.626159,399.499,6743.0,399.499,5072.0
241.854,-36700.0,241.854,225443.0,241.854,-74.0,241.854,73.0,399.333,-2.666535,399.984,6975.0,399.984,4909.0
242.159,-41943.0,242.159,220200.0,242.159,-211.0,242.159,119.0,399.855,-2.726671,400.475,6909.0,400.475,4939.0
242.455,-78643.0,242.455,230686.0,242.455,50.0,242.455,39.0,400.345,-2.796452,401.009,6400.0,401.009,5442.0
242.759,-52428.0,242.759,214957.0,242.759,18.0,242.759,279.0,400.88,-2.865799,401.498,6446.0,401.498,5389.0
243.1,-78643.0,243.1,214957.0,243.1,114.0,243.1,34.0,401.343,-2.92331,401.964,6433.0,401.964,5342.0
243.355,-89128.0,243.355,220200.0,243.355,-70.0,243.355,155.0,401.843,-2.974521,402.497,6503.0,402.497,5423.0
243.643,-73400.0,243.643,220200.0,243.643,-192.0,243.643,85.0,402.333,-3.027184,402.995,6280.0,402.995,5497.0
243.938,-62914.0,243.938,199229.0,243.938,-99.0,243.938,128.0,402.854,-3.068471,403.467,6151.0,403.467,5645.0
244.256,-89128.0,244.256,220200.0,244.256,111.0,244.256,173.0,403.318,-3.100101,403.985,6665.0,403.985,5353.0
244.569,-89128.0,244.569,230686.0,244.569,-126.0,244.569,23.0,403.862,-3.118313,404.502,6200.0,404.502,5568.0
244.843,-73400.0,244.843,214957.0,244.843,-35.0,244.843,292.0,404.334,-3.130053,404.988,6839.0,404.988,4931.0
245.139,-73400.0,245.139,204472.0,245.139,-86.0,245.139,112.0,404.863,-3.130245,405.476,6509.0,405.476,5310.0
245.465,-57671.0,245.465,220200.0,245.465,58.0,245.465,96.0,405.307,-3.135106,405.978,7226.0,405.978,4668.0
245.724,-68157.0,245.724,199229.0,245.724,4.0,245.724,167.0,405.862,3.135851,406.456,7074.0,406.456,4748.0
246.066,-57671.0,246.066,183500.0,246.066,256.0,246.066,280.0,406.317,3.090725,406.98,7252.0,406.98,4586.0
246.331,-52428.0,246.331,199229.0,246.331,38.0,246.331,157.0,406.847,3.030044,407.47,7400.0,407.47,4378.0
246.634,-57671.0,246.634,220200.0,246.634,93.0,246.634,254.0,407.321,2.953081,407.988,7099.0,407.988,4774.0
246.936,-31457.0,246.936,204472.0,246.936,6.0,246.936,385.0,407.823,2.853109,408.479,6674.0,408.479,5308.0
247.205,-15728.0,247.205,230686.0,247.205,25.0,247.205,177.0,408.317,2.758507,408.951,6681.0,408.951,5121.0
247.58,-10485.0,247.58,214957.0,247.58,92.0,247.58,14.0,408.837,2.676212,409.443,6913.0,409.443,5041.0
247.835,20971.0,247.835,204472.0,247.835,98.0,247.835,-57.0,409.292,2.595385,409.97,7126.0,409.97,4813.0
248.133,5242.0,248.133,193986.0,248.133,-21.0,248.133,37.0,409.851,2.517569,410.435,6927.0,410.435,4979.0
248.445,5242.0,248.445,214957.0,248.445,27.0,248.445,-40.0,410.293,2.438459,410.929,7169.0,410.929,4670.0
248.736,5242.0,248.736,225443.0,248.736,8.0,248.736,-58.0,410.826,2.345925,411.486,7267.0,411.486,4728.0
249.057,20971.0,249.057,199229.0,249.057,86.0,249.057,-29.0,411.286,2.24806,411.96,6896.0,411.96,5121.0
249.333,41943.0,249.333,214957.0,249.333,136.0,249.333,-117.0,411.841,2.14589,412.433,6966.0,412.433,5099.0
249.642,31457.0,249.642,225443.0,249.642,56.0,249.642,234.0,412.305,2.061016,412.947,7028.0,412.947,4965.0
249.92,-5242.0,249.92,204472.0,249.92,-48.0,249.92,-53.0,412.791,1.99408,413.45,7039.0,413.45,4881.0
250.231,0.0,250.231,209715.0,250.231,101.0,250.231,-61.0,413.288,1.929236,413.927,7025.0,413.927,4901.0
250.554,-5242.0,250.554,214957.0,250.554,-24.0,250.554,-119.0,413.81,1.85623,414.448,6412.0,414.448,5562.0
250.791,-10485.0,250.791,225443.0,250.791,36.0,250.791,125.0,414.277,1.779277,414.97,6733.0,414.97,5180.0
251.114,26214.0,251.114,230686.0,251.114,42.0,251.114,27.0,414.805,1.718702,415.421,6350.0,415.421,5544.0
251.418,-10485.0,251.418,204472.0,251.418,-112.0,251.418,152.0,415.307,1.665676,415.93,6359.0,415.93,5544.0
251.753,-10485.0,251.753,209715.0,251.753,-46.0,251.753,73.0,415.815,1.610476,416.439,6689.0,416.439,5197.0
252.031,-20971.0,252.031,225443.0,252.031,-191.0,252.031,-130.0,416.267,1.567317,416.909,6178.0,416.909,5741.0
252.312,-41943.0,252.312,209715.0,252.312,-54.0,252.312,88.0,416.801,1.539853,417.42,5851.0,417.42,5948.0
252.612,10485.0,252.612,199229.0,252.612,161.0,252.612,121.0,417.268,1.524472,417.948,6614.0,417.948,5251.0
252.911,-20971.0,252.911,204472.0,252.911,73.0,252.911,53.0,417.792,1.538013,418.461,6153.0,418.461,5745.0
253.235,-20971.0,253.235,204472.0,253.235,102.0,253.235,31.0,418.282,1.539666,418.931,6273.0,418.931,5586.0
253.537,-15728.0,253.537,220200.0,253.537,113.0,253.537,-77.0,418.821,1.548456,419.465,6426.0,419.465,5401.0
253.842,5242.0,253.842,230686.0,253.842,-54.0,253.842,19.0,419.273,1.563629,419.897,6338.0,419.897,5460.0
254.112,-10485.0,254.112,235929.0,254.112,-90.0,254.112,116.0,419.772,1.585237,420.433,7036.0,420.433,4824.0
254.41,-15728.0,254.41,199229.0,254.41,75.0,254.41,151.0,420.26,1.59905,420.92,6931.0,420.92,4943.0
254.718,-31457.0,254.718,199229.0,254.718,127.0,254.718,61.0,420.786,1.5857,421.422,6944.0,421.422,4953.0
255.033,-10485.0,255.033,199229.0,255.033,-70.0,255.033,-53.0,421.26,1.555368,421.949,7354.0,421.949,4596.0
255.306,0.0,255.306,220200.0,255.306,78.0,255.306,-35.0,421.809,1.515943,422.418,6432.0,422.418,5428.0
255.602,0.0,255.602,204472.0,255.602,157.0,255.602,-12.0,422.266,1.467382,422.888,7216.0,422.888,4676.0
255.949,5242.0,255.949,220200.0,255.949,-142.0,255.949,7.0,422.77,1.408067,423.423,6891.0,423.423,4954.0
256.211,-5242.0,256.211,204472.0,256.211,-226.0,256.211,71.0,423.239,1.349027,423.92,6585.0,423.92,5404.0
256.536,20971.0,256.536,220200.0,256.536,-108.0,256.536,-196.0,423.772,1.283304,424.385,6487.0,424.385,5413.0
256.795,52428.0,256.795,225443.0,256.795,43.0,256.795,-99.0,424.238,1.244928,424.905,6644.0,424.905,5197.0
257.095,36700.0,257.095,241172.0,257.095,-108.0,257.095,73.0,424.792,1.214685,425.428,6470.0,425.428,5394.0
257.411,10485.0,257.411,225443.0,257.411,25.0,257.411,114.0,425.237,1.176159,425.875,6034.0,425.875,5723.0
257.709,10485.0,257.709,204472.0,257.709,-33.0,257.709,51.0,425.788,1.157508,426.385,6576.0,426.385,5323.0
258.043,20971.0,258.043,220200.0,258.043,-64.0,258.043,-5.0,426.228,1.157003,426.907,6163.0,426.907,5598.0
258.285,57671.0,258.285,241172.0,258.285,-241.0,258.285,-11.0,426.741,1.153989,427.374,6002.0,427.374,5843.0
258.585,31457.0,258.585,225443.0,258.585,-13.0,258.585,-93.0,427.228,1.17186,427.875,6106.0,427.875,5675.0
258.888,10485.0,258.888,225443.0,258.888,-1.0,258.888,-174.0,427.783,1.200538,428.394,6401.0,428.394,5328.0
259.199,36700.0,259.199,230686.0,259.199,-147.0,259.199,90.0,428.256,1.228925,428.894,6654.0,428.894,5172.0
259.517,57671.0,259.517,230686.0,259.517,-140.0,259.517,66.0,428.745,1.260367,429.39,6431.0,429.39,5347.0
259.757,26214.0,259.757,214957.0,259.757,34.0,259.757,-57.0,429.235,1.272335,429.91,6189.0,429.91,5617.0
260.102,47185.0,260.102,209715.0,260.102,-13.0,260.102,21.0,429.751,1.296166,430.365,6788.0,430.365,5061.0
260.385,-15728.0,260.385,220200.0,260.385,-42.0,260.385,7.0,430.216,1.329667,430.894,6803.0,430.894,4912.0
260.693,47185.0,260.693,214957.0,260.693,-34.0,260.693,11.0,430.762,1.348853,431.358,7277.0,431.358,4548.0
261.011,36700.0,261.011,220200.0,261.011,139.0,261.011,25.0,431.231,1.350594,431.888,6840.0,431.888,5006.0
261.279,26214.0,261.279,209715.0,261.279,77.0,261.279,-65.0,431.729,1.328076,432.397,7056.0,432.397,4837.0
261.579,36700.0,261.579,204472.0,261.579,5.0,261.579,17.0,432.213,1.302436,432.882,7071.0,432.882,4837.0
261.88,31457.0,261.88,204472.0,261.88,-131.0,261.88,-44.0,432.755,1.262261,433.354,7178.0,433.354,4832.0
262.207,36700.0,262.207,225443.0,262.207,-58.0,262.207,-7.0,433.205,1.205295,433.892,6922.0,433.892,4863.0
262.528,41943.0,262.528,209715.0,262.528,161.0,262.528,129.0,433.718,1.144019,434.374,5720.0,434.374,7548.0
262.753,41943.0,262.753,214957.0,262.753,132.0,262.753,-19.0,434.239,1.115235,434.849,5021.0,434.849,7059.0
263.077,15728.0,263.077,214957.0,263.077,-34.0,263.077,-103.0,434.717,1.184076,435.369,4152.0,435.369,6442.0
263.37,36700.0,263.37,193986.0,263.37,42.0,263.37,-107.0,435.198,1.298038,435.819,3237.0,435.819,5703.0
263.679,15728.0,263.679,209715.0,263.679,114.0,263.679,-54.0,435.692,1.446556,436.342,2397.0,436.342,4879.0
263.97,41943.0,263.97,204472.0,263.97,-102.0,263.97,-241.0,436.22,1.620676,436.853,1637.0,436.853,3915.0
264.285,10485.0,264.285,204472.0,264.285,49.0,264.285,-143.0,436.686,1.832638,437.381,1069.0,437.381,2891.0
264.565,15728.0,264.565,209715.0,264.565,-153.0,264.565,-370.0,437.199,2.065262,437.84,628.0,437.84,1846.0
264.866,31457.0,264.866,214957.0,264.866,-1.0,264.866,-171.0,437.706,2.296185,438.341,254.0,438.341,750.0
265.181,-5242.0,265.181,199229.0,265.181,-304.0,265.181,-112.0,438.186,2.514466,438.861,-167.0,438.861,-475.0
265.498,15728.0,265.498,193986.0,265.498,-51.0,265.498,-105.0,438.698,2.712578,439.365,-579.0,439.365,-1563.0
265.758,20971.0,265.758,225443.0,265.758,-102.0,265.758,-6.0,439.183,2.895674,439.86,-972.0,439.86,-2464.0
266.072,20971.0,266.072,204472.0,266.072,-17.0,266.072,25.0,439.683,3.043828,440.339,-1180.0,440.339,-2912.0
266.377,31457.0,266.377,225443.0,266.377,-71.0,266.377,-118.0,440.174,3.137604,440.821,-1267.0,440.821,-3107.0
266.664,26214.0,266.664,214957.0,266.664,11.0,266.664,-244.0,440.678,-3.09895,441.35,-1143.0,441.35,-2895.0
266.99,26214.0,266.99,204472.0,266.99,92.0,266.99,65.0,441.224,-3.093455,441.827,-878.0,441.827,-2378.0
267.263,62914.0,267.263,204472.0,267.263,18.0,267.263,-7.0,441.691,-3.122157,442.322,-591.0,442.322,-1699.0
267.556,57671.0,267.556,204472.0,267.556,84.0,267.556,35.0,442.173,3.114613,442.859,-300.0,442.859,-924.0
267.855,47185.0,267.855,225443.0,267.855,62.0,267.855,-43.0,442.673,3.064405,443.339,-65.0,443.339,-211.0
268.127,57671.0,268.127,193986.0,268.127,-1.0,268.127,-84.0,443.182,3.024518,443.82,104.0,443.82,338.0
268.511,62914.0,268.511,183500.0,268.511,122.0,268.511,66.0,443.661,2.998091,444.336,265.0,444.336,853.0
268.762,41943.0,268.762,199229.0,268.762,14.0,268.762,36.0,444.167,2.973744,444.842,399.0,444.842,1311.0
269.052,68157.0,269.052,220200.0,269.052,51.0,269.052,-60.0,444.664,2.948589,445.302,515.0,445.302,1657.0
269.347,83886.0,269.347,241172.0,269.347,-48.0,269.347,-50.0,445.161,2.928138,445.832,640.0,445.832,1998.0
269.663,99614.0,269.663,209715.0,269.663,186.0,269.663,45.0,445.664,2.919302,446.345,712.0,446.345,2146.0
269.978,99614.0,269.978,241172.0,269.978,52.0,269.978,-117.0,446.176,2.926985,446.8,746.0,446.8,2178.0
270.267,68157.0,270.267,235929.0,270.267,121.0,270.267,-60.0,446.668,2.95609,447.314,684.0,447.314,1974.0
270.562,73400.0,270.562,241172.0,270.562,-30.0,270.562,-47.0,447.155,3.012163,447.832,553.0,447.832,1571.0
270.841,41943.0,270.841,230686.0,270.841,-116.0,270.841,-70.0,447.66,3.091461,448.3,410.0,448.3,1146.0
271.154,47185.0,271.154,214957.0,271.154,56.0,271.154,-32.0,448.145,-3.108747,448.819,411.0,448.819,1111.0
271.47,41943.0,271.47,225443.0,271.47,-64.0,271.47,-123.0,448.652,-3.034941,449.317,444.0,449.317,1162.0
271.744,20971.0,271.744,209715.0,271.744,-77.0,271.744,-230.0,449.141,-2.964724,449.823,442.0,449.823,1118.0
272.046,41943.0,272.046,241172.0,272.046,7.0,272.046,-205.0,449.662,-2.899858,450.318,543.0,450.318,1339.0
272.341,36700.0,272.341,225443.0,272.341,-130.0,272.341,-143.0,450.182,-2.836132,450.807,420.0,450.807,1008.0
272.668,-10485.0,272.668,235929.0,272.668,-234.0,272.668,-24.0,450.639,-2.770555,451.289,342.0,451.289,800.0
272.954,5242.0,272.954,225443.0,272.954,-103.0,272.954,-153.0,451.139,-2.710523,451.81,365.0,451.81,817.0
273.244,-10485.0,273.244,225443.0,273.244,-87.0,273.244,-44.0,451.645,-2.654801,452.274,343.0,452.274,745.0
273.534,0.0,273.534,199229.0,273.534,20.0,273.534,-40.0,452.166,-2.60485,452.779,296.0,452.779,626.0
273.833,5242.0,273.833,204472.0,273.833,25.0,273.833,31.0,452.635,-2.55811,453.323,272.0,453.323,556.0
274.149,0.0,274.149,209715.0,274.149,-72.0,274.149,123.0,453.132,-2.509743,453.801,194.0,453.801,386.0
274.468,-31457.0,274.468,220200.0,274.468,-90.0,274.468,-120.0,453.629,-2.467904,454.276,135.0,454.276,263.0
274.772,0.0,274.772,193986.0,274.772,40.0,274.772,60.0,454.15,-2.430705,454.808,74.0,454.808,142.0
275.035,-5242.0,275.035,214957.0,275.035,168.0,275.035,98.0,454.63,-2.395689,455.294,-2.0,455.294,-4.0
275.335,-5242.0,275.335,220200.0,275.335,225.0,275.335,27.0,455.142,-2.361789,455.774,-47.0,455.774,-89.0
275.654,15728.0,275.654,220200.0,275.654,-92.0,275.654,-158.0,455.641,-2.327783,456.293,-107.0,456.293,-199.0
275.955,15728.0,275.955,199229.0,275.955,-44.0,275.955,-203.0,456.121,-2.297703,456.812,-159.0,456.812,-293.0
276.231,20971.0,276.231,214957.0,276.231,143.0,276.231,-186.0,456.628,-2.270913,457.263,-222.0,457.263,-404.0
276.518,31457.0,276.518,204472.0,276.518,99.0,276.518,76.0,457.137,-2.241999,457.776,-332.0,457.776,-600.0
276.888,36700.0,276.888,204472.0,276.888,73.0,276.888,-69.0,457.628,-2.216902,458.282,-460.0,458.282,-830.0
277.094,36700.0,277.094,183500.0,277.094,230.0,277.094,-7.0,458.117,-2.196297,458.757,-515.0,458.757,-927.0
277.457,78643.0,277.457,199229.0,277.457,22.0,277.457,-61.0,458.629,-2.181391,459.248,-560.0,459.248,-1000.0
277.721,78643.0,277.721,214957.0,277.721,198.0,277.721,-50.0,459.115,-2.172083,459.788,-558.0,459.788,-996.0
278.016,78643.0,278.016,199229.0,278.016,136.0,278.016,5.0,459.628,-2.166715,460.286,-504.0,460.286,-892.0
278.327,57671.0,278.327,204472.0,278.327,144.0,278.327,-84.0,460.116,-2.168633,460.78,-284.0,460.78,-496.0
278.624,57671.0,278.624,214957.0,278.624,233.0,278.624,12.0,460.659,-2.177527,461.26,-123.0,461.26,-213.0
278.965,73400.0,278.965,204472.0,278.965,67.0,278.965,-78.0,461.102,-2.185474,461.75,-11.0,461.75,-19.0
279.212,62914.0,279.212,204472.0,279.212,-74.0,279.212,186.0,461.601,-2.189129,462.268,152.0,462.268,256.0
279.518,62914.0,279.518,225443.0,279.518,162.0,279.518,47.0,462.099,-2.193003,462.774,338.0,462.774,566.0
279.81,62914.0,279.81,209715.0,279.81,53.0,279.81,-44.0,462.606,-2.198319,463.265,512.0,463.265,848.0
280.082,52428.0,280.082,188743.0,280.082,-5.0,280.082,6.0,463.096,-2.203625,463.783,543.0,463.783,895.0
280.444,47185.0,280.444,230686.0,280.444,50.0,280.444,-82.0,463.604,-2.205842,464.26,630.0,464.26,1032.0
280.705,36700.0,280.705,209715.0,280.705,-99.0,280.705,-12.0,464.106,-2.206595,464.732,694.0,464.732,1126.0
281.038,57671.0,281.038,230686.0,281.038,-168.0,281.038,-54.0,464.584,-2.207839,465.258,760.0,465.258,1220.0
281.306,41943.0,281.306,220200.0,281.306,-107.0,281.306,122.0,465.088,-2.207396,465.763,797.0,465.763,1271.0
281.62,10485.0,281.62,230686.0,281.62,-178.0,281.62,37.0,465.587,-2.20186,466.229,809.0,466.229,1279.0
281.95,5242.0,281.95,209715.0,281.95,142.0,281.95,-80.0,466.084,-2.194091,466.761,765.0,466.761,1201.0
282.21,26214.0,282.21,209715.0,282.21,-62.0,282.21,-12.0,466.578,-2.182819,467.273,767.0,467.273,1193.0
282.498,5242.0,282.498,209715.0,282.498,97.0,282.498,71.0,467.102,-2.171442,467.727,661.0,467.727,1023.0
282.804,5242.0,282.804,193986.0,282.804,71.0,282.804,229.0,467.588,-2.160649,468.236,591.0,468.236,907.0
283.128,5242.0,283.128,199229.0,283.128,108.0,283.128,184.0,468.084,-2.151467,468.753,500.0,468.753,764.0
283.421,52428.0,283.421,209715.0,283.421,92.0,283.421,248.0,468.576,-2.144015,469.221,471.0,469.221,715.0
283.699,5242.0,283.699,235929.0,283.699,149.0,283.699,35.0,469.083,-2.138487,469.718,383.0,469.718,579.0
284.004,20971.0,284.004,204472.0,284.004,-16.0,284.004,-58.0,469.58,-2.132247,470.237,222.0,470.237,334.0
284.304,15728.0,284.304,204472.0,284.304,49.0,284.304,68.0,470.087,-2.123595,470.752,152.0,470.752,226.0
284.605,52428.0,284.605,230686.0,284.605,77.0,284.605,-107.0,470.585,-2.11565,471.235,156.0,471.235,230.0
284.891,52428.0,284.891,204472.0,284.891,115.0,284.891,30.0,471.082,-2.107987,471.764,179.0,471.764,263.0
285.207,52428.0,285.207,204472.0,285.207,121.0,285.207,146.0,471.576,-2.102253,472.21,215.0,472.21,313.0
285.49,36700.0,285.49,209715.0,285.49,69.0,285.49,54.0,472.08,-2.097237,472.736,175.0,472.736,255.0
285.797,57671.0,285.797,214957.0,285.797,183.0,285.797,377.0,472.557,-2.090889,473.206,196.0,473.206,284.0
286.105,68157.0,286.105,183500.0,286.105,-30.0,286.105,359.0,473.085,-2.085459,473.703,200.0,473.703,288.0
286.419,52428.0,286.419,188743.0,286.419,-38.0,286.419,83.0,473.585,-2.082001,474.243,189.0,474.243,273.0
286.693,78643.0,286.693,188743.0,286.693,15.0,286.693,140.0,474.057,-2.078894,474.729,193.0,474.729,277.0
286.989,94371.0,286.989,209715.0,286.989,282.0,286.989,60.0,474.577,-2.07528,475.199,248.0,475.199,354.0
287.309,83886.0,287.309,204472.0,287.309,16.0,287.309,116.0,475.054,-2.072038,475.717,250.0,475.717,356.0
287.556,83886.0,287.556,188743.0,287.556,-16.0,287.556,146.0,475.56,-2.068946,476.235,248.0,476.235,352.0
287.909,78643.0,287.909,204472.0,287.909,-5.0,287.909,-63.0,476.065,-2.066921,476.694,264.0,476.694,374.0
288.181,52428.0,288.181,204472.0,288.181,36.0,288.181,-213.0,476.565,-2.065701,477.221,297.0,477.221,419.0
288.48,62914.0,288.48,188743.0,288.48,-143.0,288.48,61.0,477.041,-2.064517,477.734,313.0,477.734,439.0
288.781,94371.0,288.781,173014.0,288.781,-32.0,288.781,-141.0,477.542,-2.063637,478.187,358.0,478.187,502.0
289.088,62914.0,289.088,178257.0,289.088,-83.0,289.088,-42.0,478.06,-2.063266,478.693,396.0,478.693,554.0
289.428,73400.0,289.428,199229.0,289.428,-207.0,289.428,11.0,478.549,-2.063125,479.206,417.0,479.206,581.0
289.682,57671.0,289.682,225443.0,289.682,-6.0,289.682,105.0,479.038,-2.06268,479.677,462.0,479.677,644.0
289.975,78643.0,289.975,246415.0,289.975,-39.0,289.975,-4.0,479.55,-2.061261,480.174,526.0,480.174,730.0
290.275,83886.0,290.275,193986.0,290.275,-94.0,290.275,17.0,480.094,-2.061809,480.719,604.0,480.719,838.0
290.545,89128.0,290.545,220200.0,290.545,1.0,290.545,8.0,480.547,-2.063233,481.209,655.0,481.209,907.0
290.899,62914.0,290.899,204472.0,290.899,-160.0,290.899,162.0,481.049,-2.062546,481.703,673.0,481.703,927.0
291.171,47185.0,291.171,188743.0,291.171,-214.0,291.171,74.0,481.573,-2.060581,482.183,666.0,482.183,916.0
291.488,62914.0,291.488,204472.0,291.488,36.0,291.488,95.0,482.029,-2.057706,482.702,659.0,482.702,905.0
291.743,57671.0,291.743,204472.0,291.743,100.0,291.743,57.0,482.521,-2.055108,483.191,622.0,483.191,854.0
292.078,68157.0,292.078,209715.0,292.078,-212.0,292.078,141.0,483.028,-2.052418,483.673,588.0,483.673,810.0
292.402,68157.0,292.402,214957.0,292.402,-128.0,292.402,249.0,483.533,-2.047817,484.165,538.0,484.165,740.0
292.667,73400.0,292.667,225443.0,292.667,43.0,292.667,49.0,484.039,-2.041872,484.714,492.0,484.714,676.0
292.963,36700.0,292.963,235929.0,292.963,127.0,292.963,-6.0,484.519,-2.03494,485.183,449.0,485.183,619.0
293.283,47185.0,293.283,209715.0,293.283,78.0,293.283,151.0,485.038,-2.028568,485.664,459.0,485.664,631.0
293.608,73400.0,293.608,225443.0,293.608,165.0,293.608,30.0,485.532,-2.02317,486.18,400.0,486.18,550.0
293.877,73400.0,293.877,199229.0,293.877,57.0,293.877,164.0,486.013,-2.017353,486.685,399.0,486.685,547.0
294.156,94371.0,294.156,167772.0,294.156,19.0,294.156,275.0,486.542,-2.0137,487.152,395.0,487.152,543.0
294.457,57671.0,294.457,188743.0,294.457,249.0,294.457,241.0,487.009,-2.010551,487.684,387.0,487.684,531.0
294.759,41943.0,294.759,235929.0,294.759,-62.0,294.759,116.0,487.504,-2.008622,488.194,400.0,488.194,548.0
295.069,41943.0,295.069,220200.0,295.069,77.0,295.069,-13.0,488.006,-2.007068,488.644,356.0,488.644,488.0
295.382,41943.0,295.382,220200.0,295.382,452.0,295.382,120.0,488.504,-2.004208,489.16,353.0,489.16,485.0
295.688,52428.0,295.688,225443.0,295.688,245.0,295.688,363.0,489.012,-2.002673,489.677,323.0,489.677,443.0
295.956,52428.0,295.956,193986.0,295.956,263.0,295.956,345.0,489.57,-2.001691,490.144,308.0,490.144,422.0
296.256,52428.0,296.256,188743.0,296.256,318.0,296.256,235.0,490.008,-1.999426,490.674,197.0,490.674,271.0
296.56,52428.0,296.56,235929.0,296.56,75.0,296.56,246.0,490.504,-1.995529,491.161,159.0,491.161,217.0
296.877,68157.0,296.877,178257.0,296.877,303.0,296.877,184.0,490.994,-1.991493,491.679,64.0,491.679,88.0
297.149,94371.0,297.149,193986.0,297.149,412.0,297.149,4.0,491.501,-1.987761,492.166,-21.0,492.166,-29.0
297.449,68157.0,297.449,204472.0,297.449,284.0,297.449,110.0,492.036,-1.983433,492.643,-129.0,492.643,-177.0
297.815,78643.0,297.815,214957.0,297.815,165.0,297.815,56.0,492.507,-1.977216,493.132,-238.0,493.132,-328.0
298.017,83886.0,298.017,193986.0,298.017,165.0,298.017,223.0,492.998,-1.970289,493.651,2259.0,493.651,-2463.0
298.371,73400.0,298.371,214957.0,298.371,259.0,298.371,273.0,493.533,-1.965472,494.13,5387.0,494.13,414.0
298.637,104857.0,298.637,178257.0,298.637,59.0,298.637,163.0,493.993,-1.980884,494.62,5820.0,494.62,843.0
298.946,104857.0,298.946,183500.0,298.946,52.0,298.946,184.0,494.505,-2.096118,495.18,5864.0,495.18,1496.0
299.246,83886.0,299.246,199229.0,299.246,128.0,299.246,165.0,494.984,-2.328348,495.674,4994.0,495.674,3322.0
299.51,110100.0,299.51,204472.0,299.51,158.0,299.51,203.0,495.529,-2.590128,496.122,6335.0,496.122,2665.0
299.89,110100.0,299.89,188743.0,299.89,-69.0,299.89,216.0,495.996,-2.823045,496.644,6717.0,496.644,3110.0
300.132,83886.0,300.132,183500.0,300.132,176.0,300.132,84.0,496.489,-3.054846,497.139,6927.0,497.139,3627.0
300.436,99614.0,300.436,225443.0,300.436,-36.0,300.436,270.0,496.988,3.017236,497.62,6616.0,497.62,4554.0
300.741,110100.0,300.741,199229.0,300.741,98.0,300.741,121.0,497.49,2.829404,498.142,6944.0,498.142,4781.0
301.045,110100.0,301.045,220200.0,301.045,138.0,301.045,200.0,497.978,2.696982,498.661,7432.0,498.661,4771.0
301.377,78643.0,301.377,204472.0,301.377,83.0,301.377,67.0,498.499,2.611255,499.118,7322.0,499.118,4829.0
301.631,73400.0,301.631,199229.0,301.631,85.0,301.631,151.0,498.988,2.535376,499.612,7193.0,499.612,4947.0
301.955,83886.0,301.955,225443.0,301.955,108.0,301.955,-19.0,499.526,2.470608,500.129,7210.0,500.129,4797.0
302.239,83886.0,302.239,209715.0,302.239,195.0,302.239,-78.0,499.977,2.420076,500.637,7252.0,500.637,4799.0
302.54,78643.0,302.54,199229.0,302.54,-38.0,302.54,-49.0,500.491,2.3614,501.133,7591.0,501.133,4480.0
302.854,99614.0,302.854,204472.0,302.854,-78.0,302.854,25.0,500.959,2.283473,501.624,7793.0,501.624,4214.0
303.132,89128.0,303.132,214957.0,303.132,-16.0,303.132,129.0,501.489,2.181897,502.142,8235.0,502.142,3924.0
303.424,47185.0,303.424,225443.0,303.424,-14.0,303.424,-69.0,501.972,2.060553,502.627,8307.0,502.627,3765.0
303.705,68157.0,303.705,235929.0,303.705,-204.0,303.705,-95.0,502.497,1.908483,503.125,8339.0,503.125,3758.0
304.057,57671.0,304.057,230686.0,304.057,44.0,304.057,87.0,502.966,1.72472,503.593,8597.0,503.593,3581.0
304.345,47185.0,304.345,214957.0,304.345,-133.0,304.345,23.0,503.46,1.503843,504.12,8591.0,504.12,3535.0
304.622,57671.0,304.622,209715.0,304.622,-165.0,304.622,282.0,503.945,1.254543,504.617,8407.0,504.617,3812.0
304.923,62914.0,304.923,214957.0,304.923,-34.0,304.923,3.0,504.478,0.997101,505.09,8090.0,505.09,4164.0
305.232,47185.0,305.232,214957.0,305.232,-179.0,305.232,-41.0,504.96,0.744925,505.629,7830.0,505.629,4344.0
305.532,73400.0,305.532,199229.0,305.532,-135.0,305.532,113.0,505.483,0.50708,506.109,7368.0,506.109,4798.0
305.824,47185.0,305.824,204472.0,305.824,-250.0,305.824,34.0,505.982,0.310707,506.583,6686.0,506.583,5452.0
306.132,41943.0,306.132,193986.0,306.132,95.0,306.132,80.0,506.465,0.171268,507.105,6861.0,507.105,5354.0
306.421,78643.0,306.421,204472.0,306.421,-119.0,306.421,23.0,506.938,0.09327,507.611,6226.0,507.611,5909.0
306.717,36700.0,306.717,214957.0,306.717,75.0,306.717,113.0,507.457,0.03612,508.081,6307.0,508.081,5771.0
307.022,36700.0,307.022,183500.0,307.022,71.0,307.022,217.0,507.953,0.002486,508.599,6426.0,508.599,5432.0
307.344,68157.0,307.344,220200.0,307.344,-112.0,307.344,106.0,508.477,-0.009588,509.125,6349.0,509.125,5630.0
307.609,36700.0,307.609,235929.0,307.609,-177.0,307.609,117.0,508.924,-0.00928,509.574,5994.0,509.574,5896.0
307.914,62914.0,307.914,204472.0,307.914,-266.0,307.914,-80.0,509.479,0.002786,510.085,6161.0,510.085,5636.0
308.262,73400.0,308.262,209715.0,308.262,-160.0,308.262,72.0,509.925,0.037244,510.598,6207.0,510.598,5551.0
308.518,57671.0,308.518,199229.0,308.518,-47.0,308.518,108.0,510.44,0.079766,511.068,6528.0,511.068,5146.0
308.837,57671.0,308.837,183500.0,308.837,-1.0,308.837,-6.0,510.923,0.119133,511.567,6699.0,511.567,5257.0
309.079,41943.0,309.079,193986.0,309.079,-135.0,309.079,-119.0,511.459,0.148787,512.097,6663.0,512.097,5170.0
309.409,73400.0,309.409,193986.0,309.409,-167.0,309.409,24.0,511.925,0.172682,512.594,6762.0,512.594,5047.0
309.702,73400.0,309.702,209715.0,309.702,-205.0,309.702,97.0,512.459,0.193622,513.068,7042.0,513.068,4763.0
309.973,78643.0,309.973,204472.0,309.973,-133.0,309.973,170.0,512.956,0.204682,513.601,6756.0,513.601,5156.0
310.351,73400.0,310.351,209715.0,310.351,-209.0,310.351,196.0,513.443,0.194053,514.057,6633.0,514.057,5123.0
310.605,62914.0,310.605,188743.0,310.605,-59.0,310.605,49.0,513.911,0.174085,514.582,7055.0,514.582,4882.0
310.903,57671.0,310.903,193986.0,310.903,50.0,310.903,-35.0,514.448,0.157217,515.049,6598.0,515.049,5239.0
311.212,78643.0,311.212,183500.0,311.212,158.0,311.212,-165.0,514.924,0.130272,515.545,6868.0,515.545,5000.0
311.51,83886.0,311.51,193986.0,311.51,225.0,311.51,-94.0,515.439,0.116653,516.098,6585.0,516.098,5301.0
311.844,83886.0,311.844,199229.0,311.844,-36.0,311.844,-147.0,515.915,0.094832,516.568,6534.0,516.568,5367.0
312.065,78643.0,312.065,214957.0,312.065,71.0,312.065,-69.0,516.447,0.082947,517.046,6449.0,517.046,5117.0
312.417,57671.0,312.417,193986.0,312.417,160.0,312.417,-136.0,516.915,0.080858,517.573,6391.0,517.573,5443.0
312.693,62914.0,312.693,173014.0,312.693,108.0,312.693,128.0,517.447,0.076726,518.085,6669.0,518.085,5133.0
313.0,78643.0,313.0,188743.0,313.0,135.0,313.0,-40.0,517.895,0.077133,518.54,6576.0,518.54,5248.0
313.323,83886.0,313.323,204472.0,313.323,-28.0,313.323,106.0,518.417,0.074031,519.065,6426.0,519.065,5434.0
313.585,110100.0,313.585,193986.0,313.585,63.0,313.585,90.0,518.903,0.074851,519.584,6660.0,519.584,4960.0
313.882,115343.0,313.882,188743.0,313.882,52.0,313.882,-45.0,519.421,0.07314,520.037,6673.0,520.037,5083.0
314.197,99614.0,314.197,214957.0,314.197,73.0,314.197,271.0,519.909,0.066946,520.544,6582.0,520.544,5184.0
314.516,52428.0,314.516,230686.0,314.516,86.0,314.516,113.0,520.441,0.058549,521.053,6491.0,521.053,5294.0
314.846,62914.0,314.846,204472.0,314.846,118.0,314.846,107.0,520.893,0.05045,521.552,6662.0,521.552,5120.0
315.087,62914.0,315.087,225443.0,315.087,-123.0,315.087,58.0,521.41,0.053662,522.032,6494.0,522.032,5259.0
315.388,73400.0,315.388,220200.0,315.388,62.0,315.388,-1.0,521.875,0.05284,522.553,6472.0,522.553,5215.0
315.682,89128.0,315.682,199229.0,315.682,43.0,315.682,26.0,522.405,0.046127,523.056,6357.0,523.056,5442.0
315.99,99614.0,315.99,204472.0,315.99,312.0,315.99,69.0,522.885,0.039014,523.552,6524.0,523.552,5231.0
316.314,78643.0,316.314,178257.0,316.314,130.0,316.314,-69.0,523.424,0.042717,524.03,6664.0,524.03,5036.0
316.607,52428.0,316.607,220200.0,316.607,36.0,316.607,119.0,523.886,0.049539,524.515,6390.0,524.515,5389.0
316.879,47185.0,316.879,204472.0,316.879,207.0,316.879,-95.0,524.444,0.050591,525.04,6577.0,525.04,5214.0
317.177,52428.0,317.177,193986.0,317.177,-126.0,317.177,-134.0,524.868,0.059992,525.508,6859.0,525.508,5083.0
317.483,78643.0,317.483,214957.0,317.483,-131.0,317.483,-159.0,525.403,0.060163,526.015,6495.0,526.015,5315.0
317.802,78643.0,317.802,225443.0,317.802,103.0,317.802,-32.0,525.864,0.053857,526.548,6774.0,526.548,5103.0
318.077,73400.0,318.077,209715.0,318.077,81.0,318.077,-59.0,526.415,0.056489,527.033,6606.0,527.033,5293.0
318.369,99614.0,318.369,214957.0,318.369,186.0,318.369,-43.0,526.889,0.044961,527.505,6855.0,527.505,4940.0
318.726,94371.0,318.726,162529.0,318.726,89.0,318.726,-26.0,527.383,0.032385,528.035,6700.0,528.035,5202.0
318.978,94371.0,318.978,146800.0,318.978,-3.0,318.978,46.0,527.86,0.010539,528.53,6605.0,528.53,5076.0
319.301,131071.0,319.301,235929.0,319.301,-79.0,319.301,-12.0,528.384,-0.014828,529.012,6496.0,529.012,5280.0
319.563,99614.0,319.563,188743.0,319.563,239.0,319.563,-157.0,528.853,-0.027353,529.521,6379.0,529.521,5371.0
319.87,110100.0,319.87,188743.0,319.87,100.0,319.87,-187.0,529.404,-0.031654,530.042,6566.0,530.042,5195.0
320.178,94371.0,320.178,193986.0,320.178,108.0,320.178,-94.0,529.868,-0.038176,530.49,6120.0,530.49,5686.0
320.478,115343.0,320.478,173014.0,320.478,62.0,320.478,-247.0,530.398,-0.04702,531.0,6410.0,531.0,5462.0
320.817,104857.0,320.817,178257.0,320.817,54.0,320.817,-109.0,530.841,-0.033195,531.518,6421.0,531.518,5327.0
321.057,136314.0,321.057,204472.0,321.057,-21.0,321.057,57.0,531.359,-0.017558,531.992,6741.0,531.992,5084.0
321.358,115343.0,321.358,173014.0,321.358,103.0,321.358,-176.0,531.876,-0.008633,532.519,6609.0,532.519,5125.0
321.653,99614.0,321.653,220200.0,321.653,-87.0,321.653,-82.0,532.381,-0.012015,533.009,6073.0,533.009,5750.0
321.967,115343.0,321.967,178257.0,321.967,27.0,321.967,-139.0,532.838,-0.017874,533.518,6593.0,533.518,5235.0
322.283,125829.0,322.283,193986.0,322.283,-193.0,322.283,-12.0,533.366,-0.005824,534.007,6682.0,534.007,4988.0
322.564,104857.0,322.564,214957.0,322.564,-60.0,322.564,95.0,533.85,-0.005065,534.524,6648.0,534.524,5253.0
322.881,62914.0,322.881,209715.0,322.881,193.0,322.881,26.0,534.362,-0.012575,534.98,6664.0,534.98,5172.0
323.154,99614.0,323.154,183500.0,323.154,37.0,323.154,69.0,534.831,-0.018302,535.507,6580.0,535.507,5228.0
323.462,89128.0,323.462,214957.0,323.462,128.0,323.462,172.0,535.38,-0.011276,535.971,6664.0,535.971,5063.0
323.781,89128.0,323.781,214957.0,323.781,-84.0,323.781,77.0,535.827,-0.013729,536.468,6781.0,536.468,4952.0
324.049,73400.0,324.049,204472.0,324.049,-1.0,324.049,220.0,536.358,-0.028913,537.027,6554.0,537.027,5288.0
324.356,89128.0,324.356,204472.0,324.356,-7.0,324.356,36.0,536.826,-0.048671,537.491,6402.0,537.491,5374.0
324.671,83886.0,324.671,220200.0,324.671,110.0,324.671,55.0,537.367,-0.068282,537.969,6583.0,537.969,5343.0
324.974,78643.0,324.974,167772.0,324.974,-38.0,324.974,174.0,537.829,-0.06776,538.486,6387.0,538.486,5502.0
325.261,78643.0,325.261,183500.0,325.261,-100.0,325.261,160.0,538.367,-0.07414,538.986,6325.0,538.986,5342.0
325.543,68157.0,325.543,214957.0,325.543,-122.0,325.543,343.0,538.834,-0.073396,539.463,6672.0,539.463,5103.0
325.855,120586.0,325.855,188743.0,325.855,67.0,325.855,102.0,539.334,-0.058405,539.991,6624.0,539.991,5116.0
326.153,73400.0,326.153,183500.0,326.153,167.0,326.153,15.0,539.825,-0.058657,540.502,6547.0,540.502,5311.0
326.447,120586.0,326.447,199229.0,326.447,-65.0,326.447,301.0,540.35,-0.064121,540.98,6512.0,540.98,5135.0
326.741,52428.0,326.741,220200.0,326.741,10.0,326.741,84.0,540.82,-0.062812,541.458,6604.0,541.458,5137.0
327.054,68157.0,327.054,199229.0,327.054,30.0,327.054,44.0,541.357,-0.065685,541.975,6378.0,541.975,5468.0
327.332,78643.0,327.332,235929.0,327.332,-7.0,327.332,-191.0,541.815,-0.076654,542.447,6793.0,542.447,5147.0
327.638,73400.0,327.638,199229.0,327.638,0.0,327.638,-42.0,542.322,-0.087073,542.954,6671.0,542.954,5207.0
327.952,78643.0,327.952,214957.0,327.952,43.0,327.952,-54.0,542.802,-0.098078,543.495,6550.0,543.495,5225.0
328.27,52428.0,328.27,209715.0,328.27,-10.0,328.27,-150.0,543.329,-0.120879,543.977,6550.0,543.977,5244.0
328.529,89128.0,328.529,209715.0,328.529,165.0,328.529,100.0,543.798,-0.135251,544.474,6656.0,544.474,5113.0
328.831,78643.0,328.831,220200.0,328.831,-131.0,328.831,16.0,544.346,-0.149821,544.985,6619.0,544.985,5106.0
329.144,57671.0,329.144,188743.0,329.144,93.0,329.144,-1.0,544.839,-0.173401,545.474,6827.0,545.474,4895.0
329.431,68157.0,329.431,183500.0,329.431,-20.0,329.431,-128.0,545.308,-0.199184,545.963,6574.0,545.963,5280.0
329.76,68157.0,329.76,199229.0,329.76,240.0,329.76,-198.0,545.79,-0.236554,546.465,6286.0,546.465,5556.0
330.027,62914.0,330.027,204472.0,330.027,19.0,330.027,-59.0,546.318,-0.266597,546.936,6768.0,546.936,5023.0
330.334,89128.0,330.334,214957.0,330.334,186.0,330.334,-122.0,546.805,-0.295202,547.476,6751.0,547.476,5070.0
330.624,89128.0,330.624,199229.0,330.624,-1.0,330.624,-353.0,547.325,-0.327229,547.953,6150.0,547.953,5651.0
330.894,52428.0,330.894,199229.0,330.894,202.0,330.894,-67.0,547.813,-0.365962,548.433,6711.0,548.433,5030.0
331.272,104857.0,331.272,178257.0,331.272,158.0,331.272,4.0,548.306,-0.391038,548.958,6356.0,548.958,5461.0
331.515,57671.0,331.515,193986.0,331.515,-160.0,331.515,-60.0,548.786,-0.413913,549.45,6239.0,549.45,5585.0
331.822,99614.0,331.822,209715.0,331.822,-33.0,331.822,-168.0,549.308,-0.436513,549.926,6539.0,549.926,5293.0
332.12,125829.0,332.12,209715.0,332.12,-117.0,332.12,-210.0,549.777,-0.444661,550.443,-7854.0,550.443,-6428.0
332.434,99614.0,332.434,204472.0,332.434,-195.0,332.434,-154.0,550.323,-0.444777,550.974,-7505.0,550.974,-6107.0
332.747,78643.0,332.747,167772.0,332.747,-123.0,332.747,-203.0,550.781,-0.435442,551.417,-7207.0,551.417,-5767.0
333.022,115343.0,333.022,167772.0,333.022,-26.0,333.022,-116.0,551.29,-0.410673,551.921,-7143.0,551.921,-5645.0
333.331,99614.0,333.331,173014.0,333.331,-181.0,333.331,-70.0,551.764,-0.389199,552.449,-7278.0,552.449,-5768.0
333.613,146800.0,333.613,173014.0,333.613,-193.0,333.613,-124.0,552.265,-0.386667,552.914,-7303.0,552.914,-5757.0
333.929,136314.0,333.929,167772.0,333.929,-109.0,333.929,-226.0,552.766,-0.392373,553.425,-7361.0,553.425,-5743.0
334.251,115343.0,334.251,157286.0,334.251,-119.0,334.251,-186.0,553.264,-0.37893,553.95,-7499.0,553.95,-5709.0
334.51,183500.0,334.51,178257.0,334.51,13.0,334.51,-209.0,553.774,-0.347116,554.449,-7579.0,554.449,-5599.0
334.816,125829.0,334.816,162529.0,334.816,-232.0,334.816,-139.0,554.272,-0.301679,554.9,-7693.0,554.9,-5499.0
335.123,131071.0,335.123,183500.0,335.123,-141.0,335.123,-120.0,554.769,-0.247355,555.463,-7737.0,555.463,-5383.0
335.441,110100.0,335.441,173014.0,335.441,-204.0,335.441,-194.0,555.275,-0.187348,555.933,-7644.0,555.933,-5186.0
335.738,125829.0,335.738,204472.0,335.738,-316.0,335.738,-180.0,555.757,-0.127509,556.423,-7478.0,556.423,-4982.0
335.976,141557.0,335.976,230686.0,335.976,-202.0,335.976,25.0,556.259,-0.074734,556.896,-7220.0,556.896,-4738.0
336.301,131071.0,336.301,188743.0,336.301,32.0,336.301,-106.0,556.751,-0.018704,557.391,-6631.0,557.391,-4261.0
336.605,146800.0,336.605,199229.0,336.605,-264.0,336.605,26.0,557.266,0.06024,557.936,-5925.0,557.936,-3755.0
336.912,104857.0,336.912,209715.0,336.912,-194.0,336.912,38.0,557.791,0.137587,558.422,-4850.0,558.422,-3022.0
337.236,99614.0,337.236,193986.0,337.236,-204.0,337.236,-61.0,558.244,0.222073,558.894,-3585.0,558.894,-2223.0
337.538,94371.0,337.538,209715.0,337.538,-264.0,337.538,-158.0,558.738,0.314565,559.423,-2146.0,559.423,-1326.0
337.807,120586.0,337.807,251658.0,337.807,-183.0,337.807,-88.0,559.242,0.410661,559.91,-634.0,559.91,-392.0
338.11,68157.0,338.11,209715.0,338.11,-370.0,338.11,-281.0,559.757,0.51436,560.388,658.0,560.388,410.0
338.406,68157.0,338.406,209715.0,338.406,-370.0,338.406,-316.0,560.255,0.607682,560.906,1892.0,560.906,1190.0
338.738,52428.0,338.738,230686.0,338.738,-86.0,338.738,-119.0,560.736,0.693017,561.431,3035.0,561.431,1929.0
338.993,52428.0,338.993,209715.0,338.993,-339.0,338.993,-297.0,561.246,0.774368,561.881,3969.0,561.881,2541.0
339.299,52428.0,339.299,204472.0,339.299,-300.0,339.299,-403.0,561.754,0.847427,562.384,4642.0,562.384,2992.0
339.655,73400.0,339.655,209715.0,339.655,-300.0,339.655,-239.0,562.231,0.910393,562.899,4661.0,562.899,2991.0
339.903,68157.0,339.903,193986.0,339.903,-184.0,339.903,-116.0,562.724,0.936018,563.369,4341.0,563.369,2757.0
340.234,68157.0,340.234,199229.0,340.234,-227.0,340.234,-275.0,563.224,0.924653,563.867,4045.0,563.867,2541.0
340.488,68157.0,340.488,193986.0,340.488,-184.0,340.488,-267.0,563.734,0.918467,564.404,3509.0,564.404,2175.0
340.789,83886.0,340.789,178257.0,340.789,65.0,340.789,84.0,564.242,0.900077,564.904,2744.0,564.904,1682.0
341.085,83886.0,341.085,204472.0,341.085,-169.0,341.085,-108.0,564.721,0.858033,565.4,1922.0,565.4,1168.0
341.401,68157.0,341.401,188743.0,341.401,85.0,341.401,-21.0,565.22,0.805214,565.877,1256.0,565.877,760.0
341.752,110100.0,341.752,193986.0,341.752,-61.0,341.752,78.0,565.718,0.755725,566.362,552.0,566.362,332.0
341.989,78643.0,341.989,220200.0,341.989,-14.0,341.989,70.0,566.217,0.706757,566.888,-160.0,566.888,-96.0
342.29,110100.0,342.29,225443.0,342.29,47.0,342.29,25.0,566.722,0.65823,567.367,-918.0,567.367,-544.0
342.576,99614.0,342.576,204472.0,342.576,110.0,342.576,-26.0,567.226,0.607871,567.859,-1502.0,567.859,-884.0
342.894,89128.0,342.894,162529.0,342.894,175.0,342.894,-49.0,567.73,0.559744,568.406,-1969.0,568.406,-1155.0
343.215,104857.0,343.215,136314.0,343.215,133.0,343.215,129.0,568.207,0.520642,568.883,-2342.0,568.883,-1370.0
343.449,125829.0,343.449,214957.0,343.449,-17.0,343.449,-65.0,568.727,0.491283,569.35,-2480.0,569.35,-1448.0
343.808,157286.0,343.808,141557.0,343.808,108.0,343.808,-241.0,569.222,0.474111,569.848,-2594.0,569.848,-1506.0
344.079,110100.0,344.079,183500.0,344.079,-153.0,344.079,-94.0,569.72,0.466452,570.375,-2555.0,570.375,-1479.0
344.381,104857.0,344.381,152043.0,344.381,26.0,344.381,-237.0,570.199,0.464956,570.844,-2489.0,570.844,-1431.0
344.704,104857.0,344.704,183500.0,344.704,-173.0,344.704,-177.0,570.722,0.471619,571.367,-2327.0,571.367,-1329.0
344.971,131071.0,344.971,183500.0,344.971,-209.0,344.971,-44.0,571.221,0.4878,571.889,-2098.0,571.889,-1188.0
345.279,83886.0,345.279,162529.0,345.279,-230.0,345.279,-56.0,571.714,0.509237,572.336,-1709.0,572.336,-965.0
345.569,141557.0,345.569,193986.0,345.569,-24.0,345.569,-201.0,572.195,0.537535,572.852,-1372.0,572.852,-772.0
345.898,115343.0,345.898,220200.0,345.898,-85.0,345.898,-146.0,572.693,0.565928,573.382,-1020.0,573.382,-572.0
346.229,104857.0,346.229,199229.0,346.229,-41.0,346.229,-33.0,573.189,0.59321,573.835,-761.0,573.835,-425.0
346.466,110100.0,346.466,141557.0,346.466,-198.0,346.466,-53.0,573.691,0.620209,574.357,-524.0,574.357,-292.0
346.768,131071.0,346.768,209715.0,346.768,-171.0,346.768,-122.0,574.197,0.64311,574.854,-338.0,574.854,-188.0
347.065,131071.0,347.065,199229.0,347.065,8.0,347.065,-130.0,574.68,0.657921,575.37,-135.0,575.37,-75.0
347.378,89128.0,347.378,199229.0,347.378,-105.0,347.378,-86.0,575.203,0.667938,575.851,-1.0,575.851,-1.0
347.668,89128.0,347.668,167772.0,347.668,10.0,347.668,32.0,575.729,0.675122,576.336,114.0,576.336,64.0
347.973,73400.0,347.973,204472.0,347.973,-97.0,347.973,86.0,576.199,0.683712,576.85,263.0,576.85,145.0
348.256,104857.0,348.256,230686.0,348.256,-47.0,348.256,190.0,576.688,0.690965,577.351,396.0,577.351,218.0
348.564,83886.0,348.564,220200.0,348.564,-158.0,348.564,-80.0,577.192,0.696981,577.814,438.0,577.814,240.0
348.869,89128.0,348.869,193986.0,348.869,-245.0,348.869,-285.0,577.676,0.700564,578.317,511.0,578.317,279.0
349.192,62914.0,349.192,246415.0,349.192,88.0,349.192,-160.0,578.191,0.704624,578.857,530.0,578.857,288.0
349.459,94371.0,349.459,193986.0,349.459,-142.0,349.459,-64.0,578.672,0.709303,579.342,644.0,579.342,350.0
349.756,78643.0,349.756,188743.0,349.756,15.0,349.756,-176.0,579.178,0.712081,579.82,672.0,579.82,366.0
350.116,73400.0,350.116,225443.0,350.116,25.0,350.116,88.0,579.679,0.71264,580.332,713.0,580.332,387.0
350.357,83886.0,350.357,167772.0,350.357,174.0,350.357,-14.0,580.168,0.713998,580.831,740.0,580.831,398.0
350.694,73400.0,350.694,199229.0,350.694,-11.0,350.694,-46.0,580.681,0.714775,581.312,799.0,581.312,425.0
350.95,99614.0,350.95,199229.0,350.95,-211.0,350.95,-50.0,581.172,0.715062,581.83,798.0,581.83,422.0
351.256,78643.0,351.256,183500.0,351.256,21.0,351.256,-87.0,581.66,0.712259,582.349,848.0,582.349,446.0
351.543,94371.0,351.543,193986.0,351.543,73.0,351.543,48.0,582.155,0.709085,582.802,844.0,582.802,440.0
351.86,78643.0,351.86,173014.0,351.86,61.0,351.86,-96.0,582.673,0.706472,583.307,853.0,583.307,443.0
352.195,110100.0,352.195,157286.0,352.195,-188.0,352.195,-133.0,583.157,0.701602,583.82,819.0,583.82,421.0
352.438,78643.0,352.438,173014.0,352.438,284.0,352.438,-131.0,583.666,0.695314,584.328,839.0,584.328,429.0
352.759,115343.0,352.759,188743.0,352.759,-53.0,352.759,-73.0,584.168,0.687217,584.788,750.0,584.788,382.0
353.04,83886.0,353.04,152043.0,353.04,-40.0,353.04,35.0,584.656,0.680113,585.317,761.0,585.317,387.0
353.354,110100.0,353.354,183500.0,353.354,163.0,353.354,6.0,585.159,0.671415,585.823,683.0,585.823,343.0
353.671,94371.0,353.671,178257.0,353.671,54.0,353.671,-172.0,585.662,0.663396,586.31,650.0,586.31,320.0
353.946,99614.0,353.946,193986.0,353.946,111.0,353.946,-281.0,586.146,0.656128,586.798,576.0,586.798,282.0
354.257,152043.0,354.257,199229.0,354.257,84.0,354.257,57.0,586.639,0.64908,587.281,414.0,587.281,200.0
354.544,125829.0,354.544,199229.0,354.544,32.0,354.544,-134.0,587.14,0.64387,587.815,354.0,587.815,168.0
354.848,131071.0,354.848,162529.0,354.848,142.0,354.848,-57.0,587.65,0.638807,588.311,353.0,588.311,167.0
355.169,94371.0,355.169,167772.0,355.169,229.0,355.169,-209.0,588.13,0.631986,588.78,321.0,588.78,151.0
355.433,120586.0,355.433,225443.0,355.433,195.0,355.433,-192.0,588.651,0.625056,589.329,285.0,589.329,133.0
355.738,83886.0,355.738,162529.0,355.738,225.0,355.738,-5.0,589.133,0.619513,589.799,238.0,589.799,112.0
356.039,141557.0,356.039,183500.0,356.039,23.0,356.039,117.0,589.649,0.614268,590.272,154.0,590.272,72.0
356.37,131071.0,356.37,188743.0,356.37,268.0,356.37,59.0,590.148,0.607031,590.805,138.0,590.805,64.0
356.65,125829.0,356.65,220200.0,356.65,-2.0,356.65,207.0,590.627,0.599471,591.301,89.0,591.301,41.0
356.927,115343.0,356.927,193986.0,356.927,322.0,356.927,65.0,591.142,0.593355,591.774,-46.0,591.774,-22.0
357.227,94371.0,357.227,225443.0,357.227,307.0,357.227,150.0,591.617,0.586169,592.289,-183.0,592.289,-83.0
357.525,99614.0,357.525,235929.0,357.525,84.0,357.525,70.0,592.13,0.579534,592.81,-343.0,592.81,-153.0
357.851,83886.0,357.851,225443.0,357.851,179.0,357.851,-59.0,592.633,0.572152,593.263,-523.0,593.263,-229.0
358.124,68157.0,358.124,209715.0,358.124,389.0,358.124,225.0,593.136,0.565954,593.769,-785.0,593.769,-339.0
358.449,68157.0,358.449,204472.0,358.449,236.0,358.449,-82.0,593.613,0.562346,594.281,-975.0,594.281,-419.0
358.729,62914.0,358.729,214957.0,358.729,214.0,358.729,-12.0,594.126,0.561492,594.759,-995.0,594.759,-423.0
359.017,47185.0,359.017,193986.0,359.017,295.0,359.017,23.0,594.623,0.565031,595.271,-929.0,595.271,-389.0
359.337,47185.0,359.337,214957.0,359.337,56.0,359.337,249.0,595.112,0.572587,595.777,-855.0,595.777,-357.0
359.681,62914.0,359.681,235929.0,359.681,101.0,359.681,30.0,595.629,0.582828,596.283,-582.0,596.283,-246.0
359.921,41943.0,359.921,204472.0,359.921,207.0,359.921,-162.0,596.125,0.594863,596.773,-432.0,596.773,-184.0
360.216,36700.0,360.216,235929.0,360.216,-159.0,360.216,-147.0,596.656,0.605571,597.263,-320.0,597.263,-138.0
360.566,68157.0,360.566,241172.0,360.566,243.0,360.566,79.0,597.1,0.613748,597.763,-130.0,597.763,-56.0
360.789,41943.0,360.789,235929.0,360.789,84.0,360.789,137.0,597.602,0.619549,598.266,61.0,598.266,27.0
361.145,57671.0,361.145,220200.0,361.145,268.0,361.145,157.0,598.103,0.624711,598.766,783.0,598.766,349.0
361.411,41943.0,361.411,204472.0,361.411,313.0,361.411,185.0,598.617,0.629064,599.272,1439.0,599.272,661.0
361.713,10485.0,361.713,220200.0,361.713,249.0,361.713,-134.0,599.114,0.632841,599.781,2309.0,599.781,1111.0
362.01,41943.0,362.01,214957.0,362.01,212.0,362.01,48.0,599.596,0.629797,600.273,2378.0,600.273,1160.0
362.317,62914.0,362.317,241172.0,362.317,84.0,362.317,-31.0,600.131,0.611508,600.745,2108.0,600.745,1032.0
362.677,15728.0,362.677,225443.0,362.677,-36.0,362.677,101.0,600.601,0.579453,601.268,1449.0,601.268,691.0
362.91,15728.0,362.91,230686.0,362.91,106.0,362.91,119.0,601.098,0.531656,601.772,939.0,601.772,441.0
363.202,41943.0,363.202,225443.0,363.202,-140.0,363.202,53.0,601.604,0.480399,602.262,671.0,602.262,315.0
363.51,15728.0,363.51,178257.0,363.51,82.0,363.51,136.0,602.08,0.438225,602.772,1201.0,602.772,579.0
363.816,26214.0,363.816,204472.0,363.816,-33.0,363.816,49.0,602.584,0.404318,603.282,1406.0,603.282,692.0
364.138,20971.0,364.138,220200.0,364.138,-37.0,364.138,88.0,603.101,0.373506,603.727,1372.0,603.727,688.0
364.375,5242.0,364.375,220200.0,364.375,-13.0,364.375,-44.0,603.603,0.341474,604.249,1372.0,604.249,700.0
364.732,20971.0,364.732,230686.0,364.732,-189.0,364.732,122.0,604.091,0.310222,604.744,1355.0,604.744,707.0
365.007,-20971.0,365.007,225443.0,365.007,-257.0,365.007,-17.0,604.585,0.280293,605.221,1300.0,605.221,694.0
365.307,-10485.0,365.307,256900.0,365.307,-90.0,365.307,61.0,605.092,0.25133,605.728,1210.0,605.728,658.0
365.64,-89128.0,365.64,246415.0,365.64,-122.0,365.64,52.0,605.572,0.223796,606.249,1054.0,606.249,584.0
365.914,-68157.0,365.914,220200.0,365.914,-359.0,365.914,53.0,606.088,0.198038,606.748,917.0,606.748,521.0
366.194,-94371.0,366.194,235929.0,366.194,-130.0,366.194,138.0,606.571,0.17357,607.244,789.0,607.244,457.0
366.5,-136314.0,366.5,235929.0,366.5,-300.0,366.5,-23.0,607.072,0.151092,607.724,616.0,607.724,362.0
366.832,-141557.0,366.832,204472.0,366.832,-235.0,366.832,-35.0,607.576,0.131084,608.21,298.0,608.21,176.0
367.105,-136314.0,367.105,204472.0,367.105,-198.0,367.105,-32.0,608.064,0.109403,608.73,22.0,608.73,14.0
367.429,-193986.0,367.429,157286.0,367.429,-220.0,367.429,4.0,608.56,0.088502,609.218,-265.0,609.218,-157.0
367.697,-193986.0,367.697,162529.0,367.697,-260.0,367.697,-291.0,609.057,0.069096,609.705,-571.0,609.705,-339.0
367.995,-235929.0,367.995,131071.0,367.995,-260.0,367.995,-199.0,609.576,0.051859,610.235,1913.0,610.235,3031.0
368.296,-267386.0,368.296,99614.0,368.296,-242.0,368.296,-205.0,610.098,0.03566,610.724,1491.0,610.724,4417.0
368.658,-230686.0,368.658,73400.0,368.658,-183.0,368.658,-188.0,610.572,0.029715,611.203,4372.0,611.203,2151.0
368.948,-225443.0,368.948,26214.0,368.948,-109.0,368.948,9.0,611.088,0.093708,611.73,4318.0,611.73,2975.0
369.186,-214957.0,369.186,5242.0,369.186,-125.0,369.186,-170.0,611.561,0.147249,612.236,4756.0,612.236,3143.0
369.477,-235929.0,369.477,-20971.0,369.477,3.0,369.477,-216.0,612.074,0.166289,612.691,5129.0,612.691,3495.0
369.795,-214957.0,369.795,-10485.0,369.795,-145.0,369.795,-167.0,612.562,0.151252,613.211,4937.0,613.211,4290.0
370.117,-167772.0,370.117,-26214.0,370.117,-242.0,370.117,-115.0,613.092,0.116923,613.735,5498.0,613.735,4118.0
370.38,-199229.0,370.38,-41943.0,370.38,88.0,370.38,-128.0,613.545,0.117384,614.182,5623.0,614.182,4489.0
370.676,-230686.0,370.676,-78643.0,370.676,202.0,370.676,-94.0,614.094,0.116378,614.697,5823.0,614.697,4580.0
371.027,-220200.0,371.027,-83886.0,371.027,-107.0,371.027,-49.0,614.538,0.118202,615.212,6354.0,615.212,4379.0
371.281,-209715.0,371.281,-73400.0,371.281,77.0,371.281,0.0,615.053,0.120784,615.705,6243.0,615.705,4755.0
371.602,-178257.0,371.602,-41943.0,371.602,-83.0,371.602,48.0,615.535,0.09915,616.211,6526.0,616.211,4766.0
371.875,-152043.0,371.875,-41943.0,371.875,-58.0,371.875,-39.0,616.095,0.079769,616.703,6751.0,616.703,4882.0
372.179,-209715.0,372.179,-47185.0,372.179,17.0,372.179,-89.0,616.547,0.058452,617.205,6576.0,617.205,5206.0
372.466,-183500.0,372.466,-68157.0,372.466,3.0,372.466,99.0,617.049,0.027982,617.698,6994.0,617.698,4909.0
372.783,-209715.0,372.783,-36700.0,372.783,-44.0,372.783,43.0,617.536,-0.0049,618.181,6947.0,618.181,4885.0
373.119,-209715.0,373.119,-47185.0,373.119,-112.0,373.119,-106.0,618.04,-0.032521,618.698,6963.0,618.698,4853.0
373.363,-209715.0,373.363,-41943.0,373.363,-50.0,373.363,81.0,618.527,-0.069959,619.193,7123.0,619.193,4791.0
373.668,-209715.0,373.668,-15728.0,373.668,44.0,373.668,30.0,619.065,-0.115077,619.669,6571.0,619.669,5389.0
373.979,-225443.0,373.979,-36700.0,373.979,71.0,373.979,22.0,619.54,-0.165268,620.16,6742.0,620.16,5018.0
374.275,-235929.0,374.275,-47185.0,374.275,167.0,374.275,-335.0,620.047,-0.200536,620.714,6992.0,620.714,4926.0
374.591,-256900.0,374.591,-36700.0,374.591,286.0,374.591,-16.0,620.511,-0.235473,621.183,6468.0,621.183,5482.0
374.872,-209715.0,374.872,-31457.0,374.872,35.0,374.872,4.0,621.062,-0.281316,621.661,6769.0,621.661,5213.0
375.196,-220200.0,375.196,-20971.0,375.196,199.0,375.196,-75.0,621.543,-0.324353,622.177,7072.0,622.177,4796.0
375.459,-225443.0,375.459,-20971.0,375.459,2.0,375.459,36.0,622.016,-0.36353,622.681,7071.0,622.681,4853.0
375.771,-209715.0,375.771,-36700.0,375.771,143.0,375.771,19.0,622.531,-0.409794,623.154,7145.0,623.154,4577.0
376.102,-220200.0,376.102,-52428.0,376.102,193.0,376.102,-116.0,623.037,-0.457022,623.685,6814.0,623.685,5063.0
376.356,-220200.0,376.356,-57671.0,376.356,81.0,376.356,-23.0,623.514,-0.518021,624.199,7049.0,624.199,4774.0
376.627,-235929.0,376.627,-78643.0,376.627,274.0,376.627,-56.0,624.033,-0.583205,624.65,7112.0,624.65,4838.0
376.966,-225443.0,376.966,-73400.0,376.966,-57.0,376.966,-328.0,624.519,-0.648624,625.16,7074.0,625.16,4726.0
377.281,-209715.0,377.281,-78643.0,377.281,41.0,377.281,-129.0,625.066,-0.720902,625.681,6625.0,625.681,5159.0
377.569,-235929.0,377.569,-94371.0,377.569,-34.0,377.569,-147.0,625.493,-0.79999,626.14,6272.0,626.14,5690.0
377.852,-230686.0,377.852,-94371.0,377.852,-31.0,377.852,-301.0,626.015,-0.875977,626.681,6654.0,626.681,5092.0
378.149,-204472.0,378.149,-78643.0,378.149,81.0,378.149,-182.0,626.496,-0.927292,627.168,6151.0,627.168,5687.0
378.448,-183500.0,378.448,-115343.0,378.448,-76.0,378.448,-77.0,627.021,-0.974282,627.671,5981.0,627.671,5857.0
378.759,-199229.0,378.759,-125829.0,378.759,86.0,378.759,-35.0,627.502,-0.998707,628.165,5973.0,628.165,5874.0
379.047,-173014.0,379.047,-120586.0,379.047,-50.0,379.047,20.0,628.031,-0.999733,628.695,6048.0,628.695,5746.0
379.387,-173014.0,379.387,-94371.0,379.387,202.0,379.387,87.0,628.487,-0.974429,629.164,5977.0,629.164,5824.0
379.65,-230686.0,379.65,-141557.0,379.65,64.0,379.65,33.0,629.028,-0.926591,629.673,6447.0,629.673,5175.0
379.945,-204472.0,379.945,-104857.0,379.945,-31.0,379.945,84.0,629.497,-0.855457,630.158,6430.0,630.158,5468.0
380.252,-193986.0,380.252,-99614.0,380.252,60.0,380.252,-31.0,630.009,-0.803243,630.629,6396.0,630.629,5463.0
380.569,-214957.0,380.569,-89128.0,380.569,199.0,380.569,-183.0,630.475,-0.750844,631.157,6813.0,631.157,4974.0
380.845,-183500.0,380.845,-99614.0,380.845,161.0,380.845,-275.0,631.017,-0.709136,631.665,6990.0,631.665,4744.0
381.166,-193986.0,381.166,-99614.0,381.166,204.0,381.166,-275.0,631.491,-0.684333,632.116,6966.0,632.116,4819.0
381.489,-193986.0,381.489,-125829.0,381.489,155.0,381.489,33.0,632.002,-0.683989,632.651,6776.0,632.651,4969.0
381.749,-167772.0,381.749,-73400.0,381.749,323.0,381.749,-91.0,632.48,-0.700362,633.146,7273.0,633.146,4646.0
382.066,-188743.0,382.066,-94371.0,382.066,309.0,382.066,112.0,632.998,-0.726049,633.624,7008.0,633.624,4859.0
382.333,-214957.0,382.333,-110100.0,382.333,47.0,382.333,-239.0,633.468,-0.777037,634.134,7007.0,634.134,4778.0
382.633,-193986.0,382.633,-104857.0,382.633,190.0,382.633,-236.0,634.016,-0.825692,634.658,6714.0,634.658,5074.0
382.953,-214957.0,382.953,-120586.0,382.953,174.0,382.953,-161.0,634.478,-0.872716,635.109,6188.0,635.109,5658.0
383.242,-204472.0,383.242,-78643.0,383.242,40.0,383.242,-121.0,635.002,-0.916075,635.613,6208.0,635.613,5599.0
383.576,-214957.0,383.576,-104857.0,383.576,52.0,383.576,-85.0,635.552,-0.938166,636.155,6133.0,636.155,5702.0
383.831,-199229.0,383.831,-83886.0,383.831,82.0,383.831,-79.0,635.973,-0.950002,636.606,6234.0,636.606,5620.0
384.133,-199229.0,384.133,-83886.0,384.133,43.0,384.133,-13.0,636.452,-0.94182,637.101,5461.0,637.101,6332.0
384.435,-209715.0,384.435,-99614.0,384.435,-13.0,384.435,171.0,636.995,-0.918713,637.623,5942.0,637.623,5868.0
384.737,-188743.0,384.737,-99614.0,384.737,174.0,384.737,-215.0,637.471,-0.855674,638.135,6093.0,638.135,5681.0
385.061,-267386.0,385.061,-110100.0,385.061,192.0,385.061,-6.0,637.97,-0.777281,638.632,6131.0,638.632,5629.0
385.297,-251658.0,385.297,-104857.0,385.297,29.0,385.297,4.0,638.469,-0.699602,639.151,6133.0,639.151,5683.0
385.631,-193986.0,385.631,-99614.0,385.631,6.0,385.631,-43.0,638.997,-0.605421,639.621,7095.0,639.621,4623.0
385.923,-188743.0,385.923,-167772.0,385.923,303.0,385.923,-64.0,639.45,-0.512207,640.111,6700.0,640.111,5063.0
386.257,-209715.0,386.257,-125829.0,386.257,100.0,386.257,-280.0,639.988,-0.456551,640.591,7117.0,640.591,4683.0
386.546,-193986.0,386.546,-120586.0,386.546,-37.0,386.546,-28.0,640.442,-0.417181,641.084,7707.0,641.084,4136.0
386.821,-230686.0,386.821,-146800.0,386.821,87.0,386.821,-83.0,640.97,-0.422015,641.649,7343.0,641.649,4457.0
387.089,-204472.0,387.089,-157286.0,387.089,54.0,387.089,-43.0,641.439,-0.476663,642.112,7219.0,642.112,4694.0
387.42,-162529.0,387.42,-167772.0,387.42,91.0,387.42,-23.0,641.983,-0.561018,642.584,7103.0,642.584,4904.0
387.744,-188743.0,387.744,-162529.0,387.744,60.0,387.744,12.0,642.436,-0.650889,643.111,6847.0,643.111,5010.0
388.036,-173014.0,388.036,-115343.0,388.036,25.0,388.036,-34.0,642.99,-0.740899,643.603,6443.0,643.603,5611.0
388.321,-162529.0,388.321,-152043.0,388.321,86.0,388.321,-38.0,643.449,-0.830223,644.077,6044.0,644.077,5747.0
388.615,-225443.0,388.615,-188743.0,388.615,-66.0,388.615,-76.0,643.948,-0.896474,644.601,5334.0,644.601,6504.0
388.913,-146800.0,388.913,-146800.0,388.913,-124.0,388.913,174.0,644.439,-0.936147,645.116,6047.0,645.116,5653.0
389.216,-115343.0,389.216,-141557.0,389.216,-112.0,389.216,7.0,644.95,-0.932145,645.573,5820.0,645.573,5934.0
389.515,-183500.0,389.515,-173014.0,389.515,-174.0,389.515,43.0,645.443,-0.906069,646.084,5858.0,646.084,5858.0
389.821,-162529.0,389.821,-167772.0,389.821,182.0,389.821,36.0,645.961,-0.843477,646.557,6023.0,646.557,5850.0
390.106,-131071.0,390.106,-157286.0,390.106,189.0,390.106,85.0,646.421,-0.758098,647.061,6447.0,647.061,5204.0
390.405,-157286.0,390.405,-157286.0,390.405,-24.0,390.405,-230.0,646.948,-0.663511,647.557,6468.0,647.557,5359.0
390.723,-162529.0,390.723,-152043.0,390.723,-20.0,390.723,-117.0,647.424,-0.591837,648.085,6924.0,648.085,4840.0
391.04,-178257.0,391.04,-178257.0,391.04,58.0,391.04,-31.0,647.941,-0.534591,648.596,7233.0,648.596,4632.0
391.341,-167772.0,391.341,-146800.0,391.341,24.0,391.341,-124.0,648.44,-0.505045,649.079,6715.0,649.079,5195.0
391.599,-178257.0,391.599,-152043.0,391.599,-97.0,391.599,1.0,648.959,-0.505533,649.567,6978.0,649.567,4798.0
391.914,-173014.0,391.914,-146800.0,391.914,-212.0,391.914,-39.0,649.405,-0.519942,650.057,6803.0,650.057,5054.0
392.169,-131071.0,392.169,-115343.0,392.169,58.0,392.169,-23.0,649.932,-0.563394,650.58,7369.0,650.58,4410.0
392.525,-146800.0,392.525,-146800.0,392.525,-327.0,392.525,167.0,650.408,-0.627405,651.057,7048.0,651.057,4922.0
392.798,-204472.0,392.798,-125829.0,392.798,-318.0,392.798,133.0,650.934,-0.710783,651.55,6839.0,651.55,4978.0
393.101,-183500.0,393.101,-125829.0,393.101,-56.0,393.101,132.0,651.422,-0.796192,652.092,6722.0,652.092,5223.0
393.402,-183500.0,393.402,-115343.0,393.402,-20.0,393.402,43.0,651.952,-0.870477,652.568,6426.0,652.568,5314.0
393.702,-214957.0,393.702,-136314.0,393.702,16.0,393.702,-214.0,652.419,-0.938061,653.052,5682.0,653.052,6363.0
394.051,-225443.0,394.051,-110100.0,394.051,-132.0,394.051,93.0,652.919,-0.983187,653.564,5781.0,653.564,6060.0
394.293,-188743.0,394.293,-136314.0,394.293,-184.0,394.293,-77.0,653.394,-0.991175,654.062,5738.0,654.062,5936.0
394.593,-188743.0,394.593,-99614.0,394.593,-41.0,394.593,71.0,653.916,-0.984265,654.544,6459.0,654.544,5345.0
394.888,-209715.0,394.888,-141557.0,394.888,60.0,394.888,-111.0,654.386,-0.963843,655.065,6014.0,655.065,5921.0
395.203,-199229.0,395.203,-131071.0,395.203,121.0,395.203,-60.0,654.937,-0.919127,655.579,5926.0,655.579,5771.0
395.514,-173014.0,395.514,-94371.0,395.514,-26.0,395.514,71.0,655.425,-0.843059,656.036,7113.0,656.036,4717.0
395.793,-162529.0,395.793,-115343.0,395.793,-38.0,395.793,-15.0,655.936,-0.757563,656.548,6822.0,656.548,5100.0
396.106,-183500.0,396.106,-104857.0,396.106,102.0,396.106,-84.0,656.433,-0.713437,657.069,6757.0,657.069,4973.0
396.387,-220200.0,396.387,-183500.0,396.387,168.0,396.387,-208.0,656.896,-0.682231,657.549,7743.0,657.549,4044.0
396.692,-193986.0,396.692,-146800.0,396.692,-13.0,396.692,-271.0,657.38,-0.653032,658.056,7036.0,658.056,4784.0
397.016,-173014.0,397.016,-136314.0,397.016,197.0,397.016,-165.0,657.893,-0.665795,658.572,7665.0,658.572,4205.0
397.286,-146800.0,397.286,-120586.0,397.286,161.0,397.286,-100.0,658.377,-0.690705,659.051,7349.0,659.051,4690.0
397.574,-183500.0,397.574,-152043.0,397.574,-81.0,397.574,-34.0,658.893,-0.750198,659.551,7232.0,659.551,4685.0
397.885,-157286.0,397.885,-141557.0,397.885,37.0,397.885,-46.0,659.412,-0.829558,660.029,6988.0,660.029,4931.0
398.204,-199229.0,398.204,-162529.0,398.204,81.0,398.204,-176.0,659.894,-0.926108,660.517,7225.0,660.517,4733.0
398.529,-146800.0,398.529,-162529.0,398.529,178.0,398.529,87.0,660.369,-1.027004,661.045,6618.0,661.045,5265.0
398.748,-157286.0,398.748,-141557.0,398.748,123.0,398.748,-12.0,660.919,-1.126894,661.513,6325.0,661.513,5729.0
399.076,-178257.0,399.076,-152043.0,399.076,-59.0,399.076,76.0,661.404,-1.204648,662.006,5680.0,662.006,6098.0
399.374,-188743.0,399.374,-131071.0,399.374,-109.0,399.374,35.0,661.894,-1.263789,662.563,5955.0,662.563,5918.0
399.681,-131071.0,399.681,-141557.0,399.681,67.0,399.681,17.0,662.363,-1.297469,663.038,6045.0,663.038,5784.0
399.985,-173014.0,399.985,-131071.0,399.985,-223.0,399.985,145.0,662.911,-1.300809,663.485,5458.0,663.485,6453.0
400.32,-178257.0,400.32,-104857.0,400.32,-33.0,400.32,154.0,663.359,-1.282779,664.035,5383.0,664.035,6344.0
400.56,-183500.0,400.56,-131071.0,400.56,-213.0,400.56,-42.0,663.959,-1.215121,664.545,5805.0,664.545,6043.0
400.881,-209715.0,400.881,-94371.0,400.881,-89.0,400.881,56.0,664.355,-1.103832,664.999,6243.0,664.999,5495.0
401.18,-209715.0,401.18,-104857.0,401.18,-218.0,401.18,371.0,664.883,-0.988849,665.53,6658.0,665.53,5248.0
401.499,-193986.0,401.499,-89128.0,401.499,-89.0,401.499,155.0,665.357,-0.883091,666.045,6861.0,666.045,4897.0
401.764,-225443.0,401.764,-125829.0,401.764,-60.0,401.764,201.0,665.866,-0.806701,666.505,6917.0,666.505,4965.0
402.068,-204472.0,402.068,-89128.0,402.068,-46.0,402.068,316.0,666.377,-0.779401,666.999,7640.0,666.999,4282.0
402.425,-183500.0,402.425,-73400.0,402.425,-111.0,402.425,203.0,666.863,-0.771481,667.512,7752.0,667.512,4174.0
402.662,-230686.0,402.662,-78643.0,402.662,-147.0,402.662,369.0,667.362,-0.800947,667.987,7850.0,667.987,4027.0
402.996,-220200.0,402.996,-68157.0,402.996,-200.0,402.996,250.0,667.882,-0.87181,668.494,7806.0,668.494,4282.0
403.259,-209715.0,403.259,-62914.0,403.259,-258.0,403.259,155.0,668.343,-0.97276,668.989,6946.0,668.989,4994.0
403.551,-235929.0,403.551,-52428.0,403.551,-255.0,403.551,-135.0,668.866,-1.086023,669.462,6591.0,669.462,5316.0
403.863,-167772.0,403.863,-47185.0,403.863,-172.0,403.863,180.0,669.361,-1.199142,669.963,6929.0,669.963,5016.0
404.167,-220200.0,404.167,-26214.0,404.167,-196.0,404.167,318.0,669.891,-1.308098,670.525,6262.0,670.525,5673.0
404.504,-251658.0,404.504,-31457.0,404.504,-104.0,404.504,119.0,670.33,-1.394833,670.973,5477.0,670.973,6436.0
404.749,-246415.0,404.749,-41943.0,404.749,-142.0,404.749,106.0,670.866,-1.456397,671.507,5505.0,671.507,6336.0
405.046,-220200.0,405.046,-57671.0,405.046,-59.0,405.046,-36.0,671.841,-1.431798,671.998,5169.0,671.998,6633.0
405.349,-199229.0,405.349,-15728.0,405.349,44.0,405.349,-72.0,672.343,-1.338906,672.473,5144.0,672.473,6654.0
405.636,-193986.0,405.636,-62914.0,405.636,-334.0,405.636,18.0,672.88,-1.215024,673.024,5446.0,673.024,6275.0
405.979,-204472.0,405.979,-41943.0,405.979,-190.0,405.979,-52.0,673.424,-1.066411,673.461,6292.0,673.461,5368.0
406.255,-225443.0,406.255,-31457.0,406.255,-80.0,406.255,-40.0,674.326,-0.850701,673.979,6044.0,673.979,5607.0
406.567,-220200.0,406.567,-15728.0,406.567,-308.0,406.567,129.0,674.864,-0.781422,674.489,6992.0,674.489,4839.0
406.85,-188743.0,406.85,-10485.0,406.85,-384.0,406.85,381.0,675.341,-0.756615,675.006,6998.0,675.006,4863.0
407.16,-193986.0,407.16,-15728.0,407.16,-146.0,407.16,60.0,675.866,-0.738153,675.451,7025.0,675.451,4983.0
407.471,-241172.0,407.471,-10485.0,407.471,-217.0,407.471,260.0,676.314,-0.729675,675.95,6251.0,675.95,5791.0
407.743,-214957.0,407.743,36700.0,407.743,-295.0,407.743,271.0,676.869,-0.783295,676.501,7582.0,676.501,4221.0
408.044,-204472.0,408.044,20971.0,408.044,-315.0,408.044,117.0,677.317,-0.864984,676.981,7644.0,676.981,4393.0
408.319,-188743.0,408.319,52428.0,408.319,-229.0,408.319,259.0,677.825,-0.980145,677.463,8318.0,677.463,3524.0
408.665,-230686.0,408.665,41943.0,408.665,-148.0,408.665,296.0,678.305,-1.127779,677.983,7722.0,677.983,4285.0
408.952,-214957.0,408.952,68157.0,408.952,-76.0,408.952,-192.0,678.87,-1.274219,678.451,7331.0,678.451,4609.0
409.244,-178257.0,409.244,68157.0,409.244,-145.0,409.244,-64.0,679.302,-1.394721,678.955,6678.0,678.955,5311.0
409.54,-178257.0,409.54,62914.0,409.54,-179.0,409.54,43.0,680.318,-1.504878,679.468,5985.0,679.468,5842.0
409.854,-199229.0,409.854,78643.0,409.854,-12.0,409.854,226.0,680.839,-1.511697,680.447,5502.0,680.447,6514.0
410.145,-199229.0,410.145,78643.0,410.145,-80.0,410.145,18.0,681.835,-1.457624,680.95,6019.0,680.95,5771.0
410.436,-167772.0,410.436,104857.0,410.436,-189.0,410.436,-231.0,682.291,-1.376547,681.44,5664.0,681.44,6296.0
410.746,-193986.0,410.746,125829.0,410.746,87.0,410.746,-39.0,682.823,-1.286356,681.966,6241.0,681.966,5593.0
411.028,-167772.0,411.028,115343.0,411.028,-5.0,411.028,165.0,683.295,-1.196453,682.43,75.0,682.43,45.0
411.304,-136314.0,411.304,110100.0,411.304,-66.0,411.304,237.0,683.838,-1.129742,682.936,75.0,682.936,45.0
411.638,-110100.0,411.638,136314.0,411.638,-4.0,411.638,-13.0,684.284,-1.08412,683.487,90.0,683.487,30.0
411.961,-104857.0,411.961,136314.0,411.961,-53.0,411.961,-25.0,684.799,-1.027046,683.959,75.0,683.959,45.0
412.236,-89128.0,412.236,141557.0,412.236,29.0,412.236,141.0,685.289,-0.951807,684.428,60.0,684.428,30.0
412.523,-83886.0,412.523,125829.0,412.523,25.0,412.523,-112.0,685.8,-0.883753,684.948,75.0,684.948,45.0
412.844,-83886.0,412.844,146800.0,412.844,74.0,412.844,-122.0,686.276,-0.834112,685.468,45.0,685.468,45.0
413.128,-99614.0,413.128,173014.0,413.128,63.0,413.128,161.0,686.8,-0.785039,685.923,60.0,685.923,30.0
413.453,-83886.0,413.453,167772.0,413.453,140.0,413.453,103.0,687.307,-0.726354,686.442,75.0,686.442,45.0
413.727,-83886.0,413.727,183500.0,413.727,105.0,413.727,-144.0,687.821,-0.665325,686.969,75.0,686.969,45.0
414.018,-73400.0,414.018,173014.0,414.018,-22.0,414.018,-146.0,688.271,-0.610939,687.417,60.0,687.417,30.0
414.317,-62914.0,414.317,173014.0,414.317,55.0,414.317,9.0,688.802,-0.558031,687.921,60.0,687.921,30.0
414.588,-41943.0,414.588,188743.0,414.588,-60.0,414.588,78.0,689.266,-0.495668,688.436,60.0,688.436,30.0
414.98,-52428.0,414.98,209715.0,414.98,13.0,414.98,325.0,690.269,-0.363439,688.906,75.0,688.906,45.0
415.214,-62914.0,415.214,199229.0,415.214,88.0,415.214,-109.0,690.807,-0.297687,689.413,60.0,689.413,30.0
415.517,-15728.0,415.517,199229.0,415.517,140.0,415.517,-70.0,691.269,-0.226512,689.978,75.0,689.978,45.0
415.816,-41943.0,415.816,193986.0,415.816,101.0,415.816,-90.0,691.774,-0.15244,690.439,60.0,690.439,30.0
416.122,-10485.0,416.122,214957.0,416.122,22.0,416.122,120.0,692.269,-0.075536,690.929,60.0,690.929,30.0
416.441,-26214.0,416.441,199229.0,416.441,100.0,416.441,-59.0,692.777,0.001784,691.413,60.0,691.413,30.0
416.716,-10485.0,416.716,188743.0,416.716,121.0,416.716,21.0,693.251,0.081463,691.898,75.0,691.898,45.0
417.026,5242.0,417.026,225443.0,417.026,179.0,417.026,43.0,693.796,0.160173,692.422,60.0,692.422,30.0
417.306,10485.0,417.306,225443.0,417.306,113.0,417.306,56.0,694.277,0.238107,692.893,60.0,692.893,60.0
417.615,-20971.0,417.615,204472.0,417.615,98.0,417.615,114.0,694.776,0.318308,693.401,60.0,693.401,30.0
417.949,-15728.0,417.949,230686.0,417.949,-30.0,417.949,43.0,695.244,0.397938,693.946,75.0,693.946,45.0
418.207,0.0,418.207,199229.0,418.207,-17.0,418.207,124.0,695.829,0.471629,694.414,90.0,694.414,30.0
418.492,20971.0,418.492,220200.0,418.492,-38.0,418.492,87.0,696.241,0.540842,694.887,90.0,694.887,30.0
418.823,-10485.0,418.823,209715.0,418.823,-150.0,418.823,243.0,696.796,0.61097,695.427,75.0,695.427,15.0
419.129,15728.0,419.129,225443.0,419.129,-129.0,419.129,21.0,697.237,0.681201,695.907,75.0,695.907,45.0
419.467,20971.0,419.467,230686.0,419.467,-52.0,419.467,128.0,697.78,0.745627,696.427,60.0,696.427,30.0
419.692,0.0,419.692,230686.0,419.692,-46.0,419.692,-2.0,698.233,0.802794,696.869,90.0,696.869,30.0
419.996,20971.0,419.996,230686.0,419.996,72.0,419.996,-49.0,698.746,0.85945,697.404,75.0,697.404,45.0
420.297,-20971.0,420.297,220200.0,420.297,-19.0,420.297,-11.0,699.246,0.918636,697.879,75.0,697.879,45.0
420.604,-10485.0,420.604,209715.0,420.604,258.0,420.604,287.0,699.769,0.973614,698.396,60.0,698.396,30.0
420.92,0.0,420.92,214957.0,420.92,-40.0,420.92,186.0,700.245,1.02168,698.902,60.0,698.902,30.0
421.228,-15728.0,421.228,204472.0,421.228,53.0,421.228,-108.0,700.759,1.069008,699.377,75.0,699.377,45.0
421.496,5242.0,421.496,204472.0,421.496,-150.0,421.496,-162.0,701.265,1.119782,699.903,60.0,699.903,30.0
421.809,15728.0,421.809,183500.0,421.809,-67.0,421.809,-249.0,701.755,1.169702,700.4,60.0,700.4,30.0
422.098,-15728.0,422.098,220200.0,422.098,37.0,422.098,122.0,702.221,1.213727,700.902,60.0,700.902,30.0
422.42,41943.0,422.42,188743.0,422.42,49.0,422.42,-67.0,702.762,1.25672,701.389,75.0,701.389,15.0
422.687,36700.0,422.687,199229.0,422.687,360.0,422.687,-39.0,703.231,1.302777,701.882,60.0,701.882,30.0
422.993,0.0,422.993,220200.0,422.993,-57.0,422.993,-97.0,703.734,1.351848,702.364,75.0,702.364,45.0
423.347,31457.0,423.347,220200.0,423.347,168.0,423.347,14.0,704.212,1.395827,702.901,60.0,702.901,30.0
423.593,31457.0,423.593,199229.0,423.593,-29.0,423.593,31.0,704.763,1.436144,703.359,90.0,703.359,30.0
423.921,78643.0,423.921,178257.0,423.921,118.0,423.921,-171.0,705.206,1.478728,703.878,60.0,703.878,30.0
424.18,57671.0,424.18,193986.0,424.18,137.0,424.18,-42.0,705.765,1.524588,704.407,60.0,704.407,30.0
424.482,36700.0,424.482,214957.0,424.482,-104.0,424.482,-53.0,706.22,1.567264,704.881,60.0,704.881,30.0
424.794,52428.0,424.794,209715.0,424.794,143.0,424.794,8.0,706.746,1.608407,705.355,75.0,705.355,45.0
425.094,83886.0,425.094,230686.0,425.094,-25.0,425.094,-267.0,707.212,1.578607,705.87,60.0,705.87,60.0
425.432,94371.0,425.432,183500.0,425.432,-25.0,425.432,-228.0,707.719,1.625473,706.371,5892.0,706.371,6108.0
425.681,110100.0,425.681,220200.0,425.681,-1.0,425.681,-206.0,708.21,1.684033,706.851,8801.0,706.851,3776.0
425.974,73400.0,425.974,204472.0,425.974,28.0,425.974,-96.0,708.734,1.673399,707.377,4784.0,707.377,7823.0
426.268,68157.0,426.268,193986.0,426.268,-75.0,426.268,-223.0,709.202,1.677326,707.892,60.0,707.892,30.0
426.545,89128.0,426.545,178257.0,426.545,-74.0,426.545,-238.0,709.708,1.746569,708.341,60.0,708.341,30.0
426.908,115343.0,426.908,193986.0,426.908,-234.0,426.908,-141.0,710.185,1.82057,708.844,90.0,708.844,30.0
427.164,99614.0,427.164,193986.0,427.164,-99.0,427.164,-79.0,710.736,1.848722,709.374,75.0,709.374,45.0
427.514,62914.0,427.514,220200.0,427.514,-223.0,427.514,35.0,711.185,1.863014,709.831,75.0,709.831,15.0
427.785,99614.0,427.785,214957.0,427.785,-210.0,427.785,-23.0,711.736,1.916802,710.339,60.0,710.339,30.0
428.076,83886.0,428.076,209715.0,428.076,-114.0,428.076,-186.0,712.189,1.992722,710.855,75.0,710.855,45.0
428.397,73400.0,428.397,230686.0,428.397,-187.0,428.397,-160.0,712.693,2.035685,711.365,75.0,711.365,15.0
428.663,62914.0,428.663,214957.0,428.663,-109.0,428.663,184.0,713.189,2.099232,711.859,75.0,711.859,45.0
428.967,68157.0,428.967,214957.0,428.967,-232.0,428.967,-221.0,713.691,2.390929,712.339,90.0,712.339,30.0
429.236,83886.0,429.236,225443.0,429.236,-32.0,429.236,-30.0,714.182,2.737355,712.856,3732.0,712.856,8723.0
429.595,94371.0,429.595,178257.0,429.595,31.0,429.595,-196.0,714.743,3.074111,713.345,3744.0,713.345,8813.0
429.91,68157.0,429.91,204472.0,429.91,-210.0,429.91,-14.0,715.212,-2.92309,713.843,4946.0,713.843,7393.0
430.153,52428.0,430.153,204472.0,430.153,-141.0,430.153,129.0,715.69,-2.66614,714.321,4707.0,714.321,7585.0
430.464,73400.0,430.464,241172.0,430.464,-384.0,430.464,-72.0,716.166,-2.571175,714.857,5675.0,714.857,6270.0
430.764,62914.0,430.764,246415.0,430.764,-77.0,430.764,-100.0,716.692,-2.567888,715.339,5697.0,715.339,6176.0
431.061,52428.0,431.061,220200.0,431.061,-148.0,431.061,4.0,717.179,-2.593767,715.825,7879.0,715.825,4077.0
431.359,47185.0,431.359,199229.0,431.359,63.0,431.359,-34.0,717.698,-2.612394,716.338,6765.0,716.338,5356.0
431.669,68157.0,431.669,209715.0,431.669,-218.0,431.669,-219.0,718.156,-2.620159,716.832,6800.0,716.832,5254.0
431.963,52428.0,431.963,178257.0,431.963,-352.0,431.963,-100.0,718.718,-2.627802,717.314,6584.0,717.314,5492.0
432.252,52428.0,432.252,199229.0,432.252,-21.0,432.252,-1.0,719.159,-2.619415,717.834,6676.0,717.834,5047.0
432.56,31457.0,432.56,209715.0,432.56,69.0,432.56,-103.0,719.698,-2.593954,718.345,6204.0,718.345,5880.0
432.883,52428.0,432.883,193986.0,432.883,88.0,432.883,54.0,720.15,-2.540613,718.801,6067.0,718.801,6015.0
433.119,47185.0,433.119,162529.0,433.119,160.0,433.119,155.0,720.664,-2.45888,719.28,5991.0,719.28,5994.0
433.461,83886.0,433.461,193986.0,433.461,79.0,433.461,26.0,721.145,-2.378562,719.825,6105.0,719.825,5657.0
433.8,83886.0,433.8,220200.0,433.8,-52.0,433.8,115.0,721.674,-2.304069,720.298,5856.0,720.298,6030.0
434.054,68157.0,434.054,199229.0,434.054,-272.0,434.054,-102.0,722.156,-2.228712,720.829,6014.0,720.829,6030.0
434.376,78643.0,434.376,204472.0,434.376,-59.0,434.376,-76.0,722.651,-2.17046,721.317,6606.0,721.317,5193.0
434.647,83886.0,434.647,225443.0,434.647,-226.0,434.647,11.0,723.146,-2.135017,721.829,6395.0,721.829,5336.0
434.948,89128.0,434.948,230686.0,434.948,-28.0,434.948,116.0,723.679,-2.129678,722.316,6898.0,722.316,4754.0
435.239,68157.0,435.239,225443.0,435.239,-29.0,435.239,47.0,724.152,-2.14348,722.797,6726.0,722.797,4788.0
435.51,41943.0,435.51,235929.0,435.51,-86.0,435.51,96.0,724.651,-2.153119,723.284,7087.0,723.284,4975.0
435.914,20971.0,435.914,267386.0,435.914,-254.0,435.914,21.0,725.13,-2.13662,723.766,7315.0,723.766,4709.0
436.143,-20971.0,436.143,214957.0,436.143,-88.0,436.143,-4.0,725.679,-2.116528,724.283,7285.0,724.283,4622.0
436.438,-20971.0,436.438,220200.0,436.438,-60.0,436.438,208.0,726.145,-2.111755,724.783,6567.0,724.783,5373.0
436.742,-73400.0,436.742,193986.0,436.742,23.0,436.742,238.0,726.674,-2.139755,725.322,6932.0,725.322,4962.0
437.024,-73400.0,437.024,183500.0,437.024,-129.0,437.024,15.0,727.14,-2.163455,725.804,6209.0,725.804,5661.0
437.383,-83886.0,437.383,157286.0,437.383,-85.0,437.383,-53.0,727.672,-2.166324,726.277,6151.0,726.277,5737.0
437.602,-115343.0,437.602,125829.0,437.602,-72.0,437.602,-7.0,728.12,-2.157409,726.804,7162.0,726.804,4900.0
437.951,-99614.0,437.951,78643.0,437.951,-46.0,437.951,32.0,728.67,-2.141006,727.296,6935.0,727.296,5015.0
438.228,-104857.0,438.228,52428.0,438.228,-21.0,438.228,48.0,729.13,-2.108003,727.769,6340.0,727.769,5391.0
438.538,-78643.0,438.538,57671.0,438.538,-20.0,438.538,60.0,729.656,-2.056004,728.291,6005.0,728.291,5824.0
438.864,-52428.0,438.864,47185.0,438.864,-35.0,438.864,70.0,730.114,-1.986995,728.747,6000.0,728.747,5704.0
439.12,-47185.0,439.12,26214.0,439.12,-148.0,439.12,306.0,730.641,-1.894527,729.266,5547.0,729.266,6164.0
439.43,-78643.0,439.43,41943.0,439.43,94.0,439.43,-18.0,731.123,-1.775536,729.766,6068.0,729.766,5782.0
439.723,-20971.0,439.723,20971.0,439.723,5.0,439.723,70.0,731.639,-1.675592,730.285,5638.0,730.285,6135.0
440.05,10485.0,440.05,36700.0,440.05,23.0,440.05,44.0,732.105,-1.600442,730.771,5341.0,730.771,6451.0
440.34,10485.0,440.34,31457.0,440.34,29.0,440.34,90.0,732.653,-1.517473,731.267,5455.0,731.267,6356.0
440.614,20971.0,440.614,36700.0,440.614,24.0,440.614,92.0,733.099,-1.431047,731.781,7187.0,731.781,4708.0
440.921,36700.0,440.921,52428.0,440.921,-16.0,440.921,121.0,733.608,-1.323764,732.302,6245.0,732.302,5616.0
441.224,78643.0,441.224,57671.0,441.224,-76.0,441.224,37.0,734.11,-1.227835,732.77,6275.0,732.77,5505.0
441.534,57671.0,441.534,41943.0,441.534,14.0,441.534,47.0,734.605,-1.162469,733.24,5081.0,733.24,6839.0
441.829,36700.0,441.829,78643.0,441.829,-18.0,441.829,48.0,735.095,-1.163276,733.741,-1154.0,733.741,-2314.0
442.141,31457.0,442.141,89128.0,442.141,-18.0,442.141,80.0,735.592,-1.24194,734.277,-1405.0,734.277,-2927.0
442.414,36700.0,442.414,89128.0,442.414,15.0,442.414,106.0,736.107,-1.358542,734.75,-1618.0,734.75,-3446.0
442.712,52428.0,442.712,73400.0,442.712,-49.0,442.712,110.0,736.605,-1.466173,735.265,-1634.0,735.265,-3540.0
442.985,57671.0,442.985,52428.0,442.985,27.0,442.985,41.0,737.082,-1.561799,735.791,-1403.0,735.791,-3129.0
443.341,26214.0,443.341,52428.0,443.341,-60.0,443.341,111.0,737.598,-1.655467,736.261,-1126.0,736.261,-2584.0
443.613,20971.0,443.613,31457.0,443.613,-51.0,443.613,78.0,738.083,-1.74152,736.735,-878.0,736.735,-2056.0
443.908,20971.0,443.908,47185.0,443.908,27.0,443.908,66.0,738.594,-1.80072,737.269,-677.0,737.269,-1583.0
444.259,26214.0,444.259,57671.0,444.259,-7.0,444.259,67.0,739.109,-1.831996,737.763,-480.0,737.763,-1128.0
444.481,52428.0,444.481,47185.0,444.481,-34.0,444.481,114.0,739.595,-1.858785,738.226,-379.0,738.226,-893.0
444.844,20971.0,444.844,26214.0,444.844,6.0,444.844,88.0,740.07,-1.894596,738.755,-382.0,738.755,-896.0
445.103,15728.0,445.103,41943.0,445.103,-15.0,445.103,75.0,740.577,-1.929641,739.271,-472.0,739.271,-1092.0
445.405,15728.0,445.405,31457.0,445.405,8.0,445.405,32.0,741.072,-1.95589,739.723,-536.0,739.723,-1236.0
445.701,-15728.0,445.701,68157.0,445.701,-70.0,445.701,119.0,741.571,-1.97996,740.227,-531.0,740.227,-1229.0
446.013,15728.0,446.013,36700.0,446.013,-39.0,446.013,72.0,742.094,-2.005708,740.761,-528.0,740.761,-1236.0
446.347,-10485.0,446.347,41943.0,446.347,5.0,446.347,113.0,742.585,-2.025351,741.241,-442.0,741.241,-1058.0
446.598,-5242.0,446.598,31457.0,446.598,11.0,446.598,72.0,743.082,-2.034312,741.72,-306.0,741.72,-744.0
446.899,-10485.0,446.899,31457.0,446.899,11.0,446.899,45.0,743.583,-2.036187,742.248,-214.0,742.248,-530.0
447.194,-15728.0,447.194,10485.0,447.194,25.0,447.194,64.0,744.061,-2.042773,742.744,-93.0,742.744,-239.0
447.469,-10485.0,447.469,10485.0,447.469,2.0,447.469,66.0,744.564,-2.054072,743.246,-50.0,743.246,-130.0
447.834,0.0,447.834,15728.0,447.834,16.0,447.834,37.0,745.076,-2.061243,743.722,-107.0,743.722,-283.0
448.099,-20971.0,448.099,20971.0,448.099,19.0,448.099,25.0,745.573,-2.062474,744.208,-99.0,744.208,-265.0
448.423,-31457.0,448.423,5242.0,448.423,48.0,448.423,-1.0,746.049,-2.065761,744.727,-79.0,744.727,-215.0
448.69,-20971.0,448.69,5242.0,448.69,12.0,448.69,29.0,746.549,-2.073491,745.2,-53.0,745.2,-151.0
449.031,-20971.0,449.031,0.0,449.031,-20.0,449.031,95.0,747.069,-2.079573,745.7,9.0,745.7,25.0
449.319,5242.0,449.319,-10485.0,449.319,-38.0,449.319,50.0,747.551,-2.078619,746.253,78.0,746.253,232.0
449.587,-20971.0,449.587,5242.0,449.587,33.0,449.587,12.0,748.064,-2.076454,746.726,75.0,746.726,227.0
449.882,20971.0,449.882,10485.0,449.882,-29.0,449.882,50.0,748.562,-2.078843,747.198,-8.0,747.198,-26.0
450.183,10485.0,450.183,10485.0,450.183,14.0,450.183,-2.0,749.091,-2.080122,747.727,-64.0,747.727,-220.0
450.516,0.0,450.516,10485.0,450.516,-11.0,450.516,81.0,749.541,-2.075418,748.225,-67.0,748.225,-237.0
450.809,-15728.0,450.809,10485.0,450.809,20.0,450.809,6.0,750.06,-2.068661,748.692,-79.0,748.692,-291.0
451.081,0.0,451.081,5242.0,451.081,17.0,451.081,40.0,750.538,-2.065092,749.218,-90.0,749.218,-350.0
451.388,0.0,451.388,31457.0,451.388,-152.0,451.388,74.0,751.031,-2.063412,749.738,-101.0,749.738,-413.0
451.686,15728.0,451.686,10485.0,451.686,15.0,451.686,9.0,751.551,-2.05715,750.187,-67.0,750.187,-297.0
451.953,-5242.0,451.953,10485.0,451.953,27.0,451.953,28.0,752.042,-2.046263,750.69,-55.0,750.69,-245.0
452.275,5242.0,452.275,5242.0,452.275,-1.0,452.275,9.0,752.538,-2.036087,751.204,-28.0,751.204,-130.0
452.604,0.0,452.604,5242.0,452.604,130.0,452.604,-2.0,753.033,-2.026738,751.678,-9.0,751.678,-45.0
452.851,10485.0,452.851,5242.0,452.851,-32.0,452.851,6.0,753.548,-2.015734,752.656,7.0,752.656,43.0
453.174,-15728.0,453.174,0.0,453.174,2.0,453.174,27.0,754.024,-2.001199,753.209,31.0,753.209,181.0
453.485,-10485.0,453.485,26214.0,453.485,5.0,453.485,21.0,754.522,-1.98655,753.702,17.0,753.702,107.0
453.802,-15728.0,453.802,36700.0,453.802,2.0,453.802,6.0,755.028,-1.973835,754.162,18.0,754.162,116.0
454.07,-5242.0,454.07,-5242.0,454.07,-2.0,454.07,21.0,755.539,-1.961543,754.663,32.0,754.663,220.0
454.372,26214.0,454.372,0.0,454.372,-38.0,454.372,17.0,756.035,-1.94611,755.191,23.0,755.191,169.0
454.69,-5242.0,454.69,26214.0,454.69,-12.0,454.69,11.0,756.528,-1.930915,755.718,23.0,755.718,173.0
454.973,-5242.0,454.973,20971.0,454.973,4.0,454.973,3.0,757.029,-1.916804,756.165,31.0,756.165,245.0
455.295,0.0,455.295,26214.0,455.295,-2.0,455.295,11.0,757.529,-1.903166,756.679,45.0,756.679,387.0
455.565,20971.0,455.565,26214.0,455.565,-22.0,455.565,20.0,758.009,-1.885904,757.183,50.0,757.183,440.0
455.874,26214.0,455.874,10485.0,455.874,-12.0,455.874,17.0,758.525,-1.866562,757.656,86.0,757.656,700.0
456.162,0.0,456.162,20971.0,456.162,-21.0,456.162,-2.0,759.007,-1.846402,758.179,127.0,758.179,939.0
456.471,10485.0,456.471,26214.0,456.471,15.0,456.471,-15.0,759.509,-1.823481,758.685,152.0,758.685,1064.0
456.814,20971.0,456.814,15728.0,456.814,-8.0,456.814,13.0,760.003,-1.794424,759.152,151.0,759.152,1041.0
457.06,10485.0,457.06,20971.0,457.06,23.0,457.06,11.0,760.518,-1.756145,759.684,206.0,759.684,1302.0
457.361,5242.0,457.361,26214.0,457.361,64.0,457.361,5.0,760.998,-1.71045,760.193,275.0,760.193,1523.0
457.629,-5242.0,457.629,20971.0,457.629,1.0,457.629,23.0,761.504,-1.659515,760.645,314.0,760.645,1594.0
457.969,5242.0,457.969,31457.0,457.969,31.0,457.969,-10.0,761.998,-1.6012,761.158,296.0,761.158,1486.0
458.283,20971.0,458.283,5242.0,458.283,-235.0,458.283,11.0,762.499,-1.539725,761.671,269.0,761.671,1343.0
458.559,-5242.0,458.559,-5242.0,458.559,43.0,458.559,12.0,763.004,-1.478017,762.142,202.0,762.142,1042.0
458.878,15728.0,458.878,31457.0,458.878,7.0,458.878,-25.0,763.507,-1.417339,762.648,97.0,762.648,551.0
459.155,5242.0,459.155,20971.0,459.155,45.0,459.155,-83.0,764.028,-1.358107,763.16,18.0,763.16,106.0
459.461,-5242.0,459.461,20971.0,459.461,26.0,459.461,-7.0,764.504,-1.300693,763.676,-56.0,763.676,-336.0
459.789,20971.0,459.789,15728.0,459.789,-27.0,459.789,10.0,765.005,-1.255176,764.166,-125.0,764.166,-735.0
460.054,0.0,460.054,36700.0,460.054,-32.0,460.054,10.0,765.502,-1.233024,764.648,-212.0,764.648,-1254.0
460.345,-5242.0,460.345,47185.0,460.345,25.0,460.345,-5.0,766.012,-1.241966,765.131,-280.0,765.131,-1594.0
460.66,10485.0,460.66,62914.0,460.66,-39.0,460.66,-10.0,766.503,-1.27787,765.662,-365.0,765.662,-2041.0
460.982,15728.0,460.982,20971.0,460.982,38.0,460.982,-21.0,766.981,-1.341873,766.119,-371.0,766.119,-2079.0
461.261,5242.0,461.261,15728.0,461.261,62.0,461.261,34.0,767.508,-1.426454,766.629,-441.0,766.629,-2285.0
461.539,15728.0,461.539,10485.0,461.539,-60.0,461.539,-13.0,767.968,-1.521906,767.164,-393.0,767.164,-2057.0
461.837,0.0,461.837,26214.0,461.837,55.0,461.837,14.0,768.475,-1.617857,767.661,-384.0,767.661,-1918.0
462.141,5242.0,462.141,41943.0,462.141,-17.0,462.141,-2.0,768.984,-1.709707,768.12,-320.0,768.12,-1588.0
462.449,5242.0,462.449,41943.0,462.449,0.0,462.449,-12.0,769.487,-1.794702,768.644,-316.0,768.644,-1446.0
462.774,0.0,462.774,26214.0,462.774,-21.0,462.774,5.0,769.967,-1.868331,769.139,-219.0,769.139,-989.0
463.064,-10485.0,463.064,20971.0,463.064,13.0,463.064,4.0,770.477,-1.928953,769.616,-142.0,769.616,-590.0
463.338,20971.0,463.338,0.0,463.338,3.0,463.338,-11.0,771.017,-1.980234,770.136,-57.0,770.136,-231.0
463.63,10485.0,463.63,15728.0,463.63,34.0,463.63,35.0,771.516,-2.024852,770.66,43.0,770.66,165.0
463.947,20971.0,463.947,47185.0,463.947,31.0,463.947,40.0,771.96,-2.066433,771.11,103.0,771.11,387.0
464.261,-5242.0,464.261,15728.0,464.261,-17.0,464.261,0.0,772.455,-2.101557,771.62,183.0,771.62,663.0
464.537,-5242.0,464.537,26214.0,464.537,6.0,464.537,-72.0,772.952,-2.127393,772.128,283.0,772.128,977.0
464.838,5242.0,464.838,47185.0,464.838,-27.0,464.838,8.0,773.467,-2.143351,772.606,395.0,772.606,1307.0
465.181,10485.0,465.181,0.0,465.181,15.0,465.181,-26.0,773.953,-2.148904,773.103,448.0,773.103,1470.0
465.404,-5242.0,465.404,20971.0,465.404,-3.0,465.404,7.0,774.459,-2.143773,773.629,507.0,773.629,1663.0
465.764,0.0,465.764,20971.0,465.764,22.0,465.764,-23.0,774.958,-2.129814,774.138,515.0,774.138,1687.0
466.025,5242.0,466.025,26214.0,466.025,14.0,466.025,0.0,775.442,-2.105638,774.618,448.0,774.618,1494.0
466.328,5242.0,466.328,0.0,466.328,-2.0,466.328,2.0,775.952,-2.078038,775.106,418.0,775.106,1414.0
466.62,10485.0,466.62,15728.0,466.62,-11.0,466.62,49.0,776.455,-2.051004,775.589,365.0,775.589,1243.0
466.943,-5242.0,466.943,15728.0,466.943,14.0,466.943,-3.0,776.959,-2.02364,776.114,255.0,776.114,895.0
467.274,0.0,467.274,5242.0,467.274,11.0,467.274,-31.0,777.438,-1.9969,776.62,196.0,776.62,696.0
467.493,5242.0,467.493,20971.0,467.493,2.0,467.493,-29.0,777.984,-1.973442,777.09,166.0,777.09,580.0
467.828,0.0,467.828,15728.0,467.828,27.0,467.828,-7.0,778.453,-1.951239,777.637,125.0,777.637,439.0
468.123,15728.0,468.123,15728.0,468.123,-9.0,468.123,-20.0,778.936,-1.931607,778.115,81.0,778.115,291.0
468.431,15728.0,468.431,10485.0,468.431,-56.0,468.431,-1.0,779.426,-1.914126,778.58,40.0,778.58,140.0
468.754,15728.0,468.754,5242.0,468.754,78.0,468.754,-4.0,779.931,-1.899056,779.102,35.0,779.102,125.0
469.025,-5242.0,469.025,36700.0,469.025,-20.0,469.025,42.0,780.425,-1.883029,779.607,21.0,779.607,75.0
469.333,0.0,469.333,-5242.0,469.333,36.0,469.333,-32.0,780.926,-1.867115,780.076,2.0,780.076,6.0
469.613,15728.0,469.613,26214.0,469.613,-45.0,469.613,-8.0,781.442,-1.852113,780.616,-30.0,780.616,-102.0
469.929,-5242.0,469.929,-5242.0,469.929,-54.0,469.929,-30.0,781.917,-1.839308,781.116,-63.0,781.116,-215.0
470.238,-5242.0,470.238,5242.0,470.238,28.0,470.238,-7.0,782.425,-1.827755,781.566,-133.0,781.566,-461.0
470.513,10485.0,470.513,26214.0,470.513,-8.0,470.513,25.0,782.92,-1.817831,782.073,-158.0,782.073,-546.0
470.808,20971.0,470.808,36700.0,470.808,1.0,470.808,-7.0,783.419,-1.814022,782.596,-228.0,782.596,-788.0
471.108,10485.0,471.108,20971.0,471.108,-1.0,471.108,3.0,783.917,-1.815758,783.065,-250.0,783.065,-876.0
471.438,15728.0,471.438,31457.0,471.438,7.0,471.438,15.0,784.43,-1.821007,783.584,-232.0,783.584,-820.0
471.769,10485.0,471.769,26214.0,471.769,-6.0,471.769,1.0,784.93,-1.827202,784.096,-236.0,784.096,-832.0
472.006,36700.0,472.006,36700.0,472.006,1.0,472.006,23.0,785.427,-1.83379,784.602,-217.0,784.602,-773.0
472.308,31457.0,472.308,5242.0,472.308,-11.0,472.308,-3.0,785.908,-1.8395,785.079,-192.0,785.079,-686.0
472.597,-5242.0,472.597,5242.0,472.597,5.0,472.597,-3.0,786.407,-1.845966,785.565,-179.0,785.565,-641.0
472.918,41943.0,472.918,0.0,472.918,-6.0,472.918,0.0,786.915,-1.856769,786.055,-206.0,786.055,-742.0
473.207,15728.0,473.207,26214.0,473.207,3.0,473.207,7.0,787.421,-1.877275,786.582,-262.0,786.582,-938.0
473.527,26214.0,473.527,15728.0,473.527,17.0,473.527,0.0,787.913,-1.901109,787.052,-348.0,787.052,-1216.0
473.798,15728.0,473.798,0.0,473.798,-3.0,473.798,-9.0,788.402,-1.923318,787.548,60.0,787.548,30.0
474.097,5242.0,474.097,0.0,474.097,-3.0,474.097,-8.0,788.915,-1.943273,788.086,75.0,788.086,45.0
474.408,-15728.0,474.408,20971.0,474.408,30.0,474.408,6.0,789.404,-1.959959,788.568,75.0,788.568,15.0
474.729,0.0,474.729,20971.0,474.729,-7.0,474.729,20.0,789.901,-1.973311,789.044,60.0,789.044,30.0
474.992,20971.0,474.992,5242.0,474.992,30.0,474.992,-7.0,790.411,-1.988382,789.566,60.0,789.566,30.0
475.292,10485.0,475.292,5242.0,475.292,8.0,475.292,11.0,790.929,-2.003896,790.065,60.0,790.065,30.0
475.658,-15728.0,475.658,-5242.0,475.658,17.0,475.658,-11.0,791.383,-2.015986,790.543,60.0,790.543,30.0
475.899,-15728.0,475.899,31457.0,475.899,10.0,475.899,-5.0,791.906,-2.025229,791.056,45.0,791.056,45.0
476.236,5242.0,476.236,20971.0,476.236,2.0,476.236,2.0,792.392,-2.036189,791.584,75.0,791.584,45.0
476.485,0.0,476.485,5242.0,476.485,12.0,476.485,-8.0,792.892,-2.046553,792.048,60.0,792.048,30.0
476.794,10485.0,476.794,5242.0,476.794,19.0,476.794,0.0,793.398,-2.055595,792.539,75.0,792.539,45.0
477.089,31457.0,477.089,31457.0,477.089,1.0,477.089,3.0,793.88,-2.062092,793.053,75.0,793.053,45.0
477.395,10485.0,477.395,10485.0,477.395,15.0,477.395,-1.0,794.41,-2.066741,793.547,60.0,793.547,30.0
477.736,15728.0,477.736,20971.0,477.736,-6.0,477.736,-13.0,794.888,-2.073318,794.035,75.0,794.035,45.0
477.98,10485.0,477.98,10485.0,477.98,-2.0,477.98,-23.0,795.429,-2.079522,794.551,60.0,794.551,30.0
478.285,20971.0,478.285,10485.0,478.285,17.0,478.285,-8.0,795.884,-2.083173,795.054,60.0,795.054,30.0
478.591,31457.0,478.591,5242.0,478.591,22.0,478.591,4.0,796.382,-2.086125,795.54,60.0,795.54,30.0
478.894,20971.0,478.894,10485.0,478.894,3.0,478.894,-12.0,796.868,-2.089227,796.046,60.0,796.046,30.0
479.207,10485.0,479.207,5242.0,479.207,16.0,479.207,-5.0,797.4,-2.092534,796.516,75.0,796.516,45.0
479.485,31457.0,479.485,5242.0,479.485,3.0,479.485,1.0,797.885,-2.095992,797.043,60.0,797.043,30.0
479.795,26214.0,479.795,15728.0,479.795,-6.0,479.795,2.0,798.405,-2.097205,797.535,60.0,797.535,30.0
480.095,0.0,480.095,0.0,480.095,40.0,480.095,-22.0,798.874,-2.099695,798.013,60.0,798.013,30.0
480.386,20971.0,480.386,0.0,480.386,-40.0,480.386,-14.0,799.396,-2.103841,798.566,60.0,798.566,30.0
480.72,5242.0,480.72,26214.0,480.72,13.0,480.72,-23.0,799.851,-2.106441,799.049,90.0,799.049,30.0
480.98,15728.0,480.98,26214.0,480.98,24.0,480.98,20.0,800.386,-2.108168,799.5,60.0,799.5,30.0
481.266,5242.0,481.266,10485.0,481.266,37.0,481.266,-11.0,800.854,-2.110451,800.028,60.0,800.028,30.0
481.573,0.0,481.573,10485.0,481.573,-72.0,481.573,-24.0,801.395,-2.114032,800.528,60.0,800.528,30.0
481.902,-15728.0,481.902,26214.0,481.902,107.0,481.902,59.0,801.867,-2.117254,801.004,60.0,801.004,30.0
482.184,-10485.0,482.184,31457.0,482.184,-90.0,482.184,-28.0,802.398,-2.119408,801.528,75.0,801.528,45.0
482.475,-5242.0,482.475,15728.0,482.475,-8.0,482.475,-10.0,802.854,-2.120089,802.052,60.0,802.052,30.0
482.76,10485.0,482.76,31457.0,482.76,65.0,482.76,0.0,803.357,-2.121477,802.489,60.0,802.489,30.0
483.065,5242.0,483.065,10485.0,483.065,-23.0,483.065,-16.0,803.874,-2.123608,803.005,60.0,803.005,30.0
483.374,20971.0,483.374,-5242.0,483.374,-42.0,483.374,-17.0,804.402,-2.124415,803.521,60.0,803.521,30.0
483.674,15728.0,483.674,15728.0,483.674,0.0,483.674,-32.0,804.866,-2.123806,803.985,60.0,803.985,30.0
484.0,36700.0,484.0,20971.0,484.0,79.0,484.0,14.0,805.357,-2.12485,804.487,90.0,804.487,30.0
484.265,20971.0,484.265,26214.0,484.265,53.0,484.265,-3.0,805.842,-2.127203,805.009,75.0,805.009,45.0
484.561,20971.0,484.561,26214.0,484.561,4.0,484.561,-4.0,806.367,-2.128708,805.515,60.0,805.515,30.0
484.864,26214.0,484.864,20971.0,484.864,2.0,484.864,-33.0,806.826,-2.128201,806.005,60.0,806.005,30.0
485.184,15728.0,485.184,36700.0,485.184,-15.0,485.184,-2.0,807.385,-2.127409,806.523,60.0,806.523,30.0
485.458,15728.0,485.458,26214.0,485.458,-73.0,485.458,-42.0,807.822,-2.126828,806.98,60.0,806.98,30.0
485.754,20971.0,485.754,31457.0,485.754,29.0,485.754,-4.0,808.358,-2.126436,807.497,75.0,807.497,15.0
486.104,20971.0,486.104,15728.0,486.104,-35.0,486.104,8.0,808.818,-2.124637,807.979,60.0,807.979,30.0
486.324,15728.0,486.324,10485.0,486.324,9.0,486.324,8.0,809.374,-2.121946,808.466,75.0,808.466,45.0
486.686,5242.0,486.686,20971.0,486.686,13.0,486.686,-5.0,809.82,-2.12021,809.018,60.0,809.018,30.0
486.953,5242.0,486.953,10485.0,486.953,1.0,486.953,30.0,810.365,-2.11886,809.497,75.0,809.497,45.0
487.248,36700.0,487.248,15728.0,487.248,13.0,487.248,-31.0,810.832,-2.115655,809.968,60.0,809.968,30.0
487.545,10485.0,487.545,15728.0,487.545,-13.0,487.545,-2.0,811.334,-2.110589,810.497,75.0,810.497,45.0
487.861,26214.0,487.861,15728.0,487.861,34.0,487.861,-8.0,811.816,-2.107667,810.986,60.0,810.986,30.0
488.195,15728.0,488.195,15728.0,488.195,7.0,488.195,-2.0,812.33,-2.104502,811.461,75.0,811.461,45.0
488.453,15728.0,488.453,10485.0,488.453,11.0,488.453,-20.0,812.827,-2.100427,811.983,60.0,811.983,30.0
488.743,0.0,488.743,20971.0,488.743,11.0,488.743,3.0,813.354,-2.0948,812.505,75.0,812.505,45.0
489.039,10485.0,489.039,5242.0,489.039,-6.0,489.039,6.0,813.799,-2.08967,812.978,60.0,812.978,30.0
489.352,10485.0,489.352,5242.0,489.352,37.0,489.352,-20.0,814.322,-2.085595,813.46,60.0,813.46,30.0
489.678,52428.0,489.678,31457.0,489.678,-8.0,489.678,-4.0,814.801,-2.080364,813.976,60.0,813.976,30.0
489.947,15728.0,489.947,26214.0,489.947,12.0,489.947,-5.0,815.329,-2.073537,814.447,60.0,814.447,30.0
490.252,20971.0,490.252,20971.0,490.252,17.0,490.252,0.0,815.797,-2.067199,814.956,60.0,814.956,30.0
490.545,5242.0,490.545,0.0,490.545,6.0,490.545,11.0,816.342,-2.061741,815.47,60.0,815.47,30.0
490.851,10485.0,490.851,36700.0,490.851,-5.0,490.851,-22.0,816.821,-2.05544,815.98,60.0,815.98,30.0
491.162,15728.0,491.162,26214.0,491.162,12.0,491.162,-3.0,817.35,-2.047364,816.475,60.0,816.475,30.0
491.439,10485.0,491.439,31457.0,491.439,-11.0,491.439,-25.0,817.785,-2.03937,816.953,75.0,816.953,45.0
491.735,5242.0,491.735,5242.0,491.735,5.0,491.735,5.0,818.318,-2.032917,817.438,60.0,817.438,30.0
492.037,5242.0,492.037,15728.0,492.037,4.0,492.037,-13.0,818.799,-2.025309,817.969,60.0,817.969,30.0
492.368,5242.0,492.368,26214.0,492.368,1.0,492.368,-4.0,819.334,-2.01708,818.441,75.0,818.441,45.0
492.643,5242.0,492.643,5242.0,492.643,-10.0,492.643,20.0,819.798,-2.008731,818.935,60.0,818.935,30.0
492.93,0.0,492.93,10485.0,492.93,-8.0,492.93,1.0,820.304,-1.999607,819.477,75.0,819.477,45.0
493.232,26214.0,493.232,20971.0,493.232,0.0,493.232,-6.0,820.779,-1.991686,819.955,60.0,819.955,30.0
493.535,47185.0,493.535,15728.0,493.535,81.0,493.535,83.0,821.293,-1.983043,820.427,60.0,820.427,30.0
493.795,10485.0,493.795,20971.0,493.795,-214.0,493.795,-135.0,821.776,-1.97259,820.951,60.0,820.951,30.0
494.131,-5242.0,494.131,10485.0,494.131,9.0,494.131,-59.0,822.34,-1.962038,821.446,75.0,821.446,45.0
494.441,0.0,494.441,36700.0,494.441,110.0,494.441,-143.0,822.791,-1.952796,821.924,60.0,821.924,30.0
494.721,0.0,494.721,36700.0,494.721,26.0,494.721,-216.0,823.314,-1.942768,822.428,75.0,822.428,45.0
495.025,-26214.0,495.025,62914.0,495.025,-148.0,495.025,45.0,823.768,-1.931252,822.964,75.0,822.964,45.0
495.291,-31457.0,495.291,26214.0,495.291,-199.0,495.291,76.0,824.281,-1.920055,823.417,60.0,823.417,30.0
495.675,-5242.0,495.675,31457.0,495.675,-124.0,495.675,-40.0,824.758,-1.909118,823.928,75.0,823.928,45.0
495.924,-41943.0,495.924,57671.0,495.924,-28.0,495.924,-84.0,825.302,-1.899094,824.454,90.0,824.454,30.0
496.215,-62914.0,496.215,26214.0,496.215,-11.0,496.215,8.0,826.277,-1.875665,824.913,75.0,824.913,45.0
496.541,-31457.0,496.541,41943.0,496.541,-104.0,496.541,147.0,826.81,-1.863543,825.44,75.0,825.44,15.0
496.824,-31457.0,496.824,57671.0,496.824,53.0,496.824,199.0,827.284,-1.851759,825.925,45.0,825.925,45.0
497.14,-41943.0,497.14,47185.0,497.14,-112.0,497.14,66.0,827.756,-1.839164,826.441,75.0,826.441,45.0
497.411,-68157.0,497.411,41943.0,497.411,-101.0,497.411,251.0,828.295,-1.826834,826.938,60.0,826.938,30.0
497.716,-73400.0,497.716,41943.0,497.716,-141.0,497.716,217.0,828.758,-1.815484,827.419,75.0,827.419,45.0
498.017,-89128.0,498.017,57671.0,498.017,-94.0,498.017,-112.0,829.278,-1.803829,827.9,60.0,827.9,30.0
498.318,-131071.0,498.318,78643.0,498.318,169.0,498.318,-60.0,829.795,-1.791655,828.421,75.0,828.421,45.0
498.662,-99614.0,498.662,57671.0,498.662,174.0,498.662,-101.0,830.292,-1.778287,828.905,75.0,828.905,45.0
498.909,-110100.0,498.909,83886.0,498.909,-24.0,498.909,-212.0,830.78,-1.765488,829.39,60.0,829.39,30.0
499.211,-104857.0,499.211,78643.0,499.211,280.0,499.211,259.0,831.352,-1.753354,829.955,60.0,829.955,30.0
499.527,-115343.0,499.527,78643.0,499.527,116.0,499.527,168.0,831.756,-1.741612,830.418,60.0,830.418,30.0
499.776,-141557.0,499.776,110100.0,499.776,-4.0,499.776,-13.0,832.266,-1.729424,830.965,60.0,830.965,30.0
500.129,-141557.0,500.129,104857.0,500.129,5.0,500.129,29.0,832.737,-1.716984,831.427,75.0,831.427,45.0
500.408,-131071.0,500.408,99614.0,500.408,146.0,500.408,-120.0,833.262,-1.703959,831.909,60.0,831.909,30.0
500.717,-125829.0,500.717,115343.0,500.717,-99.0,500.717,-173.0,833.75,-1.691934,832.386,60.0,832.386,30.0
500.999,-110100.0,500.999,115343.0,500.999,0.0,500.999,234.0,834.27,-1.678646,832.915,45.0,832.915,45.0
501.308,-115343.0,501.308,110100.0,501.308,-4.0,501.308,-113.0,834.734,-1.665618,833.43,60.0,833.43,30.0
501.625,-104857.0,501.625,162529.0,501.625,-32.0,501.625,53.0,835.254,-1.652721,833.879,60.0,833.879,30.0
501.899,-52428.0,501.899,125829.0,501.899,80.0,501.899,-42.0,835.724,-1.640054,834.389,60.0,834.389,30.0
502.197,-57671.0,502.197,146800.0,502.197,-55.0,502.197,131.0,836.271,-1.627198,834.897,75.0,834.897,15.0
502.498,-47185.0,502.498,152043.0,502.498,54.0,502.498,-3.0,837.262,-1.599352,835.368,75.0,835.368,45.0
502.822,-68157.0,502.822,157286.0,502.822,52.0,502.822,135.0,837.717,-1.586201,835.873,75.0,835.873,45.0
503.127,-41943.0,503.127,146800.0,503.127,139.0,503.127,24.0,838.224,-1.573186,836.391,60.0,836.391,30.0
503.389,5242.0,503.389,131071.0,503.389,90.0,503.389,-84.0,838.713,-1.559909,836.879,60.0,836.879,30.0
503.688,10485.0,503.688,131071.0,503.688,64.0,503.688,-25.0,839.235,-1.547105,837.392,60.0,837.392,30.0
503.988,31457.0,503.988,141557.0,503.988,181.0,503.988,-120.0,839.729,-1.533561,837.875,75.0,837.875,45.0
504.296,57671.0,504.296,104857.0,504.296,72.0,504.296,12.0,840.255,-1.520169,838.362,60.0,838.362,30.0
504.618,62914.0,504.618,68157.0,504.618,-17.0,504.618,-193.0,840.728,-1.504855,838.89,60.0,838.89,30.0
504.931,83886.0,504.931,73400.0,504.931,-52.0,504.931,-119.0,841.231,-1.489096,839.381,75.0,839.381,45.0
505.188,62914.0,505.188,73400.0,505.188,-47.0,505.188,-200.0,841.702,-1.47355,839.857,75.0,839.857,45.0
505.484,110100.0,505.484,73400.0,505.484,0.0,505.484,-310.0,842.23,-1.45891,840.406,75.0,840.406,45.0
505.791,110100.0,505.791,10485.0,505.791,-7.0,505.791,-245.0,843.244,-1.428127,840.876,75.0,840.876,45.0
506.119,125829.0,506.119,47185.0,506.119,163.0,506.119,-281.0,843.695,-1.413849,841.346,60.0,841.346,30.0
506.385,141557.0,506.385,10485.0,506.385,-13.0,506.385,-211.0,844.245,-1.399886,841.873,60.0,841.873,30.0
506.676,136314.0,506.676,-5242.0,506.676,-169.0,506.676,-156.0,844.697,-1.38529,842.343,75.0,842.343,45.0
507.031,120586.0,507.031,15728.0,507.031,-2.0,507.031,-264.0,845.203,-1.371158,842.93,75.0,842.93,45.0
507.279,146800.0,507.279,15728.0,507.279,-161.0,507.279,-122.0,845.683,-1.356428,843.363,60.0,843.363,30.0
507.612,141557.0,507.612,-15728.0,507.612,-115.0,507.612,-259.0,846.224,-1.342462,843.886,90.0,843.886,30.0
507.875,157286.0,507.875,-10485.0,507.875,-264.0,507.875,68.0,846.679,-1.327164,844.37,60.0,844.37,30.0
508.171,162529.0,508.171,-10485.0,508.171,-39.0,508.171,-66.0,847.2,-1.312257,844.85,75.0,844.85,45.0
508.478,214957.0,508.478,5242.0,508.478,-84.0,508.478,-125.0,847.692,-1.297023,845.374,75.0,845.374,45.0
508.742,162529.0,508.742,-31457.0,508.742,-90.0,508.742,-60.0,848.198,-1.281738,845.834,60.0,845.834,30.0
509.126,183500.0,509.126,-5242.0,509.126,-144.0,509.126,-87.0,848.685,-1.265843,846.358,45.0,846.358,45.0
509.361,204472.0,509.361,-31457.0,509.361,0.0,509.361,-167.0,849.229,-1.250277,846.863,60.0,846.863,30.0
509.66,188743.0,509.66,-5242.0,509.66,-224.0,509.66,45.0,849.693,-1.235371,847.357,60.0,847.357,30.0
509.967,230686.0,509.967,-15728.0,509.967,-63.0,509.967,45.0,850.202,-1.220773,847.85,60.0,847.85,30.0
510.274,199229.0,510.274,0.0,510.274,-194.0,510.274,171.0,850.68,-1.204973,848.334,60.0,848.334,30.0
510.599,241172.0,510.599,-10485.0,510.599,-32.0,510.599,130.0,851.21,-1.189849,848.823,75.0,848.823,45.0
510.834,262143.0,510.834,26214.0,510.834,-248.0,510.834,-43.0,851.673,-1.175833,849.346,60.0,849.346,30.0
511.196,235929.0,511.196,20971.0,511.196,68.0,511.196,-85.0,852.175,-1.160503,849.816,60.0,849.816,30.0
511.46,188743.0,511.46,20971.0,511.46,-305.0,511.46,-37.0,852.661,-1.146791,850.313,75.0,850.313,45.0
511.73,183500.0,511.73,15728.0,511.73,-154.0,511.73,-38.0,853.191,-1.131227,850.867,75.0,850.867,45.0
512.099,220200.0,512.099,26214.0,512.099,-74.0,512.099,-93.0,853.664,-1.115226,851.336,75.0,851.336,45.0
512.356,220200.0,512.356,31457.0,512.356,-266.0,512.356,-55.0,854.185,-1.099227,851.818,60.0,851.818,30.0
512.652,214957.0,512.652,15728.0,512.652,67.0,512.652,-51.0,854.673,-1.0844,852.344,75.0,852.344,45.0
512.957,220200.0,512.957,62914.0,512.957,-16.0,512.957,-134.0,855.202,-1.068756,852.869,60.0,852.869,30.0
513.287,241172.0,513.287,57671.0,513.287,-153.0,513.287,-12.0,855.657,-1.051607,853.336,75.0,853.336,45.0
513.601,199229.0,513.601,26214.0,513.601,-140.0,513.601,80.0,856.18,-1.035965,853.828,60.0,853.828,30.0
513.85,235929.0,513.85,20971.0,513.85,2.0,513.85,-52.0,856.647,-1.019817,854.348,60.0,854.348,30.0
514.155,214957.0,514.155,47185.0,514.155,-65.0,514.155,-170.0,857.174,-1.004741,854.826,75.0,854.826,15.0
514.448,188743.0,514.448,47185.0,514.448,-7.0,514.448,-68.0,857.644,-0.989462,855.308,75.0,855.308,45.0
514.753,204472.0,514.753,20971.0,514.753,-19.0,514.753,-314.0,858.192,-0.975132,856.291,75.0,856.291,45.0
515.115,220200.0,515.115,15728.0,515.115,-121.0,515.115,-133.0,858.658,-0.961193,856.797,60.0,856.797,30.0
515.361,209715.0,515.361,31457.0,515.361,23.0,515.361,-313.0,859.153,-0.94595,857.32,60.0,857.32,30.0
515.643,267386.0,515.643,10485.0,515.643,-124.0,515.643,-134.0,859.636,-0.930725,857.832,60.0,857.832,30.0
515.938,204472.0,515.938,10485.0,515.938,-8.0,515.938,-236.0,860.158,-0.915221,858.322,45.0,858.322,45.0
516.253,204472.0,516.253,5242.0,516.253,-119.0,516.253,-232.0,860.636,-0.901043,858.797,75.0,858.797,45.0
516.569,204472.0,516.569,5242.0,516.569,-51.0,516.569,-43.0,861.169,-0.885782,859.316,75.0,859.316,45.0
516.844,288358.0,516.844,10485.0,516.844,109.0,516.844,-77.0,861.645,-0.869293,859.804,75.0,859.804,45.0
517.154,246415.0,517.154,20971.0,517.154,150.0,517.154,-179.0,862.162,-0.852682,860.277,60.0,860.277,30.0
517.449,220200.0,517.449,-5242.0,517.449,-12.0,517.449,-213.0,862.62,-0.838679,860.78,75.0,860.78,45.0
517.71,220200.0,517.71,15728.0,517.71,-91.0,517.71,97.0,863.165,-0.824898,861.321,60.0,861.321,30.0
518.087,230686.0,518.087,20971.0,518.087,-46.0,518.087,-66.0,863.649,-0.810429,861.798,60.0,861.798,30.0
518.333,193986.0,518.333,-10485.0,518.333,92.0,518.333,-80.0,864.172,-0.796344,862.269,60.0,862.269,30.0
518.638,209715.0,518.638,15728.0,518.638,-12.0,518.638,-3.0,864.616,-0.78216,862.803,60.0,862.803,30.0
518.94,214957.0,518.94,-5242.0,518.94,-48.0,518.94,-245.0,865.166,-0.768964,863.292,75.0,863.292,45.0
519.245,235929.0,519.245,5242.0,519.245,-149.0,519.245,1.0,865.616,-0.75597,863.768,60.0,863.768,30.0
519.585,277872.0,519.585,31457.0,519.585,-233.0,519.585,65.0,866.148,-0.742635,864.264,60.0,864.264,30.0
519.829,241172.0,519.829,5242.0,519.829,39.0,519.829,-69.0,866.623,-0.728419,864.81,90.0,864.81,30.0
520.148,225443.0,520.148,5242.0,520.148,-123.0,520.148,187.0,867.155,-0.714136,865.259,60.0,865.259,30.0
520.442,241172.0,520.442,10485.0,520.442,88.0,520.442,54.0,867.616,-0.699199,865.767,60.0,865.767,30.0
520.735,225443.0,520.735,-10485.0,520.735,-42.0,520.735,47.0,868.127,-0.684728,866.287,75.0,866.287,45.0
521.055,235929.0,521.055,0.0,521.055,109.0,521.055,137.0,868.66,-0.670281,866.758,75.0,866.758,45.0
521.33,235929.0,521.33,-10485.0,521.33,212.0,521.33,-260.0,869.124,-0.655176,867.286,60.0,867.286,30.0
521.647,220200.0,521.647,31457.0,521.647,63.0,521.647,-9.0,869.608,-0.64266,867.776,60.0,867.776,30.0
521.917,246415.0,521.917,0.0,521.917,83.0,521.917,-31.0,870.158,-0.628796,868.29,60.0,868.29,30.0
522.192,251658.0,522.192,20971.0,522.192,-163.0,522.192,-117.0,870.613,-0.615001,868.781,60.0,868.781,30.0
522.553,262143.0,522.553,0.0,522.553,61.0,522.553,-162.0,871.13,-0.608638,869.267,60.0,869.267,30.0
522.824,262143.0,522.824,5242.0,522.824,-51.0,522.824,-160.0,871.59,-0.673597,869.746,60.0,869.746,30.0
523.113,225443.0,523.113,-15728.0,523.113,-45.0,523.113,-203.0,872.16,-0.849741,870.265,60.0,870.265,30.0
523.426,241172.0,523.426,0.0,523.426,-96.0,523.426,-196.0,872.591,-1.099793,870.75,3307.0,870.75,1353.0
523.752,256900.0,523.752,15728.0,523.752,78.0,523.752,-191.0,873.165,-1.397003,871.264,5063.0,871.264,695.0
524.032,256900.0,524.032,15728.0,524.032,-55.0,524.032,-5.0,873.586,-1.704543,871.722,5818.0,871.722,742.0
524.611,256900.0,524.611,10485.0,524.611,86.0,524.611,-112.0,874.115,-1.957798,872.729,6809.0,872.729,1393.0
524.912,230686.0,524.912,0.0,524.912,32.0,524.912,-94.0,874.595,-2.1263,873.257,7034.0,873.257,1995.0
525.219,183500.0,525.219,15728.0,525.219,-130.0,525.219,111.0,875.13,-2.320447,873.773,6209.0,873.773,3590.0
525.509,193986.0,525.509,15728.0,525.509,164.0,525.509,-153.0,875.6,-2.527741,874.229,7090.0,874.229,3681.0
525.833,199229.0,525.833,0.0,525.833,31.0,525.833,10.0,876.14,-2.713885,874.759,6664.0,874.759,4913.0
526.112,230686.0,526.112,-10485.0,526.112,199.0,526.112,-174.0,876.67,-2.8506,875.276,8437.0,875.276,3939.0
526.416,204472.0,526.416,10485.0,526.416,-15.0,526.416,-170.0,877.105,-2.966419,875.75,7508.0,875.75,4755.0
526.721,235929.0,526.721,26214.0,526.721,21.0,526.721,-29.0,877.57,-3.088721,876.227,7050.0,876.227,5186.0
527.038,199229.0,527.038,-5242.0,527.038,62.0,527.038,95.0,878.102,3.108508,876.743,7478.0,876.743,4732.0
527.306,230686.0,527.306,15728.0,527.306,105.0,527.306,238.0,878.568,3.022243,877.215,7680.0,877.215,4500.0
527.6,183500.0,527.6,15728.0,527.6,209.0,527.6,165.0,879.114,2.961245,877.718,6894.0,877.718,5261.0
527.951,209715.0,527.951,0.0,527.951,77.0,527.951,111.0,879.563,2.938185,878.246,7155.0,878.246,4884.0
528.21,262143.0,528.21,-10485.0,528.21,45.0,528.21,-142.0,880.073,2.93651,878.746,6740.0,878.746,5316.0
528.531,262143.0,528.531,0.0,528.531,43.0,528.531,1.0,880.573,2.925443,879.238,5951.0,879.238,6163.0
528.795,214957.0,528.795,-20971.0,528.795,44.0,528.795,66.0,881.079,2.952832,879.723,6510.0,879.723,5500.0
529.094,241172.0,529.094,-15728.0,529.094,-63.0,529.094,-28.0,881.574,2.982699,880.207,6736.0,880.207,5383.0
529.405,235929.0,529.405,-26214.0,529.405,-6.0,529.405,62.0,882.106,3.038335,880.702,5675.0,880.702,6270.0
529.669,246415.0,529.669,-5242.0,529.669,24.0,529.669,-139.0,882.581,3.10218,881.227,6220.0,881.227,5482.0
530.044,241172.0,530.044,-10485.0,530.044,19.0,530.044,-122.0,883.086,-3.112026,881.703,6223.0,881.703,5703.0
530.297,214957.0,530.297,-41943.0,530.297,319.0,530.297,-136.0,883.552,-3.039215,882.24,6490.0,882.24,5409.0
530.584,251658.0,530.584,-41943.0,530.584,156.0,530.584,-213.0,884.08,-2.983539,882.73,5946.0,882.73,5799.0
530.883,199229.0,530.883,-26214.0,530.883,247.0,530.883,-87.0,884.547,-2.936835,883.254,6414.0,883.254,5452.0
531.165,251658.0,531.165,-20971.0,531.165,281.0,531.165,191.0,885.09,-2.89538,883.718,5925.0,883.718,5725.0
531.518,241172.0,531.518,-26214.0,531.518,341.0,531.518,-12.0,885.545,-2.861024,884.242,7042.0,884.242,4846.0
531.757,235929.0,531.757,-5242.0,531.757,125.0,531.757,-140.0,886.095,-2.840466,884.722,6695.0,884.722,5164.0
532.113,220200.0,532.113,0.0,532.113,144.0,532.113,-122.0,886.552,-2.83989,885.735,7031.0,885.735,4814.0
532.382,251658.0,532.382,-10485.0,532.382,202.0,532.382,-190.0,887.052,-2.847263,886.182,7147.0,886.182,4731.0
532.695,262143.0,532.695,-15728.0,532.695,129.0,532.695,-137.0,887.534,-2.858456,886.689,6594.0,886.689,5199.0
533.011,204472.0,533.011,-57671.0,533.011,139.0,533.011,-133.0,888.079,-2.866185,887.212,6940.0,887.212,4924.0
533.291,277872.0,533.291,-5242.0,533.291,247.0,533.291,-109.0,888.524,-2.867743,887.705,6693.0,887.705,5106.0
533.55,246415.0,533.55,-10485.0,533.55,-54.0,533.55,-89.0,889.059,-2.873085,888.71,6793.0,888.71,5132.0
533.851,272629.0,533.851,-5242.0,533.851,61.0,533.851,-17.0,889.568,-2.864104,889.208,6382.0,889.208,5436.0
534.202,225443.0,534.202,-15728.0,534.202,25.0,534.202,99.0,890.061,-2.833528,889.704,5771.0,889.704,6022.0
534.525,193986.0,534.525,-15728.0,534.525,58.0,534.525,22.0,890.531,-2.794247,890.15,6184.0,890.15,5654.0
534.768,183500.0,534.768,-36700.0,534.768,21.0,534.768,44.0,891.074,-2.728523,890.684,5799.0,890.684,6098.0
535.08,235929.0,535.08,-15728.0,535.08,98.0,535.08,202.0,891.52,-2.647037,891.188,5787.0,891.188,5829.0
535.381,209715.0,535.381,-20971.0,535.381,284.0,535.381,-122.0,892.038,-2.568533,891.689,6056.0,891.689,5794.0
535.688,225443.0,535.688,0.0,535.688,19.0,535.688,152.0,892.516,-2.503062,892.173,6207.0,892.173,5695.0
535.972,262143.0,535.972,-15728.0,535.972,17.0,535.972,48.0,893.066,-2.438223,892.721,6650.0,892.721,5194.0
536.283,251658.0,536.283,-20971.0,536.283,229.0,536.283,-3.0,893.512,-2.3958,893.189,6752.0,893.189,5101.0
536.567,246415.0,536.567,-5242.0,536.567,39.0,536.567,378.0,894.062,-2.360973,893.661,6454.0,893.661,5387.0
536.842,188743.0,536.842,-26214.0,536.842,-94.0,536.842,285.0,894.526,-2.336829,894.186,6644.0,894.186,5149.0
537.172,220200.0,537.172,-36700.0,537.172,44.0,537.172,-59.0,895.032,-2.346392,894.688,7440.0,894.688,4338.0
537.492,241172.0,537.492,-47185.0,537.492,62.0,537.492,-68.0,895.499,-2.381773,895.155,6997.0,895.155,4761.0
537.767,188743.0,537.767,-31457.0,537.767,175.0,537.767,334.0,896.035,-2.435425,895.69,7185.0,895.69,4641.0
538.064,199229.0,538.064,-31457.0,538.064,85.0,538.064,192.0,896.525,-2.494896,896.198,7100.0,896.198,4758.0
538.369,199229.0,538.369,-47185.0,538.369,153.0,538.369,152.0,897.043,-2.544833,896.649,6577.0,896.649,5357.0
538.668,256900.0,538.668,-68157.0,538.668,74.0,538.668,51.0,897.491,-2.586837,897.154,6631.0,897.154,5297.0
538.988,256900.0,538.988,-57671.0,538.988,107.0,538.988,-53.0,898.025,-2.618365,897.667,6523.0,897.667,5392.0
539.256,241172.0,539.256,-31457.0,539.256,20.0,539.256,98.0,898.504,-2.63555,898.145,6229.0,898.145,5545.0
539.563,230686.0,539.563,-26214.0,539.563,20.0,539.563,19.0,899.022,-2.624454,898.639,5737.0,898.639,6055.0
539.851,230686.0,539.851,-36700.0,539.851,0.0,539.851,142.0,899.49,-2.588497,899.167,5983.0,899.167,5904.0
540.125,214957.0,540.125,-31457.0,540.125,128.0,540.125,325.0,900.038,-2.53201,899.67,6050.0,899.67,5832.0
540.503,209715.0,540.503,-41943.0,540.503,245.0,540.503,-21.0,900.49,-2.462616,900.167,5861.0,900.167,5885.0
540.772,272629.0,540.772,-31457.0,540.772,72.0,540.772,209.0,901.03,-2.381069,900.646,6078.0,900.646,5712.0
541.05,256900.0,541.05,-47185.0,541.05,219.0,541.05,3.0,902.015,-2.27079,901.131,6564.0,901.131,5332.0
541.357,235929.0,541.357,-41943.0,541.357,124.0,541.357,86.0,902.532,-2.243258,901.613,6780.0,901.613,5021.0
541.659,235929.0,541.659,-36700.0,541.659,149.0,541.659,16.0,903.055,-2.224344,902.134,6643.0,902.134,5041.0
541.977,193986.0,541.977,-57671.0,541.977,113.0,541.977,46.0,903.587,-2.215899,902.629,6862.0,902.629,4887.0
542.246,178257.0,542.246,-36700.0,542.246,-17.0,542.246,-95.0,903.996,-2.228569,903.174,6575.0,903.174,5122.0
542.565,204472.0,542.565,-31457.0,542.565,167.0,542.565,-57.0,904.473,-2.263736,904.117,7282.0,904.117,4643.0
542.843,235929.0,542.843,-41943.0,542.843,103.0,542.843,-70.0,904.985,-2.301592,904.643,7086.0,904.643,4750.0
543.116,225443.0,543.116,-52428.0,543.116,-1.0,543.116,173.0,905.47,-2.356371,905.144,6891.0,905.144,4909.0
543.496,235929.0,543.496,-57671.0,543.496,221.0,543.496,-23.0,906.011,-2.40479,905.621,6736.0,905.621,5187.0
543.74,230686.0,543.74,-52428.0,543.74,46.0,543.74,-19.0,906.479,-2.437529,906.136,6415.0,906.136,5467.0
544.036,220200.0,544.036,-57671.0,544.036,290.0,544.036,-144.0,907.012,-2.456289,906.654,6371.0,906.654,5400.0
544.347,204472.0,544.347,-47185.0,544.347,-127.0,544.347,-48.0,907.507,-2.471693,907.105,6494.0,907.105,5325.0
544.675,256900.0,544.675,-62914.0,544.675,101.0,544.675,-67.0,907.973,-2.480469,907.616,6319.0,907.616,5365.0
544.986,225443.0,544.986,-57671.0,544.986,43.0,544.986,-122.0,908.457,-2.464468,908.128,5732.0,908.128,6083.0
545.229,251658.0,545.229,-52428.0,545.229,81.0,545.229,54.0,908.995,-2.434114,908.632,6005.0,908.632,5623.0
545.505,241172.0,545.505,-47185.0,545.505,335.0,545.505,-243.0,909.453,-2.381961,909.132,5754.0,909.132,6020.0
545.832,199229.0,545.832,-73400.0,545.832,130.0,545.832,-45.0,909.97,-2.328281,909.624,6033.0,909.624,5722.0
546.107,209715.0,546.107,-73400.0,546.107,250.0,546.107,19.0,910.524,-2.274618,910.08,6128.0,910.08,5579.0
546.466,188743.0,546.466,-94371.0,546.466,105.0,546.466,86.0,910.97,-2.2306,910.629,6551.0,910.629,5250.0
546.759,225443.0,546.759,-83886.0,546.759,114.0,546.759,-5.0,911.44,-2.194803,911.083,6430.0,911.083,5185.0
547.036,209715.0,547.036,-62914.0,547.036,169.0,547.036,55.0,912.006,-2.1749,911.616,6687.0,911.616,5195.0
547.325,209715.0,547.325,-78643.0,547.325,-2.0,547.325,197.0,912.462,-2.172707,912.122,6934.0,912.122,4849.0
547.637,220200.0,547.637,-78643.0,547.637,108.0,547.637,53.0,912.97,-2.183723,912.589,6964.0,912.589,4882.0
547.954,188743.0,547.954,-120586.0,547.954,-16.0,547.954,13.0,913.439,-2.210602,913.083,6919.0,913.083,4893.0
548.228,220200.0,548.228,-110100.0,548.228,57.0,548.228,-52.0,913.98,-2.241714,913.633,6638.0,913.633,5170.0
548.528,230686.0,548.528,-89128.0,548.528,75.0,548.528,-42.0,914.454,-2.266794,914.104,6542.0,914.104,5200.0
548.881,204472.0,548.881,-104857.0,548.881,-37.0,548.881,117.0,914.948,-2.305215,914.572,6926.0,914.572,4939.0
549.134,188743.0,549.134,-110100.0,549.134,55.0,549.134,136.0,915.448,-2.342569,915.11,6806.0,915.11,5040.0
549.452,188743.0,549.452,-125829.0,549.452,8.0,549.452,-186.0,915.953,-2.391254,915.619,6809.0,915.619,4948.0
549.714,193986.0,549.714,-110100.0,549.714,105.0,549.714,-18.0,916.43,-2.429333,916.077,6432.0,916.077,5347.0
550.015,193986.0,550.015,-104857.0,550.015,28.0,550.015,62.0,916.966,-2.45224,916.619,6415.0,916.619,5380.0
550.324,188743.0,550.324,-110100.0,550.324,-163.0,550.324,42.0,917.455,-2.463838,917.115,6359.0,917.115,5436.0
550.589,193986.0,550.589,-104857.0,550.589,-155.0,550.589,-142.0,917.972,-2.471087,917.573,6393.0,917.573,5414.0
550.977,152043.0,550.977,-78643.0,550.977,21.0,550.977,290.0,918.427,-2.45739,918.076,6163.0,918.076,5651.0
551.213,115343.0,551.213,-83886.0,551.213,-95.0,551.213,125.0,918.989,-2.426815,918.59,6217.0,918.59,5622.0
551.511,52428.0,551.511,-52428.0,551.511,-374.0,551.511,21.0,919.42,-2.379274,919.066,5986.0,919.066,5816.0
551.806,26214.0,551.806,-10485.0,551.806,-134.0,551.806,-34.0,919.943,-2.329712,919.568,6075.0,919.568,5707.0
552.122,-10485.0,552.122,-10485.0,552.122,48.0,552.122,52.0,920.434,-2.283173,920.088,6435.0,920.088,5311.0
552.451,-62914.0,552.451,10485.0,552.451,92.0,552.451,181.0,920.968,-2.243772,920.6,6384.0,920.6,5353.0
552.705,-57671.0,552.705,15728.0,552.705,-63.0,552.705,-166.0,921.915,-2.197732,921.086,6790.0,921.086,4986.0
553.037,-26214.0,553.037,0.0,553.037,34.0,553.037,162.0,922.417,-2.195563,921.568,6997.0,921.568,4758.0
553.305,-15728.0,553.305,15728.0,553.305,-129.0,553.305,-353.0,922.926,-2.209522,922.054,6817.0,922.054,4952.0
553.625,-68157.0,553.625,15728.0,553.625,34.0,553.625,220.0,923.402,-2.228887,922.585,6877.0,922.585,4935.0
553.952,-68157.0,553.952,36700.0,553.952,-278.0,553.952,-138.0,923.951,-2.264142,923.048,6971.0,923.048,4832.0
554.209,-89128.0,554.209,41943.0,554.209,115.0,554.209,-74.0,924.441,-2.303358,923.55,6882.0,923.55,4949.0
554.502,-104857.0,554.502,57671.0,554.502,-103.0,554.502,65.0,924.915,-2.348807,924.098,6850.0,924.098,4998.0
554.794,-110100.0,554.794,52428.0,554.794,135.0,554.794,164.0,925.405,-2.378666,924.539,6636.0,924.539,5246.0
555.129,-152043.0,555.129,41943.0,555.129,70.0,555.129,-64.0,925.924,-2.404103,925.04,6447.0,925.04,5314.0
555.465,-141557.0,555.465,57671.0,555.465,81.0,555.465,-234.0,926.39,-2.427456,925.608,6440.0,925.608,5367.0
555.7,-141557.0,555.7,36700.0,555.7,267.0,555.7,165.0,926.94,-2.444614,926.068,6699.0,926.068,5170.0
555.989,-136314.0,555.989,31457.0,555.989,59.0,555.989,96.0,927.406,-2.454913,927.578,5852.0,927.578,5948.0
556.299,-141557.0,556.299,47185.0,556.299,58.0,556.299,-50.0,927.946,-2.431087,928.027,6236.0,928.027,5606.0
556.607,-199229.0,556.607,10485.0,556.607,99.0,556.607,30.0,928.391,-2.395652,928.547,6056.0,928.547,5795.0
556.897,-183500.0,556.897,5242.0,556.897,-66.0,556.897,-107.0,928.943,-2.348127,929.055,6116.0,929.055,5670.0
557.208,-146800.0,557.208,31457.0,557.208,55.0,557.208,10.0,929.38,-2.29557,929.551,6244.0,929.551,5512.0
557.49,-178257.0,557.49,36700.0,557.49,118.0,557.49,-119.0,929.928,-2.24876,930.028,6484.0,930.028,5273.0
557.791,-173014.0,557.791,41943.0,557.791,233.0,557.791,-89.0,930.406,-2.208449,930.547,6575.0,930.547,5032.0
558.1,-131071.0,558.1,15728.0,558.1,83.0,558.1,-79.0,930.9,-2.174964,931.053,6678.0,931.053,5104.0
558.424,-146800.0,558.424,5242.0,558.424,135.0,558.424,5.0,931.379,-2.15583,931.543,6691.0,931.543,5176.0
558.704,-173014.0,558.704,10485.0,558.704,29.0,558.704,72.0,931.906,-2.149926,932.033,6747.0,932.033,5041.0
558.99,-141557.0,558.99,10485.0,558.99,17.0,558.99,16.0,932.377,-2.160948,932.516,6971.0,932.516,4928.0
559.341,-131071.0,559.341,-10485.0,559.341,101.0,559.341,-31.0,932.917,-2.191332,933.044,6778.0,933.044,5084.0
559.586,-110100.0,559.586,-31457.0,559.586,72.0,559.586,61.0,933.382,-2.221199,933.505,6733.0,933.505,5169.0
559.912,-68157.0,559.912,5242.0,559.912,79.0,559.912,87.0,933.893,-2.259474,934.011,6800.0,934.011,5065.0
560.18,-41943.0,560.18,15728.0,560.18,27.0,560.18,32.0,934.356,-2.304797,934.561,6500.0,934.561,5427.0
560.48,-68157.0,560.48,-5242.0,560.48,-10.0,560.48,17.0,934.91,-2.354937,935.034,6789.0,935.034,5064.0
560.778,-78643.0,560.778,-5242.0,560.778,-39.0,560.778,21.0,935.358,-2.406253,935.544,6422.0,935.544,5501.0
561.05,-52428.0,561.05,15728.0,561.05,9.0,561.05,31.0,935.87,-2.454975,936.033,6477.0,936.033,5366.0
561.432,-68157.0,561.432,-10485.0,561.432,93.0,561.432,56.0,936.371,-2.500378,936.552,6184.0,936.552,5642.0
561.676,-41943.0,561.676,-20971.0,561.676,-39.0,561.676,132.0,936.871,-2.531687,936.999,6167.0,936.999,5711.0
561.982,-31457.0,561.982,10485.0,561.982,16.0,561.982,191.0,937.346,-2.542215,937.528,5944.0,937.528,5793.0
562.272,-31457.0,562.272,0.0,562.272,-57.0,562.272,175.0,937.871,-2.528951,938.038,5982.0,938.038,5879.0
562.585,10485.0,562.585,57671.0,562.585,-89.0,562.585,101.0,938.375,-2.492184,938.489,6025.0,938.489,5820.0
562.905,-20971.0,562.905,31457.0,562.905,-36.0,562.905,54.0,938.904,-2.434598,939.038,6101.0,939.038,5721.0
563.177,-5242.0,563.177,41943.0,563.177,66.0,563.177,29.0,939.339,-2.371521,939.514,6000.0,939.514,5704.0
563.491,-15728.0,563.491,36700.0,563.491,-44.0,563.491,19.0,939.934,-2.305543,940.019,6682.0,940.019,5124.0
563.77,5242.0,563.77,52428.0,563.77,-75.0,563.77,52.0,940.342,-2.249818,940.546,6620.0,940.546,5123.0
564.079,31457.0,564.079,47185.0,564.079,-53.0,564.079,34.0,940.875,-2.211632,941.015,6864.0,941.015,4987.0
564.407,20971.0,564.407,68157.0,564.407,-92.0,564.407,-43.0,941.33,-2.190673,941.515,7028.0,941.515,4699.0
564.666,20971.0,564.666,62914.0,564.666,-89.0,564.666,-68.0,941.877,-2.187438,942.005,6852.0,942.005,5045.0
564.961,15728.0,564.961,62914.0,564.961,-110.0,564.961,-85.0,942.326,-2.197044,942.476,6915.0,942.476,4833.0
565.269,31457.0,565.269,52428.0,565.269,-68.0,565.269,-58.0,942.836,-2.23105,943.005,7225.0,943.005,4636.0
565.608,5242.0,565.608,36700.0,565.608,-66.0,565.608,-56.0,943.333,-2.286133,943.498,7024.0,943.498,4825.0
565.878,26214.0,565.878,41943.0,565.878,-123.0,565.878,-85.0,943.859,-2.355421,943.981,6721.0,943.981,5124.0
566.155,20971.0,566.155,41943.0,566.155,-57.0,566.155,-63.0,944.343,-2.414646,944.472,6532.0,944.472,5297.0
566.457,10485.0,566.457,31457.0,566.457,-48.0,566.457,-8.0,944.862,-2.471319,945.03,6343.0,945.03,5459.0
566.751,-10485.0,566.751,20971.0,566.751,-123.0,566.751,-6.0,945.336,-2.514155,945.492,6361.0,945.492,5465.0
567.072,20971.0,567.072,47185.0,567.072,-97.0,567.072,-41.0,945.852,-2.538558,945.962,5760.0,945.962,6034.0
567.368,31457.0,567.368,5242.0,567.368,-96.0,567.368,-19.0,946.327,-2.54246,946.495,5687.0,946.495,6153.0
567.689,5242.0,567.689,15728.0,567.689,-44.0,567.689,-41.0,946.845,-2.518172,946.99,5951.0,946.99,5818.0
567.956,15728.0,567.956,15728.0,567.956,-87.0,567.956,-19.0,947.314,-2.477078,947.454,6371.0,947.454,5378.0
568.247,26214.0,568.247,15728.0,568.247,-121.0,568.247,-9.0,947.867,-2.43625,947.982,6366.0,947.982,5444.0
568.566,15728.0,568.566,36700.0,568.566,-109.0,568.566,-43.0,948.33,-2.396442,948.507,6186.0,948.507,5613.0
568.884,-15728.0,568.884,5242.0,568.884,-141.0,568.884,-53.0,948.848,-2.351279,948.978,6692.0,948.978,5184.0
569.121,-15728.0,569.121,-5242.0,569.121,-71.0,569.121,-81.0,949.306,-2.320451,949.465,6772.0,949.465,5051.0
569.455,0.0,569.455,15728.0,569.455,-99.0,569.455,32.0,949.82,-2.300743,949.968,6926.0,949.968,4884.0
569.796,-5242.0,569.796,10485.0,569.796,-103.0,569.796,-12.0,950.303,-2.300313,950.449,6990.0,950.449,4773.0
570.018,-15728.0,570.018,5242.0,570.018,-44.0,570.018,-13.0,950.84,-2.30644,950.979,6953.0,950.979,4884.0
570.376,-15728.0,570.376,5242.0,570.376,-106.0,570.376,-51.0,951.295,-2.328564,951.468,6795.0,951.468,5105.0
570.644,-36700.0,570.644,-15728.0,570.644,-92.0,570.644,-7.0,951.816,-2.361843,951.978,6998.0,951.978,4834.0
570.942,-26214.0,570.942,0.0,570.942,-49.0,570.942,-28.0,952.336,-2.404172,952.463,6797.0,952.463,5024.0
571.246,-15728.0,571.246,15728.0,571.246,-56.0,571.246,-24.0,952.83,-2.453504,952.949,6609.0,952.949,5222.0
571.511,-20971.0,571.511,5242.0,571.511,-77.0,571.511,4.0,953.301,-2.498257,953.439,6631.0,953.439,5228.0
571.892,-47185.0,571.892,-15728.0,571.892,10.0,571.892,-29.0,953.831,-2.538522,953.959,6619.0,953.959,5223.0
572.137,-52428.0,572.137,-15728.0,572.137,-33.0,572.137,-32.0,954.297,-2.583317,954.436,6193.0,954.436,5624.0
572.437,-52428.0,572.437,-5242.0,572.437,-2.0,572.437,1.0,954.836,-2.615997,954.933,6345.0,954.933,5562.0
572.734,-15728.0,572.734,15728.0,572.734,-60.0,572.734,18.0,955.284,-2.641009,955.484,6267.0,955.484,5588.0
573.047,-26214.0,573.047,-15728.0,573.047,-67.0,573.047,43.0,955.835,-2.64905,955.904,6021.0,955.904,5765.0
573.383,-20971.0,573.383,20971.0,573.383,-38.0,573.383,23.0,956.28,-2.642279,956.428,6255.0,956.428,5563.0
573.603,-15728.0,573.603,0.0,573.603,-54.0,573.603,-8.0,956.828,-2.619366,957.424,6125.0,957.424,5703.0
573.95,-5242.0,573.95,0.0,573.95,-89.0,573.95,50.0,957.306,-2.580267,957.913,6271.0,957.913,5502.0
574.236,-31457.0,574.236,15728.0,574.236,-43.0,574.236,-8.0,957.792,-2.536307,958.43,6200.0,958.43,5567.0
574.539,-10485.0,574.539,0.0,574.539,-16.0,574.539,33.0,958.274,-2.482902,958.967,6419.0,958.967,5282.0
574.855,-20971.0,574.855,-10485.0,574.855,-50.0,574.855,3.0,958.8,-2.429753,959.968,6864.0,959.968,4931.0
575.127,-10485.0,575.127,-26214.0,575.127,-89.0,575.127,2.0,959.32,-2.382898,960.435,7036.0,960.435,4746.0
575.426,-10485.0,575.426,-10485.0,575.426,-60.0,575.426,-48.0,959.806,-2.336918,960.912,7189.0,960.912,4573.0
575.73,-10485.0,575.73,15728.0,575.73,-71.0,575.73,-5.0,960.28,-2.301947,961.405,7094.0,961.405,4700.0
576.063,-15728.0,576.063,-5242.0,576.063,-74.0,576.063,10.0,961.274,-2.282026,961.947,7477.0,961.947,4408.0
576.337,20971.0,576.337,15728.0,576.337,-42.0,576.337,4.0,961.784,-2.306409,962.438,7159.0,962.438,4737.0
576.629,-20971.0,576.629,0.0,576.629,-79.0,576.629,7.0,962.277,-2.359466,962.937,7397.0,962.937,4505.0
576.925,-26214.0,576.925,-10485.0,576.925,-48.0,576.925,-13.0,962.801,-2.427754,963.414,7022.0,963.414,4841.0
577.23,-36700.0,577.23,10485.0,577.23,-75.0,577.23,-4.0,963.255,-2.511375,963.901,6725.0,963.901,5148.0
577.536,26214.0,577.536,5242.0,577.536,-81.0,577.536,-28.0,963.78,-2.60071,964.393,6362.0,964.393,5577.0
577.815,-10485.0,577.815,0.0,577.815,-48.0,577.815,7.0,964.255,-2.692987,964.918,5689.0,964.918,6091.0
578.134,10485.0,578.134,-15728.0,578.134,-51.0,578.134,-25.0,965.249,-2.80847,965.435,5929.0,965.435,5900.0
578.416,-5242.0,578.416,31457.0,578.416,-56.0,578.416,6.0,965.859,-2.815649,965.949,5688.0,965.949,6135.0
578.712,-15728.0,578.712,20971.0,578.712,-39.0,578.712,-14.0,966.282,-2.789081,966.443,5882.0,966.443,5998.0
579.032,-31457.0,579.032,5242.0,579.032,-52.0,579.032,-3.0,966.787,-2.741357,966.881,5647.0,966.881,6101.0
579.343,-5242.0,579.343,31457.0,579.343,-57.0,579.343,-14.0,967.245,-2.66763,967.416,5770.0,967.416,5927.0
579.608,-5242.0,579.608,10485.0,579.608,-52.0,579.608,-29.0,967.779,-2.588087,967.915,6396.0,967.915,5392.0
579.909,5242.0,579.909,26214.0,579.909,-68.0,579.909,28.0,968.238,-2.516874,968.377,6434.0,968.377,5359.0
580.228,0.0,580.228,36700.0,580.228,-34.0,580.228,-10.0,968.789,-2.44918,969.421,6597.0,969.421,5126.0
580.515,10485.0,580.515,-10485.0,580.515,-66.0,580.515,-9.0,969.785,-2.33436,969.88,6875.0,969.88,4895.0
580.832,15728.0,580.832,0.0,580.832,-60.0,580.832,12.0,970.245,-2.302751,970.38,7069.0,970.38,4694.0
581.081,-5242.0,581.081,5242.0,581.081,-39.0,581.081,-4.0,970.837,-2.299929,970.906,7406.0,970.906,4533.0
581.41,-5242.0,581.41,15728.0,581.41,-42.0,581.41,-14.0,971.227,-2.334068,971.373,7177.0,971.373,4660.0
581.703,0.0,581.703,10485.0,581.703,-40.0,581.703,-59.0,971.767,-2.391821,971.869,7201.0,971.869,4684.0
582.012,0.0,582.012,5242.0,582.012,-53.0,582.012,-26.0,972.254,-2.454935,972.391,6973.0,972.391,4918.0
582.35,-10485.0,582.35,-20971.0,582.35,-46.0,582.35,-16.0,972.749,-2.529808,972.846,6787.0,972.846,5116.0
582.605,20971.0,582.605,20971.0,582.605,-62.0,582.605,0.0,973.23,-2.599471,973.389,6701.0,973.389,5243.0
582.904,10485.0,582.904,-5242.0,582.904,-37.0,582.904,-26.0,973.749,-2.666208,973.916,6419.0,973.916,5529.0
583.197,-5242.0,583.197,20971.0,583.197,-39.0,583.197,11.0,974.215,-2.718524,974.361,6410.0,974.361,5493.0
583.493,0.0,583.493,0.0,583.493,-35.0,583.493,-32.0,974.76,-2.753986,974.882,6057.0,974.882,5787.0
583.82,-26214.0,583.82,-15728.0,583.82,-31.0,583.82,-20.0,975.223,-2.761769,975.359,5987.0,975.359,5813.0
584.093,-10485.0,584.093,-10485.0,584.093,-59.0,584.093,-4.0,975.74,-2.739729,975.856,6155.0,975.856,5680.0
584.412,15728.0,584.412,31457.0,584.412,-10.0,584.412,-84.0,976.204,-2.696192,976.392,5980.0,976.392,5855.0
584.681,0.0,584.681,-15728.0,584.681,-66.0,584.681,-10.0,976.76,-2.645579,976.882,6147.0,976.882,5628.0
585.029,-26214.0,585.029,-10485.0,585.029,-20.0,585.029,8.0,977.205,-2.591048,977.351,6322.0,977.351,5504.0
585.318,10485.0,585.318,10485.0,585.318,-25.0,585.318,-24.0,977.719,-2.542789,977.872,6510.0,977.872,5178.0
585.593,10485.0,585.593,-5242.0,585.593,-58.0,585.593,-14.0,978.213,-2.507748,978.369,6536.0,978.369,5308.0
585.881,20971.0,585.881,0.0,585.881,-24.0,585.881,-36.0,978.742,-2.483345,978.848,6933.0,978.848,4868.0
586.183,-5242.0,586.183,10485.0,586.183,-45.0,586.183,-18.0,979.192,-2.47834,979.348,6943.0,979.348,4839.0
586.515,0.0,586.515,10485.0,586.515,-36.0,586.515,-14.0,979.728,-2.490111,979.886,6805.0,979.886,4997.0
586.799,-20971.0,586.799,10485.0,586.799,-37.0,586.799,-6.0,980.224,-2.516133,980.34,7022.0,980.34,4894.0
587.076,5242.0,587.076,26214.0,587.076,-30.0,587.076,-11.0,980.745,-2.560446,980.845,7196.0,980.845,4691.0
587.38,36700.0,587.38,-10485.0,587.38,-40.0,587.38,-6.0,981.184,-2.625116,981.379,7334.0,981.379,4540.0
587.674,-5242.0,587.674,20971.0,587.674,-35.0,587.674,-27.0,981.73,-2.703809,981.833,7330.0,981.833,4515.0
587.986,-31457.0,587.986,15728.0,587.986,-31.0,587.986,-4.0,982.186,-2.792642,982.401,6754.0,982.401,5090.0
588.312,-26214.0,588.312,10485.0,588.312,-18.0,588.312,-18.0,982.71,-2.865871,982.862,6128.0,982.862,5645.0
588.608,-5242.0,588.608,-10485.0,588.608,-10.0,588.608,-38.0,983.183,-2.916587,983.368,6800.0,983.368,5069.0
588.879,20971.0,588.879,0.0,588.879,-3.0,588.879,1.0,983.734,-2.966569,983.857,6093.0,983.857,5801.0
589.175,-5242.0,589.175,5242.0,589.175,-23.0,589.175,-45.0,984.198,-2.997743,984.369,6355.0,984.369,5542.0
589.491,-10485.0,589.491,20971.0,589.491,-25.0,589.491,-4.0,984.737,-3.019582,984.823,5949.0,984.823,5919.0
589.8,0.0,589.8,31457.0,589.8,-25.0,589.8,-16.0,985.225,-3.016744,985.351,5995.0,985.351,5799.0
590.075,26214.0,590.075,0.0,590.075,-16.0,590.075,-33.0,985.706,-3.000429,985.825,6316.0,985.825,5635.0
590.376,20971.0,590.376,10485.0,590.376,-23.0,590.376,-7.0,986.184,-2.963472,986.32,6286.0,986.32,5434.0
590.719,0.0,590.719,0.0,590.719,-36.0,590.719,-32.0,986.721,-2.923272,986.87,6493.0,986.87,5216.0
590.98,-10485.0,590.98,10485.0,590.98,-25.0,590.98,-20.0,987.209,-2.899381,987.339,6793.0,987.339,5023.0
591.302,5242.0,591.302,15728.0,591.302,-15.0,591.302,-4.0,987.701,-2.896937,987.873,6865.0,987.873,4953.0
591.571,5242.0,591.571,10485.0,591.571,-11.0,591.571,-22.0,988.169,-2.908604,988.333,7135.0,988.333,4665.0
591.858,10485.0,591.858,0.0,591.858,-20.0,591.858,-24.0,988.693,-2.941264,988.836,7135.0,988.836,4736.0
592.17,15728.0,592.17,20971.0,592.17,-11.0,592.17,-12.0,989.161,-2.992001,989.303,7194.0,989.303,4638.0
592.481,15728.0,592.481,0.0,592.481,-6.0,592.481,0.0,989.725,-3.066465,989.837,7295.0,989.837,4549.0
592.812,15728.0,592.812,31457.0,592.812,-29.0,592.812,-15.0,990.176,3.121693,990.342,7375.0,990.342,4640.0
593.056,-5242.0,593.056,0.0,593.056,-24.0,593.056,-5.0,990.698,3.023493,990.801,7086.0,990.801,4789.0
593.358,-10485.0,593.358,5242.0,593.358,16.0,593.358,-21.0,991.156,2.920087,991.311,7147.0,991.311,4767.0
593.655,47185.0,593.655,26214.0,593.655,-36.0,593.655,-19.0,991.698,2.815738,991.819,7215.0,991.819,4669.0
593.983,-15728.0,593.983,5242.0,593.983,-16.0,593.983,-18.0,992.145,2.706109,992.292,7066.0,992.292,4924.0
594.282,10485.0,594.282,15728.0,594.282,17.0,594.282,5.0,992.701,2.600808,992.825,6963.0,992.825,5013.0
594.561,-5242.0,594.561,0.0,594.561,-53.0,594.561,-20.0,993.154,2.500062,993.325,6867.0,993.325,5097.0
594.878,20971.0,594.878,15728.0,594.878,-10.0,594.878,-17.0,993.668,2.407656,993.821,6511.0,993.821,5648.0
595.151,31457.0,595.151,0.0,595.151,-2.0,595.151,38.0,994.184,2.34072,994.313,7093.0,994.313,4867.0
595.463,20971.0,595.463,20971.0,595.463,-46.0,595.463,8.0,994.672,2.275252,994.831,6731.0,994.831,5250.0
595.778,36700.0,595.778,10485.0,595.778,-51.0,595.778,-18.0,995.139,2.207746,995.286,6837.0,995.286,5019.0
596.051,10485.0,596.051,10485.0,596.051,-3.0,596.051,-1.0,995.679,2.131599,995.813,7261.0,995.813,4669.0
596.341,15728.0,596.341,10485.0,596.341,14.0,596.341,-14.0,996.135,2.052571,996.282,6916.0,996.282,5034.0
596.657,15728.0,596.657,10485.0,596.657,4.0,596.657,-39.0,996.652,1.977593,996.775,6961.0,996.775,5040.0
596.976,10485.0,596.976,20971.0,596.976,-7.0,596.976,70.0,997.126,1.915075,997.33,6512.0,997.33,5401.0
597.265,20971.0,597.265,-5242.0,597.265,-18.0,597.265,-18.0,997.687,1.864528,997.807,6667.0,997.807,5247.0
597.54,20971.0,597.54,10485.0,597.54,0.0,597.54,-5.0,998.15,1.827378,998.29,6496.0,998.29,5372.0
597.847,15728.0,597.847,20971.0,597.847,-6.0,597.847,-11.0,998.638,1.805546,998.797,6647.0,998.797,5236.0
598.141,10485.0,598.141,5242.0,598.141,-15.0,598.141,-28.0,999.124,1.798508,999.293,6259.0,999.293,5609.0
598.449,26214.0,598.449,-5242.0,598.449,-10.0,598.449,-1.0,999.645,1.802264,999.772,6046.0,999.772,5854.0
598.767,15728.0,598.767,0.0,598.767,-1.0,598.767,-16.0,1000.128,1.819393,1000.296,6732.0,1000.296,5090.0
599.059,15728.0,599.059,-5242.0,599.059,0.0,599.059,9.0,1000.648,1.813934,1000.814,6481.0,1000.814,5403.0
599.33,36700.0,599.33,-5242.0,599.33,-13.0,599.33,-9.0,1001.132,1.813809,1001.265,6660.0,1001.265,5261.0
599.637,5242.0,599.637,20971.0,599.637,108.0,599.637,-61.0,1001.658,1.819819,1001.774,6761.0,1001.774,5116.0
599.946,20971.0,599.946,-10485.0,599.946,-44.0,599.946,55.0,1002.114,1.816,1002.282,6786.0,1002.282,5101.0
600.275,26214.0,600.275,0.0,600.275,4.0,600.275,58.0,1002.644,1.810541,1002.752,6974.0,1002.752,4868.0
600.563,-5242.0,600.563,5242.0,600.563,13.0,600.563,35.0,1003.11,1.787791,1003.274,7179.0,1003.274,4671.0
600.83,52428.0,600.83,15728.0,600.83,6.0,600.83,-18.0,1003.638,1.752653,1003.775,6910.0,1003.775,4914.0
601.183,41943.0,601.183,20971.0,601.183,-24.0,601.183,-17.0,1004.106,1.711633,1004.286,7090.0,1004.286,4824.0
601.432,15728.0,601.432,-5242.0,601.432,-29.0,601.432,-45.0,1004.654,1.67097,1004.78,6793.0,1004.78,5139.0
601.773,20971.0,601.773,-15728.0,601.773,-38.0,601.773,-15.0,1005.101,1.626698,1005.261,6727.0,1005.261,5219.0
602.033,15728.0,602.033,5242.0,602.033,-37.0,602.033,-1.0,1005.607,1.587049,1005.746,6803.0,1005.746,5068.0
602.325,15728.0,602.325,-10485.0,602.325,-25.0,602.325,5.0,1006.096,1.539932,1006.267,6643.0,1006.267,5236.0
602.626,15728.0,602.626,-5242.0,602.626,-31.0,602.626,64.0,1006.62,1.490542,1006.767,6646.0,1006.767,5283.0
602.935,47185.0,602.935,-5242.0,602.935,-11.0,602.935,-30.0,1007.112,1.454412,1007.281,6403.0,1007.281,5507.0
603.284,15728.0,603.284,15728.0,603.284,-14.0,603.284,10.0,1007.635,1.437474,1007.78,6141.0,1007.78,5742.0
603.524,26214.0,603.524,-5242.0,603.524,59.0,603.524,-19.0,1008.104,1.434446,1008.262,6051.0,1008.262,5755.0
603.82,47185.0,603.82,-26214.0,603.82,-25.0,603.82,20.0,1008.607,1.441051,1008.732,6035.0,1008.732,5771.0
604.39,26214.0,604.39,-5242.0,604.39,2.0,604.39,4.0,1009.087,1.46109,1009.257,6122.0,1009.257,5678.0
604.746,5242.0,604.746,-15728.0,604.746,112.0,604.746,-98.0,1009.615,1.488267,1009.759,6153.0,1009.759,5646.0
604.989,10485.0,604.989,10485.0,604.989,5.0,604.989,19.0,1010.102,1.517101,1010.237,6553.0,1010.237,5337.0
605.335,41943.0,605.335,5242.0,605.335,-24.0,605.335,4.0,1010.628,1.54712,1010.76,6657.0,1010.76,5147.0
605.613,0.0,605.613,0.0,605.613,-180.0,605.613,84.0,1011.11,1.567487,1011.27,6789.0,1011.27,5074.0
605.928,36700.0,605.928,-5242.0,605.928,-48.0,605.928,15.0,1011.626,1.57226,1011.727,6776.0,1011.727,5135.0
606.251,10485.0,606.251,-5242.0,606.251,14.0,606.251,-23.0,1012.075,1.561421,1012.236,6908.0,1012.236,4935.0
606.513,-20971.0,606.513,-5242.0,606.513,-18.0,606.513,11.0,1012.588,1.542685,1012.751,7085.0,1012.751,4779.0
606.813,5242.0,606.813,0.0,606.813,-12.0,606.813,-27.0,1013.072,1.508732,1013.22,6880.0,1013.22,4976.0
607.099,5242.0,607.099,-5242.0,607.099,3.0,607.099,-9.0,1013.615,1.464624,1013.721,7026.0,1013.721,4927.0
607.441,10485.0,607.441,-20971.0,607.441,5.0,607.441,-1.0,1014.061,1.412344,1014.249,7059.0,1014.249,4837.0
607.727,5242.0,607.727,-10485.0,607.727,-15.0,607.727,-11.0,1014.586,1.354384,1014.753,6727.0,1014.753,5191.0
608.001,47185.0,608.001,-15728.0,608.001,1.0,608.001,0.0,1015.115,1.311499,1015.244,6377.0,1015.244,5504.0
608.303,20971.0,608.303,15728.0,608.303,-20.0,608.303,-8.0,1015.581,1.273243,1015.759,6062.0,1015.759,5705.0
608.576,0.0,608.576,-10485.0,608.576,-5.0,608.576,23.0,1016.06,1.247935,1016.209,5910.0,1016.209,5948.0
608.872,15728.0,608.872,-15728.0,608.872,17.0,608.872,15.0,1016.61,1.250875,1016.736,5851.0,1016.736,6015.0
609.22,5242.0,609.22,-15728.0,609.22,-8.0,609.22,9.0,1017.09,1.282568,1017.2,5956.0,1017.2,5953.0
609.539,15728.0,609.539,-26214.0,609.539,-5.0,609.539,11.0,1017.597,1.336752,1017.701,5858.0,1017.701,5995.0
609.8,5242.0,609.8,-5242.0,609.8,-6.0,609.8,-3.0,1018.063,1.405439,1018.252,6136.0,1018.252,5803.0
610.1,10485.0,610.1,15728.0,610.1,-51.0,610.1,-49.0,1018.604,1.468644,1018.729,6102.0,1018.729,5710.0
610.406,15728.0,610.406,-10485.0,610.406,34.0,610.406,-42.0,1019.049,1.533137,1019.194,6526.0,1019.194,5291.0
610.726,10485.0,610.726,-10485.0,610.726,128.0,610.726,61.0,1019.605,1.589186,1019.718,6864.0,1019.718,5084.0
610.993,73400.0,610.993,20971.0,610.993,256.0,610.993,-117.0,1020.046,1.628002,1020.188,6684.0,1020.188,5192.0
611.292,68157.0,611.292,15728.0,611.292,64.0,611.292,-60.0,1020.564,1.657908,1020.691,6954.0,1020.691,4960.0
611.651,62914.0,611.651,0.0,611.651,-72.0,611.651,119.0,1021.043,1.668001,1021.214,7349.0,1021.214,4549.0
611.892,94371.0,611.892,-5242.0,611.892,-6.0,611.892,84.0,1021.562,1.642263,1021.74,7796.0,1021.74,4096.0
612.237,83886.0,612.237,10485.0,612.237,-51.0,612.237,138.0,1022.056,1.58089,1022.213,7710.0,1022.213,4202.0
612.459,73400.0,612.459,20971.0,612.459,82.0,612.459,-83.0,1022.576,1.473838,1022.699,7138.0,1022.699,4782.0
612.794,89128.0,612.794,10485.0,612.794,67.0,612.794,-40.0,1023.03,1.368817,1023.208,6951.0,1023.208,4963.0
613.092,89128.0,613.092,-15728.0,613.092,107.0,613.092,-207.0,1023.563,1.280929,1023.674,6655.0,1023.674,5255.0
613.356,131071.0,613.356,5242.0,613.356,-9.0,613.356,26.0,1024.047,1.203832,1024.186,6456.0,1024.186,5424.0
613.739,141557.0,613.739,5242.0,613.739,-55.0,613.739,20.0,1024.571,1.137749,1024.698,6515.0,1024.698,5368.0
613.976,125829.0,613.976,0.0,613.976,44.0,613.976,-38.0,1025.028,1.087269,1025.221,6216.0,1025.221,5646.0
614.28,162529.0,614.28,-5242.0,614.28,52.0,614.28,-20.0,1025.575,1.054127,1025.705,5838.0,1025.705,6078.0
614.581,173014.0,614.581,-5242.0,614.581,89.0,614.581,-22.0,1026.043,1.049799,1026.182,6013.0,1026.182,5889.0
614.894,167772.0,614.894,5242.0,614.894,15.0,614.894,-35.0,1026.537,1.073435,1026.701,6119.0,1026.701,5654.0
615.213,162529.0,615.213,20971.0,615.213,-82.0,615.213,105.0,1027.024,1.134094,1027.191,6449.0,1027.191,5510.0
615.477,178257.0,615.477,10485.0,615.477,-69.0,615.477,-298.0,1027.546,1.199494,1027.665,6291.0,1027.665,5598.0
615.797,199229.0,615.797,-5242.0,615.797,-89.0,615.797,-69.0,1028.035,1.26617,1028.7,6461.0,1028.7,5317.0
616.097,178257.0,616.097,5242.0,616.097,-2.0,616.097,-15.0,1028.592,1.341337,1029.183,6802.0,1029.183,5027.0
616.387,162529.0,616.387,0.0,616.387,-4.0,616.387,-51.0,1029.028,1.39558,1029.653,7044.0,1029.653,4731.0
616.704,188743.0,616.704,0.0,616.704,-158.0,616.704,-80.0,1029.529,1.432679,1030.178,6922.0,1030.178,4936.0
616.971,214957.0,616.971,10485.0,616.971,-54.0,616.971,-179.0,1030.086,1.445802,1031.157,6997.0,1031.157,4878.0
617.284,131071.0,617.284,-15728.0,617.284,-167.0,617.284,16.0,1030.545,1.442439,1031.683,7196.0,1031.683,4651.0
617.576,183500.0,617.576,-26214.0,617.576,-117.0,617.576,50.0,1031.024,1.416693,1032.197,6838.0,1032.197,5029.0
617.896,225443.0,617.896,-10485.0,617.896,-143.0,617.896,-112.0,1031.544,1.379914,1032.641,6802.0,1032.641,5246.0
618.182,199229.0,618.182,-31457.0,618.182,-188.0,618.182,-364.0,1032.002,1.33221,1033.155,6647.0,1033.155,5174.0
618.465,225443.0,618.465,-20971.0,618.465,-10.0,618.465,-186.0,1032.536,1.27491,1033.633,6421.0,1033.633,5432.0
618.757,225443.0,618.757,-26214.0,618.757,-253.0,618.757,-257.0,1033.003,1.213183,1034.227,6190.0,1034.227,5627.0
619.065,188743.0,619.065,-31457.0,619.065,-122.0,619.065,-217.0,1033.505,1.162297,1034.642,6198.0,1034.642,5627.0
619.374,199229.0,619.374,-41943.0,619.374,-174.0,619.374,-240.0,1034.532,1.115419,1035.161,6043.0,1035.161,5767.0
619.671,157286.0,619.671,-57671.0,619.671,-173.0,619.671,-173.0,1034.99,1.117784,1035.67,6170.0,1035.67,5596.0
619.973,235929.0,619.973,-68157.0,619.973,-159.0,619.973,-20.0,1035.52,1.145864,1036.142,6115.0,1036.142,5710.0
620.259,188743.0,620.259,-57671.0,620.259,-110.0,620.259,40.0,1036.003,1.190249,1036.648,5944.0,1036.648,5948.0
620.555,193986.0,620.555,-57671.0,620.555,-221.0,620.555,-265.0,1036.515,1.235478,1037.128,6555.0,1037.128,5285.0
620.871,167772.0,620.871,-89128.0,620.871,-330.0,620.871,-312.0,1036.987,1.287741,1037.652,2954.0,1037.652,5358.0
621.184,193986.0,621.184,-57671.0,621.184,-8.0,621.184,5.0,1037.482,1.355574,1038.122,2235.0,1038.122,4397.0
621.454,152043.0,621.454,-78643.0,621.454,-150.0,621.454,37.0,1037.999,1.486466,1038.657,1488.0,1038.657,3342.0
621.749,183500.0,621.749,-89128.0,621.749,18.0,621.749,7.0,1038.473,1.6487,1039.164,891.0,1039.164,2155.0
622.073,199229.0,622.073,-73400.0,622.073,28.0,622.073,73.0,1038.976,1.83359,1039.66,447.0,1039.66,1145.0
622.328,157286.0,622.328,-89128.0,622.328,-258.0,622.328,-63.0,1039.474,2.028439,1040.121,-16.0,1040.121,-40.0
622.683,214957.0,622.683,-104857.0,622.683,-110.0,622.683,-377.0,1039.989,2.206763,1040.637,-297.0,1040.637,-771.0
622.944,230686.0,622.944,-110100.0,622.944,-77.0,622.944,-152.0,1040.469,2.375487,1041.152,-768.0,1041.152,-1920.0
623.248,141557.0,623.248,-78643.0,623.248,0.0,623.248,-170.0,1040.986,2.544101,1041.616,-1125.0,1041.616,-2665.0
623.556,167772.0,623.556,-136314.0,623.556,-52.0,623.556,-32.0,1041.484,2.690346,1042.137,-1363.0,1042.137,-3163.0
623.856,173014.0,623.856,-136314.0,623.856,-9.0,623.856,23.0,1041.972,2.789563,1042.66,-1371.0,1042.66,-3223.0
624.201,125829.0,624.201,-125829.0,624.201,-8.0,624.201,103.0,1042.495,2.836586,1043.614,-998.0,1043.614,-2652.0
624.415,141557.0,624.415,-141557.0,624.415,41.0,624.415,-34.0,1042.984,2.839837,1044.127,-824.0,1044.127,-2296.0
624.744,131071.0,624.744,-104857.0,624.744,12.0,624.744,6.0,1043.474,2.81004,1044.598,-586.0,1044.598,-1762.0
625.066,173014.0,625.066,-152043.0,625.066,-102.0,625.066,43.0,1043.953,2.764882,1045.096,-401.0,1045.096,-1313.0
625.351,162529.0,625.351,-178257.0,625.351,-73.0,625.351,137.0,1044.453,2.712597,1046.108,-207.0,1046.108,-779.0
625.683,125829.0,625.683,-173014.0,625.683,6.0,625.683,21.0,1045.003,2.668972,1046.617,-160.0,1046.617,-652.0
625.938,94371.0,625.938,-162529.0,625.938,183.0,625.938,26.0,1045.449,2.639859,1047.104,-134.0,1047.104,-568.0
626.262,136314.0,626.262,-167772.0,626.262,17.0,626.262,-160.0,1045.945,2.625454,1047.592,-108.0,1047.592,-488.0
626.536,131071.0,626.536,-220200.0,626.536,55.0,626.536,-45.0,1046.5,2.622262,1048.114,-86.0,1048.114,-410.0
626.808,104857.0,626.808,-193986.0,626.808,164.0,626.808,-200.0,1046.956,2.626242,1048.61,-62.0,1048.61,-314.0
627.169,104857.0,627.169,-193986.0,627.169,156.0,627.169,-215.0,1047.454,2.638644,1049.086,-46.0,1049.086,-250.0
627.432,99614.0,627.432,-199229.0,627.432,100.0,627.432,-425.0,1047.943,2.651895,1049.634,-19.0,1049.634,-111.0
627.739,99614.0,627.739,-188743.0,627.739,71.0,627.739,-215.0,1048.454,2.663188,1050.105,12.0,1050.105,80.0
628.032,99614.0,628.032,-193986.0,628.032,56.0,628.032,-298.0,1048.956,2.671264,1050.589,30.0,1050.589,224.0
628.365,104857.0,628.365,-204472.0,628.365,-35.0,628.365,-138.0,1049.437,2.677789,1051.1,44.0,1051.1,356.0
628.697,115343.0,628.697,-199229.0,628.697,94.0,628.697,-245.0,1049.988,2.68446,1051.609,50.0,1051.609,486.0
628.92,115343.0,628.92,-199229.0,628.92,162.0,628.92,-62.0,1050.434,2.690379,1052.072,56.0,1052.072,670.0
629.223,104857.0,629.223,-188743.0,629.223,94.0,629.223,-121.0,1050.93,2.691627,1052.603,59.0,1052.603,877.0
629.497,183500.0,629.497,-209715.0,629.497,261.0,629.497,-142.0,1051.45,2.690945,1053.114,50.0,1053.114,1036.0
629.837,146800.0,629.837,-193986.0,629.837,327.0,629.837,75.0,1051.928,2.686367,1053.592,52.0,1053.592,1288.0
630.158,131071.0,630.158,-157286.0,630.158,311.0,630.158,20.0,1052.422,2.677723,1054.072,53.0,1054.072,1439.0
630.46,136314.0,630.46,-162529.0,630.46,105.0,630.46,-179.0,1052.924,2.666358,1054.588,47.0,1054.588,1579.0
630.729,157286.0,630.729,-173014.0,630.729,-24.0,630.729,-127.0,1053.44,2.652206,1055.065,53.0,1055.065,1759.0
631.018,173014.0,631.018,-157286.0,631.018,-6.0,631.018,23.0,1053.929,2.642388,1055.588,69.0,1055.588,1867.0
631.335,178257.0,631.335,-193986.0,631.335,22.0,631.335,-117.0,1054.427,2.639429,1056.093,89.0,1056.093,1901.0
631.667,193986.0,631.667,-146800.0,631.667,58.0,631.667,-255.0,1054.912,2.641156,1056.6,84.0,1056.6,1876.0
631.922,178257.0,631.922,-152043.0,631.922,-167.0,631.922,-52.0,1055.452,2.652897,1057.08,103.0,1057.08,1827.0
632.221,178257.0,632.221,-152043.0,632.221,-36.0,632.221,-121.0,1055.909,2.678845,1057.572,95.0,1057.572,1695.0
632.575,173014.0,632.575,-167772.0,632.575,48.0,632.575,-148.0,1056.428,2.720124,1058.055,87.0,1058.055,1451.0
632.825,209715.0,632.825,-183500.0,632.825,-19.0,632.825,-159.0,1056.918,2.775028,1058.584,90.0,1058.584,1358.0
633.147,162529.0,633.147,-115343.0,633.147,144.0,633.147,-360.0,1057.421,2.836852,1059.043,94.0,1059.043,1210.0
633.406,157286.0,633.406,-136314.0,633.406,4.0,633.406,16.0,1057.908,2.901279,1059.581,104.0,1059.581,1180.0
633.717,162529.0,633.717,-199229.0,633.717,-64.0,633.717,-82.0,1058.41,2.963249,1060.097,85.0,1060.097,1001.0
634.017,178257.0,634.017,-152043.0,634.017,130.0,634.017,-168.0,1058.918,3.019539,1060.574,96.0,1060.574,1014.0
634.314,125829.0,634.314,-141557.0,634.314,54.0,634.314,-248.0,1059.418,3.071026,1061.042,93.0,1061.042,943.0
634.661,146800.0,634.661,-183500.0,634.661,302.0,634.661,60.0,1059.907,3.117244,1061.571,98.0,1061.571,948.0
634.904,125829.0,634.904,-178257.0,634.904,39.0,634.904,-229.0,1060.414,-3.125481,1062.06,99.0,1062.06,935.0
635.209,214957.0,635.209,-204472.0,635.209,-49.0,635.209,-209.0,1060.91,-3.089465,1062.537,115.0,1062.537,1069.0
635.553,136314.0,635.553,-183500.0,635.553,-118.0,635.553,-191.0,1061.411,-3.056738,1063.055,149.0,1063.055,1227.0
635.812,125829.0,635.812,-173014.0,635.812,-37.0,635.812,-230.0,1061.91,-3.02844,1063.587,177.0,1063.587,1329.0
636.155,131071.0,636.155,-178257.0,636.155,-13.0,636.155,-43.0,1062.41,-3.002131,1064.032,179.0,1064.032,1313.0
636.406,136314.0,636.406,-167772.0,636.406,-75.0,636.406,-107.0,1062.913,-2.977048,1064.534,191.0,1064.534,1313.0
636.73,136314.0,636.73,-183500.0,636.73,-21.0,636.73,-136.0,1063.412,-2.948578,1065.049,167.0,1065.049,1207.0
636.995,110100.0,636.995,-204472.0,636.995,-18.0,636.995,-88.0,1063.914,-2.915593,1065.558,163.0,1065.558,1123.0
637.625,152043.0,637.625,-162529.0,637.625,208.0,637.625,102.0,1064.384,-2.878754,1066.026,155.0,1066.026,1063.0
637.894,162529.0,637.894,-173014.0,637.894,247.0,637.894,-7.0,1064.884,-2.838393,1066.562,150.0,1066.562,1014.0
638.167,183500.0,638.167,-178257.0,638.167,36.0,638.167,21.0,1065.392,-2.795743,1067.054,142.0,1067.054,922.0
638.494,167772.0,638.494,-173014.0,638.494,36.0,638.494,242.0,1065.894,-2.751948,1067.541,136.0,1067.541,870.0
638.824,146800.0,638.824,-199229.0,638.824,-89.0,638.824,-56.0,1066.388,-2.707496,1068.514,151.0,1068.514,873.0
639.151,162529.0,639.151,-157286.0,639.151,-1.0,639.151,-169.0,1066.882,-2.665339,1069.034,168.0,1069.034,914.0
639.392,220200.0,639.392,-120586.0,639.392,140.0,639.392,122.0,1067.388,-2.623567,1070.031,166.0,1070.031,812.0
639.689,199229.0,639.689,-157286.0,639.689,-83.0,639.689,331.0,1068.372,-2.545395,1071.057,188.0,1071.057,830.0
639.989,193986.0,639.989,-141557.0,639.989,-155.0,639.989,-45.0,1068.866,-2.508893,1071.511,181.0,1071.511,763.0
640.3,204472.0,640.3,-104857.0,640.3,-118.0,640.3,-18.0,1069.382,-2.473966,1072.024,180.0,1072.024,726.0
640.592,183500.0,640.592,-83886.0,640.592,8.0,640.592,-45.0,1069.877,-2.438462,1072.53,170.0,1072.53,660.0
640.894,204472.0,640.894,-78643.0,640.894,14.0,640.894,-123.0,1070.357,-2.404806,1073.001,124.0,1073.001,452.0
641.182,188743.0,641.182,-99614.0,641.182,-28.0,641.182,-160.0,1070.888,-2.370986,1073.517,95.0,1073.517,331.0
641.48,199229.0,641.48,-115343.0,641.48,12.0,641.48,17.0,1071.354,-2.339199,1074.038,54.0,1074.038,184.0
642.113,167772.0,642.113,-110100.0,642.113,223.0,642.113,-214.0,1071.86,-2.307653,1074.488,-3.0,1074.488,-7.0
642.377,141557.0,642.377,-104857.0,642.377,9.0,642.377,-97.0,1072.366,-2.276206,1075.003,-39.0,1075.003,-123.0
642.685,157286.0,642.685,-115343.0,642.685,90.0,642.685,-43.0,1072.853,-2.24522,1075.514,-65.0,1075.514,-199.0
642.991,162529.0,642.991,-141557.0,642.991,-24.0,642.991,6.0,1073.354,-2.215833,1075.99,-90.0,1075.99,-268.0
643.277,167772.0,643.277,-136314.0,643.277,-33.0,643.277,140.0,1073.863,-2.186029,1076.506,-134.0,1076.506,-388.0
643.605,104857.0,643.605,-125829.0,643.605,66.0,643.605,-16.0,1074.347,-2.157158,1077.522,-250.0,1077.522,-674.0
643.871,136314.0,643.871,-188743.0,643.871,-32.0,643.871,-254.0,1074.845,-2.130307,1078.026,-312.0,1078.026,-818.0
644.177,146800.0,644.177,-167772.0,644.177,81.0,644.177,-131.0,1075.34,-2.104037,1078.511,-363.0,1078.511,-919.0
644.465,94371.0,644.465,-199229.0,644.465,94.0,644.465,31.0,1075.863,-2.07728,1078.976,-383.0,1078.976,-935.0
644.771,125829.0,644.771,-178257.0,644.771,64.0,644.771,82.0,1076.343,-2.049223,1079.503,-392.0,1079.503,-934.0
645.118,167772.0,645.118,-193986.0,645.118,24.0,645.118,-1.0,1077.352,-1.998605,1079.965,-430.0,1079.965,-1004.0
645.374,152043.0,645.374,-188743.0,645.374,25.0,645.374,-189.0,1077.879,-1.97553,1080.467,-447.0,1080.467,-1023.0
645.673,125829.0,645.673,-193986.0,645.673,-120.0,645.673,-148.0,1078.343,-1.952708,1081.011,-447.0,1081.011,-997.0
645.961,167772.0,645.961,-188743.0,645.961,-78.0,645.961,-88.0,1078.831,-1.934458,1081.498,-404.0,1081.498,-886.0
646.28,125829.0,646.28,-157286.0,646.28,79.0,646.28,-52.0,1079.331,-1.922771,1081.966,-364.0,1081.966,-782.0
646.558,146800.0,646.558,-152043.0,646.558,142.0,646.558,-17.0,1079.824,-1.913873,1082.492,-336.0,1082.492,-708.0
646.833,214957.0,646.833,-162529.0,646.833,133.0,646.833,95.0,1080.325,-1.91055,1082.984,-299.0,1082.984,-623.0
647.196,178257.0,647.196,-115343.0,647.196,57.0,647.196,87.0,1080.833,-1.912338,1083.461,-272.0,1083.461,-564.0
647.465,173014.0,647.465,-141557.0,647.465,-126.0,647.465,265.0,1081.339,-1.918488,1083.981,-272.0,1083.981,-550.0
647.771,225443.0,647.771,-141557.0,647.771,27.0,647.771,103.0,1081.831,-1.924747,1084.511,-287.0,1084.511,-573.0
648.085,204472.0,648.085,-125829.0,648.085,69.0,648.085,-155.0,1082.33,-1.931199,1084.987,-292.0,1084.987,-576.0
648.359,183500.0,648.359,-99614.0,648.359,283.0,648.359,-54.0,1082.816,-1.937541,1085.467,-314.0,1085.467,-616.0
648.653,188743.0,648.653,-125829.0,648.653,-8.0,648.653,20.0,1083.332,-1.943353,1085.989,-356.0,1085.989,-694.0
648.96,157286.0,648.96,-125829.0,648.96,127.0,648.96,334.0,1083.815,-1.947312,1086.445,-391.0,1086.445,-757.0
649.284,199229.0,649.284,-120586.0,649.284,88.0,649.284,56.0,1084.307,-1.949712,1086.951,-423.0,1086.951,-813.0
649.568,193986.0,649.568,-136314.0,649.568,153.0,649.568,98.0,1084.821,-1.95084,1087.474,-399.0,1087.474,-763.0
649.854,162529.0,649.854,-141557.0,649.854,324.0,649.854,87.0,1085.346,-1.951365,1087.976,-395.0,1087.976,-749.0
650.156,162529.0,650.156,-115343.0,650.156,104.0,650.156,173.0,1085.807,-1.950791,1088.473,-401.0,1088.473,-753.0
650.447,199229.0,650.447,-125829.0,650.447,76.0,650.447,161.0,1086.304,-1.949874,1088.951,-398.0,1088.951,-742.0
650.761,157286.0,650.761,-125829.0,650.761,205.0,650.761,-67.0,1086.796,-1.949076,1089.449,-347.0,1089.449,-643.0
651.058,141557.0,651.058,-120586.0,651.058,150.0,651.058,106.0,1087.312,-1.950225,1089.957,-346.0,1089.957,-634.0
651.419,157286.0,651.419,-157286.0,651.419,83.0,651.419,97.0,1087.797,-1.952213,1090.469,-310.0,1090.469,-560.0
651.626,152043.0,651.626,-157286.0,651.626,228.0,651.626,-122.0,1088.3,-1.954445,1090.952,-264.0,1090.952,-476.0
651.952,131071.0,651.952,-141557.0,651.952,164.0,651.952,-201.0,1088.808,-1.958767,1091.492,-250.0,1091.492,-446.0
652.254,125829.0,652.254,-162529.0,652.254,218.0,652.254,179.0,1089.287,-1.962433,1091.949,-225.0,1091.949,-401.0
652.568,152043.0,652.568,-193986.0,652.568,171.0,652.568,25.0,1089.803,-1.964649,1092.427,-221.0,1092.427,-389.0
652.844,62914.0,652.844,-152043.0,652.844,133.0,652.844,-18.0,1090.288,-1.968774,1092.957,-177.0,1092.957,-309.0
653.137,68157.0,653.137,-152043.0,653.137,70.0,653.137,35.0,1090.802,-1.973981,1093.458,-193.0,1093.458,-335.0
653.488,104857.0,653.488,-193986.0,653.488,223.0,653.488,54.0,1092.299,-1.98807,1093.919,-178.0,1093.919,-306.0
653.741,157286.0,653.741,-178257.0,653.741,123.0,653.741,-83.0,1092.788,-1.995073,1094.438,-133.0,1094.438,-229.0
654.063,136314.0,654.063,-225443.0,654.063,241.0,654.063,151.0,1093.289,-2.000483,1094.902,-52.0,1094.902,-88.0
654.34,146800.0,654.34,-167772.0,654.34,117.0,654.34,95.0,1093.775,-2.005625,1095.412,-34.0,1095.412,-56.0
654.639,120586.0,654.639,-220200.0,654.639,221.0,654.639,161.0,1094.285,-2.013148,1095.934,11.0,1095.934,19.0
654.938,115343.0,654.938,-157286.0,654.938,-60.0,654.938,12.0,1094.769,-2.020287,1096.434,1313.0,1096.434,-1544.0
655.251,136314.0,655.251,-204472.0,655.251,137.0,655.251,54.0,1095.29,-2.026764,1096.911,1020.0,1096.911,-1129.0
655.581,157286.0,655.581,-204472.0,655.581,319.0,655.581,36.0,1095.778,-2.031339,1097.417,5202.0,1097.417,480.0
655.845,141557.0,655.845,-183500.0,655.845,160.0,655.845,220.0,1096.278,-2.036224,1097.971,5293.0,1097.971,1202.0
656.122,183500.0,656.122,-125829.0,656.122,82.0,656.122,233.0,1096.772,-2.049147,1098.925,6388.0,1098.925,1651.0
656.434,141557.0,656.434,-131071.0,656.434,47.0,656.434,498.0,1097.277,-2.093329,1099.411,6492.0,1099.411,2324.0
656.697,120586.0,656.697,-167772.0,656.697,181.0,656.697,245.0,1097.804,-2.223566,1099.897,6153.0,1099.897,3296.0
657.07,183500.0,657.07,-173014.0,657.07,138.0,657.07,326.0,1098.29,-2.450025,1100.42,6871.0,1100.42,3472.0
657.321,188743.0,657.321,-162529.0,657.321,54.0,657.321,182.0,1098.851,-2.711401,1100.897,7890.0,1100.897,3071.0
657.645,104857.0,657.645,-104857.0,657.645,-72.0,657.645,55.0,1099.281,-2.991561,1101.393,7901.0,1101.393,3724.0
657.978,167772.0,657.978,-162529.0,657.978,-83.0,657.978,69.0,1099.748,3.021376,1101.942,8227.0,1101.942,3937.0
658.234,157286.0,658.234,-152043.0,658.234,-236.0,658.234,214.0,1100.266,2.775708,1102.421,7275.0,1102.421,5045.0
658.573,173014.0,658.573,-120586.0,658.573,-114.0,658.573,-51.0,1100.745,2.570152,1102.89,7821.0,1102.89,4433.0
658.819,146800.0,658.819,-115343.0,658.819,-277.0,658.819,-52.0,1101.29,2.358093,1103.402,7451.0,1103.402,4752.0
659.122,120586.0,659.122,-115343.0,659.122,-183.0,659.122,155.0,1101.757,2.146151,1103.908,7352.0,1103.908,4769.0
659.413,131071.0,659.413,-141557.0,659.413,-145.0,659.413,-106.0,1102.301,1.940062,1104.382,7097.0,1104.382,4979.0
659.755,120586.0,659.755,-131071.0,659.755,-220.0,659.755,139.0,1102.742,1.77619,1104.912,7195.0,1104.912,4919.0
660.03,120586.0,660.03,-162529.0,660.03,-338.0,660.03,150.0,1103.249,1.652316,1105.429,6482.0,1105.429,5741.0
660.308,120586.0,660.308,-162529.0,660.308,-206.0,660.308,209.0,1103.747,1.540038,1105.873,6520.0,1105.873,5579.0
660.614,78643.0,660.614,-136314.0,660.614,-265.0,660.614,170.0,1104.257,1.435742,1106.433,6257.0,1106.433,5679.0
660.92,110100.0,660.92,-188743.0,660.92,-198.0,660.92,123.0,1104.729,1.339748,1106.897,6370.0,1106.897,5578.0
661.216,73400.0,661.216,-157286.0,661.216,-143.0,661.216,131.0,1105.268,1.260419,1107.374,6316.0,1107.374,5714.0
661.514,68157.0,661.514,-146800.0,661.514,-205.0,661.514,-28.0,1105.747,1.204322,1107.879,6234.0,1107.879,5635.0
661.821,94371.0,661.821,-152043.0,661.821,-162.0,661.821,67.0,1106.271,1.161167,1108.398,6267.0,1108.398,5624.0
662.104,68157.0,662.104,-241172.0,662.104,-351.0,662.104,0.0,1106.736,1.143277,1108.87,6299.0,1108.87,5580.0
662.404,78643.0,662.404,-199229.0,662.404,-165.0,662.404,139.0,1107.255,1.146166,1109.389,6528.0,1109.389,5418.0
662.72,78643.0,662.72,-199229.0,662.72,-110.0,662.72,185.0,1107.725,1.168367,1109.874,6502.0,1109.874,5354.0
663.039,94371.0,663.039,-204472.0,663.039,-119.0,663.039,153.0,1108.26,1.197356,1110.359,6390.0,1110.359,5432.0
663.302,89128.0,663.302,-230686.0,663.302,-259.0,663.302,165.0,1108.719,1.235471,1110.869,6686.0,1110.869,5155.0
663.608,83886.0,663.608,-235929.0,663.608,-407.0,663.608,133.0,1109.274,1.276152,1111.357,6751.0,1111.357,5100.0
663.961,83886.0,663.961,-235929.0,663.961,68.0,663.961,230.0,1109.742,1.311213,1111.857,6923.0,1111.857,4914.0
664.208,104857.0,664.208,-214957.0,664.208,-8.0,664.208,181.0,1110.229,1.34199,1112.405,6815.0,1112.405,5021.0
664.546,89128.0,664.546,-183500.0,664.546,83.0,664.546,281.0,1110.712,1.372182,1112.883,6704.0,1112.883,5143.0
664.792,146800.0,664.792,-214957.0,664.792,-49.0,664.792,161.0,1111.233,1.390957,1113.351,6889.0,1113.351,4994.0
665.094,136314.0,665.094,-199229.0,665.094,-14.0,665.094,280.0,1112.255,1.393283,1113.879,6650.0,1113.879,5213.0
665.389,125829.0,665.389,-157286.0,665.389,44.0,665.389,311.0,1112.715,1.384898,1114.369,6953.0,1114.369,4926.0
665.712,183500.0,665.712,-146800.0,665.712,-105.0,665.712,37.0,1113.233,1.369776,1114.87,6546.0,1114.87,5270.0
666.047,157286.0,666.047,-188743.0,666.047,-180.0,666.047,378.0,1113.714,1.341837,1115.353,6475.0,1115.353,5390.0
666.294,162529.0,666.294,-167772.0,666.294,8.0,666.294,25.0,1114.72,1.276252,1115.885,6397.0,1115.885,5364.0
666.585,157286.0,666.585,-183500.0,666.585,12.0,666.585,314.0,1115.702,1.244251,1116.339,6550.0,1116.339,5300.0
666.887,136314.0,666.887,-115343.0,666.887,-99.0,666.887,319.0,1116.245,1.230235,1116.851,6565.0,1116.851,5250.0
667.2,136314.0,667.2,-120586.0,667.2,121.0,667.2,228.0,1116.695,1.215416,1117.374,6210.0,1117.374,5689.0
667.513,152043.0,667.513,-136314.0,667.513,-65.0,667.513,125.0,1117.203,1.202287,1117.862,6402.0,1117.862,5398.0
667.792,131071.0,667.792,-173014.0,667.792,-189.0,667.792,106.0,1118.236,1.194011,1118.353,6517.0,1118.353,5315.0
668.104,152043.0,668.104,-141557.0,668.104,-113.0,668.104,24.0,1118.694,1.202841,1118.853,6370.0,1118.853,5386.0
668.382,104857.0,668.382,-110100.0,668.382,-79.0,668.382,122.0,1119.201,1.210118,1119.376,6363.0,1119.376,5518.0
668.697,89128.0,668.697,-131071.0,668.697,-146.0,668.697,-37.0,1119.685,1.223084,1119.85,6365.0,1119.85,5429.0
668.99,89128.0,668.99,-193986.0,668.99,-62.0,668.99,-72.0,1120.204,1.239206,1120.341,6548.0,1120.341,5253.0
669.284,120586.0,669.284,-157286.0,669.284,-224.0,669.284,-240.0,1120.678,1.258464,1120.824,6658.0,1120.824,5162.0
669.582,68157.0,669.582,-193986.0,669.582,-115.0,669.582,200.0,1121.223,1.270128,1121.354,6645.0,1121.354,5247.0
669.892,83886.0,669.892,-173014.0,669.892,-568.0,669.892,-17.0,1121.693,1.274559,1121.857,6402.0,1121.857,5334.0
670.17,41943.0,670.17,-146800.0,670.17,-272.0,670.17,244.0,1122.199,1.283342,1122.312,6527.0,1122.312,5352.0
670.526,57671.0,670.526,-209715.0,670.526,-158.0,670.526,205.0,1122.678,1.292091,1122.868,6610.0,1122.868,5245.0
670.779,57671.0,670.779,-204472.0,670.779,-143.0,670.779,163.0,1123.21,1.298106,1123.335,6463.0,1123.335,5358.0
671.072,15728.0,671.072,-193986.0,671.072,-189.0,671.072,20.0,1123.682,1.301717,1123.825,6685.0,1123.825,5136.0
671.433,41943.0,671.433,-235929.0,671.433,-87.0,671.433,99.0,1124.177,1.308,1124.34,6571.0,1124.34,5263.0
671.678,26214.0,671.678,-193986.0,671.678,-1.0,671.678,278.0,1124.661,1.312338,1124.829,6591.0,1124.829,5162.0
671.998,36700.0,671.998,-246415.0,671.998,-108.0,671.998,167.0,1125.182,1.303361,1125.307,6760.0,1125.307,5031.0
672.317,57671.0,672.317,-199229.0,672.317,105.0,672.317,110.0,1125.656,1.287953,1125.825,6819.0,1125.825,5069.0
672.572,47185.0,672.572,-246415.0,672.572,12.0,672.572,37.0,1126.179,1.271872,1126.355,6598.0,1126.355,5242.0
672.881,73400.0,672.881,-209715.0,672.881,53.0,672.881,168.0,1126.694,1.254463,1127.304,6394.0,1127.304,5465.0
673.171,104857.0,673.171,-178257.0,673.171,123.0,673.171,64.0,1127.198,1.235966,1127.83,6437.0,1127.83,5377.0
673.462,167772.0,673.462,-256900.0,673.462,71.0,673.462,102.0,1127.656,1.217748,1128.295,6760.0,1128.295,5156.0
673.744,146800.0,673.744,-193986.0,673.744,58.0,673.744,283.0,1128.174,1.210577,1128.797,6363.0,1128.797,5479.0
674.067,125829.0,674.067,-241172.0,674.067,76.0,674.067,46.0,1128.662,1.202603,1129.32,6678.0,1129.32,5215.0
674.411,152043.0,674.411,-178257.0,674.411,21.0,674.411,-31.0,1129.173,1.198208,1129.822,6537.0,1129.822,5206.0
674.671,157286.0,674.671,-141557.0,674.671,187.0,674.671,-24.0,1129.654,1.188033,1130.311,6591.0,1130.311,5295.0
675.006,131071.0,675.006,-173014.0,675.006,107.0,675.006,76.0,1130.19,1.168075,1130.828,6439.0,1130.828,5410.0
675.257,57671.0,675.257,-125829.0,675.257,-1.0,675.257,68.0,1130.633,1.164724,1131.277,6482.0,1131.277,5370.0
675.563,120586.0,675.563,-167772.0,675.563,13.0,675.563,-38.0,1131.143,1.162276,1131.811,6270.0,1131.811,5382.0
675.866,52428.0,675.866,-136314.0,675.866,69.0,675.866,18.0,1131.63,1.168863,1132.308,6177.0,1132.308,5624.0
676.131,225443.0,676.131,-125829.0,676.131,152.0,676.131,-122.0,1132.162,1.174108,1132.778,6314.0,1132.778,5392.0
676.503,146800.0,676.503,-152043.0,676.503,82.0,676.503,213.0,1132.632,1.183775,1133.317,6514.0,1133.317,5378.0
676.749,99614.0,676.749,-136314.0,676.749,-242.0,676.749,-42.0,1133.144,1.193687,1133.803,6197.0,1133.803,5532.0
677.049,110100.0,677.049,-125829.0,677.049,-13.0,677.049,-126.0,1133.643,1.212681,1134.273,6499.0,1134.273,5269.0
677.352,173014.0,677.352,-146800.0,677.352,-153.0,677.352,94.0,1134.166,1.237508,1134.804,6531.0,1134.804,5290.0
677.66,94371.0,677.66,-120586.0,677.66,-51.0,677.66,87.0,1134.633,1.249323,1135.298,6488.0,1135.298,5301.0
677.984,110100.0,677.984,-162529.0,677.984,-187.0,677.984,-71.0,1135.151,1.263438,1135.76,6425.0,1135.76,5380.0
678.247,115343.0,678.247,-152043.0,678.247,-262.0,678.247,-222.0,1135.62,1.274706,1136.296,6492.0,1136.296,5322.0
678.573,83886.0,678.573,-178257.0,678.573,-116.0,678.573,-256.0,1136.161,1.290237,1136.813,6744.0,1136.813,5093.0
678.871,41943.0,678.871,-193986.0,678.871,-96.0,678.871,10.0,1136.635,1.295099,1137.26,6507.0,1137.26,5280.0
679.156,57671.0,679.156,-225443.0,679.156,-65.0,679.156,-265.0,1137.154,1.285498,1137.764,6656.0,1137.764,5142.0
679.47,10485.0,679.47,-214957.0,679.47,76.0,679.47,-180.0,1137.623,1.274338,1138.28,6714.0,1138.28,5089.0
680.034,36700.0,680.034,-209715.0,680.034,48.0,680.034,-124.0,1138.12,1.263287,1138.758,6640.0,1138.758,5063.0
680.32,0.0,680.32,-162529.0,680.32,-167.0,680.32,-120.0,1138.605,1.254145,1139.255,6912.0,1139.255,4987.0
680.67,36700.0,680.67,-241172.0,680.67,-26.0,680.67,-112.0,1139.15,1.234281,1139.774,6483.0,1139.774,5298.0
680.951,36700.0,680.951,-220200.0,680.951,-51.0,680.951,-64.0,1139.614,1.207323,1140.29,6435.0,1140.29,5337.0
681.227,31457.0,681.227,-199229.0,681.227,-23.0,681.227,-184.0,1140.123,1.18687,1140.776,6649.0,1140.776,5169.0
681.532,10485.0,681.532,-173014.0,681.532,-139.0,681.532,-44.0,1140.657,1.170484,1141.263,6542.0,1141.263,5259.0
681.836,52428.0,681.836,-183500.0,681.836,-44.0,681.836,-100.0,1141.13,1.148176,1141.745,6590.0,1141.745,5279.0
682.145,41943.0,682.145,-262143.0,682.145,147.0,682.145,-166.0,1141.598,1.131775,1142.275,6628.0,1142.275,5223.0
682.431,52428.0,682.431,-256900.0,682.431,104.0,682.431,104.0,1142.14,1.120249,1142.736,6410.0,1142.736,5458.0
682.744,68157.0,682.744,-230686.0,682.744,53.0,682.744,-45.0,1142.595,1.113421,1143.27,6239.0,1143.27,5677.0
683.036,15728.0,683.036,-152043.0,683.036,-21.0,683.036,55.0,1143.124,1.1032,1143.789,6129.0,1143.789,5787.0
683.333,15728.0,683.333,-131071.0,683.333,8.0,683.333,30.0,1143.59,1.105295,1144.265,6384.0,1144.265,5345.0
683.598,10485.0,683.598,-78643.0,683.598,66.0,683.598,-79.0,1144.142,1.119446,1144.751,6236.0,1144.751,5573.0
683.959,5242.0,683.959,-73400.0,683.959,97.0,683.959,-133.0,1144.588,1.133769,1145.263,6267.0,1145.263,5492.0
684.224,10485.0,684.224,-78643.0,684.224,107.0,684.224,-161.0,1145.135,1.147787,1145.752,6694.0,1145.752,5149.0
684.522,20971.0,684.522,-104857.0,684.522,92.0,684.522,-155.0,1145.61,1.176079,1146.229,6453.0,1146.229,5292.0
684.888,10485.0,684.888,-125829.0,684.888,53.0,684.888,-73.0,1146.099,1.1944,1146.75,6754.0,1146.75,5099.0
685.092,26214.0,685.092,-136314.0,685.092,31.0,685.092,-47.0,1146.579,1.206158,1147.268,6504.0,1147.268,5343.0
685.469,26214.0,685.469,-78643.0,685.469,33.0,685.469,-46.0,1147.119,1.215697,1147.723,6507.0,1147.723,5352.0
685.721,20971.0,685.721,-41943.0,685.721,51.0,685.721,-91.0,1147.593,1.227432,1148.238,6661.0,1148.238,5156.0
686.021,15728.0,686.021,-36700.0,686.021,108.0,686.021,-114.0,1148.114,1.244098,1148.741,6702.0,1148.741,5070.0
686.318,15728.0,686.318,-78643.0,686.318,114.0,686.318,-135.0,1148.572,1.247268,1149.217,6708.0,1149.217,5103.0
686.586,20971.0,686.586,-57671.0,686.586,113.0,686.586,-95.0,1149.092,1.2415,1149.745,6826.0,1149.745,4961.0
686.971,57671.0,686.971,-115343.0,686.971,75.0,686.971,-88.0,1149.564,1.236739,1150.242,6533.0,1150.242,5279.0
687.215,68157.0,687.215,-120586.0,687.215,40.0,687.215,-50.0,1150.096,1.21616,1150.745,6649.0,1150.745,5222.0
687.512,20971.0,687.512,-73400.0,687.512,25.0,687.512,-50.0,1150.565,1.207095,1151.23,6717.0,1151.23,5089.0
687.822,31457.0,687.822,-78643.0,687.822,56.0,687.822,-47.0,1151.114,1.194676,1151.752,6706.0,1151.752,5143.0
688.116,10485.0,688.116,-41943.0,688.116,72.0,688.116,-73.0,1151.579,1.185515,1152.203,6742.0,1152.203,5157.0
688.436,20971.0,688.436,-57671.0,688.436,118.0,688.436,-86.0,1152.074,1.167498,1152.737,6631.0,1152.737,5292.0
688.679,47185.0,688.679,-47185.0,688.679,95.0,688.679,-91.0,1152.561,1.148744,1153.212,6621.0,1153.212,5272.0
689.013,68157.0,689.013,-31457.0,689.013,68.0,689.013,-47.0,1153.09,1.12988,1153.696,6564.0,1153.696,5343.0
689.305,78643.0,689.305,-26214.0,689.305,54.0,689.305,-36.0,1153.582,1.104175,1154.237,6318.0,1154.237,5506.0
689.614,57671.0,689.614,-31457.0,689.614,17.0,689.614,-44.0,1154.114,1.082921,1154.699,6422.0,1154.699,5405.0
689.979,26214.0,689.979,-31457.0,689.979,58.0,689.979,-13.0,1154.563,1.078812,1155.198,6207.0,1155.198,5581.0
690.21,15728.0,690.21,-36700.0,690.21,56.0,690.21,-61.0,1155.078,1.077422,1155.724,6399.0,1155.724,5475.0
690.507,68157.0,690.507,-31457.0,690.507,78.0,690.507,-50.0,1155.55,1.079895,1156.23,6258.0,1156.23,5571.0
690.807,36700.0,690.807,-41943.0,690.807,99.0,690.807,-30.0,1156.075,1.082907,1156.697,6339.0,1156.697,5552.0
691.126,15728.0,691.126,-36700.0,691.126,45.0,691.126,-35.0,1156.538,1.098741,1157.22,6363.0,1157.22,5445.0
691.414,15728.0,691.414,-41943.0,691.414,41.0,691.414,-17.0,1157.09,1.114342,1157.729,6443.0,1157.729,5360.0
691.707,52428.0,691.707,-36700.0,691.707,36.0,691.707,-25.0,1157.539,1.127519,1158.18,6658.0,1158.18,5155.0
691.995,36700.0,691.995,-26214.0,691.995,21.0,691.995,-18.0,1158.088,1.147436,1158.694,6448.0,1158.694,5336.0
692.271,-15728.0,692.271,-31457.0,692.271,68.0,692.271,-13.0,1158.539,1.150352,1159.208,6517.0,1159.208,5238.0
692.599,10485.0,692.599,-10485.0,692.599,91.0,692.599,-12.0,1159.082,1.155935,1159.68,6567.0,1159.68,5304.0
692.894,20971.0,692.894,-5242.0,692.894,61.0,692.894,4.0,1159.545,1.166941,1160.199,6816.0,1160.199,5058.0
693.223,26214.0,693.223,-20971.0,693.223,42.0,693.223,-26.0,1160.079,1.17606,1160.697,6798.0,1160.697,5017.0
693.496,31457.0,693.496,-20971.0,693.496,15.0,693.496,5.0,1160.545,1.180583,1161.215,6838.0,1161.215,5019.0
693.797,47185.0,693.797,-15728.0,693.797,1.0,693.797,-3.0,1161.05,1.1775,1161.695,6794.0,1161.695,5030.0
694.095,36700.0,694.095,-15728.0,694.095,28.0,694.095,-6.0,1161.57,1.168083,1162.217,6708.0,1162.217,5141.0
694.415,20971.0,694.415,-10485.0,694.415,18.0,694.415,20.0,1162.052,1.149305,1162.692,6457.0,1162.692,5335.0
694.693,36700.0,694.693,-10485.0,694.693,44.0,694.693,5.0,1162.522,1.136279,1163.199,6630.0,1163.199,5279.0
694.989,41943.0,694.989,-36700.0,694.989,45.0,694.989,28.0,1163.065,1.132594,1163.659,6685.0,1163.659,5045.0
695.636,-5242.0,695.636,-15728.0,695.636,-10.0,695.636,9.0,1163.55,1.119197,1164.19,6624.0,1164.19,5241.0
695.908,20971.0,695.908,-20971.0,695.908,1.0,695.908,21.0,1164.054,1.094629,1164.715,6317.0,1164.715,5510.0
696.483,20971.0,696.483,-20971.0,696.483,-7.0,696.483,44.0,1164.515,1.067531,1165.186,6415.0,1165.186,5457.0
696.798,10485.0,696.798,-10485.0,696.798,23.0,696.798,23.0,1165.065,1.050223,1165.657,6707.0,1165.657,5209.0
697.091,-5242.0,697.091,-5242.0,697.091,5.0,697.091,32.0,1165.53,1.052397,1166.155,6340.0,1166.155,5496.0
697.407,5242.0,697.407,-36700.0,697.407,5.0,697.407,31.0,1166.025,1.050373,1166.677,6390.0,1166.677,5384.0
697.678,-15728.0,697.678,-31457.0,697.678,7.0,697.678,19.0,1166.53,1.054266,1167.158,6292.0,1167.158,5488.0
697.979,15728.0,697.979,-5242.0,697.979,-10.0,697.979,13.0,1167.037,1.070302,1167.68,6302.0,1167.68,5515.0
698.275,20971.0,698.275,0.0,698.275,-26.0,698.275,-6.0,1167.499,1.084002,1168.197,6557.0,1168.197,5352.0
698.582,-5242.0,698.582,5242.0,698.582,-16.0,698.582,24.0,1168.036,1.102475,1168.646,6672.0,1168.646,5130.0
698.903,10485.0,698.903,-10485.0,698.903,-11.0,698.903,41.0,1168.521,1.12152,1169.202,6590.0,1169.202,5239.0
699.177,20971.0,699.177,0.0,699.177,5.0,699.177,43.0,1169.05,1.121234,1169.621,6758.0,1169.621,5069.0
699.496,0.0,699.496,-5242.0,699.496,2.0,699.496,29.0,1169.505,1.11232,1170.135,6571.0,1170.135,5232.0
699.771,31457.0,699.771,0.0,699.771,-34.0,699.771,10.0,1170.03,1.107934,1170.642,6604.0,1170.642,5261.0
700.079,15728.0,700.079,0.0,700.079,-43.0,700.079,17.0,1170.494,1.104077,1171.16,6815.0,1171.16,4921.0
700.4,10485.0,700.4,-5242.0,700.4,-25.0,700.4,-3.0,1171.026,1.105873,1171.668,6847.0,1171.668,5063.0
700.665,-31457.0,700.665,-36700.0,700.665,-41.0,700.665,9.0,1171.506,1.094897,1172.158,6637.0,1172.158,5210.0
700.934,-5242.0,700.934,-5242.0,700.934,-4.0,700.934,36.0,1172.065,1.081099,1172.642,6320.0,1172.642,5592.0
701.266,-26214.0,701.266,-20971.0,701.266,-30.0,701.266,41.0,1172.505,1.064699,1173.15,6621.0,1173.15,5261.0
701.597,-5242.0,701.597,5242.0,701.597,-9.0,701.597,29.0,1173.035,1.067512,1173.65,6787.0,1173.65,5056.0
701.882,15728.0,701.882,-10485.0,701.882,-39.0,701.882,14.0,1173.485,1.068328,1174.147,6632.0,1174.147,5268.0
702.16,20971.0,702.16,-5242.0,702.16,-36.0,702.16,8.0,1174.014,1.057887,1174.624,6450.0,1174.624,5406.0
702.457,41943.0,702.457,-36700.0,702.457,-20.0,702.457,-8.0,1174.488,1.052755,1175.165,6684.0,1175.165,5136.0
702.764,31457.0,702.764,-31457.0,702.764,-31.0,702.764,17.0,1175.02,1.051007,1175.662,6592.0,1175.662,5264.0
703.062,20971.0,703.062,-15728.0,703.062,-12.0,703.062,22.0,1175.489,1.036388,1176.119,6667.0,1176.119,5143.0
703.36,-20971.0,703.36,-36700.0,703.36,-13.0,703.36,19.0,1176.001,1.016353,1176.639,6612.0,1176.639,5133.0
703.669,15728.0,703.669,-26214.0,703.669,-29.0,703.669,13.0,1176.469,0.99946,1177.146,6757.0,1177.146,5126.0
703.951,5242.0,703.951,26214.0,703.951,-54.0,703.951,18.0,1176.992,0.977994,1177.614,6278.0,1177.614,5549.0
704.252,0.0,704.252,0.0,704.252,-42.0,704.252,1.0,1177.487,0.949524,1178.133,6119.0,1178.133,5640.0
704.521,-15728.0,704.521,20971.0,704.521,-33.0,704.521,-7.0,1178.019,0.927524,1178.652,6425.0,1178.652,5374.0
704.882,0.0,704.882,-15728.0,704.882,-40.0,704.882,-7.0,1178.482,0.925811,1179.11,6220.0,1179.11,5537.0
705.147,0.0,705.147,0.0,705.147,-32.0,705.147,9.0,1179.015,0.924252,1179.604,6250.0,1179.604,5466.0
705.453,-20971.0,705.453,-5242.0,705.453,-26.0,705.453,13.0,1179.506,0.928512,1180.134,6356.0,1180.134,5498.0
705.769,15728.0,705.769,-5242.0,705.769,-27.0,705.769,6.0,1179.976,0.93342,1180.602,6452.0,1180.602,5397.0
706.051,5242.0,706.051,-10485.0,706.051,-37.0,706.051,17.0,1180.457,0.951775,1181.106,6496.0,1181.106,5251.0
706.373,0.0,706.373,-31457.0,706.373,-43.0,706.373,-21.0,1181.014,0.978911,1181.62,6437.0,1181.62,5317.0
706.641,5242.0,706.641,-26214.0,706.641,-65.0,706.641,-196.0,1181.454,0.998378,1182.138,6507.0,1182.138,5344.0
706.946,10485.0,706.946,-15728.0,706.946,-574.0,706.946,279.0,1181.977,1.011587,1182.625,6667.0,1182.625,5237.0
707.236,10485.0,707.236,15728.0,707.236,276.0,707.236,564.0,1182.503,1.024054,1183.108,6693.0,1183.108,5015.0
707.545,20971.0,707.545,0.0,707.545,13.0,707.545,492.0,1182.971,1.03221,1183.591,6826.0,1183.591,5054.0
707.893,-31457.0,707.893,89128.0,707.893,160.0,707.893,55.0,1183.456,1.027489,1184.118,6975.0,1184.118,4863.0
708.14,0.0,708.14,94371.0,708.14,-56.0,708.14,-42.0,1183.986,1.018473,1184.578,60.0,1184.578,30.0
708.435,-41943.0,708.435,141557.0,708.435,4.0,708.435,-271.0,1184.458,1.000549,1185.084,75.0,1185.084,45.0
708.734,-20971.0,708.734,73400.0,708.734,-10.0,708.734,-280.0,1184.959,0.977469,1185.632,4680.0,1185.632,8040.0
709.042,-20971.0,709.042,10485.0,709.042,50.0,709.042,-220.0,1185.447,0.960065,1186.113,-1872.0,1186.113,9600.0
709.375,-10485.0,709.375,-26214.0,709.375,42.0,709.375,-49.0,1185.985,0.91732,1186.581,-1426.0,1186.581,9600.0
709.63,10485.0,709.63,-15728.0,709.63,-23.0,709.63,76.0,1186.467,0.692563,1187.098,-1266.0,1187.098,9600.0
709.936,10485.0,709.936,15728.0,709.936,-61.0,709.936,82.0,1186.948,0.343102,1187.598,6315.0,1187.598,6315.0
710.227,-36700.0,710.227,36700.0,710.227,-58.0,710.227,18.0,1187.447,-0.072722,1188.074,6315.0,1188.074,6315.0
710.499,-20971.0,710.499,47185.0,710.499,6.0,710.499,-117.0,1187.952,-0.328579,1188.603,1092.0,1188.603,9600.0
710.856,-62914.0,710.856,78643.0,710.856,74.0,710.856,-170.0,1188.428,-0.430321,1189.119,318.0,1189.119,9600.0
711.122,-26214.0,711.122,36700.0,711.122,23.0,711.122,-172.0,1188.958,-0.560355,1189.586,6315.0,1189.586,6315.0
711.395,36700.0,711.395,-36700.0,711.395,-14.0,711.395,-60.0,1189.442,-0.833577,1190.074,6330.0,1190.074,6300.0
711.737,10485.0,711.737,-47185.0,711.737,-45.0,711.737,54.0,1189.973,-1.057083,1190.588,6345.0,1190.588,6285.0
712.048,0.0,712.048,-10485.0,712.048,-74.0,712.048,80.0,1190.43,-1.135235,1191.06,6315.0,1191.06,6315.0
712.341,-15728.0,712.341,31457.0,712.341,-53.0,712.341,41.0,1190.939,-1.161322,1191.568,9600.0,1191.568,9570.0
712.614,-10485.0,712.614,57671.0,712.614,-10.0,712.614,-81.0,1191.416,-1.156453,1192.086,9600.0,1192.086,9570.0
712.927,-26214.0,712.927,57671.0,712.927,16.0,712.927,-334.0,1191.948,-1.106065,1192.603,9600.0,1192.603,9600.0
713.217,-15728.0,713.217,26214.0,713.217,-77.0,713.217,44.0,1192.433,-1.010269,1193.085,2204.0,1193.085,9600.0
713.523,-99614.0,713.523,31457.0,713.523,5.0,713.523,98.0,1192.974,-0.876168,1193.613,2353.0,1193.613,9600.0
713.843,-89128.0,713.843,0.0,713.843,-450.0,713.843,-134.0,1193.419,-0.813133,1194.053,9600.0,1194.053,9600.0
714.149,-146800.0,714.149,73400.0,714.149,-384.0,714.149,-26.0,1193.917,-0.875587,1194.599,9600.0,1194.599,9600.0
714.428,-293601.0,714.428,89128.0,714.428,-377.0,714.428,71.0,1194.4,-0.881098,1195.044,9600.0,1195.044,9600.0
714.745,-173014.0,714.745,-83886.0,714.745,67.0,714.745,-825.0,1194.929,-0.831773,1195.548,4053.0,1195.548,9600.0
715.021,-262143.0,715.021,-5242.0,715.021,18.0,715.021,-250.0,1195.396,-0.747829,1196.085,2787.0,1196.085,9600.0
715.341,-183500.0,715.341,-99614.0,715.341,-36.0,715.341,-443.0,1195.952,-0.684343,1196.598,4098.0,1196.598,9600.0
715.612,-47185.0,715.612,-183500.0,715.612,85.0,715.612,-235.0,1196.418,-0.709379,1197.036,5385.0,1197.036,9600.0
715.914,-83886.0,715.914,-178257.0,715.914,25.0,715.914,-51.0,1196.926,-0.767764,1197.565,9600.0,1197.565,9600.0
716.261,-94371.0,716.261,-104857.0,716.261,-66.0,716.261,-30.0,1197.397,-0.83295,1198.064,9540.0,1198.064,9600.0
716.515,-78643.0,716.515,-110100.0,716.515,-83.0,716.515,-202.0,1197.925,-0.833611,1198.54,5954.0,1198.54,9600.0
716.833,-104857.0,716.833,-125829.0,716.833,72.0,716.833,-164.0,1198.392,-0.771482,1199.059,5954.0,1199.059,9600.0
717.093,-104857.0,717.093,-152043.0,717.093,-106.0,717.093,-110.0,1198.943,-0.709476,1199.576,4605.0,1199.576,9315.0
717.403,-178257.0,717.403,-146800.0,717.403,-178.0,717.403,45.0,1199.405,-0.645447,1200.026,2558.0,1200.026,9600.0
717.699,-152043.0,717.699,-199229.0,717.699,65.0,717.699,-188.0,1199.934,-0.646307,1200.541,-1725.0,1200.541,7965.0
718.017,-94371.0,718.017,-104857.0,718.017,-39.0,718.017,-95.0,1200.385,-0.766676,1201.054,3120.0,1201.054,3120.0
718.349,-120586.0,718.349,-104857.0,718.349,-65.0,718.349,109.0,1200.894,-0.997402,1201.556,3165.0,1201.556,3075.0
718.593,-120586.0,718.593,-99614.0,718.593,-144.0,718.593,-7.0,1201.438,-1.237135,1202.044,3120.0,1202.044,3120.0
718.896,-146800.0,718.896,-157286.0,718.896,15.0,718.896,-114.0,1201.928,-1.406783,1202.522,3135.0,1202.522,3105.0
719.201,-131071.0,719.201,-110100.0,719.201,-200.0,719.201,-132.0,1202.385,-1.563784,1203.053,3135.0,1203.053,3105.0
719.496,-183500.0,719.496,-167772.0,719.496,193.0,719.496,-216.0,1202.905,-1.707193,1203.55,3555.0,1203.55,2685.0
719.826,-167772.0,719.826,-173014.0,719.826,-10.0,719.826,-40.0,1203.414,-1.836648,1204.024,5490.0,1204.024,750.0
720.089,-152043.0,720.089,-94371.0,720.089,-100.0,720.089,11.0,1203.892,-1.9267,1204.517,3135.0,1204.517,3105.0
720.408,-178257.0,720.408,-188743.0,720.408,238.0,720.408,-214.0,1204.37,-1.872382,1205.044,3150.0,1205.044,3090.0
720.698,-115343.0,720.698,-120586.0,720.698,-51.0,720.698,-96.0,1204.914,-1.797528,1205.516,3135.0,1205.516,3105.0
721.034,-214957.0,721.034,-188743.0,721.034,-191.0,721.034,27.0,1205.391,-1.74509,1206.003,3135.0,1206.003,3105.0
721.319,-94371.0,721.319,-178257.0,721.319,204.0,721.319,-100.0,1205.893,-1.70796,1206.558,3105.0,1206.558,3135.0
721.594,-136314.0,721.594,-214957.0,721.594,49.0,721.594,-172.0,1206.355,-1.687901,1207.033,1455.0,1207.033,4785.0
721.886,-99614.0,721.886,-178257.0,721.886,142.0,721.886,-41.0,1206.914,-1.671783,1207.501,3120.0,1207.501,3120.0
722.18,-115343.0,722.18,-267386.0,722.18,292.0,722.18,17.0,1207.355,-1.69001,1208.025,3120.0,1208.025,3120.0
722.485,-110100.0,722.485,-225443.0,722.485,398.0,722.485,-30.0,1207.908,-1.694674,1208.523,3120.0,1208.523,3120.0
722.798,-125829.0,722.798,-267386.0,722.798,93.0,722.798,-118.0,1208.389,-1.6784,1208.998,3120.0,1208.998,3120.0
723.086,-94371.0,723.086,-193986.0,723.086,114.0,723.086,-225.0,1208.882,-1.655391,1209.518,3120.0,1209.518,3120.0
723.38,-83886.0,723.38,-136314.0,723.38,77.0,723.38,-126.0,1209.362,-1.624909,1210.043,3120.0,1210.043,3120.0
723.68,-41943.0,723.68,-167772.0,723.68,-57.0,723.68,-90.0,1209.875,-1.585253,1210.494,3120.0,1210.494,3120.0
723.984,-83886.0,723.984,-183500.0,723.984,62.0,723.984,-210.0,1210.361,-1.540796,1210.996,3120.0,1210.996,3120.0
724.285,-41943.0,724.285,-199229.0,724.285,193.0,724.285,62.0,1210.882,-1.500909,1211.51,3120.0,1211.51,3120.0
724.592,-131071.0,724.592,-209715.0,724.592,-130.0,724.592,30.0,1211.336,-1.459221,1211.982,3120.0,1211.982,3120.0
724.879,-141557.0,724.879,-214957.0,724.879,-6.0,724.879,86.0,1211.876,-1.411351,1212.525,3120.0,1212.525,3120.0
725.174,-41943.0,725.174,-173014.0,725.174,-13.0,725.174,-6.0,1212.347,-1.359943,1213.013,3120.0,1213.013,3120.0
725.482,-94371.0,725.482,-199229.0,725.482,16.0,725.482,-27.0,1212.883,-1.309461,1213.516,3120.0,1213.516,3120.0
725.805,-94371.0,725.805,-188743.0,725.805,-200.0,725.805,-57.0,1213.333,-1.260352,1214.533,3120.0,1214.533,3120.0
726.076,-10485.0,726.076,-157286.0,726.076,5.0,726.076,-160.0,1213.889,-1.210039,1214.972,1170.0,1214.972,5070.0
726.372,-41943.0,726.372,-173014.0,726.372,79.0,726.372,-39.0,1214.33,-1.1565,1215.496,3120.0,1215.496,3120.0
726.675,-26214.0,726.675,-157286.0,726.675,-149.0,726.675,-58.0,1214.898,-1.100944,1215.994,3120.0,1215.994,3120.0
726.969,-62914.0,726.969,-152043.0,726.969,-70.0,726.969,-146.0,1215.33,-1.104624,1216.473,3120.0,1216.473,3120.0
727.297,-47185.0,727.297,-204472.0,727.297,-148.0,727.297,-101.0,1215.854,-1.110851,1217.017,3120.0,1217.017,3120.0
727.564,-94371.0,727.564,-199229.0,727.564,-355.0,727.564,92.0,1216.342,-1.091068,1217.489,3120.0,1217.489,3120.0
727.87,-68157.0,727.87,-183500.0,727.87,-16.0,727.87,-146.0,1216.871,-1.057374,1217.967,3120.0,1217.967,3120.0
728.162,-110100.0,728.162,-214957.0,728.162,-81.0,728.162,-132.0,1217.35,-1.020574,1218.493,3714.0,1218.493,8215.0
728.471,-115343.0,728.471,-214957.0,728.471,-128.0,728.471,28.0,1217.846,-0.986532,1218.983,3467.0,1218.983,8596.0
728.839,-104857.0,728.839,-235929.0,728.839,-8.0,728.839,-73.0,1218.326,-0.948219,1219.456,3259.0,1219.456,8473.0
729.064,-68157.0,729.064,-214957.0,729.064,26.0,729.064,-152.0,1218.845,-0.825975,1219.983,3349.0,1219.983,8025.0
729.365,-73400.0,729.365,-193986.0,729.365,-132.0,729.365,80.0,1219.311,-0.564433,1220.494,4040.0,1220.494,7467.0
729.656,-68157.0,729.656,-209715.0,729.656,12.0,729.656,-71.0,1219.851,-0.217683,1220.985,5464.0,1220.985,6117.0
729.931,-68157.0,729.931,-256900.0,729.931,190.0,729.931,-31.0,1220.308,0.183619,1221.456,6280.0,1221.456,5730.0
730.287,-78643.0,730.287,-204472.0,730.287,132.0,730.287,51.0,1220.859,0.576852,1221.98,6832.0,1221.98,5311.0
730.559,-62914.0,730.559,-183500.0,730.559,-72.0,730.559,41.0,1221.3,0.908477,1222.449,6718.0,1222.449,5313.0
730.878,15728.0,730.878,-173014.0,730.878,132.0,730.878,-3.0,1221.817,1.139604,1222.951,7000.0,1222.951,4972.0
731.124,-78643.0,731.124,-267386.0,731.124,88.0,731.124,53.0,1222.31,1.250847,1223.466,7240.0,1223.466,4931.0
731.782,52428.0,731.782,-193986.0,731.782,256.0,731.782,-236.0,1222.84,1.297646,1223.971,6822.0,1223.971,5321.0
732.047,36700.0,732.047,-193986.0,732.047,-46.0,732.047,-62.0,1223.316,1.303438,1224.465,7691.0,1224.465,4324.0
732.344,10485.0,732.344,-209715.0,732.344,48.0,732.344,-35.0,1223.814,1.292968,1224.991,7074.0,1224.991,4944.0
732.653,41943.0,732.653,-241172.0,732.653,-107.0,732.653,-66.0,1224.308,1.298354,1225.438,6919.0,1225.438,4988.0
732.976,36700.0,732.976,-199229.0,732.976,-45.0,732.976,35.0,1224.829,1.281595,1225.96,6900.0,1225.96,5041.0
733.241,-20971.0,733.241,-193986.0,733.241,-210.0,733.241,-97.0,1225.291,1.24543,1226.439,7067.0,1226.439,4869.0
733.542,41943.0,733.542,-256900.0,733.542,16.0,733.542,47.0,1225.861,1.191241,1226.925,6910.0,1226.925,5084.0
733.841,115343.0,733.841,-204472.0,733.841,35.0,733.841,726.0,1226.296,1.125531,1227.486,6944.0,1227.486,5082.0
734.136,52428.0,734.136,-162529.0,734.136,-177.0,734.136,126.0,1226.814,1.061253,1227.958,6610.0,1227.958,5242.0
734.46,20971.0,734.46,-131071.0,734.46,-166.0,734.46,218.0,1227.282,1.009941,1228.427,6301.0,1228.427,5590.0
734.75,78643.0,734.75,-125829.0,734.75,-120.0,734.75,138.0,1227.83,0.961879,1228.953,6249.0,1228.953,5624.0
735.064,10485.0,735.064,-57671.0,735.064,-69.0,735.064,128.0,1228.288,0.920899,1229.445,6541.0,1229.445,5469.0
735.337,-5242.0,735.337,-52428.0,735.337,-60.0,735.337,54.0,1228.792,0.890506,1229.92,6001.0,1229.92,5851.0
735.634,10485.0,735.634,-26214.0,735.634,41.0,735.634,-65.0,1229.274,0.874682,1230.441,6215.0,1230.441,5606.0
735.954,0.0,735.954,-36700.0,735.954,35.0,735.954,-26.0,1229.792,0.877004,1230.959,6628.0,1230.959,5114.0
736.262,-5242.0,736.262,-41943.0,736.262,-108.0,736.262,51.0,1230.273,0.896031,1231.416,6495.0,1231.416,5324.0
736.843,-5242.0,736.843,10485.0,736.843,-76.0,736.843,64.0,1230.795,0.935738,1231.928,6587.0,1231.928,5258.0
737.136,10485.0,737.136,-15728.0,737.136,-60.0,737.136,44.0,1231.307,0.962548,1232.434,6680.0,1232.434,5184.0
737.441,20971.0,737.441,15728.0,737.441,-67.0,737.441,15.0,1231.806,0.986225,1232.909,6656.0,1232.909,4980.0
737.764,-10485.0,737.764,-15728.0,737.764,-54.0,737.764,-43.0,1232.267,1.016546,1233.4,7067.0,1233.4,4790.0
738.022,-41943.0,738.022,5242.0,738.022,-110.0,738.022,-75.0,1232.79,1.034104,1233.944,6489.0,1233.944,5368.0
738.332,10485.0,738.332,-5242.0,738.332,2.0,738.332,-16.0,1233.267,1.037443,1234.445,6889.0,1234.445,4916.0
738.62,10485.0,738.62,-26214.0,738.62,-28.0,738.62,30.0,1233.788,1.029493,1234.932,7289.0,1234.932,4689.0
738.935,20971.0,738.935,5242.0,738.935,-49.0,738.935,13.0,1234.265,1.012048,1235.413,7076.0,1235.413,4753.0
739.274,31457.0,739.274,-15728.0,739.274,-57.0,739.274,76.0,1234.805,0.994396,1235.894,6586.0,1235.894,5284.0
739.514,15728.0,739.514,5242.0,739.514,-43.0,739.514,7.0,1235.248,0.961291,1236.421,6020.0,1236.421,5825.0
739.821,36700.0,739.821,20971.0,739.821,-9.0,739.821,-21.0,1235.765,0.915178,1236.894,7048.0,1236.894,4836.0
740.112,20971.0,740.112,-26214.0,740.112,-37.0,740.112,-16.0,1236.253,0.880632,1237.393,6490.0,1237.393,5240.0
740.437,0.0,740.437,-47185.0,740.437,11.0,740.437,17.0,1236.77,0.867563,1237.929,6664.0,1237.929,5211.0
740.762,10485.0,740.762,-10485.0,740.762,-60.0,740.762,34.0,1237.265,0.839875,1238.413,6462.0,1238.413,5247.0
741.008,31457.0,741.008,-10485.0,741.008,15.0,741.008,27.0,1237.79,0.818343,1238.881,6650.0,1238.881,5169.0
741.337,41943.0,741.337,10485.0,741.337,40.0,741.337,68.0,1238.273,0.805566,1239.407,6748.0,1239.407,5070.0
741.612,31457.0,741.612,5242.0,741.612,-21.0,741.612,62.0,1238.769,0.803636,1239.912,6697.0,1239.912,5060.0
741.928,10485.0,741.928,-10485.0,741.928,11.0,741.928,26.0,1239.234,0.787666,1240.376,6787.0,1240.376,5012.0
742.249,-20971.0,742.249,-52428.0,742.249,-4.0,742.249,39.0,1239.767,0.771034,1240.911,6564.0,1240.911,5265.0
742.51,26214.0,742.51,0.0,742.51,-27.0,742.51,21.0,1240.233,0.763092,1241.422,6545.0,1241.422,5306.0
742.804,0.0,742.804,-47185.0,742.804,65.0,742.804,34.0,1240.797,0.75281,1241.876,6676.0,1241.876,5052.0
743.083,52428.0,743.083,0.0,743.083,-22.0,743.083,70.0,1241.25,0.747636,1242.388,6902.0,1242.388,5012.0
743.45,-5242.0,743.45,-52428.0,743.45,20.0,743.45,79.0,1241.77,0.736509,1242.896,6674.0,1242.896,5206.0
743.722,5242.0,743.722,0.0,743.722,23.0,743.722,56.0,1242.227,0.715309,1243.373,6934.0,1243.373,4838.0
744.003,41943.0,744.003,-10485.0,744.003,-1.0,744.003,47.0,1242.74,0.678981,1243.9,6623.0,1243.9,5210.0
744.309,0.0,744.309,-26214.0,744.309,10.0,744.309,12.0,1243.223,0.634838,1244.392,6912.0,1244.392,4977.0
744.601,10485.0,744.601,-10485.0,744.601,26.0,744.601,32.0,1243.764,0.573907,1244.906,6645.0,1244.906,5239.0
744.911,41943.0,744.911,-5242.0,744.911,-12.0,744.911,44.0,1244.241,0.511586,1245.395,6750.0,1245.395,5155.0
745.201,26214.0,745.201,-41943.0,745.201,40.0,745.201,50.0,1244.748,0.436017,1245.878,6724.0,1245.878,5193.0
745.515,36700.0,745.515,-20971.0,745.515,23.0,745.515,69.0,1245.231,0.365917,1246.36,6968.0,1246.36,4965.0
745.806,31457.0,745.806,5242.0,745.806,30.0,745.806,57.0,1245.745,0.29904,1246.889,6559.0,1246.889,5452.0
746.091,36700.0,746.091,-15728.0,746.091,34.0,746.091,37.0,1246.213,0.227823,1247.351,7270.0,1247.351,4588.0
746.415,10485.0,746.415,-15728.0,746.415,23.0,746.415,21.0,1246.753,0.148245,1247.857,6736.0,1247.857,5307.0
746.727,-15728.0,746.727,-57671.0,746.727,17.0,746.727,25.0,1247.227,0.088994,1248.406,6834.0,1248.406,5126.0
747.0,-5242.0,747.0,-52428.0,747.0,44.0,747.0,51.0,1247.737,0.006284,1248.877,7450.0,1248.877,4301.0
747.294,15728.0,747.294,-62914.0,747.294,33.0,747.294,39.0,1248.211,-0.068245,1249.349,7070.0,1249.349,5026.0
747.611,47185.0,747.611,5242.0,747.611,43.0,747.611,46.0,1248.753,-0.143307,1249.877,7110.0,1249.877,4827.0
747.894,15728.0,747.894,0.0,747.894,30.0,747.894,64.0,1249.22,-0.244201,1250.377,7039.0,1250.377,4933.0
748.226,0.0,748.226,-26214.0,748.226,53.0,748.226,36.0,1249.714,-0.348242,1250.883,6877.0,1250.883,4934.0
748.488,20971.0,748.488,-10485.0,748.488,30.0,748.488,41.0,1250.215,-0.458299,1251.363,6545.0,1251.363,5307.0
748.789,-10485.0,748.789,-41943.0,748.789,26.0,748.789,33.0,1250.737,-0.57797,1251.861,6564.0,1251.861,5337.0
749.092,0.0,749.092,0.0,749.092,-11.0,749.092,-1.0,1251.733,-0.768592,1252.338,6990.0,1252.338,4953.0
749.401,20971.0,749.401,-15728.0,749.401,105.0,749.401,72.0,1252.205,-0.840603,1252.842,6520.0,1252.842,5306.0
749.74,-10485.0,749.74,-31457.0,749.74,36.0,749.74,69.0,1252.752,-0.908865,1253.375,6852.0,1253.375,5022.0
749.982,41943.0,749.982,-5242.0,749.982,28.0,749.982,48.0,1253.194,-0.961305,1253.828,6224.0,1253.828,5600.0
750.289,5242.0,750.289,-15728.0,750.289,206.0,750.289,163.0,1253.713,-0.996536,1254.333,5852.0,1254.333,6039.0
750.579,0.0,750.579,-15728.0,750.579,7.0,750.579,-2.0,1254.183,-1.012501,1254.857,6574.0,1254.857,5164.0
750.893,57671.0,750.893,5242.0,750.893,93.0,750.893,48.0,1254.711,-0.997817,1255.359,6391.0,1255.359,5420.0
751.205,0.0,751.205,-31457.0,751.205,62.0,751.205,40.0,1255.18,-0.975453,1255.855,6565.0,1255.855,5286.0
751.449,10485.0,751.449,-20971.0,751.449,58.0,751.449,48.0,1255.721,-0.940169,1256.334,6296.0,1256.334,5578.0
751.799,10485.0,751.799,-10485.0,751.799,51.0,751.799,51.0,1256.176,-0.919238,1256.816,6234.0,1256.816,5584.0
752.08,20971.0,752.08,-26214.0,752.08,60.0,752.08,45.0,1256.74,-0.892783,1257.349,6742.0,1257.349,5037.0
752.391,0.0,752.391,-20971.0,752.391,58.0,752.391,44.0,1257.227,-0.851213,1257.839,6864.0,1257.839,4991.0
753.24,31457.0,753.24,0.0,753.24,57.0,753.24,34.0,1257.7,-0.835649,1258.315,6923.0,1258.315,4847.0
753.596,5242.0,753.596,-20971.0,753.596,50.0,753.596,45.0,1258.186,-0.837784,1258.853,6923.0,1258.853,4902.0
753.906,0.0,753.906,-26214.0,753.906,41.0,753.906,51.0,1258.708,-0.861498,1259.334,7023.0,1259.334,4828.0
754.162,20971.0,754.162,-5242.0,754.162,61.0,754.162,37.0,1259.181,-0.891755,1259.816,6464.0,1259.816,5456.0
754.489,26214.0,754.489,-10485.0,754.489,32.0,754.489,51.0,1259.689,-0.940169,1260.33,7071.0,1260.33,4755.0
754.761,20971.0,754.761,-20971.0,754.761,53.0,754.761,36.0,1260.177,-0.979297,1260.848,6806.0,1260.848,5157.0
755.067,-5242.0,755.067,-20971.0,755.067,50.0,755.067,6.0,1260.688,-1.034726,1261.298,6804.0,1261.298,5020.0
755.375,31457.0,755.375,31457.0,755.375,36.0,755.375,42.0,1261.158,-1.086377,1261.832,6571.0,1261.832,5268.0
755.719,5242.0,755.719,-26214.0,755.719,46.0,755.719,54.0,1261.714,-1.13985,1262.339,6586.0,1262.339,5260.0
756.007,10485.0,756.007,-15728.0,756.007,46.0,756.007,42.0,1262.155,-1.173827,1262.798,6452.0,1262.798,5414.0
756.265,20971.0,756.265,-10485.0,756.265,54.0,756.265,45.0,1262.697,-1.196133,1263.313,6473.0,1263.313,5458.0
756.554,26214.0,756.554,-15728.0,756.554,26.0,756.554,42.0,1263.199,-1.206019,1263.825,5621.0,1263.825,6168.0
756.87,31457.0,756.87,-15728.0,756.87,40.0,756.87,31.0,1263.702,-1.197227,1264.293,6446.0,1264.293,5302.0
757.184,52428.0,757.184,10485.0,757.184,54.0,757.184,38.0,1264.149,-1.157914,1264.807,5964.0,1264.807,5851.0
757.456,20971.0,757.456,10485.0,757.456,59.0,757.456,9.0,1264.687,-1.120871,1265.313,6044.0,1265.313,5721.0
757.76,36700.0,757.76,20971.0,757.76,44.0,757.76,28.0,1265.176,-1.068284,1265.819,6163.0,1265.819,5635.0
758.103,5242.0,758.103,-10485.0,758.103,44.0,758.103,65.0,1265.677,-1.008704,1266.31,6554.0,1266.31,5185.0
758.355,0.0,758.355,-10485.0,758.355,25.0,758.355,67.0,1266.19,-0.961922,1266.842,6618.0,1266.842,5031.0
758.686,31457.0,758.686,15728.0,758.686,65.0,758.686,57.0,1266.693,-0.918057,1267.283,6986.0,1267.283,4815.0
758.95,36700.0,758.95,-10485.0,758.95,71.0,758.95,28.0,1267.13,-0.880314,1267.802,6214.0,1267.802,5565.0
759.248,41943.0,759.248,26214.0,759.248,46.0,759.248,21.0,1267.65,-0.865986,1268.279,7277.0,1268.279,4595.0
759.55,15728.0,759.55,0.0,759.55,-1.0,759.55,25.0,1268.143,-0.849383,1268.777,7540.0,1268.777,4419.0
759.848,31457.0,759.848,-15728.0,759.848,40.0,759.848,70.0,1268.683,-0.857487,1269.328,7251.0,1269.328,4610.0
760.194,47185.0,760.194,-26214.0,760.194,31.0,760.194,6.0,1269.144,-0.90103,1269.802,7011.0,1269.802,4864.0
760.438,10485.0,760.438,0.0,760.438,45.0,760.438,29.0,1269.685,-0.965355,1270.269,7515.0,1270.269,4304.0
760.742,41943.0,760.742,5242.0,760.742,51.0,760.742,71.0,1270.149,-1.043894,1270.8,7296.0,1270.8,4579.0
761.035,20971.0,761.035,-20971.0,761.035,18.0,761.035,18.0,1270.698,-1.125831,1271.289,6829.0,1271.289,5095.0
761.353,36700.0,761.353,10485.0,761.353,35.0,761.353,27.0,1271.123,-1.218182,1271.767,6702.0,1271.767,5138.0
761.672,15728.0,761.672,-26214.0,761.672,35.0,761.672,26.0,1271.642,-1.303849,1272.286,6268.0,1272.286,5641.0
761.935,31457.0,761.935,-26214.0,761.935,63.0,761.935,70.0,1272.12,-1.376312,1272.805,6320.0,1272.805,5604.0
762.264,36700.0,762.264,-10485.0,762.264,31.0,762.264,52.0,1272.647,-1.431584,1273.261,5934.0,1273.261,5976.0
762.534,5242.0,762.534,-20971.0,762.534,67.0,762.534,68.0,1273.145,-1.443538,1273.766,5259.0,1273.766,6499.0
762.852,15728.0,762.852,-5242.0,762.852,48.0,762.852,84.0,1273.652,-1.419887,1274.301,5942.0,1274.301,5906.0
763.161,-5242.0,763.161,-15728.0,763.161,55.0,763.161,48.0,1274.114,-1.343126,1274.793,5702.0,1274.793,6021.0
763.435,5242.0,763.435,5242.0,763.435,62.0,763.435,85.0,1274.7,-1.239813,1275.248,6242.0,1275.248,5595.0
763.703,31457.0,763.703,0.0,763.703,20.0,763.703,42.0,1275.106,-1.126535,1275.789,5938.0,1275.789,5810.0
764.028,-5242.0,764.028,-5242.0,764.028,13.0,764.028,84.0,1275.632,-1.029358,1276.282,6502.0,1276.282,5317.0
764.367,36700.0,764.367,-10485.0,764.367,51.0,764.367,31.0,1276.106,-0.942744,1276.782,6850.0,1276.782,5078.0
764.649,5242.0,764.649,5242.0,764.649,40.0,764.649,87.0,1276.649,-0.892672,1277.257,7947.0,1277.257,3907.0
764.927,5242.0,764.927,-10485.0,764.927,11.0,764.927,27.0,1277.118,-0.873132,1277.741,7938.0,1277.741,3969.0
765.229,-15728.0,765.229,10485.0,765.229,46.0,765.229,57.0,1277.61,-0.890909,1278.263,7363.0,1278.263,4532.0
765.524,0.0,765.524,0.0,765.524,13.0,765.524,-6.0,1278.098,-0.930566,1278.743,7722.0,1278.743,4227.0
765.834,26214.0,765.834,5242.0,765.834,66.0,765.834,33.0,1278.625,-0.980935,1279.258,7836.0,1279.258,4059.0
766.12,-10485.0,766.12,-5242.0,766.12,28.0,766.12,60.0,1279.1,-1.065048,1279.777,7553.0,1279.777,4297.0
766.44,-15728.0,766.44,26214.0,766.44,30.0,766.44,35.0,1279.645,-1.183305,1280.264,7191.0,1280.264,4664.0
766.714,-15728.0,766.714,47185.0,766.714,87.0,766.714,57.0,1280.116,-1.307194,1280.727,6867.0,1280.727,5160.0
767.019,-20971.0,767.019,26214.0,767.019,32.0,767.019,75.0,1280.621,-1.439831,1281.252,6194.0,1281.252,5772.0
767.328,0.0,767.328,26214.0,767.328,44.0,767.328,41.0,1281.086,-1.527405,1281.751,6403.0,1281.751,5430.0
767.662,-26214.0,767.662,26214.0,767.662,-17.0,767.662,6.0,1281.613,-1.572512,1282.227,5652.0,1282.227,6205.0
767.921,-41943.0,767.921,15728.0,767.921,28.0,767.921,38.0,1282.083,-1.577204,1282.745,6147.0,1282.745,5711.0
768.214,-26214.0,768.214,20971.0,768.214,12.0,768.214,30.0,1282.6,-1.556946,1283.281,6443.0,1283.281,5445.0
768.571,-36700.0,768.571,31457.0,768.571,-11.0,768.571,-11.0,1283.108,-1.531525,1283.717,6261.0,1283.717,5584.0
768.824,-20971.0,768.824,52428.0,768.824,18.0,768.824,40.0,1283.631,-1.498046,1284.232,6536.0,1284.232,5292.0
769.14,-20971.0,769.14,62914.0,769.14,-24.0,769.14,-14.0,1284.087,-1.443453,1284.747,6677.0,1284.747,5092.0
769.411,-15728.0,769.411,52428.0,769.411,-19.0,769.411,-5.0,1284.588,-1.398026,1285.217,7176.0,1285.217,4660.0
769.715,-26214.0,769.715,31457.0,769.715,14.0,769.715,20.0,1285.072,-1.354539,1285.715,6551.0,1285.715,5382.0
770.009,-5242.0,770.009,10485.0,770.009,27.0,770.009,15.0,1285.611,-1.344379,1286.235,6885.0,1286.235,5051.0
770.279,0.0,770.279,15728.0,770.279,-5.0,770.279,24.0,1286.061,-1.337363,1286.751,6731.0,1286.751,5010.0
770.662,-31457.0,770.662,36700.0,770.662,28.0,770.662,89.0,1286.585,-1.327029,1287.232,6438.0,1287.232,5436.0
770.904,-47185.0,770.904,36700.0,770.904,-1.0,770.904,19.0,1287.071,-1.3187,1287.761,7021.0,1287.761,4741.0
771.211,-31457.0,771.211,26214.0,771.211,-9.0,771.211,21.0,1287.592,-1.333042,1288.221,7185.0,1288.221,4760.0
771.516,5242.0,771.516,41943.0,771.516,-33.0,771.516,21.0,1288.061,-1.354542,1288.727,6412.0,1288.727,5512.0
771.819,15728.0,771.819,47185.0,771.819,2.0,771.819,-1.0,1288.617,-1.39953,1289.198,6850.0,1289.198,4927.0
772.128,10485.0,772.128,15728.0,772.128,42.0,772.128,26.0,1289.068,-1.440657,1289.7,6864.0,1289.7,5076.0
772.408,10485.0,772.408,20971.0,772.408,-14.0,772.408,25.0,1289.598,-1.473904,1290.241,6439.0,1290.241,5409.0
772.715,20971.0,772.715,20971.0,772.715,-12.0,772.715,22.0,1290.053,-1.493239,1290.719,7096.0,1290.719,4805.0
773.004,26214.0,773.004,0.0,773.004,-4.0,773.004,25.0,1290.605,-1.517359,1291.195,6543.0,1291.195,5323.0
773.269,-15728.0,773.269,-10485.0,773.269,-32.0,773.269,27.0,1291.049,-1.554195,1291.712,6732.0,1291.712,5103.0
773.63,0.0,773.63,5242.0,773.63,-28.0,773.63,-6.0,1291.557,-1.584498,1292.223,6165.0,1292.223,5622.0
773.869,-10485.0,773.869,0.0,773.869,33.0,773.869,47.0,1292.064,-1.595436,1292.693,5852.0,1292.693,6000.0
774.191,-52428.0,774.191,-26214.0,774.191,-41.0,774.191,-6.0,1292.567,-1.561489,1293.224,6581.0,1293.224,5167.0
774.516,-36700.0,774.516,-36700.0,774.516,57.0,774.516,36.0,1293.037,-1.497813,1293.734,6187.0,1293.734,5642.0
774.817,-5242.0,774.817,-41943.0,774.817,-39.0,774.817,16.0,1293.574,-1.452335,1294.186,6954.0,1294.186,4955.0
775.107,-26214.0,775.107,-5242.0,775.107,19.0,775.107,39.0,1294.056,-1.414357,1294.696,6208.0,1294.696,5573.0
775.394,-31457.0,775.394,-5242.0,775.394,13.0,775.394,-3.0,1294.578,-1.382219,1295.204,6905.0,1295.204,4884.0
775.687,-68157.0,775.687,-36700.0,775.687,-13.0,775.687,25.0,1295.029,-1.350733,1295.675,6622.0,1295.675,5278.0
775.991,-47185.0,775.991,-41943.0,775.991,6.0,775.991,16.0,1295.556,-1.342104,1296.171,6912.0,1296.171,4977.0
776.296,-26214.0,776.296,-41943.0,776.296,23.0,776.296,30.0,1296.04,-1.345599,1296.701,6845.0,1296.701,5009.0
776.621,0.0,776.621,0.0,776.621,10.0,776.621,50.0,1296.56,-1.353426,1297.206,6222.0,1297.206,5593.0
776.921,20971.0,776.921,20971.0,776.921,-9.0,776.921,19.0,1297.048,-1.366376,1297.699,6735.0,1297.699,5198.0
777.181,5242.0,777.181,10485.0,777.181,-22.0,777.181,37.0,1297.588,-1.372855,1298.184,6534.0,1298.184,5300.0
777.455,-31457.0,777.455,-26214.0,777.455,38.0,777.455,25.0,1298.023,-1.401473,1298.692,7214.0,1298.692,4672.0
777.797,15728.0,777.797,-26214.0,777.797,6.0,777.797,10.0,1298.54,-1.431863,1299.197,6864.0,1299.197,5015.0
778.115,-10485.0,778.115,-31457.0,778.115,16.0,778.115,25.0,1299.022,-1.493025,1299.685,7561.0,1299.685,4269.0
778.379,-5242.0,778.379,-15728.0,778.379,8.0,778.379,3.0,1299.553,-1.550332,1300.192,7425.0,1300.192,4511.0
778.684,-26214.0,778.684,-20971.0,778.684,1.0,778.684,19.0,1300.033,-1.61698,1300.701,6719.0,1300.701,5176.0
779.027,5242.0,779.027,0.0,779.027,14.0,779.027,21.0,1300.556,-1.704134,1301.226,6637.0,1301.226,5207.0
779.278,-10485.0,779.278,-5242.0,779.278,20.0,779.278,1.0,1301.028,-1.76037,1301.658,6422.0,1301.658,5441.0
779.608,-31457.0,779.608,-15728.0,779.608,-8.0,779.608,8.0,1301.54,-1.821409,1302.186,5369.0,1302.186,6662.0
779.844,-10485.0,779.844,0.0,779.844,1.0,779.844,16.0,1302.01,-1.878474,1302.692,5907.0,1302.692,5983.0
780.171,-41943.0,780.171,-10485.0,780.171,-10.0,780.171,-4.0,1302.544,-1.865545,1303.154,5333.0,1303.154,6584.0
780.466,-15728.0,780.466,-15728.0,780.466,13.0,780.466,15.0,1303.004,-1.817601,1303.671,6607.0,1303.671,5272.0
780.783,0.0,780.783,-10485.0,780.783,-22.0,780.783,11.0,1303.545,-1.724635,1304.186,6036.0,1304.186,5745.0
781.118,-20971.0,781.118,-15728.0,781.118,8.0,781.118,21.0,1304.0,-1.618713,1304.641,7416.0,1304.641,4336.0
781.361,10485.0,781.361,-5242.0,781.361,-5.0,781.361,17.0,1304.565,-1.512028,1305.204,7509.0,1305.204,4224.0
781.665,0.0,781.665,-5242.0,781.665,38.0,781.665,17.0,1305.008,-1.438019,1305.673,7750.0,1305.673,4142.0
781.959,-31457.0,781.959,-5242.0,781.959,-14.0,781.959,-35.0,1305.509,-1.420789,1306.181,8321.0,1306.181,3584.0
782.28,-20971.0,782.28,-26214.0,782.28,-13.0,782.28,5.0,1305.994,-1.460241,1306.644,8761.0,1306.644,3319.0
782.597,-5242.0,782.597,-26214.0,782.597,13.0,782.597,4.0,1306.541,-1.568561,1307.159,8518.0,1307.159,3376.0
782.833,15728.0,782.833,-15728.0,782.833,7.0,782.833,-1.0,1307.001,-1.74822,1307.676,8151.0,1307.676,4009.0
783.185,15728.0,783.185,10485.0,783.185,-14.0,783.185,5.0,1307.505,-1.97931,1308.155,8935.0,1308.155,3234.0
783.46,0.0,783.46,5242.0,783.46,-5.0,783.46,-28.0,1307.994,-2.236616,1308.685,8843.0,1308.685,3530.0
783.772,-10485.0,783.772,-26214.0,783.772,-18.0,783.772,22.0,1308.503,-2.534428,1309.13,7363.0,1309.13,4824.0
784.097,-15728.0,784.097,-15728.0,784.097,-7.0,784.097,12.0,1309.08,-2.855268,1309.657,6674.0,1309.657,5569.0
784.356,15728.0,784.356,-10485.0,784.356,-25.0,784.356,3.0,1309.521,-3.110199,1310.167,5595.0,1310.167,6560.0
784.658,-10485.0,784.658,10485.0,784.658,-11.0,784.658,17.0,1309.978,3.036922,1310.618,6063.0,1310.618,6115.0
784.931,-31457.0,784.931,-5242.0,784.931,-4.0,784.931,22.0,1310.505,2.997372,1311.177,5535.0,1311.177,6524.0
785.287,-5242.0,785.287,0.0,785.287,-6.0,785.287,8.0,1310.968,2.991156,1311.657,5510.0,1311.657,6612.0
785.565,-20971.0,785.565,-5242.0,785.565,9.0,785.565,5.0,1311.524,3.037781,1312.122,5988.0,1312.122,6014.0
785.85,0.0,785.85,-5242.0,785.85,-60.0,785.85,-5.0,1311.988,3.138533,1312.646,4696.0,1312.646,7512.0
786.156,-47185.0,786.156,-31457.0,786.156,-11.0,786.156,2.0,1312.475,-3.027076,1313.136,5636.0,1313.136,5812.0
786.448,-26214.0,786.448,-10485.0,786.448,8.0,786.448,20.0,1312.977,-2.882265,1313.613,6769.0,1313.613,5446.0
786.753,-41943.0,786.753,-10485.0,786.753,-13.0,786.753,-12.0,1313.495,-2.76625,1314.133,6306.0,1314.133,5729.0
787.053,-15728.0,787.053,-41943.0,787.053,37.0,787.053,4.0,1313.976,-2.694844,1314.651,6834.0,1314.651,5232.0
787.365,-36700.0,787.365,-26214.0,787.365,-9.0,787.365,0.0,1314.493,-2.622291,1315.105,6859.0,1315.105,5087.0
787.642,-26214.0,787.642,0.0,787.642,108.0,787.642,122.0,1314.976,-2.589086,1315.611,6989.0,1315.611,4974.0
787.938,-31457.0,787.938,5242.0,787.938,-26.0,787.938,-19.0,1315.521,-2.590677,1316.126,7419.0,1316.126,4396.0
788.252,-15728.0,788.252,0.0,788.252,-10.0,788.252,-11.0,1315.966,-2.61353,1316.596,7340.0,1316.596,4627.0
788.569,10485.0,788.569,-10485.0,788.569,-8.0,788.569,-9.0,1316.472,-2.663265,1317.107,7018.0,1317.107,4899.0
788.844,-31457.0,788.844,-31457.0,788.844,-2.0,788.844,-2.0,1316.952,-2.742459,1317.624,7045.0,1317.624,4945.0
789.136,-36700.0,789.136,-31457.0,789.136,-8.0,789.136,-7.0,1317.478,-2.829316,1318.136,6769.0,1318.136,5007.0
789.466,-10485.0,789.466,0.0,789.466,3.0,789.466,-9.0,1317.948,-2.913234,1318.613,6757.0,1318.613,4770.0
789.706,5242.0,789.706,15728.0,789.706,9.0,789.706,1.0,1318.498,-2.987371,1319.101,6240.0,1319.101,5677.0
790.066,-20971.0,790.066,15728.0,790.066,-4.0,790.066,-15.0,1318.984,-3.06603,1319.584,6451.0,1319.584,5557.0
790.334,-20971.0,790.334,-5242.0,790.334,1.0,790.334,-2.0,1319.453,-3.126434,1320.119,5861.0,1320.119,6193.0
790.631,-10485.0,790.631,-15728.0,790.631,-6.0,790.631,-5.0,1319.936,3.121231,1320.588,6517.0,1320.588,5256.0
790.931,-31457.0,790.931,-31457.0,790.931,3.0,790.931,1.0,1320.483,3.119097,1321.086,6278.0,1321.086,5692.0
791.202,-10485.0,791.202,-15728.0,791.202,-12.0,791.202,-4.0,1320.949,3.122346,1321.62,5367.0,1321.62,6712.0
791.585,-15728.0,791.585,-10485.0,791.585,-11.0,791.585,8.0,1321.476,-3.137453,1322.104,6286.0,1322.104,5564.0
791.8,-20971.0,791.8,-10485.0,791.8,-11.0,791.8,22.0,1321.972,-3.063845,1322.577,6579.0,1322.577,4986.0
792.125,-5242.0,792.125,5242.0,792.125,-13.0,792.125,-6.0,1322.454,-2.997854,1323.101,6592.0,1323.101,5345.0
792.432,-5242.0,792.432,5242.0,792.432,4.0,792.432,9.0,1322.929,-2.945928,1323.596,6299.0,1323.596,5797.0
792.697,-10485.0,792.697,-15728.0,792.697,-4.0,792.697,-9.0,1323.45,-2.893977,1324.074,6808.0,1324.074,5038.0
793.055,-15728.0,793.055,-15728.0,793.055,-5.0,793.055,-7.0,1323.926,-2.833125,1324.604,6601.0,1324.604,5289.0
793.321,-20971.0,793.321,-20971.0,793.321,-11.0,793.321,1.0,1324.482,-2.784734,1325.113,6694.0,1325.113,5048.0
793.653,10485.0,793.653,20971.0,793.653,15.0,793.653,7.0,1324.939,-2.749363,1325.563,6848.0,1325.563,5087.0
793.896,-15728.0,793.896,-5242.0,793.896,4.0,793.896,3.0,1325.472,-2.739375,1326.081,7229.0,1326.081,4799.0
794.229,5242.0,794.229,-15728.0,794.229,-4.0,794.229,13.0,1325.919,-2.726078,1326.595,6456.0,1326.595,5290.0
794.552,31457.0,794.552,-5242.0,794.552,-31.0,794.552,5.0,1326.428,-2.734982,1327.093,6544.0,1327.093,5469.0
794.817,0.0,794.817,5242.0,794.817,14.0,794.817,-10.0,1326.923,-2.74431,1327.582,6255.0,1327.582,5453.0
795.111,5242.0,795.111,-15728.0,795.111,-4.0,795.111,-15.0,1327.463,-2.745537,1328.088,6271.0,1328.088,5681.0
795.431,-26214.0,795.431,5242.0,795.431,-2.0,795.431,-16.0,1327.905,-2.736014,1328.608,6418.0,1328.608,5472.0
795.751,-15728.0,795.751,-15728.0,795.751,-23.0,795.751,-1.0,1328.441,-2.717975,1329.08,6418.0,1329.08,5449.0
796.047,10485.0,796.047,10485.0,796.047,12.0,796.047,19.0,1328.951,-2.694386,1329.564,6579.0,1329.564,5309.0
796.31,5242.0,796.31,-5242.0,796.31,12.0,796.31,9.0,1329.434,-2.671719,1330.057,6398.0,1330.057,5346.0
796.615,15728.0,796.615,10485.0,796.615,-13.0,796.615,-10.0,1329.909,-2.646936,1330.571,6377.0,1330.571,5451.0
796.909,-26214.0,796.909,-31457.0,796.909,1.0,796.909,-10.0,1330.444,-2.616282,1331.058,6231.0,1331.058,5655.0
797.213,-26214.0,797.213,-31457.0,797.213,-13.0,797.213,20.0,1330.917,-2.578789,1331.565,6593.0,1331.565,5111.0
797.536,-15728.0,797.536,-10485.0,797.536,-29.0,797.536,-14.0,1331.426,-2.535256,1332.103,6357.0,1332.103,5508.0
797.844,-15728.0,797.844,-26214.0,797.844,20.0,797.844,2.0,1331.895,-2.495325,1332.563,6582.0,1332.563,5195.0
798.109,-10485.0,798.109,-20971.0,798.109,-4.0,798.109,-5.0,1332.437,-2.448243,1333.04,7038.0,1333.04,4693.0
798.407,10485.0,798.407,-26214.0,798.407,4.0,798.407,3.0,1332.91,-2.407674,1333.558,6685.0,1333.558,5102.0
798.71,-5242.0,798.71,-10485.0,798.71,7.0,798.71,10.0,1333.441,-2.392873,1334.075,6900.0,1334.075,4863.0
799.05,0.0,799.05,-5242.0,799.05,-8.0,799.05,-20.0,1333.903,-2.401875,1334.54,6936.0,1334.54,4881.0
799.272,47185.0,799.272,5242.0,799.272,6.0,799.272,7.0,1334.412,-2.41328,1335.056,6630.0,1335.056,5188.0
799.604,0.0,799.604,-15728.0,799.604,-9.0,799.604,12.0,1334.934,-2.433425,1335.58,6842.0,1335.58,4984.0
799.955,10485.0,799.955,26214.0,799.955,8.0,799.955,7.0,1335.412,-2.452169,1336.031,7033.0,1336.031,4817.0
800.17,-20971.0,800.17,-36700.0,800.17,-3.0,800.17,-5.0,1335.902,-2.47261,1336.54,6826.0,1336.54,5052.0
800.529,10485.0,800.529,-20971.0,800.529,27.0,800.529,11.0,1336.419,-2.508726,1337.048,6561.0,1337.048,5246.0
800.795,-5242.0,800.795,0.0,800.795,12.0,800.795,3.0,1336.885,-2.548857,1337.554,6660.0,1337.554,5352.0
801.092,-31457.0,801.092,-31457.0,801.092,5.0,801.092,9.0,1337.406,-2.583048,1338.026,6429.0,1338.026,5430.0
801.396,10485.0,801.396,-15728.0,801.396,-8.0,801.396,4.0,1337.873,-2.60249,1338.543,5995.0,1338.543,5922.0
801.697,-15728.0,801.697,-26214.0,801.697,3.0,801.697,-9.0,1338.402,-2.618175,1339.05,6139.0,1339.05,5744.0
802.054,-26214.0,802.054,-36700.0,802.054,8.0,802.054,-13.0,1338.878,-2.614815,1339.547,6135.0,1339.547,5720.0
802.293,-20971.0,802.293,-20971.0,802.293,6.0,802.293,6.0,1339.413,-2.594355,1340.025,6023.0,1340.025,5923.0
802.586,5242.0,802.586,-10485.0,802.586,-2.0,802.586,-1.0,1339.862,-2.56722,1340.512,5938.0,1340.512,5893.0
802.893,-5242.0,802.893,-15728.0,802.893,21.0,802.893,17.0,1340.373,-2.529149,1341.032,5825.0,1341.032,5805.0
803.196,0.0,803.196,-20971.0,803.196,-22.0,803.196,20.0,1340.863,-2.47835,1341.531,6537.0,1341.531,5297.0
803.521,26214.0,803.521,31457.0,803.521,27.0,803.521,-16.0,1341.395,-2.404881,1342.008,6342.0,1342.008,5425.0
804.111,-10485.0,804.111,-31457.0,804.111,15.0,804.111,-7.0,1341.878,-2.343279,1342.544,6775.0,1342.544,5138.0
804.403,-10485.0,804.403,-20971.0,804.403,7.0,804.403,-6.0,1342.876,-2.231466,1343.026,6579.0,1343.026,5171.0
804.654,5242.0,804.654,-20971.0,804.654,-3.0,804.654,3.0,1343.382,-2.181293,1344.032,6911.0,1344.032,4926.0
805.01,-5242.0,805.01,0.0,805.01,16.0,805.01,1.0,1343.852,-2.146065,1344.519,7155.0,1344.519,4653.0
805.278,0.0,805.278,-10485.0,805.278,-12.0,805.278,-5.0,1344.374,-2.12703,1344.997,7304.0,1344.997,4562.0
805.573,-52428.0,805.573,-41943.0,805.573,13.0,805.573,-5.0,1344.867,-2.131958,1345.514,7160.0,1345.514,4722.0
805.876,-15728.0,805.876,-31457.0,805.876,-1.0,805.876,-10.0,1345.397,-2.1687,1346.057,6649.0,1346.057,5214.0
806.202,5242.0,806.202,10485.0,806.202,7.0,806.202,-9.0,1345.84,-2.217496,1346.492,6674.0,1346.492,5168.0
806.524,0.0,806.524,-5242.0,806.524,6.0,806.524,-3.0,1346.387,-2.268501,1347.513,7016.0,1347.513,4886.0
806.78,-5242.0,806.78,-5242.0,806.78,-7.0,806.78,20.0,1346.835,-2.31506,1347.987,5970.0,1347.987,5861.0
807.078,-10485.0,807.078,-10485.0,807.078,-10.0,807.078,8.0,1347.354,-2.355165,1348.478,6146.0,1348.478,5730.0
807.386,-20971.0,807.386,-31457.0,807.386,-1.0,807.386,-2.0,1347.859,-2.396961,1349.003,5810.0,1349.003,5983.0
807.685,10485.0,807.685,10485.0,807.685,1.0,807.685,12.0,1348.376,-2.403731,1349.52,5954.0,1349.52,5858.0
807.98,10485.0,807.98,-5242.0,807.98,6.0,807.98,-3.0,1348.834,-2.381454,1350.011,6095.0,1350.011,5725.0
808.28,-15728.0,808.28,-31457.0,808.28,13.0,808.28,4.0,1349.362,-2.33436,1350.521,6561.0,1350.521,5221.0
808.548,-31457.0,808.548,-20971.0,808.548,2.0,808.548,1.0,1349.844,-2.270269,1350.975,6684.0,1350.975,5090.0
808.86,-5242.0,808.86,-20971.0,808.86,18.0,808.86,15.0,1350.357,-2.193374,1351.492,6741.0,1351.492,5002.0
809.19,-15728.0,809.19,-10485.0,809.19,19.0,809.19,16.0,1350.822,-2.123575,1351.965,6938.0,1351.965,4865.0
809.498,15728.0,809.498,-5242.0,809.498,7.0,809.498,4.0,1351.374,-2.066376,1352.467,6987.0,1352.467,4885.0
809.762,5242.0,809.762,20971.0,809.762,13.0,809.762,-4.0,1351.84,-2.019257,1353.014,7083.0,1353.014,4748.0
810.062,-5242.0,810.062,-15728.0,810.062,-8.0,810.062,-2.0,1352.339,-1.998962,1353.485,7142.0,1353.485,4663.0
810.367,-10485.0,810.367,0.0,810.367,9.0,810.367,2.0,1352.83,-1.999661,1353.962,7249.0,1353.962,4560.0
810.661,-10485.0,810.661,-10485.0,810.661,7.0,810.661,-7.0,1353.36,-2.014963,1354.483,6847.0,1354.483,4962.0
810.988,-26214.0,810.988,-41943.0,810.988,15.0,810.988,12.0,1353.815,-2.049526,1354.981,6833.0,1354.981,5079.0
811.256,-5242.0,811.256,-15728.0,811.256,5.0,811.256,1.0,1354.364,-2.106994,1355.455,7074.0,1355.455,4758.0
811.562,-10485.0,811.562,-15728.0,811.562,-10.0,811.562,-15.0,1354.815,-2.174212,1355.977,6496.0,1355.977,5413.0
811.854,0.0,811.854,0.0,811.854,30.0,811.854,4.0,1355.339,-2.238509,1356.496,6483.0,1356.496,5399.0
812.163,15728.0,812.163,-10485.0,812.163,-6.0,812.163,13.0,1355.809,-2.304376,1356.951,6386.0,1356.951,5475.0
812.506,-5242.0,812.506,-15728.0,812.506,31.0,812.506,0.0,1356.335,-2.353614,1357.466,6543.0,1357.466,5312.0
812.749,-36700.0,812.749,-10485.0,812.749,-8.0,812.749,4.0,1356.82,-2.389013,1357.97,6454.0,1357.97,5354.0
813.067,-5242.0,813.067,-15728.0,813.067,22.0,813.067,-19.0,1357.342,-2.399708,1358.443,6395.0,1358.443,5477.0
813.355,-10485.0,813.355,-41943.0,813.355,34.0,813.355,2.0,1357.809,-2.402227,1358.944,6209.0,1358.944,5654.0
813.658,15728.0,813.658,-31457.0,813.658,8.0,813.658,8.0,1358.334,-2.387954,1359.474,6376.0,1359.474,5413.0
813.977,15728.0,813.977,-5242.0,813.977,11.0,813.977,-2.0,1358.801,-2.359031,1359.986,6324.0,1359.986,5418.0
814.245,5242.0,814.245,-20971.0,814.245,17.0,814.245,0.0,1359.318,-2.314902,1360.48,6828.0,1360.48,4843.0
814.579,-15728.0,814.579,-31457.0,814.579,12.0,814.579,-10.0,1359.814,-2.27784,1360.98,6910.0,1360.98,4906.0
814.843,0.0,814.843,-15728.0,814.843,16.0,814.843,-5.0,1360.348,-2.224262,1361.457,6873.0,1361.457,4956.0
815.152,15728.0,815.152,-20971.0,815.152,1.0,815.152,7.0,1360.833,-2.176844,1361.964,7327.0,1361.964,4540.0
815.47,-5242.0,815.47,-26214.0,815.47,3.0,815.47,10.0,1361.32,-2.157022,1362.428,6997.0,1362.428,4861.0
815.739,-5242.0,815.739,-26214.0,815.739,5.0,815.739,9.0,1361.789,-2.14399,1362.931,7146.0,1362.931,4656.0
816.011,-10485.0,816.011,-15728.0,816.011,24.0,816.011,7.0,1362.324,-2.142326,1363.484,7038.0,1363.484,4829.0
816.343,-20971.0,816.343,-15728.0,816.343,-22.0,816.343,-14.0,1362.785,-2.161173,1363.902,7067.0,1363.902,4749.0
816.675,-15728.0,816.675,-47185.0,816.675,6.0,816.675,5.0,1363.332,-2.196554,1364.421,6968.0,1364.421,4855.0
816.955,-15728.0,816.955,-26214.0,816.955,9.0,816.955,-5.0,1363.897,-2.237322,1364.945,6783.0,1364.945,5092.0
817.24,5242.0,817.24,-15728.0,817.24,0.0,817.24,2.0,1364.322,-2.291481,1365.436,6357.0,1365.436,5436.0
817.538,20971.0,817.538,-5242.0,817.538,17.0,817.538,-6.0,1364.778,-2.345452,1365.931,6474.0,1365.931,5405.0
817.828,10485.0,817.828,0.0,817.828,2.0,817.828,-7.0,1365.314,-2.396843,1366.421,6084.0,1366.421,5845.0
818.144,15728.0,818.144,5242.0,818.144,4.0,818.144,-5.0,1365.821,-2.432127,1366.998,6329.0,1366.998,5463.0
818.441,0.0,818.441,-10485.0,818.441,16.0,818.441,-8.0,1366.417,-2.462644,1367.409,6065.0,1367.409,5758.0
818.757,0.0,818.757,0.0,818.757,1.0,818.757,-4.0,1366.781,-2.473138,1367.973,6093.0,1367.973,5704.0
819.035,-5242.0,819.035,-20971.0,819.035,12.0,819.035,-2.0,1367.337,-2.459731,1368.437,6067.0,1368.437,5738.0
819.335,-5242.0,819.335,-15728.0,819.335,-13.0,819.335,7.0,1367.776,-2.428457,1368.902,6532.0,1368.902,5289.0
819.636,0.0,819.636,0.0,819.636,5.0,819.636,-2.0,1368.282,-2.388383,1369.413,6365.0,1369.413,5457.0
819.956,5242.0,819.956,-10485.0,819.956,15.0,819.956,17.0,1368.773,-2.341816,1369.944,6607.0,1369.944,5149.0
820.227,20971.0,820.227,0.0,820.227,1.0,820.227,-13.0,1369.306,-2.295051,1370.424,6959.0,1370.424,4876.0
820.517,-5242.0,820.517,-15728.0,820.517,-11.0,820.517,9.0,1369.767,-2.239107,1370.925,6902.0,1370.925,4881.0
820.874,31457.0,820.874,-10485.0,820.874,3.0,820.874,-11.0,1370.282,-2.178363,1371.408,6965.0,1371.408,4867.0
821.13,-15728.0,821.13,-41943.0,821.13,-8.0,821.13,11.0,1370.765,-2.135374,1372.419,7100.0,1372.419,4767.0
821.447,-10485.0,821.447,-20971.0,821.447,9.0,821.447,-3.0,1371.277,-2.106241,1372.884,6981.0,1372.884,4937.0
821.717,10485.0,821.717,-15728.0,821.717,8.0,821.717,-5.0,1371.796,-2.099453,1373.386,7153.0,1373.386,4652.0
822.026,5242.0,822.026,-26214.0,822.026,2.0,822.026,6.0,1372.292,-2.119583,1373.937,7402.0,1373.937,4519.0
822.34,26214.0,822.34,-15728.0,822.34,10.0,822.34,3.0,1372.744,-2.146625,1374.468,6721.0,1374.468,5199.0
822.586,10485.0,822.586,-20971.0,822.586,16.0,822.586,8.0,1373.279,-2.185394,1374.886,6618.0,1374.886,5294.0
822.967,0.0,822.967,-15728.0,822.967,2.0,822.967,-5.0,1373.792,-2.249847,1375.409,6851.0,1375.409,4990.0
823.207,-10485.0,823.207,-26214.0,823.207,19.0,823.207,11.0,1374.295,-2.323476,1375.903,6822.0,1375.903,5061.0
823.517,15728.0,823.517,-5242.0,823.517,-7.0,823.517,0.0,1374.741,-2.383586,1376.408,6106.0,1376.408,5682.0
823.809,-26214.0,823.809,-20971.0,823.809,17.0,823.809,-15.0,1375.252,-2.43924,1376.908,6388.0,1376.908,5438.0
824.118,5242.0,824.118,-20971.0,824.118,21.0,824.118,7.0,1375.779,-2.48771,1377.371,5771.0,1377.371,6062.0
824.455,5242.0,824.455,-15728.0,824.455,-15.0,824.455,3.0,1376.328,-2.530693,1377.875,6326.0,1377.875,5567.0
824.713,10485.0,824.713,-31457.0,824.713,-5.0,824.713,-3.0,1376.745,-2.553223,1378.377,6082.0,1378.377,5769.0
825.024,20971.0,825.024,-10485.0,825.024,-24.0,825.024,15.0,1377.263,-2.563762,1378.892,6188.0,1378.892,5558.0
825.303,10485.0,825.303,-5242.0,825.303,20.0,825.303,-14.0,1377.744,-2.551885,1379.364,6665.0,1379.364,5093.0
825.615,26214.0,825.615,-31457.0,825.615,18.0,825.615,4.0,1378.28,-2.522297,1379.9,6527.0,1379.9,5306.0
825.938,15728.0,825.938,-10485.0,825.938,-5.0,825.938,3.0,1378.718,-2.470439,1380.404,6316.0,1380.404,5568.0
826.203,-10485.0,826.203,0.0,826.203,-10.0,826.203,-9.0,1379.255,-2.416225,1381.391,6934.0,1381.391,4795.0
826.473,-10485.0,826.473,-20971.0,826.473,-8.0,826.473,-9.0,1379.813,-2.374984,1381.918,6868.0,1381.918,4991.0
826.81,10485.0,826.81,-10485.0,826.81,16.0,826.81,6.0,1380.258,-2.334414,1382.341,6861.0,1382.341,4912.0
827.133,-10485.0,827.133,-26214.0,827.133,11.0,827.133,-3.0,1380.719,-2.294041,1382.896,6875.0,1382.896,5066.0
827.42,26214.0,827.42,-20971.0,827.42,0.0,827.42,3.0,1381.267,-2.275134,1383.856,6621.0,1383.856,5289.0
827.995,5242.0,827.995,-5242.0,827.995,10.0,827.995,-3.0,1381.722,-2.268749,1384.401,6691.0,1384.401,5146.0
828.296,5242.0,828.296,-26214.0,828.296,5.0,828.296,2.0,1382.726,-2.304065,1384.85,6609.0,1384.85,5230.0
828.566,0.0,828.566,0.0,828.566,15.0,828.566,11.0,1383.238,-2.33846,1385.353,6541.0,1385.353,5390.0
828.905,15728.0,828.905,-26214.0,828.905,4.0,828.905,7.0,1383.702,-2.372885,1385.878,6639.0,1385.878,5200.0
829.202,5242.0,829.202,-36700.0,829.202,-8.0,829.202,-2.0,1384.258,-2.397445,1386.369,6771.0,1386.369,5048.0
829.489,5242.0,829.489,-20971.0,829.489,21.0,829.489,-3.0,1384.726,-2.427236,1386.854,6496.0,1386.854,5404.0
829.796,5242.0,829.796,-36700.0,829.796,-1.0,829.796,18.0,1385.223,-2.457213,1387.37,6054.0,1387.37,5724.0
830.097,20971.0,830.097,-20971.0,830.097,0.0,830.097,0.0,1385.699,-2.489048,1387.875,6163.0,1387.875,5780.0
830.419,-5242.0,830.419,-10485.0,830.419,28.0,830.419,-19.0,1386.223,-2.51552,1388.366,6306.0,1388.366,5483.0
830.669,0.0,830.669,-15728.0,830.669,-2.0,830.669,0.0,1386.717,-2.543186,1388.851,6354.0,1388.851,5375.0
831.353,10485.0,831.353,0.0,831.353,3.0,831.353,14.0,1387.24,-2.553474,1389.372,6206.0,1389.372,5552.0
831.606,20971.0,831.606,-15728.0,831.606,-4.0,831.606,3.0,1387.711,-2.540918,1389.879,6561.0,1389.879,5218.0
831.909,20971.0,831.909,0.0,831.909,8.0,831.909,-10.0,1388.247,-2.513465,1390.344,6195.0,1390.344,5591.0
832.174,5242.0,832.174,-10485.0,832.174,-15.0,832.174,9.0,1388.696,-2.47926,1390.862,6513.0,1390.862,5354.0
832.451,5242.0,832.451,-31457.0,832.451,15.0,832.451,8.0,1389.241,-2.445858,1391.356,6947.0,1391.356,4880.0
832.777,26214.0,832.777,-26214.0,832.777,-15.0,832.777,10.0,1389.699,-2.40991,1391.866,6702.0,1391.866,5100.0
833.048,31457.0,833.048,-10485.0,833.048,-17.0,833.048,-6.0,1390.234,-2.381691,1392.369,7229.0,1392.369,4599.0
833.431,20971.0,833.431,-5242.0,833.431,4.0,833.431,-3.0,1390.675,-2.341476,1392.821,6956.0,1392.821,4996.0
833.673,0.0,833.673,-20971.0,833.673,15.0,833.673,7.0,1391.209,-2.310372,1393.346,7184.0,1393.346,4675.0
833.979,-5242.0,833.979,-26214.0,833.979,-5.0,833.979,-10.0,1391.718,-2.301418,1393.827,6883.0,1393.827,5064.0
834.271,26214.0,834.271,-5242.0,834.271,-7.0,834.271,2.0,1392.209,-2.299598,1394.317,6823.0,1394.317,4973.0
834.591,36700.0,834.591,-10485.0,834.591,0.0,834.591,-15.0,1392.677,-2.305968,1394.791,6864.0,1394.791,5000.0
834.899,26214.0,834.899,-15728.0,834.899,1.0,834.899,10.0,1394.202,-2.425352,1395.338,6762.0,1395.338,5102.0
835.175,10485.0,835.175,-26214.0,835.175,19.0,835.175,-13.0,1394.665,-2.472778,1395.862,6919.0,1395.862,4989.0
835.484,15728.0,835.484,-10485.0,835.484,6.0,835.484,1.0,1395.218,-2.515867,1396.336,6414.0,1396.336,5394.0
835.738,20971.0,835.738,0.0,835.738,2.0,835.738,-2.0,1395.681,-2.559538,1396.828,6208.0,1396.828,5675.0
836.076,0.0,836.076,-10485.0,836.076,-11.0,836.076,17.0,1396.227,-2.608611,1397.335,6077.0,1397.335,5726.0
836.392,0.0,836.392,-41943.0,836.392,-5.0,836.392,2.0,1396.658,-2.646728,1397.825,6027.0,1397.825,5920.0
836.662,10485.0,836.662,-31457.0,836.662,22.0,836.662,3.0,1397.187,-2.674403,1398.354,5929.0,1398.354,5788.0
837.263,-5242.0,837.263,-31457.0,837.263,17.0,837.263,-6.0,1397.655,-2.682309,1398.8,6237.0,1398.8,5592.0
837.612,5242.0,837.612,-10485.0,837.612,18.0,837.612,19.0,1398.183,-2.663818,1399.299,6217.0,1399.299,5591.0
837.876,10485.0,837.876,-10485.0,837.876,9.0,837.876,-13.0,1398.675,-2.622397,1399.825,6542.0,1399.825,5245.0
838.157,15728.0,838.157,0.0,838.157,8.0,838.157,4.0,1399.189,-2.577211,1400.286,6570.0,1400.286,5303.0
838.459,20971.0,838.459,-20971.0,838.459,-3.0,838.459,10.0,1399.745,-2.525292,1400.789,6544.0,1400.789,5229.0
838.755,0.0,838.755,-15728.0,838.755,5.0,838.755,12.0,1400.18,-2.479009,1401.316,7079.0,1401.316,4682.0
839.062,26214.0,839.062,5242.0,839.062,26.0,839.062,-12.0,1400.652,-2.444424,1401.765,7126.0,1401.765,4732.0
839.382,5242.0,839.382,-31457.0,839.382,4.0,839.382,8.0,1401.195,-2.414068,1402.323,6883.0,1402.323,4909.0
839.687,0.0,839.687,-41943.0,839.687,11.0,839.687,-21.0,1401.64,-2.398751,1402.796,6954.0,1402.796,4928.0
839.958,15728.0,839.958,-31457.0,839.958,15.0,839.958,-10.0,1402.185,-2.403009,1403.281,6883.0,1403.281,5000.0
840.256,10485.0,840.256,-26214.0,840.256,-6.0,840.256,8.0,1402.679,-2.418908,1403.809,7130.0,1403.809,4736.0
840.556,15728.0,840.556,-41943.0,840.556,41.0,840.556,-5.0,1403.189,-2.446332,1404.288,6779.0,1404.288,5023.0
840.877,5242.0,840.877,-31457.0,840.877,22.0,840.877,10.0,1403.627,-2.483893,1404.778,6693.0,1404.778,5141.0
841.151,15728.0,841.151,-31457.0,841.151,2.0,841.151,-10.0,1404.191,-2.530647,1405.317,6709.0,1405.317,5140.0
841.445,15728.0,841.445,-15728.0,841.445,25.0,841.445,1.0,1404.714,-2.581556,1405.804,6645.0,1405.804,5142.0
841.796,-5242.0,841.796,-26214.0,841.796,13.0,841.796,7.0,1405.181,-2.627232,1406.268,6541.0,1406.268,5267.0
842.054,15728.0,842.054,-15728.0,842.054,14.0,842.054,-22.0,1405.637,-2.663088,1406.792,6221.0,1406.792,5490.0
842.343,5242.0,842.343,-31457.0,842.343,3.0,842.343,-11.0,1406.165,-2.692674,1407.295,6315.0,1407.295,5439.0
843.041,15728.0,843.041,5242.0,843.041,-4.0,843.041,3.0,1406.621,-2.708514,1407.776,6226.0,1407.776,5531.0
843.245,10485.0,843.245,-10485.0,843.245,-5.0,843.245,-8.0,1407.148,-2.710648,1408.283,6189.0,1408.283,5620.0
843.553,20971.0,843.553,-20971.0,843.553,11.0,843.553,-1.0,1407.628,-2.703961,1408.788,6173.0,1408.788,5590.0
843.887,0.0,843.887,-52428.0,843.887,8.0,843.887,12.0,1408.181,-2.68744,1409.761,6816.0,1409.761,4905.0
844.134,0.0,844.134,-20971.0,844.134,-10.0,844.134,1.0,1408.633,-2.659848,1410.292,6594.0,1410.292,5152.0
844.428,10485.0,844.428,-26214.0,844.428,8.0,844.428,-2.0,1409.164,-2.617394,1410.736,6877.0,1410.736,4923.0
844.738,47185.0,844.738,-20971.0,844.738,5.0,844.738,10.0,1409.605,-2.577194,1411.256,6840.0,1411.256,4975.0
845.045,15728.0,845.045,0.0,845.045,6.0,845.045,1.0,1410.118,-2.544666,1411.782,6649.0,1411.782,5088.0
845.375,20971.0,845.375,-15728.0,845.375,5.0,845.375,-5.0,1410.644,-2.518661,1412.28,6923.0,1412.28,4881.0
845.638,20971.0,845.638,-26214.0,845.638,5.0,845.638,-3.0,1411.143,-2.506091,1412.75,7198.0,1412.75,4629.0
845.956,15728.0,845.956,-31457.0,845.956,30.0,845.956,-8.0,1411.61,-2.508574,1413.302,6755.0,1413.302,5104.0
846.224,10485.0,846.224,0.0,846.224,29.0,846.224,17.0,1412.2,-2.513292,1413.737,7118.0,1413.737,4728.0
846.537,5242.0,846.537,-20971.0,846.537,19.0,846.537,4.0,1412.65,-2.530051,1414.245,7207.0,1414.245,4654.0
846.864,5242.0,846.864,-26214.0,846.864,10.0,846.864,16.0,1413.118,-2.568846,1414.77,6554.0,1414.77,5261.0
847.124,31457.0,847.124,5242.0,847.124,22.0,847.124,-3.0,1414.141,-2.67946,1415.254,6643.0,1415.254,5201.0
847.429,5242.0,847.429,-5242.0,847.429,4.0,847.429,9.0,1414.617,-2.745861,1415.789,6609.0,1415.789,5309.0
847.728,10485.0,847.728,-20971.0,847.728,19.0,847.728,11.0,1415.121,-2.802132,1416.254,6102.0,1416.254,5660.0
848.061,31457.0,848.061,-15728.0,848.061,6.0,848.061,-3.0,1415.588,-2.852345,1416.733,6122.0,1416.733,5717.0
848.335,10485.0,848.335,-20971.0,848.335,27.0,848.335,-3.0,1416.142,-2.886667,1417.253,6196.0,1417.253,5687.0
848.623,10485.0,848.623,-5242.0,848.623,-20.0,848.623,-12.0,1416.597,-2.90496,1417.739,6161.0,1417.739,5732.0
848.92,20971.0,848.92,-31457.0,848.92,8.0,848.92,-2.0,1417.092,-2.898603,1418.225,6339.0,1418.225,5536.0
849.229,57671.0,849.229,-20971.0,849.229,16.0,849.229,16.0,1417.589,-2.868383,1418.744,6336.0,1418.744,5419.0
849.527,15728.0,849.527,5242.0,849.527,4.0,849.527,-11.0,1418.097,-2.814193,1419.272,6489.0,1419.272,5283.0
849.817,41943.0,849.817,10485.0,849.817,-6.0,849.817,-10.0,1418.578,-2.748148,1419.721,6907.0,1419.721,4901.0
850.13,26214.0,850.13,-15728.0,850.13,19.0,850.13,-4.0,1419.136,-2.68371,1420.23,7044.0,1420.23,4727.0
850.412,26214.0,850.412,-15728.0,850.412,12.0,850.412,3.0,1419.614,-2.633838,1421.216,7163.0,1421.216,4632.0
850.717,0.0,850.717,0.0,850.717,3.0,850.717,6.0,1420.109,-2.602356,1421.717,7527.0,1421.717,4306.0
851.017,20971.0,851.017,-10485.0,851.017,-1.0,851.017,5.0,1420.578,-2.592364,1422.734,6840.0,1422.734,5027.0
851.336,26214.0,851.336,-5242.0,851.336,6.0,851.336,-12.0,1421.089,-2.615737,1423.27,6947.0,1423.27,4913.0
851.616,20971.0,851.616,-20971.0,851.616,-3.0,851.616,9.0,1421.565,-2.656162,1423.762,7037.0,1423.762,4843.0
851.907,10485.0,851.907,15728.0,851.907,16.0,851.907,8.0,1422.083,-2.724799,1424.202,6376.0,1424.202,5610.0
852.268,0.0,852.268,10485.0,852.268,0.0,852.268,5.0,1422.575,-2.806609,1424.723,6898.0,1424.723,5084.0
852.516,26214.0,852.516,-26214.0,852.516,3.0,852.516,11.0,1423.103,-2.893936,1425.221,6465.0,1425.221,5412.0
852.87,10485.0,852.87,-15728.0,852.87,0.0,852.87,9.0,1423.558,-2.975641,1425.699,6436.0,1425.699,5465.0
853.076,31457.0,853.076,-10485.0,853.076,-25.0,853.076,4.0,1424.064,-3.070149,1426.246,6170.0,1426.246,5651.0
853.408,10485.0,853.408,-15728.0,853.408,20.0,853.408,31.0,1424.568,3.130081,1426.717,6016.0,1426.717,5841.0
853.703,20971.0,853.703,-5242.0,853.703,8.0,853.703,9.0,1425.08,3.069719,1427.169,6118.0,1427.169,5740.0
854.012,0.0,854.012,-15728.0,854.012,-3.0,854.012,-6.0,1425.57,3.012944,1427.763,6803.0,1427.763,5055.0
854.349,31457.0,854.349,-31457.0,854.349,8.0,854.349,-13.0,1426.097,2.981341,1428.262,7017.0,1428.262,4816.0
854.57,41943.0,854.57,-5242.0,854.57,2.0,854.57,18.0,1426.566,2.973053,1428.687,7286.0,1428.687,4490.0
854.895,20971.0,854.895,5242.0,854.895,-10.0,854.895,-11.0,1427.166,2.987864,1429.243,7686.0,1429.243,4192.0
855.202,20971.0,855.202,-5242.0,855.202,1.0,855.202,-14.0,1427.576,3.023887,1429.73,8162.0,1429.73,3720.0
855.504,20971.0,855.504,-20971.0,855.504,-7.0,855.504,11.0,1428.083,3.046836,1430.201,8168.0,1430.201,3814.0
856.064,0.0,856.064,-20971.0,856.064,12.0,856.064,6.0,1428.557,3.044311,1430.684,7881.0,1430.684,4080.0
856.409,47185.0,856.409,-10485.0,856.409,-1.0,856.409,12.0,1429.051,3.010995,1431.199,8077.0,1431.199,3908.0
856.688,5242.0,856.688,-10485.0,856.688,-7.0,856.688,6.0,1429.578,2.930336,1431.696,6421.0,1431.696,5760.0
857.0,15728.0,857.0,-15728.0,857.0,-2.0,857.0,0.0,1430.085,2.802079,1432.171,6903.0,1432.171,5201.0
857.321,10485.0,857.321,-20971.0,857.321,8.0,857.321,3.0,1430.528,2.648503,1432.694,6234.0,1432.694,5841.0
857.587,26214.0,857.587,-5242.0,857.587,7.0,857.587,12.0,1431.036,2.483874,1433.209,6363.0,1433.209,5753.0
857.884,20971.0,857.884,-20971.0,857.884,-3.0,857.884,20.0,1431.539,2.301728,1433.693,6189.0,1433.693,5863.0
858.192,47185.0,858.192,-31457.0,858.192,8.0,858.192,-13.0,1432.065,2.158765,1434.179,6741.0,1434.179,5258.0
858.508,0.0,858.508,-20971.0,858.508,10.0,858.508,-13.0,1432.536,2.061444,1434.692,6598.0,1434.692,5324.0
858.798,15728.0,858.798,-5242.0,858.798,0.0,858.798,18.0,1433.051,2.005441,1435.166,6219.0,1435.166,5706.0
859.075,10485.0,859.075,-15728.0,859.075,7.0,859.075,10.0,1433.564,1.983771,1435.655,6458.0,1435.655,5389.0
859.374,26214.0,859.374,5242.0,859.374,2.0,859.374,-2.0,1434.049,1.990933,1436.138,6778.0,1436.138,5152.0
859.678,10485.0,859.678,-10485.0,859.678,-14.0,859.678,3.0,1434.512,2.002735,1436.698,7189.0,1436.698,4676.0
859.986,15728.0,859.986,-10485.0,859.986,10.0,859.986,6.0,1435.074,2.021329,1437.188,6733.0,1437.188,5256.0
860.278,10485.0,860.278,0.0,860.278,2.0,860.278,7.0,1435.514,2.047658,1437.653,7356.0,1437.653,4403.0
860.605,20971.0,860.605,-31457.0,860.605,3.0,860.605,8.0,1436.05,2.069376,1438.182,7232.0,1438.182,4687.0
860.878,26214.0,860.878,-5242.0,860.878,0.0,860.878,0.0,1436.516,2.082494,1438.673,7408.0,1438.673,4448.0
861.17,31457.0,861.17,0.0,861.17,-14.0,861.17,9.0,1437.059,2.066959,1439.144,7489.0,1439.144,4465.0
861.481,20971.0,861.481,10485.0,861.481,26.0,861.481,15.0,1437.524,2.044732,1439.678,7274.0,1439.678,4641.0
861.799,-5242.0,861.799,-5242.0,861.799,-19.0,861.799,-9.0,1438.056,1.982709,1440.196,6384.0,1440.196,5595.0
862.076,20971.0,862.076,-20971.0,862.076,-16.0,862.076,-3.0,1438.521,1.917226,1440.642,7010.0,1440.642,4865.0
862.726,15728.0,862.726,-15728.0,862.726,6.0,862.726,-1.0,1439.029,1.833011,1441.148,6398.0,1441.148,5461.0
862.941,5242.0,862.941,-5242.0,862.941,13.0,862.941,5.0,1439.508,1.735158,1441.67,6540.0,1441.67,5347.0
863.292,36700.0,863.292,5242.0,863.292,18.0,863.292,3.0,1440.026,1.641907,1442.638,6179.0,1442.638,5682.0
863.569,0.0,863.569,-20971.0,863.569,4.0,863.569,-12.0,1440.53,1.572657,1443.157,6057.0,1443.157,5718.0
863.862,41943.0,863.862,-5242.0,863.862,-7.0,863.862,-2.0,1441.048,1.49703,1443.664,6302.0,1443.664,5554.0
864.173,15728.0,864.173,-10485.0,864.173,21.0,864.173,-16.0,1441.5,1.442072,1444.153,6253.0,1444.153,5525.0
864.477,26214.0,864.477,-15728.0,864.477,3.0,864.477,13.0,1442.011,1.407851,1444.671,6200.0,1444.671,5586.0
864.812,20971.0,864.812,0.0,864.812,7.0,864.812,-6.0,1442.487,1.392613,1445.126,6641.0,1445.126,5137.0
865.065,31457.0,865.065,-20971.0,865.065,7.0,865.065,2.0,1443.015,1.406118,1445.647,6548.0,1445.647,5260.0
865.357,26214.0,865.357,-15728.0,865.357,12.0,865.357,11.0,1443.484,1.441057,1446.162,7054.0,1446.162,4898.0
865.637,0.0,865.637,0.0,865.637,25.0,865.637,9.0,1444.027,1.48468,1446.621,6843.0,1446.621,5024.0
865.961,-5242.0,865.961,-5242.0,865.961,4.0,865.961,-7.0,1444.511,1.531748,1447.157,7348.0,1447.157,4476.0
866.288,5242.0,866.288,-5242.0,866.288,-5.0,866.288,1.0,1445.023,1.573157,1447.702,7310.0,1447.702,4570.0
866.524,36700.0,866.524,15728.0,866.524,12.0,866.524,-2.0,1445.479,1.588647,1448.114,6853.0,1448.114,4965.0
866.867,41943.0,866.867,-5242.0,866.867,-8.0,866.867,14.0,1446.004,1.603356,1448.636,6821.0,1448.636,5107.0
867.157,47185.0,867.157,-5242.0,867.157,9.0,867.157,-7.0,1446.482,1.599537,1449.143,6758.0,1449.143,5179.0
867.777,15728.0,867.777,-26214.0,867.777,1.0,867.777,10.0,1446.985,1.579649,1449.692,6388.0,1449.692,5328.0
868.022,0.0,868.022,-41943.0,868.022,-5.0,868.022,-21.0,1447.992,1.465728,1450.138,6173.0,1450.138,5618.0
868.346,10485.0,868.346,-10485.0,868.346,-5.0,868.346,22.0,1448.467,1.413164,1450.649,6501.0,1450.649,5226.0
868.661,20971.0,868.661,-20971.0,868.661,7.0,868.661,0.0,1448.987,1.363868,1451.099,6007.0,1451.099,5817.0
868.983,5242.0,868.983,0.0,868.983,-5.0,868.983,-22.0,1449.462,1.313348,1451.604,6123.0,1451.604,5671.0
869.268,36700.0,869.268,-5242.0,869.268,4.0,869.268,-5.0,1450.006,1.280477,1452.128,6164.0,1452.128,5637.0
869.546,20971.0,869.546,-10485.0,869.546,23.0,869.546,2.0,1450.453,1.273302,1452.599,6322.0,1452.599,5465.0
869.841,31457.0,869.841,5242.0,869.841,12.0,869.841,-3.0,1451.008,1.279719,1453.128,6609.0,1453.128,5208.0
870.159,20971.0,870.159,0.0,870.159,-1.0,870.159,1.0,1451.503,1.315209,1453.635,6511.0,1453.635,5262.0
870.445,5242.0,870.445,-15728.0,870.445,-2.0,870.445,10.0,1451.966,1.355744,1454.128,6698.0,1454.128,5140.0
870.751,47185.0,870.751,0.0,870.751,-11.0,870.751,10.0,1452.451,1.404042,1454.661,6853.0,1454.661,4906.0
871.054,47185.0,871.054,0.0,871.054,6.0,871.054,196.0,1452.991,1.458571,1455.098,7298.0,1455.098,4456.0
871.631,31457.0,871.631,-41943.0,871.631,273.0,871.631,-75.0,1453.448,1.502251,1455.588,7182.0,1455.588,4737.0
871.952,36700.0,871.952,-26214.0,871.952,169.0,871.952,50.0,1453.961,1.531581,1456.105,7286.0,1456.105,4613.0
872.271,20971.0,872.271,-26214.0,872.271,174.0,872.271,-84.0,1454.484,1.561219,1456.585,7162.0,1456.585,4655.0
872.53,0.0,872.53,-31457.0,872.53,-58.0,872.53,-16.0,1454.979,1.576637,1457.077,6986.0,1457.077,4825.0
872.835,-5242.0,872.835,-36700.0,872.835,190.0,872.835,-62.0,1455.449,1.556077,1457.634,6881.0,1457.634,5065.0
873.167,-5242.0,873.167,-41943.0,873.167,29.0,873.167,-264.0,1455.953,1.510462,1458.103,6624.0,1458.103,5225.0
873.4,-31457.0,873.4,-31457.0,873.4,-220.0,873.4,132.0,1456.448,1.449003,1458.59,6497.0,1458.59,5385.0
873.774,-52428.0,873.774,-36700.0,873.774,28.0,873.774,322.0,1456.964,1.380793,1459.095,6341.0,1459.095,5528.0
874.004,-26214.0,874.004,5242.0,874.004,-132.0,874.004,174.0,1457.443,1.310927,1459.595,6169.0,1459.595,5604.0
874.3,-10485.0,874.3,-52428.0,874.3,-621.0,874.3,-92.0,1457.984,1.251393,1460.07,6000.0,1460.07,5820.0
874.619,-26214.0,874.619,-10485.0,874.619,287.0,874.619,122.0,1458.438,1.198431,1460.61,6391.0,1460.61,5471.0
874.93,-5242.0,874.93,-20971.0,874.93,-405.0,874.93,-133.0,1458.991,1.15927,1461.119,6332.0,1461.119,5506.0
875.278,-73400.0,875.278,-94371.0,875.278,68.0,875.278,326.0,1459.443,1.143245,1461.567,6288.0,1461.567,5424.0
875.52,-68157.0,875.52,-83886.0,875.52,170.0,875.52,175.0,1459.957,1.148769,1462.076,6372.0,1462.076,5428.0
875.822,-99614.0,875.822,-47185.0,875.822,20.0,875.822,244.0,1460.451,1.17697,1462.589,6732.0,1462.589,5072.0
876.141,-125829.0,876.141,-41943.0,876.141,-53.0,876.141,305.0,1460.95,1.203397,1463.054,6774.0,1463.054,5031.0
876.433,-99614.0,876.433,-20971.0,876.433,-272.0,876.433,150.0,1461.448,1.241909,1463.688,7007.0,1463.688,4787.0
876.744,-125829.0,876.744,-47185.0,876.744,134.0,876.744,68.0,1461.957,1.289914,1464.078,7023.0,1464.078,4849.0
877.022,-115343.0,877.022,-41943.0,877.022,194.0,877.022,84.0,1462.411,1.336538,1464.614,7346.0,1464.614,4553.0
877.332,-131071.0,877.332,-57671.0,877.332,315.0,877.332,22.0,1462.955,1.371788,1465.075,7194.0,1465.075,4721.0
877.613,-152043.0,877.613,-20971.0,877.613,-33.0,877.613,57.0,1463.416,1.396774,1465.561,7027.0,1465.561,4758.0
877.922,-131071.0,877.922,-26214.0,877.922,-168.0,877.922,-11.0,1463.954,1.41175,1466.049,6845.0,1466.049,5101.0
878.247,-225443.0,878.247,-52428.0,878.247,331.0,878.247,-73.0,1464.457,1.405085,1466.577,6909.0,1466.577,4966.0
878.508,-157286.0,878.508,5242.0,878.508,7.0,878.508,431.0,1464.963,1.377708,1467.042,6572.0,1467.042,5328.0
878.804,-167772.0,878.804,-20971.0,878.804,-195.0,878.804,67.0,1465.398,1.336625,1467.542,6804.0,1467.542,5097.0
879.116,-152043.0,879.116,0.0,879.116,-134.0,879.116,-133.0,1465.913,1.289335,1468.08,6726.0,1468.08,5104.0
879.436,-125829.0,879.436,10485.0,879.436,411.0,879.436,-2.0,1466.501,1.240632,1468.561,6275.0,1468.561,5551.0
879.724,-214957.0,879.724,-15728.0,879.724,338.0,879.724,115.0,1466.926,1.193416,1469.038,6443.0,1469.038,5488.0
880.003,-131071.0,880.003,-20971.0,880.003,4.0,880.003,157.0,1467.405,1.158164,1469.568,6260.0,1469.568,5617.0
880.302,-178257.0,880.302,-20971.0,880.302,-423.0,880.302,232.0,1467.959,1.113271,1470.064,6153.0,1470.064,5749.0
880.574,-183500.0,880.574,31457.0,880.574,-338.0,880.574,135.0,1468.427,1.076372,1470.538,6428.0,1470.538,5369.0
880.907,-262143.0,880.907,-26214.0,880.907,-235.0,880.907,88.0,1468.917,1.06047,1471.061,6358.0,1471.061,5465.0
881.228,-235929.0,881.228,-15728.0,881.228,-206.0,881.228,204.0,1469.397,1.050899,1471.58,6586.0,1471.58,5284.0
881.535,-183500.0,881.535,15728.0,881.535,-155.0,881.535,135.0,1469.953,1.061319,1472.025,6594.0,1472.025,5209.0
881.802,-209715.0,881.802,-15728.0,881.802,197.0,881.802,131.0,1470.386,1.083488,1472.529,6673.0,1472.529,5146.0
882.107,-199229.0,882.107,10485.0,882.107,15.0,882.107,-125.0,1470.951,1.105497,1473.054,6806.0,1473.054,4970.0
882.367,-251658.0,882.367,-26214.0,882.367,-198.0,882.367,-72.0,1471.382,1.142553,1473.55,6929.0,1473.55,4965.0
882.731,-235929.0,882.731,-20971.0,882.731,-166.0,882.731,-92.0,1471.924,1.176724,1474.026,6656.0,1474.026,5130.0
882.965,-225443.0,882.965,-31457.0,882.965,-182.0,882.965,88.0,1472.417,1.204003,1474.539,6950.0,1474.539,4946.0
883.291,-173014.0,883.291,-47185.0,883.291,330.0,883.291,-299.0,1472.895,1.220409,1475.058,6908.0,1475.058,4892.0
883.644,-225443.0,883.644,-41943.0,883.644,-171.0,883.644,-224.0,1473.384,1.227168,1475.533,6777.0,1475.533,5038.0
883.861,-199229.0,883.861,-83886.0,883.861,-223.0,883.861,-110.0,1473.925,1.223525,1476.06,6944.0,1476.06,4942.0
884.242,-162529.0,884.242,-94371.0,884.242,-438.0,884.242,212.0,1474.372,1.224936,1476.511,6810.0,1476.511,4977.0
884.486,-167772.0,884.486,-57671.0,884.486,-164.0,884.486,379.0,1474.894,1.215437,1477.039,6805.0,1477.039,5108.0
884.785,-230686.0,884.785,-104857.0,884.785,333.0,884.785,-65.0,1475.388,1.191751,1477.504,6726.0,1477.504,5092.0
885.091,-157286.0,885.091,-62914.0,885.091,-246.0,885.091,-51.0,1475.897,1.165049,1478.0,6413.0,1478.0,5456.0
885.394,-241172.0,885.394,-115343.0,885.394,118.0,885.394,199.0,1476.359,1.131818,1478.543,6429.0,1478.543,5400.0
885.737,-141557.0,885.737,-94371.0,885.737,446.0,885.737,-87.0,1476.922,1.094643,1479.03,6361.0,1479.03,5419.0
885.977,-188743.0,885.977,-104857.0,885.977,62.0,885.977,100.0,1477.382,1.060236,1480.517,6363.0,1480.517,5452.0
886.269,-157286.0,886.269,-115343.0,886.269,-8.0,886.269,94.0,1477.891,1.021835,1480.996,6404.0,1480.996,5350.0
886.578,-235929.0,886.578,-104857.0,886.578,-60.0,886.578,-54.0,1478.357,1.005921,1481.501,6402.0,1481.501,5502.0
886.891,-167772.0,886.891,-94371.0,886.891,210.0,886.891,197.0,1478.91,0.994611,1482.009,6254.0,1482.009,5522.0
887.213,-235929.0,887.213,-146800.0,887.213,-38.0,887.213,57.0,1479.352,0.98659,1482.49,6787.0,1482.49,5056.0
887.472,-178257.0,887.472,-99614.0,887.472,-37.0,887.472,113.0,1479.863,0.994437,1483.003,6626.0,1483.003,5177.0
887.796,-230686.0,887.796,-131071.0,887.796,-232.0,887.796,156.0,1480.368,1.010182,1483.506,7030.0,1483.506,4730.0
888.08,-193986.0,888.08,-99614.0,888.08,-181.0,888.08,107.0,1480.888,1.034325,1483.98,6937.0,1483.98,4922.0
888.344,-204472.0,888.344,-104857.0,888.344,317.0,888.344,-6.0,1481.872,1.084422,1484.481,6933.0,1484.481,4927.0
888.71,-120586.0,888.71,-89128.0,888.71,288.0,888.71,136.0,1482.35,1.128266,1485.01,6957.0,1485.01,4805.0
889.267,-183500.0,889.267,-115343.0,889.267,-166.0,889.267,15.0,1482.883,1.159468,1485.509,6803.0,1485.509,5031.0
889.569,-178257.0,889.569,-99614.0,889.569,-233.0,889.569,-157.0,1483.347,1.183531,1485.999,6905.0,1485.999,4959.0
889.903,-183500.0,889.903,-120586.0,889.903,-6.0,889.903,-189.0,1483.876,1.190625,1486.519,6965.0,1486.519,4890.0
890.46,-178257.0,890.46,-94371.0,890.46,29.0,890.46,-204.0,1484.334,1.194509,1486.97,6713.0,1486.97,5178.0
890.736,-188743.0,890.736,-99614.0,890.736,255.0,890.736,-338.0,1484.874,1.191281,1487.492,6648.0,1487.492,5311.0
891.075,-241172.0,891.075,-136314.0,891.075,344.0,891.075,-287.0,1485.331,1.169641,1487.99,6468.0,1487.99,5356.0
891.397,-167772.0,891.397,-141557.0,891.397,373.0,891.397,-148.0,1485.882,1.149212,1488.488,6607.0,1488.488,5336.0
891.69,-167772.0,891.69,-131071.0,891.69,467.0,891.69,-128.0,1486.324,1.116303,1489.02,6660.0,1489.02,5150.0
891.975,-120586.0,891.975,-157286.0,891.975,-73.0,891.975,-277.0,1486.841,1.079303,1489.484,6331.0,1489.484,5471.0
892.266,-193986.0,892.266,-162529.0,892.266,-151.0,892.266,-95.0,1487.324,1.052689,1489.966,6530.0,1489.966,5275.0
892.558,-157286.0,892.558,-152043.0,892.558,189.0,892.558,61.0,1487.844,1.024979,1490.49,6401.0,1490.49,5442.0
892.866,-131071.0,892.866,-173014.0,892.866,458.0,892.866,-31.0,1488.387,1.001619,1490.978,6739.0,1490.978,5033.0
893.189,-120586.0,893.189,-167772.0,893.189,212.0,893.189,-93.0,1488.859,0.992777,1491.46,6684.0,1491.46,5137.0
893.453,-141557.0,893.453,-173014.0,893.453,455.0,893.453,121.0,1489.334,0.988144,1491.976,6279.0,1491.976,5537.0
893.752,-141557.0,893.752,-157286.0,893.752,-14.0,893.752,129.0,1489.839,0.988155,1492.495,6524.0,1492.495,5383.0
894.064,-141557.0,894.064,-183500.0,894.064,-216.0,894.064,18.0,1490.323,0.99763,1492.98,6839.0,1492.98,5031.0
894.362,-146800.0,894.362,-183500.0,894.362,-191.0,894.362,-18.0,1490.836,1.01028,1493.512,6672.0,1493.512,5174.0
894.689,-99614.0,894.689,-204472.0,894.689,112.0,894.689,-153.0,1491.309,1.019932,1493.979,6886.0,1493.979,4924.0
894.952,-136314.0,894.952,-199229.0,894.952,15.0,894.952,-157.0,1491.853,1.023049,1494.445,6725.0,1494.445,5161.0
895.255,-115343.0,895.255,-183500.0,895.255,-479.0,895.255,-208.0,1492.324,1.04313,1494.972,6866.0,1494.972,5027.0
895.542,-115343.0,895.542,-183500.0,895.542,-540.0,895.542,-145.0,1492.842,1.062264,1495.463,6543.0,1495.463,5368.0
895.858,-110100.0,895.858,-173014.0,895.858,-234.0,895.858,0.0,1493.312,1.065217,1495.952,6471.0,1495.952,5340.0
896.2,-152043.0,896.2,-152043.0,896.2,-275.0,896.2,-79.0,1493.867,1.054589,1496.461,6385.0,1496.461,5424.0
896.444,-125829.0,896.444,-141557.0,896.444,-360.0,896.444,-65.0,1494.292,1.051456,1496.951,6591.0,1496.951,5380.0
896.748,-152043.0,896.748,-152043.0,896.748,-457.0,896.748,-147.0,1494.84,1.045886,1497.465,6546.0,1497.465,5336.0
897.045,-131071.0,897.045,-146800.0,897.045,240.0,897.045,93.0,1495.307,1.041757,1497.954,6631.0,1497.954,5243.0
897.35,-120586.0,897.35,-146800.0,897.35,495.0,897.35,108.0,1495.817,1.035649,1498.427,6535.0,1498.427,5317.0
897.668,-152043.0,897.668,-162529.0,897.668,414.0,897.668,-161.0,1496.336,1.03327,1498.931,6406.0,1498.931,5467.0
897.945,-167772.0,897.945,-167772.0,897.945,74.0,897.945,-181.0,1496.838,1.033477,1499.477,6759.0,1499.477,5126.0
898.256,-146800.0,898.256,-141557.0,898.256,-54.0,898.256,-70.0,1497.286,1.023865,1499.952,6404.0,1499.952,5444.0
898.543,-173014.0,898.543,-162529.0,898.543,191.0,898.543,-209.0,1498.283,1.027292,1500.423,6624.0,1500.423,5233.0
898.844,-146800.0,898.844,-141557.0,898.844,-106.0,898.844,129.0,1498.815,1.025009,1500.945,6596.0,1500.945,5146.0
899.168,-152043.0,899.168,-141557.0,899.168,439.0,899.168,-43.0,1499.286,1.029835,1501.458,6559.0,1501.458,5312.0
899.432,-141557.0,899.432,-146800.0,899.432,-46.0,899.432,-137.0,1499.83,1.040078,1501.922,6381.0,1501.922,5439.0
899.736,-173014.0,899.736,-167772.0,899.736,512.0,899.736,122.0,1500.275,1.057664,1502.447,6664.0,1502.447,5171.0
900.04,-173014.0,900.04,-173014.0,900.04,489.0,900.04,-53.0,1500.787,1.079651,1502.962,6526.0,1502.962,5267.0
900.366,-167772.0,900.366,-162529.0,900.366,423.0,900.366,30.0,1501.271,1.103693,1503.408,6990.0,1503.408,4868.0
900.647,-152043.0,900.647,-173014.0,900.647,399.0,900.647,0.0,1501.801,1.119234,1504.432,6918.0,1504.432,4894.0
900.921,-110100.0,900.921,-173014.0,900.921,510.0,900.921,-60.0,1502.276,1.140344,1504.905,6759.0,1504.905,5106.0
901.232,-146800.0,901.232,-209715.0,901.232,299.0,901.232,-442.0,1502.801,1.164284,1505.412,6901.0,1505.412,4939.0
901.584,-136314.0,901.584,-193986.0,901.584,50.0,901.584,-276.0,1503.298,1.177478,1505.942,6916.0,1505.942,5010.0
901.836,-94371.0,901.836,-167772.0,901.836,516.0,901.836,135.0,1503.83,1.188483,1506.453,7106.0,1506.453,4731.0
902.135,-131071.0,902.135,-225443.0,902.135,429.0,902.135,58.0,1504.267,1.192518,1506.921,6531.0,1506.921,5302.0
902.416,-131071.0,902.416,-204472.0,902.416,335.0,902.416,48.0,1504.802,1.19257,1507.409,6632.0,1507.409,5219.0
902.727,-120586.0,902.727,-220200.0,902.727,256.0,902.727,-215.0,1505.256,1.186602,1507.894,6942.0,1507.894,4915.0
903.057,-141557.0,903.057,-214957.0,903.057,502.0,903.057,116.0,1505.783,1.173573,1508.424,6975.0,1508.424,4922.0
903.335,-110100.0,903.335,-214957.0,903.335,468.0,903.335,178.0,1506.253,1.163582,1508.914,6587.0,1508.914,5123.0
903.664,-131071.0,903.664,-199229.0,903.664,95.0,903.664,-137.0,1506.806,1.143244,1509.389,6327.0,1509.389,5544.0
903.915,-73400.0,903.915,-183500.0,903.915,-47.0,903.915,-301.0,1507.251,1.123275,1509.925,6427.0,1509.925,5418.0
904.221,-104857.0,904.221,-214957.0,904.221,-36.0,904.221,-105.0,1507.754,1.109611,1510.421,6552.0,1510.421,5352.0
904.566,-110100.0,904.566,-188743.0,904.566,521.0,904.566,177.0,1508.241,1.092942,1510.884,6653.0,1510.884,5233.0
904.785,-115343.0,904.785,-220200.0,904.785,242.0,904.785,203.0,1508.784,1.075797,1511.404,6298.0,1511.404,5475.0
905.145,-115343.0,905.145,-199229.0,905.145,20.0,905.145,-56.0,1509.238,1.069333,1511.911,6412.0,1511.911,5436.0
905.41,-110100.0,905.41,-162529.0,905.41,499.0,905.41,184.0,1509.784,1.066344,1512.386,6586.0,1512.386,5234.0
905.709,-152043.0,905.709,-188743.0,905.709,-55.0,905.709,-116.0,1510.252,1.0641,1512.924,6623.0,1512.924,5222.0
906.012,-131071.0,906.012,-162529.0,906.012,415.0,906.012,111.0,1510.765,1.061957,1513.43,6713.0,1513.43,5151.0
906.314,-141557.0,906.314,-178257.0,906.314,125.0,906.314,209.0,1511.234,1.064721,1513.899,6893.0,1513.899,4905.0
906.656,-131071.0,906.656,-167772.0,906.656,137.0,906.656,17.0,1511.758,1.069826,1514.378,6558.0,1514.378,5251.0
906.898,-131071.0,906.898,-183500.0,906.898,107.0,906.898,245.0,1512.268,1.083839,1514.899,6661.0,1514.899,5179.0
907.202,-152043.0,907.202,-178257.0,907.202,-278.0,907.202,-186.0,1512.775,1.096125,1515.346,6605.0,1515.346,5288.0
907.508,-157286.0,907.508,-209715.0,907.508,221.0,907.508,169.0,1513.246,1.103253,1515.864,6729.0,1515.864,5154.0
907.774,-157286.0,907.774,-178257.0,907.774,296.0,907.774,311.0,1513.761,1.104947,1516.377,6810.0,1516.377,5146.0
908.129,-167772.0,908.129,-152043.0,908.129,200.0,908.129,210.0,1514.225,1.096945,1516.9,6666.0,1516.9,5200.0
908.393,-178257.0,908.393,-209715.0,908.393,2.0,908.393,92.0,1514.735,1.086944,1517.423,6844.0,1517.423,5004.0
908.722,-157286.0,908.722,-183500.0,908.722,111.0,908.722,3.0,1515.22,1.078327,1517.873,6581.0,1517.873,5288.0
908.996,-167772.0,908.996,-167772.0,908.996,-149.0,908.996,-31.0,1515.757,1.066528,1518.357,6806.0,1518.357,5030.0
909.31,-167772.0,909.31,-188743.0,909.31,-43.0,909.31,-15.0,1516.237,1.060808,1518.886,6744.0,1518.886,5129.0
909.626,-141557.0,909.626,-209715.0,909.626,-50.0,909.626,171.0,1516.734,1.052502,1519.397,6562.0,1519.397,5310.0
909.892,-152043.0,909.892,-204472.0,909.892,-246.0,909.892,-54.0,1517.74,1.02423,1519.85,6871.0,1519.85,5003.0
910.217,-125829.0,910.217,-193986.0,910.217,-58.0,910.217,-7.0,1518.226,1.011796,1520.39,6331.0,1520.39,5435.0
910.525,-115343.0,910.525,-199229.0,910.525,70.0,910.525,243.0,1518.748,0.996253,1520.886,6470.0,1520.886,5416.0
911.378,-99614.0,911.378,-183500.0,911.378,-426.0,911.378,-186.0,1519.222,0.991334,1521.334,6584.0,1521.334,5368.0
911.688,-110100.0,911.688,-220200.0,911.688,55.0,911.688,129.0,1519.721,1.0016,1521.864,6771.0,1521.864,5040.0
912.007,-94371.0,912.007,-214957.0,912.007,-147.0,912.007,96.0,1520.205,1.000378,1522.365,6542.0,1522.365,5260.0
912.291,-141557.0,912.291,-204472.0,912.291,-19.0,912.291,98.0,1520.747,1.012649,1522.867,6704.0,1522.867,5081.0
912.59,-89128.0,912.59,-199229.0,912.59,-152.0,912.59,-184.0,1521.216,1.038162,1523.368,6803.0,1523.368,5061.0
912.895,-99614.0,912.895,-204472.0,912.895,-217.0,912.895,33.0,1521.751,1.075544,1523.887,7029.0,1523.887,4758.0
913.184,-99614.0,913.184,-204472.0,913.184,-374.0,913.184,-252.0,1522.215,1.103509,1524.324,6901.0,1524.324,4936.0
913.48,-120586.0,913.48,-193986.0,913.48,-120.0,913.48,10.0,1522.777,1.132149,1524.848,6910.0,1524.848,4926.0
913.792,-94371.0,913.792,-188743.0,913.792,-405.0,913.792,-155.0,1523.199,1.15555,1525.37,6845.0,1525.37,5003.0
914.105,-136314.0,914.105,-204472.0,914.105,-392.0,914.105,-193.0,1523.701,1.175369,1525.85,6744.0,1525.85,5130.0
914.381,-99614.0,914.381,-188743.0,914.381,-81.0,914.381,171.0,1524.236,1.175168,1526.309,6845.0,1526.309,4969.0
914.685,-157286.0,914.685,-199229.0,914.685,-367.0,914.685,-143.0,1524.724,1.174247,1526.855,6775.0,1526.855,5126.0
915.005,-110100.0,915.005,-188743.0,915.005,6.0,915.005,-85.0,1525.182,1.156765,1527.317,6843.0,1527.317,5024.0
915.275,-152043.0,915.275,-193986.0,915.275,-256.0,915.275,-319.0,1525.746,1.135663,1527.852,6787.0,1527.852,5096.0
915.621,-120586.0,915.621,-209715.0,915.621,-64.0,915.621,-44.0,1526.215,1.112955,1528.363,6495.0,1528.363,5412.0
915.876,-141557.0,915.876,-188743.0,915.876,-61.0,915.876,268.0,1526.706,1.090898,1528.817,6469.0,1528.817,5394.0
916.171,-136314.0,916.171,-183500.0,916.171,-194.0,916.171,352.0,1527.174,1.074761,1529.324,6375.0,1529.324,5442.0
916.469,-141557.0,916.469,-183500.0,916.469,12.0,916.469,189.0,1527.762,1.056768,1529.809,6692.0,1529.809,5147.0
916.783,-157286.0,916.783,-141557.0,916.783,-71.0,916.783,21.0,1528.19,1.037362,1530.311,6334.0,1530.311,5482.0
917.116,-141557.0,917.116,-183500.0,917.116,-147.0,917.116,-71.0,1528.677,1.026971,1530.861,6248.0,1530.861,5560.0
917.36,-136314.0,917.36,-183500.0,917.36,-43.0,917.36,-161.0,1529.185,1.030527,1531.32,6825.0,1531.32,4974.0
917.671,-157286.0,917.671,-183500.0,917.671,162.0,917.671,-130.0,1529.69,1.042009,1531.817,6416.0,1531.817,5457.0
917.973,-146800.0,917.973,-173014.0,917.973,-151.0,917.973,-105.0,1530.181,1.050794,1532.357,6609.0,1532.357,5188.0
918.271,-157286.0,918.271,-162529.0,918.271,-71.0,918.271,-149.0,1530.691,1.072981,1532.83,6905.0,1532.83,5009.0
918.592,-136314.0,918.592,-173014.0,918.592,50.0,918.592,-129.0,1531.176,1.097378,1533.295,6864.0,1533.295,4950.0
918.833,-141557.0,918.833,-173014.0,918.833,31.0,918.833,-24.0,1531.686,1.098429,1533.822,6425.0,1533.822,5416.0
919.199,-146800.0,919.199,-183500.0,919.199,24.0,919.199,-9.0,1532.159,1.108133,1534.336,6432.0,1534.336,5374.0
919.459,-146800.0,919.459,-183500.0,919.459,-60.0,919.459,-56.0,1532.667,1.121758,1534.79,6785.0,1534.79,4997.0
920.089,-125829.0,920.089,-209715.0,920.089,28.0,920.089,-168.0,1533.18,1.128699,1535.297,6693.0,1535.297,5192.0
920.355,-125829.0,920.355,-204472.0,920.355,34.0,920.355,-174.0,1533.704,1.129255,1535.837,6570.0,1535.837,5208.0
920.658,-125829.0,920.658,-209715.0,920.658,38.0,920.658,103.0,1534.15,1.137593,1536.289,6766.0,1536.289,5043.0
920.968,-99614.0,920.968,-214957.0,920.968,215.0,920.968,45.0,1534.675,1.145754,1537.319,6668.0,1537.319,5206.0
921.298,-115343.0,921.298,-188743.0,921.298,91.0,921.298,168.0,1535.157,1.154174,1537.818,7019.0,1537.818,4855.0
921.57,-89128.0,921.57,-225443.0,921.57,41.0,921.57,129.0,1535.689,1.158443,1538.302,6740.0,1538.302,5048.0
921.849,-104857.0,921.849,-214957.0,921.849,93.0,921.849,66.0,1536.161,1.161946,1538.842,6418.0,1538.842,5443.0
922.156,-73400.0,922.156,-214957.0,922.156,191.0,922.156,-38.0,1536.754,1.165445,1539.278,6468.0,1539.278,5404.0
922.444,-99614.0,922.444,-204472.0,922.444,190.0,922.444,192.0,1537.147,1.157721,1539.798,6583.0,1539.798,5293.0
922.753,-110100.0,922.753,-204472.0,922.753,-13.0,922.753,-63.0,1537.659,1.158719,1540.267,6406.0,1540.267,5409.0
923.049,-94371.0,923.049,-209715.0,923.049,160.0,923.049,44.0,1538.145,1.149957,1540.768,6336.0,1540.768,5316.0
923.372,-99614.0,923.372,-193986.0,923.372,126.0,923.372,44.0,1538.662,1.138924,1541.276,6804.0,1541.276,5082.0
923.65,-104857.0,923.65,-188743.0,923.65,-2.0,923.65,66.0,1539.131,1.135538,1541.788,6522.0,1541.788,5318.0
923.951,-99614.0,923.951,-193986.0,923.951,-113.0,923.951,47.0,1539.67,1.143472,1542.269,6364.0,1542.269,5462.0
924.247,-89128.0,924.247,-178257.0,924.247,253.0,924.247,62.0,1540.159,1.153547,1542.786,6131.0,1542.786,5723.0
924.54,-110100.0,924.54,-178257.0,924.54,-14.0,924.54,178.0,1540.656,1.169029,1543.284,6429.0,1543.284,5346.0
924.838,-131071.0,924.838,-193986.0,924.838,61.0,924.838,279.0,1541.124,1.186897,1543.771,6666.0,1543.771,5204.0
925.144,-136314.0,925.144,-199229.0,925.144,-52.0,925.144,132.0,1541.673,1.207532,1544.298,6843.0,1544.298,4999.0
925.748,-146800.0,925.748,-193986.0,925.748,-40.0,925.748,51.0,1542.141,1.225429,1544.804,6761.0,1544.804,5069.0
926.068,-104857.0,926.068,-183500.0,926.068,-96.0,926.068,-57.0,1542.624,1.256364,1545.256,6663.0,1545.256,5138.0
926.332,-141557.0,926.332,-173014.0,926.332,-18.0,926.332,429.0,1543.133,1.291469,1545.764,6597.0,1545.764,5271.0
926.639,-120586.0,926.639,-167772.0,926.639,1.0,926.639,-56.0,1543.633,1.317248,1546.274,6802.0,1546.274,5054.0
926.941,-125829.0,926.941,-152043.0,926.941,-46.0,926.941,-126.0,1544.119,1.339934,1546.745,6595.0,1546.745,5268.0
927.24,-125829.0,927.24,-157286.0,927.24,-115.0,927.24,-142.0,1544.634,1.36011,1547.251,6776.0,1547.251,5079.0
927.581,-162529.0,927.581,-167772.0,927.581,130.0,927.581,310.0,1545.125,1.371415,1547.768,6786.0,1547.768,5121.0
927.834,-136314.0,927.834,-146800.0,927.834,-38.0,927.834,118.0,1545.728,1.373109,1548.279,6514.0,1548.279,5290.0
928.126,-131071.0,928.126,-178257.0,928.126,118.0,928.126,-108.0,1546.106,1.382307,1548.759,6436.0,1548.759,5525.0
928.431,-136314.0,928.431,-167772.0,928.431,-128.0,928.431,135.0,1546.633,1.392276,1549.252,6345.0,1549.252,5489.0
928.741,-141557.0,928.741,-167772.0,928.741,-116.0,928.741,-260.0,1547.101,1.395271,1549.741,6462.0,1549.741,5357.0
929.056,-141557.0,929.056,-188743.0,929.056,-29.0,929.056,175.0,1547.694,1.396522,1550.26,6258.0,1550.26,5540.0
929.294,-141557.0,929.294,-214957.0,929.294,84.0,929.294,-154.0,1548.098,1.393332,1550.727,6077.0,1550.727,5651.0
929.645,-120586.0,929.645,-209715.0,929.645,-92.0,929.645,153.0,1548.658,1.400603,1551.264,6119.0,1551.264,5737.0
929.928,-120586.0,929.928,-209715.0,929.928,-30.0,929.928,-140.0,1549.104,1.412292,1551.785,6028.0,1551.785,5719.0
930.229,-136314.0,930.229,-246415.0,930.229,0.0,930.229,-97.0,1549.653,1.421746,1552.252,6046.0,1552.252,5733.0
930.549,-125829.0,930.549,-241172.0,930.549,-145.0,930.549,-76.0,1550.09,1.439559,1552.734,6153.0,1552.734,5669.0
930.81,-99614.0,930.81,-204472.0,930.81,26.0,930.81,-173.0,1550.604,1.478721,1553.258,5912.0,1553.258,5903.0
931.111,-110100.0,931.111,-209715.0,931.111,1.0,931.111,-59.0,1551.087,1.554683,1553.757,6158.0,1553.757,5500.0
931.414,-99614.0,931.414,-183500.0,931.414,-95.0,931.414,189.0,1551.649,1.649299,1554.221,5858.0,1554.221,5900.0
931.749,-83886.0,931.749,-204472.0,931.749,-66.0,931.749,76.0,1552.111,1.746326,1554.752,6283.0,1554.752,5461.0
932.034,-110100.0,932.034,-209715.0,932.034,-113.0,932.034,-391.0,1552.594,1.846186,1555.257,6525.0,1555.257,5291.0
932.317,-47185.0,932.317,-209715.0,932.317,-157.0,932.317,-59.0,1553.075,1.967086,1555.713,6477.0,1555.713,5308.0
932.611,-115343.0,932.611,-209715.0,932.611,-17.0,932.611,16.0,1553.6,2.096003,1556.227,6904.0,1556.227,4911.0
932.918,-99614.0,932.918,-183500.0,932.918,-72.0,932.918,0.0,1554.076,2.219991,1556.745,6581.0,1556.745,5254.0
933.218,-110100.0,933.218,-193986.0,933.218,-163.0,933.218,-161.0,1554.658,2.345368,1557.21,7282.0,1557.21,4654.0
933.506,-99614.0,933.506,-173014.0,933.506,-129.0,933.506,-87.0,1555.101,2.480104,1557.761,6778.0,1557.761,5062.0
933.82,-94371.0,933.82,-183500.0,933.82,-150.0,933.82,-97.0,1555.621,2.597676,1558.209,6665.0,1558.209,5139.0
934.108,-104857.0,934.108,-188743.0,934.108,-178.0,934.108,105.0,1556.072,2.689783,1558.747,7059.0,1558.747,4856.0
934.398,-115343.0,934.398,-157286.0,934.398,-117.0,934.398,-380.0,1556.636,2.755045,1559.235,6511.0,1559.235,5270.0
934.717,-110100.0,934.717,-183500.0,934.717,-356.0,934.717,64.0,1557.065,2.804081,1559.684,6516.0,1559.684,5415.0
935.035,-110100.0,935.035,-188743.0,935.035,-318.0,935.035,-407.0,1557.583,2.829825,1560.19,6210.0,1560.19,5713.0
935.272,-115343.0,935.272,-178257.0,935.272,-316.0,935.272,130.0,1558.056,2.851734,1560.729,6134.0,1560.729,5645.0
935.609,-104857.0,935.609,-162529.0,935.609,-214.0,935.609,-81.0,1558.583,2.869977,1561.192,5717.0,1561.192,6051.0
935.962,-136314.0,935.962,-183500.0,935.962,13.0,935.962,-370.0,1559.071,2.87398,1561.725,5872.0,1561.725,5943.0
936.199,-125829.0,936.199,-178257.0,936.199,-180.0,936.199,-187.0,1559.68,2.880171,1562.237,5893.0,1562.237,5944.0
936.554,-152043.0,936.554,-167772.0,936.554,-247.0,936.554,146.0,1560.057,2.893861,1562.72,5736.0,1562.72,6126.0
936.794,-131071.0,936.794,-173014.0,936.794,-178.0,936.794,-162.0,1560.593,2.926939,1563.19,5710.0,1563.19,6054.0
937.085,-141557.0,937.085,-152043.0,937.085,-154.0,937.085,-78.0,1561.076,2.979654,1563.712,6272.0,1563.712,5449.0
937.388,-173014.0,937.388,-178257.0,937.388,-393.0,937.388,-102.0,1561.662,3.0585,1564.184,6127.0,1564.184,5545.0
937.664,-152043.0,937.664,-136314.0,937.664,-154.0,937.664,205.0,1562.053,-3.129121,1564.685,6695.0,1564.685,5114.0
938.04,-152043.0,938.04,-157286.0,938.04,-114.0,938.04,71.0,1562.594,-3.014524,1565.193,7180.0,1565.193,4705.0
938.283,-152043.0,938.283,-136314.0,938.283,-184.0,938.283,-171.0,1563.044,-2.861832,1565.672,7590.0,1565.672,4304.0
938.585,-136314.0,938.585,-162529.0,938.585,-148.0,938.585,52.0,1563.653,-2.700541,1566.175,7377.0,1566.175,4466.0
938.904,-146800.0,938.904,-173014.0,938.904,-82.0,938.904,171.0,1564.041,-2.565295,1566.68,7744.0,1566.68,4181.0
939.217,-136314.0,939.217,-193986.0,939.217,-19.0,939.217,-348.0,1564.562,-2.449444,1567.213,7605.0,1567.213,4353.0
939.516,-173014.0,939.516,-199229.0,939.516,-218.0,939.516,198.0,1565.04,-2.374815,1567.67,7286.0,1567.67,4698.0
939.78,-131071.0,939.78,-193986.0,939.78,-114.0,939.78,11.0,1565.566,-2.333074,1568.164,7137.0,1568.164,4917.0
940.097,-110100.0,940.097,-199229.0,940.097,-43.0,940.097,-32.0,1566.047,-2.333954,1568.691,6275.0,1568.691,5709.0
940.38,-120586.0,940.38,-204472.0,940.38,1.0,940.38,-135.0,1566.583,-2.374888,1569.167,6306.0,1569.167,5520.0
940.654,-115343.0,940.654,-199229.0,940.654,42.0,940.654,0.0,1567.024,-2.451914,1569.703,6167.0,1569.703,5677.0
941.016,-94371.0,941.016,-188743.0,941.016,171.0,941.016,22.0,1567.618,-2.550317,1570.175,5941.0,1570.175,5872.0
941.284,-110100.0,941.284,-209715.0,941.284,105.0,941.284,-114.0,1568.05,-2.658134,1570.693,6032.0,1570.693,5759.0
941.583,-104857.0,941.583,-235929.0,941.583,-23.0,941.583,93.0,1568.542,-2.747733,1571.192,6147.0,1571.192,5774.0
941.877,-104857.0,941.877,-183500.0,941.877,-25.0,941.877,93.0,1569.022,-2.806794,1571.658,6658.0,1571.658,5227.0
942.205,-104857.0,942.205,-209715.0,942.205,-20.0,942.205,-76.0,1569.591,-2.834837,1572.156,6577.0,1572.156,5288.0
942.476,-120586.0,942.476,-220200.0,942.476,-130.0,942.476,-270.0,1570.034,-2.849382,1572.698,6917.0,1572.698,4911.0
942.751,-83886.0,942.751,-199229.0,942.751,20.0,942.751,-280.0,1570.534,-2.836116,1573.175,7130.0,1573.175,4518.0
943.077,-89128.0,943.077,-193986.0,943.077,-395.0,943.077,-306.0,1571.01,-2.806641,1573.645,7242.0,1573.645,4635.0
943.37,-115343.0,943.37,-199229.0,943.37,-6.0,943.37,-208.0,1571.539,-2.758211,1574.171,6971.0,1574.171,4760.0
943.681,-104857.0,943.681,-162529.0,943.681,-61.0,943.681,-142.0,1572.028,-2.714445,1574.677,7188.0,1574.677,4792.0
943.982,-141557.0,943.982,-188743.0,943.982,-290.0,943.982,-78.0,1572.551,-2.681233,1575.144,7075.0,1575.144,4650.0
944.302,-104857.0,944.302,-152043.0,944.302,-379.0,944.302,-84.0,1573.023,-2.656044,1575.675,7249.0,1575.675,4582.0
944.57,-162529.0,944.57,-188743.0,944.57,-386.0,944.57,-199.0,1573.537,-2.65572,1576.187,7050.0,1576.187,4850.0
944.863,-157286.0,944.863,-162529.0,944.863,-97.0,944.863,-307.0,1574.004,-2.670991,1576.635,7053.0,1576.635,4804.0
945.175,-162529.0,945.175,-167772.0,945.175,-210.0,945.175,-316.0,1574.543,-2.701006,1577.145,6220.0,1577.145,5760.0
945.493,-146800.0,945.493,-157286.0,945.493,-244.0,945.493,-323.0,1575.001,-2.749203,1577.66,6569.0,1577.66,5415.0
945.765,-167772.0,945.765,-141557.0,945.765,-149.0,945.765,-266.0,1575.564,-2.811181,1578.134,6271.0,1578.134,5573.0
946.066,-193986.0,946.066,-141557.0,946.066,-5.0,946.066,-90.0,1576.018,-2.878345,1578.666,6270.0,1578.666,5675.0
946.416,-183500.0,946.416,-131071.0,946.416,-236.0,946.416,-128.0,1576.547,-2.95112,1579.152,6255.0,1579.152,5583.0
946.669,-146800.0,946.669,-146800.0,946.669,-178.0,946.669,-219.0,1576.99,-3.016673,1579.658,6258.0,1579.658,5551.0
946.992,-193986.0,946.992,-173014.0,946.992,-115.0,946.992,-314.0,1577.507,-3.0511,1580.157,6315.0,1580.157,5466.0
947.255,-167772.0,947.255,-188743.0,947.255,-64.0,947.255,-389.0,1577.999,-3.062955,1580.679,6968.0,1580.679,4850.0
947.556,-152043.0,947.556,-183500.0,947.556,-140.0,947.556,-39.0,1578.528,-3.050732,1581.124,6667.0,1581.124,5180.0
947.868,-157286.0,947.868,-183500.0,947.868,-119.0,947.868,-228.0,1578.98,-3.019112,1581.621,6650.0,1581.621,5129.0
948.178,-162529.0,948.178,-157286.0,948.178,-153.0,948.178,-310.0,1579.504,-2.973513,1582.115,6522.0,1582.115,5324.0
948.508,-157286.0,948.508,-167772.0,948.508,31.0,948.508,-200.0,1580.033,-2.924943,1582.614,6844.0,1582.614,4947.0
948.758,-136314.0,948.758,-183500.0,948.758,99.0,948.758,-297.0,1580.513,-2.872201,1583.154,7323.0,1583.154,4580.0
949.025,-110100.0,949.025,-162529.0,949.025,-98.0,949.025,146.0,1580.988,-2.839474,1583.653,7436.0,1583.653,4565.0
949.347,-125829.0,949.347,-188743.0,949.347,-96.0,949.347,-32.0,1581.517,-2.801102,1584.112,7397.0,1584.112,4366.0
949.621,-120586.0,949.621,-183500.0,949.621,-4.0,949.621,210.0,1581.969,-2.767166,1584.64,7324.0,1584.64,4612.0
949.969,-120586.0,949.969,-204472.0,949.969,-1.0,949.969,73.0,1582.503,-2.738517,1585.146,7192.0,1585.146,4770.0
950.258,-136314.0,950.258,-188743.0,950.258,90.0,950.258,-138.0,1582.971,-2.735215,1586.133,6822.0,1586.133,4882.0
950.573,-125829.0,950.573,-214957.0,950.573,-150.0,950.573,-266.0,1583.519,-2.764001,1586.656,6250.0,1586.656,5567.0
950.84,-131071.0,950.84,-183500.0,950.84,-120.0,950.84,-137.0,1583.985,-2.817374,1587.114,6208.0,1587.114,5506.0
951.118,-115343.0,951.118,-183500.0,951.118,-48.0,951.118,-217.0,1584.523,-2.889641,1587.607,6074.0,1587.607,5782.0
951.468,-131071.0,951.468,-173014.0,951.468,-93.0,951.468,-183.0,1584.98,-2.975293,1588.141,5871.0,1588.141,5926.0
951.739,-120586.0,951.739,-188743.0,951.739,88.0,951.739,-128.0,1585.482,-3.068151,1588.596,5694.0,1588.596,6104.0
952.01,-120586.0,952.01,-183500.0,952.01,44.0,952.01,-110.0,1585.967,3.133474,1589.097,5842.0,1589.097,5931.0
952.337,-131071.0,952.337,-193986.0,952.337,-65.0,952.337,113.0,1586.489,3.062912,1589.625,5985.0,1589.625,5676.0
952.665,-141557.0,952.665,-167772.0,952.665,47.0,952.665,-29.0,1586.976,3.013774,1590.145,6597.0,1590.145,4999.0
952.95,-152043.0,952.95,-167772.0,952.95,-4.0,952.95,-150.0,1587.501,2.991432,1590.62,6635.0,1590.62,5121.0
953.239,-146800.0,953.239,-162529.0,953.239,-113.0,953.239,-89.0,1587.945,2.994543,1591.098,6792.0,1591.098,5040.0
953.831,-141557.0,953.831,-167772.0,953.831,-174.0,953.831,-10.0,1588.482,3.030016,1591.583,7229.0,1591.583,4565.0
954.146,-146800.0,954.146,-162529.0,954.146,48.0,954.146,-182.0,1588.942,3.098041,1592.122,7631.0,1592.122,4304.0
954.437,-173014.0,954.437,-146800.0,954.437,-194.0,954.437,-139.0,1589.475,-3.098143,1592.675,7294.0,1592.675,4505.0
954.743,-125829.0,954.743,-136314.0,954.743,-173.0,954.743,245.0,1589.945,-3.006006,1593.103,7423.0,1593.103,4420.0
955.028,-162529.0,955.028,-152043.0,955.028,47.0,955.028,189.0,1590.491,-2.935328,1593.628,7397.0,1593.628,4371.0
955.326,-167772.0,955.326,-146800.0,955.326,-148.0,955.326,77.0,1590.942,-2.879032,1594.048,7082.0,1594.048,5130.0
955.622,-178257.0,955.622,-162529.0,955.622,-95.0,955.622,112.0,1591.454,-2.840318,1594.57,7198.0,1594.57,4622.0
956.223,-178257.0,956.223,-146800.0,956.223,-30.0,956.223,164.0,1591.948,-2.83834,1595.097,7017.0,1595.097,4816.0
956.522,-157286.0,956.522,-152043.0,956.522,-130.0,956.522,127.0,1592.45,-2.875034,1595.597,6901.0,1595.597,4977.0
956.83,-178257.0,956.83,-162529.0,956.83,81.0,956.83,-77.0,1592.939,-2.944789,1596.066,6101.0,1596.066,5680.0
957.092,-167772.0,957.092,-141557.0,957.092,-35.0,957.092,-27.0,1593.455,-3.02855,1596.597,6189.0,1596.597,5675.0
957.425,-167772.0,957.425,-157286.0,957.425,-126.0,957.425,-64.0,1593.972,-3.120744,1597.118,6031.0,1597.118,5895.0
957.718,-167772.0,957.718,-173014.0,957.718,65.0,957.718,59.0,1594.449,3.078656,1597.565,5892.0,1597.565,6054.0
958.023,-157286.0,958.023,-167772.0,958.023,144.0,958.023,-29.0,1594.925,2.989894,1598.075,5816.0,1598.075,5891.0
958.315,-157286.0,958.315,-167772.0,958.315,-26.0,958.315,-30.0,1595.463,2.904365,1598.592,6098.0,1598.592,5680.0
958.587,-167772.0,958.587,-193986.0,958.587,34.0,958.587,-87.0,1595.922,2.829036,1599.059,6443.0,1599.059,5437.0
958.969,-162529.0,958.969,-199229.0,958.969,-79.0,958.969,-81.0,1596.475,2.779,1599.558,7022.0,1599.558,4776.0
959.184,-152043.0,959.184,-188743.0,959.184,57.0,959.184,-2.0,1596.918,2.763023,1600.077,7959.0,1600.077,3933.0
959.516,-141557.0,959.516,-183500.0,959.516,213.0,959.516,-222.0,1597.47,2.783123,1600.584,8275.0,1600.584,3603.0
959.806,-141557.0,959.806,-188743.0,959.806,-13.0,959.806,-76.0,1597.92,2.832294,1601.072,8596.0,1601.072,3345.0
960.117,-120586.0,960.117,-188743.0,960.117,344.0,960.117,-168.0,1598.418,2.902745,1601.561,8569.0,1601.561,3397.0
960.436,-125829.0,960.436,-214957.0,960.436,400.0,960.436,-190.0,1598.912,2.979774,1602.048,8770.0,1602.048,3224.0
960.707,-146800.0,960.707,-204472.0,960.707,153.0,960.707,60.0,1599.45,3.046084,1602.575,8691.0,1602.575,3379.0
961.02,-99614.0,961.02,-188743.0,961.02,365.0,961.02,77.0,1599.929,3.074235,1603.036,7969.0,1603.036,4210.0
961.277,-141557.0,961.277,-188743.0,961.277,-151.0,961.277,0.0,1600.452,3.042421,1603.536,7860.0,1603.536,4373.0
961.62,-99614.0,961.62,-178257.0,961.62,-58.0,961.62,74.0,1600.922,2.948482,1604.081,7079.0,1604.081,5133.0
961.948,-94371.0,961.948,-199229.0,961.948,37.0,961.948,104.0,1601.431,2.799928,1604.558,6940.0,1604.558,5241.0
962.205,-104857.0,962.205,-178257.0,962.205,227.0,962.205,117.0,1601.91,2.608117,1605.037,6840.0,1605.037,5347.0
962.496,-110100.0,962.496,-167772.0,962.496,181.0,962.496,211.0,1602.441,2.392453,1605.558,6350.0,1605.558,5764.0
962.802,-115343.0,962.802,-178257.0,962.802,141.0,962.802,261.0,1602.91,2.150216,1606.056,6438.0,1606.056,5691.0
963.137,-89128.0,963.137,-162529.0,963.137,-7.0,963.137,135.0,1603.406,1.92144,1606.528,6088.0,1606.528,5905.0
963.415,-125829.0,963.415,-162529.0,963.415,100.0,963.415,194.0,1603.892,1.70154,1607.062,6322.0,1607.062,5691.0
963.692,-136314.0,963.692,-162529.0,963.692,157.0,963.692,246.0,1604.432,1.516857,1607.58,6275.0,1607.58,5615.0
964.002,-146800.0,964.002,-152043.0,964.002,-12.0,964.002,247.0,1604.906,1.390952,1608.026,6656.0,1608.026,5233.0
964.293,-146800.0,964.293,-131071.0,964.293,13.0,964.293,128.0,1605.432,1.296767,1608.535,6485.0,1608.535,5326.0
964.566,-173014.0,964.566,-146800.0,964.566,36.0,964.566,96.0,1605.885,1.243389,1609.043,6801.0,1609.043,5084.0
964.918,-220200.0,964.918,-120586.0,964.918,-22.0,964.918,278.0,1606.402,1.228094,1609.542,7461.0,1609.542,4465.0
965.219,-183500.0,965.219,-131071.0,965.219,263.0,965.219,297.0,1606.92,1.245598,1610.023,7024.0,1610.023,4807.0
965.488,-178257.0,965.488,-120586.0,965.488,108.0,965.488,71.0,1607.403,1.278382,1610.543,7196.0,1610.543,4670.0
965.86,-188743.0,965.86,-125829.0,965.86,212.0,965.86,183.0,1607.909,1.316108,1611.055,7430.0,1611.055,4498.0
966.098,-183500.0,966.098,-110100.0,966.098,132.0,966.098,143.0,1608.429,1.334336,1611.531,7463.0,1611.531,4410.0
966.444,-188743.0,966.444,-131071.0,966.444,33.0,966.444,188.0,1608.868,1.358093,1612.063,6924.0,1612.063,4991.0
966.69,-204472.0,966.69,-136314.0,966.69,248.0,966.69,97.0,1609.4,1.371037,1612.508,6631.0,1612.508,5235.0
967.337,-188743.0,967.337,-178257.0,967.337,166.0,967.337,35.0,1609.87,1.340478,1613.029,6501.0,1613.029,5350.0
967.592,-204472.0,967.592,-152043.0,967.592,225.0,967.592,39.0,1610.397,1.292325,1613.503,6100.0,1613.503,5748.0
967.916,-167772.0,967.916,-183500.0,967.916,114.0,967.916,-205.0,1610.878,1.23886,1614.033,6272.0,1614.033,5576.0
968.179,-173014.0,968.179,-157286.0,968.179,223.0,968.179,90.0,1611.417,1.169802,1614.548,6177.0,1614.548,5738.0
968.477,-152043.0,968.477,-167772.0,968.477,314.0,968.477,-48.0,1611.856,1.090718,1615.021,6037.0,1615.021,5769.0
968.79,-167772.0,968.79,-178257.0,968.79,192.0,968.79,199.0,1612.369,1.014141,1615.509,6317.0,1615.509,5475.0
969.087,-157286.0,969.087,-178257.0,969.087,301.0,969.087,-99.0,1612.859,0.952432,1616.028,6556.0,1616.028,5327.0
969.423,-136314.0,969.423,-178257.0,969.423,380.0,969.423,-18.0,1613.394,0.912286,1616.515,6501.0,1616.515,5321.0
969.674,-131071.0,969.674,-199229.0,969.674,533.0,969.674,-42.0,1613.856,0.900428,1616.985,6667.0,1616.985,5175.0
969.979,-141557.0,969.979,-188743.0,969.979,368.0,969.979,-99.0,1614.392,0.907521,1617.519,6755.0,1617.519,5034.0
970.256,-125829.0,970.256,-209715.0,970.256,170.0,970.256,-100.0,1614.866,0.938149,1618.032,7295.0,1618.032,4529.0
970.543,-115343.0,970.543,-183500.0,970.543,238.0,970.543,61.0,1615.373,0.985166,1618.48,6860.0,1618.48,4995.0
970.907,-83886.0,970.907,-167772.0,970.907,288.0,970.907,12.0,1615.857,1.03614,1619.001,7261.0,1619.001,4635.0
971.169,-120586.0,971.169,-173014.0,971.169,-222.0,971.169,-98.0,1616.384,1.087747,1619.508,7339.0,1619.508,4564.0
971.492,-146800.0,971.492,-209715.0,971.492,147.0,971.492,116.0,1616.844,1.133264,1619.983,6919.0,1619.983,4943.0
971.787,-125829.0,971.787,-162529.0,971.787,-133.0,971.787,-117.0,1617.39,1.163884,1620.498,7088.0,1620.498,4770.0
972.036,-141557.0,972.036,-188743.0,972.036,-301.0,972.036,-57.0,1617.836,1.177888,1621.0,6608.0,1621.0,5265.0
972.392,-146800.0,972.392,-162529.0,972.392,-269.0,972.392,-37.0,1618.388,1.161702,1621.504,6446.0,1621.504,5462.0
972.667,-141557.0,972.667,-146800.0,972.667,-41.0,972.667,-9.0,1618.845,1.134554,1621.995,6354.0,1621.995,5515.0
972.958,-141557.0,972.958,-146800.0,972.958,-180.0,972.958,-224.0,1619.349,1.091022,1622.516,6101.0,1622.516,5736.0
973.265,-136314.0,973.265,-136314.0,973.265,-52.0,973.265,-235.0,1619.854,1.038218,1622.97,6200.0,1622.97,5619.0
973.611,-141557.0,973.611,-136314.0,973.611,-275.0,973.611,88.0,1620.375,0.976941,1623.492,5563.0,1623.492,6179.0
973.917,-141557.0,973.917,-115343.0,973.917,-260.0,973.917,103.0,1620.857,0.921329,1623.96,6187.0,1623.96,5611.0
974.157,-162529.0,974.157,-120586.0,974.157,-195.0,974.157,127.0,1621.346,0.878676,1624.466,6105.0,1624.466,7743.0
974.461,-178257.0,974.461,-136314.0,974.461,25.0,974.461,-184.0,1621.841,0.846009,1625.015,5162.0,1625.015,7292.0
974.761,-183500.0,974.761,-120586.0,974.761,-147.0,974.761,109.0,1622.344,0.83121,1625.485,3913.0,1625.485,6371.0
975.064,-183500.0,975.064,-115343.0,975.064,-141.0,975.064,160.0,1622.822,0.836522,1625.958,2782.0,1625.958,5240.0
975.36,-199229.0,975.36,-99614.0,975.36,-111.0,975.36,-192.0,1623.362,0.865147,1626.484,1858.0,1626.484,3986.0
975.667,-178257.0,975.667,-131071.0,975.667,8.0,975.667,106.0,1623.83,0.930718,1626.977,1093.0,1626.977,2569.0
975.956,-183500.0,975.956,-125829.0,975.956,-67.0,975.956,-20.0,1624.347,1.013617,1627.457,403.0,1627.457,991.0
976.245,-183500.0,976.245,-120586.0,976.245,-112.0,976.245,-105.0,1624.813,1.148513,1627.974,-186.0,1627.974,-462.0
976.555,-204472.0,976.555,-162529.0,976.555,-97.0,976.555,-122.0,1625.312,1.344128,1628.499,-778.0,1628.499,-1858.0
976.882,-193986.0,976.882,-162529.0,976.882,-15.0,976.882,71.0,1625.81,1.573189,1628.979,-1463.0,1628.979,-3223.0
977.146,-178257.0,977.146,-136314.0,977.146,80.0,977.146,-126.0,1626.319,1.817374,1629.458,-1842.0,1629.458,-3884.0
977.454,-146800.0,977.454,-152043.0,977.454,5.0,977.454,20.0,1626.808,2.072604,1629.965,-2037.0,1629.965,-4211.0
977.795,-188743.0,977.795,-178257.0,977.795,95.0,977.795,-122.0,1627.322,2.324288,1630.439,-1909.0,1630.439,-4041.0
978.053,-178257.0,978.053,-173014.0,978.053,-192.0,978.053,-22.0,1627.803,2.542095,1630.936,-1527.0,1630.936,-3455.0
978.37,-157286.0,978.37,-152043.0,978.37,40.0,978.37,-209.0,1628.312,2.739885,1631.469,-1162.0,1631.469,-2842.0
978.64,-152043.0,978.64,-173014.0,978.64,-221.0,978.64,-61.0,1629.307,3.005994,1631.968,-856.0,1631.968,-2278.0
978.945,-173014.0,978.945,-193986.0,978.945,-79.0,978.945,-118.0,1629.805,3.039543,1632.458,-634.0,1632.458,-1794.0
979.234,-157286.0,979.234,-173014.0,979.234,-173.0,979.234,-76.0,1630.312,3.016249,1632.943,-467.0,1632.943,-1417.0
979.544,-157286.0,979.544,-157286.0,979.544,-79.0,979.544,-95.0,1630.802,2.942711,1633.432,-291.0,1633.432,-959.0
979.887,-152043.0,979.887,-152043.0,979.887,-127.0,979.887,-99.0,1631.307,2.843201,1633.952,-142.0,1633.952,-506.0
980.125,-141557.0,980.125,-141557.0,980.125,-20.0,980.125,126.0,1631.808,2.742082,1634.448,-48.0,1634.448,-184.0
980.44,-152043.0,980.44,-141557.0,980.44,-168.0,980.44,137.0,1632.296,2.646407,1634.924,23.0,1634.924,93.0
980.746,-141557.0,980.746,-152043.0,980.746,-36.0,980.746,201.0,1632.804,2.563565,1635.475,63.0,1635.475,279.0
981.005,-141557.0,981.005,-152043.0,981.005,-189.0,981.005,156.0,1633.284,2.489544,1635.944,132.0,1635.944,620.0
981.38,-141557.0,981.38,-157286.0,981.38,204.0,981.38,66.0,1633.787,2.418339,1636.415,181.0,1636.415,917.0
981.635,-152043.0,981.635,-157286.0,981.635,-141.0,981.635,123.0,1634.279,2.353602,1636.94,197.0,1636.94,1071.0
981.953,-188743.0,981.953,-146800.0,981.953,-329.0,981.953,382.0,1634.786,2.293154,1637.442,214.0,1637.442,1242.0
982.217,-183500.0,982.217,-120586.0,982.217,176.0,982.217,394.0,1635.275,2.231465,1637.907,247.0,1637.907,1489.0
982.532,-183500.0,982.532,-94371.0,982.532,153.0,982.532,262.0,1635.795,2.164365,1638.444,289.0,1638.444,1731.0
982.863,-220200.0,982.863,-89128.0,982.863,-100.0,982.863,364.0,1636.281,2.098912,1638.953,290.0,1638.953,1770.0
983.124,-183500.0,983.124,-120586.0,983.124,62.0,983.124,287.0,1636.769,2.039341,1639.403,288.0,1639.403,1852.0
983.422,-193986.0,983.422,-89128.0,983.422,88.0,983.422,287.0,1637.279,1.985891,1639.91,249.0,1639.91,1799.0
983.735,-193986.0,983.735,-68157.0,983.735,-27.0,983.735,78.0,1637.766,1.936852,1640.434,258.0,1640.434,1774.0
984.065,-183500.0,984.065,-99614.0,984.065,18.0,984.065,106.0,1638.265,1.894905,1640.899,223.0,1640.899,1691.0
984.37,-188743.0,984.37,-78643.0,984.37,69.0,984.37,92.0,1638.779,1.867997,1641.403,219.0,1641.403,1711.0
984.61,-204472.0,984.61,-57671.0,984.61,28.0,984.61,114.0,1639.29,1.854307,1641.94,164.0,1641.94,1568.0
984.922,-183500.0,984.922,-83886.0,984.922,47.0,984.922,45.0,1639.769,1.850347,1642.426,128.0,1642.426,1400.0
985.226,-225443.0,985.226,-68157.0,985.226,-28.0,985.226,342.0,1640.254,1.855014,1642.926,76.0,1642.926,1180.0
985.521,-214957.0,985.521,-68157.0,985.521,52.0,985.521,76.0,1640.755,1.870963,1643.402,54.0,1643.402,1010.0
985.826,-178257.0,985.826,-68157.0,985.826,96.0,985.826,-7.0,1641.253,1.892007,1643.931,24.0,1643.931,844.0
986.142,-209715.0,986.142,-78643.0,986.142,152.0,986.142,164.0,1641.747,1.914612,1644.419,8.0,1644.419,770.0
986.419,-241172.0,986.419,-89128.0,986.419,176.0,986.419,-240.0,1642.267,1.938341,1644.888,0.0,1644.888,590.0
986.723,-235929.0,986.723,-94371.0,986.723,1.0,986.723,70.0,1642.8,1.961864,1645.384,-9.0,1645.384,539.0
986.981,-214957.0,986.981,-110100.0,986.981,65.0,986.981,270.0,1643.265,1.985153,1645.93,-17.0,1645.93,411.0
987.339,-204472.0,987.339,-89128.0,987.339,209.0,987.339,16.0,1643.753,2.002262,1646.41,-20.0,1646.41,360.0
987.615,-209715.0,987.615,-83886.0,987.615,218.0,987.615,-68.0,1644.254,2.013935,1646.88,-25.0,1646.88,333.0
987.913,-199229.0,987.913,-83886.0,987.913,81.0,987.913,208.0,1644.735,2.024837,1647.409,-26.0,1647.409,266.0
988.262,-214957.0,988.262,-94371.0,988.262,228.0,988.262,161.0,1645.24,2.030505,1647.898,-13.0,1647.898,113.0
988.514,-204472.0,988.514,-89128.0,988.514,202.0,988.514,11.0,1645.785,2.035417,1648.373,-2.0,1648.373,16.0
988.837,-199229.0,988.837,-73400.0,988.837,186.0,988.837,35.0,1646.235,2.037895,1648.902,17.0,1648.902,-99.0
989.075,-188743.0,989.075,-78643.0,989.075,63.0,989.075,159.0,1646.733,2.037809,1649.416,31.0,1649.416,-177.0
989.4,-214957.0,989.4,-83886.0,989.4,223.0,989.4,77.0,1647.231,2.035995,1649.869,67.0,1649.869,-315.0
989.725,-209715.0,989.725,-62914.0,989.725,-51.0,989.725,106.0,1647.749,2.034072,1650.373,88.0,1650.373,-378.0
989.97,-188743.0,989.97,-41943.0,989.97,242.0,989.97,-103.0,1648.244,2.031154,1650.896,106.0,1650.896,-410.0
990.343,-162529.0,990.343,-41943.0,990.343,23.0,990.343,244.0,1648.735,2.029184,1651.367,134.0,1651.367,-480.0
990.597,-209715.0,990.597,-15728.0,990.597,195.0,990.597,27.0,1649.236,2.027032,1651.863,161.0,1651.863,-523.0
990.901,-214957.0,990.901,-5242.0,990.901,246.0,990.901,-88.0,1649.734,2.025182,1652.392,174.0,1652.392,-516.0
991.198,-193986.0,991.198,-15728.0,991.198,202.0,991.198,99.0,1650.222,2.024534,1653.378,311.0,1653.378,-849.0
991.507,-204472.0,991.507,0.0,991.507,78.0,991.507,-109.0,1650.812,2.022287,1653.865,399.0,1653.865,-1103.0
991.82,-209715.0,991.82,0.0,991.82,-11.0,991.82,-56.0,1651.217,2.021223,1654.353,484.0,1654.353,-1334.0
992.098,-204472.0,992.098,31457.0,992.098,-78.0,992.098,109.0,1651.728,2.020102,1654.881,765.0,1654.881,735.0
992.409,-199229.0,992.409,41943.0,992.409,14.0,992.409,110.0,1652.232,2.017577,1655.351,780.0,1655.351,750.0
992.701,-178257.0,992.701,52428.0,992.701,217.0,992.701,45.0,1652.712,2.015282,1655.873,765.0,1655.873,735.0
993.041,-183500.0,993.041,73400.0,993.041,143.0,993.041,-90.0,1653.218,2.013588,1656.397,765.0,1656.397,735.0
993.325,-167772.0,993.325,73400.0,993.325,-87.0,993.325,62.0,1653.709,2.009509,1656.866,765.0,1656.866,735.0
993.588,-110100.0,993.588,73400.0,993.588,-27.0,993.588,335.0,1654.212,1.999487,1657.336,765.0,1657.336,735.0
993.879,-136314.0,993.879,94371.0,993.879,64.0,993.879,203.0,1654.705,1.976693,1657.861,765.0,1657.861,735.0
994.184,-173014.0,994.184,94371.0,994.184,79.0,994.184,283.0,1655.204,1.950126,1658.366,765.0,1658.366,735.0
994.51,-178257.0,994.51,104857.0,994.51,-46.0,994.51,200.0,1655.711,1.932862,1658.829,765.0,1658.829,735.0
994.832,-136314.0,994.832,120586.0,994.832,-21.0,994.832,44.0,1656.205,1.924683,1659.366,765.0,1659.366,735.0
995.076,-178257.0,995.076,146800.0,995.076,-91.0,995.076,-211.0,1656.718,1.918066,1659.875,765.0,1659.875,735.0
995.384,-141557.0,995.384,141557.0,995.384,8.0,995.384,-49.0,1657.213,1.915622,1660.326,765.0,1660.326,735.0
995.68,-141557.0,995.68,136314.0,995.68,-14.0,995.68,-25.0,1657.708,1.917792,1660.839,765.0,1660.839,735.0
995.995,-125829.0,995.995,152043.0,995.995,-19.0,995.995,0.0,1658.187,1.925478,1661.366,780.0,1661.366,750.0
996.284,-104857.0,996.284,157286.0,996.284,142.0,996.284,182.0,1658.709,1.935878,1661.826,765.0,1661.826,735.0
996.59,-83886.0,996.59,146800.0,996.59,33.0,996.59,43.0,1659.21,1.947215,1662.346,780.0,1662.346,750.0
996.865,-104857.0,996.865,167772.0,996.865,-150.0,996.865,149.0,1659.687,1.960057,1662.843,765.0,1662.843,735.0
997.167,-73400.0,997.167,188743.0,997.167,51.0,997.167,126.0,1660.183,1.975355,1663.351,765.0,1663.351,735.0
997.477,-62914.0,997.477,199229.0,997.477,28.0,997.477,36.0,1660.685,1.992161,1663.849,765.0,1663.849,735.0
997.808,-78643.0,997.808,183500.0,997.808,4.0,997.808,-110.0,1661.177,2.009785,1664.326,765.0,1664.326,735.0
998.069,-83886.0,998.069,199229.0,998.069,-85.0,998.069,-62.0,1661.679,2.027078,1664.81,765.0,1664.81,735.0
998.367,-36700.0,998.367,183500.0,998.367,-94.0,998.367,-40.0,1662.186,2.047638,1665.343,765.0,1665.343,735.0
998.693,-78643.0,998.693,199229.0,998.693,-67.0,998.693,-169.0,1662.671,2.071116,1665.809,765.0,1665.809,735.0
998.976,-57671.0,998.976,193986.0,998.976,-24.0,998.976,-124.0,1663.191,2.092396,1666.305,765.0,1666.305,735.0
999.295,-52428.0,999.295,214957.0,999.295,71.0,999.295,-91.0,1663.718,2.115135,1666.862,765.0,1666.862,735.0
999.564,-47185.0,999.564,188743.0,999.564,101.0,999.564,-87.0,1664.216,2.140153,1667.333,765.0,1667.333,735.0
999.879,-83886.0,999.879,209715.0,999.879,52.0,999.879,-47.0,1664.663,2.164974,1667.816,765.0,1667.816,735.0
1000.169,-78643.0,1000.169,209715.0,1000.169,105.0,1000.169,-235.0,1665.216,2.194641,1668.332,765.0,1668.332,735.0
1000.475,-78643.0,1000.475,204472.0,1000.475,9.0,1000.475,-43.0,1665.681,2.22436,1668.82,765.0,1668.82,735.0
1000.815,-52428.0,1000.815,199229.0,1000.815,-183.0,1000.815,-81.0,1666.179,2.256506,1669.296,780.0,1669.296,750.0
1001.064,-47185.0,1001.064,188743.0,1001.064,55.0,1001.064,36.0,1666.661,2.289148,1669.817,780.0,1669.817,750.0
1001.363,-62914.0,1001.363,183500.0,1001.363,205.0,1001.363,-112.0,1667.16,2.32219,1670.339,750.0,1670.339,750.0
1001.659,-62914.0,1001.659,204472.0,1001.659,-109.0,1001.659,-220.0,1667.657,2.353386,1670.792,765.0,1670.792,735.0
1001.964,-41943.0,1001.964,209715.0,1001.964,-177.0,1001.964,-291.0,1668.155,2.38707,1671.303,765.0,1671.303,735.0
1002.283,-57671.0,1002.283,193986.0,1002.283,-219.0,1002.283,-275.0,1668.67,2.421353,1671.809,765.0,1671.809,735.0
1002.559,-62914.0,1002.559,209715.0,1002.559,-29.0,1002.559,-71.0,1669.169,2.454955,1672.282,765.0,1672.282,735.0
1002.869,-52428.0,1002.869,209715.0,1002.869,26.0,1002.869,69.0,1669.649,2.492918,1672.8,765.0,1672.8,735.0
1003.151,-68157.0,1003.151,199229.0,1003.151,11.0,1003.151,-5.0,1670.164,2.531045,1673.307,765.0,1673.307,735.0
1003.468,-47185.0,1003.468,214957.0,1003.468,-44.0,1003.468,-44.0,1670.663,2.569756,1673.813,765.0,1673.813,735.0
1003.776,-52428.0,1003.776,220200.0,1003.776,-4.0,1003.776,-113.0,1671.146,2.607537,1674.303,765.0,1674.303,735.0
1004.047,-31457.0,1004.047,209715.0,1004.047,60.0,1004.047,-187.0,1671.661,2.647016,1674.794,765.0,1674.794,735.0
1004.33,-36700.0,1004.33,178257.0,1004.33,-10.0,1004.33,-159.0,1672.152,2.688699,1675.276,780.0,1675.276,720.0
1004.654,-31457.0,1004.654,199229.0,1004.654,14.0,1004.654,-343.0,1672.638,2.730423,1675.795,765.0,1675.795,735.0
1004.989,-20971.0,1004.989,178257.0,1004.989,32.0,1004.989,7.0,1673.155,2.773238,1676.293,750.0,1676.293,750.0
1005.263,-26214.0,1005.263,204472.0,1005.263,-112.0,1005.263,-144.0,1673.634,2.817698,1676.77,765.0,1676.77,735.0
1005.541,-26214.0,1005.541,209715.0,1005.541,115.0,1005.541,58.0,1674.186,2.863403,1677.306,765.0,1677.306,735.0
1005.846,-31457.0,1005.846,209715.0,1005.846,-185.0,1005.846,-202.0,1674.625,2.911593,1677.788,780.0,1677.788,720.0
1006.139,-20971.0,1006.139,209715.0,1006.139,-29.0,1006.139,-67.0,1675.136,2.959609,1678.257,765.0,1678.257,735.0
1006.41,0.0,1006.41,220200.0,1006.41,-21.0,1006.41,59.0,1675.628,3.009249,1678.783,765.0,1678.783,735.0
1006.767,-10485.0,1006.767,188743.0,1006.767,188.0,1006.767,99.0,1676.121,3.058707,1679.289,765.0,1679.289,735.0
1007.064,10485.0,1007.064,214957.0,1007.064,84.0,1007.064,-5.0,1676.624,3.10748,1679.764,765.0,1679.764,735.0
1007.335,5242.0,1007.335,188743.0,1007.335,200.0,1007.335,-13.0,1677.122,-3.125803,1680.28,765.0,1680.28,735.0
1007.636,20971.0,1007.636,209715.0,1007.636,-135.0,1007.636,221.0,1677.634,-3.075518,1680.8,750.0,1680.8,750.0
1007.943,5242.0,1007.943,220200.0,1007.943,186.0,1007.943,190.0,1678.137,-3.023699,1681.248,765.0,1681.248,735.0
1008.264,26214.0,1008.264,235929.0,1008.264,-212.0,1008.264,126.0,1678.615,-2.971392,1681.764,765.0,1681.764,735.0
1008.531,15728.0,1008.531,204472.0,1008.531,-20.0,1008.531,42.0,1679.11,-2.91834,1682.278,750.0,1682.278,750.0
1008.835,20971.0,1008.835,235929.0,1008.835,84.0,1008.835,58.0,1679.626,-2.866504,1682.749,765.0,1682.749,735.0
1009.183,10485.0,1009.183,225443.0,1009.183,5.0,1009.183,274.0,1680.119,-2.816973,1683.258,765.0,1683.258,735.0
1009.438,-5242.0,1009.438,220200.0,1009.438,224.0,1009.438,157.0,1680.618,-2.770419,1683.766,765.0,1683.766,735.0
1009.76,5242.0,1009.76,235929.0,1009.76,226.0,1009.76,167.0,1681.124,-2.721857,1684.283,765.0,1684.283,735.0
1010.033,5242.0,1010.033,204472.0,1010.033,3.0,1010.033,147.0,1681.608,-2.67739,1684.761,765.0,1684.761,735.0
1010.339,-15728.0,1010.339,209715.0,1010.339,96.0,1010.339,58.0,1682.112,-2.634216,1685.248,780.0,1685.248,720.0
1010.629,-20971.0,1010.629,230686.0,1010.629,119.0,1010.629,259.0,1682.616,-2.58956,1685.755,765.0,1685.755,735.0
1010.894,-15728.0,1010.894,214957.0,1010.894,157.0,1010.894,212.0,1683.101,-2.547225,1686.266,765.0,1686.266,735.0
1011.273,-20971.0,1011.273,209715.0,1011.273,76.0,1011.273,166.0,1683.617,-2.508615,1686.744,765.0,1686.744,735.0
1011.526,-31457.0,1011.526,204472.0,1011.526,131.0,1011.526,287.0,1684.112,-2.473433,1687.261,765.0,1687.261,735.0
1011.812,-10485.0,1011.812,199229.0,1011.812,158.0,1011.812,317.0,1684.638,-2.43849,1687.78,765.0,1687.78,735.0
1012.117,-20971.0,1012.117,209715.0,1012.117,32.0,1012.117,251.0,1685.116,-2.401537,1688.249,765.0,1688.249,735.0
1012.426,-20971.0,1012.426,225443.0,1012.426,56.0,1012.426,140.0,1685.586,-2.371456,1688.729,765.0,1688.729,735.0
1012.752,-20971.0,1012.752,204472.0,1012.752,37.0,1012.752,129.0,1686.136,-2.343869,1689.25,750.0,1689.25,750.0
1012.986,-10485.0,1012.986,220200.0,1012.986,-64.0,1012.986,238.0,1686.604,-2.32032,1689.761,765.0,1689.761,735.0
1013.337,0.0,1013.337,204472.0,1013.337,152.0,1013.337,215.0,1687.105,-2.298304,1690.248,765.0,1690.248,735.0
1013.615,-5242.0,1013.615,178257.0,1013.615,39.0,1013.615,133.0,1687.595,-2.278532,1690.763,765.0,1690.763,735.0
1013.883,5242.0,1013.883,214957.0,1013.883,-2.0,1013.883,77.0,1688.129,-2.263237,1691.267,765.0,1691.267,735.0
1014.25,-5242.0,1014.25,188743.0,1014.25,140.0,1014.25,52.0,1688.596,-2.249377,1691.711,750.0,1691.711,750.0
1014.508,31457.0,1014.508,188743.0,1014.508,206.0,1014.508,162.0,1689.083,-2.231091,1692.218,765.0,1692.218,735.0
1014.809,20971.0,1014.809,204472.0,1014.809,230.0,1014.809,-15.0,1689.595,-2.213879,1692.733,765.0,1692.733,735.0
1015.116,20971.0,1015.116,204472.0,1015.116,47.0,1015.116,-10.0,1690.095,-2.199733,1693.204,765.0,1693.204,735.0
1015.44,41943.0,1015.44,214957.0,1015.44,237.0,1015.44,134.0,1690.572,-2.188113,1693.714,780.0,1693.714,750.0
1015.76,68157.0,1015.76,246415.0,1015.76,127.0,1015.76,-79.0,1691.109,-2.176159,1694.233,765.0,1694.233,735.0
1016.002,52428.0,1016.002,214957.0,1016.002,85.0,1016.002,-89.0,1691.603,-2.161175,1694.749,780.0,1694.749,750.0
1016.308,62914.0,1016.308,193986.0,1016.308,163.0,1016.308,-67.0,1692.118,-2.14957,1695.224,765.0,1695.224,735.0
1016.61,57671.0,1016.61,188743.0,1016.61,40.0,1016.61,-18.0,1692.563,-2.141621,1695.712,765.0,1695.712,735.0
1016.906,52428.0,1016.906,188743.0,1016.906,-40.0,1016.906,-52.0,1693.097,-2.132187,1696.196,765.0,1696.196,735.0
1017.2,52428.0,1017.2,214957.0,1017.2,108.0,1017.2,-176.0,1693.561,-2.122665,1696.718,765.0,1696.718,735.0
1017.514,62914.0,1017.514,204472.0,1017.514,147.0,1017.514,32.0,1694.089,-2.116445,1697.203,780.0,1697.203,750.0
1017.796,52428.0,1017.796,214957.0,1017.796,-258.0,1017.796,-16.0,1694.552,-2.114801,1697.696,750.0,1697.696,750.0
1018.103,26214.0,1018.103,188743.0,1018.103,-299.0,1018.103,-46.0,1695.11,-2.114107,1698.24,750.0,1698.24,750.0
1018.411,26214.0,1018.411,220200.0,1018.411,-83.0,1018.411,50.0,1695.574,-2.111672,1698.714,765.0,1698.714,735.0
1018.73,31457.0,1018.73,230686.0,1018.73,-275.0,1018.73,-48.0,1696.069,-2.109462,1699.184,765.0,1699.184,735.0
1018.963,26214.0,1018.963,225443.0,1018.963,-150.0,1018.963,-161.0,1696.548,-2.108635,1699.717,765.0,1699.717,735.0
1019.299,0.0,1019.299,225443.0,1019.299,-212.0,1019.299,-248.0,1697.088,-2.110156,1700.222,765.0,1700.222,735.0
1019.607,-10485.0,1019.607,188743.0,1019.607,-2.0,1019.607,18.0,1697.574,-2.112528,1700.683,780.0,1700.683,750.0
1019.862,-5242.0,1019.862,209715.0,1019.862,47.0,1019.862,52.0,1698.086,-2.119112,1701.212,765.0,1701.212,735.0
1020.189,0.0,1020.189,214957.0,1020.189,-29.0,1020.189,-113.0,1698.565,-2.126488,1701.717,765.0,1701.717,735.0
1020.486,-10485.0,1020.486,209715.0,1020.486,21.0,1020.486,-77.0,1699.063,-2.135619,1702.176,765.0,1702.176,735.0
1020.789,-10485.0,1020.789,188743.0,1020.789,-40.0,1020.789,269.0,1699.539,-2.14548,1702.687,765.0,1702.687,735.0
1021.084,-26214.0,1021.084,199229.0,1021.084,-54.0,1021.084,33.0,1700.067,-2.158234,1703.2,765.0,1703.2,735.0
1021.393,-20971.0,1021.393,209715.0,1021.393,9.0,1021.393,39.0,1700.535,-2.17217,1703.672,765.0,1703.672,735.0
1021.742,-57671.0,1021.742,193986.0,1021.742,-173.0,1021.742,-47.0,1701.083,-2.187929,1704.191,765.0,1704.191,735.0
1021.953,-57671.0,1021.953,204472.0,1021.953,-67.0,1021.953,134.0,1701.532,-2.200516,1704.69,765.0,1704.69,735.0
1022.28,-36700.0,1022.28,162529.0,1022.28,70.0,1022.28,202.0,1702.076,-2.215942,1705.216,765.0,1705.216,735.0
1022.577,-20971.0,1022.577,204472.0,1022.577,93.0,1022.577,143.0,1702.529,-2.232468,1705.697,765.0,1705.697,735.0
1022.888,20971.0,1022.888,199229.0,1022.888,2.0,1022.888,-94.0,1703.039,-2.245902,1706.172,765.0,1706.172,735.0
1023.209,31457.0,1023.209,204472.0,1023.209,37.0,1023.209,105.0,1703.534,-2.259716,1706.685,765.0,1706.685,735.0
1023.469,41943.0,1023.469,193986.0,1023.469,32.0,1023.469,-5.0,1704.072,-2.27383,1707.177,765.0,1707.177,735.0
1023.792,52428.0,1023.792,199229.0,1023.792,154.0,1023.792,-24.0,1704.515,-2.28905,1707.654,765.0,1707.654,735.0
1024.048,52428.0,1024.048,199229.0,1024.048,167.0,1024.048,-56.0,1705.037,-2.306309,1708.148,765.0,1708.148,735.0
1024.383,78643.0,1024.383,209715.0,1024.383,249.0,1024.383,42.0,1705.558,-2.320873,1708.703,765.0,1708.703,735.0
1024.699,52428.0,1024.699,178257.0,1024.699,23.0,1024.699,34.0,1706.054,-2.336327,1709.18,750.0,1709.18,750.0
1024.97,78643.0,1024.97,199229.0,1024.97,21.0,1024.97,105.0,1706.512,-2.352741,1709.649,750.0,1709.649,750.0
1025.274,73400.0,1025.274,199229.0,1025.274,164.0,1025.274,110.0,1707.021,-2.369627,1710.169,780.0,1710.169,750.0
1025.576,83886.0,1025.576,188743.0,1025.576,30.0,1025.576,239.0,1707.525,-2.384924,1710.669,765.0,1710.669,735.0
1025.893,89128.0,1025.893,183500.0,1025.893,117.0,1025.893,1.0,1708.037,-2.400454,1711.147,765.0,1711.147,735.0
1026.184,83886.0,1026.184,188743.0,1026.184,133.0,1026.184,122.0,1708.514,-2.414781,1711.647,765.0,1711.647,735.0
1026.472,136314.0,1026.472,199229.0,1026.472,57.0,1026.472,223.0,1709.055,-2.431969,1712.188,765.0,1712.188,735.0
1026.759,78643.0,1026.759,209715.0,1026.759,-215.0,1026.759,116.0,1709.519,-2.447212,1712.639,765.0,1712.639,735.0
1027.065,89128.0,1027.065,167772.0,1027.065,28.0,1027.065,118.0,1710.052,-2.462375,1713.192,765.0,1713.192,735.0
1027.334,73400.0,1027.334,193986.0,1027.334,-241.0,1027.334,237.0,1710.532,-2.480028,1713.657,765.0,1713.657,735.0
1027.666,62914.0,1027.666,199229.0,1027.666,-15.0,1027.666,24.0,1711.015,-2.496305,1714.127,765.0,1714.127,735.0
1027.992,89128.0,1027.992,204472.0,1027.992,-87.0,1027.992,187.0,1711.504,-2.51528,1714.637,4760.0,1714.637,-246.0
1028.255,62914.0,1028.255,241172.0,1028.255,-219.0,1028.255,111.0,1712.021,-2.537373,1715.155,4924.0,1715.155,800.0
1028.592,52428.0,1028.592,225443.0,1028.592,-71.0,1028.592,-111.0,1712.509,-2.559629,1715.686,5610.0,1715.686,796.0
1028.828,20971.0,1028.828,214957.0,1028.828,194.0,1028.828,-13.0,1713.029,-2.583389,1716.155,6080.0,1716.155,1055.0
1029.185,36700.0,1029.185,241172.0,1029.185,144.0,1029.185,-48.0,1713.481,-2.607586,1716.667,5984.0,1716.667,1874.0
1029.453,15728.0,1029.453,230686.0,1029.453,52.0,1029.453,-14.0,1714.014,-2.633886,1717.116,6171.0,1717.116,2185.0
1029.776,15728.0,1029.776,251658.0,1029.776,197.0,1029.776,80.0,1714.484,-2.660871,1717.644,7067.0,1717.644,2126.0
1030.088,20971.0,1030.088,214957.0,1030.088,-95.0,1030.088,-96.0,1715.012,-2.700202,1718.139,7447.0,1718.139,2407.0
1030.368,0.0,1030.368,204472.0,1030.368,-103.0,1030.368,133.0,1715.479,-2.840214,1718.646,7685.0,1718.646,2885.0
1030.981,20971.0,1030.981,209715.0,1030.981,-120.0,1030.981,119.0,1716.02,-3.073553,1719.165,9600.0,1719.165,8403.0
1031.545,31457.0,1031.545,209715.0,1031.545,92.0,1031.545,267.0,1716.476,2.934397,1719.655,9600.0,1719.655,7810.0
1031.868,10485.0,1031.868,235929.0,1031.868,-96.0,1031.868,320.0,1717.018,2.6438,1720.11,9600.0,1720.11,7651.0
1032.2,20971.0,1032.2,193986.0,1032.2,210.0,1032.2,276.0,1717.479,2.356691,1720.641,9600.0,1720.641,7555.0
1032.447,10485.0,1032.447,146800.0,1032.447,31.0,1032.447,266.0,1718.0,2.074882,1721.132,9600.0,1721.132,7474.0
1033.043,52428.0,1033.043,220200.0,1033.043,-75.0,1033.043,79.0,1718.477,1.802696,1721.602,9600.0,1721.602,7417.0
1033.344,57671.0,1033.344,209715.0,1033.344,41.0,1033.344,171.0,1718.967,1.50847,1722.125,9600.0,1722.125,7395.0
1033.634,68157.0,1033.634,204472.0,1033.634,-11.0,1033.634,8.0,1719.493,1.283599,1722.639,9600.0,1722.639,7389.0
1033.966,83886.0,1033.966,209715.0,1033.966,-11.0,1033.966,234.0,1719.984,1.206177,1723.094,9600.0,1723.094,7398.0
1034.275,99614.0,1034.275,193986.0,1034.275,-84.0,1034.275,27.0,1720.468,1.164027,1723.612,9600.0,1723.612,7414.0
1034.532,83886.0,1034.532,204472.0,1034.532,-89.0,1034.532,71.0,1720.96,1.113842,1724.123,9600.0,1724.123,7450.0
1034.849,83886.0,1034.849,220200.0,1034.849,-103.0,1034.849,133.0,1721.457,1.056881,1724.594,9600.0,1724.594,7515.0
1035.163,89128.0,1035.163,209715.0,1035.163,-231.0,1035.163,-9.0,1721.95,1.013546,1725.095,9600.0,1725.095,7603.0
1035.403,110100.0,1035.403,209715.0,1035.403,-48.0,1035.403,101.0,1722.462,0.975394,1725.613,9600.0,1725.613,7702.0
1035.737,83886.0,1035.737,235929.0,1035.737,-208.0,1035.737,20.0,1722.948,0.938426,1726.124,9600.0,1726.124,7791.0
1036.004,78643.0,1036.004,209715.0,1036.004,-77.0,1036.004,108.0,1723.492,0.914492,1726.617,9600.0,1726.617,7876.0
1036.358,52428.0,1036.358,188743.0,1036.358,-20.0,1036.358,359.0,1723.955,0.880813,1727.124,9600.0,1727.124,7954.0
1036.649,99614.0,1036.649,220200.0,1036.649,-187.0,1036.649,291.0,1724.446,0.840612,1727.584,9600.0,1727.584,8016.0
1036.926,47185.0,1036.926,214957.0,1036.926,-208.0,1036.926,69.0,1724.944,0.801016,1728.114,9600.0,1728.114,8046.0
1037.225,73400.0,1037.225,220200.0,1037.225,88.0,1037.225,-11.0,1725.437,0.763507,1728.571,9600.0,1728.571,8073.0
1037.522,57671.0,1037.522,204472.0,1037.522,-281.0,1037.522,35.0,1725.957,0.737571,1729.08,9600.0,1729.08,8077.0
1037.834,47185.0,1037.834,235929.0,1037.834,-60.0,1037.834,-39.0,1726.451,0.716888,1729.617,9600.0,1729.617,8063.0
1038.123,5242.0,1038.123,220200.0,1038.123,-180.0,1038.123,135.0,1726.937,0.701218,1730.094,9600.0,1730.094,8056.0
1038.416,-10485.0,1038.416,230686.0,1038.416,-211.0,1038.416,-110.0,1727.435,0.687426,1730.572,9600.0,1730.572,8028.0
1038.716,-73400.0,1038.716,193986.0,1038.716,-307.0,1038.716,-62.0,1727.935,0.687589,1731.1,9600.0,1731.1,8009.0
1039.018,-57671.0,1039.018,167772.0,1039.018,-192.0,1039.018,-3.0,1728.432,0.690193,1731.59,9600.0,1731.59,7984.0
1039.328,-62914.0,1039.328,131071.0,1039.328,-152.0,1039.328,-13.0,1728.928,0.70024,1732.068,9600.0,1732.068,7912.0
1039.661,-57671.0,1039.661,115343.0,1039.661,-149.0,1039.661,-7.0,1729.427,0.712799,1732.596,9600.0,1732.596,7841.0
1039.918,-73400.0,1039.918,115343.0,1039.918,-161.0,1039.918,-31.0,1729.947,0.72309,1733.111,9600.0,1733.111,7755.0
1040.214,-83886.0,1040.214,110100.0,1040.214,-104.0,1040.214,6.0,1730.424,0.745223,1733.559,9600.0,1733.559,7664.0
1040.534,-62914.0,1040.534,89128.0,1040.534,-66.0,1040.534,30.0,1730.925,0.771133,1734.063,9600.0,1734.063,7600.0
1040.823,-57671.0,1040.823,73400.0,1040.823,-76.0,1040.823,41.0,1731.423,0.799851,1734.579,9600.0,1734.579,7547.0
1041.153,-73400.0,1041.153,36700.0,1041.153,-116.0,1041.153,15.0,1731.936,0.842178,1735.05,9600.0,1735.05,7512.0
1041.408,-36700.0,1041.408,41943.0,1041.408,-93.0,1041.408,-4.0,1732.416,0.894269,1735.553,9600.0,1735.553,7482.0
1041.717,-26214.0,1041.717,47185.0,1041.717,-2.0,1041.717,53.0,1732.924,0.947519,1736.077,9600.0,1736.077,7474.0
1042.011,-15728.0,1042.011,31457.0,1042.011,17.0,1042.011,-16.0,1733.431,1.001068,1736.583,765.0,1736.583,735.0
1042.278,5242.0,1042.278,41943.0,1042.278,17.0,1042.278,-46.0,1733.917,1.048463,1737.079,765.0,1737.079,735.0
1042.662,20971.0,1042.662,36700.0,1042.662,27.0,1042.662,-24.0,1734.403,1.095695,1737.589,765.0,1737.589,735.0
1042.906,73400.0,1042.906,52428.0,1042.906,46.0,1042.906,-54.0,1734.919,1.135668,1738.044,765.0,1738.044,735.0
1043.299,83886.0,1043.299,68157.0,1043.299,-19.0,1043.299,15.0,1735.444,1.174379,1738.564,-1095.0,1738.564,2625.0
1043.499,52428.0,1043.499,78643.0,1043.499,-20.0,1043.499,49.0,1735.915,1.204312,1739.042,-4485.0,1739.042,5985.0
1044.128,62914.0,1044.128,52428.0,1044.128,-55.0,1044.128,96.0,1736.423,1.224337,1739.538,-4260.0,1739.538,5790.0
1044.405,83886.0,1044.405,57671.0,1044.405,13.0,1044.405,59.0,1736.909,1.241495,1740.089,-3600.0,1740.089,5100.0
1044.72,94371.0,1044.72,41943.0,1044.72,-40.0,1044.72,94.0,1737.408,1.244513,1740.555,735.0,1740.555,765.0
1045.004,57671.0,1045.004,36700.0,1045.004,1.0,1045.004,81.0,1737.902,1.270529,1741.027,765.0,1741.027,765.0
1045.307,68157.0,1045.307,36700.0,1045.307,6.0,1045.307,82.0,1738.394,1.336878,1741.561,765.0,1741.561,765.0
1045.9,57671.0,1045.9,47185.0,1045.9,10.0,1045.9,84.0,1738.889,1.389546,1742.059,-705.0,1742.059,2205.0
1046.192,47185.0,1046.192,26214.0,1046.192,14.0,1046.192,54.0,1739.391,1.213609,1742.526,-915.0,1742.526,2445.0
1046.501,41943.0,1046.501,47185.0,1046.501,31.0,1046.501,61.0,1739.891,0.89735,1743.044,-690.0,1743.044,2190.0
1046.818,31457.0,1046.818,41943.0,1046.818,-7.0,1046.818,50.0,1740.398,0.546918,1743.566,750.0,1743.566,750.0
1047.105,36700.0,1047.105,36700.0,1047.105,20.0,1047.105,89.0,1740.88,0.262106,1744.054,750.0,1744.054,750.0
1047.391,20971.0,1047.391,31457.0,1047.391,43.0,1047.391,17.0,1741.39,0.041367,1744.53,1575.0,1744.53,1575.0
1047.692,20971.0,1047.692,47185.0,1047.692,0.0,1047.692,60.0,1741.893,-0.130792,1745.04,3180.0,1745.04,3180.0
1047.985,47185.0,1047.985,36700.0,1047.985,68.0,1047.985,2.0,1742.38,-0.270928,1745.6,3930.0,1745.6,3930.0
1048.296,26214.0,1048.296,31457.0,1048.296,16.0,1048.296,103.0,1742.922,-0.421846,1746.034,3900.0,1746.034,3900.0
1048.611,10485.0,1048.611,36700.0,1048.611,58.0,1048.611,9.0,1743.395,-0.571475,1746.566,495.0,1746.566,7305.0
1048.913,31457.0,1048.913,15728.0,1048.913,53.0,1048.913,26.0,1743.874,-0.684,1747.05,1410.0,1747.05,6360.0
1049.186,41943.0,1049.186,52428.0,1049.186,61.0,1049.186,40.0,1744.372,-0.77202,1747.532,4050.0,1747.532,3690.0
1049.479,31457.0,1049.479,36700.0,1049.479,37.0,1049.479,19.0,1744.868,-0.840539,1748.023,6990.0,1748.023,750.0
1049.796,31457.0,1049.796,52428.0,1049.796,54.0,1049.796,54.0,1745.386,-0.899262,1748.505,3900.0,1748.505,3840.0
1050.106,41943.0,1050.106,41943.0,1050.106,45.0,1050.106,31.0,1745.867,-0.92525,1749.035,3885.0,1749.035,3855.0
1050.372,36700.0,1050.372,36700.0,1050.372,51.0,1050.372,33.0,1746.374,-0.917606,1749.504,2250.0,1749.504,2250.0
1050.676,15728.0,1050.676,41943.0,1050.676,44.0,1050.676,35.0,1746.858,-0.999952,1749.998,2295.0,1749.998,2295.0
1051.025,31457.0,1051.025,41943.0,1051.025,62.0,1051.025,38.0,1747.409,-1.236127,1750.546,2310.0,1750.546,2280.0
1051.276,26214.0,1051.276,20971.0,1051.276,62.0,1051.276,37.0,1747.871,-1.377758,1751.017,2310.0,1751.017,2280.0
1051.61,47185.0,1051.61,31457.0,1051.61,61.0,1051.61,23.0,1748.357,-1.290948,1751.494,3150.0,1751.494,3180.0
1051.871,26214.0,1051.871,52428.0,1051.871,50.0,1051.871,43.0,1748.861,-1.165758,1752.025,3945.0,1752.025,3945.0
1052.171,41943.0,1052.171,26214.0,1052.171,35.0,1052.171,21.0,1749.382,-1.092954,1752.511,3945.0,1752.511,3915.0
1052.464,26214.0,1052.464,26214.0,1052.464,31.0,1052.464,70.0,1749.852,-1.048527,1752.993,3915.0,1752.993,3885.0
1052.786,31457.0,1052.786,41943.0,1052.786,2.0,1052.786,127.0,1750.361,-1.011003,1753.508,3915.0,1753.508,3885.0
1053.116,26214.0,1053.116,36700.0,1053.116,66.0,1053.116,16.0,1750.872,-0.981272,1754.033,3915.0,1754.033,3885.0
1053.36,15728.0,1053.36,26214.0,1053.36,44.0,1053.36,33.0,1751.364,-0.960412,1754.482,3915.0,1754.482,3885.0
1053.664,36700.0,1053.664,26214.0,1053.664,65.0,1053.664,16.0,1751.845,-0.939253,1754.997,3915.0,1754.997,3885.0
1053.955,26214.0,1053.955,26214.0,1053.955,43.0,1053.955,46.0,1752.362,-0.905349,1755.522,3915.0,1755.522,3885.0
1054.268,20971.0,1054.268,31457.0,1054.268,50.0,1054.268,34.0,1752.835,-0.858383,1755.972,3930.0,1755.972,3870.0
1054.588,36700.0,1054.588,41943.0,1054.588,48.0,1054.588,56.0,1753.34,-0.799322,1756.477,-1335.0,1756.477,9135.0
1054.867,-15728.0,1054.867,41943.0,1054.867,51.0,1054.867,71.0,1753.832,-0.738218,1757.0,3900.0,1757.0,3900.0
1055.182,-5242.0,1055.182,20971.0,1055.182,107.0,1055.182,-5.0,1754.355,-0.678384,1757.514,3915.0,1757.514,3885.0
1055.453,0.0,1055.453,10485.0,1055.453,68.0,1055.453,61.0,1754.838,-0.613133,1757.99,1170.0,1757.99,6630.0
1055.768,5242.0,1055.768,15728.0,1055.768,67.0,1055.768,7.0,1755.341,-0.541459,1758.514,3900.0,1758.514,3900.0
1056.094,0.0,1056.094,26214.0,1056.094,64.0,1056.094,30.0,1755.857,-0.471277,1758.968,3930.0,1758.968,3870.0
1056.355,0.0,1056.355,31457.0,1056.355,71.0,1056.355,59.0,1756.339,-0.425331,1759.493,3915.0,1759.493,3885.0
1056.653,-20971.0,1056.653,31457.0,1056.653,55.0,1056.653,37.0,1756.841,-0.560769,1759.984,3915.0,1759.984,3885.0
1056.952,-20971.0,1056.952,26214.0,1056.952,47.0,1056.952,21.0,1757.333,-0.677694,1760.461,3915.0,1760.461,3885.0
1057.28,-15728.0,1057.28,15728.0,1057.28,67.0,1057.28,19.0,1757.832,-0.729997,1761.007,3915.0,1761.007,3885.0
1057.572,-10485.0,1057.572,15728.0,1057.572,34.0,1057.572,39.0,1758.319,-0.837312,1761.457,3930.0,1761.457,3870.0
1057.844,-10485.0,1057.844,15728.0,1057.844,34.0,1057.844,46.0,1758.823,-1.010865,1761.952,3930.0,1761.952,3870.0
1058.155,5242.0,1058.155,0.0,1058.155,86.0,1058.155,-25.0,1759.344,-1.121266,1762.484,3915.0,1762.484,3885.0
1058.45,0.0,1058.45,5242.0,1058.45,64.0,1058.45,22.0,1759.816,-1.16907,1762.98,3915.0,1762.98,3885.0
1058.754,-10485.0,1058.754,15728.0,1058.754,63.0,1058.754,2.0,1760.324,-1.200343,1763.448,3915.0,1763.448,3885.0
1059.044,-5242.0,1059.044,20971.0,1059.044,69.0,1059.044,-2.0,1760.815,-1.229479,1763.968,3900.0,1763.968,3900.0
1059.362,-5242.0,1059.362,0.0,1059.362,80.0,1059.362,38.0,1761.35,-1.253277,1764.489,3900.0,1764.489,3900.0
1059.639,10485.0,1059.639,0.0,1059.639,52.0,1059.639,19.0,1761.827,-1.260149,1764.976,3915.0,1764.976,3885.0
1059.935,0.0,1059.935,20971.0,1059.935,96.0,1059.935,9.0,1762.319,-1.251309,1765.455,3915.0,1765.455,3885.0
1060.247,-10485.0,1060.247,20971.0,1060.247,41.0,1060.247,37.0,1762.822,-1.229538,1765.969,3915.0,1765.969,3885.0
1060.575,-10485.0,1060.575,15728.0,1060.575,132.0,1060.575,-30.0,1763.302,-1.203873,1766.438,-9600.0,1766.438,-9099.0
1060.836,0.0,1060.836,10485.0,1060.836,70.0,1060.836,17.0,1763.809,-1.171442,1766.956,-9600.0,1766.956,-8909.0
1061.134,0.0,1061.134,10485.0,1061.134,111.0,1061.134,-9.0,1764.311,-1.123064,1767.457,-9600.0,1767.457,-8885.0
1061.493,15728.0,1061.493,5242.0,1061.493,162.0,1061.493,-83.0,1764.802,-1.062474,1767.961,-9600.0,1767.961,-9206.0
1061.744,5242.0,1061.744,10485.0,1061.744,-30.0,1061.744,66.0,1765.295,-1.004255,1768.461,-9127.0,1768.461,-9600.0
1062.06,15728.0,1062.06,15728.0,1062.06,74.0,1062.06,-14.0,1765.791,-0.94645,1768.942,-8189.0,1768.942,-9600.0
1062.332,5242.0,1062.332,5242.0,1062.332,6.0,1062.332,32.0,1766.3,-0.883446,1769.428,-7611.0,1769.428,-9600.0
1062.635,5242.0,1062.635,10485.0,1062.635,-135.0,1062.635,114.0,1766.792,-0.831401,1769.946,-7391.0,1769.946,-9600.0
1062.927,5242.0,1062.927,36700.0,1062.927,136.0,1062.927,-23.0,1767.3,-0.816066,1770.418,-7912.0,1770.418,-9600.0
1063.25,-10485.0,1063.25,26214.0,1063.25,35.0,1063.25,23.0,1767.803,-0.860544,1770.922,-1213.0,1770.922,-1487.0
1063.589,10485.0,1063.589,20971.0,1063.589,93.0,1063.589,11.0,1768.335,-1.013881,1771.471,5111.0,1771.471,6229.0
1063.828,-5242.0,1063.828,0.0,1063.828,38.0,1063.828,56.0,1768.799,-1.2412,1771.946,7952.0,1771.946,9600.0
1064.129,10485.0,1064.129,10485.0,1064.129,73.0,1064.129,-24.0,1769.281,-1.45126,1772.416,6791.0,1772.416,8225.0
1064.425,10485.0,1064.425,5242.0,1064.425,50.0,1064.425,32.0,1769.779,-1.677378,1772.936,2129.0,1772.936,2595.0
1064.738,5242.0,1064.738,20971.0,1064.738,37.0,1064.738,-5.0,1770.278,-1.984566,1773.434,-2979.0,1773.434,-3629.0
1065.05,5242.0,1065.05,10485.0,1065.05,59.0,1065.05,12.0,1770.775,-2.326667,1773.911,-7181.0,1773.911,-8673.0
1065.329,0.0,1065.329,5242.0,1065.329,66.0,1065.329,10.0,1771.273,-2.611784,1774.431,-7852.0,1774.431,-9460.0
1065.615,-5242.0,1065.615,0.0,1065.615,62.0,1065.615,17.0,1771.773,-2.7726,1774.956,-4948.0,1774.956,-5992.0
1065.896,0.0,1065.896,5242.0,1065.896,31.0,1065.896,22.0,1772.27,-2.743988,1775.406,-234.0,1775.406,-284.0
1066.228,-5242.0,1066.228,0.0,1066.228,51.0,1066.228,29.0,1772.776,-2.561834,1775.915,3851.0,1775.915,4653.0
1066.562,5242.0,1066.562,15728.0,1066.562,100.0,1066.562,25.0,1773.274,-2.346137,1776.423,6185.0,1776.423,7435.0
1066.822,-10485.0,1066.822,10485.0,1066.822,27.0,1066.822,-11.0,1773.782,-2.143712,1776.902,5458.0,1776.902,6564.0
1067.086,-10485.0,1067.086,10485.0,1067.086,77.0,1067.086,12.0,1774.263,-2.070052,1777.401,3698.0,1777.401,4454.0
1067.426,20971.0,1067.426,26214.0,1067.426,12.0,1067.426,-9.0,1774.756,-2.156215,1777.935,-2771.0,1777.935,2330.0
1067.722,-5242.0,1067.722,0.0,1067.722,1.0,1067.722,-4.0,1775.302,-2.337461,1778.427,-2615.0,1778.427,2249.0
1068.308,10485.0,1068.308,15728.0,1068.308,90.0,1068.308,17.0,1775.795,-2.500255,1778.916,4500.0,1778.916,1143.0
1068.609,20971.0,1068.609,5242.0,1068.609,59.0,1068.609,31.0,1776.249,-2.606735,1779.401,4379.0,1779.401,2162.0
1068.881,-5242.0,1068.881,5242.0,1068.881,2.0,1068.881,-12.0,1776.767,-2.60038,1779.885,1503.0,1779.885,5762.0
1069.215,-5242.0,1069.215,15728.0,1069.215,86.0,1069.215,7.0,1777.249,-2.531341,1780.409,1812.0,1780.409,5658.0
1069.504,5242.0,1069.504,5242.0,1069.504,59.0,1069.504,49.0,1777.789,-2.431089,1780.886,2579.0,1780.886,5271.0
1069.834,10485.0,1069.834,5242.0,1069.834,-23.0,1069.834,3.0,1778.265,-2.296095,1781.384,5058.0,1781.384,3556.0
1070.106,10485.0,1070.106,15728.0,1070.106,126.0,1070.106,-6.0,1778.793,-2.086488,1781.92,4238.0,1781.92,4991.0
1070.388,15728.0,1070.388,20971.0,1070.388,-3.0,1070.388,14.0,1779.245,-1.940657,1782.402,4863.0,1782.402,4691.0
1070.678,20971.0,1070.678,15728.0,1070.678,48.0,1070.678,-14.0,1779.76,-1.954391,1782.891,6344.0,1782.891,3714.0
1071.058,-5242.0,1071.058,10485.0,1071.058,30.0,1071.058,29.0,1780.241,-1.848713,1783.399,4581.0,1783.399,5957.0
1071.29,-5242.0,1071.29,0.0,1071.29,-73.0,1071.29,-28.0,1780.77,-1.57068,1783.904,5939.0,1783.904,5167.0
1071.597,26214.0,1071.597,15728.0,1071.597,134.0,1071.597,38.0,1781.255,-1.261016,1784.375,6130.0,1784.375,5434.0
1071.966,-5242.0,1071.966,10485.0,1071.966,-16.0,1071.966,3.0,1781.802,-1.031783,1784.9,6244.0,1784.9,5693.0
1072.168,26214.0,1072.168,-5242.0,1072.168,130.0,1072.168,60.0,1782.247,-0.892373,1785.411,6616.0,1785.411,5451.0
1072.531,0.0,1072.531,5242.0,1072.531,-10.0,1072.531,9.0,1782.758,-0.750647,1785.906,6074.0,1785.906,5808.0
1072.794,5242.0,1072.794,10485.0,1072.794,-10.0,1072.794,-19.0,1783.229,-0.691866,1786.386,6478.0,1786.386,5539.0
1073.093,-5242.0,1073.093,5242.0,1073.093,5.0,1073.093,7.0,1783.749,-0.656012,1786.891,6763.0,1786.891,5152.0
1073.393,-5242.0,1073.393,5242.0,1073.393,29.0,1073.393,1.0,1784.226,-0.624188,1787.362,6773.0,1787.362,5061.0
1073.714,10485.0,1073.714,10485.0,1073.714,12.0,1073.714,30.0,1784.779,-0.591028,1787.88,6386.0,1787.88,5358.0
1074.04,0.0,1074.04,26214.0,1074.04,8.0,1074.04,30.0,1785.24,-0.546574,1788.39,6795.0,1788.39,5141.0
1074.295,-5242.0,1074.295,20971.0,1074.295,24.0,1074.295,-7.0,1785.773,-0.51866,1788.898,6638.0,1788.898,5250.0
1074.582,15728.0,1074.582,26214.0,1074.582,14.0,1074.582,28.0,1786.222,-0.487399,1789.387,6345.0,1789.387,5666.0
1074.888,15728.0,1074.888,10485.0,1074.888,14.0,1074.888,4.0,1786.733,-0.465317,1789.876,6532.0,1789.876,5178.0
1075.195,10485.0,1075.195,10485.0,1075.195,26.0,1075.195,5.0,1787.214,-0.454488,1790.352,6945.0,1790.352,4847.0
1075.514,15728.0,1075.514,15728.0,1075.514,3.0,1075.514,16.0,1787.765,-0.448728,1790.878,6740.0,1790.878,4935.0
1075.782,15728.0,1075.782,20971.0,1075.782,15.0,1075.782,11.0,1788.236,-0.44389,1791.345,6310.0,1791.345,5537.0
1076.109,26214.0,1076.109,10485.0,1076.109,9.0,1076.109,17.0,1788.731,-0.444367,1791.84,6714.0,1791.84,4972.0
1076.383,15728.0,1076.383,10485.0,1076.383,12.0,1076.383,7.0,1789.225,-0.442891,1792.397,6586.0,1792.397,5136.0
1076.651,10485.0,1076.651,15728.0,1076.651,42.0,1076.651,14.0,1789.742,-0.428266,1792.864,6260.0,1792.864,5679.0
1077.278,10485.0,1077.278,15728.0,1077.278,55.0,1077.278,51.0,1790.204,-0.425943,1793.34,6533.0,1793.34,5302.0
1077.576,10485.0,1077.576,10485.0,1077.576,-26.0,1077.576,-7.0,1790.749,-0.440472,1793.869,6661.0,1793.869,5301.0
1077.881,0.0,1077.881,0.0,1077.881,-29.0,1077.881,-50.0,1791.235,-0.458859,1794.361,6309.0,1794.361,5587.0
1078.222,15728.0,1078.222,36700.0,1078.222,25.0,1078.222,26.0,1791.731,-0.478493,1794.837,6217.0,1794.837,5681.0
1078.512,-20971.0,1078.512,36700.0,1078.512,-1.0,1078.512,31.0,1792.202,-0.516456,1795.364,6062.0,1795.364,5798.0
1078.772,10485.0,1078.772,57671.0,1078.772,-5.0,1078.772,13.0,1792.747,-0.552708,1795.868,6363.0,1795.868,5428.0
1079.076,10485.0,1079.076,47185.0,1079.076,-18.0,1079.076,24.0,1793.201,-0.570956,1796.329,6205.0,1796.329,5694.0
1079.37,0.0,1079.37,26214.0,1079.37,21.0,1079.37,25.0,1793.708,-0.600886,1796.839,6280.0,1796.839,5399.0
1079.674,-5242.0,1079.674,26214.0,1079.674,1.0,1079.674,22.0,1794.19,-0.629318,1797.367,6455.0,1797.367,5503.0
1079.966,10485.0,1079.966,26214.0,1079.966,24.0,1079.966,-13.0,1794.728,-0.64027,1797.818,6203.0,1797.818,5524.0
1080.295,0.0,1080.295,26214.0,1080.295,-2.0,1080.295,28.0,1795.197,-0.646973,1798.323,6181.0,1798.323,5675.0
1080.564,15728.0,1080.564,20971.0,1080.564,14.0,1080.564,0.0,1795.71,-0.62957,1798.846,6665.0,1798.846,5091.0
1080.859,15728.0,1080.859,36700.0,1080.859,10.0,1080.859,29.0,1796.201,-0.614918,1799.358,6885.0,1799.358,4817.0
1081.177,10485.0,1081.177,31457.0,1081.177,-8.0,1081.177,19.0,1796.72,-0.593904,1799.847,6538.0,1799.847,5265.0
1081.499,15728.0,1081.499,31457.0,1081.499,-21.0,1081.499,22.0,1797.171,-0.580121,1800.373,6720.0,1800.373,5159.0
1081.761,-5242.0,1081.761,36700.0,1081.761,5.0,1081.761,39.0,1797.707,-0.566956,1800.813,6832.0,1800.813,4916.0
1082.049,0.0,1082.049,36700.0,1082.049,19.0,1082.049,12.0,1798.183,-0.540537,1801.333,6836.0,1801.333,5081.0
1082.416,0.0,1082.416,20971.0,1082.416,19.0,1082.416,-11.0,1798.7,-0.511063,1801.812,6708.0,1801.812,5027.0
1082.706,5242.0,1082.706,20971.0,1082.706,-7.0,1082.706,-8.0,1799.18,-0.49361,1802.307,6487.0,1802.307,5297.0
1082.984,5242.0,1082.984,15728.0,1082.984,-19.0,1082.984,18.0,1799.722,-0.496536,1802.847,6203.0,1802.847,5326.0
1083.256,-5242.0,1083.256,26214.0,1083.256,-25.0,1083.256,5.0,1800.16,-0.502443,1803.326,6298.0,1803.326,5407.0
1083.554,10485.0,1083.554,10485.0,1083.554,2.0,1083.554,69.0,1800.683,-0.522683,1803.812,6516.0,1803.812,5224.0
1083.857,0.0,1083.857,0.0,1083.857,-8.0,1083.857,54.0,1801.207,-0.552492,1804.322,5950.0,1804.322,5835.0
1084.125,-5242.0,1084.125,20971.0,1084.125,14.0,1084.125,35.0,1801.689,-0.579665,1804.818,5676.0,1804.818,6093.0
1084.512,-5242.0,1084.512,41943.0,1084.512,-13.0,1084.512,-18.0,1802.159,-0.611413,1805.292,6313.0,1805.292,5454.0
1084.753,5242.0,1084.753,15728.0,1084.753,-2.0,1084.753,25.0,1802.696,-0.65626,1805.821,6505.0,1805.821,5149.0
1085.053,-5242.0,1085.053,20971.0,1085.053,-76.0,1085.053,-43.0,1803.184,-0.694539,1806.332,6591.0,1806.332,5238.0
1085.348,0.0,1085.348,15728.0,1085.348,4.0,1085.348,36.0,1803.677,-0.719533,1806.784,5905.0,1806.784,6016.0
1085.653,-10485.0,1085.653,15728.0,1085.653,61.0,1085.653,60.0,1804.15,-0.752336,1807.3,6473.0,1807.3,5239.0
1085.99,-5242.0,1085.99,15728.0,1085.99,-16.0,1085.99,-3.0,1804.69,-0.772379,1807.808,6715.0,1807.808,4871.0
1086.242,5242.0,1086.242,5242.0,1086.242,32.0,1086.242,-28.0,1805.147,-0.754184,1808.279,6580.0,1808.279,5015.0
1086.563,0.0,1086.563,15728.0,1086.563,-11.0,1086.563,-11.0,1805.684,-0.739259,1808.779,6293.0,1808.779,5593.0
1086.839,0.0,1086.839,15728.0,1086.839,-15.0,1086.839,-2.0,1806.144,-0.727504,1809.303,6424.0,1809.303,5363.0
1087.113,0.0,1087.113,20971.0,1087.113,4.0,1087.113,-12.0,1806.691,-0.710329,1809.819,5517.0,1809.819,6439.0
1087.474,15728.0,1087.474,31457.0,1087.474,-5.0,1087.474,-13.0,1807.147,-0.67246,1810.304,5522.0,1810.304,6324.0
1087.739,-10485.0,1087.739,31457.0,1087.739,-9.0,1087.739,4.0,1807.697,-0.656926,1810.792,6196.0,1810.792,5461.0
1088.046,-10485.0,1088.046,26214.0,1088.046,-17.0,1088.046,23.0,1808.131,-0.658694,1811.295,6327.0,1811.295,5534.0
1088.337,5242.0,1088.337,20971.0,1088.337,-25.0,1088.337,1.0,1808.685,-0.662105,1811.791,6495.0,1811.791,5292.0
1088.673,5242.0,1088.673,15728.0,1088.673,-3.0,1088.673,-5.0,1809.134,-0.645388,1812.267,6808.0,1812.267,4873.0
1088.953,-15728.0,1088.953,31457.0,1088.953,12.0,1088.953,0.0,1809.65,-0.621386,1812.768,7040.0,1812.768,4761.0
1089.238,10485.0,1089.238,5242.0,1089.238,-1.0,1089.238,7.0,1810.144,-0.56413,1813.313,6675.0,1813.313,5133.0
1089.531,-5242.0,1089.531,20971.0,1089.531,-11.0,1089.531,-13.0,1810.656,-0.49008,1813.792,7011.0,1813.792,4815.0
1089.805,10485.0,1089.805,15728.0,1089.805,4.0,1089.805,-23.0,1811.125,-0.420967,1814.265,6757.0,1814.265,5074.0
1090.144,-5242.0,1090.144,36700.0,1090.144,61.0,1090.144,8.0,1811.667,-0.349565,1814.782,6265.0,1814.782,5577.0
1090.47,5242.0,1090.47,36700.0,1090.47,16.0,1090.47,12.0,1812.121,-0.300504,1815.281,6454.0,1815.281,5283.0
1090.738,10485.0,1090.738,15728.0,1090.738,27.0,1090.738,39.0,1812.651,-0.269441,1815.756,6086.0,1815.756,5669.0
1091.008,5242.0,1091.008,26214.0,1091.008,-78.0,1091.008,-19.0,1813.112,-0.245193,1816.277,7232.0,1816.277,4684.0
1091.637,5242.0,1091.637,15728.0,1091.637,63.0,1091.637,30.0,1813.667,-0.25319,1816.803,6881.0,1816.803,5015.0
1091.95,0.0,1091.95,26214.0,1091.95,-1.0,1091.95,-1.0,1814.136,-0.279424,1817.254,6633.0,1817.254,5013.0
1092.221,-5242.0,1092.221,15728.0,1092.221,93.0,1092.221,41.0,1814.624,-0.302243,1817.754,7202.0,1817.754,4644.0
1092.527,-5242.0,1092.527,31457.0,1092.527,-33.0,1092.527,-40.0,1815.139,-0.312568,1818.269,6945.0,1818.269,4956.0
1092.883,-5242.0,1092.883,36700.0,1092.883,-20.0,1092.883,-37.0,1815.628,-0.313434,1818.74,7273.0,1818.74,4663.0
1093.129,5242.0,1093.129,36700.0,1093.129,0.0,1093.129,-16.0,1816.108,-0.29771,1819.249,7202.0,1819.249,4613.0
1093.46,-15728.0,1093.46,36700.0,1093.46,-22.0,1093.46,-12.0,1816.651,-0.295618,1819.769,6544.0,1819.769,5450.0
1093.716,-10485.0,1093.716,26214.0,1093.716,161.0,1093.716,100.0,1817.121,-0.30485,1820.276,6440.0,1820.276,5474.0
1094.009,5242.0,1094.009,20971.0,1094.009,-53.0,1094.009,-2.0,1817.644,-0.338535,1820.768,6700.0,1820.768,5084.0
1094.31,10485.0,1094.31,15728.0,1094.31,-14.0,1094.31,0.0,1818.102,-0.397081,1821.248,6714.0,1821.248,5156.0
1094.625,20971.0,1094.625,15728.0,1094.625,-17.0,1094.625,-22.0,1818.626,-0.465917,1821.729,6550.0,1821.729,4992.0
1094.997,20971.0,1094.997,31457.0,1094.997,-7.0,1094.997,14.0,1819.096,-0.553672,1822.255,6981.0,1822.255,4751.0
1095.184,-15728.0,1095.184,15728.0,1095.184,-10.0,1095.184,-15.0,1819.623,-0.648759,1822.735,5850.0,1822.735,6088.0
1095.486,10485.0,1095.486,26214.0,1095.486,4.0,1095.486,4.0,1820.092,-0.720818,1823.25,5872.0,1823.25,5953.0
1096.118,5242.0,1096.118,26214.0,1096.118,-22.0,1096.118,-16.0,1820.641,-0.759165,1823.777,6368.0,1823.777,5350.0
1096.435,-5242.0,1096.435,31457.0,1096.435,-35.0,1096.435,17.0,1821.089,-0.795436,1824.25,5930.0,1824.25,5849.0
1096.71,-5242.0,1096.71,26214.0,1096.71,233.0,1096.71,146.0,1821.602,-0.815589,1824.722,6266.0,1824.722,5480.0
1097.03,0.0,1097.03,31457.0,1097.03,-48.0,1097.03,-56.0,1822.084,-0.833638,1825.244,6639.0,1825.244,5189.0
1097.311,-20971.0,1097.311,31457.0,1097.311,65.0,1097.311,34.0,1822.612,-0.85185,1825.745,6717.0,1825.745,4968.0
1097.61,-10485.0,1097.61,41943.0,1097.61,-38.0,1097.61,-166.0,1823.092,-0.835493,1826.237,6624.0,1826.237,5216.0
1097.973,-26214.0,1097.973,47185.0,1097.973,500.0,1097.973,58.0,1823.62,-0.799228,1826.721,6518.0,1826.721,5329.0
1098.197,-15728.0,1098.197,52428.0,1098.197,-302.0,1098.197,-78.0,1824.088,-0.758385,1827.258,6634.0,1827.258,5318.0
1098.503,-26214.0,1098.503,36700.0,1098.503,35.0,1098.503,-62.0,1824.599,-0.71689,1827.745,6775.0,1827.745,4851.0
1098.853,-52428.0,1098.853,31457.0,1098.853,-281.0,1098.853,55.0,1825.077,-0.660597,1828.218,6358.0,1828.218,5445.0
1099.123,-41943.0,1099.123,41943.0,1099.123,-158.0,1099.123,176.0,1825.601,-0.630462,1828.736,7087.0,1828.736,4610.0
1099.412,-36700.0,1099.412,62914.0,1099.412,-126.0,1099.412,156.0,1826.079,-0.615543,1829.207,7322.0,1829.207,4388.0
1099.702,-31457.0,1099.702,78643.0,1099.702,-205.0,1099.702,114.0,1826.616,-0.602072,1829.704,6530.0,1829.704,5461.0
1100.317,-10485.0,1100.317,41943.0,1100.317,-254.0,1100.317,-5.0,1827.086,-0.58457,1830.225,6795.0,1830.225,5082.0
1100.564,-15728.0,1100.564,52428.0,1100.564,-189.0,1100.564,51.0,1827.615,-0.570508,1830.742,6260.0,1830.742,5573.0
1100.898,-57671.0,1100.898,57671.0,1100.898,-203.0,1100.898,81.0,1828.063,-0.573189,1831.223,7087.0,1831.223,4897.0
1101.205,-47185.0,1101.205,68157.0,1101.205,-152.0,1101.205,-12.0,1828.575,-0.567482,1831.714,6124.0,1831.714,5657.0
1101.488,-68157.0,1101.488,99614.0,1101.488,60.0,1101.488,168.0,1829.059,-0.579509,1832.196,6474.0,1832.196,5347.0
1101.794,-52428.0,1101.794,83886.0,1101.794,-45.0,1101.794,123.0,1829.597,-0.62724,1832.726,6599.0,1832.726,5200.0
1102.119,-62914.0,1102.119,99614.0,1102.119,40.0,1102.119,66.0,1830.064,-0.66806,1833.193,6011.0,1833.193,5729.0
1102.422,0.0,1102.422,110100.0,1102.422,-22.0,1102.422,59.0,1830.573,-0.712898,1833.685,5782.0,1833.685,6113.0
1102.681,-15728.0,1102.681,110100.0,1102.681,27.0,1102.681,-128.0,1831.096,-0.752638,1834.24,6608.0,1834.24,5291.0
1102.983,-31457.0,1102.983,110100.0,1102.983,-97.0,1102.983,-420.0,1831.602,-0.790393,1834.707,7166.0,1834.707,4668.0
1103.338,-15728.0,1103.338,120586.0,1103.338,171.0,1103.338,89.0,1832.048,-0.829275,1835.184,7178.0,1835.184,4777.0
1103.583,-15728.0,1103.583,157286.0,1103.583,98.0,1103.583,-169.0,1832.588,-0.846042,1835.702,7043.0,1835.702,4790.0
1103.91,-10485.0,1103.91,141557.0,1103.91,127.0,1103.91,26.0,1833.052,-0.851119,1836.223,6996.0,1836.223,4842.0
1104.178,-15728.0,1104.178,157286.0,1104.178,320.0,1104.178,-23.0,1833.592,-0.866451,1836.688,6906.0,1836.688,4875.0
1104.46,5242.0,1104.46,162529.0,1104.46,190.0,1104.46,-69.0,1834.04,-0.839226,1837.2,7142.0,1837.2,4866.0
1104.772,15728.0,1104.772,146800.0,1104.772,98.0,1104.772,-191.0,1834.583,-0.815282,1837.723,6874.0,1837.723,4868.0
1105.081,10485.0,1105.081,152043.0,1105.081,79.0,1105.081,-231.0,1835.037,-0.836989,1838.173,5785.0,1838.173,6077.0
1105.43,47185.0,1105.43,146800.0,1105.43,88.0,1105.43,-148.0,1835.584,-0.874839,1838.681,6499.0,1838.681,5386.0
1105.645,31457.0,1105.645,146800.0,1105.645,23.0,1105.645,-54.0,1836.033,-0.921081,1839.191,6116.0,1839.191,5665.0
1105.98,41943.0,1105.98,167772.0,1105.98,-29.0,1105.98,7.0,1836.549,-0.974562,1839.67,6690.0,1839.67,5169.0
1106.273,89128.0,1106.273,173014.0,1106.273,160.0,1106.273,-36.0,1837.024,-1.040627,1840.159,6118.0,1840.159,5622.0
1106.579,78643.0,1106.579,188743.0,1106.579,36.0,1106.579,-43.0,1837.556,-1.116507,1840.686,6575.0,1840.686,5211.0
1106.899,68157.0,1106.899,178257.0,1106.899,178.0,1106.899,-79.0,1838.045,-1.199067,1841.196,6152.0,1841.196,5615.0
1107.174,57671.0,1107.174,157286.0,1107.174,26.0,1107.174,-25.0,1838.563,-1.257606,1841.7,6196.0,1841.7,5500.0
1107.494,89128.0,1107.494,204472.0,1107.494,34.0,1107.494,-248.0,1839.032,-1.287144,1842.17,6374.0,1842.17,5424.0
1107.766,73400.0,1107.766,199229.0,1107.766,-26.0,1107.766,61.0,1839.549,-1.316437,1842.688,6708.0,1842.688,5126.0
1108.074,78643.0,1108.074,183500.0,1108.074,-158.0,1108.074,-36.0,1840.066,-1.343758,1843.182,6516.0,1843.182,5281.0
1108.399,83886.0,1108.399,209715.0,1108.399,-107.0,1108.399,-144.0,1840.547,-1.356636,1843.675,6397.0,1843.675,5423.0
1108.661,68157.0,1108.661,199229.0,1108.661,-304.0,1108.661,-85.0,1841.015,-1.357965,1844.152,6461.0,1844.152,5323.0
1108.974,41943.0,1108.974,193986.0,1108.974,-34.0,1108.974,-78.0,1841.555,-1.341089,1844.688,6753.0,1844.688,5025.0
1109.275,47185.0,1109.275,183500.0,1109.275,73.0,1109.275,-146.0,1842.006,-1.311166,1845.17,6095.0,1845.17,5823.0
1109.603,83886.0,1109.603,225443.0,1109.603,135.0,1109.603,-256.0,1842.515,-1.300211,1845.661,6091.0,1845.661,5815.0
1109.876,47185.0,1109.876,204472.0,1109.876,-285.0,1109.876,60.0,1843.015,-1.298937,1846.167,6315.0,1846.167,5355.0
1110.163,62914.0,1110.163,214957.0,1110.163,151.0,1110.163,-43.0,1843.534,-1.293955,1846.673,6467.0,1846.673,5351.0
1110.455,41943.0,1110.455,235929.0,1110.455,97.0,1110.455,-109.0,1844.02,-1.280259,1847.132,6862.0,1847.132,4839.0
1110.743,36700.0,1110.743,214957.0,1110.743,24.0,1110.743,-158.0,1844.551,-1.273526,1847.67,6647.0,1847.67,5090.0
1111.06,57671.0,1111.06,251658.0,1111.06,112.0,1111.06,-220.0,1845.04,-1.271447,1848.179,6500.0,1848.179,5257.0
1111.357,26214.0,1111.357,225443.0,1111.357,-6.0,1111.357,-52.0,1845.521,-1.271511,1848.628,6737.0,1848.628,5077.0
1111.686,15728.0,1111.686,220200.0,1111.686,-55.0,1111.686,-210.0,1845.999,-1.254111,1849.139,6671.0,1849.139,5185.0
1111.958,41943.0,1111.958,188743.0,1111.958,175.0,1111.958,-209.0,1846.536,-1.237077,1849.66,7254.0,1849.66,4441.0
1112.256,26214.0,1112.256,220200.0,1112.256,73.0,1112.256,-77.0,1847.005,-1.207105,1850.129,6380.0,1850.129,5577.0
1112.553,31457.0,1112.553,199229.0,1112.553,-169.0,1112.553,-196.0,1847.528,-1.199513,1851.146,7046.0,1851.146,4702.0
1112.885,10485.0,1112.885,173014.0,1112.885,34.0,1112.885,94.0,1847.983,-1.197101,1851.656,6727.0,1851.656,5104.0
1113.145,10485.0,1113.145,178257.0,1113.145,-157.0,1113.145,128.0,1848.537,-1.175862,1852.144,6112.0,1852.144,5653.0
1113.476,41943.0,1113.476,246415.0,1113.476,-34.0,1113.476,-112.0,1848.987,-1.163072,1852.636,6534.0,1852.636,5306.0
1113.809,41943.0,1113.809,209715.0,1113.809,215.0,1113.809,19.0,1849.497,-1.155559,1853.118,7073.0,1853.118,4747.0
1114.034,26214.0,1114.034,220200.0,1114.034,-63.0,1114.034,162.0,1849.982,-1.158373,1853.636,5729.0,1853.636,6131.0
1114.37,15728.0,1114.37,209715.0,1114.37,114.0,1114.37,124.0,1850.529,-1.157408,1854.109,6025.0,1854.109,5746.0
1114.635,52428.0,1114.635,220200.0,1114.635,-208.0,1114.635,43.0,1851.515,-1.238413,1854.607,6568.0,1854.607,5196.0
1114.94,62914.0,1114.94,209715.0,1114.94,-41.0,1114.94,-3.0,1851.982,-1.282607,1855.161,6753.0,1855.161,5027.0
1115.326,57671.0,1115.326,204472.0,1115.326,50.0,1115.326,188.0,1852.501,-1.319409,1855.647,6982.0,1855.647,4830.0
1115.544,41943.0,1115.544,209715.0,1115.544,-48.0,1115.544,172.0,1852.982,-1.357748,1856.106,5981.0,1856.106,6098.0
1115.89,68157.0,1115.89,230686.0,1115.89,313.0,1115.89,92.0,1853.518,-1.405475,1856.635,6479.0,1856.635,5237.0
1116.106,68157.0,1116.106,230686.0,1116.106,157.0,1116.106,-44.0,1853.984,-1.414095,1857.124,5930.0,1857.124,5720.0
1116.452,57671.0,1116.452,214957.0,1116.452,206.0,1116.452,-93.0,1854.495,-1.422964,1857.631,5011.0,1857.631,6640.0
1116.732,52428.0,1116.732,220200.0,1116.732,-42.0,1116.732,130.0,1854.974,-1.443288,1858.131,6368.0,1858.131,5327.0
1117.041,57671.0,1117.041,199229.0,1117.041,-16.0,1117.041,66.0,1855.504,-1.462764,1858.65,6497.0,1858.65,5395.0
1117.375,78643.0,1117.375,188743.0,1117.375,-16.0,1117.375,173.0,1855.972,-1.504289,1859.095,6651.0,1859.095,5028.0
1117.633,68157.0,1117.633,220200.0,1117.633,65.0,1117.633,105.0,1856.48,-1.517969,1860.102,6938.0,1860.102,4827.0
1118.003,73400.0,1118.003,214957.0,1118.003,214.0,1118.003,-25.0,1856.974,-1.522941,1860.585,7729.0,1860.585,4134.0
1118.237,57671.0,1118.237,214957.0,1118.237,104.0,1118.237,187.0,1857.479,-1.502716,1861.09,6418.0,1861.09,5429.0
1118.54,94371.0,1118.54,209715.0,1118.54,30.0,1118.54,-10.0,1857.976,-1.452069,1861.614,6692.0,1861.614,5061.0
1118.855,73400.0,1118.855,230686.0,1118.855,-49.0,1118.855,114.0,1858.495,-1.419897,1862.123,7746.0,1862.123,4123.0
1119.123,41943.0,1119.123,225443.0,1119.123,34.0,1119.123,-17.0,1858.98,-1.392271,1862.613,6896.0,1862.613,4928.0
1119.418,57671.0,1119.418,220200.0,1119.418,-82.0,1119.418,73.0,1859.497,-1.367396,1863.092,6608.0,1863.092,5294.0
1119.721,73400.0,1119.721,220200.0,1119.721,14.0,1119.721,10.0,1859.956,-1.319748,1863.578,5802.0,1863.578,5897.0
1120.046,73400.0,1120.046,199229.0,1120.046,301.0,1120.046,17.0,1860.486,-1.293771,1864.097,6091.0,1864.097,5706.0
1120.342,57671.0,1120.342,225443.0,1120.342,106.0,1120.342,59.0,1860.936,-1.307469,1864.571,6706.0,1864.571,5168.0
1120.594,47185.0,1120.594,220200.0,1120.594,-196.0,1120.594,169.0,1861.479,-1.312417,1865.074,6297.0,1865.074,5573.0
1120.924,57671.0,1120.924,204472.0,1120.924,144.0,1120.924,138.0,1861.938,-1.344016,1865.614,5674.0,1865.614,6085.0
1121.224,47185.0,1121.224,199229.0,1121.224,66.0,1121.224,-41.0,1862.492,-1.419903,1866.091,6076.0,1866.091,5880.0
1121.521,57671.0,1121.521,225443.0,1121.521,71.0,1121.521,41.0,1862.947,-1.485698,1866.568,6467.0,1866.568,5392.0
1121.858,73400.0,1121.858,235929.0,1121.858,154.0,1121.858,180.0,1863.444,-1.534582,1867.098,6437.0,1867.098,5398.0
1122.123,31457.0,1122.123,220200.0,1122.123,270.0,1122.123,177.0,1863.931,-1.569123,1867.586,6685.0,1867.586,5045.0
1122.411,52428.0,1122.411,225443.0,1122.411,-57.0,1122.411,-13.0,1864.455,-1.593711,1868.061,6349.0,1868.061,5491.0
1122.704,52428.0,1122.704,209715.0,1122.704,275.0,1122.704,78.0,1864.936,-1.608822,1868.584,6565.0,1868.584,5191.0
1123.015,41943.0,1123.015,204472.0,1123.015,184.0,1123.015,22.0,1865.468,-1.61128,1869.097,6478.0,1869.097,5314.0
1123.336,68157.0,1123.336,220200.0,1123.336,55.0,1123.336,162.0,1865.966,-1.576507,1869.557,6731.0,1869.557,5227.0
1123.61,47185.0,1123.61,214957.0,1123.61,233.0,1123.61,62.0,1866.445,-1.527612,1870.066,6555.0,1870.066,5269.0
1123.899,68157.0,1123.899,209715.0,1123.899,-15.0,1123.899,93.0,1866.918,-1.474921,1870.584,6213.0,1870.584,5576.0
1124.235,57671.0,1124.235,214957.0,1124.235,-70.0,1124.235,151.0,1867.444,-1.415511,1871.08,5813.0,1871.08,6146.0
1124.516,62914.0,1124.516,230686.0,1124.516,-89.0,1124.516,127.0,1867.933,-1.36944,1871.572,6856.0,1871.572,5022.0
1124.83,57671.0,1124.83,235929.0,1124.83,128.0,1124.83,238.0,1868.486,-1.31974,1872.08,6719.0,1872.08,5194.0
1125.105,57671.0,1125.105,220200.0,1125.105,21.0,1125.105,175.0,1868.907,-1.283216,1872.576,6758.0,1872.576,5074.0
1125.407,26214.0,1125.407,209715.0,1125.407,269.0,1125.407,137.0,1869.454,-1.249568,1873.073,6247.0,1873.073,5509.0
1125.698,36700.0,1125.698,204472.0,1125.698,392.0,1125.698,180.0,1869.912,-1.223701,1873.56,7273.0,1873.56,4638.0
1125.97,41943.0,1125.97,204472.0,1125.97,33.0,1125.97,-53.0,1870.423,-1.222631,1874.071,6767.0,1874.071,5002.0
1126.356,57671.0,1126.356,214957.0,1126.356,138.0,1126.356,-71.0,1870.93,-1.223568,1874.566,7013.0,1874.566,4926.0
1126.567,62914.0,1126.567,220200.0,1126.567,154.0,1126.567,-7.0,1871.457,-1.207869,1875.03,6252.0,1875.03,5525.0
1126.948,73400.0,1126.948,214957.0,1126.948,229.0,1126.948,-107.0,1871.944,-1.232394,1876.081,5856.0,1876.081,6029.0
1127.198,73400.0,1127.198,199229.0,1127.198,-14.0,1127.198,-32.0,1872.444,-1.267913,1876.558,5895.0,1876.558,5934.0
1127.466,52428.0,1127.466,204472.0,1127.466,-66.0,1127.466,74.0,1872.902,-1.318703,1877.028,6186.0,1877.028,5661.0
1127.832,73400.0,1127.832,214957.0,1127.832,49.0,1127.832,37.0,1873.427,-1.357839,1877.552,6026.0,1877.552,5944.0
1128.098,73400.0,1128.098,214957.0,1128.098,16.0,1128.098,-195.0,1873.894,-1.410928,1878.048,-451.0,1878.048,-935.0
1128.418,73400.0,1128.418,214957.0,1128.418,49.0,1128.418,-37.0,1874.438,-1.468907,1878.524,-558.0,1878.524,-1222.0
1128.699,78643.0,1128.699,204472.0,1128.699,195.0,1128.699,-60.0,1874.89,-1.52298,1879.055,-661.0,1879.055,-1511.0
1128.994,62914.0,1128.994,183500.0,1128.994,33.0,1128.994,59.0,1875.422,-1.546657,1879.571,-695.0,1879.571,-1635.0
1129.321,52428.0,1129.321,204472.0,1129.321,-259.0,1129.321,-38.0,1875.895,-1.568915,1880.022,-616.0,1880.022,-1502.0
1129.581,62914.0,1129.581,235929.0,1129.581,-183.0,1129.581,23.0,1876.437,-1.550241,1880.527,-502.0,1880.527,-1292.0
1129.879,78643.0,1129.879,209715.0,1129.879,-136.0,1129.879,-56.0,1876.876,-1.509319,1881.088,-421.0,1881.088,-1149.0
1130.191,57671.0,1130.191,193986.0,1130.191,-68.0,1130.191,-37.0,1877.397,-1.461556,1881.543,-350.0,1881.543,-992.0
1130.509,73400.0,1130.509,209715.0,1130.509,-72.0,1130.509,-11.0,1877.887,-1.398515,1882.019,-237.0,1882.019,-693.0
1130.83,73400.0,1130.83,204472.0,1130.83,-202.0,1130.83,-56.0,1878.389,-1.332131,1882.536,-133.0,1882.536,-405.0
1131.051,83886.0,1131.051,220200.0,1131.051,-52.0,1131.051,-88.0,1878.895,-1.270213,1883.018,-83.0,1883.018,-265.0
1131.376,78643.0,1131.376,230686.0,1131.376,-34.0,1131.376,23.0,1879.391,-1.245464,1883.536,-43.0,1883.536,-141.0
1131.672,99614.0,1131.672,251658.0,1131.672,-20.0,1131.672,-21.0,1880.374,-1.273226,1884.015,18.0,1884.015,58.0
1132.01,68157.0,1132.01,199229.0,1132.01,93.0,1132.01,-129.0,1880.862,-1.2823,1884.516,64.0,1884.516,212.0
1132.309,104857.0,1132.309,220200.0,1132.309,-337.0,1132.309,-95.0,1881.379,-1.301808,1885.031,111.0,1885.031,389.0
1132.601,83886.0,1132.601,209715.0,1132.601,-88.0,1132.601,-149.0,1881.869,-1.341279,1885.524,135.0,1885.524,485.0
1132.873,73400.0,1132.873,204472.0,1132.873,42.0,1132.873,-231.0,1882.358,-1.376867,1885.996,169.0,1885.996,611.0
1133.179,62914.0,1133.179,178257.0,1133.179,43.0,1133.179,-85.0,1882.87,-1.395025,1886.543,201.0,1886.543,715.0
1133.481,78643.0,1133.481,209715.0,1133.481,-138.0,1133.481,-179.0,1883.362,-1.408321,1887.489,167.0,1887.489,645.0
1133.804,104857.0,1133.804,230686.0,1133.804,-157.0,1133.804,37.0,1883.858,-1.426829,1888.02,140.0,1888.02,548.0
1134.068,83886.0,1134.068,225443.0,1134.068,-14.0,1134.068,122.0,1884.35,-1.445353,1888.522,105.0,1888.522,431.0
1134.367,62914.0,1134.367,230686.0,1134.367,-10.0,1134.367,-129.0,1884.849,-1.448665,1888.987,95.0,1888.987,411.0
1134.725,68157.0,1134.725,209715.0,1134.725,-180.0,1134.725,-43.0,1885.392,-1.441681,1889.522,57.0,1889.522,261.0
1134.975,57671.0,1134.975,204472.0,1134.975,-190.0,1134.975,-20.0,1885.844,-1.43953,1890.035,32.0,1890.035,152.0
1135.299,83886.0,1135.299,246415.0,1135.299,-64.0,1135.299,181.0,1886.348,-1.441219,1890.476,25.0,1890.476,121.0
1135.557,73400.0,1135.557,241172.0,1135.557,-406.0,1135.557,49.0,1886.879,-1.433344,1890.99,4.0,1890.99,20.0
1135.856,41943.0,1135.856,204472.0,1135.856,-65.0,1135.856,116.0,1887.344,-1.414042,1891.526,-19.0,1891.526,-103.0
1136.162,78643.0,1136.162,225443.0,1136.162,130.0,1136.162,-118.0,1887.842,-1.396705,1891.968,-50.0,1891.968,-280.0
1136.468,41943.0,1136.468,214957.0,1136.468,134.0,1136.468,63.0,1888.342,-1.385134,1892.489,-60.0,1892.489,-340.0
1136.816,52428.0,1136.816,214957.0,1136.816,-240.0,1136.816,120.0,1888.839,-1.370654,1892.993,-77.0,1892.993,-461.0
1137.029,62914.0,1137.029,214957.0,1137.029,-163.0,1137.029,-2.0,1889.363,-1.348988,1893.52,-106.0,1893.52,-668.0
1137.355,41943.0,1137.355,209715.0,1137.355,49.0,1137.355,157.0,1889.843,-1.326913,1893.988,-134.0,1893.988,-874.0
1137.649,62914.0,1137.649,225443.0,1137.649,-120.0,1137.649,126.0,1890.333,-1.311502,1894.468,-139.0,1894.468,-953.0
1137.929,94371.0,1137.929,230686.0,1137.929,185.0,1137.929,179.0,1890.832,-1.297285,1894.965,-156.0,1894.965,-1046.0
1138.281,52428.0,1138.281,204472.0,1138.281,-171.0,1138.281,163.0,1891.327,-1.275308,1895.494,-170.0,1895.494,-1148.0
1138.558,68157.0,1138.558,230686.0,1138.558,77.0,1138.558,297.0,1891.853,-1.25132,1895.961,-176.0,1895.961,-1218.0
1138.882,68157.0,1138.882,204472.0,1138.882,-85.0,1138.882,79.0,1892.325,-1.23023,1896.452,-167.0,1896.452,-1225.0
1139.15,36700.0,1139.15,183500.0,1139.15,-106.0,1139.15,137.0,1892.818,-1.213001,1897.012,-152.0,1897.012,-1144.0
1139.457,57671.0,1139.457,199229.0,1139.457,302.0,1139.457,343.0,1893.34,-1.193658,1897.493,-123.0,1897.493,-1011.0
1139.775,83886.0,1139.775,230686.0,1139.775,-4.0,1139.775,-63.0,1893.865,-1.16892,1898.502,-161.0,1898.502,-995.0
1140.046,78643.0,1140.046,214957.0,1140.046,-22.0,1140.046,122.0,1894.318,-1.15286,1899.447,-380.0,1899.447,-1160.0
1140.345,62914.0,1140.345,188743.0,1140.345,101.0,1140.345,-125.0,1894.821,-1.146091,1899.948,-372.0,1899.948,-976.0
1140.658,68157.0,1140.658,225443.0,1140.658,30.0,1140.658,-245.0,1895.32,-1.145374,1900.491,-277.0,1900.491,-705.0
1140.979,68157.0,1140.979,209715.0,1140.979,278.0,1140.979,-135.0,1895.812,-1.152004,1900.974,-173.0,1900.974,-435.0
1141.264,78643.0,1141.264,225443.0,1141.264,97.0,1141.264,-160.0,1896.311,-1.166573,1901.445,-27.0,1901.445,-67.0
1141.539,131071.0,1141.539,220200.0,1141.539,298.0,1141.539,-174.0,1896.808,-1.194316,1901.96,89.0,1901.96,225.0
1141.855,62914.0,1141.855,188743.0,1141.855,-158.0,1141.855,-129.0,1897.322,-1.229671,1902.434,186.0,1902.434,464.0
1142.141,68157.0,1142.141,188743.0,1142.141,82.0,1142.141,-27.0,1897.824,-1.261673,1902.93,312.0,1902.93,746.0
1142.455,83886.0,1142.455,199229.0,1142.455,7.0,1142.455,-81.0,1898.413,-1.295777,1903.465,384.0,1903.465,904.0
1142.737,83886.0,1142.737,193986.0,1142.737,114.0,1142.737,-84.0,1899.295,-1.38093,1903.965,489.0,1903.965,1127.0
1143.05,78643.0,1143.05,183500.0,1143.05,355.0,1143.05,-184.0,1899.805,-1.428015,1904.459,497.0,1904.459,1137.0
1143.327,83886.0,1143.327,167772.0,1143.327,199.0,1143.327,-87.0,1900.313,-1.475246,1904.939,520.0,1904.939,1168.0
1143.631,104857.0,1143.631,178257.0,1143.631,142.0,1143.631,-33.0,1900.813,-1.520874,1905.425,483.0,1905.425,1077.0
1143.938,115343.0,1143.938,225443.0,1143.938,148.0,1143.938,11.0,1901.294,-1.563368,1905.955,453.0,1905.955,1013.0
1144.266,94371.0,1144.266,225443.0,1144.266,-3.0,1144.266,-33.0,1901.793,-1.600393,1906.424,379.0,1906.424,847.0
1144.527,78643.0,1144.527,188743.0,1144.527,28.0,1144.527,-108.0,1902.306,-1.629411,1906.915,299.0,1906.915,667.0
1144.831,110100.0,1144.831,214957.0,1144.831,-44.0,1144.831,45.0,1902.795,-1.655846,1907.469,240.0,1907.469,536.0
1145.136,115343.0,1145.136,220200.0,1145.136,256.0,1145.136,-223.0,1903.301,-1.679815,1907.937,111.0,1907.937,249.0
1145.428,73400.0,1145.428,183500.0,1145.428,-10.0,1145.428,-25.0,1903.783,-1.69376,1908.415,34.0,1908.415,74.0
1145.752,68157.0,1145.752,220200.0,1145.752,-8.0,1145.752,-60.0,1904.288,-1.699999,1908.937,-74.0,1908.937,-164.0
1145.998,104857.0,1145.998,235929.0,1145.998,-90.0,1145.998,-129.0,1904.8,-1.69837,1909.451,-218.0,1909.451,-474.0
1146.329,83886.0,1146.329,209715.0,1146.329,2.0,1146.329,67.0,1905.283,-1.692876,1909.919,-334.0,1909.919,-720.0
1146.621,57671.0,1146.621,199229.0,1146.621,-79.0,1146.621,-142.0,1905.776,-1.682191,1910.427,-433.0,1910.427,-917.0
1146.958,89128.0,1146.958,204472.0,1146.958,68.0,1146.958,97.0,1906.274,-1.664767,1910.945,-513.0,1910.945,-1083.0
1147.269,78643.0,1147.269,193986.0,1147.269,113.0,1147.269,103.0,1906.766,-1.644658,1911.402,-582.0,1911.402,-1220.0
1147.531,68157.0,1147.531,193986.0,1147.531,-76.0,1147.531,8.0,1907.264,-1.625013,1911.912,-562.0,1911.912,-1174.0
1147.82,83886.0,1147.82,204472.0,1147.82,-61.0,1147.82,-7.0,1907.779,-1.605711,1912.421,-542.0,1912.421,-1126.0
1148.115,62914.0,1148.115,204472.0,1148.115,-191.0,1148.115,42.0,1908.26,-1.583931,1912.898,-476.0,1912.898,-984.0
1148.428,94371.0,1148.428,256900.0,1148.428,-267.0,1148.428,-123.0,1908.764,-1.560181,1913.428,-447.0,1913.428,-915.0
1148.742,62914.0,1148.742,204472.0,1148.742,-260.0,1148.742,40.0,1909.274,-1.537722,1913.934,-443.0,1913.934,-901.0
1149.019,62914.0,1149.019,220200.0,1149.019,-189.0,1149.019,84.0,1909.755,-1.518661,1914.425,-480.0,1914.425,-968.0
1149.339,68157.0,1149.339,214957.0,1149.339,-242.0,1149.339,-40.0,1910.264,-1.498355,1914.913,-502.0,1914.913,-1004.0
1149.606,57671.0,1149.606,220200.0,1149.606,-167.0,1149.606,-59.0,1910.776,-1.479861,1915.399,3915.0,1915.399,3885.0
1149.916,73400.0,1149.916,225443.0,1149.916,-81.0,1149.916,-105.0,1911.276,-1.468032,1915.912,3915.0,1915.912,3885.0
1150.243,78643.0,1150.243,193986.0,1150.243,-64.0,1150.243,37.0,1911.755,-1.46688,1916.445,3915.0,1916.445,3885.0
1150.502,57671.0,1150.502,204472.0,1150.502,25.0,1150.502,-107.0,1912.258,-1.471974,1916.889,3915.0,1916.889,3885.0
1150.814,73400.0,1150.814,199229.0,1150.814,-42.0,1150.814,144.0,1912.767,-1.480153,1917.377,3915.0,1917.377,3885.0
1151.115,94371.0,1151.115,220200.0,1151.115,-176.0,1151.115,-70.0,1913.251,-1.490362,1917.931,-270.0,1917.931,-270.0
1151.444,94371.0,1151.444,235929.0,1151.444,-20.0,1151.444,47.0,1913.778,-1.501104,1918.408,-660.0,1918.408,-660.0
1151.753,62914.0,1151.753,183500.0,1151.753,-219.0,1151.753,73.0,1914.263,-1.510208,1918.877,75.0,1918.877,45.0
1152.009,73400.0,1152.009,178257.0,1152.009,-31.0,1152.009,132.0,1914.784,-1.517681,1919.405,75.0,1919.405,45.0
1152.297,73400.0,1152.297,214957.0,1152.297,-163.0,1152.297,127.0,1915.26,-1.521521,1919.896,60.0,1919.896,60.0
1152.599,73400.0,1152.599,178257.0,1152.599,-186.0,1152.599,68.0,1915.747,-1.481496,1920.372,45.0,1920.372,45.0
1152.907,78643.0,1152.907,193986.0,1152.907,-222.0,1152.907,255.0,1916.236,-1.43205,1920.9,60.0,1920.9,60.0
1153.213,73400.0,1153.213,183500.0,1153.213,-77.0,1153.213,213.0,1916.744,-1.346553,1921.417,60.0,1921.417,60.0
1153.53,73400.0,1153.53,178257.0,1153.53,-381.0,1153.53,194.0,1917.233,-1.248477,1921.864,60.0,1921.864,30.0
1153.796,83886.0,1153.796,193986.0,1153.796,-119.0,1153.796,102.0,1917.786,-1.14031,1922.379,60.0,1922.379,60.0
1154.114,99614.0,1154.114,188743.0,1154.114,-187.0,1154.114,-111.0,1918.228,-1.037651,1922.9,60.0,1922.9,30.0
1154.365,94371.0,1154.365,199229.0,1154.365,-162.0,1154.365,-121.0,1918.739,-0.950973,1923.354,60.0,1923.354,30.0
1154.7,99614.0,1154.7,204472.0,1154.7,-196.0,1154.7,51.0,1919.229,-0.877878,1923.849,60.0,1923.849,60.0
1155.0,99614.0,1155.0,209715.0,1155.0,-147.0,1155.0,-80.0,1919.742,-0.814684,1924.383,75.0,1924.383,45.0
1155.289,120586.0,1155.289,204472.0,1155.289,-38.0,1155.289,117.0,1920.217,-0.755003,1924.896,60.0,1924.896,30.0
1155.64,94371.0,1155.64,183500.0,1155.64,-124.0,1155.64,-89.0,1920.721,-0.694308,1925.382,75.0,1925.382,45.0
1155.899,94371.0,1155.899,199229.0,1155.899,-165.0,1155.899,-69.0,1921.213,-0.640139,1925.86,60.0,1925.86,30.0
1156.231,115343.0,1156.231,199229.0,1156.231,-129.0,1156.231,23.0,1921.738,-0.592772,1926.346,60.0,1926.346,30.0
1156.493,94371.0,1156.493,173014.0,1156.493,-270.0,1156.493,129.0,1922.217,-0.54455,1927.365,60.0,1927.365,30.0
1156.789,104857.0,1156.789,188743.0,1156.789,-227.0,1156.789,104.0,1922.715,-0.497258,1927.84,60.0,1927.84,60.0
1157.091,104857.0,1157.091,204472.0,1157.091,-128.0,1157.091,13.0,1923.222,-0.452304,1928.393,45.0,1928.393,45.0
1157.353,99614.0,1157.353,199229.0,1157.353,-289.0,1157.353,181.0,1923.716,-0.408568,1928.86,60.0,1928.86,60.0
1157.731,104857.0,1157.731,214957.0,1157.731,-152.0,1157.731,7.0,1924.233,-0.364766,1929.331,60.0,1929.331,30.0
1157.988,83886.0,1157.988,204472.0,1157.988,-176.0,1157.988,49.0,1924.706,-0.320813,1929.856,75.0,1929.856,45.0
1158.278,99614.0,1158.278,241172.0,1158.278,-98.0,1158.278,-80.0,1925.219,-0.277525,1930.36,45.0,1930.36,45.0
1158.577,89128.0,1158.577,225443.0,1158.577,-11.0,1158.577,-119.0,1925.711,-0.235524,1930.833,75.0,1930.833,45.0
1158.899,104857.0,1158.899,220200.0,1158.899,-231.0,1158.899,-11.0,1926.206,-0.193252,1931.362,60.0,1931.362,30.0
1159.208,94371.0,1159.208,214957.0,1159.208,-121.0,1159.208,99.0,1926.709,-0.150384,1931.869,60.0,1931.869,30.0
1159.472,78643.0,1159.472,204472.0,1159.472,-283.0,1159.472,139.0,1927.232,-0.106019,1932.32,75.0,1932.32,45.0
1159.801,83886.0,1159.801,183500.0,1159.801,-106.0,1159.801,171.0,1927.717,-0.061559,1932.826,75.0,1932.826,45.0
1160.079,94371.0,1160.079,188743.0,1160.079,-81.0,1160.079,1.0,1928.187,-0.015666,1933.363,45.0,1933.363,45.0
1160.343,78643.0,1160.343,204472.0,1160.343,-132.0,1160.343,-33.0,1928.703,0.030213,1933.819,75.0,1933.819,45.0
1160.698,78643.0,1160.698,230686.0,1160.698,-108.0,1160.698,-31.0,1929.183,0.076617,1934.325,75.0,1934.325,45.0
1160.969,68157.0,1160.969,204472.0,1160.969,-172.0,1160.969,124.0,1929.684,0.122158,1934.839,45.0,1934.839,45.0
1161.272,94371.0,1161.272,230686.0,1161.272,-247.0,1161.272,69.0,1930.18,0.169394,1935.344,75.0,1935.344,45.0
1161.571,73400.0,1161.571,220200.0,1161.571,-209.0,1161.571,-87.0,1930.705,0.215468,1935.832,75.0,1935.832,45.0
1161.896,89128.0,1161.896,204472.0,1161.896,-4.0,1161.896,-107.0,1931.186,0.261997,1936.32,45.0,1936.32,45.0
1162.218,62914.0,1162.218,162529.0,1162.218,-142.0,1162.218,-200.0,1931.68,0.306897,1936.808,75.0,1936.808,45.0
1162.461,104857.0,1162.461,214957.0,1162.461,-79.0,1162.461,-186.0,1932.174,0.351483,1937.339,60.0,1937.339,30.0
1162.762,99614.0,1162.762,193986.0,1162.762,-225.0,1162.762,-239.0,1932.67,0.395766,1937.799,45.0,1937.799,45.0
1163.065,83886.0,1163.065,183500.0,1163.065,-69.0,1163.065,-154.0,1933.177,0.435449,1938.335,60.0,1938.335,30.0
1163.367,104857.0,1163.367,241172.0,1163.367,85.0,1163.367,14.0,1933.672,0.475234,1938.844,60.0,1938.844,30.0
1163.659,78643.0,1163.659,199229.0,1163.659,147.0,1163.659,-112.0,1934.171,0.516208,1939.327,60.0,1939.327,30.0
1163.974,89128.0,1163.974,193986.0,1163.974,19.0,1163.974,-157.0,1934.681,0.554663,1939.897,60.0,1939.897,30.0
1164.261,62914.0,1164.261,193986.0,1164.261,196.0,1164.261,-168.0,1935.184,0.593002,1940.328,60.0,1940.328,60.0
1164.556,104857.0,1164.556,199229.0,1164.556,92.0,1164.556,-153.0,1935.68,0.629585,1940.815,75.0,1940.815,45.0
1164.828,99614.0,1164.828,178257.0,1164.828,151.0,1164.828,26.0,1936.182,0.668036,1941.292,75.0,1941.292,45.0
1165.187,104857.0,1165.187,162529.0,1165.187,58.0,1165.187,90.0,1936.655,0.708394,1941.811,60.0,1941.811,30.0
1165.458,104857.0,1165.458,173014.0,1165.458,-139.0,1165.458,52.0,1937.204,0.744703,1942.332,60.0,1942.332,30.0
1165.751,78643.0,1165.751,178257.0,1165.751,-42.0,1165.751,-95.0,1937.675,0.778604,1942.808,60.0,1942.808,60.0
1166.077,115343.0,1166.077,188743.0,1166.077,-144.0,1166.077,-207.0,1938.184,0.815238,1943.29,60.0,1943.29,30.0
1166.359,115343.0,1166.359,199229.0,1166.359,-211.0,1166.359,25.0,1938.66,0.853433,1943.813,60.0,1943.813,30.0
1166.677,120586.0,1166.677,209715.0,1166.677,224.0,1166.677,140.0,1939.198,0.891174,1944.283,60.0,1944.283,30.0
1166.945,125829.0,1166.945,199229.0,1166.945,-30.0,1166.945,114.0,1940.154,0.954859,1944.78,60.0,1944.78,30.0
1167.249,125829.0,1167.249,193986.0,1167.249,-29.0,1167.249,-81.0,1940.664,0.989185,1945.299,60.0,1945.299,30.0
1167.558,104857.0,1167.558,193986.0,1167.558,-187.0,1167.558,-105.0,1941.174,1.025358,1945.808,60.0,1945.808,30.0
1167.865,89128.0,1167.865,178257.0,1167.865,-113.0,1167.865,86.0,1941.643,1.057577,1946.304,45.0,1946.304,45.0
1168.198,104857.0,1168.198,204472.0,1168.198,-73.0,1168.198,-3.0,1942.17,1.088628,1946.782,45.0,1946.782,45.0
1168.441,83886.0,1168.441,209715.0,1168.441,-110.0,1168.441,28.0,1942.652,1.120717,1947.262,60.0,1947.262,30.0
1168.743,99614.0,1168.743,220200.0,1168.743,-28.0,1168.743,-124.0,1943.2,1.155653,1947.798,60.0,1947.798,30.0
1169.05,99614.0,1169.05,199229.0,1169.05,37.0,1169.05,-129.0,1943.642,1.185882,1948.271,75.0,1948.271,45.0
1169.348,94371.0,1169.348,193986.0,1169.348,29.0,1169.348,-146.0,1944.164,1.213562,1948.765,75.0,1948.765,45.0
1169.72,83886.0,1169.72,199229.0,1169.72,-5.0,1169.72,-206.0,1944.644,1.242513,1949.781,60.0,1949.781,30.0
1169.936,104857.0,1169.936,204472.0,1169.936,-107.0,1169.936,-115.0,1945.17,1.270801,1950.26,75.0,1950.26,45.0
1170.252,99614.0,1170.252,193986.0,1170.252,166.0,1170.252,-98.0,1945.628,1.296955,1950.779,75.0,1950.779,45.0
1170.534,110100.0,1170.534,188743.0,1170.534,-26.0,1170.534,-227.0,1946.169,1.31913,1951.277,75.0,1951.277,45.0
1170.844,94371.0,1170.844,225443.0,1170.844,139.0,1170.844,-198.0,1946.624,1.337275,1951.759,60.0,1951.759,30.0
1171.16,89128.0,1171.16,230686.0,1171.16,76.0,1171.16,-97.0,1947.136,1.355325,1952.285,60.0,1952.285,30.0
1171.431,104857.0,1171.431,167772.0,1171.431,149.0,1171.431,13.0,1947.616,1.371558,1952.813,45.0,1952.813,45.0
1171.734,83886.0,1171.734,199229.0,1171.734,-80.0,1171.734,66.0,1948.14,1.386388,1953.278,60.0,1953.278,30.0
1172.066,99614.0,1172.066,193986.0,1172.066,154.0,1172.066,22.0,1948.617,1.401902,1953.8,60.0,1953.8,30.0
1172.355,115343.0,1172.355,193986.0,1172.355,402.0,1172.355,31.0,1949.154,1.418014,1954.265,45.0,1954.265,45.0
1172.643,136314.0,1172.643,188743.0,1172.643,98.0,1172.643,159.0,1949.628,1.433986,1954.742,60.0,1954.742,30.0
1172.927,99614.0,1172.927,183500.0,1172.927,172.0,1172.927,122.0,1950.146,1.448758,1955.281,75.0,1955.281,45.0
1173.222,94371.0,1173.222,204472.0,1173.222,69.0,1173.222,36.0,1950.613,1.462415,1955.76,60.0,1955.76,30.0
1173.525,99614.0,1173.525,193986.0,1173.525,58.0,1173.525,-47.0,1951.13,1.475576,1956.276,60.0,1956.276,30.0
1173.834,94371.0,1173.834,204472.0,1173.834,80.0,1173.834,28.0,1951.606,1.489701,1957.282,75.0,1957.282,45.0
1174.148,99614.0,1174.148,178257.0,1174.148,244.0,1174.148,41.0,1952.176,1.504212,1957.754,45.0,1957.754,45.0
1174.458,110100.0,1174.458,188743.0,1174.458,176.0,1174.458,-88.0,1952.623,1.516825,1958.262,60.0,1958.262,30.0
1174.724,110100.0,1174.724,173014.0,1174.724,166.0,1174.724,-72.0,1953.155,1.527714,1958.779,45.0,1958.779,45.0
1175.021,104857.0,1175.021,199229.0,1175.021,242.0,1175.021,258.0,1953.598,1.53919,1959.231,60.0,1959.231,30.0
1175.331,125829.0,1175.331,199229.0,1175.331,-78.0,1175.331,-27.0,1954.111,1.552596,1959.784,60.0,1959.784,30.0
1175.662,115343.0,1175.662,188743.0,1175.662,240.0,1175.662,180.0,1954.598,1.56515,1961.252,75.0,1961.252,45.0
1175.921,110100.0,1175.921,199229.0,1175.921,-23.0,1175.921,54.0,1955.133,1.575858,1961.748,45.0,1961.748,45.0
1176.212,115343.0,1176.212,193986.0,1176.212,68.0,1176.212,235.0,1955.609,1.587683,1962.212,60.0,1962.212,60.0
1176.563,152043.0,1176.563,193986.0,1176.563,89.0,1176.563,85.0,1956.118,1.599103,1962.743,75.0,1962.743,45.0
1176.783,120586.0,1176.783,199229.0,1176.783,-125.0,1176.783,27.0,1956.624,1.6085,1963.258,75.0,1963.258,45.0
1177.147,99614.0,1177.147,183500.0,1177.147,165.0,1177.147,-22.0,1957.108,1.619038,1963.712,60.0,1963.712,60.0
1177.417,125829.0,1177.417,183500.0,1177.417,125.0,1177.417,41.0,1957.584,1.627213,1964.205,75.0,1964.205,45.0
1177.706,146800.0,1177.706,178257.0,1177.706,106.0,1177.706,96.0,1958.123,1.635697,1964.746,60.0,1964.746,30.0
1178.02,162529.0,1178.02,178257.0,1178.02,223.0,1178.02,-41.0,1958.608,1.644469,1965.198,75.0,1965.198,45.0
1178.276,141557.0,1178.276,188743.0,1178.276,66.0,1178.276,-11.0,1959.124,1.651729,1965.699,60.0,1965.699,30.0
1178.654,131071.0,1178.654,178257.0,1178.654,206.0,1178.654,-154.0,1959.575,1.659439,1966.221,60.0,1966.221,30.0
1178.898,157286.0,1178.898,183500.0,1178.898,-29.0,1178.898,-90.0,1960.634,1.671735,1966.73,45.0,1966.73,45.0
1179.195,136314.0,1179.195,173014.0,1179.195,-30.0,1179.195,-56.0,1961.13,1.676694,1967.226,60.0,1967.226,30.0
1179.507,141557.0,1179.507,209715.0,1179.507,66.0,1179.507,103.0,1961.579,1.682211,1967.704,75.0,1967.704,45.0
1179.813,167772.0,1179.813,193986.0,1179.813,26.0,1179.813,156.0,1962.11,1.687613,1968.185,75.0,1968.185,45.0
1180.135,136314.0,1180.135,167772.0,1180.135,112.0,1180.135,17.0,1962.562,1.689596,1968.688,75.0,1968.688,45.0
1180.369,131071.0,1180.369,173014.0,1180.369,-80.0,1180.369,161.0,1963.115,1.691352,1969.21,75.0,1969.21,45.0
1180.731,162529.0,1180.731,167772.0,1180.731,53.0,1180.731,-76.0,1963.587,1.696662,1969.687,60.0,1969.687,30.0
1181.015,141557.0,1181.015,199229.0,1181.015,-148.0,1181.015,-51.0,1964.126,1.702807,1970.229,45.0,1970.229,45.0
1181.31,125829.0,1181.31,193986.0,1181.31,196.0,1181.31,-32.0,1964.569,1.707144,1970.704,60.0,1970.704,60.0
1181.621,120586.0,1181.621,199229.0,1181.621,144.0,1181.621,-132.0,1965.103,1.708758,1971.183,45.0,1971.183,45.0
1181.897,131071.0,1181.897,173014.0,1181.897,158.0,1181.897,-221.0,1965.548,1.710801,1971.692,75.0,1971.692,45.0
1182.194,115343.0,1182.194,162529.0,1182.194,221.0,1182.194,-187.0,1966.096,1.714314,1972.219,45.0,1972.219,45.0
1182.504,115343.0,1182.504,167772.0,1182.504,123.0,1182.504,-92.0,1966.563,1.717539,1972.672,75.0,1972.672,45.0
1182.825,104857.0,1182.825,167772.0,1182.825,163.0,1182.825,-195.0,1967.097,1.718632,1973.205,75.0,1973.205,45.0
1183.109,136314.0,1183.109,214957.0,1183.109,74.0,1183.109,-39.0,1967.547,1.717826,1973.719,60.0,1973.719,60.0
1183.393,110100.0,1183.393,178257.0,1183.393,1.0,1183.393,-79.0,1968.063,1.715653,1975.186,75.0,1975.186,45.0
1183.691,125829.0,1183.691,178257.0,1183.691,296.0,1183.691,-185.0,1968.543,1.714933,1975.69,60.0,1975.69,30.0
1183.988,104857.0,1183.988,193986.0,1183.988,-139.0,1183.988,-7.0,1969.075,1.717387,1976.166,60.0,1976.166,60.0
1184.289,125829.0,1184.289,214957.0,1184.289,-403.0,1184.289,-831.0,1969.56,1.718302,1977.197,60.0,1977.197,30.0
1184.579,89128.0,1184.579,167772.0,1184.579,79.0,1184.579,-138.0,1970.113,1.713643,1977.688,60.0,1977.688,30.0
1184.894,68157.0,1184.894,141557.0,1184.894,-24.0,1184.894,-229.0,1970.554,1.711118,1978.171,60.0,1978.171,30.0
1185.179,73400.0,1185.179,131071.0,1185.179,-31.0,1185.179,-199.0,1971.068,1.712415,1978.687,75.0,1978.687,45.0
1185.485,73400.0,1185.485,104857.0,1185.485,362.0,1185.485,168.0,1971.591,1.715437,1979.171,60.0,1979.171,30.0
1185.792,47185.0,1185.792,89128.0,1185.792,31.0,1185.792,-140.0,1972.076,1.714581,1979.656,60.0,1979.656,60.0
1186.114,62914.0,1186.114,89128.0,1186.114,69.0,1186.114,-218.0,1972.529,1.712232,1980.142,75.0,1980.142,45.0
1186.347,99614.0,1186.347,41943.0,1186.347,-198.0,1186.347,814.0,1973.077,1.713433,1980.697,45.0,1980.697,45.0
1186.674,78643.0,1186.674,52428.0,1186.674,50.0,1186.674,61.0,1973.548,1.715478,1981.175,60.0,1981.175,30.0
1187.036,89128.0,1187.036,5242.0,1187.036,285.0,1187.036,-414.0,1974.099,1.715056,1981.641,75.0,1981.641,45.0
1187.274,73400.0,1187.274,-5242.0,1187.274,-111.0,1187.274,-280.0,1974.592,1.712491,1982.166,75.0,1982.166,45.0
1187.599,47185.0,1187.599,-41943.0,1187.599,-11.0,1187.599,-384.0,1975.078,1.710708,1982.669,60.0,1982.669,30.0
1187.872,83886.0,1187.872,0.0,1187.872,94.0,1187.872,-463.0,1975.535,1.711101,1983.136,60.0,1983.136,60.0
1188.174,94371.0,1188.174,-20971.0,1188.174,-246.0,1188.174,-102.0,1976.065,1.710734,1983.658,75.0,1983.658,45.0
1188.469,115343.0,1188.469,-36700.0,1188.469,56.0,1188.469,-57.0,1976.608,1.706062,1984.177,75.0,1984.177,45.0
1188.739,104857.0,1188.739,-57671.0,1188.739,-998.0,1188.739,-489.0,1977.053,1.700888,1984.656,60.0,1984.656,30.0
1189.121,99614.0,1189.121,-94371.0,1189.121,-469.0,1189.121,100.0,1977.519,1.700108,1985.141,60.0,1985.141,60.0
1189.337,73400.0,1189.337,-125829.0,1189.337,-23.0,1189.337,-162.0,1978.042,1.700964,1985.66,45.0,1985.66,45.0
1189.666,57671.0,1189.666,-94371.0,1189.666,-246.0,1189.666,-202.0,1978.507,1.697982,1986.149,45.0,1986.149,45.0
1189.975,52428.0,1189.975,-110100.0,1189.975,-273.0,1189.975,-288.0,1979.054,1.691473,1986.655,45.0,1986.655,45.0
1190.286,68157.0,1190.286,-115343.0,1190.286,-135.0,1190.286,-69.0,1979.516,1.688764,1987.203,75.0,1987.203,45.0
1190.59,57671.0,1190.59,-120586.0,1190.59,-45.0,1190.59,-145.0,1980.036,1.691195,1987.667,60.0,1987.667,30.0
1190.858,73400.0,1190.858,-131071.0,1190.858,157.0,1190.858,-239.0,1980.5,1.690119,1988.118,60.0,1988.118,30.0
1191.193,78643.0,1191.193,-131071.0,1191.193,316.0,1191.193,-108.0,1981.056,1.685436,1988.628,60.0,1988.628,30.0
1191.459,68157.0,1191.459,-173014.0,1191.459,127.0,1191.459,-264.0,1981.492,1.684211,1989.11,60.0,1989.11,30.0
1191.766,131071.0,1191.766,-225443.0,1191.766,11.0,1191.766,23.0,1982.012,1.686779,1989.628,75.0,1989.628,45.0
1192.087,78643.0,1192.087,-204472.0,1192.087,620.0,1192.087,126.0,1982.551,1.687026,1990.116,45.0,1990.116,45.0
1192.353,141557.0,1192.353,-230686.0,1192.353,-434.0,1192.353,-63.0,1983.012,1.683265,1990.602,75.0,1990.602,45.0
1192.658,204472.0,1192.658,-235929.0,1192.658,-120.0,1192.658,-257.0,1983.49,1.681472,1991.158,75.0,1991.158,45.0
1192.975,209715.0,1192.975,-241172.0,1192.975,49.0,1192.975,60.0,1984.018,1.684275,1991.659,75.0,1991.659,45.0
1193.285,183500.0,1193.285,-214957.0,1193.285,80.0,1193.285,236.0,1984.501,1.685465,1992.103,45.0,1992.103,45.0
1193.614,157286.0,1193.614,-173014.0,1193.614,17.0,1193.614,-13.0,1984.995,1.681692,1992.602,60.0,1992.602,30.0
1193.848,178257.0,1193.848,-183500.0,1193.848,-86.0,1193.848,120.0,1985.475,1.680842,1993.129,60.0,1993.129,30.0
1194.153,152043.0,1194.153,-157286.0,1194.153,-246.0,1194.153,6.0,1986.015,1.686236,1993.602,45.0,1993.602,45.0
1194.441,110100.0,1194.441,-146800.0,1194.441,-26.0,1194.441,100.0,1986.535,1.689304,1994.12,60.0,1994.12,60.0
1194.751,162529.0,1194.751,-183500.0,1194.751,296.0,1194.751,70.0,1987.04,1.686453,1994.639,75.0,1994.639,45.0
1195.045,188743.0,1195.045,-157286.0,1195.045,641.0,1195.045,3.0,1987.508,1.682877,1995.088,60.0,1995.088,30.0
1195.38,235929.0,1195.38,-193986.0,1195.38,211.0,1195.38,21.0,1988.034,1.685023,1995.605,75.0,1995.605,45.0
1195.647,262143.0,1195.647,-235929.0,1195.647,214.0,1195.647,598.0,1988.47,1.686634,1996.128,45.0,1996.128,45.0
1195.953,283115.0,1195.953,-209715.0,1195.953,63.0,1195.953,435.0,1989.023,1.684104,1996.59,75.0,1996.59,45.0
1196.212,246415.0,1196.212,-173014.0,1196.212,-227.0,1196.212,-16.0,1989.467,1.678336,1997.09,75.0,1997.09,45.0
1196.6,199229.0,1196.6,-199229.0,1196.6,-214.0,1196.6,36.0,1989.996,1.676324,1997.606,60.0,1997.606,60.0
1196.826,157286.0,1196.826,-173014.0,1196.826,-108.0,1196.826,51.0,1990.484,1.677437,1998.074,75.0,1998.074,45.0
1197.14,146800.0,1197.14,-152043.0,1197.14,-95.0,1197.14,-15.0,1991.004,1.67481,1999.091,45.0,1999.091,45.0
1197.488,152043.0,1197.488,-146800.0,1197.488,-187.0,1197.488,118.0,1991.471,1.668726,1999.579,60.0,1999.579,30.0
1197.744,173014.0,1197.744,-183500.0,1197.744,-112.0,1197.744,126.0,1991.981,1.66561,2000.096,75.0,2000.096,45.0
1198.065,199229.0,1198.065,-235929.0,1198.065,452.0,1198.065,264.0,1992.459,1.666586,2000.577,45.0,2000.577,45.0
1198.326,246415.0,1198.326,-241172.0,1198.326,-170.0,1198.326,44.0,1992.986,1.666746,2001.067,45.0,2001.067,45.0
1198.63,241172.0,1198.63,-214957.0,1198.63,-301.0,1198.63,141.0,1993.456,1.662459,2001.637,60.0,2001.637,30.0
1198.944,241172.0,1198.944,-214957.0,1198.944,-95.0,1198.944,-33.0,1993.993,1.658045,2002.568,45.0,2002.568,45.0
1199.238,193986.0,1199.238,-193986.0,1199.238,-25.0,1199.238,233.0,1994.442,1.658819,2003.098,60.0,2003.098,60.0
1199.579,214957.0,1199.579,-188743.0,1199.579,77.0,1199.579,412.0,1995.001,1.659881,2004.09,60.0,2004.09,30.0
1199.83,188743.0,1199.83,-173014.0,1199.83,4.0,1199.83,293.0,1995.49,1.655881,2004.583,60.0,2004.583,30.0
1200.124,188743.0,1200.124,-152043.0,1200.124,-120.0,1200.124,8.0,1995.949,1.650225,2005.102,60.0,2005.102,30.0
1200.425,94371.0,1200.425,-125829.0,1200.425,-97.0,1200.425,-147.0,1996.459,1.649849,2005.581,75.0,2005.581,45.0
1200.733,136314.0,1200.733,-136314.0,1200.733,-214.0,1200.733,189.0,1996.982,1.653675,2006.06,60.0,2006.06,30.0
1201.054,83886.0,1201.054,-131071.0,1201.054,-389.0,1201.054,-61.0,1997.437,1.654041,2006.582,45.0,2006.582,45.0
1201.635,94371.0,1201.635,-125829.0,1201.635,-142.0,1201.635,38.0,1997.969,1.651228,2007.054,60.0,2007.054,30.0
1201.928,73400.0,1201.928,-115343.0,1201.928,-213.0,1201.928,67.0,1998.483,1.649579,2007.553,75.0,2007.553,45.0
1202.225,47185.0,1202.225,-68157.0,1202.225,-150.0,1202.225,90.0,1998.961,1.652027,2008.067,45.0,2008.067,45.0
1202.524,26214.0,1202.524,-104857.0,1202.524,-62.0,1202.524,-16.0,1999.437,1.654391,2008.577,60.0,2008.577,30.0
1202.809,36700.0,1202.809,-99614.0,1202.809,-205.0,1202.809,83.0,1999.972,1.65133,2009.08,45.0,2009.08,45.0
1203.085,10485.0,1203.085,-104857.0,1203.085,-208.0,1203.085,83.0,2000.42,1.647577,2009.553,75.0,2009.553,45.0
1203.414,5242.0,1203.414,-68157.0,1203.414,-176.0,1203.414,-10.0,2000.963,1.649699,2010.037,45.0,2010.037,45.0
1203.748,-26214.0,1203.748,-78643.0,1203.748,-169.0,1203.748,68.0,2001.437,1.653771,2010.543,60.0,2010.543,30.0
1204.025,-10485.0,1204.025,-104857.0,1204.025,-183.0,1204.025,25.0,2001.964,1.655021,2011.029,45.0,2011.029,45.0
1204.281,-15728.0,1204.281,-110100.0,1204.281,-71.0,1204.281,62.0,2002.43,1.653261,2011.533,60.0,2011.533,30.0
1204.613,-15728.0,1204.613,-162529.0,1204.613,-70.0,1204.613,-35.0,2002.953,1.654749,2012.078,45.0,2012.078,45.0
1204.915,10485.0,1204.915,-125829.0,1204.915,50.0,1204.915,5.0,2003.432,1.659104,2012.552,60.0,2012.552,30.0
1205.212,5242.0,1205.212,-141557.0,1205.212,42.0,1205.212,37.0,2003.929,1.660114,2013.023,60.0,2013.023,30.0
1205.518,20971.0,1205.518,-110100.0,1205.518,-103.0,1205.518,100.0,2004.407,1.656393,2013.548,60.0,2013.548,30.0
1205.816,0.0,1205.816,-120586.0,1205.816,-15.0,1205.816,77.0,2004.937,1.65563,2014.054,75.0,2014.054,45.0
1206.077,-10485.0,1206.077,-99614.0,1206.077,42.0,1206.077,12.0,2005.423,1.660524,2014.519,60.0,2014.519,30.0
1206.395,-20971.0,1206.395,-110100.0,1206.395,21.0,1206.395,13.0,2005.961,1.664261,2015.038,75.0,2015.038,45.0
1206.715,-20971.0,1206.715,-115343.0,1206.715,-41.0,1206.715,14.0,2006.412,1.662679,2015.561,75.0,2015.561,45.0
1207.034,15728.0,1207.034,-115343.0,1207.034,-12.0,1207.034,-22.0,2007.399,1.661479,2016.007,75.0,2016.007,45.0
1207.297,0.0,1207.297,-120586.0,1207.297,-91.0,1207.297,182.0,2007.926,1.663974,2016.526,60.0,2016.526,30.0
1207.61,-10485.0,1207.61,-120586.0,1207.61,-23.0,1207.61,46.0,2008.424,1.659623,2017.04,75.0,2017.04,45.0
1207.91,-20971.0,1207.91,-131071.0,1207.91,-38.0,1207.91,-47.0,2008.942,1.6537,2017.533,60.0,2017.533,60.0
1208.205,-26214.0,1208.205,-104857.0,1208.205,-134.0,1208.205,98.0,2009.401,1.649963,2018.011,45.0,2018.011,45.0
1208.525,-10485.0,1208.525,-104857.0,1208.525,-34.0,1208.525,5.0,2009.944,1.648401,2018.529,60.0,2018.529,60.0
1208.8,0.0,1208.8,-136314.0,1208.8,-19.0,1208.8,-29.0,2010.392,1.642779,2019.033,75.0,2019.033,45.0
1209.112,-5242.0,1209.112,-141557.0,1209.112,-40.0,1209.112,55.0,2010.919,1.6359,2019.524,75.0,2019.524,45.0
1209.363,5242.0,1209.363,-157286.0,1209.363,-95.0,1209.363,67.0,2011.38,1.630758,2020.01,45.0,2020.01,45.0
1209.662,5242.0,1209.662,-141557.0,1209.662,-5.0,1209.662,-10.0,2011.921,1.626497,2020.502,75.0,2020.502,45.0
1210.044,-5242.0,1210.044,-136314.0,1210.044,-19.0,1210.044,-80.0,2012.394,1.621023,2021.027,75.0,2021.027,45.0
1210.258,20971.0,1210.258,-125829.0,1210.258,-109.0,1210.258,89.0,2012.899,1.613513,2021.511,75.0,2021.511,45.0
1210.592,20971.0,1210.592,-99614.0,1210.592,42.0,1210.592,-21.0,2013.377,1.607506,2021.988,75.0,2021.988,45.0
1210.883,-10485.0,1210.883,-125829.0,1210.883,37.0,1210.883,-17.0,2013.899,1.605181,2022.539,45.0,2022.539,45.0
1211.157,31457.0,1211.157,-131071.0,1211.157,-52.0,1211.157,-4.0,2014.402,1.60107,2023.017,60.0,2023.017,30.0
1211.511,10485.0,1211.511,-115343.0,1211.511,-73.0,1211.511,-36.0,2014.933,1.596538,2023.489,75.0,2023.489,45.0
1211.786,5242.0,1211.786,-125829.0,1211.786,28.0,1211.786,11.0,2015.37,1.591402,2024.02,60.0,2024.02,60.0
1212.115,26214.0,1212.115,-131071.0,1212.115,75.0,1212.115,-5.0,2015.917,1.589253,2024.507,75.0,2024.507,45.0
1212.385,36700.0,1212.385,-120586.0,1212.385,-121.0,1212.385,102.0,2016.369,1.589448,2024.982,45.0,2024.982,45.0
1212.685,41943.0,1212.685,-115343.0,1212.685,-25.0,1212.685,29.0,2016.88,1.588804,2025.505,45.0,2025.505,45.0
1213.014,26214.0,1213.014,-115343.0,1213.014,76.0,1213.014,28.0,2017.362,1.584666,2026.035,75.0,2026.035,45.0
1213.27,31457.0,1213.27,-136314.0,1213.27,-48.0,1213.27,-64.0,2017.9,1.581333,2026.501,60.0,2026.501,60.0
1213.572,41943.0,1213.572,-136314.0,1213.572,-100.0,1213.572,6.0,2018.377,1.580272,2026.979,60.0,2026.979,30.0
1213.89,73400.0,1213.89,-110100.0,1213.89,18.0,1213.89,32.0,2018.876,1.578542,2027.505,60.0,2027.505,60.0
1214.203,41943.0,1214.203,-115343.0,1214.203,47.0,1214.203,-26.0,2019.399,1.573296,2027.97,60.0,2027.97,30.0
1214.535,47185.0,1214.535,-120586.0,1214.535,-74.0,1214.535,104.0,2019.894,1.568146,2028.469,60.0,2028.469,60.0
1214.769,78643.0,1214.769,-125829.0,1214.769,-5.0,1214.769,33.0,2020.352,1.566543,2028.995,75.0,2028.995,45.0
1215.068,83886.0,1215.068,-136314.0,1215.068,88.0,1215.068,55.0,2020.893,1.564918,2029.498,75.0,2029.498,45.0
1215.369,47185.0,1215.369,-115343.0,1215.369,-29.0,1215.369,15.0,2021.369,1.56116,2029.967,60.0,2029.967,30.0
1215.677,41943.0,1215.677,-125829.0,1215.677,116.0,1215.677,-95.0,2021.86,1.555758,2030.509,60.0,2030.509,30.0
1215.995,62914.0,1215.995,-136314.0,1215.995,-133.0,1215.995,3.0,2022.354,1.552184,2030.959,60.0,2030.959,30.0
1216.3,57671.0,1216.3,-125829.0,1216.3,25.0,1216.3,15.0,2022.893,1.550241,2031.483,45.0,2031.483,45.0
1216.573,73400.0,1216.573,-110100.0,1216.573,-64.0,1216.573,40.0,2023.34,1.546379,2031.957,60.0,2031.957,60.0
1216.872,52428.0,1216.872,-125829.0,1216.872,57.0,1216.872,51.0,2023.893,1.540308,2032.454,45.0,2032.454,45.0
1217.176,78643.0,1217.176,-104857.0,1217.176,-25.0,1217.176,35.0,2024.353,1.536296,2033.001,693.0,2033.001,4680.0
1217.491,78643.0,1217.491,-89128.0,1217.491,-27.0,1217.491,-18.0,2024.865,1.533467,2033.472,947.0,2033.472,5366.0
1217.753,57671.0,1217.753,-68157.0,1217.753,34.0,1217.753,11.0,2025.337,1.530403,2033.949,692.0,2033.949,6110.0
1218.058,68157.0,1218.058,-78643.0,1218.058,15.0,1218.058,-11.0,2025.86,1.525664,2034.468,904.0,2034.468,6353.0
1218.417,62914.0,1218.417,-120586.0,1218.417,86.0,1218.417,128.0,2026.34,1.522335,2034.966,1043.0,2034.966,6640.0
1218.67,89128.0,1218.67,-89128.0,1218.67,-30.0,1218.67,-260.0,2026.886,1.521582,2035.441,2180.0,2035.441,5973.0
1218.984,136314.0,1218.984,-120586.0,1218.984,67.0,1218.984,105.0,2027.328,1.520435,2035.972,2505.0,2035.972,6073.0
1219.249,183500.0,1219.249,-99614.0,1219.249,297.0,1219.249,98.0,2027.862,1.519121,2036.482,3822.0,2036.482,4994.0
1219.554,246415.0,1219.554,-120586.0,1219.554,175.0,1219.554,187.0,2028.318,1.516652,2036.96,5569.0,2036.96,3903.0
1219.852,293601.0,1219.852,-31457.0,1219.852,277.0,1219.852,448.0,2028.85,1.516083,2037.439,5871.0,2037.439,3975.0
1220.164,251658.0,1220.164,-5242.0,1220.164,43.0,1220.164,441.0,2029.33,1.516674,2037.955,5975.0,2037.955,4740.0
1220.495,251658.0,1220.495,68157.0,1220.495,-149.0,1220.495,420.0,2029.863,1.51551,2038.432,5804.0,2038.432,5514.0
1220.748,251658.0,1220.748,110100.0,1220.748,-105.0,1220.748,315.0,2030.325,1.512984,2038.961,6178.0,2038.961,5613.0
1221.043,141557.0,1221.043,157286.0,1221.043,-227.0,1221.043,334.0,2030.866,1.511803,2039.481,7072.0,2039.481,5036.0
1221.342,104857.0,1221.342,183500.0,1221.342,-258.0,1221.342,308.0,2031.315,1.512505,2039.96,6033.0,2039.96,6016.0
1221.655,20971.0,1221.655,120586.0,1221.655,-209.0,1221.655,411.0,2031.838,1.512564,2040.448,6711.0,2040.448,5414.0
1221.98,52428.0,1221.98,146800.0,1221.98,-211.0,1221.98,143.0,2032.302,1.511598,2040.978,6515.0,2040.978,5422.0
1222.249,31457.0,1222.249,157286.0,1222.249,-198.0,1222.249,169.0,2032.855,1.510394,2041.421,7114.0,2041.421,4770.0
1222.574,68157.0,1222.574,167772.0,1222.574,-93.0,1222.574,235.0,2033.331,1.56705,2041.944,6281.0,2041.944,5666.0
1222.841,41943.0,1222.841,157286.0,1222.841,-386.0,1222.841,-38.0,2033.824,1.773238,2042.414,6181.0,2042.414,5792.0
1223.15,47185.0,1223.15,162529.0,1223.15,-133.0,1223.15,-52.0,2034.304,2.082961,2042.913,6281.0,2042.913,5493.0
1223.468,31457.0,1223.468,131071.0,1223.468,-283.0,1223.468,34.0,2034.821,2.42955,2043.465,6504.0,2043.465,5279.0
1223.737,47185.0,1223.737,120586.0,1223.737,-57.0,1223.737,31.0,2035.296,2.796383,2043.94,7060.0,2043.94,4815.0
1224.042,62914.0,1224.042,141557.0,1224.042,-35.0,1224.042,-16.0,2035.845,-3.128476,2044.41,6887.0,2044.41,5040.0
1224.309,41943.0,1224.309,162529.0,1224.309,-30.0,1224.309,97.0,2036.293,-2.82285,2044.93,6012.0,2044.93,5757.0
1224.661,47185.0,1224.661,173014.0,1224.661,-116.0,1224.661,67.0,2036.842,-2.556032,2045.428,6579.0,2045.428,5342.0
1224.992,52428.0,1224.992,157286.0,1224.992,-143.0,1224.992,-98.0,2037.287,-2.387887,2045.934,6706.0,2045.934,5043.0
1225.232,36700.0,1225.232,183500.0,1225.232,-92.0,1225.232,-3.0,2037.83,-2.328644,2046.427,6534.0,2046.427,5423.0
1225.539,83886.0,1225.539,209715.0,1225.539,-226.0,1225.539,-184.0,2038.298,-2.3596,2046.958,6543.0,2046.958,5277.0
1225.862,52428.0,1225.862,183500.0,1225.862,-118.0,1225.862,-22.0,2038.824,-2.357117,2047.4,6644.0,2047.4,5223.0
1226.142,68157.0,1226.142,178257.0,1226.142,-104.0,1226.142,-123.0,2039.281,-2.318982,2047.909,6997.0,2047.909,4852.0
1226.44,68157.0,1226.44,188743.0,1226.44,-29.0,1226.44,-213.0,2039.808,-2.289992,2048.434,7592.0,2048.434,4329.0
1226.74,89128.0,1226.74,178257.0,1226.74,-88.0,1226.74,-108.0,2040.287,-2.272678,2048.899,7176.0,2048.899,4595.0
1227.026,62914.0,1227.026,136314.0,1227.026,45.0,1227.026,-40.0,2040.813,-2.258042,2049.393,7076.0,2049.393,4886.0
1227.323,89128.0,1227.323,136314.0,1227.323,229.0,1227.323,9.0,2041.274,-2.232486,2049.929,6642.0,2049.929,5355.0
1227.597,131071.0,1227.597,209715.0,1227.597,165.0,1227.597,203.0,2041.828,-2.223054,2050.421,5992.0,2050.421,5971.0
1227.959,89128.0,1227.959,146800.0,1227.959,166.0,1227.959,-86.0,2042.289,-2.219014,2050.915,6586.0,2050.915,5272.0
1228.227,110100.0,1228.227,167772.0,1228.227,112.0,1228.227,-102.0,2042.788,-2.2056,2051.44,6220.0,2051.44,5734.0
1228.523,136314.0,1228.523,167772.0,1228.523,35.0,1228.523,-135.0,2043.267,-2.177877,2051.877,5389.0,2051.877,6669.0
1228.873,110100.0,1228.873,167772.0,1228.873,17.0,1228.873,-26.0,2044.262,-2.154921,2052.406,5822.0,2052.406,5572.0
1229.127,146800.0,1229.127,173014.0,1229.127,54.0,1229.127,-80.0,2044.77,-2.156936,2052.9,5867.0,2052.9,6086.0
1229.447,104857.0,1229.447,146800.0,1229.447,81.0,1229.447,-185.0,2045.259,-2.147091,2053.376,5841.0,2053.376,5840.0
1229.715,136314.0,1229.715,178257.0,1229.715,-102.0,1229.715,-17.0,2045.777,-2.149013,2053.926,6567.0,2053.926,5328.0
1230.018,146800.0,1230.018,141557.0,1230.018,-65.0,1230.018,-58.0,2046.304,-2.147105,2054.396,6335.0,2054.396,5213.0
1230.312,146800.0,1230.312,136314.0,1230.312,-135.0,1230.312,37.0,2046.781,-2.14554,2054.865,7375.0,2054.865,4655.0
1230.639,162529.0,1230.639,188743.0,1230.639,-225.0,1230.639,87.0,2047.291,-2.146172,2055.391,6865.0,2055.391,4882.0
1230.961,125829.0,1230.961,204472.0,1230.961,-174.0,1230.961,12.0,2047.781,-2.151161,2055.888,6851.0,2055.888,5150.0
1231.216,131071.0,1231.216,178257.0,1231.216,-93.0,1231.216,-212.0,2048.249,-2.16872,2056.361,7040.0,2056.361,4811.0
1231.515,136314.0,1231.515,188743.0,1231.515,-219.0,1231.515,21.0,2048.777,-2.218184,2056.896,6913.0,2056.896,5074.0
1231.807,131071.0,1231.807,173014.0,1231.807,-173.0,1231.807,187.0,2049.249,-2.302462,2057.416,6715.0,2057.416,5030.0
1232.114,125829.0,1232.114,183500.0,1232.114,-252.0,1232.114,23.0,2049.771,-2.385085,2057.86,6394.0,2057.86,5410.0
1232.436,115343.0,1232.436,183500.0,1232.436,-187.0,1232.436,10.0,2050.26,-2.473615,2058.364,6106.0,2058.364,5753.0
1232.711,152043.0,1232.711,241172.0,1232.711,-159.0,1232.711,-73.0,2050.789,-2.530015,2058.888,6171.0,2058.888,5671.0
1233.031,120586.0,1233.031,193986.0,1233.031,-15.0,1233.031,18.0,2051.237,-2.576841,2059.355,5386.0,2059.355,6388.0
1233.308,115343.0,1233.308,188743.0,1233.308,-11.0,1233.308,-128.0,2051.749,-2.611419,2059.862,5159.0,2059.862,6560.0
1233.614,99614.0,1233.614,178257.0,1233.614,-142.0,1233.614,21.0,2052.239,-2.595699,2060.373,5271.0,2060.373,6536.0
1233.945,152043.0,1233.945,188743.0,1233.945,-69.0,1233.945,-23.0,2052.761,-2.561501,2060.893,5541.0,2060.893,6136.0
1234.203,125829.0,1234.203,193986.0,1234.203,11.0,1234.203,17.0,2053.238,-2.515537,2061.367,5527.0,2061.367,6372.0
1234.501,110100.0,1234.501,193986.0,1234.501,-17.0,1234.501,-68.0,2053.773,-2.467056,2061.889,6177.0,2061.889,5464.0
1234.806,104857.0,1234.806,136314.0,1234.806,-4.0,1234.806,50.0,2054.248,-2.438568,2062.341,6703.0,2062.341,5177.0
1235.132,83886.0,1235.132,204472.0,1235.132,21.0,1235.132,218.0,2055.243,-2.466015,2062.873,7072.0,2062.873,4880.0
1235.414,94371.0,1235.414,188743.0,1235.414,85.0,1235.414,152.0,2055.751,-2.523658,2063.334,7350.0,2063.334,4501.0
1235.688,131071.0,1235.688,173014.0,1235.688,-41.0,1235.688,174.0,2056.221,-2.584074,2063.869,7262.0,2063.869,4789.0
1235.991,120586.0,1235.991,157286.0,1235.991,-192.0,1235.991,212.0,2056.766,-2.660001,2064.377,7567.0,2064.377,4378.0
1236.291,131071.0,1236.291,173014.0,1236.291,56.0,1236.291,282.0,2057.224,-2.7457,2064.873,7247.0,2064.873,4595.0
1236.575,115343.0,1236.575,173014.0,1236.575,-80.0,1236.575,151.0,2057.754,-2.828138,2065.332,6963.0,2065.332,4811.0
1236.895,99614.0,1236.895,173014.0,1236.895,14.0,1236.895,25.0,2058.225,-2.900871,2065.861,7184.0,2065.861,4851.0
1237.222,162529.0,1237.222,188743.0,1237.222,54.0,1237.222,206.0,2058.728,-2.947996,2066.367,6444.0,2066.367,5422.0
1237.496,183500.0,1237.496,173014.0,1237.496,-33.0,1237.496,172.0,2059.209,-2.962817,2066.827,6210.0,2066.827,5459.0
1237.79,131071.0,1237.79,162529.0,1237.79,69.0,1237.79,412.0,2059.768,-2.917363,2067.341,6090.0,2067.341,5751.0
1238.103,157286.0,1238.103,152043.0,1238.103,66.0,1238.103,160.0,2060.255,-2.830109,2067.82,5830.0,2067.82,6067.0
1238.414,167772.0,1238.414,183500.0,1238.414,146.0,1238.414,121.0,2060.723,-2.716495,2068.323,5538.0,2068.323,6239.0
1238.69,146800.0,1238.69,173014.0,1238.69,-127.0,1238.69,176.0,2061.218,-2.592573,2068.824,5528.0,2068.824,6324.0
1238.985,136314.0,1238.985,173014.0,1238.985,-10.0,1238.985,213.0,2061.728,-2.467968,2069.315,6060.0,2069.315,5925.0
1239.344,146800.0,1239.344,178257.0,1239.344,93.0,1239.344,246.0,2062.199,-2.356766,2069.811,6174.0,2069.811,5628.0
1239.587,146800.0,1239.587,146800.0,1239.587,-79.0,1239.587,120.0,2062.755,-2.278442,2070.311,6294.0,2070.311,5329.0
1239.912,162529.0,1239.912,167772.0,1239.912,80.0,1239.912,162.0,2063.21,-2.235887,2070.847,6543.0,2070.847,5355.0
1240.176,157286.0,1240.176,178257.0,1240.176,-142.0,1240.176,82.0,2063.713,-2.222274,2071.361,6810.0,2071.361,5021.0
1240.477,157286.0,1240.477,131071.0,1240.477,51.0,1240.477,190.0,2064.195,-2.246147,2071.839,7000.0,2071.839,4898.0
1240.798,167772.0,1240.798,152043.0,1240.798,97.0,1240.798,303.0,2064.761,-2.306177,2072.318,6936.0,2072.318,4905.0
1241.047,157286.0,1241.047,136314.0,1241.047,172.0,1241.047,131.0,2065.195,-2.395585,2072.827,6839.0,2072.827,4852.0
1241.424,152043.0,1241.424,141557.0,1241.424,58.0,1241.424,71.0,2065.694,-2.48684,2073.323,6750.0,2073.323,5002.0
1241.671,188743.0,1241.671,167772.0,1241.671,41.0,1241.671,-28.0,2066.179,-2.57609,2073.823,6810.0,2073.823,5041.0
1241.977,173014.0,1241.977,162529.0,1241.977,193.0,1241.977,-45.0,2066.733,-2.649501,2074.299,6832.0,2074.299,5033.0
1242.269,152043.0,1242.269,136314.0,1242.269,-79.0,1242.269,79.0,2067.186,-2.700343,2074.779,5996.0,2074.779,5730.0
1242.543,131071.0,1242.543,131071.0,1242.543,-213.0,1242.543,146.0,2067.713,-2.724594,2075.319,6283.0,2075.319,5585.0
1242.897,157286.0,1242.897,131071.0,1242.897,-72.0,1242.897,-70.0,2068.199,-2.718647,2075.797,5928.0,2075.797,5787.0
1243.16,188743.0,1243.16,146800.0,1243.16,-40.0,1243.16,-18.0,2068.719,-2.68027,2076.812,5742.0,2076.812,6225.0
1243.484,173014.0,1243.484,146800.0,1243.484,258.0,1243.484,162.0,2069.173,-2.600507,2077.291,5846.0,2077.291,5702.0
1243.764,188743.0,1243.764,99614.0,1243.764,61.0,1243.764,77.0,2069.702,-2.519318,2077.828,6020.0,2077.828,5720.0
1244.08,241172.0,1244.08,136314.0,1244.08,-56.0,1244.08,274.0,2070.179,-2.442559,2078.326,5964.0,2078.326,5646.0
1244.393,173014.0,1244.393,99614.0,1244.393,56.0,1244.393,227.0,2070.693,-2.371499,2078.783,6127.0,2078.783,5661.0
1244.672,199229.0,1244.672,68157.0,1244.672,-157.0,1244.672,26.0,2071.164,-2.327218,2079.284,6687.0,2079.284,5089.0
1244.959,178257.0,1244.959,73400.0,1244.959,27.0,1244.959,-119.0,2071.716,-2.303044,2079.883,6326.0,2079.883,5421.0
1245.232,193986.0,1245.232,57671.0,1245.232,210.0,1245.232,41.0,2072.154,-2.306785,2080.309,6432.0,2080.309,5321.0
1245.596,204472.0,1245.596,36700.0,1245.596,99.0,1245.596,-29.0,2072.675,-2.33065,2080.774,7196.0,2080.774,4564.0
1245.879,209715.0,1245.879,78643.0,1245.879,57.0,1245.879,233.0,2073.175,-2.372404,2081.316,6771.0,2081.316,4966.0
1246.154,193986.0,1246.154,36700.0,1246.154,-149.0,1246.154,112.0,2073.698,-2.425009,2081.806,6990.0,2081.806,4945.0
1246.463,183500.0,1246.463,0.0,1246.463,120.0,1246.463,78.0,2074.162,-2.473178,2082.302,6761.0,2082.302,5165.0
1246.754,173014.0,1246.754,-5242.0,1246.754,97.0,1246.754,-48.0,2074.693,-2.529847,2082.817,6284.0,2082.817,5463.0
1247.06,220200.0,1247.06,10485.0,1247.06,13.0,1247.06,76.0,2075.169,-2.571201,2083.284,6784.0,2083.284,5058.0
1247.352,188743.0,1247.352,15728.0,1247.352,131.0,1247.352,176.0,2075.681,-2.604394,2083.773,6434.0,2083.773,5352.0
1247.671,162529.0,1247.671,-26214.0,1247.671,80.0,1247.671,-135.0,2076.15,-2.618469,2084.258,5946.0,2084.258,5827.0
1247.942,204472.0,1247.942,-20971.0,1247.942,-65.0,1247.942,42.0,2076.672,-2.612205,2084.756,6284.0,2084.756,5595.0
1248.251,183500.0,1248.251,-41943.0,1248.251,80.0,1248.251,115.0,2077.161,-2.578634,2085.31,5991.0,2085.31,5870.0
1248.521,173014.0,1248.521,-20971.0,1248.521,-315.0,1248.521,76.0,2077.691,-2.52916,2085.798,5618.0,2085.798,5945.0
1248.878,193986.0,1248.878,-47185.0,1248.878,-177.0,1248.878,33.0,2078.175,-2.471889,2086.246,6188.0,2086.246,5768.0
1249.161,141557.0,1249.161,-57671.0,1249.161,-221.0,1249.161,57.0,2078.7,-2.39796,2087.291,6021.0,2087.291,5740.0
1249.452,199229.0,1249.452,-83886.0,1249.452,-9.0,1249.452,-213.0,2079.662,-2.264659,2087.807,6624.0,2087.807,5213.0
1249.771,173014.0,1249.771,-89128.0,1249.771,-38.0,1249.771,-140.0,2080.148,-2.232477,2088.292,6283.0,2088.292,5438.0
1250.041,188743.0,1250.041,-83886.0,1250.041,-160.0,1250.041,-165.0,2081.136,-2.207963,2088.791,6369.0,2088.791,5404.0
1250.378,157286.0,1250.378,-99614.0,1250.378,-45.0,1250.378,17.0,2081.69,-2.223772,2089.246,6313.0,2089.246,5413.0
1250.639,178257.0,1250.639,-141557.0,1250.639,-149.0,1250.639,-76.0,2082.174,-2.266308,2089.755,6306.0,2089.755,5449.0
1250.934,141557.0,1250.934,-115343.0,1250.934,-151.0,1250.934,-163.0,2082.658,-2.315761,2090.238,6404.0,2090.238,5332.0
1251.24,152043.0,1251.24,-157286.0,1251.24,-48.0,1251.24,5.0,2083.123,-2.354244,2090.734,6573.0,2090.734,5127.0
1251.508,131071.0,1251.508,-120586.0,1251.508,-106.0,1251.508,-19.0,2083.666,-2.395355,2091.248,6089.0,2091.248,5723.0
1251.862,136314.0,1251.862,-152043.0,1251.862,-101.0,1251.862,-17.0,2084.118,-2.426636,2091.757,6453.0,2091.757,5297.0
1252.141,146800.0,1252.141,-162529.0,1252.141,185.0,1252.141,-3.0,2084.646,-2.443462,2092.299,6370.0,2092.299,5436.0
1252.437,99614.0,1252.437,-146800.0,1252.437,-18.0,1252.437,126.0,2085.123,-2.455085,2093.241,6434.0,2093.241,5361.0
1252.752,141557.0,1252.752,-173014.0,1252.752,-81.0,1252.752,45.0,2085.656,-2.449946,2093.723,6699.0,2093.723,5099.0
1253.003,115343.0,1253.003,-152043.0,1253.003,-146.0,1253.003,-102.0,2086.142,-2.423368,2094.258,6441.0,2094.258,5401.0
1253.376,146800.0,1253.376,-157286.0,1253.376,-194.0,1253.376,1.0,2086.655,-2.384806,2094.748,6441.0,2094.748,5302.0
1253.634,120586.0,1253.634,-188743.0,1253.634,-257.0,1253.634,16.0,2087.131,-2.339838,2095.263,6491.0,2095.263,5269.0
1253.944,136314.0,1253.944,-193986.0,1253.944,-34.0,1253.944,-79.0,2087.635,-2.294628,2095.757,6894.0,2095.757,5019.0
1254.225,83886.0,1254.225,-183500.0,1254.225,-57.0,1254.225,-44.0,2088.097,-2.261215,2096.253,6739.0,2096.253,5087.0
1254.535,94371.0,1254.535,-188743.0,1254.535,-197.0,1254.535,138.0,2088.641,-2.229398,2096.722,6202.0,2096.722,5633.0
1254.858,152043.0,1254.858,-193986.0,1254.858,-75.0,1254.858,113.0,2089.12,-2.206161,2097.247,5922.0,2097.247,5873.0
1255.122,99614.0,1255.122,-193986.0,1255.122,-30.0,1255.122,48.0,2089.638,-2.191489,2097.741,6062.0,2097.741,5742.0
1255.416,146800.0,1255.416,-220200.0,1255.416,-101.0,1255.416,-217.0,2090.096,-2.18523,2098.226,6110.0,2098.226,5684.0
1255.721,131071.0,1255.721,-173014.0,1255.721,-24.0,1255.721,107.0,2090.627,-2.192559,2098.742,6214.0,2098.742,5494.0
1256.046,152043.0,1256.046,-162529.0,1256.046,-123.0,1256.046,15.0,2091.102,-2.211971,2099.251,5956.0,2099.251,5839.0
1256.335,110100.0,1256.335,-178257.0,1256.335,-74.0,1256.335,131.0,2091.62,-2.215672,2099.702,6123.0,2099.702,5643.0
1256.611,115343.0,1256.611,-193986.0,1256.611,-99.0,1256.611,47.0,2092.105,-2.216244,2100.204,5907.0,2100.204,5709.0
1256.916,162529.0,1256.916,-214957.0,1256.916,45.0,1256.916,-17.0,2092.63,-2.219707,2100.731,6297.0,2100.731,5496.0
1257.228,141557.0,1257.228,-178257.0,1257.228,-81.0,1257.228,-38.0,2093.11,-2.21598,2101.201,6488.0,2101.201,5285.0
1257.525,125829.0,1257.525,-162529.0,1257.525,-108.0,1257.525,31.0,2093.597,-2.221203,2101.695,6106.0,2101.695,5618.0
1257.84,136314.0,1257.84,-167772.0,1257.84,-14.0,1257.84,-42.0,2094.12,-2.242771,2102.239,6492.0,2102.239,5410.0
1258.168,157286.0,1258.168,-162529.0,1258.168,-33.0,1258.168,-223.0,2094.601,-2.277889,2102.759,6274.0,2102.759,5423.0
1258.415,146800.0,1258.415,-167772.0,1258.415,-159.0,1258.415,-204.0,2095.084,-2.312434,2103.22,6523.0,2103.22,5242.0
1258.709,136314.0,1258.709,-178257.0,1258.709,-195.0,1258.709,-194.0,2095.637,-2.345267,2103.736,6678.0,2103.736,5083.0
1259.018,146800.0,1259.018,-162529.0,1259.018,-160.0,1259.018,-67.0,2096.091,-2.392722,2104.225,6373.0,2104.225,5217.0
1259.334,131071.0,1259.334,-173014.0,1259.334,-64.0,1259.334,56.0,2096.599,-2.428671,2104.717,6693.0,2104.717,5160.0
1259.609,89128.0,1259.609,-173014.0,1259.609,-142.0,1259.609,-20.0,2097.077,-2.454891,2105.19,6414.0,2105.19,5447.0
1259.903,131071.0,1259.903,-193986.0,1259.903,-28.0,1259.903,-3.0,2097.596,-2.470469,2105.693,6546.0,2105.693,5296.0
1260.254,131071.0,1260.254,-178257.0,1260.254,-100.0,1260.254,55.0,2098.083,-2.491306,2106.218,7044.0,2106.218,4829.0
1260.475,99614.0,1260.475,-188743.0,1260.475,-38.0,1260.475,-87.0,2098.612,-2.501873,2106.714,6734.0,2106.714,5078.0
1260.849,94371.0,1260.849,-162529.0,1260.849,-242.0,1260.849,-47.0,2099.086,-2.502518,2107.177,6562.0,2107.177,5177.0
1261.073,115343.0,1261.073,-193986.0,1261.073,-111.0,1261.073,-318.0,2099.616,-2.48643,2107.715,6070.0,2107.715,5689.0
1261.407,94371.0,1261.407,-204472.0,1261.407,-184.0,1261.407,-137.0,2100.068,-2.461921,2108.217,6233.0,2108.217,5579.0
1261.715,94371.0,1261.715,-199229.0,1261.715,-62.0,1261.715,-197.0,2100.608,-2.433175,2108.705,6101.0,2108.705,5698.0
1262.011,57671.0,1262.011,-183500.0,1262.011,-82.0,1262.011,-193.0,2101.07,-2.418938,2109.164,6131.0,2109.164,5651.0
1262.341,99614.0,1262.341,-204472.0,1262.341,-17.0,1262.341,-127.0,2101.591,-2.403224,2109.677,6110.0,2109.677,5797.0
1262.595,83886.0,1262.595,-193986.0,1262.595,-222.0,1262.595,-212.0,2102.062,-2.38142,2110.17,6149.0,2110.17,5816.0
1262.893,62914.0,1262.893,-209715.0,1262.893,-294.0,1262.893,31.0,2102.579,-2.358493,2110.717,6248.0,2110.717,5483.0
1263.2,83886.0,1263.2,-167772.0,1263.2,-24.0,1263.2,-192.0,2103.088,-2.346059,2111.186,6466.0,2111.186,5328.0
1263.507,104857.0,1263.507,-246415.0,1263.507,6.0,1263.507,-106.0,2103.574,-2.339579,2111.654,6155.0,2111.654,5458.0
1263.826,62914.0,1263.826,-225443.0,1263.826,-172.0,1263.826,-160.0,2104.133,-2.340105,2112.169,6869.0,2112.169,4903.0
1264.085,89128.0,1264.085,-214957.0,1264.085,-100.0,1264.085,-16.0,2104.585,-2.348737,2112.693,6445.0,2112.693,5303.0
1264.417,125829.0,1264.417,-199229.0,1264.417,-9.0,1264.417,-85.0,2105.034,-2.364682,2113.215,6457.0,2113.215,5330.0
1264.689,83886.0,1264.689,-209715.0,1264.689,73.0,1264.689,-215.0,2106.045,-2.391906,2113.685,6432.0,2113.685,5454.0
1265.314,94371.0,1265.314,-209715.0,1265.314,-38.0,1265.314,-64.0,2106.635,-2.428768,2114.139,6432.0,2114.139,5351.0
1265.592,120586.0,1265.592,-183500.0,1265.592,18.0,1265.592,-206.0,2107.044,-2.463119,2114.682,6582.0,2114.682,5141.0
1265.887,136314.0,1265.887,-214957.0,1265.887,75.0,1265.887,-56.0,2107.542,-2.494894,2115.148,6754.0,2115.148,5064.0
1266.191,131071.0,1266.191,-204472.0,1266.191,-88.0,1266.191,-3.0,2108.022,-2.516986,2115.65,6709.0,2115.65,5034.0
1266.51,89128.0,1266.51,-209715.0,1266.51,-90.0,1266.51,119.0,2108.593,-2.535024,2116.241,6542.0,2116.241,5199.0
1266.843,152043.0,1266.843,-225443.0,1266.843,-53.0,1266.843,-77.0,2109.07,-2.542886,2116.69,6406.0,2116.69,5277.0
1267.084,136314.0,1267.084,-183500.0,1267.084,-68.0,1267.084,-107.0,2109.536,-2.526475,2117.168,6652.0,2117.168,5094.0
1267.38,120586.0,1267.38,-188743.0,1267.38,-200.0,1267.38,-12.0,2110.043,-2.511478,2117.643,6412.0,2117.643,5354.0
1267.946,131071.0,1267.946,-152043.0,1267.946,-151.0,1267.946,-12.0,2110.556,-2.481394,2118.169,6310.0,2118.169,5500.0
1268.28,146800.0,1268.28,-162529.0,1268.28,-12.0,1268.28,110.0,2111.016,-2.451177,2118.657,6165.0,2118.657,5555.0
1268.591,146800.0,1268.591,-173014.0,1268.591,-60.0,1268.591,-37.0,2111.541,-2.425564,2119.135,6369.0,2119.135,5426.0
1268.875,141557.0,1268.875,-183500.0,1268.875,-39.0,1268.875,215.0,2112.08,-2.407333,2119.666,6249.0,2119.666,5585.0
1269.168,125829.0,1269.168,-162529.0,1269.168,-147.0,1269.168,-66.0,2112.536,-2.40012,2120.177,6260.0,2120.177,5438.0
1269.803,104857.0,1269.803,-178257.0,1269.803,-118.0,1269.803,104.0,2113.022,-2.388992,2120.661,6575.0,2120.661,5188.0
1270.067,99614.0,1270.067,-167772.0,1270.067,-139.0,1270.067,-91.0,2113.571,-2.379229,2121.141,6501.0,2121.141,5155.0
1270.373,104857.0,1270.373,-178257.0,1270.373,-6.0,1270.373,-167.0,2114.018,-2.360904,2122.123,6753.0,2122.123,5116.0
1270.7,115343.0,1270.7,-178257.0,1270.7,-16.0,1270.7,25.0,2114.605,-2.343104,2122.65,6575.0,2122.65,5207.0
1270.975,78643.0,1270.975,-188743.0,1270.975,77.0,1270.975,-83.0,2115.004,-2.327258,2123.153,6209.0,2123.153,5393.0
1271.29,78643.0,1271.29,-178257.0,1271.29,67.0,1271.29,-216.0,2115.547,-2.322252,2123.658,6484.0,2123.658,5337.0
1271.561,62914.0,1271.561,-204472.0,1271.561,39.0,1271.561,-65.0,2116.004,-2.326528,2124.146,6245.0,2124.146,5600.0
1271.867,83886.0,1271.867,-178257.0,1271.867,-169.0,1271.867,-249.0,2116.551,-2.341921,2124.662,6184.0,2124.662,5643.0
1272.161,52428.0,1272.161,-199229.0,1272.161,-30.0,1272.161,-285.0,2117.033,-2.352876,2125.111,6230.0,2125.111,5487.0
1272.468,36700.0,1272.468,-225443.0,1272.468,-23.0,1272.468,-211.0,2117.518,-2.370574,2125.633,6416.0,2125.633,5344.0
1272.806,57671.0,1272.806,-183500.0,1272.806,-63.0,1272.806,-3.0,2117.995,-2.389178,2126.104,6342.0,2126.104,5374.0
1273.049,15728.0,1273.049,-188743.0,1273.049,-222.0,1273.049,-229.0,2118.53,-2.397273,2126.6,6686.0,2126.6,5016.0
1273.36,20971.0,1273.36,-235929.0,1273.36,86.0,1273.36,-84.0,2118.986,-2.408955,2127.639,6433.0,2127.639,5358.0
1273.652,20971.0,1273.652,-241172.0,1273.652,-70.0,1273.652,-214.0,2119.524,-2.422719,2128.117,6613.0,2128.117,5098.0
1273.925,47185.0,1273.925,-241172.0,1273.925,-103.0,1273.925,-275.0,2119.99,-2.421578,2128.63,6612.0,2128.63,5186.0
1274.302,62914.0,1274.302,-188743.0,1274.302,67.0,1274.302,-169.0,2120.534,-2.421441,2129.13,6554.0,2129.13,5246.0
1274.522,62914.0,1274.522,-167772.0,1274.522,59.0,1274.522,-136.0,2121.015,-2.427305,2129.599,6771.0,2129.599,4980.0
1274.866,99614.0,1274.866,-220200.0,1274.866,327.0,1274.866,-73.0,2121.493,-2.432389,2130.11,6837.0,2130.11,5014.0
1275.156,83886.0,1275.156,-183500.0,1275.156,134.0,1275.156,16.0,2121.978,-2.437153,2130.607,6480.0,2130.607,5236.0
1275.458,141557.0,1275.458,-225443.0,1275.458,170.0,1275.458,-110.0,2122.517,-2.451877,2131.09,6188.0,2131.09,5612.0
1275.79,78643.0,1275.79,-225443.0,1275.79,107.0,1275.79,-235.0,2122.987,-2.465418,2131.593,6298.0,2131.593,5532.0
1276.048,152043.0,1276.048,-204472.0,1276.048,207.0,1276.048,-174.0,2123.488,-2.467185,2132.12,6285.0,2132.12,5446.0
1276.349,146800.0,1276.349,-157286.0,1276.349,164.0,1276.349,-384.0,2123.979,-2.469138,2132.577,6312.0,2132.577,5561.0
1276.65,99614.0,1276.65,-162529.0,1276.65,102.0,1276.65,-239.0,2124.482,-2.462453,2133.078,5997.0,2133.078,5773.0
1276.968,141557.0,1276.968,-183500.0,1276.968,102.0,1276.968,-156.0,2124.976,-2.45641,2133.607,6185.0,2133.607,5546.0
1277.258,157286.0,1277.258,-125829.0,1277.258,-15.0,1277.258,-106.0,2125.504,-2.442502,2134.079,6077.0,2134.079,5710.0
1277.547,68157.0,1277.547,-167772.0,1277.547,6.0,1277.547,-334.0,2125.98,-2.430579,2134.607,6062.0,2134.607,5683.0
1277.837,89128.0,1277.837,-183500.0,1277.837,99.0,1277.837,-321.0,2126.49,-2.420348,2135.071,6244.0,2135.071,5501.0
1278.138,115343.0,1278.138,-167772.0,1278.138,79.0,1278.138,-41.0,2127.506,-2.429346,2135.595,6115.0,2135.595,5673.0
1278.447,99614.0,1278.447,-173014.0,1278.447,-33.0,1278.447,-130.0,2127.971,-2.426239,2136.062,6312.0,2136.062,5358.0
1278.744,120586.0,1278.744,-146800.0,1278.744,-3.0,1278.744,-170.0,2128.503,-2.42737,2136.595,6255.0,2136.595,5448.0
1279.069,125829.0,1279.069,-157286.0,1279.069,-7.0,1279.069,-128.0,2128.964,-2.439455,2137.067,6793.0,2137.067,4976.0
1279.332,125829.0,1279.332,-167772.0,1279.332,-20.0,1279.332,-32.0,2129.467,-2.453597,2137.618,6694.0,2137.618,5069.0
1279.646,110100.0,1279.646,-199229.0,1279.646,-111.0,1279.646,-74.0,2129.959,-2.486593,2138.088,6590.0,2138.088,5279.0
1279.938,99614.0,1279.938,-193986.0,1279.938,-120.0,1279.938,-184.0,2130.482,-2.52285,2138.561,7148.0,2138.561,4664.0
1280.265,78643.0,1280.265,-199229.0,1280.265,-61.0,1280.265,16.0,2130.973,-2.54515,2139.081,6633.0,2139.081,5181.0
1280.525,5242.0,1280.525,-188743.0,1280.525,-239.0,1280.525,-102.0,2131.49,-2.556901,2140.064,7048.0,2140.064,4826.0
1280.856,47185.0,1280.856,-157286.0,1280.856,-402.0,1280.856,-325.0,2131.932,-2.571167,2140.593,6743.0,2140.593,4974.0
1281.179,15728.0,1281.179,-199229.0,1281.179,-215.0,1281.179,-62.0,2132.468,-2.582116,2141.546,6564.0,2141.546,5196.0
1281.396,-15728.0,1281.396,-204472.0,1281.396,-300.0,1281.396,-95.0,2132.944,-2.59193,2142.071,6556.0,2142.071,5332.0
1281.752,52428.0,1281.752,-225443.0,1281.752,-329.0,1281.752,-274.0,2133.462,-2.585487,2142.577,6631.0,2142.577,5102.0
1282.026,10485.0,1282.026,-209715.0,1282.026,-70.0,1282.026,-75.0,2133.946,-2.568915,2143.046,6261.0,2143.046,5599.0
1282.321,5242.0,1282.321,-230686.0,1282.321,-223.0,1282.321,-111.0,2134.487,-2.547043,2143.545,6229.0,2143.545,5544.0
1282.619,26214.0,1282.619,-214957.0,1282.619,-161.0,1282.619,-203.0,2134.928,-2.51541,2144.127,5880.0,2144.127,6014.0
1282.926,31457.0,1282.926,-214957.0,1282.926,-132.0,1282.926,-157.0,2135.434,-2.485073,2144.578,5837.0,2144.578,5930.0
1283.282,31457.0,1283.282,-183500.0,1283.282,-223.0,1283.282,-62.0,2135.93,-2.452576,2145.061,5752.0,2145.061,5941.0
1283.525,-10485.0,1283.525,-209715.0,1283.525,21.0,1283.525,27.0,2136.452,-2.426775,2145.583,5944.0,2145.583,5688.0
1283.815,20971.0,1283.815,-225443.0,1283.815,9.0,1283.815,139.0,2136.915,-2.396066,2146.064,6106.0,2146.064,5568.0
1284.088,62914.0,1284.088,-204472.0,1284.088,-22.0,1284.088,-38.0,2137.468,-2.373261,2146.561,6445.0,2146.561,5250.0
1284.42,41943.0,1284.42,-235929.0,1284.42,-225.0,1284.42,-2.0,2137.957,-2.360975,2147.025,6738.0,2147.025,5039.0
1284.747,57671.0,1284.747,-230686.0,1284.747,108.0,1284.747,-81.0,2138.438,-2.357955,2147.524,6812.0,2147.524,4893.0
1284.984,73400.0,1284.984,-199229.0,1284.984,107.0,1284.984,-113.0,2138.925,-2.377296,2148.095,6750.0,2148.095,4984.0
1285.335,94371.0,1285.335,-225443.0,1285.335,73.0,1285.335,11.0,2139.434,-2.402578,2148.531,7304.0,2148.531,4497.0
1285.612,36700.0,1285.612,-209715.0,1285.612,-31.0,1285.612,149.0,2139.91,-2.431711,2149.023,7075.0,2149.023,4836.0
1285.88,41943.0,1285.88,-199229.0,1285.88,124.0,1285.88,-51.0,2140.452,-2.486939,2150.074,7185.0,2150.074,4554.0
1286.236,47185.0,1286.236,-162529.0,1286.236,78.0,1286.236,-41.0,2141.02,-2.547935,2150.514,6974.0,2150.514,4900.0
1286.507,52428.0,1286.507,-256900.0,1286.507,112.0,1286.507,-120.0,2141.453,-2.601711,2151.013,7011.0,2151.013,4910.0
1286.805,57671.0,1286.805,-225443.0,1286.805,217.0,1286.805,219.0,2141.915,-2.658633,2151.559,6595.0,2151.559,5229.0
1287.104,99614.0,1287.104,-188743.0,1287.104,104.0,1287.104,-10.0,2142.428,-2.705519,2152.012,6536.0,2152.012,5280.0
1287.429,57671.0,1287.429,-246415.0,1287.429,-136.0,1287.429,-213.0,2142.997,-2.761401,2152.526,6625.0,2152.526,5143.0
1287.762,68157.0,1287.762,-220200.0,1287.762,-35.0,1287.762,55.0,2143.437,-2.804397,2153.072,6225.0,2153.072,5522.0
1288.001,62914.0,1288.001,-178257.0,1288.001,137.0,1288.001,116.0,2143.895,-2.835558,2153.502,6379.0,2153.502,5432.0
1288.303,68157.0,1288.303,-188743.0,1288.303,-49.0,1288.303,117.0,2144.454,-2.833605,2154.005,6397.0,2154.005,5471.0
1288.619,0.0,1288.619,-173014.0,1288.619,99.0,1288.619,-117.0,2144.942,-2.80337,2154.505,6338.0,2154.505,5444.0
1288.934,62914.0,1288.934,-241172.0,1288.934,37.0,1288.934,-141.0,2145.418,-2.756334,2154.981,6560.0,2154.981,5237.0
1289.2,41943.0,1289.2,-193986.0,1289.2,76.0,1289.2,-336.0,2145.903,-2.694971,2155.525,6977.0,2155.525,4727.0
1289.51,5242.0,1289.51,-188743.0,1289.51,-235.0,1289.51,-109.0,2146.424,-2.637105,2156.008,7418.0,2156.008,4359.0
1289.799,41943.0,1289.799,-193986.0,1289.799,95.0,1289.799,112.0,2146.885,-2.593186,2156.49,7465.0,2156.49,4443.0
1290.094,41943.0,1290.094,-214957.0,1290.094,-42.0,1290.094,-68.0,2147.414,-2.567036,2157.024,7770.0,2157.024,4134.0
1290.402,31457.0,1290.402,-193986.0,1290.402,-20.0,1290.402,-150.0,2147.895,-2.564999,2157.531,7587.0,2157.531,4429.0
1290.72,52428.0,1290.72,-204472.0,1290.72,-92.0,1290.72,-55.0,2148.44,-2.584104,2157.995,7298.0,2157.995,4665.0
1290.961,20971.0,1290.961,-214957.0,1290.961,-64.0,1290.961,-59.0,2148.876,-2.629638,2158.541,7271.0,2158.541,4716.0
1291.284,0.0,1291.284,-204472.0,1291.284,96.0,1291.284,156.0,2149.465,-2.691679,2159.008,6811.0,2159.008,5196.0
1291.612,41943.0,1291.612,-251658.0,1291.612,78.0,1291.612,-12.0,2149.882,-2.753642,2159.514,6730.0,2159.514,5277.0
1291.893,-15728.0,1291.893,-225443.0,1291.893,-111.0,1291.893,351.0,2150.398,-2.834321,2160.109,6682.0,2160.109,5288.0
1292.225,26214.0,1292.225,-256900.0,1292.225,-70.0,1292.225,108.0,2150.882,-2.933284,2160.517,5976.0,2160.517,6022.0
1292.484,-26214.0,1292.484,-230686.0,1292.484,-185.0,1292.484,124.0,2151.4,-3.036629,2161.468,6163.0,2161.468,5701.0
1292.789,0.0,1292.789,-199229.0,1292.789,133.0,1292.789,6.0,2151.894,-3.131297,2162.029,6048.0,2162.029,5782.0
1293.077,57671.0,1293.077,-246415.0,1293.077,20.0,1293.077,-36.0,2152.406,3.074271,2162.995,6525.0,2162.995,5348.0
1293.352,57671.0,1293.352,-235929.0,1293.352,167.0,1293.352,-145.0,2152.886,3.001423,2163.502,6511.0,2163.502,5329.0
1293.736,15728.0,1293.736,-199229.0,1293.736,-40.0,1293.736,105.0,2153.389,2.952589,2164.019,6272.0,2164.019,5537.0
1293.952,62914.0,1293.952,-193986.0,1293.952,-48.0,1293.952,146.0,2153.854,2.923102,2164.471,7113.0,2164.471,4757.0
1294.283,31457.0,1294.283,-193986.0,1294.283,71.0,1294.283,-41.0,2154.394,2.905569,2165.002,6995.0,2165.002,4868.0
1294.579,57671.0,1294.579,-220200.0,1294.579,-129.0,1294.579,18.0,2154.882,2.90307,2165.503,7251.0,2165.503,4618.0
1294.886,73400.0,1294.886,-220200.0,1294.886,54.0,1294.886,69.0,2155.401,2.890554,2165.995,6928.0,2165.995,4948.0
1295.206,104857.0,1295.206,-230686.0,1295.206,32.0,1295.206,-46.0,2155.851,2.853879,2166.512,7317.0,2166.512,4504.0
1295.474,52428.0,1295.474,-183500.0,1295.474,16.0,1295.474,164.0,2156.362,2.775832,2166.957,6805.0,2166.957,5040.0
1295.771,41943.0,1295.771,-220200.0,1295.771,-55.0,1295.771,45.0,2156.842,2.670954,2167.486,6819.0,2167.486,5136.0
1296.075,57671.0,1296.075,-193986.0,1296.075,-61.0,1296.075,-251.0,2157.864,2.393341,2167.947,6481.0,2167.947,5416.0
1296.38,73400.0,1296.38,-204472.0,1296.38,5.0,1296.38,-57.0,2158.402,2.244314,2168.451,6319.0,2168.451,5650.0
1296.701,52428.0,1296.701,-209715.0,1296.701,-49.0,1296.701,-18.0,2158.855,2.104292,2169.002,5944.0,2169.002,5943.0
1296.975,15728.0,1296.975,-225443.0,1296.975,64.0,1296.975,-71.0,2159.852,1.875606,2169.477,6066.0,2169.477,5734.0
1297.262,62914.0,1297.262,-220200.0,1297.262,-15.0,1297.262,-459.0,2160.36,1.792671,2169.946,5543.0,2169.946,6307.0
1297.59,73400.0,1297.59,-193986.0,1297.59,38.0,1297.59,-250.0,2160.852,1.748416,2170.427,6183.0,2170.427,5627.0
1297.899,20971.0,1297.899,-214957.0,1297.899,-126.0,1297.899,48.0,2161.349,1.735982,2170.98,5776.0,2170.98,6021.0
1298.185,68157.0,1298.185,-262143.0,1298.185,-116.0,1298.185,-13.0,2161.842,1.759244,2172.488,6669.0,2172.488,5097.0
1298.459,57671.0,1298.459,-214957.0,1298.459,76.0,1298.459,-36.0,2162.876,1.813577,2172.955,6625.0,2172.955,5163.0
1298.761,36700.0,1298.761,-178257.0,1298.761,-65.0,1298.761,-3.0,2163.377,1.848395,2173.437,7140.0,2173.437,4722.0
1299.073,20971.0,1299.073,-209715.0,1299.073,-190.0,1299.073,-44.0,2163.831,1.864829,2173.998,6980.0,2173.998,4792.0
1299.365,-20971.0,1299.365,-193986.0,1299.365,13.0,1299.365,163.0,2164.363,1.882637,2175.452,6737.0,2175.452,5094.0
1299.686,57671.0,1299.686,-267386.0,1299.686,-207.0,1299.686,-75.0,2164.812,1.876129,2175.964,6432.0,2175.964,5425.0
1300.005,41943.0,1300.005,-193986.0,1300.005,-259.0,1300.005,-96.0,2165.347,1.846098,2176.452,5886.0,2176.452,5930.0
1300.26,-5242.0,1300.26,-183500.0,1300.26,7.0,1300.26,14.0,2165.862,1.799401,2176.967,6247.0,2176.967,5594.0
1300.557,-31457.0,1300.557,-204472.0,1300.557,-180.0,1300.557,-86.0,2166.338,1.758129,2177.448,6260.0,2177.448,5555.0
1300.864,-10485.0,1300.864,-220200.0,1300.864,51.0,1300.864,-12.0,2166.814,1.683155,2177.947,5811.0,2177.947,5976.0
1301.226,-10485.0,1301.226,-209715.0,1301.226,109.0,1301.226,-86.0,2167.363,1.596104,2178.466,6316.0,2178.466,5498.0
1301.46,10485.0,1301.46,-204472.0,1301.46,167.0,1301.46,159.0,2167.858,1.51644,2178.928,5860.0,2178.928,6017.0
1301.749,-26214.0,1301.749,-230686.0,1301.749,-29.0,1301.749,54.0,2168.33,1.455799,2179.416,6215.0,2179.416,5685.0
1302.116,-62914.0,1302.116,-146800.0,1302.116,-331.0,1302.116,-62.0,2168.804,1.416278,2179.892,6478.0,2179.892,5332.0
1302.349,-47185.0,1302.349,-193986.0,1302.349,86.0,1302.349,-109.0,2169.356,1.398702,2180.413,6300.0,2180.413,5428.0
1302.693,-36700.0,1302.693,-214957.0,1302.693,-142.0,1302.693,-110.0,2169.818,1.401211,2180.929,7018.0,2180.929,4804.0
1302.944,-57671.0,1302.944,-188743.0,1302.944,-78.0,1302.944,20.0,2170.351,1.439933,2181.434,6959.0,2181.434,4900.0
1303.244,-41943.0,1303.244,-225443.0,1303.244,-58.0,1303.244,-167.0,2170.816,1.496898,2182.407,7319.0,2182.407,4460.0
1303.546,-52428.0,1303.546,-193986.0,1303.546,-53.0,1303.546,-101.0,2172.324,1.66149,2182.973,6835.0,2182.973,5066.0
1303.847,-5242.0,1303.847,-241172.0,1303.847,158.0,1303.847,-89.0,2172.805,1.682729,2183.396,6730.0,2183.396,5140.0
1304.19,-26214.0,1304.19,-199229.0,1304.19,63.0,1304.19,-106.0,2173.346,1.687721,2183.907,6782.0,2183.907,5102.0
1304.442,15728.0,1304.442,-262143.0,1304.442,145.0,1304.442,-95.0,2173.832,1.664397,2184.431,6478.0,2184.431,5386.0
1304.743,62914.0,1304.743,-173014.0,1304.743,228.0,1304.743,-45.0,2174.315,1.611984,2184.892,6336.0,2184.892,5468.0
1305.034,57671.0,1305.034,-241172.0,1305.034,119.0,1305.034,-8.0,2175.298,1.497915,2185.408,6057.0,2185.408,5748.0
1305.347,31457.0,1305.347,-193986.0,1305.347,170.0,1305.347,-54.0,2175.794,1.43466,2185.933,6403.0,2185.933,5466.0
1305.673,31457.0,1305.673,-235929.0,1305.673,-52.0,1305.673,-206.0,2176.334,1.391297,2186.434,6273.0,2186.434,5544.0
1305.933,5242.0,1305.933,-204472.0,1305.933,-80.0,1305.933,-60.0,2176.799,1.367171,2186.906,6341.0,2186.906,5616.0
1306.258,0.0,1306.258,-178257.0,1306.258,69.0,1306.258,-202.0,2177.288,1.360998,2187.393,6084.0,2187.393,5704.0
1306.542,0.0,1306.542,-152043.0,1306.542,-27.0,1306.542,-161.0,2177.78,1.355342,2187.88,6273.0,2187.88,5573.0
1306.845,20971.0,1306.845,-178257.0,1306.845,39.0,1306.845,-180.0,2178.761,1.405493,2188.41,6229.0,2188.41,5571.0
1307.16,-68157.0,1307.16,-193986.0,1307.16,-44.0,1307.16,-60.0,2179.342,1.459527,2188.874,6459.0,2188.874,5434.0
1307.429,-73400.0,1307.429,-110100.0,1307.429,-220.0,1307.429,-129.0,2179.784,1.516506,2189.376,6505.0,2189.376,5356.0
1307.743,-62914.0,1307.743,-141557.0,1307.743,-243.0,1307.743,-116.0,2180.291,1.559049,2189.914,6641.0,2189.914,5173.0
1308.032,-26214.0,1308.032,-131071.0,1308.032,-233.0,1308.032,55.0,2180.835,1.58632,2190.872,6593.0,2190.872,5227.0
1308.378,-20971.0,1308.378,-68157.0,1308.378,-71.0,1308.378,-33.0,2181.297,1.605429,2191.399,6369.0,2191.399,5472.0
1308.685,-15728.0,1308.685,-73400.0,1308.685,-205.0,1308.685,48.0,2181.773,1.600915,2191.887,6644.0,2191.887,5151.0
1308.926,-115343.0,1308.926,-57671.0,1308.926,-46.0,1308.926,-112.0,2182.302,1.571169,2192.36,6619.0,2192.36,5235.0
1309.248,-89128.0,1309.248,-10485.0,1309.248,-157.0,1309.248,137.0,2182.757,1.512497,2192.891,6784.0,2192.891,5081.0
1309.521,-104857.0,1309.521,-20971.0,1309.521,-24.0,1309.521,223.0,2183.3,1.445293,2193.409,6615.0,2193.409,5183.0
1309.835,-162529.0,1309.835,-5242.0,1309.835,312.0,1309.835,170.0,2183.75,1.390822,2193.858,6759.0,2193.858,5094.0
1310.169,-131071.0,1310.169,-20971.0,1310.169,307.0,1310.169,162.0,2184.343,1.328874,2194.36,6410.0,2194.36,5426.0
1310.427,-136314.0,1310.427,-10485.0,1310.427,63.0,1310.427,-52.0,2184.744,1.282655,2194.876,6489.0,2194.876,5337.0
1310.717,-99614.0,1310.717,-15728.0,1310.717,268.0,1310.717,-355.0,2185.289,1.244713,2195.347,6215.0,2195.347,5623.0
1311.024,-162529.0,1311.024,0.0,1311.024,240.0,1311.024,-72.0,2185.749,1.230691,2195.857,3706.0,2195.857,6204.0
1311.33,-131071.0,1311.33,0.0,1311.33,122.0,1311.33,-32.0,2186.286,1.21904,2196.381,3093.0,2196.381,5575.0
1311.658,-235929.0,1311.658,-5242.0,1311.658,202.0,1311.658,-100.0,2186.783,1.219716,2196.879,2420.0,2196.879,4820.0
1311.915,-167772.0,1311.915,-57671.0,1311.915,216.0,1311.915,-83.0,2187.265,1.226375,2197.37,1836.0,2197.37,4056.0
1312.212,-188743.0,1312.212,15728.0,1312.212,138.0,1312.212,-227.0,2187.734,1.240067,2197.855,1248.0,2197.855,3066.0
1312.569,-120586.0,1312.569,15728.0,1312.569,62.0,1312.569,-101.0,2188.279,1.258272,2198.341,602.0,2198.341,1600.0
1312.811,-152043.0,1312.811,-68157.0,1312.811,121.0,1312.811,-488.0,2188.729,1.280171,2198.885,71.0,2198.885,193.0
1313.138,-293601.0,1313.138,-104857.0,1313.138,226.0,1313.138,-163.0,2189.263,1.294404,2199.344,-458.0,2199.344,-1230.0
1313.403,-99614.0,1313.403,-68157.0,1313.403,-87.0,1313.403,-271.0,2189.773,1.303646,2199.836,-1007.0,2199.836,-2545.0
1313.699,-89128.0,1313.699,-110100.0,1313.699,59.0,1313.699,-405.0,2190.267,1.31504,2200.386,-1403.0,2200.386,-3349.0
1313.977,-152043.0,1313.977,-73400.0,1313.977,289.0,1313.977,-21.0,2190.717,1.335065,2200.855,-1534.0,2200.855,-3632.0
1314.324,-141557.0,1314.324,-104857.0,1314.324,63.0,1314.324,-153.0,2191.24,1.344179,2201.329,-1466.0,2201.329,-3562.0
1314.653,-152043.0,1314.653,-131071.0,1314.653,160.0,1314.653,-198.0,2191.736,1.351492,2201.861,-1263.0,2201.861,-3261.0
1314.895,-157286.0,1314.895,-110100.0,1314.895,232.0,1314.895,-200.0,2192.25,1.351315,2202.36,-971.0,2202.36,-2783.0
1315.201,-99614.0,1315.201,-115343.0,1315.201,258.0,1315.201,-178.0,2192.723,1.346829,2202.833,-726.0,2202.833,-2330.0
1315.521,-152043.0,1315.521,-110100.0,1315.521,154.0,1315.521,-66.0,2193.248,1.328391,2203.355,-540.0,2203.355,-1936.0
1315.823,-183500.0,1315.823,-162529.0,1315.823,156.0,1315.823,66.0,2193.731,1.312498,2203.874,-462.0,2203.874,-1798.0
1316.127,-167772.0,1316.127,-152043.0,1316.127,-94.0,1316.127,52.0,2194.253,1.290889,2204.316,-414.0,2204.316,-1730.0
1316.394,-146800.0,1316.394,-115343.0,1316.394,-49.0,1316.394,185.0,2194.716,1.27641,2204.821,-334.0,2204.821,-1512.0
1316.718,-125829.0,1316.718,-104857.0,1316.718,267.0,1316.718,203.0,2195.224,1.257524,2205.369,-221.0,2205.369,-1117.0
1316.99,-173014.0,1316.99,-99614.0,1316.99,-107.0,1316.99,338.0,2195.704,1.256984,2205.815,-158.0,2205.815,-832.0
1317.303,-131071.0,1317.303,-94371.0,1317.303,22.0,1317.303,75.0,2196.222,1.331177,2206.319,-99.0,2206.319,-543.0
1317.624,-225443.0,1317.624,-83886.0,1317.624,144.0,1317.624,52.0,2196.713,1.451216,2206.853,-46.0,2206.853,-256.0
1317.89,-214957.0,1317.89,-99614.0,1317.89,97.0,1317.89,5.0,2197.207,1.610496,2207.341,24.0,2207.341,132.0
1318.19,-178257.0,1318.19,-99614.0,1318.19,179.0,1318.19,61.0,2197.716,1.796822,2207.833,99.0,2207.833,535.0
1318.499,-267386.0,1318.499,-125829.0,1318.499,398.0,1318.499,-11.0,2198.196,2.006921,2208.314,184.0,2208.314,960.0
1318.827,-152043.0,1318.827,-78643.0,1318.827,158.0,1318.827,190.0,2198.705,2.223107,2208.803,259.0,2208.803,1333.0
1319.104,-193986.0,1319.104,-47185.0,1319.104,243.0,1319.104,471.0,2199.199,2.424696,2209.333,338.0,2209.333,1730.0
1319.389,-167772.0,1319.389,-52428.0,1319.389,299.0,1319.389,-49.0,2199.698,2.614211,2209.794,443.0,2209.794,2151.0
1319.661,-246415.0,1319.661,-47185.0,1319.661,164.0,1319.661,134.0,2200.194,2.758868,2210.293,486.0,2210.293,2306.0
1319.978,-162529.0,1319.978,-20971.0,1319.978,158.0,1319.978,205.0,2200.717,2.823623,2210.852,482.0,2210.852,2324.0
1320.298,-152043.0,1320.298,-57671.0,1320.298,170.0,1320.298,177.0,2201.322,2.823736,2211.321,412.0,2211.321,2138.0
1320.589,-230686.0,1320.589,-31457.0,1320.589,186.0,1320.589,285.0,2201.683,2.7771,2212.331,261.0,2212.331,1705.0
1320.907,-178257.0,1320.907,-52428.0,1320.907,331.0,1320.907,102.0,2202.189,2.691773,2212.812,201.0,2212.812,1501.0
1321.184,-204472.0,1321.184,-36700.0,1321.184,105.0,1321.184,49.0,2202.702,2.592696,2213.295,133.0,2213.295,1193.0
1321.477,-157286.0,1321.477,0.0,1321.477,168.0,1321.477,84.0,2203.176,2.495201,2213.816,115.0,2213.816,1205.0
1321.762,-199229.0,1321.762,-36700.0,1321.762,151.0,1321.762,44.0,2203.721,2.395139,2214.331,112.0,2214.331,1108.0
1322.105,-204472.0,1322.105,-73400.0,1322.105,251.0,1322.105,-194.0,2204.175,2.285198,2214.787,97.0,2214.787,943.0
1322.377,-256900.0,1322.377,-131071.0,1322.377,277.0,1322.377,56.0,2204.682,2.163931,2215.293,99.0,2215.293,909.0
1322.668,-246415.0,1322.668,-62914.0,1322.668,233.0,1322.668,9.0,2205.165,2.034249,2216.78,155.0,2216.78,1151.0
1323.024,-173014.0,1323.024,-89128.0,1323.024,139.0,1323.024,66.0,2205.677,1.899031,2217.3,162.0,2217.3,1162.0
1323.279,-146800.0,1323.279,-68157.0,1323.279,198.0,1323.279,-87.0,2206.165,1.767085,2217.803,157.0,2217.803,1179.0
1323.597,-141557.0,1323.597,-57671.0,1323.597,207.0,1323.597,-111.0,2206.68,1.642529,2218.301,172.0,2218.301,1212.0
1323.868,-178257.0,1323.868,-125829.0,1323.868,352.0,1323.868,7.0,2207.17,1.523301,2218.777,190.0,2218.777,1300.0
1324.168,-214957.0,1324.168,-94371.0,1324.168,303.0,1324.168,9.0,2207.715,1.408239,2219.285,179.0,2219.285,1259.0
1324.483,-178257.0,1324.483,-104857.0,1324.483,116.0,1324.483,-87.0,2208.177,1.297594,2220.76,167.0,2220.76,1261.0
1324.739,-188743.0,1324.739,-167772.0,1324.739,294.0,1324.739,-73.0,2208.665,1.188305,2221.37,161.0,2221.37,1231.0
1325.116,-204472.0,1325.116,-136314.0,1325.116,136.0,1325.116,193.0,2209.199,1.08617,2221.778,146.0,2221.778,1136.0
1325.37,-157286.0,1325.37,-115343.0,1325.37,333.0,1325.37,94.0,2209.67,1.000336,2222.25,131.0,2222.25,1057.0
1325.662,-167772.0,1325.662,-125829.0,1325.662,328.0,1325.662,161.0,2210.149,0.941087,2222.773,125.0,2222.773,1005.0
1325.96,-125829.0,1325.96,-115343.0,1325.96,73.0,1325.96,43.0,2210.651,0.912247,2223.273,116.0,2223.273,998.0
1326.27,-173014.0,1326.27,-120586.0,1326.27,-70.0,1326.27,319.0,2211.144,0.912388,2223.758,98.0,2223.758,884.0
1326.596,-209715.0,1326.596,-125829.0,1326.596,185.0,1326.596,288.0,2211.645,0.936935,2224.266,96.0,2224.266,888.0
1326.864,-146800.0,1326.864,-94371.0,1326.864,152.0,1326.864,236.0,2212.208,0.966689,2224.774,80.0,2224.774,842.0
1327.182,-178257.0,1327.182,-141557.0,1327.182,252.0,1327.182,260.0,2212.64,0.992965,2225.243,86.0,2225.243,906.0
1327.464,-214957.0,1327.464,-136314.0,1327.464,179.0,1327.464,226.0,2213.156,1.012835,2225.745,72.0,2225.745,812.0
1327.727,-220200.0,1327.727,-178257.0,1327.727,97.0,1327.727,-36.0,2213.647,1.0238,2226.267,68.0,2226.267,782.0
1328.09,-162529.0,1328.09,-99614.0,1328.09,220.0,1328.09,194.0,2214.152,1.032537,2226.737,72.0,2226.737,824.0
1328.354,-167772.0,1328.354,-120586.0,1328.354,54.0,1328.354,53.0,2214.653,1.036065,2227.24,94.0,2227.24,936.0
1328.65,-220200.0,1328.65,-173014.0,1328.65,165.0,1328.65,1.0,2215.133,1.031484,2227.755,107.0,2227.755,1005.0
1328.951,-167772.0,1328.951,-131071.0,1328.951,192.0,1328.951,-27.0,2216.133,1.017171,2228.261,126.0,2228.261,1100.0
1329.278,-183500.0,1329.278,-120586.0,1329.278,117.0,1329.278,205.0,2216.624,1.009691,2228.727,164.0,2228.727,1262.0
1329.564,-152043.0,1329.564,-141557.0,1329.564,115.0,1329.564,10.0,2217.119,1.002832,2229.215,182.0,2229.215,1320.0
1329.835,-183500.0,1329.835,-162529.0,1329.835,119.0,1329.835,19.0,2217.622,0.992956,2230.716,196.0,2230.716,1386.0
1330.155,-188743.0,1330.155,-178257.0,1330.155,-34.0,1330.155,17.0,2218.119,0.985047,2231.252,188.0,2231.252,1350.0
1330.444,-167772.0,1330.444,-146800.0,1330.444,257.0,1330.444,-89.0,2218.619,0.980923,2231.759,185.0,2231.759,1313.0
1330.716,-157286.0,1330.716,-131071.0,1330.716,-47.0,1330.716,226.0,2219.113,0.975938,2232.24,168.0,2232.24,1208.0
1331.059,-162529.0,1331.059,-131071.0,1331.059,181.0,1331.059,-30.0,2220.611,0.970879,2232.715,152.0,2232.715,1108.0
1331.351,-178257.0,1331.351,-188743.0,1331.351,-13.0,1331.351,-187.0,2221.646,0.977903,2233.243,138.0,2233.243,1014.0
1331.639,-204472.0,1331.639,-173014.0,1331.639,240.0,1331.639,-226.0,2222.123,0.978646,2233.732,113.0,2233.732,889.0
1331.911,-152043.0,1331.911,-141557.0,1331.911,92.0,1331.911,-232.0,2222.603,0.983465,2234.235,102.0,2234.235,846.0
1332.212,-162529.0,1332.212,-173014.0,1332.212,229.0,1332.212,-49.0,2223.112,0.983235,2234.728,95.0,2234.728,789.0
1332.564,-162529.0,1332.564,-173014.0,1332.564,370.0,1332.564,36.0,2223.608,0.982965,2235.257,73.0,2235.257,625.0
1332.838,-141557.0,1332.838,-199229.0,1332.838,298.0,1332.838,-172.0,2224.103,0.979327,2235.736,42.0,2235.736,410.0
1333.135,-141557.0,1333.135,-204472.0,1333.135,115.0,1333.135,-103.0,2224.597,0.974736,2236.209,26.0,2236.209,272.0
1333.442,-157286.0,1333.442,-173014.0,1333.442,-39.0,1333.442,-74.0,2225.119,0.97088,2236.722,7.0,2236.722,73.0
1333.734,-115343.0,1333.734,-173014.0,1333.734,-47.0,1333.734,79.0,2225.603,0.966598,2237.199,-4.0,2237.199,-48.0
1334.076,-152043.0,1334.076,-188743.0,1334.076,95.0,1334.076,-73.0,2226.098,0.959099,2237.777,-12.0,2237.777,-136.0
1334.333,-141557.0,1334.333,-167772.0,1334.333,-1.0,1334.333,-74.0,2226.588,0.951256,2238.216,-9.0,2238.216,-113.0
1334.631,-152043.0,1334.631,-178257.0,1334.631,-112.0,1334.631,48.0,2227.136,0.944275,2239.224,5.0,2239.224,53.0
1334.935,-157286.0,1334.935,-162529.0,1334.935,-42.0,1334.935,-83.0,2227.579,0.936663,2239.698,45.0,2239.698,45.0
1335.2,-157286.0,1335.2,-162529.0,1335.2,80.0,1335.2,169.0,2228.1,0.926861,2240.182,45.0,2240.182,45.0
1335.582,-141557.0,1335.582,-173014.0,1335.582,134.0,1335.582,33.0,2228.631,0.920497,2240.681,45.0,2240.681,45.0
1335.824,-167772.0,1335.824,-183500.0,1335.824,-126.0,1335.824,98.0,2229.076,0.916933,2241.188,60.0,2241.188,30.0
1336.117,-125829.0,1336.117,-173014.0,1336.117,121.0,1336.117,37.0,2229.583,0.916107,2241.68,60.0,2241.68,30.0
1336.42,-136314.0,1336.42,-162529.0,1336.42,-21.0,1336.42,27.0,2230.073,0.920523,2242.218,60.0,2242.218,30.0
1336.733,-120586.0,1336.733,-152043.0,1336.733,13.0,1336.733,-33.0,2230.579,0.928661,2242.698,60.0,2242.698,30.0
1337.049,-162529.0,1337.049,-167772.0,1337.049,-43.0,1337.049,128.0,2231.073,0.942274,2243.168,60.0,2243.168,30.0
1337.325,-162529.0,1337.325,-146800.0,1337.325,83.0,1337.325,54.0,2231.573,0.958318,2243.697,60.0,2243.697,30.0
1337.634,-146800.0,1337.634,-162529.0,1337.634,35.0,1337.634,16.0,2232.067,0.977636,2244.682,60.0,2244.682,30.0
1337.915,-152043.0,1337.915,-152043.0,1337.915,-55.0,1337.915,22.0,2232.583,0.996837,2245.193,45.0,2245.193,15.0
1338.227,-146800.0,1338.227,-152043.0,1338.227,-39.0,1338.227,-105.0,2233.069,1.013961,2245.711,60.0,2245.711,30.0
1338.543,-157286.0,1338.543,-120586.0,1338.543,121.0,1338.543,3.0,2233.582,1.029789,2246.16,60.0,2246.16,30.0
1338.817,-183500.0,1338.817,-173014.0,1338.817,210.0,1338.817,124.0,2234.078,1.042749,2246.68,60.0,2246.68,30.0
1339.109,-152043.0,1339.109,-136314.0,1339.109,78.0,1339.109,-168.0,2234.559,1.05323,2247.183,45.0,2247.183,45.0
1339.414,-157286.0,1339.414,-146800.0,1339.414,-86.0,1339.414,-99.0,2235.088,1.064614,2247.687,45.0,2247.687,15.0
1339.739,-146800.0,1339.739,-162529.0,1339.739,-40.0,1339.739,-119.0,2235.576,1.075502,2248.178,60.0,2248.178,30.0
1340.026,-141557.0,1340.026,-125829.0,1340.026,113.0,1340.026,93.0,2236.057,1.081668,2248.676,60.0,2248.676,30.0
1340.307,-104857.0,1340.307,-152043.0,1340.307,125.0,1340.307,-18.0,2236.553,1.090879,2249.182,60.0,2249.182,30.0
1340.612,-152043.0,1340.612,-152043.0,1340.612,217.0,1340.612,204.0,2237.053,1.09632,2249.709,60.0,2249.709,30.0
1340.905,-204472.0,1340.905,-193986.0,1340.905,38.0,1340.905,-69.0,2238.054,1.106625,2250.16,30.0,2250.16,30.0
1341.211,-125829.0,1341.211,-178257.0,1341.211,186.0,1341.211,-116.0,2239.054,1.1107,2250.669,45.0,2250.669,45.0
1341.531,-125829.0,1341.531,-183500.0,1341.531,187.0,1341.531,178.0,2239.541,1.114166,2251.17,60.0,2251.17,30.0
1341.833,-115343.0,1341.833,-173014.0,1341.833,88.0,1341.833,100.0,2240.048,1.114735,2251.636,45.0,2251.636,45.0
1342.109,-146800.0,1342.109,-199229.0,1342.109,63.0,1342.109,-40.0,2240.536,1.114796,2252.137,60.0,2252.137,30.0
1342.767,-110100.0,1342.767,-193986.0,1342.767,-109.0,1342.767,59.0,2241.047,1.115293,2252.691,60.0,2252.691,30.0
1343.027,-131071.0,1343.027,-214957.0,1343.027,-74.0,1343.027,135.0,2241.563,1.116858,2253.16,60.0,2253.16,30.0
1343.293,-110100.0,1343.293,-225443.0,1343.293,35.0,1343.293,267.0,2242.031,1.118782,2253.636,60.0,2253.636,30.0
1343.577,-83886.0,1343.577,-193986.0,1343.577,-10.0,1343.577,128.0,2242.545,1.117285,2254.155,60.0,2254.155,30.0
1343.942,-99614.0,1343.942,-204472.0,1343.942,31.0,1343.942,-117.0,2243.045,1.115075,2254.653,60.0,2254.653,30.0
1344.197,-115343.0,1344.197,-225443.0,1344.197,-197.0,1344.197,24.0,2243.531,1.11457,2255.131,60.0,2255.131,30.0
1344.52,-78643.0,1344.52,-204472.0,1344.52,-114.0,1344.52,-166.0,2244.112,1.116224,2255.652,45.0,2255.652,15.0
1344.799,-78643.0,1344.799,-193986.0,1344.799,52.0,1344.799,83.0,2244.539,1.117367,2256.176,45.0,2256.176,45.0
1345.089,-68157.0,1345.089,-204472.0,1345.089,116.0,1345.089,172.0,2245.031,1.113395,2256.627,60.0,2256.627,30.0
1345.398,-78643.0,1345.398,-193986.0,1345.398,-256.0,1345.398,-76.0,2245.53,1.11337,2257.184,60.0,2257.184,30.0
1345.698,-73400.0,1345.698,-178257.0,1345.698,-323.0,1345.698,-122.0,2246.02,1.114197,2257.644,60.0,2257.644,30.0
1346.059,-120586.0,1346.059,-193986.0,1346.059,-97.0,1346.059,121.0,2246.514,1.11302,2258.115,45.0,2258.115,45.0
1346.288,-89128.0,1346.288,-178257.0,1346.288,-161.0,1346.288,23.0,2247.014,1.112113,2258.623,45.0,2258.623,45.0
1346.589,-120586.0,1346.589,-199229.0,1346.589,39.0,1346.589,40.0,2247.528,1.108844,2259.147,60.0,2259.147,30.0
1346.877,-83886.0,1346.877,-157286.0,1346.877,-130.0,1346.877,-96.0,2248.021,1.110402,2259.675,30.0,2259.675,30.0
1347.193,-136314.0,1347.193,-199229.0,1347.193,131.0,1347.193,15.0,2248.528,1.112443,2260.105,60.0,2260.105,30.0
1347.514,-73400.0,1347.514,-167772.0,1347.514,-101.0,1347.514,32.0,2249.023,1.109731,2260.67,45.0,2260.67,45.0
1347.786,-125829.0,1347.786,-157286.0,1347.786,34.0,1347.786,116.0,2249.536,1.108173,2261.107,60.0,2261.107,30.0
1348.11,-157286.0,1348.11,-173014.0,1348.11,-86.0,1348.11,-123.0,2250.017,1.107886,2261.638,60.0,2261.638,30.0
1348.377,-136314.0,1348.377,-178257.0,1348.377,128.0,1348.377,36.0,2250.499,1.108658,2262.126,45.0,2262.126,45.0
1348.688,-141557.0,1348.688,-188743.0,1348.688,94.0,1348.688,-240.0,2251.034,1.108752,2262.625,60.0,2262.625,30.0
1349.003,-152043.0,1349.003,-173014.0,1349.003,-8.0,1349.003,55.0,2251.496,1.10817,2263.154,45.0,2263.154,45.0
1349.277,-136314.0,1349.277,-199229.0,1349.277,-141.0,1349.277,-376.0,2252.022,1.108908,2263.64,60.0,2263.64,30.0
1349.573,-136314.0,1349.573,-173014.0,1349.573,-31.0,1349.573,-44.0,2252.497,1.106835,2264.103,45.0,2264.103,45.0
1349.869,-110100.0,1349.869,-162529.0,1349.869,45.0,1349.869,-180.0,2253.0,1.109363,2264.624,60.0,2264.624,30.0
1350.203,-131071.0,1350.203,-225443.0,1350.203,-7.0,1350.203,-204.0,2253.525,1.108897,2265.124,60.0,2265.124,30.0
1350.522,-89128.0,1350.522,-199229.0,1350.522,21.0,1350.522,-202.0,2253.994,1.107802,2265.589,60.0,2265.589,30.0
1350.767,-125829.0,1350.767,-220200.0,1350.767,52.0,1350.767,-85.0,2254.531,1.11054,2266.122,45.0,2266.122,45.0
1351.068,-83886.0,1351.068,-209715.0,1351.068,-32.0,1351.068,-23.0,2255.026,1.109083,2266.647,45.0,2266.647,15.0
1351.375,-89128.0,1351.375,-230686.0,1351.375,-119.0,1351.375,-118.0,2255.493,1.107717,2267.081,60.0,2267.081,30.0
1351.676,-83886.0,1351.676,-209715.0,1351.676,-24.0,1351.676,23.0,2256.021,1.109932,2267.596,60.0,2267.596,30.0
1351.966,-73400.0,1351.966,-220200.0,1351.966,-82.0,1351.966,-210.0,2256.502,1.108285,2268.105,60.0,2268.105,30.0
1352.302,-68157.0,1352.302,-188743.0,1352.302,-200.0,1352.302,140.0,2257.033,1.107904,2268.58,45.0,2268.58,45.0
1352.562,-73400.0,1352.562,-209715.0,1352.562,-351.0,1352.562,93.0,2257.472,1.108486,2269.09,60.0,2269.09,30.0
1352.856,-68157.0,1352.856,-204472.0,1352.856,-168.0,1352.856,126.0,2258.007,1.107018,2269.615,60.0,2269.615,30.0
1353.486,-68157.0,1353.486,-214957.0,1353.486,-167.0,1353.486,194.0,2258.475,1.108144,2270.11,45.0,2270.11,45.0
1353.76,-78643.0,1353.76,-204472.0,1353.76,-196.0,1353.76,-259.0,2259.035,1.110589,2270.603,60.0,2270.603,30.0
1354.056,-68157.0,1354.056,-225443.0,1354.056,-201.0,1354.056,-57.0,2259.469,1.109576,2271.06,60.0,2271.06,30.0
1354.365,-94371.0,1354.365,-204472.0,1354.365,-102.0,1354.365,75.0,2260.021,1.110616,2271.595,60.0,2271.595,30.0
1354.627,-68157.0,1354.627,-183500.0,1354.627,-360.0,1354.627,-107.0,2260.472,1.113174,2272.564,30.0,2272.564,30.0
1354.982,-94371.0,1354.982,-183500.0,1354.982,-212.0,1354.982,-116.0,2261.033,1.111219,2273.058,45.0,2273.058,45.0
1355.225,-120586.0,1355.225,-188743.0,1355.225,-224.0,1355.225,-139.0,2261.478,1.112236,2273.614,45.0,2273.614,45.0
1355.55,-83886.0,1355.55,-204472.0,1355.55,-162.0,1355.55,-94.0,2261.996,1.112352,2274.082,60.0,2274.082,30.0
1355.846,-125829.0,1355.846,-178257.0,1355.846,-155.0,1355.846,-95.0,2262.475,1.11257,2274.561,60.0,2274.561,30.0
1356.124,-115343.0,1356.124,-152043.0,1356.124,-174.0,1356.124,84.0,2262.999,1.115629,2275.088,45.0,2275.088,45.0
1356.498,-125829.0,1356.498,-178257.0,1356.498,-96.0,1356.498,71.0,2263.467,1.113849,2275.588,60.0,2275.588,30.0
1356.741,-152043.0,1356.741,-167772.0,1356.741,17.0,1356.741,-49.0,2263.982,1.11416,2276.041,60.0,2276.041,30.0
1357.046,-120586.0,1357.046,-162529.0,1357.046,110.0,1357.046,-127.0,2264.46,1.117793,2276.582,45.0,2276.582,45.0
1357.343,-115343.0,1357.343,-183500.0,1357.343,-87.0,1357.343,-126.0,2264.972,1.118313,2277.092,45.0,2277.092,15.0
1357.659,-146800.0,1357.659,-183500.0,1357.659,284.0,1357.659,-261.0,2265.446,1.120043,2277.556,45.0,2277.556,45.0
1357.97,-125829.0,1357.97,-183500.0,1357.97,69.0,1357.97,-70.0,2266.003,1.119264,2278.049,45.0,2278.049,15.0
1358.22,-131071.0,1358.22,-157286.0,1358.22,89.0,1358.22,-310.0,2266.436,1.118923,2278.57,60.0,2278.57,30.0
1358.561,-131071.0,1358.561,-178257.0,1358.561,111.0,1358.561,-34.0,2266.993,1.12165,2280.111,45.0,2280.111,45.0
1358.833,-120586.0,1358.833,-141557.0,1358.833,-24.0,1358.833,105.0,2267.485,1.123487,2280.571,45.0,2280.571,45.0
1359.155,-120586.0,1359.155,-146800.0,1359.155,58.0,1359.155,-163.0,2267.945,1.122884,2281.075,60.0,2281.075,30.0
1359.475,-152043.0,1359.475,-209715.0,1359.475,-71.0,1359.475,-352.0,2268.443,1.124769,2281.559,60.0,2281.559,30.0
1359.736,-146800.0,1359.736,-199229.0,1359.736,-15.0,1359.736,-38.0,2268.973,1.127795,2282.023,45.0,2282.023,45.0
1360.039,-141557.0,1360.039,-199229.0,1360.039,173.0,1360.039,42.0,2269.45,1.131351,2282.536,45.0,2282.536,45.0
1360.348,-141557.0,1360.348,-230686.0,1360.348,15.0,1360.348,81.0,2269.961,1.129326,2283.031,45.0,2283.031,45.0
1360.661,-83886.0,1360.661,-209715.0,1360.661,128.0,1360.661,-103.0,2270.484,1.131022,2283.537,45.0,2283.537,45.0
1360.981,-99614.0,1360.981,-204472.0,1360.981,105.0,1360.981,-27.0,2270.955,1.136374,2284.062,30.0,2284.062,30.0
1361.226,-110100.0,1361.226,-199229.0,1361.226,89.0,1361.226,112.0,2271.548,1.138128,2284.563,45.0,2284.563,45.0
1361.505,-99614.0,1361.505,-193986.0,1361.505,-41.0,1361.505,-9.0,2271.942,1.137139,2285.542,60.0,2285.542,30.0
1361.827,-94371.0,1361.827,-193986.0,1361.827,-319.0,1361.827,-194.0,2272.438,1.137904,2286.039,45.0,2286.039,45.0
1362.135,-68157.0,1362.135,-199229.0,1362.135,-206.0,1362.135,-325.0,2272.939,1.142644,2286.528,45.0,2286.528,45.0
1362.429,-99614.0,1362.429,-199229.0,1362.429,275.0,1362.429,-247.0,2273.416,1.146408,2288.031,45.0,2288.031,45.0
1362.754,-78643.0,1362.754,-225443.0,1362.754,7.0,1362.754,18.0,2273.978,1.146871,2288.509,60.0,2288.509,30.0
1363.033,-89128.0,1363.033,-199229.0,1363.033,-210.0,1363.033,-139.0,2274.432,1.145759,2289.028,45.0,2289.028,45.0
1363.333,-89128.0,1363.333,-209715.0,1363.333,-52.0,1363.333,-111.0,2274.966,1.148876,2289.536,60.0,2289.536,30.0
1363.632,-115343.0,1363.632,-209715.0,1363.632,130.0,1363.632,-254.0,2275.421,1.151815,2290.03,60.0,2290.03,30.0
1363.956,-94371.0,1363.956,-188743.0,1363.956,-7.0,1363.956,-118.0,2276.03,1.153502,2290.522,30.0,2290.522,30.0
1364.222,-110100.0,1364.222,-193986.0,1364.222,64.0,1364.222,-12.0,2276.405,1.153728,2291.04,45.0,2291.04,45.0
1364.524,-110100.0,1364.524,-199229.0,1364.524,78.0,1364.524,-279.0,2276.93,1.156718,2291.528,45.0,2291.528,15.0
1364.869,-104857.0,1364.869,-183500.0,1364.869,61.0,1364.869,-149.0,2277.433,1.162393,2292.044,45.0,2292.044,45.0
1365.112,-115343.0,1365.112,-178257.0,1365.112,-86.0,1365.112,-236.0,2277.921,1.164438,2292.494,30.0,2292.494,30.0
1365.437,-141557.0,1365.437,-167772.0,1365.437,-85.0,1365.437,-167.0,2278.401,1.166267,2293.033,45.0,2293.033,45.0
1365.685,-104857.0,1365.685,-162529.0,1365.685,-102.0,1365.685,-42.0,2278.921,1.169188,2293.492,60.0,2293.492,30.0
1366.012,-146800.0,1366.012,-183500.0,1366.012,-57.0,1366.012,-22.0,2280.41,1.177662,2293.981,45.0,2293.981,45.0
1366.418,-99614.0,1366.418,-136314.0,1366.418,27.0,1366.418,-325.0,2280.949,1.178282,2294.527,60.0,2294.527,30.0
1366.622,-157286.0,1366.622,-162529.0,1366.622,-26.0,1366.622,-138.0,2281.388,1.183073,2295.005,45.0,2295.005,15.0
1367.0,-157286.0,1367.0,-188743.0,1367.0,-26.0,1367.0,-243.0,2281.945,1.187025,2295.483,383.0,2295.483,5037.0
1367.208,-141557.0,1367.208,-162529.0,1367.208,-12.0,1367.208,-343.0,2282.384,1.188752,2296.013,3442.0,2296.013,2785.0
1367.506,-167772.0,1367.506,-178257.0,1367.506,-17.0,1367.506,-350.0,2282.932,1.189988,2296.5,4188.0,2296.5,2571.0
1367.802,-136314.0,1367.802,-188743.0,1367.802,186.0,1367.802,-78.0,2283.399,1.192413,2296.977,5218.0,2296.977,2272.0
1368.12,-152043.0,1368.12,-167772.0,1368.12,-142.0,1368.12,22.0,2283.931,1.19643,2297.506,4870.0,2297.506,3373.0
1368.438,-157286.0,1368.438,-178257.0,1368.438,-3.0,1368.438,-103.0,2284.395,1.19977,2298.016,4807.0,2298.016,4165.0
1368.674,-125829.0,1368.674,-188743.0,1368.674,49.0,1368.674,-134.0,2284.911,1.2004,2298.473,5158.0,2298.473,4423.0
1369.019,-120586.0,1369.019,-183500.0,1369.019,-51.0,1369.019,-182.0,2285.374,1.202361,2298.979,5938.0,2298.979,3988.0
1369.327,-125829.0,1369.327,-183500.0,1369.327,-32.0,1369.327,-312.0,2285.898,1.207695,2299.516,5558.0,2299.516,4858.0
1369.606,-141557.0,1369.606,-199229.0,1369.606,14.0,1369.606,-45.0,2286.377,1.211032,2299.965,5637.0,2299.965,5096.0
1369.945,-115343.0,1369.945,-193986.0,1369.945,21.0,1369.945,12.0,2287.917,1.215681,2300.47,6337.0,2300.47,4718.0
1370.2,-99614.0,1370.2,-199229.0,1370.2,-63.0,1370.2,-33.0,2288.376,1.220436,2300.997,6100.0,2300.997,5283.0
1370.53,-89128.0,1370.53,-199229.0,1370.53,194.0,1370.53,-226.0,2288.954,1.221419,2301.511,6472.0,2301.511,5116.0
1370.8,-104857.0,1370.8,-204472.0,1370.8,-18.0,1370.8,-162.0,2289.353,1.223538,2301.978,6192.0,2301.978,5573.0
1371.124,-115343.0,1371.124,-225443.0,1371.124,-2.0,1371.124,-129.0,2289.902,1.227424,2302.461,6537.0,2302.461,5382.0
1371.409,-89128.0,1371.409,-183500.0,1371.409,-200.0,1371.409,-35.0,2290.353,1.230968,2302.96,6211.0,2302.96,5633.0
1371.684,-73400.0,1371.684,-204472.0,1371.684,-37.0,1371.684,-144.0,2290.873,1.233858,2303.474,6564.0,2303.474,5252.0
1371.994,-73400.0,1371.994,-193986.0,1371.994,311.0,1371.994,-164.0,2291.39,1.235713,2303.957,6496.0,2303.957,5380.0
1372.294,-89128.0,1372.294,-193986.0,1372.294,118.0,1372.294,-214.0,2291.88,1.238979,2304.495,6353.0,2304.495,5469.0
1372.599,-89128.0,1372.599,-162529.0,1372.599,-111.0,1372.599,-275.0,2292.346,1.242806,2305.0,6407.0,2305.0,5418.0
1372.884,-73400.0,1372.884,-225443.0,1372.884,-87.0,1372.884,-84.0,2292.907,1.24598,2305.467,6266.0,2305.467,5467.0
1373.198,-99614.0,1373.198,-214957.0,1373.198,-25.0,1373.198,236.0,2293.383,1.249095,2305.944,6498.0,2305.944,5284.0
1373.793,-68157.0,1373.793,-183500.0,1373.793,-7.0,1373.793,134.0,2293.876,1.254002,2306.473,6235.0,2306.473,5593.0
1374.099,-104857.0,1374.099,-188743.0,1374.099,-221.0,1374.099,-70.0,2294.338,1.257357,2306.973,6716.0,2306.973,5186.0
1374.468,-152043.0,1374.468,-188743.0,1374.468,-76.0,1374.468,-204.0,2294.886,1.260249,2307.442,6585.0,2307.442,5258.0
1374.682,-120586.0,1374.682,-162529.0,1374.682,-35.0,1374.682,-146.0,2295.352,1.264474,2307.966,6294.0,2307.966,5541.0
1374.979,-104857.0,1374.979,-162529.0,1374.979,-52.0,1374.979,183.0,2295.85,1.326588,2308.48,6497.0,2308.48,5258.0
1375.31,-115343.0,1375.31,-188743.0,1375.31,-122.0,1375.31,158.0,2296.348,1.454383,2308.963,6411.0,2308.963,5370.0
1375.588,-99614.0,1375.588,-178257.0,1375.588,-243.0,1375.588,65.0,2296.853,1.508645,2309.436,6331.0,2309.436,5559.0
1375.904,-152043.0,1375.904,-178257.0,1375.904,-12.0,1375.904,135.0,2297.335,1.470468,2309.96,6309.0,2309.96,5465.0
1376.48,-125829.0,1376.48,-167772.0,1376.48,-26.0,1376.48,-83.0,2297.852,1.390175,2310.422,6467.0,2310.422,5312.0
1376.746,-146800.0,1376.746,-173014.0,1376.746,17.0,1376.746,177.0,2298.348,1.342819,2310.921,6528.0,2310.921,5265.0
1377.088,-125829.0,1377.088,-146800.0,1377.088,70.0,1377.088,-110.0,2298.866,1.358638,2311.468,6289.0,2311.468,5532.0
1377.675,-136314.0,1377.675,-157286.0,1377.675,19.0,1377.675,-137.0,2299.316,1.339064,2311.97,6738.0,2311.97,5006.0
1377.961,-136314.0,1377.961,-136314.0,1377.961,41.0,1377.961,49.0,2299.864,1.326124,2312.443,6318.0,2312.443,5469.0
1378.281,-152043.0,1378.281,-152043.0,1378.281,5.0,1378.281,140.0,2300.317,1.322673,2312.925,6317.0,2312.925,5497.0
1378.577,-178257.0,1378.577,-188743.0,1378.577,81.0,1378.577,81.0,2300.911,1.306457,2313.416,6582.0,2313.416,5238.0
1378.893,-141557.0,1378.893,-193986.0,1378.893,-2.0,1378.893,-70.0,2301.335,1.294492,2313.944,6421.0,2313.944,5389.0
1379.173,-125829.0,1379.173,-204472.0,1379.173,142.0,1379.173,-245.0,2301.867,1.279654,2314.407,6769.0,2314.407,5071.0
1379.482,-125829.0,1379.482,-173014.0,1379.482,140.0,1379.482,-58.0,2302.819,1.264983,2314.911,6345.0,2314.911,5409.0
1379.815,-131071.0,1379.815,-178257.0,1379.815,97.0,1379.815,22.0,2303.305,1.268466,2315.409,6912.0,2315.409,4948.0
1380.073,-141557.0,1380.073,-188743.0,1380.073,10.0,1380.073,101.0,2303.84,1.267401,2315.944,6245.0,2315.944,5647.0
1380.405,-110100.0,1380.405,-183500.0,1380.405,147.0,1380.405,-43.0,2304.841,1.264046,2316.42,6478.0,2316.42,5446.0
1380.661,-152043.0,1380.661,-225443.0,1380.661,41.0,1380.661,-1.0,2305.314,1.256897,2316.934,6316.0,2316.934,5484.0
1380.952,-89128.0,1380.952,-199229.0,1380.952,97.0,1380.952,105.0,2305.821,1.246569,2317.423,6489.0,2317.423,5258.0
1381.269,-120586.0,1381.269,-220200.0,1381.269,262.0,1381.269,56.0,2306.306,1.237004,2317.9,6340.0,2317.9,5358.0
1381.615,-131071.0,1381.615,-183500.0,1381.615,62.0,1381.615,100.0,2306.818,1.236546,2318.427,6802.0,2318.427,5116.0
1381.919,-99614.0,1381.919,-209715.0,1381.919,176.0,1381.919,110.0,2307.291,1.225018,2318.939,6464.0,2318.939,5315.0
1382.161,-115343.0,1382.161,-199229.0,1382.161,326.0,1382.161,32.0,2307.84,1.212312,2319.395,6262.0,2319.395,5380.0
1382.455,-104857.0,1382.455,-183500.0,1382.455,128.0,1382.455,148.0,2308.288,1.200392,2319.896,6743.0,2319.896,5083.0
1382.75,-104857.0,1382.75,-162529.0,1382.75,111.0,1382.75,184.0,2308.837,1.181433,2320.422,6588.0,2320.422,5222.0
1383.062,-131071.0,1383.062,-178257.0,1383.062,102.0,1383.062,30.0,2309.295,1.160034,2320.883,6648.0,2320.883,5221.0
1383.406,-99614.0,1383.406,-162529.0,1383.406,29.0,1383.406,-268.0,2309.797,1.155885,2321.389,6422.0,2321.389,5481.0
1383.687,-125829.0,1383.687,-157286.0,1383.687,83.0,1383.687,-100.0,2310.287,1.154743,2321.922,6755.0,2321.922,5159.0
1383.951,-141557.0,1383.951,-167772.0,1383.951,23.0,1383.951,-6.0,2310.832,1.150595,2322.414,6256.0,2322.414,5500.0
1384.258,-131071.0,1384.258,-178257.0,1384.258,69.0,1384.258,-72.0,2311.276,1.131562,2322.904,6340.0,2322.904,5496.0
1384.55,-115343.0,1384.55,-183500.0,1384.55,-233.0,1384.55,-114.0,2311.794,1.124802,2323.392,6616.0,2323.392,5313.0
1384.853,-152043.0,1384.853,-188743.0,1384.853,115.0,1384.853,-121.0,2312.279,1.107776,2323.879,6581.0,2323.879,5293.0
1385.144,-152043.0,1385.144,-193986.0,1385.144,-59.0,1385.144,74.0,2312.811,1.088622,2324.396,6277.0,2324.396,5508.0
1385.519,-141557.0,1385.519,-188743.0,1385.519,-139.0,1385.519,268.0,2313.271,1.080423,2324.898,6515.0,2324.898,5404.0
1385.789,-136314.0,1385.789,-173014.0,1385.789,-157.0,1385.789,179.0,2313.816,1.060863,2325.396,6401.0,2325.396,5456.0
1386.042,-162529.0,1386.042,-188743.0,1386.042,-144.0,1386.042,244.0,2314.298,1.037228,2325.922,6206.0,2325.922,5603.0
1386.37,-146800.0,1386.37,-136314.0,1386.37,-113.0,1386.37,29.0,2314.797,1.01203,2326.389,6492.0,2326.389,5347.0
1386.637,-136314.0,1386.637,-152043.0,1386.637,-98.0,1386.637,-29.0,2315.811,0.960318,2326.869,6287.0,2326.869,5573.0
1386.941,-167772.0,1386.941,-152043.0,1386.941,-138.0,1386.941,127.0,2316.266,0.932589,2327.386,6556.0,2327.386,5304.0
1387.242,-178257.0,1387.242,-157286.0,1387.242,-343.0,1387.242,99.0,2317.266,0.905777,2327.89,6292.0,2327.89,5436.0
1387.541,-162529.0,1387.541,-157286.0,1387.541,-122.0,1387.541,86.0,2317.781,0.89555,2328.435,6531.0,2328.435,5441.0
1387.877,-157286.0,1387.877,-146800.0,1387.877,-218.0,1387.877,38.0,2318.249,0.883151,2328.881,6509.0,2328.881,5392.0
1388.128,-167772.0,1388.128,-146800.0,1388.128,-230.0,1388.128,165.0,2318.78,0.861663,2329.4,6623.0,2329.4,5076.0
1388.414,-131071.0,1388.414,-146800.0,1388.414,-53.0,1388.414,-31.0,2319.291,0.838122,2329.849,6510.0,2329.849,5223.0
1388.736,-162529.0,1388.736,-188743.0,1388.736,-217.0,1388.736,-13.0,2319.787,0.828174,2330.368,6355.0,2330.368,5396.0
1389.045,-152043.0,1389.045,-167772.0,1389.045,-137.0,1389.045,246.0,2320.236,0.800159,2330.881,6600.0,2330.881,5238.0
1389.373,-136314.0,1389.373,-188743.0,1389.373,5.0,1389.373,208.0,2320.773,0.766294,2331.348,6920.0,2331.348,4929.0
1389.623,-141557.0,1389.623,-188743.0,1389.623,59.0,1389.623,249.0,2321.239,0.741349,2331.877,6627.0,2331.877,5185.0
1389.94,-136314.0,1389.94,-193986.0,1389.94,-98.0,1389.94,173.0,2321.766,0.716872,2332.368,7068.0,2332.368,4707.0
1390.235,-162529.0,1390.235,-167772.0,1390.235,-8.0,1390.235,8.0,2322.254,0.680624,2332.884,7969.0,2332.884,3848.0
1390.535,-136314.0,1390.535,-178257.0,1390.535,-65.0,1390.535,6.0,2322.781,0.629201,2333.363,8265.0,2333.363,3647.0
1390.863,-131071.0,1390.863,-167772.0,1390.863,-224.0,1390.863,127.0,2323.226,0.599662,2333.856,8064.0,2333.856,3826.0
1391.128,-115343.0,1391.128,-188743.0,1391.128,66.0,1391.128,85.0,2323.743,0.560385,2334.338,7882.0,2334.338,4118.0
1391.414,-110100.0,1391.414,-204472.0,1391.414,-206.0,1391.414,260.0,2324.23,0.521101,2334.877,7546.0,2334.877,4443.0
1391.719,-131071.0,1391.719,-188743.0,1391.719,-58.0,1391.719,223.0,2324.781,0.494884,2335.325,6649.0,2335.325,5366.0
1392.044,-120586.0,1392.044,-173014.0,1392.044,-167.0,1392.044,271.0,2325.244,0.473158,2335.827,6656.0,2335.827,5402.0
1392.37,-94371.0,1392.37,-204472.0,1392.37,-137.0,1392.37,114.0,2325.768,0.449825,2336.371,6388.0,2336.371,5692.0
1392.615,-99614.0,1392.615,-162529.0,1392.615,-93.0,1392.615,-16.0,2326.233,0.440166,2337.321,5466.0,2337.321,6336.0
1392.916,-94371.0,1392.916,-183500.0,1392.916,-66.0,1392.916,146.0,2327.219,0.457658,2337.846,5980.0,2337.846,5934.0
1393.517,-104857.0,1393.517,-204472.0,1393.517,-218.0,1393.517,119.0,2327.743,0.466774,2338.344,5870.0,2338.344,5917.0
1393.828,-110100.0,1393.828,-157286.0,1393.828,-118.0,1393.828,122.0,2328.212,0.475425,2338.826,6012.0,2338.826,5903.0
1394.138,-125829.0,1394.138,-188743.0,1394.138,-85.0,1394.138,165.0,2328.779,0.490353,2339.35,6084.0,2339.35,5764.0
1394.402,-146800.0,1394.402,-152043.0,1394.402,-105.0,1394.402,115.0,2329.228,0.516021,2339.864,6169.0,2339.864,5471.0
1394.681,-125829.0,1394.681,-173014.0,1394.681,-41.0,1394.681,345.0,2329.753,0.52263,2340.34,6394.0,2340.34,5150.0
1395.034,-125829.0,1395.034,-162529.0,1395.034,70.0,1395.034,40.0,2330.216,0.521405,2340.822,6770.0,2340.822,5182.0
1395.339,-136314.0,1395.339,-167772.0,1395.339,170.0,1395.339,243.0,2330.711,0.5288,2341.354,6568.0,2341.354,5316.0
1395.608,-115343.0,1395.608,-157286.0,1395.608,143.0,1395.608,288.0,2331.202,0.527999,2341.805,6699.0,2341.805,5064.0
1395.9,-162529.0,1395.9,-173014.0,1395.9,-150.0,1395.9,262.0,2331.739,0.509364,2342.339,6662.0,2342.339,5156.0
1396.228,-162529.0,1396.228,-157286.0,1396.228,17.0,1396.228,208.0,2332.219,0.491558,2342.829,6630.0,2342.829,5335.0
1396.511,-146800.0,1396.511,-167772.0,1396.511,110.0,1396.511,-44.0,2332.728,0.449264,2343.326,6852.0,2343.326,5087.0
1396.83,-162529.0,1396.83,-131071.0,1396.83,3.0,1396.83,39.0,2333.238,0.338105,2343.826,6659.0,2343.826,5023.0
1397.098,-152043.0,1397.098,-141557.0,1397.098,-35.0,1397.098,255.0,2333.721,0.182598,2344.304,6720.0,2344.304,5047.0
1397.392,-157286.0,1397.392,-136314.0,1397.392,27.0,1397.392,74.0,2334.19,0.001408,2344.798,6481.0,2344.798,5374.0
1397.696,-157286.0,1397.696,-110100.0,1397.696,105.0,1397.696,191.0,2334.759,-0.206038,2345.327,6354.0,2345.327,5482.0
1397.967,-220200.0,1397.967,-167772.0,1397.967,-40.0,1397.967,20.0,2335.182,-0.408155,2345.825,6490.0,2345.825,5335.0
1398.355,-193986.0,1398.355,-141557.0,1398.355,9.0,1398.355,41.0,2335.714,-0.569137,2346.294,6330.0,2346.294,5475.0
1398.594,-167772.0,1398.594,-146800.0,1398.594,96.0,1398.594,78.0,2336.186,-0.706882,2346.844,6268.0,2346.844,5567.0
1399.19,-167772.0,1399.19,-146800.0,1399.19,191.0,1399.19,-39.0,2336.745,-0.809474,2347.312,6313.0,2347.312,5495.0
1399.513,-173014.0,1399.513,-167772.0,1399.513,143.0,1399.513,-198.0,2337.188,-0.85299,2347.794,6448.0,2347.794,5223.0
1399.827,-157286.0,1399.827,-173014.0,1399.827,53.0,1399.827,14.0,2337.73,-0.838286,2348.308,6536.0,2348.308,5273.0
1400.058,-146800.0,1400.058,-167772.0,1400.058,10.0,1400.058,-141.0,2338.193,-0.805835,2348.827,6409.0,2348.827,5558.0
1400.408,-136314.0,1400.408,-173014.0,1400.408,8.0,1400.408,-165.0,2338.731,-0.767462,2349.285,6619.0,2349.285,5152.0
1400.69,-162529.0,1400.69,-173014.0,1400.69,-41.0,1400.69,-360.0,2339.173,-0.723752,2349.812,6523.0,2349.812,5252.0
1401.001,-152043.0,1401.001,-173014.0,1401.001,186.0,1401.001,-211.0,2339.702,-0.662058,2350.311,6565.0,2350.311,5241.0
1401.317,-136314.0,1401.317,-204472.0,1401.317,118.0,1401.317,-23.0,2340.181,-0.600755,2350.795,6615.0,2350.795,5209.0
1401.581,-120586.0,1401.581,-178257.0,1401.581,86.0,1401.581,-162.0,2340.716,-0.551826,2351.287,6559.0,2351.287,5272.0
1401.917,-157286.0,1401.917,-183500.0,1401.917,72.0,1401.917,-198.0,2341.171,-0.516237,2351.794,6500.0,2351.794,5234.0
1402.186,-146800.0,1402.186,-178257.0,1402.186,-49.0,1402.186,21.0,2341.695,-0.502312,2352.271,6606.0,2352.271,5201.0
1402.798,-131071.0,1402.798,-162529.0,1402.798,57.0,1402.798,-110.0,2342.72,-0.496868,2352.794,6477.0,2352.794,5224.0
1403.07,-125829.0,1403.07,-157286.0,1403.07,348.0,1403.07,-153.0,2343.174,-0.503043,2353.296,6171.0,2353.296,5665.0
1403.668,-125829.0,1403.668,-173014.0,1403.668,-16.0,1403.668,173.0,2343.7,-0.514689,2353.806,6636.0,2353.806,5169.0
1403.983,-141557.0,1403.983,-162529.0,1403.983,237.0,1403.983,6.0,2344.148,-0.549023,2354.269,6508.0,2354.269,5274.0
1404.29,-162529.0,1404.29,-173014.0,1404.29,187.0,1404.29,204.0,2344.666,-0.583807,2354.779,6521.0,2354.779,5435.0
1404.591,-162529.0,1404.591,-162529.0,1404.591,-17.0,1404.591,70.0,2345.194,-0.613471,2355.261,6589.0,2355.261,5086.0
1404.874,-167772.0,1404.874,-157286.0,1404.874,49.0,1404.874,220.0,2345.678,-0.637642,2355.791,6332.0,2355.791,5544.0
1405.183,-146800.0,1405.183,-146800.0,1405.183,80.0,1405.183,219.0,2346.159,-0.656959,2356.259,6552.0,2356.259,5335.0
1405.444,-178257.0,1405.444,-152043.0,1405.444,140.0,1405.444,3.0,2346.703,-0.667142,2356.749,6483.0,2356.749,5279.0
1405.805,-167772.0,1405.805,-162529.0,1405.805,-27.0,1405.805,-177.0,2347.158,-0.668765,2357.294,6653.0,2357.294,5146.0
1406.36,-173014.0,1406.36,-141557.0,1406.36,280.0,1406.36,-119.0,2347.665,-0.673106,2357.73,6724.0,2357.73,5135.0
1406.716,-209715.0,1406.716,-157286.0,1406.716,233.0,1406.716,81.0,2348.148,-0.668496,2358.746,6458.0,2358.746,5411.0
1406.971,-183500.0,1406.971,-136314.0,1406.971,212.0,1406.971,130.0,2348.677,-0.665929,2359.277,6435.0,2359.277,5405.0
1407.295,-199229.0,1407.295,-157286.0,1407.295,251.0,1407.295,61.0,2349.173,-0.667785,2359.78,6407.0,2359.78,5370.0
1407.556,-178257.0,1407.556,-157286.0,1407.556,120.0,1407.556,-40.0,2349.677,-0.680251,2360.239,6017.0,2360.239,5802.0
1407.854,-178257.0,1407.854,-125829.0,1407.854,84.0,1407.854,60.0,2350.151,-0.686092,2360.785,6916.0,2360.785,4898.0
1408.181,-178257.0,1408.181,-131071.0,1408.181,85.0,1408.181,119.0,2350.681,-0.692906,2361.237,6304.0,2361.237,5494.0
1408.466,-204472.0,1408.466,-157286.0,1408.466,118.0,1408.466,59.0,2351.174,-0.704465,2361.738,6504.0,2361.738,5307.0
1408.805,-188743.0,1408.805,-141557.0,1408.805,211.0,1408.805,66.0,2351.673,-0.71926,2362.277,6507.0,2362.277,5285.0
1409.048,-178257.0,1409.048,-152043.0,1409.048,286.0,1409.048,3.0,2352.125,-0.739404,2362.727,6500.0,2362.727,5280.0
1409.404,-173014.0,1409.404,-152043.0,1409.404,88.0,1409.404,126.0,2353.155,-0.780251,2363.233,6454.0,2363.233,5354.0
1409.648,-173014.0,1409.648,-188743.0,1409.648,218.0,1409.648,123.0,2353.663,-0.785177,2363.75,6944.0,2363.75,4854.0
1409.923,-178257.0,1409.923,-162529.0,1409.923,140.0,1409.923,-158.0,2354.125,-0.808128,2364.268,6348.0,2364.268,5468.0
1410.293,-183500.0,1410.293,-167772.0,1410.293,176.0,1410.293,-117.0,2354.661,-0.831049,2364.76,6886.0,2364.76,4897.0
1410.536,-167772.0,1410.536,-162529.0,1410.536,78.0,1410.536,-7.0,2355.114,-0.846286,2365.234,6928.0,2365.234,4969.0
1410.869,-157286.0,1410.869,-162529.0,1410.869,85.0,1410.869,175.0,2355.676,-0.866827,2365.716,6400.0,2365.716,5469.0
1411.144,-162529.0,1411.144,-162529.0,1411.144,195.0,1411.144,204.0,2356.14,-0.873781,2366.241,6818.0,2366.241,5046.0
1411.481,-157286.0,1411.481,-162529.0,1411.481,230.0,1411.481,130.0,2356.642,-0.899855,2366.72,6185.0,2366.72,5748.0
1411.784,-193986.0,1411.784,-167772.0,1411.784,-60.0,1411.784,-45.0,2357.113,-0.919669,2367.236,6684.0,2367.236,5066.0
1412.037,-167772.0,1412.037,-178257.0,1412.037,20.0,1412.037,-224.0,2357.701,-0.947123,2367.775,6389.0,2367.775,5413.0
1412.339,-146800.0,1412.339,-152043.0,1412.339,-15.0,1412.339,-220.0,2358.125,-0.989396,2368.234,6357.0,2368.234,5535.0
1412.651,-152043.0,1412.651,-173014.0,1412.651,-131.0,1412.651,24.0,2358.609,-1.015425,2368.709,6700.0,2368.709,5154.0
1412.941,-152043.0,1412.941,-141557.0,1412.941,-89.0,1412.941,135.0,2359.139,-1.036703,2369.239,6811.0,2369.239,5010.0
1413.302,-178257.0,1413.302,-141557.0,1413.302,27.0,1413.302,162.0,2359.632,-1.06428,2369.735,6489.0,2369.735,5352.0
1413.518,-157286.0,1413.518,-162529.0,1413.518,-8.0,1413.518,-34.0,2360.096,-1.094704,2370.211,6342.0,2370.211,5434.0
1413.836,-167772.0,1413.836,-141557.0,1413.836,-77.0,1413.836,244.0,2360.637,-1.111483,2370.711,6503.0,2370.711,5383.0
1414.141,-141557.0,1414.141,-141557.0,1414.141,141.0,1414.141,140.0,2361.113,-1.137414,2371.244,6786.0,2371.244,5048.0
1414.772,-188743.0,1414.772,-125829.0,1414.772,-26.0,1414.772,319.0,2361.633,-1.157208,2371.694,6465.0,2371.694,5403.0
1415.045,-173014.0,1415.045,-131071.0,1415.045,66.0,1415.045,-3.0,2362.087,-1.166276,2372.202,6975.0,2372.202,4922.0
1415.302,-183500.0,1415.302,-125829.0,1415.302,-53.0,1415.302,-41.0,2362.62,-1.195383,2372.723,7090.0,2372.723,4774.0
1415.628,-173014.0,1415.628,-115343.0,1415.628,-89.0,1415.628,52.0,2363.085,-1.215868,2373.194,7086.0,2373.194,4807.0
1415.9,-214957.0,1415.9,-125829.0,1415.9,221.0,1415.9,262.0,2363.596,-1.238911,2373.691,6631.0,2373.691,5197.0
1416.255,-204472.0,1416.255,-99614.0,1416.255,24.0,1416.255,17.0,2364.103,-1.28638,2374.233,6738.0,2374.233,5123.0
1416.529,-204472.0,1416.529,-120586.0,1416.529,156.0,1416.529,115.0,2364.635,-1.326155,2374.727,6277.0,2374.727,5522.0
1416.83,-188743.0,1416.83,-94371.0,1416.83,88.0,1416.83,104.0,2365.088,-1.363723,2375.67,6233.0,2375.67,5470.0
1417.15,-183500.0,1417.15,-99614.0,1417.15,-49.0,1417.15,-46.0,2365.686,-1.437622,2376.208,6199.0,2376.208,5540.0
1417.394,-188743.0,1417.394,-73400.0,1417.394,10.0,1417.394,-108.0,2366.076,-1.510056,2376.704,6342.0,2376.704,5533.0
1417.741,-183500.0,1417.741,-99614.0,1417.741,-136.0,1417.741,101.0,2366.601,-1.590386,2377.201,6412.0,2377.201,5326.0
1418.02,-178257.0,1418.02,-89128.0,1418.02,-87.0,1418.02,77.0,2367.064,-1.653305,2377.709,6328.0,2377.709,5510.0
1418.32,-199229.0,1418.32,-120586.0,1418.32,-2.0,1418.32,-141.0,2367.611,-1.699739,2378.197,6348.0,2378.197,5347.0
1418.618,-204472.0,1418.618,-131071.0,1418.618,-103.0,1418.618,-92.0,2368.086,-1.760709,2378.695,6367.0,2378.695,5389.0
1418.892,-199229.0,1418.892,-141557.0,1418.892,-39.0,1418.892,-265.0,2368.591,-1.822798,2379.173,6540.0,2379.173,5301.0
1419.275,-188743.0,1419.275,-125829.0,1419.275,87.0,1419.275,-133.0,2369.058,-1.879873,2379.701,6360.0,2379.701,5407.0
1419.514,-178257.0,1419.514,-141557.0,1419.514,100.0,1419.514,-38.0,2369.616,-1.928858,2380.198,6664.0,2380.198,5193.0
1419.821,-178257.0,1419.821,-146800.0,1419.821,-91.0,1419.821,19.0,2370.068,-1.96656,2381.196,7000.0,2381.196,4793.0
1420.11,-188743.0,1420.11,-146800.0,1420.11,-64.0,1420.11,45.0,2370.612,-1.996101,2381.711,6572.0,2381.711,5251.0
1420.421,-131071.0,1420.421,-115343.0,1420.421,201.0,1420.421,-168.0,2371.074,-2.032762,2382.162,6449.0,2382.162,5372.0
1420.981,-188743.0,1420.981,-141557.0,1420.981,224.0,1420.981,-48.0,2371.606,-2.079859,2382.67,6698.0,2382.67,5092.0
1421.34,-178257.0,1421.34,-131071.0,1421.34,38.0,1421.34,-39.0,2372.046,-2.120838,2383.202,6724.0,2383.202,5052.0
1421.606,-173014.0,1421.606,-146800.0,1421.606,-63.0,1421.606,98.0,2372.569,-2.159644,2383.651,6577.0,2383.651,5201.0
1421.922,-173014.0,1421.922,-120586.0,1421.922,197.0,1421.922,30.0,2373.06,-2.216551,2384.158,6776.0,2384.158,5068.0
1422.504,-162529.0,1422.504,-110100.0,1422.504,-11.0,1422.504,9.0,2373.59,-2.286166,2384.679,6337.0,2384.679,5366.0
1422.81,-209715.0,1422.81,-89128.0,1422.81,168.0,1422.81,83.0,2374.037,-2.346808,2385.206,6619.0,2385.206,5192.0
1423.104,-193986.0,1423.104,-89128.0,1423.104,-101.0,1423.104,23.0,2374.566,-2.416037,2385.677,6232.0,2385.677,5527.0
1423.436,-183500.0,1423.436,-99614.0,1423.436,-52.0,1423.436,89.0,2375.057,-2.464903,2386.158,6656.0,2386.158,5183.0
1423.764,-193986.0,1423.764,-78643.0,1423.764,113.0,1423.764,-81.0,2375.57,-2.508077,2386.675,6274.0,2386.675,5559.0
1423.998,-157286.0,1423.998,-78643.0,1423.998,117.0,1423.998,-39.0,2376.039,-2.546177,2387.149,6339.0,2387.149,5441.0
1424.297,-188743.0,1424.297,-26214.0,1424.297,174.0,1424.297,112.0,2376.578,-2.559512,2387.674,6445.0,2387.674,5432.0
1424.569,-162529.0,1424.569,-47185.0,1424.569,205.0,1424.569,214.0,2377.044,-2.576297,2388.14,6105.0,2388.14,5787.0
1424.904,-209715.0,1424.904,-52428.0,1424.904,-63.0,1424.904,149.0,2377.572,-2.586842,2388.679,6197.0,2388.679,5600.0
1425.222,-193986.0,1425.222,-31457.0,1425.222,81.0,1425.222,-149.0,2378.024,-2.594618,2389.157,6065.0,2389.157,5701.0
1425.527,-193986.0,1425.527,-26214.0,1425.527,-179.0,1425.527,-230.0,2378.573,-2.58938,2389.628,5915.0,2389.628,5833.0
1425.796,-209715.0,1425.796,-20971.0,1425.796,-1.0,1425.796,-97.0,2379.026,-2.583109,2390.154,6420.0,2390.154,5415.0
1426.098,-220200.0,1426.098,-10485.0,1426.098,80.0,1426.098,-49.0,2379.54,-2.583494,2390.653,6549.0,2390.653,5155.0
1426.407,-188743.0,1426.407,-20971.0,1426.407,60.0,1426.407,-159.0,2380.038,-2.566504,2391.133,6808.0,2391.133,5022.0
1426.719,-235929.0,1426.719,15728.0,1426.719,5.0,1426.719,-90.0,2380.54,-2.562147,2391.646,6544.0,2391.646,5251.0
1426.995,-214957.0,1426.995,15728.0,1426.995,143.0,1426.995,3.0,2381.029,-2.558745,2392.179,6452.0,2392.179,5315.0
1427.28,-214957.0,1427.28,-20971.0,1427.28,-30.0,1427.28,-56.0,2381.551,-2.568967,2392.621,6722.0,2392.621,4957.0
1427.665,-209715.0,1427.665,-10485.0,1427.665,41.0,1427.665,104.0,2382.037,-2.587677,2393.209,6584.0,2393.209,5160.0
1427.908,-220200.0,1427.908,-10485.0,1427.908,-59.0,1427.908,-91.0,2382.57,-2.605286,2393.649,6509.0,2393.649,5136.0
1428.262,-225443.0,1428.262,-5242.0,1428.262,-192.0,1428.262,-1.0,2383.014,-2.635175,2394.146,6293.0,2394.146,5542.0
1428.486,-230686.0,1428.486,-15728.0,1428.486,-128.0,1428.486,38.0,2383.542,-2.666643,2394.622,6162.0,2394.622,5529.0
1428.781,-246415.0,1428.781,10485.0,1428.781,7.0,1428.781,-79.0,2384.056,-2.692726,2395.136,6536.0,2395.136,5251.0
1429.41,-214957.0,1429.41,-5242.0,1429.41,20.0,1429.41,-61.0,2384.538,-2.727836,2395.653,6394.0,2395.653,5367.0
1429.732,-199229.0,1429.732,0.0,1429.732,47.0,1429.732,-12.0,2385.004,-2.754801,2396.113,6074.0,2396.113,5517.0
1429.972,-183500.0,1429.972,10485.0,1429.972,-26.0,1429.972,18.0,2385.546,-2.777434,2396.665,6500.0,2396.665,5228.0
1430.275,-167772.0,1430.275,47185.0,1430.275,86.0,1430.275,51.0,2385.995,-2.812334,2397.106,6400.0,2397.106,5359.0
1430.57,-193986.0,1430.57,47185.0,1430.57,-130.0,1430.57,75.0,2386.513,-2.83217,2397.609,6381.0,2397.609,5498.0
1430.908,-173014.0,1430.908,52428.0,1430.908,65.0,1430.908,122.0,2387.009,-2.846393,2398.114,6142.0,2398.114,5624.0
1431.2,-167772.0,1431.2,83886.0,1431.2,69.0,1431.2,124.0,2387.526,-2.856745,2398.602,6354.0,2398.602,5405.0
1431.787,-62914.0,1431.787,89128.0,1431.787,217.0,1431.787,285.0,2388.01,-2.869349,2399.156,6554.0,2399.156,5219.0
1432.382,-73400.0,1432.382,131071.0,1432.382,279.0,1432.382,82.0,2388.534,-2.861142,2399.634,6591.0,2399.634,5125.0
1432.694,-94371.0,1432.694,146800.0,1432.694,164.0,1432.694,102.0,2389.019,-2.838579,2400.095,6422.0,2400.095,5479.0
1432.97,-83886.0,1432.97,120586.0,1432.97,75.0,1432.97,-84.0,2389.509,-2.820602,2400.617,6734.0,2400.617,5192.0
1433.264,-94371.0,1433.264,136314.0,1433.264,334.0,1433.264,-50.0,2389.984,-2.784906,2401.113,6467.0,2401.113,5278.0
1433.565,-89128.0,1433.565,125829.0,1433.565,49.0,1433.565,-109.0,2390.521,-2.757207,2401.586,6386.0,2401.586,5374.0
1433.916,-110100.0,1433.916,136314.0,1433.916,171.0,1433.916,5.0,2390.977,-2.728699,2402.124,6946.0,2402.124,4867.0
1434.179,-110100.0,1434.179,178257.0,1434.179,165.0,1434.179,-129.0,2391.528,-2.71655,2403.087,6383.0,2403.087,5348.0
1434.467,-94371.0,1434.467,167772.0,1434.467,231.0,1434.467,9.0,2391.972,-2.705561,2403.588,6082.0,2403.588,5744.0
1434.76,-115343.0,1434.76,178257.0,1434.76,7.0,1434.76,-7.0,2392.518,-2.688767,2404.103,6291.0,2404.103,5368.0
1435.075,-83886.0,1435.075,178257.0,1435.075,74.0,1435.075,-9.0,2392.973,-2.686688,2404.62,6397.0,2404.62,5519.0
1435.351,-125829.0,1435.351,188743.0,1435.351,50.0,1435.351,-128.0,2393.486,-2.680453,2405.075,6103.0,2405.075,5711.0
1435.656,-89128.0,1435.656,178257.0,1435.656,75.0,1435.656,-197.0,2393.97,-2.678987,2405.601,6410.0,2405.601,5180.0
1435.978,-99614.0,1435.978,167772.0,1435.978,106.0,1435.978,-90.0,2394.515,-2.670979,2406.116,6134.0,2406.116,5681.0
1436.239,-120586.0,1436.239,183500.0,1436.239,-209.0,1436.239,-50.0,2394.968,-2.651036,2407.115,6482.0,2407.115,5204.0
1436.557,-115343.0,1436.557,183500.0,1436.557,-72.0,1436.557,37.0,2395.483,-2.645379,2407.588,6361.0,2407.588,5327.0
1436.863,-68157.0,1436.863,167772.0,1436.863,135.0,1436.863,-116.0,2396.015,-2.62702,2408.097,6400.0,2408.097,5358.0
1437.188,-83886.0,1437.188,183500.0,1437.188,83.0,1437.188,109.0,2396.499,-2.605623,2408.566,6587.0,2408.566,5176.0
1437.44,-136314.0,1437.44,209715.0,1437.44,-137.0,1437.44,121.0,2396.977,-2.601731,2409.063,6227.0,2409.063,5414.0
1437.748,-110100.0,1437.748,183500.0,1437.748,-86.0,1437.748,62.0,2397.499,-2.594671,2409.6,6669.0,2409.6,5101.0
1438.058,-89128.0,1438.058,178257.0,1438.058,169.0,1438.058,367.0,2397.972,-2.581982,2410.556,6292.0,2410.556,5420.0
1438.347,-99614.0,1438.347,183500.0,1438.347,-21.0,1438.347,141.0,2398.483,-2.561361,2411.06,6590.0,2411.06,5252.0
1438.674,-99614.0,1438.674,199229.0,1438.674,15.0,1438.674,70.0,2398.952,-2.548553,2411.575,6567.0,2411.575,5230.0
1438.948,-89128.0,1438.948,167772.0,1438.948,-97.0,1438.948,196.0,2399.499,-2.538521,2412.549,6267.0,2412.549,5415.0
1439.217,-57671.0,1439.217,141557.0,1439.217,80.0,1439.217,357.0,2399.964,-2.532404,2413.09,6584.0,2413.09,5142.0
1439.534,-73400.0,1439.534,193986.0,1439.534,78.0,1439.534,71.0,2400.501,-2.524389,2413.539,6625.0,2413.539,5191.0
1439.919,-31457.0,1439.919,167772.0,1439.919,117.0,1439.919,246.0,2400.959,-2.523811,2414.098,6392.0,2414.098,5523.0
1440.198,-52428.0,1440.198,178257.0,1440.198,377.0,1440.198,263.0,2401.46,-2.530553,2414.584,6559.0,2414.584,5201.0
1440.44,-47185.0,1440.44,209715.0,1440.44,22.0,1440.44,144.0,2401.95,-2.536709,2415.041,5947.0,2415.041,5871.0
1440.738,-41943.0,1440.738,188743.0,1440.738,55.0,1440.738,-2.0,2402.465,-2.56701,2415.577,6191.0,2415.577,5611.0
1441.048,0.0,1441.048,214957.0,1441.048,131.0,1441.048,174.0,2402.961,-2.589381,2416.057,6442.0,2416.057,5278.0
1441.345,-5242.0,1441.345,204472.0,1441.345,211.0,1441.345,227.0,2403.487,-2.609214,2416.557,5954.0,2416.557,5820.0
1441.671,0.0,1441.671,199229.0,1441.671,233.0,1441.671,101.0,2403.928,-2.606267,2417.029,6232.0,2417.029,5361.0
1441.932,-10485.0,1441.932,209715.0,1441.932,93.0,1441.932,323.0,2404.465,-2.597068,2417.577,5861.0,2417.577,5993.0
1442.334,10485.0,1442.334,199229.0,1442.334,135.0,1442.334,128.0,2404.937,-2.578789,2418.033,6378.0,2418.033,5220.0
1442.503,15728.0,1442.503,209715.0,1442.503,-12.0,1442.503,176.0,2405.462,-2.560631,2418.559,6090.0,2418.559,5650.0
1442.841,36700.0,1442.841,235929.0,1442.841,-19.0,1442.841,145.0,2405.945,-2.541692,2419.025,6653.0,2419.025,5204.0
1443.158,20971.0,1443.158,235929.0,1443.158,59.0,1443.158,283.0,2406.927,-2.48549,2419.523,6595.0,2419.523,5118.0
1443.422,5242.0,1443.422,214957.0,1443.422,97.0,1443.422,346.0,2407.435,-2.46631,2420.048,6816.0,2420.048,4956.0
1443.73,5242.0,1443.73,220200.0,1443.73,180.0,1443.73,131.0,2407.932,-2.456344,2420.541,6950.0,2420.541,4830.0
1444.028,10485.0,1444.028,235929.0,1444.028,-15.0,1444.028,70.0,2408.447,-2.437526,2421.013,6767.0,2421.013,5078.0
1444.376,5242.0,1444.376,241172.0,1444.376,10.0,1444.376,87.0,2408.923,-2.424606,2421.534,7029.0,2421.534,4833.0
1444.677,-36700.0,1444.677,220200.0,1444.677,-64.0,1444.677,164.0,2409.466,-2.411147,2422.038,6397.0,2422.038,5398.0
1444.932,-10485.0,1444.932,235929.0,1444.932,-70.0,1444.932,-64.0,2409.962,-2.407574,2422.513,6774.0,2422.513,5026.0
1445.224,0.0,1445.224,230686.0,1445.224,180.0,1445.224,86.0,2410.438,-2.399074,2423.044,6060.0,2423.044,5609.0
1445.519,0.0,1445.519,230686.0,1445.519,-59.0,1445.519,62.0,2410.911,-2.379874,2424.109,6358.0,2424.109,5372.0
1445.828,-36700.0,1445.828,214957.0,1445.828,-185.0,1445.828,205.0,2411.902,-2.365604,2424.52,6152.0,2424.52,5613.0
1446.162,-26214.0,1446.162,188743.0,1446.162,82.0,1446.162,84.0,2412.453,-2.36285,2425.026,6215.0,2425.026,5562.0
1446.452,-10485.0,1446.452,209715.0,1446.452,40.0,1446.452,-9.0,2412.913,-2.367666,2425.534,6123.0,2425.534,5642.0
1446.723,-62914.0,1446.723,230686.0,1446.723,117.0,1446.723,155.0,2413.449,-2.389452,2426.057,6220.0,2426.057,5628.0
1447.019,-41943.0,1447.019,220200.0,1447.019,6.0,1447.019,-74.0,2413.892,-2.409204,2426.988,6748.0,2426.988,5003.0
1447.285,-10485.0,1447.285,230686.0,1447.285,60.0,1447.285,-122.0,2414.407,-2.42625,2428.004,6602.0,2428.004,5126.0
1447.704,5242.0,1447.704,199229.0,1447.704,187.0,1447.704,-143.0,2414.886,-2.447986,2429.013,6947.0,2429.013,4787.0
1447.93,5242.0,1447.93,225443.0,1447.93,158.0,1447.93,71.0,2415.43,-2.458524,2429.525,6639.0,2429.525,5112.0
1448.204,-10485.0,1448.204,214957.0,1448.204,154.0,1448.204,-135.0,2415.884,-2.464419,2430.477,6640.0,2430.477,5200.0
1448.559,10485.0,1448.559,193986.0,1448.559,-60.0,1448.559,-159.0,2416.428,-2.473824,2431.02,6972.0,2431.02,4811.0
1448.78,10485.0,1448.78,225443.0,1448.78,-11.0,1448.78,-50.0,2416.927,-2.460493,2431.478,6919.0,2431.478,4968.0
1449.144,15728.0,1449.144,193986.0,1449.144,116.0,1449.144,-27.0,2417.412,-2.453318,2432.007,6798.0,2432.007,5064.0
1449.404,47185.0,1449.404,251658.0,1449.404,-17.0,1449.404,-7.0,2417.885,-2.42851,2432.507,6206.0,2432.507,5612.0
1449.699,41943.0,1449.699,220200.0,1449.699,185.0,1449.699,130.0,2418.45,-2.392717,2433.015,6220.0,2433.015,5578.0
1450.007,57671.0,1450.007,225443.0,1450.007,143.0,1450.007,49.0,2418.88,-2.368462,2433.491,6320.0,2433.491,5448.0
1450.275,41943.0,1450.275,209715.0,1450.275,-1.0,1450.275,-50.0,2419.383,-2.354628,2434.013,6456.0,2434.013,5422.0
1450.651,57671.0,1450.651,204472.0,1450.651,104.0,1450.651,219.0,2419.868,-2.344558,2434.467,5989.0,2434.467,5851.0
1450.914,62914.0,1450.914,214957.0,1450.914,98.0,1450.914,50.0,2420.473,-2.335312,2434.977,6029.0,2434.977,5732.0
1451.208,57671.0,1451.208,204472.0,1451.208,110.0,1451.208,-32.0,2420.885,-2.366862,2435.448,6508.0,2435.448,5195.0
1451.504,52428.0,1451.504,225443.0,1451.504,39.0,1451.504,212.0,2421.922,-2.455476,2435.993,6535.0,2435.993,5323.0
1451.768,68157.0,1451.768,235929.0,1451.768,94.0,1451.768,51.0,2422.396,-2.489043,2436.467,6875.0,2436.467,4928.0
1452.129,47185.0,1452.129,225443.0,1452.129,9.0,1452.129,22.0,2422.877,-2.520555,2436.988,7409.0,2436.988,4377.0
1452.365,36700.0,1452.365,230686.0,1452.365,80.0,1452.365,4.0,2423.381,-2.549761,2437.482,7433.0,2437.482,4398.0
1452.708,52428.0,1452.708,256900.0,1452.708,-60.0,1452.708,-81.0,2424.394,-2.571662,2437.962,8315.0,2437.962,3619.0
1452.992,15728.0,1452.992,225443.0,1452.992,-161.0,1452.992,-167.0,2424.932,-2.56807,2438.461,7768.0,2438.461,4135.0
1453.304,15728.0,1453.304,220200.0,1453.304,28.0,1453.304,70.0,2425.387,-2.560367,2438.951,7940.0,2438.951,4149.0
1453.636,10485.0,1453.636,225443.0,1453.636,-34.0,1453.636,0.0,2425.848,-2.55039,2439.48,7537.0,2439.48,4461.0
1453.885,10485.0,1453.885,220200.0,1453.885,-98.0,1453.885,86.0,2426.378,-2.536089,2439.94,7219.0,2439.94,4835.0
1454.172,20971.0,1454.172,220200.0,1454.172,156.0,1454.172,7.0,2426.887,-2.518603,2440.44,6857.0,2440.44,5273.0
1454.484,0.0,1454.484,241172.0,1454.484,138.0,1454.484,-53.0,2427.405,-2.505723,2440.991,6050.0,2440.991,6074.0
1454.814,-5242.0,1454.814,225443.0,1454.814,20.0,1454.814,-154.0,2427.876,-2.503992,2441.94,6046.0,2441.94,5964.0
1455.099,-26214.0,1455.099,241172.0,1455.099,39.0,1455.099,-4.0,2428.35,-2.516656,2442.959,6402.0,2442.959,5529.0
1455.389,0.0,1455.389,199229.0,1455.389,-15.0,1455.389,-103.0,2428.847,-2.523034,2443.955,6272.0,2443.955,5645.0
1455.689,-5242.0,1455.689,220200.0,1455.689,-43.0,1455.689,2.0,2429.375,-2.557011,2444.479,6095.0,2444.479,5813.0
1455.999,0.0,1455.999,204472.0,1455.999,63.0,1455.999,220.0,2429.878,-2.598955,2444.994,6935.0,2444.994,4967.0
1456.316,10485.0,1456.316,204472.0,1456.316,39.0,1456.316,-25.0,2430.374,-2.647601,2445.438,6084.0,2445.438,5724.0
1456.585,15728.0,1456.585,225443.0,1456.585,105.0,1456.585,246.0,2430.856,-2.71071,2445.976,6940.0,2445.976,4911.0
1456.89,31457.0,1456.89,225443.0,1456.89,120.0,1456.89,166.0,2431.353,-2.781111,2446.473,6902.0,2446.473,4944.0
1457.174,15728.0,1457.174,199229.0,1457.174,165.0,1457.174,108.0,2431.828,-2.870946,2446.92,6872.0,2446.92,4967.0
1457.473,36700.0,1457.473,188743.0,1457.473,83.0,1457.473,-82.0,2432.334,-2.95946,2447.406,6607.0,2447.406,5265.0
1457.746,57671.0,1457.746,204472.0,1457.746,275.0,1457.746,7.0,2432.826,-3.027752,2447.971,6744.0,2447.971,5167.0
1458.104,57671.0,1458.104,209715.0,1458.104,299.0,1458.104,-138.0,2433.373,-3.078757,2448.447,7039.0,2448.447,4885.0
1458.377,62914.0,1458.377,199229.0,1458.377,248.0,1458.377,55.0,2433.822,-3.117165,2448.927,6813.0,2448.927,5023.0
1458.664,62914.0,1458.664,225443.0,1458.664,61.0,1458.664,166.0,2434.362,3.126414,2449.411,6948.0,2449.411,4866.0
1458.992,73400.0,1458.992,199229.0,1458.992,218.0,1458.992,144.0,2434.818,3.115869,2449.939,6569.0,2449.939,5381.0
1459.27,68157.0,1459.27,183500.0,1459.27,86.0,1459.27,16.0,2435.351,3.13433,2450.448,6633.0,2450.448,5236.0
1459.595,89128.0,1459.595,220200.0,1459.595,39.0,1459.595,1.0,2435.837,-3.134375,2450.905,6629.0,2450.905,5243.0
1459.874,94371.0,1459.874,204472.0,1459.874,76.0,1459.874,-38.0,2436.356,-3.13473,2451.468,6068.0,2451.468,5719.0
1460.164,78643.0,1460.164,204472.0,1460.164,127.0,1460.164,-37.0,2436.917,3.121398,2451.924,6300.0,2451.924,5587.0
1460.537,62914.0,1460.537,204472.0,1460.537,56.0,1460.537,111.0,2437.337,3.054978,2452.413,6437.0,2452.413,5462.0
1460.777,78643.0,1460.777,230686.0,1460.777,-9.0,1460.777,68.0,2437.823,2.952049,2452.896,6357.0,2452.896,5537.0
1461.12,68157.0,1461.12,209715.0,1461.12,115.0,1461.12,152.0,2438.327,2.799614,2453.404,6112.0,2453.404,5715.0
1461.36,78643.0,1461.36,241172.0,1461.36,-82.0,1461.36,123.0,2438.803,2.615886,2453.894,6361.0,2453.894,5375.0
1461.667,62914.0,1461.667,230686.0,1461.667,35.0,1461.667,-6.0,2439.344,2.42113,2454.415,6600.0,2454.415,5273.0
1461.958,68157.0,1461.958,220200.0,1461.958,90.0,1461.958,67.0,2439.799,2.215305,2454.891,6461.0,2454.891,5369.0
1462.268,41943.0,1462.268,193986.0,1462.268,-18.0,1462.268,61.0,2440.326,2.02239,2455.392,6588.0,2455.392,5246.0
1462.59,41943.0,1462.59,225443.0,1462.59,-28.0,1462.59,17.0,2440.832,1.859058,2455.964,6790.0,2455.964,4961.0
1462.858,41943.0,1462.858,225443.0,1462.858,200.0,1462.858,12.0,2441.343,1.747578,2456.424,7044.0,2456.424,4793.0
1463.189,31457.0,1463.189,214957.0,1463.189,148.0,1463.189,104.0,2441.793,1.673239,2456.887,7160.0,2456.887,4661.0
1463.769,41943.0,1463.769,230686.0,1463.769,-43.0,1463.769,27.0,2442.401,1.622562,2457.399,7040.0,2457.399,4951.0
1464.079,26214.0,1464.079,209715.0,1464.079,-186.0,1464.079,13.0,2442.809,1.610418,2457.91,6618.0,2457.91,5317.0
1464.351,10485.0,1464.351,204472.0,1464.351,-1.0,1464.351,-86.0,2443.369,1.611588,2458.413,6655.0,2458.413,5195.0
1464.64,5242.0,1464.64,199229.0,1464.64,5.0,1464.64,182.0,2443.787,1.630071,2458.908,6416.0,2458.908,5452.0
1464.964,20971.0,1464.964,199229.0,1464.964,-45.0,1464.964,-73.0,2444.312,1.644174,2459.873,6389.0,2459.873,5481.0
1465.273,52428.0,1465.273,235929.0,1465.273,-23.0,1465.273,-34.0,2444.815,1.670961,2460.403,6188.0,2460.403,5639.0
1465.562,41943.0,1465.562,230686.0,1465.562,122.0,1465.562,-62.0,2445.372,1.686199,2460.87,6341.0,2460.87,5591.0
1465.844,52428.0,1465.844,183500.0,1465.844,203.0,1465.844,71.0,2445.787,1.696949,2461.362,6480.0,2461.362,5332.0
1466.135,57671.0,1466.135,199229.0,1466.135,131.0,1466.135,-37.0,2446.325,1.710707,2461.915,6066.0,2461.915,5750.0
1466.502,52428.0,1466.502,204472.0,1466.502,176.0,1466.502,-108.0,2446.788,1.702685,2462.402,6366.0,2462.402,5382.0
1466.749,52428.0,1466.749,193986.0,1466.749,128.0,1466.749,-168.0,2447.402,1.664787,2462.857,5803.0,2462.857,5977.0
1467.043,78643.0,1467.043,188743.0,1467.043,172.0,1467.043,-144.0,2447.766,1.641131,2463.411,6287.0,2463.411,5448.0
1467.373,62914.0,1467.373,199229.0,1467.373,6.0,1467.373,-210.0,2448.323,1.6171,2463.88,6469.0,2463.88,5433.0
1467.637,73400.0,1467.637,214957.0,1467.637,98.0,1467.637,-12.0,2448.792,1.598859,2464.359,6497.0,2464.359,5165.0
1467.959,73400.0,1467.959,209715.0,1467.959,-128.0,1467.959,96.0,2449.334,1.561278,2464.875,6643.0,2464.875,5214.0
1468.208,94371.0,1468.208,188743.0,1468.208,-253.0,1468.208,-149.0,2449.859,1.51225,2465.402,6817.0,2465.402,5114.0
1468.562,104857.0,1468.562,199229.0,1468.562,-155.0,1468.562,-21.0,2450.316,1.466385,2465.85,7086.0,2465.85,4682.0
1468.837,89128.0,1468.837,178257.0,1468.837,-230.0,1468.837,-41.0,2450.768,1.437561,2466.362,6519.0,2466.362,5305.0
1469.131,83886.0,1469.131,178257.0,1469.131,-141.0,1469.131,-93.0,2451.773,1.399684,2466.868,7246.0,2466.868,4635.0
1469.489,99614.0,1469.489,183500.0,1469.489,-324.0,1469.489,-130.0,2452.302,1.395975,2467.341,6525.0,2467.341,5311.0
1470.065,104857.0,1470.065,173014.0,1470.065,-65.0,1470.065,1.0,2452.756,1.409686,2467.845,6923.0,2467.845,5026.0
1470.328,94371.0,1470.328,204472.0,1470.328,-205.0,1470.328,-94.0,2453.299,1.438197,2468.373,6542.0,2468.373,5391.0
1470.599,120586.0,1470.599,188743.0,1470.599,-187.0,1470.599,31.0,2453.749,1.469835,2468.872,6001.0,2468.872,5863.0
1470.951,104857.0,1470.951,199229.0,1470.951,-29.0,1470.951,-48.0,2454.318,1.497166,2469.367,6351.0,2469.367,5508.0
1471.241,115343.0,1471.241,193986.0,1471.241,-218.0,1471.241,76.0,2454.754,1.513102,2469.847,6033.0,2469.847,5785.0
1471.582,83886.0,1471.582,193986.0,1471.582,-228.0,1471.582,86.0,2455.3,1.533401,2470.336,6229.0,2470.336,5516.0
1471.822,89128.0,1471.822,193986.0,1471.822,-278.0,1471.822,21.0,2455.742,1.541265,2470.862,5802.0,2470.862,6018.0
1472.12,89128.0,1472.12,214957.0,1472.12,-246.0,1472.12,-188.0,2456.249,1.525742,2471.352,6491.0,2471.352,5321.0
1472.418,78643.0,1472.418,209715.0,1472.418,-250.0,1472.418,-238.0,2456.767,1.502747,2471.825,6188.0,2471.825,5656.0
1472.729,78643.0,1472.729,225443.0,1472.729,-134.0,1472.729,27.0,2457.253,1.462902,2472.365,6383.0,2472.365,5396.0
1473.055,73400.0,1473.055,225443.0,1473.055,-111.0,1473.055,184.0,2457.736,1.420518,2472.847,6740.0,2472.847,5054.0
1473.323,78643.0,1473.323,209715.0,1473.323,-126.0,1473.323,159.0,2458.266,1.390751,2473.324,6560.0,2473.324,5239.0
1473.63,78643.0,1473.63,199229.0,1473.63,-270.0,1473.63,138.0,2458.774,1.361723,2473.845,7185.0,2473.845,4674.0
1473.926,89128.0,1473.926,220200.0,1473.926,-253.0,1473.926,-78.0,2459.261,1.33453,2474.348,6719.0,2474.348,5082.0
1474.228,89128.0,1474.228,220200.0,1474.228,-118.0,1474.228,150.0,2459.736,1.311989,2474.831,6896.0,2474.831,4917.0
1474.54,57671.0,1474.54,188743.0,1474.54,-252.0,1474.54,276.0,2460.269,1.293314,2475.345,7249.0,2475.345,4684.0
1474.812,62914.0,1474.812,193986.0,1474.812,-221.0,1474.812,106.0,2460.736,1.290309,2475.856,6578.0,2475.856,5171.0
1475.389,83886.0,1475.389,214957.0,1475.389,-124.0,1475.389,-203.0,2461.253,1.299351,2476.307,6825.0,2476.307,5009.0
1475.775,73400.0,1475.775,188743.0,1475.775,-103.0,1475.775,-217.0,2461.734,1.303751,2476.833,6549.0,2476.833,5314.0
1476.061,68157.0,1476.061,199229.0,1476.061,44.0,1476.061,-11.0,2462.272,1.319605,2477.347,6453.0,2477.347,5355.0
1476.312,89128.0,1476.312,230686.0,1476.312,135.0,1476.312,156.0,2462.72,1.339282,2477.808,6388.0,2477.808,5462.0
1476.608,89128.0,1476.608,214957.0,1476.608,-117.0,1476.608,286.0,2463.325,1.381399,2478.303,6401.0,2478.303,5316.0
1476.924,73400.0,1476.924,178257.0,1476.924,-29.0,1476.924,92.0,2463.733,1.405437,2478.834,6373.0,2478.834,5477.0
1477.216,62914.0,1477.216,199229.0,1477.216,212.0,1477.216,-104.0,2464.242,1.417958,2479.33,6368.0,2479.33,5473.0
1477.505,94371.0,1477.505,209715.0,1477.505,178.0,1477.505,97.0,2464.722,1.42644,2479.834,6274.0,2479.834,5652.0
1477.814,125829.0,1477.814,193986.0,1477.814,174.0,1477.814,84.0,2465.237,1.426177,2480.315,6386.0,2480.315,5421.0
1478.098,104857.0,1478.098,178257.0,1478.098,-39.0,1478.098,-87.0,2465.718,1.411493,2480.798,6525.0,2480.798,5261.0
1478.398,110100.0,1478.398,188743.0,1478.398,150.0,1478.398,88.0,2466.244,1.379925,2481.325,6263.0,2481.325,5622.0
1478.713,120586.0,1478.713,214957.0,1478.713,252.0,1478.713,-65.0,2466.695,1.348259,2481.79,6352.0,2481.79,5536.0
1479.031,120586.0,1479.031,199229.0,1479.031,69.0,1479.031,39.0,2467.221,1.292771,2482.287,6318.0,2482.287,5444.0
1479.267,120586.0,1479.267,188743.0,1479.267,240.0,1479.267,-163.0,2467.71,1.25901,2482.843,6468.0,2482.843,5243.0
1479.605,131071.0,1479.605,214957.0,1479.605,282.0,1479.605,-172.0,2468.234,1.223509,2483.315,6638.0,2483.315,5060.0
1479.96,120586.0,1479.96,199229.0,1479.96,339.0,1479.96,-9.0,2468.71,1.200062,2483.798,6759.0,2483.798,5149.0
1480.194,110100.0,1480.194,178257.0,1480.194,238.0,1480.194,-22.0,2469.253,1.207488,2484.311,6874.0,2484.311,5003.0
1480.517,120586.0,1480.517,199229.0,1480.517,100.0,1480.517,19.0,2469.69,1.209701,2484.814,6593.0,2484.814,5140.0
1480.796,99614.0,1480.796,183500.0,1480.796,-16.0,1480.796,6.0,2470.206,1.227895,2485.278,6630.0,2485.278,5118.0
1481.081,125829.0,1481.081,220200.0,1481.081,-34.0,1481.081,140.0,2470.691,1.259817,2485.799,6516.0,2485.799,5212.0
1481.411,99614.0,1481.411,167772.0,1481.411,126.0,1481.411,-50.0,2471.219,1.298162,2486.313,6707.0,2486.313,5131.0
1481.701,125829.0,1481.701,178257.0,1481.701,-11.0,1481.701,25.0,2471.691,1.322914,2486.775,6417.0,2486.775,5372.0
1482.011,131071.0,1482.011,209715.0,1482.011,90.0,1482.011,53.0,2472.246,1.352796,2487.288,6058.0,2487.288,5683.0
1482.256,99614.0,1482.256,209715.0,1482.256,165.0,1482.256,134.0,2472.704,1.378727,2487.801,6703.0,2487.801,5159.0
1482.588,78643.0,1482.588,199229.0,1482.588,169.0,1482.588,175.0,2473.205,1.392267,2488.263,6084.0,2488.263,5674.0
1482.885,99614.0,1482.885,214957.0,1482.885,227.0,1482.885,250.0,2473.679,1.412748,2488.767,6376.0,2488.767,5317.0
1483.151,99614.0,1483.151,220200.0,1483.151,256.0,1483.151,-104.0,2474.206,1.403788,2489.293,6075.0,2489.293,5708.0
1483.507,68157.0,1483.507,230686.0,1483.507,229.0,1483.507,53.0,2474.695,1.385436,2489.797,6006.0,2489.797,5741.0
1483.785,110100.0,1483.785,209715.0,1483.785,223.0,1483.785,150.0,2475.216,1.349171,2490.281,6812.0,2490.281,5033.0
1484.098,68157.0,1484.098,193986.0,1484.098,-10.0,1484.098,46.0,2475.668,1.289365,2490.771,6243.0,2490.771,5553.0
1484.373,73400.0,1484.373,199229.0,1484.373,-1.0,1484.373,-28.0,2476.236,1.245576,2491.286,6454.0,2491.286,5270.0
1484.647,62914.0,1484.647,209715.0,1484.647,113.0,1484.647,-41.0,2476.677,1.198099,2491.786,6274.0,2491.786,5483.0
1485.01,83886.0,1485.01,235929.0,1485.01,26.0,1485.01,102.0,2477.227,1.165021,2492.252,6317.0,2492.252,5547.0
1485.267,78643.0,1485.267,204472.0,1485.267,-123.0,1485.267,-66.0,2477.672,1.134034,2492.753,6985.0,2492.753,4826.0
1485.567,89128.0,1485.567,204472.0,1485.567,151.0,1485.567,-246.0,2478.203,1.113945,2493.309,6774.0,2493.309,4979.0
1485.883,78643.0,1485.883,193986.0,1485.883,169.0,1485.883,32.0,2478.658,1.104634,2493.776,6801.0,2493.776,5088.0
1486.197,78643.0,1486.197,204472.0,1486.197,189.0,1486.197,-22.0,2479.178,1.107257,2494.24,6451.0,2494.24,5383.0
1486.519,78643.0,1486.519,199229.0,1486.519,22.0,1486.519,84.0,2479.672,1.125308,2494.776,6702.0,2494.776,5146.0
1486.771,94371.0,1486.771,183500.0,1486.771,47.0,1486.771,155.0,2480.193,1.152937,2495.263,6570.0,2495.263,5220.0
1487.066,94371.0,1487.066,183500.0,1487.066,-96.0,1487.066,141.0,2480.664,1.179864,2495.742,6662.0,2495.742,5097.0
1487.365,94371.0,1487.365,167772.0,1487.365,66.0,1487.365,281.0,2481.198,1.198419,2496.27,6623.0,2496.27,5255.0
1487.674,94371.0,1487.674,173014.0,1487.674,-27.0,1487.674,-5.0,2481.646,1.228619,2496.789,6351.0,2496.789,5479.0
1487.991,125829.0,1487.991,204472.0,1487.991,121.0,1487.991,6.0,2482.166,1.259192,2497.234,6583.0,2497.234,5287.0
1488.566,94371.0,1488.566,162529.0,1488.566,211.0,1488.566,47.0,2482.641,1.284179,2497.742,6289.0,2497.742,5492.0
1488.86,104857.0,1488.86,199229.0,1488.86,-45.0,1488.86,156.0,2483.193,1.29896,2498.262,6110.0,2498.262,5610.0
1489.168,104857.0,1489.168,162529.0,1489.168,189.0,1489.168,183.0,2483.638,1.30291,2498.725,6298.0,2498.725,5528.0
1489.484,146800.0,1489.484,209715.0,1489.484,90.0,1489.484,65.0,2484.151,1.292681,2499.259,6330.0,2499.259,5515.0
1489.759,136314.0,1489.759,193986.0,1489.759,64.0,1489.759,109.0,2484.646,1.272092,2499.748,6255.0,2499.748,5560.0
1490.054,115343.0,1490.054,193986.0,1490.054,-124.0,1490.054,134.0,2485.166,1.253176,2500.254,6484.0,2500.254,5315.0
1490.415,120586.0,1490.415,178257.0,1490.415,-76.0,1490.415,24.0,2485.635,1.224177,2500.72,6190.0,2500.72,5547.0
1490.654,131071.0,1490.654,193986.0,1490.654,33.0,1490.654,93.0,2486.152,1.194522,2501.274,6428.0,2501.274,5324.0
1490.979,110100.0,1490.979,214957.0,1490.979,53.0,1490.979,116.0,2486.649,1.166907,2501.719,6738.0,2501.719,5124.0
1491.25,120586.0,1491.25,188743.0,1491.25,-199.0,1491.25,0.0,2487.164,1.136677,2502.248,6378.0,2502.248,5505.0
1491.524,110100.0,1491.524,199229.0,1491.524,-125.0,1491.524,76.0,2487.63,1.129241,2502.712,6668.0,2502.712,5154.0
1491.855,131071.0,1491.855,173014.0,1491.855,-5.0,1491.855,174.0,2488.157,1.118342,2503.245,6717.0,2503.245,5132.0
1492.118,94371.0,1492.118,173014.0,1492.118,-91.0,1492.118,-101.0,2488.668,1.115668,2503.768,6735.0,2503.768,5023.0
1492.499,110100.0,1492.499,167772.0,1492.499,29.0,1492.499,267.0,2489.135,1.11686,2504.238,6642.0,2504.238,5176.0
1492.752,83886.0,1492.752,183500.0,1492.752,97.0,1492.752,-49.0,2489.616,1.132942,2504.708,6384.0,2504.708,5438.0
1493.345,115343.0,1493.345,204472.0,1493.345,-171.0,1493.345,-72.0,2490.167,1.1654,2505.23,6877.0,2505.23,5006.0
1493.651,120586.0,1493.651,204472.0,1493.651,-137.0,1493.651,-120.0,2490.632,1.185219,2505.727,6634.0,2505.727,5164.0
1493.98,94371.0,1493.98,193986.0,1493.98,-62.0,1493.98,-179.0,2491.118,1.19609,2506.205,6529.0,2506.205,5351.0
1494.246,104857.0,1494.246,183500.0,1494.246,-219.0,1494.246,64.0,2491.603,1.208472,2506.723,6721.0,2506.723,5173.0
1494.564,99614.0,1494.564,178257.0,1494.564,-150.0,1494.564,-34.0,2492.133,1.221854,2507.24,6334.0,2507.24,5589.0
1494.84,94371.0,1494.84,193986.0,1494.84,-185.0,1494.84,77.0,2492.626,1.234511,2507.697,6611.0,2507.697,5261.0
1495.149,89128.0,1495.149,173014.0,1495.149,213.0,1495.149,17.0,2493.142,1.233376,2508.2,6105.0,2508.2,5739.0
1495.466,115343.0,1495.466,173014.0,1495.466,-154.0,1495.466,-13.0,2493.615,1.229267,2508.715,6328.0,2508.715,5599.0
1495.737,131071.0,1495.737,188743.0,1495.737,-157.0,1495.737,-109.0,2494.135,1.202535,2509.191,6042.0,2509.191,5816.0
1496.032,125829.0,1496.032,188743.0,1496.032,-87.0,1496.032,19.0,2494.591,1.19341,2509.699,5856.0,2509.699,6026.0
1496.336,115343.0,1496.336,199229.0,1496.336,-266.0,1496.336,2.0,2495.117,1.189394,2510.209,6249.0,2510.209,5509.0
1496.657,68157.0,1496.657,162529.0,1496.657,-108.0,1496.657,62.0,2495.593,1.181844,2510.719,6140.0,2510.719,5595.0
1496.951,110100.0,1496.951,167772.0,1496.951,-137.0,1496.951,-80.0,2496.111,1.160804,2511.206,6214.0,2511.206,5446.0
1497.229,83886.0,1497.229,183500.0,1497.229,10.0,1497.229,3.0,2496.606,1.137426,2511.695,7008.0,2511.695,4849.0
1497.521,120586.0,1497.521,183500.0,1497.521,-24.0,1497.521,-176.0,2497.129,1.131278,2512.179,6934.0,2512.179,4927.0
1498.14,99614.0,1498.14,178257.0,1498.14,33.0,1498.14,26.0,2497.586,1.121925,2512.706,6649.0,2512.706,5183.0
1498.427,125829.0,1498.427,199229.0,1498.427,-219.0,1498.427,96.0,2498.09,1.09752,2513.206,7118.0,2513.206,4726.0
1498.737,115343.0,1498.737,188743.0,1498.737,-143.0,1498.737,48.0,2498.592,1.08824,2513.675,6651.0,2513.675,5267.0
1499.016,110100.0,1499.016,162529.0,1499.016,-41.0,1499.016,-75.0,2499.123,1.090679,2514.694,6879.0,2514.694,4992.0
1499.32,115343.0,1499.32,162529.0,1499.32,-199.0,1499.32,63.0,2499.587,1.104222,2515.168,6718.0,2515.168,5251.0
1499.604,104857.0,1499.604,183500.0,1499.604,60.0,1499.604,33.0,2500.098,1.121544,2515.69,6629.0,2515.69,5234.0
1499.953,125829.0,1499.953,193986.0,1499.953,58.0,1499.953,125.0,2500.624,1.14292,2516.212,6648.0,2516.212,5212.0
1500.217,115343.0,1500.217,183500.0,1500.217,156.0,1500.217,-119.0,2501.102,1.152918,2516.672,6171.0,2516.672,5721.0
1500.515,99614.0,1500.515,188743.0,1500.515,-283.0,1500.515,135.0,2501.571,1.168815,2517.166,6122.0,2517.166,5636.0
1500.867,131071.0,1500.867,204472.0,1500.867,33.0,1500.867,-86.0,2502.119,1.177185,2517.704,6413.0,2517.704,5471.0
1501.123,115343.0,1501.123,225443.0,1501.123,-111.0,1501.123,148.0,2502.567,1.193591,2518.16,6006.0,2518.16,5831.0
1501.46,110100.0,1501.46,199229.0,1501.46,157.0,1501.46,-116.0,2503.087,1.204192,2518.669,6551.0,2518.669,5253.0
1501.706,104857.0,1501.706,209715.0,1501.706,-21.0,1501.706,62.0,2503.568,1.195877,2519.185,6395.0,2519.185,5381.0
1502.009,110100.0,1502.009,178257.0,1502.009,-246.0,1502.009,-59.0,2504.107,1.18076,2519.652,6309.0,2519.652,5518.0
1502.318,99614.0,1502.318,193986.0,1502.318,-77.0,1502.318,-57.0,2504.56,1.171404,2520.157,6534.0,2520.157,5349.0
1502.619,89128.0,1502.619,225443.0,1502.619,-79.0,1502.619,122.0,2505.069,1.170822,2520.684,6549.0,2520.684,5232.0
1502.963,99614.0,1502.963,188743.0,1502.963,-178.0,1502.963,9.0,2505.556,1.160512,2521.187,6415.0,2521.187,5557.0
1503.206,73400.0,1503.206,204472.0,1503.206,147.0,1503.206,97.0,2506.075,1.138839,2521.647,6830.0,2521.647,4968.0
1503.505,68157.0,1503.505,199229.0,1503.505,-32.0,1503.505,-27.0,2506.552,1.112983,2522.152,6836.0,2522.152,4970.0
1503.83,83886.0,1503.83,204472.0,1503.83,54.0,1503.83,-99.0,2507.092,1.077011,2522.671,6702.0,2522.671,5087.0
1504.126,89128.0,1504.126,209715.0,1504.126,203.0,1504.126,-132.0,2507.563,1.047091,2523.17,7078.0,2523.17,4886.0
1504.434,78643.0,1504.434,220200.0,1504.434,9.0,1504.434,58.0,2508.112,1.019527,2523.632,6735.0,2523.632,5160.0
1504.707,68157.0,1504.707,193986.0,1504.707,-29.0,1504.707,37.0,2508.545,1.002675,2524.156,6388.0,2524.156,5464.0
1505.031,99614.0,1505.031,209715.0,1505.031,-130.0,1505.031,175.0,2509.066,1.000418,2524.672,6635.0,2524.672,5125.0
1505.299,78643.0,1505.299,209715.0,1505.299,-167.0,1505.299,86.0,2509.541,1.008724,2525.159,6963.0,2525.159,4948.0
1505.606,68157.0,1505.606,173014.0,1505.606,15.0,1505.606,130.0,2510.068,1.060926,2525.63,6464.0,2525.63,5365.0
1505.943,89128.0,1505.943,204472.0,1505.943,-149.0,1505.943,147.0,2510.538,1.117549,2526.152,6361.0,2526.152,5429.0
1506.194,83886.0,1506.194,204472.0,1506.194,-174.0,1506.194,65.0,2511.079,1.159715,2526.648,6438.0,2526.648,5421.0
1506.467,68157.0,1506.467,209715.0,1506.467,-112.0,1506.467,99.0,2511.529,1.206745,2527.127,5994.0,2527.127,5713.0
1506.807,94371.0,1506.807,204472.0,1506.807,-296.0,1506.807,116.0,2512.041,1.232598,2527.619,5989.0,2527.619,5824.0
1507.119,99614.0,1507.119,188743.0,1507.119,-44.0,1507.119,-72.0,2512.541,1.250822,2528.153,6123.0,2528.153,5984.0
1507.41,94371.0,1507.41,204472.0,1507.41,-38.0,1507.41,-88.0,2513.058,1.258125,2528.62,6824.0,2528.62,5167.0
1507.689,94371.0,1507.689,199229.0,1507.689,-247.0,1507.689,-188.0,2513.552,1.227616,2529.128,6599.0,2529.128,5221.0
1508.0,68157.0,1508.0,188743.0,1508.0,-237.0,1508.0,179.0,2514.064,1.189162,2529.636,6452.0,2529.636,5253.0
1508.284,110100.0,1508.284,178257.0,1508.284,-414.0,1508.284,128.0,2514.54,1.146847,2530.108,6281.0,2530.108,5502.0
1508.596,131071.0,1508.596,220200.0,1508.596,-75.0,1508.596,-76.0,2515.044,1.098337,2530.611,6441.0,2530.611,5381.0
1508.915,104857.0,1508.915,214957.0,1508.915,-6.0,1508.915,-196.0,2515.52,1.05888,2531.138,6833.0,2531.138,5062.0
1509.222,94371.0,1509.222,193986.0,1509.222,-271.0,1509.222,32.0,2516.047,1.023706,2531.64,6671.0,2531.64,5118.0
1509.484,104857.0,1509.484,173014.0,1509.484,-177.0,1509.484,-200.0,2516.527,0.996879,2532.128,6666.0,2532.128,5080.0
1509.785,110100.0,1509.785,193986.0,1509.785,-127.0,1509.785,26.0,2517.059,0.981327,2532.615,6727.0,2532.615,5090.0
1510.053,83886.0,1510.053,183500.0,1510.053,-82.0,1510.053,-154.0,2517.523,0.976194,2533.102,6982.0,2533.102,4818.0
1510.422,104857.0,1510.422,183500.0,1510.422,-33.0,1510.422,-101.0,2518.06,0.980023,2533.624,6326.0,2533.624,5430.0
1510.667,115343.0,1510.667,178257.0,1510.667,-234.0,1510.667,-6.0,2518.508,1.007529,2534.099,6626.0,2534.099,5301.0
1510.977,83886.0,1510.977,178257.0,1510.977,-157.0,1510.977,15.0,2519.011,1.034449,2534.596,6609.0,2534.596,5229.0
1511.33,125829.0,1511.33,204472.0,1511.33,-319.0,1511.33,43.0,2519.514,1.055971,2535.133,6484.0,2535.133,5363.0
1511.583,99614.0,1511.583,204472.0,1511.583,-86.0,1511.583,-86.0,2520.047,1.090536,2535.631,6363.0,2535.631,5430.0
1511.912,120586.0,1511.912,183500.0,1511.912,-273.0,1511.912,15.0,2520.502,1.116085,2536.089,5870.0,2536.089,5864.0
1512.179,104857.0,1512.179,204472.0,1512.179,-159.0,1512.179,-137.0,2521.028,1.14005,2536.619,6070.0,2536.619,5710.0
1512.473,78643.0,1512.473,193986.0,1512.473,-185.0,1512.473,155.0,2521.547,1.165368,2537.115,6109.0,2537.115,5665.0
1512.775,99614.0,1512.775,193986.0,1512.775,21.0,1512.775,9.0,2522.016,1.174999,2537.578,5916.0,2537.578,5775.0
1513.433,83886.0,1513.433,188743.0,1513.433,-113.0,1513.433,66.0,2522.5,1.165564,2538.104,6420.0,2538.104,5471.0
1513.657,89128.0,1513.657,214957.0,1513.657,-61.0,1513.657,51.0,2523.041,1.146017,2538.624,6053.0,2538.624,5837.0
1514.266,115343.0,1514.266,199229.0,1514.266,58.0,1514.266,302.0,2523.506,1.117204,2539.081,6159.0,2539.081,5625.0
1514.537,83886.0,1514.537,193986.0,1514.537,-39.0,1514.537,-4.0,2524.014,1.090799,2539.589,6413.0,2539.589,5296.0
1514.899,104857.0,1514.899,193986.0,1514.899,22.0,1514.899,-101.0,2524.525,1.067481,2540.103,6383.0,2540.103,5489.0
1515.155,99614.0,1515.155,178257.0,1515.155,16.0,1515.155,-54.0,2525.034,1.039859,2540.574,6672.0,2540.574,5108.0
1515.471,94371.0,1515.471,183500.0,1515.471,98.0,1515.471,-96.0,2525.483,1.0081,2541.148,7050.0,2541.148,4794.0
1515.758,99614.0,1515.758,183500.0,1515.758,-254.0,1515.758,-89.0,2526.031,1.000535,2542.115,6842.0,2542.115,5002.0
1516.073,104857.0,1516.073,178257.0,1516.073,152.0,1516.073,16.0,2526.507,0.993129,2542.587,6423.0,2542.587,5253.0
1516.379,99614.0,1516.379,193986.0,1516.379,-32.0,1516.379,-130.0,2527.001,1.006775,2543.081,6553.0,2543.081,5067.0
1516.656,110100.0,1516.656,183500.0,1516.656,23.0,1516.656,-165.0,2527.479,1.013138,2543.589,7248.0,2543.589,4661.0
1516.955,110100.0,1516.955,167772.0,1516.955,-97.0,1516.955,-60.0,2527.995,1.038224,2544.086,6659.0,2544.086,5248.0
1517.583,120586.0,1517.583,178257.0,1517.583,184.0,1517.583,25.0,2528.49,1.075292,2544.56,6677.0,2544.56,4916.0
1517.874,99614.0,1517.874,173014.0,1517.874,244.0,1517.874,-4.0,2529.009,1.085611,2545.052,6105.0,2545.052,5768.0
1518.223,104857.0,1518.223,193986.0,1518.223,-128.0,1518.223,-40.0,2529.463,1.093354,2545.596,6093.0,2545.596,5711.0
1518.454,136314.0,1518.454,193986.0,1518.454,-138.0,1518.454,210.0,2529.995,1.114544,2546.085,6201.0,2546.085,5501.0
1518.748,104857.0,1518.748,183500.0,1518.748,67.0,1518.748,-16.0,2530.998,1.179791,2546.554,5529.0,2546.554,6286.0
1519.086,141557.0,1519.086,173014.0,1519.086,200.0,1519.086,10.0,2531.461,1.192688,2547.082,5615.0,2547.082,6153.0
1519.399,125829.0,1519.399,157286.0,1519.399,173.0,1519.399,33.0,2532.002,1.19326,2547.579,5778.0,2547.579,5813.0
1519.662,94371.0,1519.662,188743.0,1519.662,99.0,1519.662,-43.0,2532.475,1.182045,2548.05,5205.0,2548.05,6403.0
1519.947,131071.0,1519.947,193986.0,1519.947,-89.0,1519.947,234.0,2532.998,1.164704,2548.575,5939.0,2548.575,5783.0
1520.244,141557.0,1520.244,193986.0,1520.244,-163.0,1520.244,-151.0,2533.455,1.129333,2549.085,6563.0,2549.085,5292.0
1520.552,125829.0,1520.552,183500.0,1520.552,-109.0,1520.552,89.0,2533.98,1.107975,2549.541,6502.0,2549.541,5247.0
1520.887,115343.0,1520.887,173014.0,1520.887,100.0,1520.887,25.0,2534.467,1.083244,2550.043,6703.0,2550.043,5116.0
1521.144,99614.0,1521.144,162529.0,1521.144,-27.0,1521.144,-28.0,2534.997,1.053172,2550.558,6454.0,2550.558,5213.0
1521.451,131071.0,1521.451,183500.0,1521.451,-151.0,1521.451,-92.0,2535.484,1.031257,2551.032,6936.0,2551.032,4881.0
1521.753,99614.0,1521.753,204472.0,1521.753,-90.0,1521.753,-31.0,2535.984,1.006756,2551.533,6830.0,2551.533,4988.0
1522.015,141557.0,1522.015,193986.0,1522.015,167.0,1522.015,100.0,2536.452,1.009716,2552.06,6855.0,2552.06,4942.0
1522.366,115343.0,1522.366,199229.0,1522.366,-142.0,1522.366,106.0,2536.972,1.018867,2552.533,6615.0,2552.533,5202.0
1522.932,110100.0,1522.932,178257.0,1522.932,-63.0,1522.932,36.0,2537.438,1.033036,2553.049,6211.0,2553.049,5590.0
1523.24,89128.0,1523.24,193986.0,1523.24,-45.0,1523.24,1.0,2537.987,1.052713,2553.536,6214.0,2553.536,5745.0
1523.503,89128.0,1523.503,209715.0,1523.503,-140.0,1523.503,-13.0,2538.451,1.075949,2554.024,5663.0,2554.024,6157.0
1523.889,78643.0,1523.889,220200.0,1523.889,-54.0,1523.889,-65.0,2538.982,1.12297,2554.544,4564.0,2554.544,7083.0
1524.112,73400.0,1524.112,204472.0,1524.112,-92.0,1524.112,-170.0,2539.448,1.167447,2555.024,5226.0,2555.024,6487.0
1524.427,83886.0,1524.427,209715.0,1524.427,111.0,1524.427,196.0,2539.944,1.195744,2555.519,4861.0,2555.519,6820.0
1524.725,83886.0,1524.725,204472.0,1524.725,104.0,1524.725,203.0,2540.438,1.236342,2556.068,4349.0,2556.068,7186.0
1525.038,62914.0,1525.038,209715.0,1525.038,91.0,1525.038,28.0,2540.943,1.267032,2556.547,5563.0,2556.547,6124.0
1525.372,89128.0,1525.372,199229.0,1525.372,98.0,1525.372,-32.0,2541.941,1.251149,2557.009,5354.0,2557.009,6463.0
1525.617,94371.0,1525.617,188743.0,1525.617,174.0,1525.617,159.0,2542.437,1.234962,2557.543,5865.0,2557.543,5970.0
1525.942,73400.0,1525.942,199229.0,1525.942,134.0,1525.942,276.0,2542.947,1.211451,2558.041,7127.0,2558.041,4693.0
1526.215,94371.0,1526.215,209715.0,1526.215,104.0,1526.215,393.0,2543.417,1.179459,2558.5,7321.0,2558.5,4718.0
1526.534,99614.0,1526.534,188743.0,1526.534,42.0,1526.534,211.0,2543.969,1.129982,2559.036,7613.0,2559.036,4333.0
1526.855,89128.0,1526.855,183500.0,1526.855,-105.0,1526.855,131.0,2544.429,1.075505,2559.558,7213.0,2559.558,4843.0
1527.116,115343.0,1527.116,209715.0,1527.116,51.0,1527.116,385.0,2544.94,1.024545,2560.002,7148.0,2560.002,4796.0
1527.421,83886.0,1527.421,173014.0,1527.421,51.0,1527.421,-31.0,2545.413,1.007113,2560.513,6867.0,2560.513,5106.0
1527.762,89128.0,1527.762,188743.0,1527.762,184.0,1527.762,52.0,2545.961,1.013828,2561.028,6191.0,2561.028,5741.0
1528.043,94371.0,1528.043,183500.0,1528.043,102.0,1528.043,-33.0,2546.43,1.013899,2561.519,6627.0,2561.519,5259.0
1528.365,104857.0,1528.365,173014.0,1528.365,54.0,1528.365,48.0,2546.966,1.05925,2562.027,5996.0,2562.027,5985.0
1528.612,110100.0,1528.612,183500.0,1528.612,-61.0,1528.612,-75.0,2547.426,1.133922,2562.515,5970.0,2562.515,5921.0
1528.917,115343.0,1528.917,188743.0,1528.917,12.0,1528.917,-9.0,2547.931,1.211032,2563.032,6041.0,2563.032,5847.0
1529.186,120586.0,1529.186,193986.0,1529.186,-14.0,1529.186,-26.0,2548.406,1.315632,2563.512,5741.0,2563.512,6176.0
1529.531,99614.0,1529.531,193986.0,1529.531,62.0,1529.531,-63.0,2548.929,1.409663,2564.041,6003.0,2564.041,5752.0
1529.809,94371.0,1529.809,199229.0,1529.809,-53.0,1529.809,-169.0,2549.417,1.479307,2564.486,6039.0,2564.486,5601.0
1530.138,110100.0,1530.138,188743.0,1530.138,-172.0,1530.138,4.0,2549.943,1.537876,2565.014,6111.0,2565.014,5632.0
1530.412,99614.0,1530.412,157286.0,1530.412,8.0,1530.412,-60.0,2550.4,1.568397,2565.474,6470.0,2565.474,5351.0
1530.692,125829.0,1530.692,193986.0,1530.692,72.0,1530.692,-21.0,2550.936,1.602809,2566.01,6749.0,2566.01,4957.0
1531.0,99614.0,1531.0,209715.0,1531.0,-182.0,1531.0,104.0,2551.388,1.604512,2566.529,6770.0,2566.529,5104.0
1531.321,83886.0,1531.321,214957.0,1531.321,110.0,1531.321,-101.0,2551.939,1.585713,2567.015,6749.0,2567.015,4977.0
1531.607,104857.0,1531.607,178257.0,1531.607,392.0,1531.607,-7.0,2552.406,1.547521,2567.475,6951.0,2567.475,4868.0
1531.905,99614.0,1531.905,204472.0,1531.905,173.0,1531.905,-102.0,2552.943,1.521101,2567.995,6745.0,2567.995,5086.0
1532.25,99614.0,1532.25,209715.0,1532.25,57.0,1532.25,276.0,2553.373,1.519551,2568.492,7037.0,2568.492,4727.0
1532.504,104857.0,1532.504,193986.0,1532.504,154.0,1532.504,-123.0,2553.89,1.541956,2568.968,6424.0,2568.968,5441.0
1532.831,68157.0,1532.831,188743.0,1532.831,-68.0,1532.831,30.0,2554.376,1.599092,2569.49,6858.0,2569.49,4976.0
1533.151,94371.0,1533.151,204472.0,1533.151,75.0,1533.151,0.0,2554.9,1.718607,2570.015,6407.0,2570.015,5417.0
1533.416,83886.0,1533.416,178257.0,1533.416,330.0,1533.416,86.0,2555.391,1.884687,2570.464,6273.0,2570.464,5546.0
1533.705,104857.0,1533.705,193986.0,1533.705,-94.0,1533.705,-99.0,2555.913,2.082078,2570.979,6019.0,2570.979,5768.0
1533.964,89128.0,1533.964,225443.0,1533.964,-64.0,1533.964,172.0,2556.4,2.316639,2571.481,6308.0,2571.481,5462.0
1534.339,104857.0,1534.339,199229.0,1534.339,52.0,1534.339,-94.0,2556.889,2.526641,2571.989,5832.0,2571.989,5961.0
1534.595,83886.0,1534.595,214957.0,1534.595,159.0,1534.595,-193.0,2557.36,2.703318,2572.458,6078.0,2572.458,5657.0
1534.889,78643.0,1534.889,209715.0,1534.889,19.0,1534.889,-180.0,2557.906,2.873216,2572.982,5925.0,2572.982,5811.0
1535.183,78643.0,1535.183,183500.0,1535.183,132.0,1535.183,-22.0,2558.361,2.961446,2573.484,6266.0,2573.484,5437.0
1535.501,78643.0,1535.501,204472.0,1535.501,-117.0,1535.501,-31.0,2558.948,2.984171,2573.982,6431.0,2573.982,5320.0
1535.837,99614.0,1535.837,214957.0,1535.837,-164.0,1535.837,-8.0,2559.375,2.969332,2574.496,6781.0,2574.496,4980.0
1536.091,94371.0,1536.091,193986.0,1536.091,107.0,1536.091,-63.0,2559.901,2.934653,2574.952,7049.0,2574.952,4785.0
1536.401,73400.0,1536.401,214957.0,1536.401,-100.0,1536.401,-27.0,2560.361,2.894437,2575.476,6918.0,2575.476,4868.0
1536.755,62914.0,1536.755,204472.0,1536.755,104.0,1536.755,87.0,2560.87,2.8459,2575.952,7274.0,2575.952,4574.0
1536.989,78643.0,1536.989,193986.0,1536.989,2.0,1536.989,-188.0,2561.351,2.823887,2576.443,6689.0,2576.443,5162.0
1537.32,83886.0,1537.32,193986.0,1537.32,-234.0,1537.32,-288.0,2561.912,2.815441,2576.99,6742.0,2576.99,5065.0
1537.578,83886.0,1537.578,183500.0,1537.578,-5.0,1537.578,-7.0,2562.348,2.82725,2577.467,6763.0,2577.467,5034.0
1537.849,104857.0,1537.849,225443.0,1537.849,-66.0,1537.849,-166.0,2562.88,2.868392,2577.931,6257.0,2577.931,5573.0
1538.182,78643.0,1538.182,209715.0,1538.182,55.0,1538.182,-246.0,2563.35,2.926766,2578.468,6433.0,2578.468,5387.0
1538.504,89128.0,1538.504,183500.0,1538.504,-59.0,1538.504,-103.0,2563.871,2.989856,2578.96,6208.0,2578.96,5612.0
1538.842,94371.0,1538.842,193986.0,1538.842,-32.0,1538.842,-213.0,2564.341,3.068548,2579.43,6084.0,2579.43,5660.0
1539.073,89128.0,1539.073,188743.0,1539.073,-38.0,1539.073,-68.0,2564.882,-3.140573,2579.96,6025.0,2579.96,5783.0
1539.389,94371.0,1539.389,199229.0,1539.389,-18.0,1539.389,-91.0,2565.34,-3.077992,2580.481,6341.0,2580.481,5554.0
1539.671,78643.0,1539.671,193986.0,1539.671,110.0,1539.671,-68.0,2565.868,-3.015072,2581.435,6382.0,2581.435,5402.0
1539.981,94371.0,1539.981,193986.0,1539.981,-71.0,1539.981,-179.0,2566.33,-2.984551,2581.946,6827.0,2581.946,4956.0
1540.268,94371.0,1540.268,214957.0,1540.268,-136.0,1540.268,-196.0,2566.878,-2.975439,2582.421,6992.0,2582.421,4718.0
1540.583,94371.0,1540.583,220200.0,1540.583,133.0,1540.583,110.0,2567.347,-2.981651,2582.938,7006.0,2582.938,4763.0
1540.861,83886.0,1540.861,183500.0,1540.861,-19.0,1540.861,82.0,2567.837,-3.002237,2583.438,7038.0,2583.438,4688.0
1541.155,52428.0,1541.155,204472.0,1541.155,-20.0,1541.155,85.0,2568.325,-3.03082,2583.954,6988.0,2583.954,4776.0
1541.483,68157.0,1541.483,241172.0,1541.483,201.0,1541.483,-215.0,2568.855,-3.072228,2584.435,6918.0,2584.435,4886.0
1541.789,68157.0,1541.789,204472.0,1541.789,307.0,1541.789,-25.0,2569.323,-3.114309,2584.926,6866.0,2584.926,4923.0
1542.062,68157.0,1542.062,220200.0,1542.062,111.0,1542.062,-121.0,2569.85,3.13477,2585.409,6728.0,2585.409,5137.0
1542.362,68157.0,1542.362,199229.0,1542.362,-13.0,1542.362,16.0,2570.34,3.108027,2585.93,6733.0,2585.93,5060.0
1542.686,89128.0,1542.686,199229.0,1542.686,156.0,1542.686,-42.0,2570.869,3.090304,2586.405,6534.0,2586.405,5416.0
1542.967,57671.0,1542.967,225443.0,1542.967,238.0,1542.967,-61.0,2571.321,3.09887,2586.9,5941.0,2586.9,5790.0
1543.285,73400.0,1543.285,230686.0,1543.285,-8.0,1543.285,36.0,2571.85,3.104166,2587.454,6670.0,2587.454,5085.0
1543.561,47185.0,1543.561,214957.0,1543.561,10.0,1543.561,186.0,2572.324,3.137596,2587.92,6017.0,2587.92,5813.0
1543.856,52428.0,1543.856,214957.0,1543.856,157.0,1543.856,-3.0,2572.838,-3.099695,2588.398,6367.0,2588.398,5456.0
1544.159,36700.0,1544.159,214957.0,1544.159,363.0,1544.159,33.0,2573.315,-3.048088,2588.925,6316.0,2588.925,5460.0
1544.426,52428.0,1544.426,209715.0,1544.426,156.0,1544.426,67.0,2573.854,-2.995118,2589.419,6189.0,2589.419,5578.0
1544.805,41943.0,1544.805,220200.0,1544.805,123.0,1544.805,77.0,2574.302,-2.95119,2589.889,6616.0,2589.889,5159.0
1545.059,36700.0,1545.059,241172.0,1545.059,66.0,1545.059,274.0,2574.812,-2.927262,2590.415,6318.0,2590.415,5365.0
1545.356,36700.0,1545.356,214957.0,1545.356,306.0,1545.356,404.0,2575.295,-2.917036,2590.94,6666.0,2590.94,5184.0
1545.728,47185.0,1545.728,204472.0,1545.728,205.0,1545.728,-104.0,2575.829,-2.931446,2591.387,6428.0,2591.387,5287.0
1545.959,57671.0,1545.959,214957.0,1545.959,540.0,1545.959,187.0,2576.295,-2.969457,2591.898,6939.0,2591.898,4775.0
1546.275,31457.0,1546.275,209715.0,1546.275,150.0,1546.275,183.0,2576.837,-3.023982,2592.404,6953.0,2592.404,4798.0
1546.564,31457.0,1546.564,235929.0,1546.564,291.0,1546.564,101.0,2577.319,-3.063806,2592.882,6833.0,2592.882,4912.0
1546.863,31457.0,1546.863,225443.0,1546.863,250.0,1546.863,-63.0,2577.805,-3.113268,2593.383,6837.0,2593.383,5051.0
1547.142,26214.0,1547.142,204472.0,1547.142,257.0,1547.142,-31.0,2578.3,3.132402,2593.914,6600.0,2593.914,5146.0
1547.46,36700.0,1547.46,209715.0,1547.46,294.0,1547.46,9.0,2578.821,3.121775,2594.409,6319.0,2594.409,5494.0
1547.769,20971.0,1547.769,199229.0,1547.769,278.0,1547.769,48.0,2579.284,3.124004,2594.904,6730.0,2594.904,5128.0
1548.041,41943.0,1548.041,220200.0,1548.041,202.0,1548.041,116.0,2579.843,3.124528,2595.384,6420.0,2595.384,5428.0
1548.377,31457.0,1548.377,220200.0,1548.377,182.0,1548.377,259.0,2580.291,-3.130834,2595.864,6299.0,2595.864,5503.0
1548.659,26214.0,1548.659,178257.0,1548.659,339.0,1548.659,13.0,2580.82,-3.081541,2596.399,6394.0,2596.399,5487.0
1548.972,-10485.0,1548.972,220200.0,1548.972,269.0,1548.972,201.0,2581.277,-3.017068,2596.89,6285.0,2596.89,5455.0
1549.252,31457.0,1549.252,220200.0,1549.252,146.0,1549.252,8.0,2581.791,-2.962521,2597.36,6541.0,2597.36,5239.0
1549.542,20971.0,1549.542,225443.0,1549.542,214.0,1549.542,156.0,2582.268,-2.924565,2597.9,6296.0,2597.9,5583.0
1549.84,20971.0,1549.84,230686.0,1549.84,165.0,1549.84,53.0,2582.822,-2.90232,2598.392,6139.0,2598.392,5689.0
1550.132,10485.0,1550.132,225443.0,1550.132,137.0,1550.132,114.0,2583.263,-2.888633,2598.853,7112.0,2598.853,4705.0
1550.405,20971.0,1550.405,220200.0,1550.405,167.0,1550.405,53.0,2583.786,-2.898883,2599.389,6797.0,2599.389,4928.0
1550.728,0.0,1550.728,262143.0,1550.728,263.0,1550.728,-9.0,2584.31,-2.930507,2599.883,7331.0,2599.883,4399.0
1551.061,5242.0,1551.061,209715.0,1551.061,84.0,1551.061,197.0,2584.817,-2.971442,2600.353,7583.0,2600.353,4268.0
1551.322,-15728.0,1551.322,225443.0,1551.322,81.0,1551.322,-33.0,2585.262,-3.023602,2600.882,7236.0,2600.882,4727.0
1551.65,-31457.0,1551.65,230686.0,1551.65,104.0,1551.65,-6.0,2585.805,-3.065376,2601.393,7699.0,2601.393,4174.0
1551.933,-68157.0,1551.933,241172.0,1551.933,93.0,1551.933,16.0,2586.259,-3.109728,2601.88,7846.0,2601.88,4234.0
1552.252,-41943.0,1552.252,214957.0,1552.252,-41.0,1552.252,-133.0,2586.775,3.130971,2602.35,7368.0,2602.35,4771.0
1552.529,-41943.0,1552.529,209715.0,1552.529,103.0,1552.529,-77.0,2587.263,3.118948,2602.876,7405.0,2602.876,4697.0
1552.817,-68157.0,1552.817,220200.0,1552.817,-64.0,1552.817,-128.0,2587.804,3.11254,2603.343,7022.0,2603.343,5117.0
1553.185,-73400.0,1553.185,220200.0,1553.185,-94.0,1553.185,-87.0,2588.277,3.112023,2603.842,7197.0,2603.842,4894.0
1553.425,-131071.0,1553.425,230686.0,1553.425,-24.0,1553.425,6.0,2588.813,3.126848,2604.362,5750.0,2604.362,6323.0
1553.757,-152043.0,1553.757,220200.0,1553.757,40.0,1553.757,-116.0,2589.246,-3.119527,2604.876,6888.0,2604.876,5215.0
1554.015,-157286.0,1554.015,183500.0,1554.015,42.0,1554.015,-273.0,2589.759,-3.07925,2605.368,5891.0,2605.368,6108.0
1554.317,-146800.0,1554.317,193986.0,1554.317,-64.0,1554.317,-226.0,2590.25,-3.044422,2605.844,6739.0,2605.844,5305.0
1554.659,-199229.0,1554.659,167772.0,1554.659,-133.0,1554.659,-233.0,2590.779,-3.016143,2606.332,6251.0,2606.332,5668.0
1554.922,-188743.0,1554.922,125829.0,1554.922,-49.0,1554.922,-259.0,2591.271,-2.995896,2606.85,6108.0,2606.85,5789.0
1555.259,-193986.0,1555.259,115343.0,1555.259,-50.0,1555.259,41.0,2591.779,-2.983102,2607.332,6644.0,2607.332,5205.0
1555.492,-162529.0,1555.492,89128.0,1555.492,-123.0,1555.492,-337.0,2592.246,-2.982445,2607.82,6652.0,2607.82,5266.0
1555.811,-241172.0,1555.811,115343.0,1555.811,-57.0,1555.811,-171.0,2592.765,-3.015596,2608.365,6958.0,2608.365,4880.0
1556.11,-220200.0,1556.11,73400.0,1556.11,48.0,1556.11,-364.0,2593.245,-3.059993,2608.849,6711.0,2608.849,5063.0
1556.42,-241172.0,1556.42,62914.0,1556.42,4.0,1556.42,-1.0,2593.759,-3.099959,2609.32,6723.0,2609.32,5169.0
1556.746,-193986.0,1556.746,57671.0,1556.746,-43.0,1556.746,4.0,2594.228,3.12931,2609.847,7069.0,2609.847,4863.0
1557.015,-199229.0,1557.015,20971.0,1557.015,72.0,1557.015,-109.0,2594.771,3.077241,2610.341,6959.0,2610.341,4927.0
1557.327,-183500.0,1557.327,5242.0,1557.327,31.0,1557.327,-277.0,2595.223,3.036944,2610.816,7198.0,2610.816,4744.0
1557.68,-220200.0,1557.68,31457.0,1557.68,148.0,1557.68,-55.0,2595.736,3.006387,2611.334,6876.0,2611.334,5041.0
1557.889,-230686.0,1557.889,41943.0,1557.889,-6.0,1557.889,-48.0,2596.225,2.984974,2611.868,6572.0,2611.868,5284.0
1558.21,-209715.0,1558.21,26214.0,1558.21,-51.0,1558.21,-178.0,2596.76,2.974427,2612.31,6986.0,2612.31,5053.0
1558.502,-167772.0,1558.502,5242.0,1558.502,218.0,1558.502,-44.0,2597.212,2.961623,2612.821,6166.0,2612.821,5916.0
1558.8,-225443.0,1558.8,-10485.0,1558.8,212.0,1558.8,-254.0,2597.772,2.960025,2613.349,6167.0,2613.349,5682.0
1559.095,-235929.0,1559.095,20971.0,1559.095,325.0,1559.095,-113.0,2598.239,2.950354,2613.804,6480.0,2613.804,5507.0
1559.431,-204472.0,1559.431,0.0,1559.431,135.0,1559.431,-56.0,2598.742,2.965252,2614.308,5852.0,2614.308,6104.0
1559.717,-188743.0,1559.717,0.0,1559.717,34.0,1559.717,-55.0,2599.212,2.939496,2614.827,6108.0,2614.827,5774.0
1559.969,-188743.0,1559.969,5242.0,1559.969,160.0,1559.969,-103.0,2599.736,2.894432,2615.33,6178.0,2615.33,5651.0
1560.299,-225443.0,1560.299,10485.0,1560.299,153.0,1560.299,-115.0,2600.206,2.823993,2615.819,6099.0,2615.819,5701.0
1560.594,-230686.0,1560.594,-5242.0,1560.594,200.0,1560.594,-250.0,2600.746,2.71261,2616.338,6069.0,2616.338,5749.0
1560.9,-241172.0,1560.9,10485.0,1560.9,99.0,1560.9,-164.0,2601.197,2.591236,2616.789,7242.0,2616.789,4646.0
1561.193,-230686.0,1561.193,-10485.0,1561.193,277.0,1561.193,-190.0,2601.747,2.437248,2617.318,6124.0,2617.318,5459.0
1561.511,-214957.0,1561.511,-15728.0,1561.511,86.0,1561.511,-257.0,2602.193,2.244617,2617.792,7091.0,2617.792,4855.0
1561.796,-235929.0,1561.796,-36700.0,1561.796,109.0,1561.796,-328.0,2602.712,2.070043,2618.288,6874.0,2618.288,5017.0
1562.092,-225443.0,1562.092,-57671.0,1562.092,69.0,1562.092,-211.0,2603.195,1.902498,2618.834,6916.0,2618.834,5055.0
1562.405,-199229.0,1562.405,0.0,1562.405,122.0,1562.405,-243.0,2603.732,1.770266,2619.304,6535.0,2619.304,5322.0
1562.721,-220200.0,1562.721,-78643.0,1562.721,209.0,1562.721,8.0,2604.22,1.647598,2619.79,6456.0,2619.79,5283.0
1562.985,-230686.0,1562.985,-89128.0,1562.985,170.0,1562.985,-35.0,2604.719,1.578231,2620.31,6676.0,2620.31,5101.0
1563.283,-178257.0,1563.283,-83886.0,1563.283,187.0,1563.283,-211.0,2605.198,1.512159,2620.798,6950.0,2620.798,4980.0
1563.654,-183500.0,1563.654,-136314.0,1563.654,178.0,1563.654,-194.0,2605.717,1.513956,2621.284,6466.0,2621.284,5490.0
1563.892,-220200.0,1563.892,-152043.0,1563.892,286.0,1563.892,-190.0,2606.183,1.52872,2621.804,5455.0,2621.804,6322.0
1564.184,-162529.0,1564.184,-183500.0,1564.184,124.0,1564.184,-138.0,2606.74,1.524469,2622.313,6467.0,2622.313,5386.0
1564.483,-157286.0,1564.483,-167772.0,1564.483,427.0,1564.483,-254.0,2607.189,1.52004,2622.764,6070.0,2622.764,5519.0
1564.784,-162529.0,1564.784,-157286.0,1564.784,447.0,1564.784,-174.0,2607.706,1.51834,2623.271,6573.0,2623.271,5186.0
1565.084,-131071.0,1565.084,-162529.0,1565.084,344.0,1565.084,-137.0,2608.179,1.516792,2623.794,6350.0,2623.794,5539.0
1565.392,-131071.0,1565.392,-173014.0,1565.392,240.0,1565.392,109.0,2608.734,1.489796,2624.264,7278.0,2624.264,7398.0
1565.978,-141557.0,1565.978,-173014.0,1565.978,18.0,1565.978,-40.0,2609.173,1.444213,2624.769,6727.0,2624.769,7087.0
1566.583,-131071.0,1566.583,-167772.0,1566.583,-158.0,1566.583,83.0,2609.685,1.399479,2625.282,5927.0,2625.282,6595.0
1566.872,-115343.0,1566.872,-152043.0,1566.872,-35.0,1566.872,122.0,2610.168,1.336161,2625.799,5059.0,2625.799,6067.0
1567.214,-99614.0,1567.214,-146800.0,1567.214,28.0,1567.214,-14.0,2610.707,1.263644,2626.28,4333.0,2626.28,5591.0
1567.464,-99614.0,1567.464,-136314.0,1567.464,-26.0,1567.464,41.0,2611.162,1.163796,2626.771,3819.0,2626.771,5287.0
1567.792,-146800.0,1567.792,-146800.0,1567.792,57.0,1567.792,11.0,2611.701,1.064796,2627.253,3381.0,2627.253,5145.0
1568.052,-115343.0,1568.052,-110100.0,1568.052,-251.0,1568.052,195.0,2612.192,0.97982,2627.782,2947.0,2627.782,5031.0
1568.377,-162529.0,1568.377,-115343.0,1568.377,67.0,1568.377,191.0,2612.698,0.90546,2628.241,2558.0,2628.241,4886.0
1568.691,-131071.0,1568.691,-73400.0,1568.691,-25.0,1568.691,172.0,2613.152,0.868717,2628.743,2262.0,2628.743,4756.0
1568.936,-193986.0,1568.936,-115343.0,1568.936,117.0,1568.936,-20.0,2613.686,0.85143,2629.287,1758.0,2629.287,4086.0
1569.234,-173014.0,1569.234,-115343.0,1569.234,107.0,1569.234,-82.0,2614.157,0.841384,2629.779,1094.0,2629.779,2724.0
1569.592,-183500.0,1569.592,-125829.0,1569.592,82.0,1569.592,-161.0,2614.681,0.865618,2630.242,359.0,2630.242,909.0
1569.886,-220200.0,1569.886,-94371.0,1569.886,148.0,1569.886,76.0,2615.15,0.902484,2630.746,-420.0,2630.746,-1012.0
1570.176,-146800.0,1570.176,-104857.0,1570.176,103.0,1570.176,-93.0,2615.706,0.934351,2631.26,-999.0,2631.26,-2323.0
1570.452,-193986.0,1570.452,-110100.0,1570.452,169.0,1570.452,43.0,2616.149,0.97099,2631.738,-1160.0,2631.738,-2702.0
1570.761,-225443.0,1570.761,-110100.0,1570.761,110.0,1570.761,-84.0,2616.659,1.006872,2632.257,-1141.0,2632.257,-2721.0
1571.053,-173014.0,1571.053,-89128.0,1571.053,22.0,1571.053,-135.0,2617.153,0.998748,2632.775,-972.0,2632.775,-2390.0
1571.361,-193986.0,1571.361,-115343.0,1571.361,90.0,1571.361,-280.0,2617.669,1.006056,2633.231,-637.0,2633.231,-1661.0
1571.659,-141557.0,1571.659,-104857.0,1571.659,57.0,1571.659,-54.0,2618.14,0.985848,2633.73,-282.0,2633.73,-768.0
1571.986,-178257.0,1571.986,-120586.0,1571.986,87.0,1571.986,-306.0,2618.677,0.949828,2634.249,-62.0,2634.249,-174.0
1572.251,-157286.0,1572.251,-125829.0,1572.251,174.0,1572.251,-99.0,2619.153,0.911348,2634.722,169.0,2634.722,473.0
1572.553,-188743.0,1572.553,-136314.0,1572.553,-16.0,1572.553,-33.0,2619.656,0.866924,2635.225,313.0,2635.225,883.0
1572.858,-193986.0,1572.858,-178257.0,1572.858,391.0,1572.858,-32.0,2620.141,0.843227,2635.748,486.0,2635.748,1346.0
1573.175,-173014.0,1573.175,-136314.0,1573.175,69.0,1573.175,-43.0,2620.653,0.816368,2636.252,624.0,2636.252,1706.0
1573.443,-152043.0,1573.443,-120586.0,1573.443,-73.0,1573.443,184.0,2621.123,0.77738,2636.749,655.0,2636.749,1769.0
1573.749,-188743.0,1573.749,-162529.0,1573.749,189.0,1573.749,38.0,2621.69,0.766881,2637.227,622.0,2637.227,1672.0
1574.095,-204472.0,1574.095,-141557.0,1574.095,267.0,1574.095,85.0,2622.141,0.785119,2637.716,574.0,2637.716,1538.0
1574.315,-131071.0,1574.315,-125829.0,1574.315,74.0,1574.315,84.0,2622.669,0.807109,2638.234,517.0,2638.234,1397.0
1574.678,-157286.0,1574.678,-104857.0,1574.678,24.0,1574.678,-57.0,2623.115,0.828409,2638.732,376.0,2638.732,1028.0
1574.94,-209715.0,1574.94,-136314.0,1574.94,304.0,1574.94,23.0,2623.669,0.83739,2639.232,265.0,2639.232,721.0
1575.239,-204472.0,1575.239,-136314.0,1575.239,210.0,1575.239,-91.0,2624.125,0.849251,2639.755,162.0,2639.755,434.0
1575.566,-193986.0,1575.566,-115343.0,1575.566,-7.0,1575.566,159.0,2624.616,0.905799,2640.226,86.0,2640.226,230.0
1575.851,-178257.0,1575.851,-94371.0,1575.851,259.0,1575.851,-23.0,2625.133,0.994377,2640.699,19.0,2640.699,49.0
1576.188,-173014.0,1576.188,-94371.0,1576.188,103.0,1576.188,-30.0,2625.629,1.104048,2641.233,-41.0,2641.233,-105.0
1576.431,-193986.0,1576.431,-104857.0,1576.431,-29.0,1576.431,46.0,2626.121,1.226618,2641.732,-59.0,2641.732,-149.0
1576.734,-183500.0,1576.734,-68157.0,1576.734,-158.0,1576.734,4.0,2626.62,1.36587,2642.204,-88.0,2642.204,-220.0
1577.035,-178257.0,1577.035,-41943.0,1577.035,-190.0,1577.035,77.0,2627.106,1.539727,2642.726,-62.0,2642.726,-152.0
1577.342,-241172.0,1577.342,-73400.0,1577.342,33.0,1577.342,-192.0,2627.616,1.755075,2643.238,-13.0,2643.238,-31.0
1577.66,-167772.0,1577.66,-41943.0,1577.66,-101.0,1577.66,172.0,2628.115,1.993702,2643.692,33.0,2643.692,77.0
1577.925,-209715.0,1577.925,-62914.0,1577.925,-71.0,1577.925,28.0,2628.6,2.245315,2644.194,105.0,2644.194,249.0
1578.257,-162529.0,1578.257,-31457.0,1578.257,200.0,1578.257,8.0,2629.098,2.513035,2644.71,142.0,2644.71,332.0
1578.529,-178257.0,1578.529,-52428.0,1578.529,234.0,1578.529,-138.0,2629.596,2.796637,2645.186,173.0,2645.186,399.0
1578.837,-209715.0,1578.837,-62914.0,1578.837,-4.0,1578.837,-80.0,2630.123,3.048762,2645.688,186.0,2645.688,426.0
1579.153,-209715.0,1579.153,-68157.0,1579.153,61.0,1579.153,-46.0,2630.596,-3.029555,2646.205,174.0,2646.205,396.0
1579.427,-214957.0,1579.427,-73400.0,1579.427,-105.0,1579.427,-139.0,2631.109,-2.860096,2646.714,177.0,2646.714,397.0
1579.728,-225443.0,1579.728,-83886.0,1579.728,133.0,1579.728,20.0,2631.606,-2.755704,2647.183,189.0,2647.183,425.0
1580.035,-220200.0,1580.035,-83886.0,1580.035,100.0,1580.035,-152.0,2632.087,-2.700617,2647.696,146.0,2647.696,326.0
1580.355,-199229.0,1580.355,-99614.0,1580.355,-11.0,1580.355,-266.0,2632.597,-2.687589,2648.176,135.0,2648.176,303.0
1580.68,-193986.0,1580.68,-89128.0,1580.68,109.0,1580.68,-225.0,2633.104,-2.703297,2648.706,133.0,2648.706,297.0
1580.918,-193986.0,1580.918,-99614.0,1580.918,-73.0,1580.918,-85.0,2633.582,-2.735608,2649.174,136.0,2649.174,302.0
1581.224,-204472.0,1581.224,-89128.0,1581.224,-49.0,1581.224,-59.0,2634.08,-2.75439,2649.692,114.0,2649.692,254.0
1581.518,-209715.0,1581.518,-110100.0,1581.518,-54.0,1581.518,-143.0,2634.595,-2.76019,2650.209,68.0,2650.209,148.0
1581.827,-209715.0,1581.827,-110100.0,1581.827,-30.0,1581.827,-144.0,2635.078,-2.757118,2650.693,60.0,2650.693,130.0
1582.116,-199229.0,1582.116,-89128.0,1582.116,93.0,1582.116,-42.0,2635.572,-2.750016,2652.187,-39.0,2652.187,-85.0
1582.424,-204472.0,1582.424,-110100.0,1582.424,62.0,1582.424,-267.0,2636.091,-2.742696,2652.659,-103.0,2652.659,-219.0
1582.711,-199229.0,1582.711,-131071.0,1582.711,-130.0,1582.711,-105.0,2636.616,-2.717618,2653.165,-149.0,2653.165,-315.0
1583.013,-167772.0,1583.013,-115343.0,1583.013,-199.0,1583.013,-53.0,2637.086,-2.680182,2654.184,-279.0,2654.184,-581.0
1583.282,-162529.0,1583.282,-115343.0,1583.282,210.0,1583.282,-79.0,2637.565,-2.639245,2654.657,-418.0,2654.657,-858.0
1583.654,-157286.0,1583.654,-94371.0,1583.654,-153.0,1583.654,-44.0,2638.079,-2.590451,2655.171,-462.0,2655.171,-942.0
1583.912,-204472.0,1583.912,-125829.0,1583.912,57.0,1583.912,10.0,2638.583,-2.53913,2655.643,-580.0,2655.643,-1160.0
1584.204,-214957.0,1584.204,-125829.0,1584.204,39.0,1584.204,46.0,2639.078,-2.482159,2656.149,-553.0,2656.149,-1103.0
1584.527,-173014.0,1584.527,-89128.0,1584.527,106.0,1584.527,67.0,2639.56,-2.438546,2656.672,-494.0,2656.672,-974.0
1584.815,-167772.0,1584.815,-110100.0,1584.815,186.0,1584.815,-74.0,2640.072,-2.396471,2657.139,-428.0,2657.139,-842.0
1585.147,-173014.0,1585.147,-73400.0,1585.147,-32.0,1585.147,254.0,2640.566,-2.351433,2657.661,-378.0,2657.661,-732.0
1585.402,-230686.0,1585.402,-73400.0,1585.402,146.0,1585.402,27.0,2641.063,-2.317888,2658.177,-355.0,2658.177,-683.0
1585.701,-183500.0,1585.701,-47185.0,1585.701,47.0,1585.701,-109.0,2641.559,-2.284613,2658.639,-279.0,2658.639,-531.0
1586.007,-246415.0,1586.007,-68157.0,1586.007,-55.0,1586.007,-107.0,2642.061,-2.258771,2659.157,-204.0,2659.157,-386.0
1586.31,-209715.0,1586.31,-52428.0,1586.31,160.0,1586.31,-91.0,2642.558,-2.242028,2659.64,-144.0,2659.64,-270.0
1586.657,-204472.0,1586.657,-5242.0,1586.657,105.0,1586.657,129.0,2643.068,-2.214305,2660.137,-104.0,2660.137,-194.0
1586.897,-251658.0,1586.897,-26214.0,1586.897,194.0,1586.897,56.0,2643.567,-2.194266,2660.68,-68.0,2660.68,-124.0
1587.2,-204472.0,1587.2,-26214.0,1587.2,154.0,1587.2,72.0,2644.059,-2.179288,2661.149,-33.0,2661.149,-61.0
1587.501,-214957.0,1587.501,-15728.0,1587.501,-2.0,1587.501,153.0,2644.561,-2.158292,2661.619,22.0,2661.619,38.0
1587.803,-209715.0,1587.803,-10485.0,1587.803,-106.0,1587.803,16.0,2645.063,-2.146071,2662.148,41.0,2662.148,75.0
1588.142,-230686.0,1588.142,-15728.0,1588.142,-97.0,1588.142,174.0,2645.54,-2.129394,2662.651,20.0,2662.651,34.0
1588.362,-230686.0,1588.362,-10485.0,1588.362,-15.0,1588.362,172.0,2646.074,-2.114257,2663.118,12.0,2663.118,22.0
1588.709,-220200.0,1588.709,-41943.0,1588.709,-52.0,1588.709,-67.0,2646.544,-2.104195,2663.637,35.0,2663.637,61.0
1588.984,-235929.0,1588.984,-26214.0,1588.984,80.0,1588.984,-52.0,2647.085,-2.089798,2664.159,5.0,2664.159,9.0
1589.259,-251658.0,1589.259,-31457.0,1589.259,1.0,1589.259,-119.0,2647.531,-2.071374,2664.61,35.0,2664.61,61.0
1589.626,-241172.0,1589.626,-78643.0,1589.626,-77.0,1589.626,72.0,2648.035,-2.06338,2665.12,26.0,2665.12,44.0
1589.885,-262143.0,1589.885,-94371.0,1589.885,26.0,1589.885,-42.0,2648.532,-2.050427,2665.632,78.0,2665.632,136.0
1590.184,-214957.0,1590.184,-78643.0,1590.184,-20.0,1590.184,-51.0,2649.038,-2.043083,2666.107,61.0,2666.107,107.0
1590.492,-230686.0,1590.492,-73400.0,1590.492,-194.0,1590.492,-99.0,2649.542,-2.029323,2666.628,67.0,2666.628,119.0
1590.82,-230686.0,1590.82,-83886.0,1590.82,-54.0,1590.82,-71.0,2650.037,-2.013757,2667.138,18.0,2667.138,30.0
1591.099,-209715.0,1591.099,-73400.0,1591.099,-61.0,1591.099,-105.0,2650.521,-2.00832,2668.122,8.0,2668.122,14.0
1591.384,-209715.0,1591.384,-99614.0,1591.384,-71.0,1591.384,-260.0,2651.522,-1.984228,2668.617,-34.0,2668.617,-60.0
1591.67,-188743.0,1591.67,-99614.0,1591.67,94.0,1591.67,-269.0,2652.531,-1.963843,2669.099,45.0,2669.099,15.0
1591.974,-167772.0,1591.974,-99614.0,1591.974,-442.0,1591.974,-46.0,2653.011,-1.957957,2669.619,45.0,2669.619,15.0
1592.284,-199229.0,1592.284,-120586.0,1592.284,-166.0,1592.284,-62.0,2654.027,-1.934641,2670.096,30.0,2670.096,30.0
1592.675,-214957.0,1592.675,-83886.0,1592.675,-146.0,1592.675,-47.0,2654.508,-1.927578,2670.604,45.0,2670.604,15.0
1593.173,-220200.0,1593.173,-52428.0,1593.173,-22.0,1593.173,-56.0,2654.998,-1.919208,2671.143,45.0,2671.143,45.0
1593.788,-167772.0,1593.788,-47185.0,1593.788,-128.0,1593.788,-51.0,2655.498,-1.915474,2671.627,45.0,2671.627,15.0
1594.342,-220200.0,1594.342,-47185.0,1594.342,-146.0,1594.342,95.0,2656.019,-1.918759,2672.09,30.0,2672.09,30.0
1594.674,-230686.0,1594.674,-47185.0,1594.674,-296.0,1594.674,185.0,2656.495,-1.930647,2672.611,60.0,2672.611,30.0
1595.022,-220200.0,1595.022,-26214.0,1595.022,132.0,1595.022,-49.0,2657.012,-1.949132,2673.105,45.0,2673.105,15.0
1595.269,-214957.0,1595.269,10485.0,1595.269,-42.0,1595.269,-124.0,2657.502,-1.966691,2673.585,30.0,2673.585,30.0
1595.598,-209715.0,1595.598,-10485.0,1595.598,-29.0,1595.598,205.0,2658.002,-1.979882,2674.113,45.0,2674.113,15.0
1595.864,-230686.0,1595.864,47185.0,1595.864,-94.0,1595.864,107.0,2658.499,-1.99135,2674.63,30.0,2674.63,30.0
1596.161,-167772.0,1596.161,5242.0,1596.161,-56.0,1596.161,82.0,2658.992,-2.003518,2675.078,30.0,2675.078,30.0
1596.477,-209715.0,1596.477,41943.0,1596.477,-92.0,1596.477,-4.0,2659.499,-2.011175,2675.58,45.0,2675.58,45.0
1596.776,-199229.0,1596.776,52428.0,1596.776,-219.0,1596.776,45.0,2659.993,-2.015437,2676.117,45.0,2676.117,45.0
1597.119,-193986.0,1597.119,36700.0,1597.119,-39.0,1597.119,-21.0,2660.542,-2.022634,2676.567,30.0,2676.567,30.0
1597.352,-188743.0,1597.352,36700.0,1597.352,-216.0,1597.352,-93.0,2661.004,-2.027004,2677.076,45.0,2677.076,15.0
1597.651,-246415.0,1597.651,41943.0,1597.651,-125.0,1597.651,-101.0,2661.496,-2.031843,2677.604,45.0,2677.604,15.0
1597.962,-251658.0,1597.962,41943.0,1597.962,-125.0,1597.962,-164.0,2661.98,-2.02795,2678.111,30.0,2678.111,30.0
1598.276,-235929.0,1598.276,36700.0,1598.276,-70.0,1598.276,-28.0,2662.504,-2.028256,2678.57,30.0,2678.57,30.0
1598.592,-235929.0,1598.592,20971.0,1598.592,-96.0,1598.592,-2.0,2662.975,-2.02715,2679.073,30.0,2679.073,30.0
1598.852,-204472.0,1598.852,5242.0,1598.852,10.0,1598.852,-97.0,2663.481,-2.024409,2679.555,60.0,2679.555,30.0
1599.174,-220200.0,1599.174,5242.0,1599.174,-149.0,1599.174,-160.0,2663.97,-2.026942,2680.088,30.0,2680.088,30.0
1599.451,-230686.0,1599.451,-10485.0,1599.451,-125.0,1599.451,89.0,2664.47,-2.018194,2680.578,30.0,2680.578,30.0
1599.759,-220200.0,1599.759,-26214.0,1599.759,60.0,1599.759,-201.0,2664.971,-2.013585,2681.055,45.0,2681.055,45.0
1600.079,-204472.0,1600.079,-31457.0,1600.079,35.0,1600.079,-33.0,2665.535,-2.009643,2681.619,45.0,2681.619,15.0
1600.347,-209715.0,1600.347,-5242.0,1600.347,75.0,1600.347,-6.0,2666.468,-1.996731,2682.076,30.0,2682.076,30.0
1600.641,-199229.0,1600.641,5242.0,1600.641,-39.0,1600.641,32.0,2666.968,-1.985315,2682.557,30.0,2682.557,30.0
1600.922,-193986.0,1600.922,0.0,1600.922,-87.0,1600.922,-218.0,2667.474,-1.975306,2683.072,30.0,2683.072,30.0
1601.271,-199229.0,1601.271,31457.0,1601.271,-45.0,1601.271,-39.0,2668.001,-1.967723,2683.573,30.0,2683.573,30.0
1601.562,-183500.0,1601.562,36700.0,1601.562,-26.0,1601.562,41.0,2668.482,-1.95599,2684.042,45.0,2684.042,15.0
1601.847,-178257.0,1601.847,57671.0,1601.847,80.0,1601.847,19.0,2668.966,-1.947138,2684.572,30.0,2684.572,30.0
1602.146,-104857.0,1602.146,41943.0,1602.146,35.0,1602.146,47.0,2669.451,-1.937865,2685.083,45.0,2685.083,15.0
1602.442,-141557.0,1602.442,73400.0,1602.442,-31.0,1602.442,-58.0,2669.944,-1.928266,2685.567,30.0,2685.567,30.0
1602.745,-89128.0,1602.745,83886.0,1602.745,86.0,1602.745,-21.0,2670.441,-1.920039,2686.041,30.0,2686.041,30.0
1603.102,-78643.0,1603.102,104857.0,1603.102,54.0,1603.102,35.0,2670.944,-1.905098,2686.564,30.0,2686.564,30.0
1603.397,-83886.0,1603.397,115343.0,1603.397,117.0,1603.397,-121.0,2671.444,-1.893055,2687.03,30.0,2687.03,30.0
1603.634,-62914.0,1603.634,120586.0,1603.634,210.0,1603.634,-79.0,2671.959,-1.883489,2687.54,30.0,2687.54,30.0
1603.934,-20971.0,1603.934,120586.0,1603.934,225.0,1603.934,-199.0,2672.448,-1.8675,2688.05,45.0,2688.05,15.0
1604.243,-10485.0,1604.243,115343.0,1604.243,336.0,1604.243,-175.0,2672.954,-1.850724,2688.559,60.0,2688.559,30.0
1604.559,-10485.0,1604.559,131071.0,1604.559,317.0,1604.559,-48.0,2673.447,-1.8331,2689.046,30.0,2689.046,30.0
1604.834,-5242.0,1604.834,99614.0,1604.834,125.0,1604.834,209.0,2673.933,-1.815472,2689.579,45.0,2689.579,15.0
1605.146,0.0,1605.146,131071.0,1605.146,-72.0,1605.146,21.0,2674.45,-1.799372,2690.022,45.0,2690.022,45.0
1605.434,26214.0,1605.434,146800.0,1605.434,53.0,1605.434,-152.0,2674.951,-1.779475,2690.551,30.0,2690.551,30.0
1605.74,31457.0,1605.74,146800.0,1605.74,248.0,1605.74,-138.0,2675.475,-1.757838,2691.012,45.0,2691.012,45.0
1606.058,26214.0,1606.058,141557.0,1606.058,136.0,1606.058,-232.0,2675.933,-1.741036,2691.51,45.0,2691.51,15.0
1606.325,31457.0,1606.325,173014.0,1606.325,49.0,1606.325,-246.0,2676.436,-1.7222,2692.062,45.0,2692.062,15.0
1606.63,52428.0,1606.63,152043.0,1606.63,54.0,1606.63,-272.0,2676.923,-1.701491,2692.539,45.0,2692.539,45.0
1606.921,36700.0,1606.921,173014.0,1606.921,93.0,1606.921,-113.0,2677.433,-1.681058,2693.012,45.0,2693.012,45.0
1607.193,68157.0,1607.193,173014.0,1607.193,59.0,1607.193,-258.0,2677.918,-1.661984,2693.53,30.0,2693.53,30.0
1607.582,47185.0,1607.582,204472.0,1607.582,-259.0,1607.582,-187.0,2678.481,-1.644471,2694.029,45.0,2694.029,15.0
1607.818,41943.0,1607.818,204472.0,1607.818,-62.0,1607.818,-77.0,2678.925,-1.624368,2694.505,30.0,2694.505,30.0
1608.15,31457.0,1608.15,204472.0,1608.15,-147.0,1608.15,-162.0,2679.408,-1.603434,2695.029,30.0,2695.029,30.0
1608.43,57671.0,1608.43,220200.0,1608.43,13.0,1608.43,-299.0,2679.918,-1.584355,2695.543,45.0,2695.543,15.0
1608.727,57671.0,1608.727,193986.0,1608.727,-69.0,1608.727,-127.0,2680.425,-1.564036,2696.0,45.0,2696.0,15.0
1609.045,41943.0,1609.045,204472.0,1609.045,-180.0,1609.045,-216.0,2680.907,-1.539598,2696.503,30.0,2696.503,30.0
1609.321,20971.0,1609.321,220200.0,1609.321,-125.0,1609.321,-179.0,2681.406,-1.512771,2697.034,30.0,2697.034,30.0
1609.643,31457.0,1609.643,193986.0,1609.643,84.0,1609.643,-44.0,2681.943,-1.488655,2697.523,30.0,2697.523,30.0
1609.912,68157.0,1609.912,214957.0,1609.912,-233.0,1609.912,-330.0,2682.397,-1.46485,2697.996,30.0,2697.996,30.0
1610.22,57671.0,1610.22,204472.0,1610.22,208.0,1610.22,-35.0,2682.898,-1.436759,2698.516,45.0,2698.516,15.0
1610.543,62914.0,1610.543,204472.0,1610.543,73.0,1610.543,-113.0,2683.422,-1.407088,2699.02,45.0,2699.02,15.0
1610.807,52428.0,1610.807,199229.0,1610.807,-196.0,1610.807,-363.0,2683.897,-1.379403,2699.513,30.0,2699.513,30.0
1611.108,52428.0,1611.108,188743.0,1611.108,177.0,1611.108,-117.0,2684.434,-1.349923,2699.996,45.0,2699.996,15.0
1611.417,62914.0,1611.417,204472.0,1611.417,-81.0,1611.417,-328.0,2684.91,-1.321323,2700.481,45.0,2700.481,45.0
1611.732,78643.0,1611.732,183500.0,1611.732,92.0,1611.732,-234.0,2685.458,-1.287475,2701.014,45.0,2701.014,45.0
1612.065,94371.0,1612.065,178257.0,1612.065,-55.0,1612.065,-238.0,2685.899,-1.256795,2701.474,30.0,2701.474,30.0
1612.302,94371.0,1612.302,193986.0,1612.302,-184.0,1612.302,-127.0,2686.401,-1.231257,2701.977,30.0,2701.977,30.0
1612.608,115343.0,1612.608,178257.0,1612.608,-25.0,1612.608,-422.0,2686.885,-1.197057,2702.518,45.0,2702.518,45.0
1612.901,125829.0,1612.901,178257.0,1612.901,-70.0,1612.901,-319.0,2687.433,-1.162851,2702.997,45.0,2702.997,15.0
1613.209,120586.0,1613.209,167772.0,1613.209,249.0,1613.209,-278.0,2687.876,-1.129844,2703.47,30.0,2703.47,30.0
1613.504,146800.0,1613.504,167772.0,1613.504,111.0,1613.504,-276.0,2688.42,-1.099955,2703.997,30.0,2703.997,30.0
1613.825,146800.0,1613.825,188743.0,1613.825,189.0,1613.825,-239.0,2688.893,-1.07175,2704.495,30.0,2704.495,30.0
1614.103,125829.0,1614.103,167772.0,1614.103,78.0,1614.103,-176.0,2689.393,-1.035985,2704.966,45.0,2704.966,45.0
1614.392,120586.0,1614.392,157286.0,1614.392,55.0,1614.392,-202.0,2689.873,-1.006501,2705.483,45.0,2705.483,15.0
1614.706,141557.0,1614.706,173014.0,1614.706,24.0,1614.706,-43.0,2690.383,-0.977909,2706.018,30.0,2706.018,30.0
1615.022,141557.0,1615.022,183500.0,1615.022,-80.0,1615.022,-134.0,2690.87,-0.949707,2706.454,30.0,2706.454,30.0
1615.295,120586.0,1615.295,188743.0,1615.295,-86.0,1615.295,-4.0,2691.386,-0.917526,2706.971,45.0,2706.971,15.0
1615.596,115343.0,1615.596,183500.0,1615.596,-176.0,1615.596,-126.0,2691.873,-0.887448,2707.484,30.0,2707.484,30.0
1615.938,99614.0,1615.938,178257.0,1615.938,-5.0,1615.938,-223.0,2692.41,-0.860077,2707.955,30.0,2707.955,30.0
1616.19,115343.0,1616.19,199229.0,1616.19,-350.0,1616.19,-175.0,2692.879,-0.833342,2708.482,30.0,2708.482,30.0
1616.516,110100.0,1616.516,193986.0,1616.516,-61.0,1616.516,-174.0,2693.375,-0.802859,2708.979,30.0,2708.979,30.0
1616.781,104857.0,1616.781,209715.0,1616.781,-158.0,1616.781,-201.0,2693.86,-0.776302,2709.486,30.0,2709.486,30.0
1617.085,99614.0,1617.085,188743.0,1617.085,-288.0,1617.085,-302.0,2694.385,-0.751179,2709.97,45.0,2709.97,15.0
1617.39,110100.0,1617.39,220200.0,1617.39,29.0,1617.39,-186.0,2694.866,-0.722187,2710.489,30.0,2710.489,30.0
1617.694,78643.0,1617.694,220200.0,1617.694,103.0,1617.694,-150.0,2695.381,-0.695778,2710.944,45.0,2710.944,15.0
1618.035,68157.0,1618.035,209715.0,1618.035,-101.0,1618.035,-17.0,2695.866,-0.665526,2711.461,45.0,2711.461,15.0
1618.287,73400.0,1618.287,193986.0,1618.287,-260.0,1618.287,-351.0,2696.394,-0.639068,2711.931,45.0,2711.931,15.0
1618.595,104857.0,1618.595,193986.0,1618.595,31.0,1618.595,-5.0,2696.842,-0.612567,2712.457,30.0,2712.457,30.0
1618.885,83886.0,1618.885,199229.0,1618.885,0.0,1618.885,46.0,2697.374,-0.58037,2712.99,60.0,2712.99,30.0
1619.187,104857.0,1619.187,188743.0,1619.187,-176.0,1619.187,-151.0,2697.844,-0.54991,2713.46,45.0,2713.46,45.0
1619.509,73400.0,1619.509,183500.0,1619.509,-136.0,1619.509,-231.0,2698.37,-0.521189,2713.946,30.0,2713.946,30.0
1619.746,68157.0,1619.746,178257.0,1619.746,-94.0,1619.746,-50.0,2698.835,-0.487394,2714.461,45.0,2714.461,15.0
1620.092,115343.0,1620.092,199229.0,1620.092,-58.0,1620.092,-210.0,2699.383,-0.46144,2714.953,30.0,2714.953,30.0
1620.375,89128.0,1620.375,183500.0,1620.375,9.0,1620.375,-65.0,2699.848,-0.431333,2715.431,30.0,2715.431,30.0
1620.685,131071.0,1620.685,167772.0,1620.685,101.0,1620.685,23.0,2700.343,-0.396896,2715.955,30.0,2715.955,30.0
1621.001,120586.0,1621.001,173014.0,1621.001,29.0,1621.001,-67.0,2700.832,-0.37058,2716.48,45.0,2716.48,15.0
1621.27,94371.0,1621.27,173014.0,1621.27,176.0,1621.27,-194.0,2701.387,-0.335578,2716.942,60.0,2716.942,30.0
1621.573,125829.0,1621.573,162529.0,1621.573,207.0,1621.573,-336.0,2701.83,-0.302764,2717.425,30.0,2717.425,30.0
1621.842,136314.0,1621.842,178257.0,1621.842,43.0,1621.842,-64.0,2702.366,-0.272986,2717.94,30.0,2717.94,30.0
1622.193,131071.0,1622.193,193986.0,1622.193,96.0,1622.193,-121.0,2702.841,-0.240868,2718.415,45.0,2718.415,15.0
1622.517,136314.0,1622.517,162529.0,1622.517,-136.0,1622.517,48.0,2703.346,-0.206899,2718.907,30.0,2718.907,30.0
1622.761,141557.0,1622.761,173014.0,1622.761,-232.0,1622.761,-72.0,2703.819,-0.174321,2719.433,45.0,2719.433,45.0
1623.07,136314.0,1623.07,183500.0,1623.07,33.0,1623.07,-91.0,2704.349,-0.139076,2719.943,45.0,2719.943,45.0
1623.363,178257.0,1623.363,178257.0,1623.363,-30.0,1623.363,-47.0,2704.818,-0.106977,2720.439,45.0,2720.439,15.0
1623.671,152043.0,1623.671,183500.0,1623.671,-57.0,1623.671,-2.0,2705.375,-0.078131,2720.917,60.0,2720.917,30.0
1623.961,120586.0,1623.961,188743.0,1623.961,-218.0,1623.961,-64.0,2705.833,-0.045319,2721.399,30.0,2721.399,30.0
1624.272,157286.0,1624.272,193986.0,1624.272,-229.0,1624.272,66.0,2706.362,-0.012305,2721.925,45.0,2721.925,15.0
1624.551,136314.0,1624.551,193986.0,1624.551,120.0,1624.551,-10.0,2706.81,0.016761,2722.432,30.0,2722.432,30.0
1624.855,78643.0,1624.855,209715.0,1624.855,-337.0,1624.855,-39.0,2707.324,0.051095,2722.898,30.0,2722.898,30.0
1625.165,99614.0,1625.165,256900.0,1625.165,-138.0,1625.165,-70.0,2707.84,0.077509,2723.437,45.0,2723.437,15.0
1625.486,31457.0,1625.486,246415.0,1625.486,-123.0,1625.486,-68.0,2708.345,0.106067,2723.916,45.0,2723.916,15.0
1625.753,-5242.0,1625.753,267386.0,1625.753,-204.0,1625.753,-43.0,2708.797,0.13911,2724.389,30.0,2724.389,30.0
1626.059,-31457.0,1626.059,283115.0,1626.059,-206.0,1626.059,195.0,2709.321,0.161477,2724.914,30.0,2724.914,30.0
1626.405,-68157.0,1626.405,204472.0,1626.405,-334.0,1626.405,-137.0,2709.843,0.190179,2725.414,45.0,2725.414,15.0
1626.668,-62914.0,1626.668,152043.0,1626.668,-151.0,1626.668,-1.0,2710.326,0.222626,2725.887,30.0,2725.887,30.0
1626.979,-99614.0,1626.979,146800.0,1626.979,-197.0,1626.979,21.0,2710.796,0.242561,2726.414,45.0,2726.414,15.0
1627.247,-73400.0,1627.247,99614.0,1627.247,-172.0,1627.247,16.0,2711.344,0.271786,2726.924,45.0,2726.924,15.0
1627.541,-78643.0,1627.541,89128.0,1627.541,-122.0,1627.541,30.0,2711.793,0.295011,2727.387,30.0,2727.387,30.0
1627.845,-83886.0,1627.845,73400.0,1627.845,-115.0,1627.845,66.0,2712.319,0.318348,2727.892,30.0,2727.892,30.0
1628.117,-68157.0,1628.117,47185.0,1628.117,-111.0,1628.117,-20.0,2712.788,0.343365,2728.408,45.0,2728.408,15.0
1628.502,-52428.0,1628.502,26214.0,1628.502,-149.0,1628.502,102.0,2713.336,0.360758,2728.877,45.0,2728.877,15.0
1628.741,-20971.0,1628.741,-10485.0,1628.741,-71.0,1628.741,77.0,2713.785,0.38255,2729.397,45.0,2729.397,15.0
1629.041,-15728.0,1629.041,-5242.0,1629.041,-87.0,1629.041,70.0,2714.338,0.408573,2729.914,30.0,2729.914,30.0
1629.333,-5242.0,1629.333,20971.0,1629.333,-61.0,1629.333,48.0,2714.797,0.425521,2730.413,45.0,2730.413,15.0
1629.669,41943.0,1629.669,41943.0,1629.669,-54.0,1629.669,41.0,2715.298,0.441394,2730.891,30.0,2730.891,30.0
1629.966,41943.0,1629.966,47185.0,1629.966,-110.0,1629.966,-2.0,2715.788,0.462305,2731.377,30.0,2731.377,30.0
1630.239,68157.0,1630.239,52428.0,1630.239,-78.0,1630.239,-63.0,2716.297,0.472526,2731.866,45.0,2731.866,15.0
1630.561,57671.0,1630.561,78643.0,1630.561,-129.0,1630.561,22.0,2716.788,0.492321,2732.394,30.0,2732.394,30.0
1630.84,78643.0,1630.84,62914.0,1630.84,-144.0,1630.84,7.0,2717.311,0.508868,2732.856,45.0,2732.856,15.0
1631.148,78643.0,1631.148,62914.0,1631.148,-122.0,1631.148,40.0,2717.765,0.510186,2733.362,45.0,2733.362,15.0
1631.47,115343.0,1631.47,47185.0,1631.47,-126.0,1631.47,117.0,2718.291,0.526513,2733.896,30.0,2733.896,30.0
1631.734,110100.0,1631.734,52428.0,1631.734,-110.0,1631.734,86.0,2718.761,0.530432,2734.378,45.0,2734.378,15.0
1632.026,104857.0,1632.026,47185.0,1632.026,-175.0,1632.026,85.0,2719.304,0.535969,2734.855,45.0,2734.855,15.0
1632.337,89128.0,1632.337,36700.0,1632.337,-149.0,1632.337,101.0,2719.763,0.546565,2735.381,45.0,2735.381,15.0
1632.674,104857.0,1632.674,41943.0,1632.674,-146.0,1632.674,120.0,2720.307,0.54183,2735.873,45.0,2735.873,15.0
1632.944,110100.0,1632.944,36700.0,1632.944,-135.0,1632.944,98.0,2720.783,0.54939,2736.358,30.0,2736.358,30.0
1633.22,73400.0,1633.22,41943.0,1633.22,-169.0,1633.22,89.0,2721.271,0.557139,2736.868,30.0,2736.868,30.0
1633.531,89128.0,1633.531,26214.0,1633.531,-119.0,1633.531,140.0,2721.758,0.553799,2737.393,30.0,2737.393,30.0
1633.822,62914.0,1633.822,47185.0,1633.822,-123.0,1633.822,96.0,2722.282,0.558813,2737.844,30.0,2737.844,30.0
1634.136,62914.0,1634.136,52428.0,1634.136,-147.0,1634.136,84.0,2722.769,0.563174,2738.357,45.0,2738.357,15.0
1634.449,62914.0,1634.449,36700.0,1634.449,-176.0,1634.449,158.0,2723.301,0.557906,2738.861,45.0,2738.861,15.0
1634.755,52428.0,1634.755,31457.0,1634.755,-176.0,1634.755,76.0,2723.78,0.566567,2739.34,45.0,2739.34,45.0
1635.024,31457.0,1635.024,31457.0,1635.024,-112.0,1635.024,38.0,2724.265,0.566303,2739.836,30.0,2739.836,30.0
1635.317,41943.0,1635.317,20971.0,1635.317,-124.0,1635.317,125.0,2724.746,0.561654,2740.364,45.0,2740.364,15.0
1635.624,41943.0,1635.624,31457.0,1635.624,-118.0,1635.624,97.0,2725.272,0.567087,2740.861,30.0,2740.861,30.0
1635.949,62914.0,1635.949,36700.0,1635.949,-122.0,1635.949,77.0,2725.74,0.561035,2741.356,60.0,2741.356,30.0
1636.217,47185.0,1636.217,31457.0,1636.217,-111.0,1636.217,101.0,2726.279,0.556384,2741.84,45.0,2741.84,45.0
1636.52,41943.0,1636.52,10485.0,1636.52,-208.0,1636.52,-51.0,2726.737,0.554053,2742.324,45.0,2742.324,45.0
1636.863,47185.0,1636.863,10485.0,1636.863,-131.0,1636.863,177.0,2727.283,0.548502,2742.856,30.0,2742.856,30.0
1637.085,52428.0,1637.085,15728.0,1637.085,-108.0,1637.085,128.0,2727.732,0.546066,2743.322,45.0,2743.322,15.0
1637.443,31457.0,1637.443,15728.0,1637.443,-131.0,1637.443,114.0,2728.245,0.536429,2743.821,45.0,2743.821,15.0
1637.708,20971.0,1637.708,20971.0,1637.708,-69.0,1637.708,94.0,2728.73,0.530421,2744.377,30.0,2744.377,30.0
1638.012,10485.0,1638.012,5242.0,1638.012,-109.0,1638.012,59.0,2729.267,0.522283,2744.839,60.0,2744.839,30.0
1638.305,0.0,1638.305,15728.0,1638.305,-118.0,1638.305,93.0,2729.72,0.514925,2745.315,45.0,2745.315,45.0
1638.578,31457.0,1638.578,10485.0,1638.578,-90.0,1638.578,104.0,2730.252,0.508785,2745.837,30.0,2745.837,30.0
1638.955,31457.0,1638.955,20971.0,1638.955,-108.0,1638.955,64.0,2730.738,0.495518,2746.334,30.0,2746.334,30.0
1639.197,20971.0,1639.197,15728.0,1639.197,-86.0,1639.197,71.0,2731.241,0.489335,2747.328,45.0,2747.328,15.0
1639.502,-5242.0,1639.502,41943.0,1639.502,-62.0,1639.502,138.0,2731.725,0.480491,2747.849,30.0,2747.849,30.0
1639.809,5242.0,1639.809,36700.0,1639.809,-80.0,1639.809,94.0,2732.274,0.47171,2748.305,30.0,2748.305,30.0
1640.111,41943.0,1640.111,36700.0,1640.111,-87.0,1640.111,50.0,2732.733,0.462282,2748.8,45.0,2748.8,15.0
1640.435,0.0,1640.435,36700.0,1640.435,-67.0,1640.435,57.0,2733.231,0.453546,2749.352,45.0,2749.352,15.0
1640.693,-5242.0,1640.693,41943.0,1640.693,-85.0,1640.693,11.0,2733.75,0.445506,2749.799,30.0,2749.799,30.0
1641.02,0.0,1641.02,41943.0,1641.02,-76.0,1641.02,42.0,2734.266,0.436249,2750.32,30.0,2750.32,30.0
1641.294,5242.0,1641.294,36700.0,1641.294,-53.0,1641.294,171.0,2734.726,0.429567,2750.817,45.0,2750.817,45.0
1641.605,15728.0,1641.605,47185.0,1641.605,-79.0,1641.605,20.0,2735.22,0.416442,2751.323,45.0,2751.323,15.0
1641.941,-10485.0,1641.941,36700.0,1641.941,-51.0,1641.941,83.0,2735.704,0.409688,2751.812,45.0,2751.812,15.0
1642.165,5242.0,1642.165,15728.0,1642.165,-81.0,1642.165,81.0,2736.231,0.403936,2752.346,30.0,2752.346,30.0
1642.498,5242.0,1642.498,36700.0,1642.498,-66.0,1642.498,75.0,2736.701,0.39084,2752.788,60.0,2752.788,30.0
1642.801,15728.0,1642.801,36700.0,1642.801,-78.0,1642.801,88.0,2737.227,0.382761,2753.319,60.0,2753.319,30.0
1643.122,15728.0,1643.122,20971.0,1643.122,-58.0,1643.122,107.0,2737.715,0.371449,2753.78,30.0,2753.78,30.0
1643.403,15728.0,1643.403,26214.0,1643.403,-56.0,1643.403,85.0,2738.233,0.359365,2754.285,30.0,2754.285,30.0
1643.693,15728.0,1643.693,26214.0,1643.693,-67.0,1643.693,45.0,2738.693,0.351713,2754.821,30.0,2754.821,30.0
1643.985,-10485.0,1643.985,47185.0,1643.985,-37.0,1643.985,67.0,2739.221,0.337053,2755.307,30.0,2755.307,30.0
1644.28,0.0,1644.28,41943.0,1644.28,-43.0,1644.28,184.0,2739.701,0.324972,2755.783,30.0,2755.783,30.0
1644.594,26214.0,1644.594,20971.0,1644.594,-54.0,1644.594,-2.0,2740.223,0.310047,2756.3,30.0,2756.3,30.0
1644.889,0.0,1644.889,26214.0,1644.889,-44.0,1644.889,91.0,2740.686,0.296643,2756.795,30.0,2756.795,30.0
1645.21,5242.0,1645.21,26214.0,1645.21,-59.0,1645.21,76.0,2741.234,0.283775,2757.277,45.0,2757.277,45.0
1645.48,20971.0,1645.48,41943.0,1645.48,-70.0,1645.48,71.0,2741.693,0.266955,2757.801,45.0,2757.801,15.0
1645.786,15728.0,1645.786,26214.0,1645.786,-30.0,1645.786,89.0,2742.195,0.253849,2758.317,30.0,2758.317,30.0
1646.09,20971.0,1646.09,10485.0,1646.09,-41.0,1646.09,86.0,2742.692,0.238413,2758.765,45.0,2758.765,15.0
1646.411,-20971.0,1646.411,41943.0,1646.411,-62.0,1646.411,82.0,2743.2,0.218168,2759.27,60.0,2759.27,30.0
1646.65,-5242.0,1646.65,26214.0,1646.65,-54.0,1646.65,83.0,2743.691,0.20492,2759.794,45.0,2759.794,45.0
1646.975,15728.0,1646.975,41943.0,1646.975,-28.0,1646.975,79.0,2744.212,0.189137,2760.26,45.0,2760.26,15.0
1647.329,5242.0,1647.329,36700.0,1647.329,-34.0,1647.329,69.0,2744.69,0.17179,2760.762,45.0,2760.762,15.0
1647.575,15728.0,1647.575,20971.0,1647.575,-25.0,1647.575,66.0,2745.193,0.157047,2761.283,45.0,2761.283,15.0
1647.898,26214.0,1647.898,5242.0,1647.898,-51.0,1647.898,75.0,2745.669,0.141961,2761.787,45.0,2761.787,45.0
1648.171,26214.0,1648.171,15728.0,1648.171,-30.0,1648.171,72.0,2746.207,0.122563,2762.276,60.0,2762.276,30.0
1648.468,26214.0,1648.468,20971.0,1648.468,-35.0,1648.468,63.0,2746.698,0.108114,2762.762,30.0,2762.762,30.0
1648.775,5242.0,1648.775,41943.0,1648.775,-14.0,1648.775,62.0,2747.193,0.091139,2763.244,45.0,2763.244,45.0
1649.041,10485.0,1649.041,31457.0,1649.041,-17.0,1649.041,50.0,2747.688,0.07347,2763.77,45.0,2763.77,45.0
1649.417,-5242.0,1649.417,26214.0,1649.417,-31.0,1649.417,51.0,2748.202,0.060666,2764.275,45.0,2764.275,15.0
1649.669,20971.0,1649.669,31457.0,1649.669,-26.0,1649.669,36.0,2748.657,0.043563,2764.744,30.0,2764.744,30.0
1649.967,26214.0,1649.967,31457.0,1649.967,-10.0,1649.967,49.0,2749.172,0.023231,2765.28,45.0,2765.28,15.0
1650.261,26214.0,1650.261,5242.0,1650.261,-25.0,1650.261,7.0,2749.653,0.011432,2765.761,30.0,2765.761,30.0
1650.572,0.0,1650.572,36700.0,1650.572,-2.0,1650.572,2.0,2750.205,-0.007094,2766.233,30.0,2766.233,30.0
1650.897,5242.0,1650.897,26214.0,1650.897,0.0,1650.897,132.0,2750.645,-0.025569,2766.767,45.0,2766.767,45.0
1651.154,10485.0,1651.154,5242.0,1651.154,-27.0,1651.154,51.0,2751.169,-0.037953,2767.263,60.0,2767.263,30.0
1651.474,20971.0,1651.474,10485.0,1651.474,-6.0,1651.474,53.0,2751.664,-0.055979,2767.738,45.0,2767.738,45.0
1651.728,0.0,1651.728,41943.0,1651.728,-25.0,1651.728,52.0,2752.165,-0.070686,2768.262,45.0,2768.262,15.0
1652.068,31457.0,1652.068,26214.0,1652.068,-46.0,1652.068,4.0,2752.642,-0.085972,2768.78,45.0,2768.78,45.0
1652.392,0.0,1652.392,36700.0,1652.392,-5.0,1652.392,40.0,2753.201,-0.106476,2769.226,45.0,2769.226,15.0
1652.653,5242.0,1652.653,10485.0,1652.653,-39.0,1652.653,60.0,2753.655,-0.117152,2769.77,60.0,2769.77,30.0
1653.034,5242.0,1653.034,15728.0,1653.034,-13.0,1653.034,50.0,2754.156,-0.135347,2770.255,60.0,2770.255,30.0
1653.259,26214.0,1653.259,26214.0,1653.259,-35.0,1653.259,-86.0,2754.638,-0.150889,2770.731,45.0,2770.731,15.0
1653.588,20971.0,1653.588,26214.0,1653.588,-1.0,1653.588,55.0,2755.204,-0.158865,2771.223,45.0,2771.223,45.0
1653.866,10485.0,1653.866,20971.0,1653.866,-14.0,1653.866,50.0,2755.642,-0.179336,2771.75,45.0,2771.75,45.0
1654.149,31457.0,1654.149,26214.0,1654.149,-21.0,1654.149,29.0,2756.144,-0.193942,2772.257,45.0,2772.257,45.0
1654.453,10485.0,1654.453,15728.0,1654.453,6.0,1654.453,26.0,2756.659,-0.203942,2772.745,45.0,2772.745,45.0
1654.745,10485.0,1654.745,10485.0,1654.745,-8.0,1654.745,-19.0,2757.157,-0.225694,2773.224,30.0,2773.224,30.0
1655.052,36700.0,1655.052,5242.0,1655.052,-15.0,1655.052,-7.0,2757.625,-0.238417,2773.726,60.0,2773.726,30.0
1655.352,20971.0,1655.352,-5242.0,1655.352,-21.0,1655.352,45.0,2758.147,-0.253641,2774.24,45.0,2774.24,15.0
1655.673,26214.0,1655.673,20971.0,1655.673,22.0,1655.673,71.0,2758.639,-0.277994,2774.707,45.0,2774.707,45.0
1655.945,20971.0,1655.945,15728.0,1655.945,-17.0,1655.945,-47.0,2759.185,-0.28994,2775.235,45.0,2775.235,45.0
1656.24,15728.0,1656.24,15728.0,1656.24,-8.0,1656.24,63.0,2759.628,-0.313112,2775.758,30.0,2775.758,30.0
1656.546,5242.0,1656.546,26214.0,1656.546,16.0,1656.546,116.0,2760.14,-0.337801,2776.186,45.0,2776.186,15.0
1656.866,20971.0,1656.866,20971.0,1656.866,50.0,1656.866,180.0,2760.612,-0.354802,2776.701,45.0,2776.701,45.0
1657.139,10485.0,1657.139,26214.0,1657.139,4.0,1657.139,-11.0,2761.142,-0.378354,2777.202,45.0,2777.202,15.0
1657.436,20971.0,1657.436,5242.0,1657.436,1.0,1657.436,31.0,2761.606,-0.395781,2777.722,30.0,2777.722,30.0
1657.785,10485.0,1657.785,10485.0,1657.785,9.0,1657.785,63.0,2762.152,-0.415046,2778.195,45.0,2778.195,45.0
1658.006,10485.0,1658.006,31457.0,1658.006,-5.0,1658.006,8.0,2762.604,-0.440905,2778.736,45.0,2778.736,45.0
1658.367,20971.0,1658.367,5242.0,1658.367,-101.0,1658.367,-96.0,2763.119,-0.455672,2779.242,45.0,2779.242,15.0
1658.609,0.0,1658.609,36700.0,1658.609,29.0,1658.609,81.0,2763.609,-0.477193,2779.69,45.0,2779.69,15.0
1658.929,-15728.0,1658.929,20971.0,1658.929,-17.0,1658.929,46.0,2764.131,-0.501924,2780.202,60.0,2780.202,30.0
1659.233,5242.0,1659.233,10485.0,1659.233,-16.0,1659.233,56.0,2764.599,-0.513647,2780.709,30.0,2780.709,30.0
1659.544,5242.0,1659.544,15728.0,1659.544,19.0,1659.544,-32.0,2765.137,-0.533685,2781.214,30.0,2781.214,30.0
1659.877,5242.0,1659.877,15728.0,1659.877,12.0,1659.877,126.0,2765.61,-0.55354,2781.688,45.0,2781.688,15.0
1660.126,-5242.0,1660.126,15728.0,1660.126,2.0,1660.126,29.0,2766.13,-0.568693,2782.212,45.0,2782.212,45.0
1660.424,20971.0,1660.424,26214.0,1660.424,6.0,1660.424,19.0,2766.59,-0.594077,2782.712,30.0,2782.712,30.0
1660.724,15728.0,1660.724,0.0,1660.724,-29.0,1660.724,-5.0,2767.122,-0.611333,2783.197,45.0,2783.197,45.0
1661.035,20971.0,1661.035,0.0,1661.035,21.0,1661.035,48.0,2767.596,-0.629103,2783.686,45.0,2783.686,45.0
1661.366,-5242.0,1661.366,26214.0,1661.366,-15.0,1661.366,-30.0,2768.132,-0.654219,2784.194,45.0,2784.194,15.0
1661.618,15728.0,1661.618,31457.0,1661.618,33.0,1661.618,40.0,2768.584,-0.672371,2784.695,45.0,2784.695,45.0
1661.94,15728.0,1661.94,26214.0,1661.94,-11.0,1661.94,36.0,2769.124,-0.691885,2785.167,30.0,2785.167,30.0
1662.225,31457.0,1662.225,0.0,1662.225,1.0,1662.225,-83.0,2769.574,-0.712246,2785.667,30.0,2785.667,30.0
1662.491,31457.0,1662.491,5242.0,1662.491,7.0,1662.491,66.0,2770.083,-0.732838,2786.203,60.0,2786.203,30.0
1662.844,10485.0,1662.844,20971.0,1662.844,-8.0,1662.844,38.0,2770.576,-0.754679,2786.705,45.0,2786.705,15.0
1663.114,-5242.0,1663.114,5242.0,1663.114,5.0,1663.114,-45.0,2771.115,-0.777039,2787.16,30.0,2787.16,30.0
1663.409,0.0,1663.409,20971.0,1663.409,-24.0,1663.409,24.0,2771.592,-0.798658,2787.683,45.0,2787.683,45.0
1663.719,0.0,1663.719,31457.0,1663.719,29.0,1663.719,83.0,2772.091,-0.820012,2788.199,45.0,2788.199,45.0
1664.044,5242.0,1664.044,10485.0,1664.044,3.0,1664.044,-9.0,2772.626,-0.841359,2788.658,60.0,2788.658,30.0
1664.327,-5242.0,1664.327,15728.0,1664.327,-38.0,1664.327,62.0,2773.098,-0.86552,2789.174,45.0,2789.174,45.0
1664.617,0.0,1664.617,15728.0,1664.617,-8.0,1664.617,280.0,2773.574,-0.888406,2789.696,45.0,2789.696,15.0
1664.908,-10485.0,1664.908,26214.0,1664.908,-14.0,1664.908,-58.0,2774.103,-0.906863,2790.147,30.0,2790.147,30.0
1665.217,10485.0,1665.217,10485.0,1665.217,1.0,1665.217,58.0,2774.578,-0.929599,2790.66,45.0,2790.66,15.0
1665.513,-10485.0,1665.513,10485.0,1665.513,42.0,1665.513,-204.0,2775.09,-0.95709,2791.175,45.0,2791.175,15.0
1665.81,20971.0,1665.81,10485.0,1665.81,-12.0,1665.81,56.0,2775.56,-0.977125,2791.646,45.0,2791.646,15.0
1666.121,0.0,1666.121,5242.0,1666.121,-6.0,1666.121,4.0,2776.107,-0.999108,2792.154,45.0,2792.154,15.0
1666.402,-20971.0,1666.402,15728.0,1666.402,-35.0,1666.402,180.0,2776.567,-1.022889,2792.665,30.0,2792.665,30.0
1666.72,-31457.0,1666.72,15728.0,1666.72,5.0,1666.72,-64.0,2777.103,-1.04793,2793.18,30.0,2793.18,30.0
1667.012,-5242.0,1667.012,20971.0,1667.012,-18.0,1667.012,34.0,2777.567,-1.072078,2793.636,-2010.0,2793.636,2070.0
1667.334,10485.0,1667.334,10485.0,1667.334,0.0,1667.334,5.0,2778.074,-1.091625,2794.152,-1740.0,2794.152,1800.0
1667.599,-15728.0,1667.599,15728.0,1667.599,-36.0,1667.599,64.0,2778.546,-1.114971,2794.666,-3210.0,2794.666,3300.0
1667.903,-10485.0,1667.903,20971.0,1667.903,-17.0,1667.903,-29.0,2779.083,-1.143715,2795.152,15.0,2795.152,45.0
1668.222,0.0,1668.222,31457.0,1668.222,15.0,1668.222,-27.0,2779.576,-1.16601,2795.625,60.0,2795.625,0.0
1668.497,0.0,1668.497,15728.0,1668.497,-22.0,1668.497,1.0,2780.084,-1.189712,2796.128,30.0,2796.128,30.0
1668.821,-10485.0,1668.821,20971.0,1668.821,11.0,1668.821,37.0,2780.54,-1.213961,2796.669,30.0,2796.669,30.0
1669.093,-10485.0,1669.093,36700.0,1669.093,-19.0,1669.093,-52.0,2781.065,-1.241246,2797.158,30.0,2797.158,30.0
1669.391,5242.0,1669.391,0.0,1669.391,9.0,1669.391,57.0,2781.535,-1.265399,2797.624,5160.0,2797.624,-5070.0
1669.691,5242.0,1669.691,5242.0,1669.691,-23.0,1669.691,45.0,2782.055,-1.286653,2798.145,5580.0,2798.145,-5520.0
1669.961,0.0,1669.961,15728.0,1669.961,37.0,1669.961,-61.0,2782.531,-1.30921,2798.615,90.0,2798.615,0.0
1670.341,0.0,1670.341,31457.0,1670.341,13.0,1670.341,21.0,2783.088,-1.33668,2799.117,2145.0,2799.117,-2055.0
1670.584,-10485.0,1670.584,15728.0,1670.584,-20.0,1670.584,78.0,2783.522,-1.363934,2799.638,3555.0,2799.638,-3465.0
1670.891,0.0,1670.891,20971.0,1670.891,16.0,1670.891,14.0,2784.04,-1.387841,2800.112,165.0,2800.112,-75.0
1671.185,-10485.0,1671.185,26214.0,1671.185,-5.0,1671.185,4.0,2784.526,-1.411249,2800.612,2415.0,2800.612,-2325.0
1671.496,-15728.0,1671.496,10485.0,1671.496,-4.0,1671.496,-21.0,2785.042,-1.4381,2801.122,1965.0,2801.122,-1875.0
1671.81,-10485.0,1671.81,15728.0,1671.81,-9.0,1671.81,3.0,2785.538,-1.466101,2801.63,1875.0,2801.63,-1785.0
1672.088,0.0,1672.088,-5242.0,1672.088,-23.0,1672.088,56.0,2786.072,-1.489694,2802.101,1965.0,2802.101,-1875.0
1672.399,-26214.0,1672.399,26214.0,1672.399,18.0,1672.399,1.0,2786.541,-1.511788,2802.609,1815.0,2802.609,-1725.0
1672.654,0.0,1672.654,10485.0,1672.654,23.0,1672.654,-38.0,2787.035,-1.537979,2803.13,90.0,2803.13,-30.0
1672.991,-36700.0,1672.991,26214.0,1672.991,16.0,1672.991,21.0,2787.516,-1.565563,2803.634,75.0,2803.634,15.0
1673.308,-47185.0,1673.308,26214.0,1673.308,25.0,1673.308,-7.0,2788.034,-1.589437,2804.128,105.0,2804.128,105.0
1673.548,-20971.0,1673.548,15728.0,1673.548,31.0,1673.548,-43.0,2788.526,-1.61268,2804.609,900.0,2804.609,900.0
1673.871,-5242.0,1673.871,-10485.0,1673.871,33.0,1673.871,-38.0,2789.046,-1.636208,2805.095,2175.0,2805.095,2115.0
1674.188,5242.0,1674.188,-10485.0,1674.188,18.0,1674.188,26.0,2789.505,-1.664078,2805.616,3135.0,2805.616,3105.0
1674.499,10485.0,1674.499,0.0,1674.499,69.0,1674.499,-61.0,2790.057,-1.693234,2806.12,3915.0,2806.12,3885.0
1674.794,-26214.0,1674.794,10485.0,1674.794,-3.0,1674.794,27.0,2790.505,-1.713917,2806.591,3195.0,2806.591,4545.0
1675.071,-47185.0,1675.071,5242.0,1675.071,7.0,1675.071,-38.0,2791.015,-1.738095,2807.129,1170.0,2807.129,6570.0
1675.376,-31457.0,1675.376,0.0,1675.376,-12.0,1675.376,-21.0,2791.497,-1.767778,2807.628,3885.0,2807.628,3885.0
1675.67,0.0,1675.67,-5242.0,1675.67,20.0,1675.67,-2.0,2792.044,-1.791871,2808.085,4620.0,2808.085,4620.0
1675.939,-5242.0,1675.939,5242.0,1675.939,16.0,1675.939,-26.0,2792.494,-1.817686,2808.606,4620.0,2808.606,4620.0
1676.294,0.0,1676.294,0.0,1676.294,49.0,1676.294,-52.0,2793.009,-1.841391,2809.112,4620.0,2809.112,4620.0
1676.593,-31457.0,1676.593,10485.0,1676.593,-5.0,1676.593,4.0,2793.499,-1.865327,2809.6,4620.0,2809.6,4620.0
1676.867,-41943.0,1676.867,20971.0,1676.867,42.0,1676.867,-36.0,2794.019,-1.923195,2810.101,4650.0,2810.101,4650.0
1677.164,-10485.0,1677.164,10485.0,1677.164,-4.0,1677.164,37.0,2794.486,-1.986819,2810.619,4710.0,2810.619,4710.0
1677.433,-20971.0,1677.433,15728.0,1677.433,18.0,1677.433,-13.0,2795.041,-2.148044,2811.065,5340.0,2811.065,5340.0
1677.788,0.0,1677.788,-10485.0,1677.788,16.0,1677.788,-36.0,2795.499,-2.328325,2811.575,3405.0,2811.575,7275.0
1678.066,-5242.0,1678.066,-20971.0,1678.066,-4.0,1678.066,1.0,2796.005,-2.474473,2812.091,5325.0,2812.091,5355.0
1678.358,-47185.0,1678.358,-15728.0,1678.358,50.0,1678.358,-2.0,2796.478,-2.615053,2812.569,5565.0,2812.569,5625.0
1678.737,-15728.0,1678.737,-5242.0,1678.737,44.0,1678.737,-21.0,2797.027,-2.734888,2813.067,4935.0,2813.067,7275.0
1678.927,5242.0,1678.927,5242.0,1678.927,-3.0,1678.927,11.0,2797.475,-2.824878,2813.586,4590.0,2813.586,7620.0
1679.29,26214.0,1679.29,20971.0,1679.29,8.0,1679.29,-21.0,2797.984,-2.744827,2814.112,5025.0,2814.112,7725.0
1679.554,15728.0,1679.554,0.0,1679.554,-43.0,1679.554,22.0,2798.499,-2.441417,2814.592,5715.0,2814.592,8295.0
1679.847,-5242.0,1679.847,-5242.0,1679.847,-23.0,1679.847,-19.0,2799.0,-2.19904,2815.074,5850.0,2815.074,8160.0
1680.16,15728.0,1680.16,15728.0,1680.16,23.0,1680.16,-33.0,2799.468,-1.995784,2815.551,6165.0,2815.551,7845.0
1680.423,5242.0,1680.423,10485.0,1680.423,129.0,1680.423,-46.0,2800.105,-1.703931,2816.076,9120.0,2816.076,4890.0
1680.802,5242.0,1680.802,10485.0,1680.802,-28.0,1680.802,22.0,2800.479,-1.470976,2816.567,7470.0,2816.567,7440.0
1681.044,5242.0,1681.044,-15728.0,1681.044,-34.0,1681.044,28.0,2801.011,-1.244836,2817.046,7980.0,2817.046,7950.0
1681.347,-15728.0,1681.347,15728.0,1681.347,-78.0,1681.347,83.0,2801.456,-1.015212,2817.591,9300.0,2817.591,9270.0
1681.647,5242.0,1681.647,41943.0,1681.647,22.0,1681.647,-15.0,2801.976,-0.78345,2818.068,9180.0,2818.068,9300.0
1681.957,26214.0,1681.957,26214.0,1681.957,-39.0,1681.957,-24.0,2802.46,-0.565611,2818.55,7815.0,2818.55,7845.0
1682.278,5242.0,1682.278,36700.0,1682.278,-15.0,1682.278,17.0,2802.984,-0.353954,2819.073,2676.0,2819.073,9600.0
1682.515,-10485.0,1682.515,0.0,1682.515,22.0,1682.515,-46.0,2803.463,-0.167383,2819.564,3978.0,2819.564,9600.0
1682.857,15728.0,1682.857,15728.0,1682.857,123.0,1682.857,-25.0,2804.008,-0.01587,2820.04,6404.0,2820.04,9600.0
1683.142,20971.0,1683.142,31457.0,1683.142,-24.0,1683.142,-16.0,2804.449,0.111986,2820.565,6743.0,2820.565,9600.0
1683.45,26214.0,1683.45,31457.0,1683.45,-12.0,1683.45,-8.0,2805.005,0.22452,2821.075,6785.0,2821.075,9600.0
1683.767,15728.0,1683.767,26214.0,1683.767,-93.0,1683.767,-3.0,2805.446,0.3254,2821.528,5354.0,2821.528,9600.0
1684.037,15728.0,1684.037,31457.0,1684.037,21.0,1684.037,-11.0,2805.973,0.425254,2822.036,5312.0,2822.036,9600.0
1684.34,0.0,1684.34,5242.0,1684.34,25.0,1684.34,-10.0,2806.442,0.534838,2822.559,5348.0,2822.559,9600.0
1684.639,26214.0,1684.639,10485.0,1684.639,68.0,1684.639,11.0,2806.979,0.604742,2823.048,5740.0,2823.048,9600.0
1684.974,36700.0,1684.974,41943.0,1684.974,57.0,1684.974,13.0,2807.453,0.515636,2823.53,8055.0,2823.53,9600.0
1685.249,36700.0,1685.249,41943.0,1685.249,50.0,1685.249,45.0,2807.963,0.423939,2824.051,9600.0,2824.051,9600.0
1685.539,0.0,1685.539,10485.0,1685.539,1.0,1685.539,-48.0,2808.433,0.395727,2824.553,9600.0,2824.553,9600.0
1685.838,10485.0,1685.838,31457.0,1685.838,15.0,1685.838,16.0,2808.954,0.412426,2825.044,9600.0,2825.044,9600.0
1686.136,20971.0,1686.136,31457.0,1686.136,18.0,1686.136,20.0,2809.431,0.447765,2825.558,4222.0,2825.558,9600.0
1686.436,10485.0,1686.436,36700.0,1686.436,40.0,1686.436,26.0,2809.967,0.482362,2826.038,3785.0,2826.038,9600.0
1686.745,10485.0,1686.745,41943.0,1686.745,29.0,1686.745,-5.0,2810.428,0.516281,2826.537,3903.0,2826.537,9600.0
1687.042,15728.0,1687.042,47185.0,1687.042,-6.0,1687.042,-21.0,2810.976,0.548217,2827.01,4068.0,2827.01,9600.0
1687.319,0.0,1687.319,26214.0,1687.319,13.0,1687.319,22.0,2811.478,0.587063,2827.512,4160.0,2827.512,9600.0
1687.62,-10485.0,1687.62,47185.0,1687.62,-107.0,1687.62,-29.0,2811.966,0.561336,2828.054,6358.0,2828.054,9600.0
1687.929,10485.0,1687.929,31457.0,1687.929,47.0,1687.929,-12.0,2812.439,0.553766,2828.54,8338.0,2828.54,9600.0
1688.25,5242.0,1688.25,26214.0,1688.25,-1.0,1688.25,-43.0,2812.965,0.575388,2829.009,7118.0,2829.009,9600.0
1688.525,20971.0,1688.525,15728.0,1688.525,-1.0,1688.525,28.0,2813.435,0.557768,2829.526,7005.0,2829.526,9600.0
1688.818,20971.0,1688.818,26214.0,1688.818,-2.0,1688.818,17.0,2813.942,0.474469,2830.03,7325.0,2830.03,9600.0
1689.176,-10485.0,1689.176,5242.0,1689.176,-51.0,1689.176,-45.0,2814.422,0.381792,2830.498,8312.0,2830.498,9600.0
1689.428,26214.0,1689.428,36700.0,1689.428,44.0,1689.428,8.0,2814.938,0.289961,2831.027,7072.0,2831.027,9600.0
1689.763,20971.0,1689.763,36700.0,1689.763,-19.0,1689.763,-4.0,2815.403,0.195223,2831.54,8234.0,2831.54,9600.0
1690.015,5242.0,1690.015,47185.0,1690.015,-17.0,1690.015,-11.0,2815.946,0.12332,2831.99,7118.0,2831.99,9600.0
1690.32,10485.0,1690.32,41943.0,1690.32,71.0,1690.32,5.0,2816.414,0.181167,2832.504,4671.0,2832.504,9600.0
1690.614,0.0,1690.614,41943.0,1690.614,5.0,1690.614,-17.0,2816.932,0.247735,2833.018,5934.0,2833.018,9600.0
1690.884,5242.0,1690.884,36700.0,1690.884,-94.0,1690.884,-2.0,2817.406,0.336661,2833.512,6675.0,2833.512,9600.0
1691.269,20971.0,1691.269,26214.0,1691.269,38.0,1691.269,23.0,2817.957,0.458011,2834.018,9540.0,2834.018,9600.0
1691.509,-5242.0,1691.509,26214.0,1691.509,-50.0,1691.509,-26.0,2818.416,0.563009,2834.508,5837.0,2834.508,9600.0
1691.808,5242.0,1691.808,36700.0,1691.808,-17.0,1691.808,41.0,2818.902,0.680263,2835.018,4556.0,2835.018,9600.0
1692.12,5242.0,1692.12,31457.0,1692.12,8.0,1692.12,-14.0,2819.408,0.721511,2835.511,4253.0,2835.511,9600.0
1692.423,0.0,1692.423,26214.0,1692.423,-15.0,1692.423,-40.0,2819.91,0.678657,2836.025,4459.0,2836.025,9600.0
1692.735,26214.0,1692.735,36700.0,1692.735,20.0,1692.735,18.0,2820.39,0.648148,2836.478,4007.0,2836.478,9600.0
1693.011,31457.0,1693.011,47185.0,1693.011,-9.0,1693.011,-13.0,2820.917,0.659123,2836.997,4856.0,2836.997,9600.0
1693.321,-20971.0,1693.321,47185.0,1693.321,-18.0,1693.321,0.0,2821.399,0.671586,2837.468,4175.0,2837.468,9600.0
1693.603,0.0,1693.603,20971.0,1693.603,-40.0,1693.603,-4.0,2821.927,0.657039,2837.968,5458.0,2837.968,9600.0
1693.907,-5242.0,1693.907,15728.0,1693.907,41.0,1693.907,22.0,2822.392,0.600577,2838.526,8286.0,2838.526,9600.0
1694.234,15728.0,1694.234,41943.0,1694.234,-5.0,1694.234,36.0,2822.911,0.540936,2838.999,7027.0,2838.999,9600.0
1694.507,-20971.0,1694.507,26214.0,1694.507,40.0,1694.507,-22.0,2823.379,0.499546,2839.467,9275.0,2839.467,9600.0
1694.797,10485.0,1694.797,20971.0,1694.797,-16.0,1694.797,-12.0,2823.906,0.519345,2839.989,8523.0,2839.989,9600.0
1695.111,5242.0,1695.111,52428.0,1695.111,32.0,1695.111,4.0,2824.4,0.58487,2840.485,8470.0,2840.485,9600.0
1695.422,0.0,1695.422,31457.0,1695.422,-27.0,1695.422,67.0,2824.916,0.670471,2840.963,8157.0,2840.963,9600.0
1695.714,-5242.0,1695.714,41943.0,1695.714,3.0,1695.714,2.0,2825.366,0.75971,2841.49,8234.0,2841.49,9600.0
1695.985,10485.0,1695.985,31457.0,1695.985,25.0,1695.985,1.0,2825.883,0.771264,2842.01,6235.0,2842.01,9600.0
1696.265,5242.0,1696.265,36700.0,1696.265,131.0,1696.265,32.0,2826.408,0.702209,2842.456,6053.0,2842.456,9600.0
1696.591,5242.0,1696.591,31457.0,1696.591,29.0,1696.591,-3.0,2826.906,0.607728,2842.97,4959.0,2842.97,9600.0
1696.861,10485.0,1696.861,36700.0,1696.861,339.0,1696.861,231.0,2827.375,0.511103,2843.432,7731.0,2843.432,9600.0
1697.204,-5242.0,1697.204,0.0,1697.204,-130.0,1697.204,-13.0,2827.902,0.402496,2843.951,6033.0,2843.951,9600.0
1697.534,-10485.0,1697.534,41943.0,1697.534,6.0,1697.534,-6.0,2828.371,0.311232,2844.449,6827.0,2844.449,9600.0
1697.779,-10485.0,1697.779,41943.0,1697.779,-8.0,1697.779,-23.0,2828.877,0.261128,2844.97,3612.0,2844.97,9600.0
1698.087,-10485.0,1698.087,36700.0,1698.087,-336.0,1698.087,-104.0,2829.36,0.218568,2845.478,5098.0,2845.478,9600.0
1698.4,15728.0,1698.4,41943.0,1698.4,79.0,1698.4,31.0,2829.886,0.195918,2845.967,3334.0,2845.967,9600.0
1698.716,15728.0,1698.716,20971.0,1698.716,11.0,1698.716,1.0,2830.353,0.218828,2846.488,5169.0,2846.488,9600.0
1698.982,10485.0,1698.982,15728.0,1698.982,-18.0,1698.982,4.0,2830.902,0.270025,2846.934,5740.0,2846.934,9600.0
1699.288,0.0,1699.288,15728.0,1699.288,21.0,1699.288,28.0,2831.349,0.309091,2847.468,6483.0,2847.468,9600.0
1699.634,10485.0,1699.634,57671.0,1699.634,-5.0,1699.634,-4.0,2831.898,0.369054,2847.961,6675.0,2847.961,9600.0
1699.889,5242.0,1699.889,10485.0,1699.889,-7.0,1699.889,7.0,2832.348,0.416795,2848.429,6504.0,2848.429,9600.0
1700.223,20971.0,1700.223,36700.0,1700.223,34.0,1700.223,22.0,2832.859,0.403626,2848.98,6697.0,2848.98,9600.0
1700.47,0.0,1700.47,31457.0,1700.47,-66.0,1700.47,-3.0,2833.343,0.401426,2849.452,6982.0,2849.452,9600.0
1700.775,-5242.0,1700.775,31457.0,1700.775,27.0,1700.775,-13.0,2833.88,0.403879,2849.926,6893.0,2849.926,9600.0
1701.084,0.0,1701.084,26214.0,1701.084,-179.0,1701.084,-52.0,2834.339,0.44804,2850.458,4839.0,2850.458,9600.0
1701.345,-5242.0,1701.345,36700.0,1701.345,53.0,1701.345,7.0,2834.855,0.472755,2850.948,7027.0,2850.948,9600.0
1701.719,-10485.0,1701.719,36700.0,1701.719,0.0,1701.719,22.0,2835.386,0.436807,2851.422,7050.0,2851.422,9600.0
1701.971,-10485.0,1701.971,47185.0,1701.971,6.0,1701.971,-8.0,2835.862,0.370397,2851.944,4788.0,2851.944,9600.0
1702.276,10485.0,1702.276,26214.0,1702.276,149.0,1702.276,68.0,2836.332,0.277732,2852.463,4873.0,2852.463,9600.0
1702.569,-10485.0,1702.569,10485.0,1702.569,-41.0,1702.569,-17.0,2836.871,0.174864,2852.952,5116.0,2852.952,9600.0
1702.84,-5242.0,1702.84,41943.0,1702.84,15.0,1702.84,17.0,2837.345,0.045621,2853.426,2977.0,2853.426,9600.0
1703.201,-10485.0,1703.201,41943.0,1703.201,-24.0,1703.201,-2.0,2837.855,-0.106089,2853.94,3200.0,2853.94,9600.0
1703.437,5242.0,1703.437,5242.0,1703.437,-6.0,1703.437,-30.0,2838.325,-0.24649,2854.412,3416.0,2854.412,9600.0
1703.792,10485.0,1703.792,31457.0,1703.792,61.0,1703.792,-4.0,2838.874,-0.323145,2854.914,3307.0,2854.914,9600.0
1704.072,10485.0,1704.072,36700.0,1704.072,-52.0,1704.072,25.0,2839.32,-0.369537,2855.431,3472.0,2855.431,9600.0
1704.335,15728.0,1704.335,47185.0,1704.335,14.0,1704.335,-3.0,2839.869,-0.353707,2855.957,3713.0,2855.957,9600.0
1704.692,5242.0,1704.692,41943.0,1704.692,-7.0,1704.692,-7.0,2840.328,-0.310715,2856.425,3888.0,2856.425,9600.0
1704.96,-5242.0,1704.96,94371.0,1704.96,-23.0,1704.96,13.0,2840.835,-0.250243,2856.92,3888.0,2856.92,9600.0
1705.232,-10485.0,1705.232,31457.0,1705.232,16.0,1705.232,-15.0,2841.324,-0.177491,2857.431,2651.0,2857.431,9600.0
1705.559,15728.0,1705.559,0.0,1705.559,26.0,1705.559,24.0,2841.842,-0.094827,2857.922,9600.0,2857.922,9600.0
1705.891,0.0,1705.891,47185.0,1705.891,-4.0,1705.891,10.0,2842.329,-0.026329,2858.399,9600.0,2858.399,9600.0
1706.173,-10485.0,1706.173,41943.0,1706.173,95.0,1706.173,-12.0,2842.846,0.034913,2858.89,9600.0,2858.89,9600.0
1706.449,-10485.0,1706.449,10485.0,1706.449,-58.0,1706.449,23.0,2843.32,0.066227,2859.435,9600.0,2859.435,9570.0
1706.773,-10485.0,1706.773,31457.0,1706.773,52.0,1706.773,14.0,2843.842,0.103049,2859.919,9600.0,2859.919,9570.0
1707.057,-10485.0,1707.057,41943.0,1707.057,-68.0,1707.057,-52.0,2844.323,0.127139,2860.39,9600.0,2860.39,9600.0
1707.357,15728.0,1707.357,20971.0,1707.357,7.0,1707.357,-24.0,2844.833,0.13442,2860.92,6568.0,2860.92,9600.0
1707.656,36700.0,1707.656,36700.0,1707.656,85.0,1707.656,6.0,2845.322,0.099107,2861.407,3514.0,2861.407,9600.0
1707.962,-10485.0,1707.962,47185.0,1707.962,-56.0,1707.962,-50.0,2845.838,0.032377,2861.883,3514.0,2861.883,9600.0
1708.249,5242.0,1708.249,20971.0,1708.249,14.0,1708.249,-3.0,2846.292,-0.065378,2862.405,3873.0,2862.405,9600.0
1708.555,15728.0,1708.555,20971.0,1708.555,16.0,1708.555,15.0,2846.829,-0.164117,2862.929,5422.0,2862.929,9600.0
1708.863,-20971.0,1708.863,52428.0,1708.863,-48.0,1708.863,-30.0,2847.286,-0.256208,2863.378,3771.0,2863.378,9600.0
1709.181,-20971.0,1709.181,52428.0,1709.181,44.0,1709.181,5.0,2847.823,-0.323017,2863.893,3472.0,2863.893,9600.0
1709.448,5242.0,1709.448,15728.0,1709.448,22.0,1709.448,-24.0,2848.319,-0.399335,2864.397,4191.0,2864.397,9600.0
1709.739,15728.0,1709.739,10485.0,1709.739,-36.0,1709.739,-14.0,2848.851,-0.460457,2864.868,9600.0,2864.868,9600.0
1710.053,-5242.0,1710.053,31457.0,1710.053,21.0,1710.053,30.0,2849.302,-0.510584,2865.374,9600.0,2865.374,9600.0
1710.313,0.0,1710.313,15728.0,1710.313,220.0,1710.313,25.0,2849.808,-0.536594,2865.908,9600.0,2865.908,9600.0
1710.671,-5242.0,1710.671,20971.0,1710.671,-28.0,1710.671,4.0,2850.294,-0.562391,2866.4,9600.0,2866.4,9600.0
1710.938,20971.0,1710.938,41943.0,1710.938,-23.0,1710.938,4.0,2850.804,-0.59804,2866.896,6317.0,2866.896,9600.0
1711.245,20971.0,1711.245,57671.0,1711.245,12.0,1711.245,29.0,2851.298,-0.613116,2867.375,5993.0,2867.375,9600.0
1711.53,15728.0,1711.53,52428.0,1711.53,13.0,1711.53,2.0,2851.827,-0.633557,2867.86,6568.0,2867.86,9600.0
1711.862,0.0,1711.862,26214.0,1711.862,-36.0,1711.862,-35.0,2852.269,-0.68599,2868.383,5348.0,2868.383,9600.0
1712.19,0.0,1712.19,31457.0,1712.19,-38.0,1712.19,-2.0,2852.833,-0.749126,2868.855,6133.0,2868.855,9600.0
1712.432,20971.0,1712.432,52428.0,1712.432,-14.0,1712.432,29.0,2853.274,-0.830597,2869.358,5204.0,2869.358,9600.0
1712.738,-5242.0,1712.738,26214.0,1712.738,81.0,1712.738,-29.0,2853.834,-0.987724,2869.908,4222.0,2869.908,9600.0
1713.029,10485.0,1713.029,20971.0,1713.029,-53.0,1713.029,-22.0,2854.275,-1.199477,2870.374,4269.0,2870.374,9600.0
1713.34,5242.0,1713.34,41943.0,1713.34,5.0,1713.34,12.0,2854.807,-1.438533,2870.85,6893.0,2870.85,9600.0
1713.658,-5242.0,1713.658,47185.0,1713.658,-8.0,1713.658,-1.0,2855.262,-1.708347,2871.372,7634.0,2871.372,9600.0
1713.934,-15728.0,1713.934,5242.0,1713.934,-83.0,1713.934,11.0,2855.78,-2.011893,2871.869,7586.0,2871.869,9600.0
1714.244,-10485.0,1714.244,47185.0,1714.244,49.0,1714.244,1.0,2856.274,-2.309039,2872.367,7854.0,2872.367,9600.0
1714.524,15728.0,1714.524,62914.0,1714.524,-6.0,1714.524,-29.0,2856.81,-2.589811,2872.867,8604.0,2872.867,9600.0
1714.833,-15728.0,1714.833,47185.0,1714.833,104.0,1714.833,-48.0,2857.255,-2.85449,2873.385,9160.0,2873.385,9600.0
1715.156,-15728.0,1715.156,31457.0,1715.156,-108.0,1715.156,8.0,2857.812,-3.101993,2873.835,9510.0,2873.835,9600.0
1715.421,-10485.0,1715.421,68157.0,1715.421,-219.0,1715.421,-148.0,2858.247,3.069906,2874.364,8795.0,2874.364,9600.0
1715.729,-26214.0,1715.729,20971.0,1715.729,76.0,1715.729,-309.0,2858.783,3.041111,2874.865,9510.0,2874.865,9600.0
1716.02,5242.0,1716.02,78643.0,1716.02,-208.0,1716.02,-60.0,2859.26,3.063337,2875.338,9480.0,2875.338,9600.0
1716.355,20971.0,1716.355,78643.0,1716.355,-147.0,1716.355,214.0,2859.798,3.116993,2875.854,9600.0,2875.854,9600.0
1716.669,-31457.0,1716.669,94371.0,1716.669,69.0,1716.669,179.0,2860.245,-3.075624,2876.362,9600.0,2876.362,9600.0
1716.924,-52428.0,1716.924,94371.0,1716.924,-6.0,1716.924,94.0,2860.763,-2.959855,2876.854,9600.0,2876.854,9600.0
1717.214,-31457.0,1717.214,89128.0,1717.214,68.0,1717.214,151.0,2861.257,-2.867676,2877.365,9600.0,2877.365,9600.0
1717.519,20971.0,1717.519,57671.0,1717.519,146.0,1717.519,134.0,2861.762,-2.859874,2877.842,9600.0,2877.842,9600.0
1717.823,-10485.0,1717.823,89128.0,1717.823,194.0,1717.823,161.0,2862.237,-2.924708,2878.327,5954.0,2878.327,9600.0
1718.141,-5242.0,1718.141,78643.0,1718.141,239.0,1718.141,148.0,2862.766,-3.043087,2878.854,3933.0,2878.854,9600.0
1718.446,31457.0,1718.446,62914.0,1718.446,362.0,1718.446,139.0,2863.267,3.122974,2879.32,3800.0,2879.32,9600.0
1718.719,15728.0,1718.719,78643.0,1718.719,292.0,1718.719,84.0,2863.773,2.989285,2879.815,3903.0,2879.815,9600.0
1719.007,52428.0,1719.007,94371.0,1719.007,469.0,1719.007,30.0,2864.231,2.817055,2880.371,3814.0,2880.371,9600.0
1719.322,73400.0,1719.322,15728.0,1719.322,484.0,1719.322,48.0,2864.762,2.634869,2880.845,6033.0,2880.845,9600.0
1719.657,57671.0,1719.657,152043.0,1719.657,258.0,1719.657,-140.0,2865.226,2.557461,2881.327,7879.0,2881.327,9600.0
1719.911,57671.0,1719.911,152043.0,1719.911,464.0,1719.911,-71.0,2865.758,2.563316,2881.843,9600.0,2881.843,9600.0
1720.205,57671.0,1720.205,173014.0,1720.205,39.0,1720.205,202.0,2866.222,2.62349,2882.332,9600.0,2882.332,9600.0
1720.56,62914.0,1720.56,204472.0,1720.56,286.0,1720.56,396.0,2866.773,2.702247,2882.808,9600.0,2882.808,9600.0
1720.803,47185.0,1720.803,214957.0,1720.803,2.0,1720.803,-3.0,2867.268,2.756426,2883.333,9600.0,2883.333,9600.0
1721.135,78643.0,1721.135,209715.0,1721.135,193.0,1721.135,-63.0,2867.734,2.793322,2883.86,9600.0,2883.86,9600.0
1721.397,120586.0,1721.397,204472.0,1721.397,102.0,1721.397,96.0,2868.214,2.825499,2884.303,9600.0,2884.303,9600.0
1721.7,104857.0,1721.7,193986.0,1721.7,131.0,1721.7,120.0,2868.738,2.846332,2884.805,9600.0,2884.805,9600.0
1722.003,83886.0,1722.003,199229.0,1722.003,-19.0,1722.003,-66.0,2869.229,2.856452,2885.328,9600.0,2885.328,9600.0
1722.268,125829.0,1722.268,214957.0,1722.268,90.0,1722.268,45.0,2869.756,2.84611,2885.826,9600.0,2885.826,9600.0
1722.642,167772.0,1722.642,204472.0,1722.642,-106.0,1722.642,-26.0,2870.22,2.798172,2886.301,9600.0,2886.301,9600.0
1722.893,141557.0,1722.893,193986.0,1722.893,-9.0,1722.893,245.0,2870.733,2.732882,2886.822,9600.0,2886.822,9600.0
1723.196,120586.0,1723.196,157286.0,1723.196,134.0,1723.196,134.0,2871.202,2.695853,2887.324,9600.0,2887.324,9600.0
1723.493,173014.0,1723.493,225443.0,1723.493,-153.0,1723.493,156.0,2871.727,2.68947,2887.811,9600.0,2887.811,9600.0
1723.801,178257.0,1723.801,199229.0,1723.801,32.0,1723.801,99.0,2872.195,2.705916,2888.298,9600.0,2888.298,9600.0
1724.125,183500.0,1724.125,214957.0,1724.125,-62.0,1724.125,24.0,2872.738,2.733861,2888.779,9600.0,2888.779,9600.0
1724.359,193986.0,1724.359,246415.0,1724.359,23.0,1724.359,115.0,2873.214,2.775308,2889.313,9600.0,2889.313,9600.0
1724.718,204472.0,1724.718,214957.0,1724.718,-231.0,1724.718,37.0,2873.757,2.853981,2889.802,9600.0,2889.802,9600.0
1724.985,178257.0,1724.985,220200.0,1724.985,-10.0,1724.985,9.0,2874.188,2.966911,2890.28,9600.0,2890.28,9600.0
1725.259,209715.0,1725.259,157286.0,1725.259,29.0,1725.259,461.0,2874.708,3.105385,2890.821,9600.0,2890.821,9600.0
1725.615,230686.0,1725.615,220200.0,1725.615,-69.0,1725.615,44.0,2875.21,-3.039301,2891.308,9600.0,2891.308,9600.0
1725.856,251658.0,1725.856,214957.0,1725.856,26.0,1725.856,95.0,2875.738,-2.877355,2891.776,9600.0,2891.776,9600.0
1726.182,246415.0,1726.182,188743.0,1726.182,75.0,1726.182,-200.0,2876.228,-2.712933,2892.791,9600.0,2892.791,9600.0
1726.475,204472.0,1726.475,173014.0,1726.475,-86.0,1726.475,-90.0,2876.704,-2.547052,2893.271,9600.0,2893.271,9600.0
1726.812,209715.0,1726.812,157286.0,1726.812,130.0,1726.812,-128.0,2877.192,-2.368335,2893.796,9600.0,2893.796,9600.0
1727.125,235929.0,1727.125,209715.0,1727.125,169.0,1727.125,-311.0,2877.712,-2.205371,2894.304,9600.0,2894.304,9600.0
1727.377,204472.0,1727.377,152043.0,1727.377,66.0,1727.377,-14.0,2878.176,-2.032087,2894.758,9600.0,2894.758,9600.0
1727.671,225443.0,1727.671,146800.0,1727.671,147.0,1727.671,-93.0,2878.733,-1.91442,2895.266,9600.0,2895.266,9600.0
1727.975,241172.0,1727.975,167772.0,1727.975,109.0,1727.975,-34.0,2879.191,-1.858583,2895.78,9600.0,2895.78,9600.0
1728.303,193986.0,1728.303,152043.0,1728.303,268.0,1728.303,19.0,2879.695,-1.876451,2896.259,9600.0,2896.259,9600.0
1728.572,235929.0,1728.572,188743.0,1728.572,14.0,1728.572,-60.0,2880.165,-1.953407,2896.778,9600.0,2896.778,9600.0
1728.897,220200.0,1728.897,146800.0,1728.897,110.0,1728.897,21.0,2880.728,-2.056432,2897.276,9540.0,2897.276,9600.0
1729.168,246415.0,1729.168,199229.0,1729.168,227.0,1729.168,-200.0,2881.166,-2.174196,2897.79,5477.0,2897.79,9600.0
1729.469,256900.0,1729.469,188743.0,1729.469,-82.0,1729.469,175.0,2881.669,-2.244778,2898.281,4524.0,2898.281,9600.0
1729.78,220200.0,1729.78,188743.0,1729.78,-159.0,1729.78,123.0,2882.178,-2.249339,2898.756,4475.0,2898.756,9600.0
1730.095,246415.0,1730.095,183500.0,1730.095,10.0,1730.095,8.0,2882.702,-2.214385,2899.248,4540.0,2899.248,9600.0
1730.366,251658.0,1730.366,188743.0,1730.366,43.0,1730.366,45.0,2883.171,-2.13059,2899.764,4475.0,2899.764,9600.0
1730.668,230686.0,1730.668,152043.0,1730.668,-252.0,1730.668,-17.0,2883.69,-2.019205,2900.241,4427.0,2900.241,9600.0
1731.021,251658.0,1731.021,204472.0,1731.021,5.0,1731.021,-177.0,2884.174,-1.883599,2900.735,6358.0,2900.735,9600.0
1731.266,241172.0,1731.266,214957.0,1731.266,-42.0,1731.266,-196.0,2884.698,-1.730591,2901.28,9540.0,2901.28,9600.0
1731.591,220200.0,1731.591,204472.0,1731.591,-140.0,1731.591,-111.0,2885.146,-1.557755,2901.758,6275.0,2901.758,9600.0
1731.857,199229.0,1731.857,214957.0,1731.857,65.0,1731.857,-231.0,2885.685,-1.373161,2902.23,5028.0,2902.23,9600.0
1732.188,251658.0,1732.188,246415.0,1732.188,-51.0,1732.188,244.0,2886.148,-1.191119,2902.758,9540.0,2902.758,9600.0
1732.432,220200.0,1732.432,214957.0,1732.432,112.0,1732.432,-54.0,2886.665,-1.004248,2903.254,6053.0,2903.254,9600.0
1732.766,214957.0,1732.766,235929.0,1732.766,-64.0,1732.766,-67.0,2887.144,-0.825937,2903.73,9600.0,2903.73,9600.0
1733.114,173014.0,1733.114,230686.0,1733.114,-180.0,1733.114,-16.0,2887.699,-0.653847,2904.251,9600.0,2904.251,9600.0
1733.354,183500.0,1733.354,214957.0,1733.354,4.0,1733.354,25.0,2888.149,-0.484463,2904.769,9600.0,2904.769,9600.0
1733.655,167772.0,1733.655,214957.0,1733.655,-64.0,1733.655,-5.0,2888.652,-0.323471,2905.225,9600.0,2905.225,9600.0
1733.957,173014.0,1733.957,256900.0,1733.957,-265.0,1733.957,-140.0,2889.146,-0.155287,2905.738,9570.0,2905.738,9600.0
1734.226,162529.0,1734.226,225443.0,1734.226,-33.0,1734.226,-215.0,2889.664,0.010917,2906.261,3962.0,2906.261,9600.0
1734.58,173014.0,1734.58,262143.0,1734.58,-305.0,1734.58,236.0,2890.151,0.175029,2906.715,9600.0,2906.715,9600.0
1734.856,125829.0,1734.856,277872.0,1734.856,3.0,1734.856,105.0,2890.67,0.342679,2907.227,4705.0,2907.227,9600.0
1735.194,115343.0,1735.194,251658.0,1735.194,14.0,1735.194,27.0,2891.153,0.509065,2907.736,1611.0,2907.736,9600.0
1735.444,94371.0,1735.444,298843.0,1735.444,60.0,1735.444,89.0,2891.656,0.670509,2908.248,6133.0,2908.248,9600.0
1735.773,110100.0,1735.773,283115.0,1735.773,-55.0,1735.773,91.0,2892.128,0.83415,2908.737,1530.0,2908.737,9600.0
1736.078,78643.0,1736.078,277872.0,1736.078,-259.0,1736.078,13.0,2892.646,0.999412,2909.209,3556.0,2909.209,9600.0
1736.344,83886.0,1736.344,241172.0,1736.344,-71.0,1736.344,-149.0,2893.122,1.165153,2909.705,7232.0,2909.705,9600.0
1736.615,73400.0,1736.615,267386.0,1736.615,301.0,1736.615,-88.0,2893.68,1.320119,2910.228,7395.0,2910.228,9600.0
1736.947,47185.0,1736.947,220200.0,1736.947,-135.0,1736.947,-333.0,2894.13,1.475122,2910.709,7575.0,2910.709,9405.0
1737.277,62914.0,1737.277,256900.0,1737.277,-89.0,1737.277,-281.0,2894.668,1.624911,2911.234,6345.0,2911.234,7485.0
1737.589,62914.0,1737.589,193986.0,1737.589,-72.0,1737.589,-230.0,2895.108,1.774935,2911.743,5175.0,2911.743,7035.0
1737.838,20971.0,1737.838,115343.0,1737.838,-83.0,1737.838,-110.0,2895.656,1.92108,2912.223,6105.0,2912.223,6105.0
1738.146,31457.0,1738.146,68157.0,1738.146,-160.0,1738.146,-109.0,2896.126,2.059692,2912.695,6105.0,2912.695,6105.0
1738.436,5242.0,1738.436,89128.0,1738.436,-5.0,1738.436,69.0,2896.647,2.200128,2913.221,6075.0,2913.221,6075.0
1738.746,20971.0,1738.746,115343.0,1738.746,220.0,1738.746,53.0,2897.123,2.349036,2913.72,6075.0,2913.72,6075.0
1739.043,26214.0,1739.043,125829.0,1739.043,8.0,1739.043,-14.0,2897.622,2.480687,2914.195,6075.0,2914.195,6075.0
1739.36,57671.0,1739.36,78643.0,1739.36,-118.0,1739.36,-6.0,2898.149,2.551688,2914.713,6075.0,2914.713,6075.0
1739.638,89128.0,1739.638,15728.0,1739.638,-79.0,1739.638,-26.0,2898.62,2.582623,2915.23,6075.0,2915.23,6075.0
1739.93,62914.0,1739.93,0.0,1739.93,-4.0,1739.93,96.0,2899.106,2.571068,2915.687,4590.0,2915.687,7560.0
1740.235,41943.0,1740.235,-20971.0,1740.235,92.0,1740.235,-25.0,2899.647,2.527273,2916.195,2715.0,2916.195,9435.0
1740.556,5242.0,1740.556,-57671.0,1740.556,83.0,1740.556,-68.0,2900.095,2.475774,2916.704,5910.0,2916.704,6240.0
1740.832,31457.0,1740.832,-31457.0,1740.832,73.0,1740.832,78.0,2900.622,2.415851,2917.18,5280.0,2917.18,6270.0
1741.132,-31457.0,1741.132,0.0,1741.132,140.0,1741.132,-7.0,2901.094,2.362484,2917.674,4620.0,2917.674,6060.0
1741.482,-5242.0,1741.482,10485.0,1741.482,32.0,1741.482,-31.0,2901.633,2.354474,2918.199,4245.0,2918.199,6195.0
1741.734,-47185.0,1741.734,-10485.0,1741.734,-1.0,1741.734,62.0,2902.116,2.339958,2918.705,5100.0,2918.705,5160.0
1742.06,-47185.0,1742.06,15728.0,1742.06,62.0,1742.06,50.0,2902.642,2.314227,2919.196,4230.0,2919.196,4980.0
1742.322,10485.0,1742.322,31457.0,1742.322,179.0,1742.322,-83.0,2903.084,2.351343,2919.687,3390.0,2919.687,4380.0
1742.623,-47185.0,1742.623,62914.0,1742.623,42.0,1742.623,59.0,2903.614,2.394894,2920.168,3345.0,2920.168,4245.0
1742.923,-36700.0,1742.923,47185.0,1742.923,102.0,1742.923,-23.0,2904.08,2.484277,2920.688,2670.0,2920.688,3540.0
1743.191,-68157.0,1743.191,31457.0,1743.191,31.0,1743.191,34.0,2904.607,2.572248,2921.16,2295.0,2921.16,2295.0
1743.568,-26214.0,1743.568,36700.0,1743.568,52.0,1743.568,45.0,2905.092,2.695278,2921.663,2310.0,2921.663,2310.0
1743.823,0.0,1743.823,5242.0,1743.823,-20.0,1743.823,58.0,2905.614,2.837347,2922.201,2310.0,2922.201,2310.0
1744.112,-26214.0,1744.112,47185.0,1744.112,-46.0,1744.112,49.0,2906.068,2.979497,2922.69,2280.0,2922.69,2280.0
1744.413,-47185.0,1744.413,47185.0,1744.413,-30.0,1744.413,112.0,2906.6,3.045901,2923.159,2295.0,2923.159,2295.0
1744.726,0.0,1744.726,15728.0,1744.726,38.0,1744.726,-27.0,2907.076,-3.140153,2923.68,2310.0,2923.68,2310.0
1745.041,-5242.0,1745.041,36700.0,1745.041,79.0,1745.041,-99.0,2907.607,-3.099814,2924.194,2310.0,2924.194,2310.0
1745.306,-10485.0,1745.306,31457.0,1745.306,118.0,1745.306,-26.0,2908.082,3.130084,2924.648,1500.0,2924.648,1500.0
1745.608,15728.0,1745.608,0.0,1745.608,4.0,1745.608,-115.0,2908.612,3.060268,2925.174,1530.0,2925.174,1530.0
1745.908,26214.0,1745.908,-26214.0,1745.908,24.0,1745.908,-123.0,2909.061,2.913211,2925.705,4485.0,2925.705,-1395.0
1746.217,68157.0,1746.217,-47185.0,1746.217,156.0,1746.217,118.0,2909.575,2.774201,2926.146,1590.0,2926.146,1500.0
1746.567,73400.0,1746.567,-62914.0,1746.567,200.0,1746.567,88.0,2910.062,2.619709,2926.658,1590.0,2926.658,1530.0
1746.831,89128.0,1746.831,-52428.0,1746.831,64.0,1746.831,3.0,2910.586,2.55141,2927.173,2355.0,2927.173,2295.0
1747.104,26214.0,1747.104,-73400.0,1747.104,-4.0,1747.104,144.0,2911.065,2.483369,2927.637,2370.0,2927.637,2310.0
1747.409,-5242.0,1747.409,-52428.0,1747.409,-275.0,1747.409,-401.0,2911.594,2.412814,2928.132,2355.0,2928.132,2325.0
1747.732,15728.0,1747.732,-73400.0,1747.732,-102.0,1747.732,-85.0,2912.066,2.333096,2928.665,2325.0,2928.665,2325.0
1748.024,31457.0,1748.024,-68157.0,1748.024,-344.0,1748.024,-76.0,2912.572,2.311682,2929.168,3360.0,2929.168,3390.0
1748.3,57671.0,1748.3,-115343.0,1748.3,10.0,1748.3,1.0,2913.047,2.339283,2929.663,4020.0,2929.663,4050.0
1748.607,83886.0,1748.607,-94371.0,1748.607,197.0,1748.607,170.0,2913.574,2.395186,2930.141,1155.0,2930.141,8055.0
1748.901,62914.0,1748.901,-89128.0,1748.901,174.0,1748.901,-20.0,2914.061,2.463668,2930.647,3240.0,2930.647,5970.0
1749.204,62914.0,1749.204,-104857.0,1749.204,60.0,1749.204,64.0,2914.58,2.525707,2931.158,4605.0,2931.158,4605.0
1749.504,78643.0,1749.504,-115343.0,1749.504,-7.0,1749.504,262.0,2915.068,2.605709,2931.648,4635.0,2931.648,4575.0
1749.825,62914.0,1749.825,-110100.0,1749.825,18.0,1749.825,122.0,2915.589,2.69242,2932.124,4635.0,2932.124,4575.0
1750.092,52428.0,1750.092,-68157.0,1750.092,-29.0,1750.092,121.0,2916.042,2.716155,2932.66,4620.0,2932.66,4590.0
1750.399,47185.0,1750.399,-68157.0,1750.399,-25.0,1750.399,95.0,2916.55,2.629477,2933.141,4620.0,2933.141,4590.0
1750.705,62914.0,1750.705,-99614.0,1750.705,-34.0,1750.705,94.0,2917.041,2.592181,2933.616,4620.0,2933.616,4590.0
1751.018,20971.0,1751.018,-83886.0,1751.018,-46.0,1751.018,71.0,2917.57,2.579711,2934.146,4620.0,2934.146,4590.0
1751.296,41943.0,1751.296,-62914.0,1751.296,21.0,1751.296,11.0,2918.029,2.552586,2934.644,4620.0,2934.644,4590.0
1751.562,36700.0,1751.562,-62914.0,1751.562,67.0,1751.562,7.0,2918.548,2.50966,2935.112,4635.0,2935.112,4575.0
1751.907,57671.0,1751.907,-89128.0,1751.907,-99.0,1751.907,-8.0,2919.041,2.497208,2935.633,4635.0,2935.633,4575.0
1752.191,83886.0,1752.191,-94371.0,1752.191,-3.0,1752.191,-117.0,2919.552,2.48498,2936.152,4635.0,2936.152,4575.0
1752.512,83886.0,1752.512,-89128.0,1752.512,-46.0,1752.512,50.0,2920.021,2.460223,2936.603,4635.0,2936.603,4575.0
1752.787,89128.0,1752.787,-110100.0,1752.787,41.0,1752.787,101.0,2920.561,2.436194,2937.162,4635.0,2937.162,4575.0
1753.076,94371.0,1753.076,-136314.0,1753.076,38.0,1753.076,121.0,2921.036,2.401801,2937.633,4575.0,2937.633,4635.0
1753.381,78643.0,1753.381,-99614.0,1753.381,13.0,1753.381,81.0,2921.556,2.376349,2938.13,-762.0,2938.13,9600.0
1753.654,73400.0,1753.654,-83886.0,1753.654,119.0,1753.654,46.0,2922.014,2.366027,2938.613,4605.0,2938.613,4605.0
1754.035,120586.0,1754.035,-99614.0,1754.035,92.0,1754.035,-41.0,2922.567,2.35863,2939.13,4620.0,2939.13,4590.0
1754.28,120586.0,1754.28,-94371.0,1754.28,123.0,1754.28,-15.0,2923.021,2.346715,2939.638,2565.0,2939.638,6645.0
1754.576,94371.0,1754.576,-94371.0,1754.576,13.0,1754.576,-23.0,2923.521,2.339282,2940.115,4605.0,2940.115,4605.0
1754.875,152043.0,1754.875,-99614.0,1754.875,52.0,1754.875,40.0,2924.001,2.335812,2940.605,4620.0,2940.605,4590.0
1755.146,99614.0,1755.146,-89128.0,1755.146,38.0,1755.146,23.0,2924.535,2.334637,2941.091,4605.0,2941.091,4605.0
1755.523,131071.0,1755.523,-73400.0,1755.523,-15.0,1755.523,73.0,2925.005,2.331318,2941.619,4605.0,2941.619,4605.0
1755.744,120586.0,1755.744,-89128.0,1755.744,32.0,1755.744,79.0,2925.523,2.32818,2942.083,4605.0,2942.083,4605.0
1756.089,173014.0,1756.089,-83886.0,1756.089,-29.0,1756.089,-13.0,2926.029,2.397725,2942.587,4620.0,2942.587,4590.0
1756.344,136314.0,1756.344,-62914.0,1756.344,402.0,1756.344,112.0,2926.538,2.56736,2943.135,4620.0,2943.135,4590.0
1756.681,104857.0,1756.681,-104857.0,1756.681,-3.0,1756.681,142.0,2926.998,2.656944,2943.614,4635.0,2943.614,4575.0
1757.001,73400.0,1757.001,-94371.0,1757.001,103.0,1757.001,-752.0,2927.512,2.720937,2944.079,4725.0,2944.079,4485.0
1757.273,73400.0,1757.273,-78643.0,1757.273,-4.0,1757.273,137.0,2928.002,2.786901,2944.6,4695.0,2944.6,4515.0
1757.57,99614.0,1757.57,-99614.0,1757.57,16.0,1757.57,-52.0,2928.521,2.846603,2945.097,4635.0,2945.097,4575.0
1757.864,99614.0,1757.864,-89128.0,1757.864,105.0,1757.864,56.0,2928.99,2.903184,2945.578,1425.0,2945.578,7785.0
1758.195,110100.0,1758.195,-99614.0,1758.195,18.0,1758.195,44.0,2929.542,2.955359,2946.102,4605.0,2946.102,4605.0
1758.514,31457.0,1758.514,-83886.0,1758.514,44.0,1758.514,33.0,2929.984,3.018275,2946.618,1800.0,2946.618,7410.0
1758.759,41943.0,1758.759,-73400.0,1758.759,-102.0,1758.759,-322.0,2930.496,2.985129,2947.068,4605.0,2947.068,4605.0
1759.054,41943.0,1759.054,-99614.0,1759.054,30.0,1759.054,-140.0,2930.994,2.834407,2947.579,4605.0,2947.579,4605.0
1759.365,78643.0,1759.365,-131071.0,1759.365,-211.0,1759.365,-3.0,2931.501,2.722378,2948.089,4605.0,2948.089,4605.0
1759.665,62914.0,1759.665,-131071.0,1759.665,32.0,1759.665,43.0,2932.008,2.699783,2948.566,3225.0,2948.566,5985.0
1759.985,26214.0,1759.985,-146800.0,1759.985,-34.0,1759.985,39.0,2932.513,2.703234,2949.069,4605.0,2949.069,4605.0
1760.296,47185.0,1760.296,-136314.0,1760.296,67.0,1760.296,28.0,2932.987,2.749154,2949.591,9600.0,2949.591,-1792.0
1760.562,41943.0,1760.562,-125829.0,1760.562,-16.0,1760.562,146.0,2933.49,2.789189,2950.098,4635.0,2950.098,4575.0
1760.853,52428.0,1760.853,-110100.0,1760.853,-22.0,1760.853,7.0,2933.964,2.815909,2950.577,4635.0,2950.577,4575.0
1761.169,47185.0,1761.169,-125829.0,1761.169,21.0,1761.169,103.0,2934.519,2.85877,2951.097,1680.0,2951.097,7530.0
1761.457,36700.0,1761.457,-136314.0,1761.457,30.0,1761.457,-29.0,2934.966,2.91112,2951.549,4605.0,2951.549,4605.0
1761.724,52428.0,1761.724,-131071.0,1761.724,25.0,1761.724,-27.0,2935.516,2.963668,2952.071,4170.0,2952.071,5040.0
1762.056,89128.0,1762.056,-141557.0,1762.056,-41.0,1762.056,34.0,2935.962,3.025668,2952.572,4605.0,2952.572,4605.0
1762.408,36700.0,1762.408,-125829.0,1762.408,26.0,1762.408,138.0,2936.511,3.080508,2953.048,4605.0,2953.048,4605.0
1762.66,41943.0,1762.66,-152043.0,1762.66,49.0,1762.66,81.0,2936.957,-3.135018,2953.588,4605.0,2953.588,4605.0
1762.98,62914.0,1762.98,-136314.0,1762.98,101.0,1762.98,93.0,2937.47,-3.061045,2954.065,4605.0,2954.065,4605.0
