fecha utc,t_x,x,t_y,y,t_lat,lat,t_lon,lon,t_utm_zone,utm_zone,t_u,u_raw,t_v,v_raw,t_du,du_raw,t_dv,dv_raw,t_orientacion,orientacion_raw,t_theta,theta,t_T_L,throttle_L,t_T_R,throttle_R,t_Ah,Ah
2025-05-28 14:27:08,7.327,19.4494677,7.327,27.937857599999997,7.323,40.4370149,7.323,-3.7312836,6.972,30.0,7.327,-0.0298832,7.327,0.0597683,7.327,-0.07519819999999999,7.327,0.156256,7.326,-0.109462,7.327,-26.564322612449548,7.329,-1050.0,7.329,1110.0,8.588,0.153535
2025-05-28 14:27:08.250000,7.327,19.4494677,7.327,28.0394214,7.42,40.437014399999995,7.42,-3.7312816,7.329,30.0,7.327,-0.0298832,7.327,0.0597683,7.327,-0.07519819999999999,7.327,0.156256,7.326,-0.109462,7.327,-39.80539193770091,7.329,-1050.0,7.329,1110.0,8.588,0.153535
2025-05-28 14:27:08.500000,7.483,19.4299362,7.483,28.156610399999998,7.722,40.4370141,7.722,-3.7312803,7.484,30.0,7.483,-0.0498066,7.483,0.0597683,7.483,-0.046876799999999996,7.483,-0.0332044,7.641,-0.122781,7.483,-80.53915460912168,7.329,-1050.0,7.329,1110.0,8.588,0.153535
2025-05-28 14:27:09,7.813,19.3986858,7.813,28.289424599999997,8.12,40.4370137,8.12,-3.7312787999999997,7.966,30.0,7.813,-0.0597683,7.813,0.0099598,7.813,-0.1728582,7.813,0.2089924,7.641,-0.122781,7.813,-99.46084539087832,7.811,-945.0,7.811,1005.0,8.588,0.153535
2025-05-28 14:27:09.250000,8.416,19.3479039,8.416,28.316768699999997,8.417,40.4370137,8.417,-3.7312784,8.213,30.0,8.416,0.0199215,8.416,0.0199215,8.416,-0.0273448,8.416,0.034181,8.126,-0.109979,8.416,45.0,8.265,-930.0,8.265,990.0,8.588,0.153535
2025-05-28 14:27:09.750000,8.67,19.359622799999997,8.67,28.340206499999997,8.806,40.437013799999995,8.806,-3.7312781,8.71,30.0,8.67,0.0199215,8.67,-0.0099598,8.67,-0.0625024,8.67,-0.0224618,8.669,-0.097637,8.67,116.56286531642314,8.806,-930.0,8.806,1020.0,8.588,0.153535
2025-05-28 14:27:10,8.979,19.3791543,8.979,28.387082099999997,9.156,40.437014,9.156,-3.7312768999999997,8.98,30.0,8.979,0.0298832,8.979,0.0996132,8.979,-0.0517598,8.979,-0.0156256,8.669,-0.097637,8.979,16.698843188401863,8.806,-930.0,8.806,1020.0,8.588,0.153535
2025-05-28 14:27:10.250000,9.326,19.386966899999997,9.326,28.437863999999998,9.474,40.437014,9.474,-3.7312764,9.211,30.0,9.326,-0.0498066,9.326,0.0298832,9.326,-0.087894,9.326,0.0078128,9.158,-0.087141,9.326,-59.036886323396885,9.324,-930.0,9.324,990.0,8.588,0.153535
2025-05-28 14:27:10.750000,9.577,19.3986858,9.577,28.527708899999997,9.811,40.4370141,9.811,-3.731276,9.689,30.0,9.577,-0.0099598,9.577,0.0398449,9.577,-0.0644556,9.577,-0.0400406,9.627,-0.072807,9.577,-14.034314879877265,9.808,7854.0,9.808,9600.0,8.588,0.153535
2025-05-28 14:27:11,9.906,19.4064984,9.906,28.5667719,10.21,40.4370146,10.21,-3.7312749,9.936,30.0,9.906,0.06973,9.906,0.0398449,9.906,0.2304776,9.906,0.2207116,10.114,0.028876,9.906,60.255623090994234,9.808,7854.0,9.808,9600.0,8.588,0.153535
2025-05-28 14:27:11.500000,10.52,19.5197811,10.52,28.6175538,10.522,40.4370152,10.522,-3.7312741,10.52,30.0,10.52,0.3088051,10.52,0.0597683,10.52,-0.0498066,10.52,0.1816476,10.114,0.028876,10.52,75.25655041106653,10.262,7854.0,10.262,9600.0,8.588,0.153535
2025-05-28 14:27:11.750000,10.81,19.597907099999997,10.81,28.6878672,10.898,40.437016799999995,10.898,-3.7312718,10.704,30.0,10.81,0.38849680000000003,10.81,0.13946,10.81,-0.1298878,10.81,-0.1669986,10.63,0.166557,10.81,79.04601408505735,10.809,7854.0,10.809,9600.0,8.588,0.153535
2025-05-28 14:27:12,11.121,19.687752,11.121,28.789430999999997,11.217,40.4370176,11.217,-3.7312711,10.974,30.0,11.121,0.34865,11.121,0.0498066,11.121,-0.0839876,11.121,-0.0507832,11.125,0.304676,11.121,70.25321431279525,10.809,7854.0,10.809,9600.0,8.588,0.153535
2025-05-28 14:27:12.500000,11.402,19.8479103,11.402,28.879275899999996,11.557,40.4370182,11.557,-3.7312705999999998,11.458,30.0,11.402,0.3088051,11.402,0.1593834,11.402,-0.0556662,11.402,0.1552794,11.125,0.304676,11.402,81.86998507266561,11.254,7854.0,11.254,9600.0,8.588,0.153535
2025-05-28 14:27:12.750000,11.661,19.929942599999997,11.661,28.9886523,11.92,40.4370198,11.92,-3.7312692999999997,11.701,30.0,11.661,0.3984585,11.661,0.1294983,11.661,-0.0986366,11.661,0.1308644,11.66,0.45826,11.661,62.70040982922639,11.754,7854.0,11.754,9600.0,8.588,0.153535
2025-05-28 14:27:13.250000,11.966,20.027600099999997,11.966,29.0394342,12.297,40.4370206,12.297,-3.7312684999999997,12.178,30.0,11.966,0.5179951,11.966,0.0796917,11.966,-0.1162154,11.966,-0.0068362,12.116,0.622049,11.966,71.99593105931137,12.296,7854.0,12.296,9600.0,8.588,0.153535
2025-05-28 14:27:13.500000,12.562,20.2072899,12.562,29.0902161,12.662,40.437022,12.662,-3.7312662999999997,12.445,30.0,12.562,0.4084183,12.562,0.2390751,12.562,-0.1777412,12.562,0.07519819999999999,12.116,0.622049,12.562,81.25382194505653,12.296,7854.0,12.296,9600.0,8.588,0.153535
2025-05-28 14:27:13.750000,12.89,20.316666299999998,12.89,29.1566232,12.964,40.4370224,12.964,-3.7312648,12.677,30.0,12.89,0.3287266,12.89,0.2390751,12.89,-0.185554,12.89,0.0322278,12.664,0.799629,12.89,65.72553093371073,12.753,7854.0,12.753,9600.0,8.588,0.153535
2025-05-28 14:27:14.250000,13.157,20.3986986,13.157,29.2269366,13.355,40.4370231,13.355,-3.7312638,13.196,30.0,13.157,0.3984585,13.157,0.4283417,13.157,-0.0869174,13.157,0.2314542,13.156,1.007665,13.157,59.65664943420494,13.249,7854.0,13.249,9600.0,13.06,0.165522
2025-05-28 14:27:14.500000,13.46,20.4885435,13.46,29.4691272,13.664,40.4370244,13.664,-3.7312618,13.46,30.0,13.46,0.34865,13.46,0.38849680000000003,13.46,-0.0419938,13.46,0.28223739999999997,13.605,1.230239,13.46,53.9724887798609,13.249,7854.0,13.249,9600.0,13.06,0.165522
2025-05-28 14:27:15,13.799,20.5393254,13.799,29.5589721,13.999,40.4370246,13.999,-3.7312611999999996,13.925,30.0,13.799,0.2689583,13.799,0.48811,13.799,-0.361342,13.799,-0.0400406,13.605,1.230239,13.799,42.930048560711704,13.798,7854.0,13.798,9600.0,13.06,0.165522
2025-05-28 14:27:15.250000,14.052,20.5588569,14.052,29.6370981,14.4,40.4370252,14.4,-3.7312596,14.194,30.0,14.052,0.2888817,14.052,0.5080334,14.052,-0.209969,14.052,0.1533262,14.12,1.473298,14.052,41.90586234652063,14.247,7854.0,14.247,9600.0,13.06,0.165522
2025-05-28 14:27:15.750000,14.653,20.6565144,14.653,29.726943,14.699,40.4370255,14.699,-3.7312589,14.699,30.0,14.653,0.0597683,14.653,0.5379185,14.653,-0.2802842,14.653,0.0312512,14.652,1.731668,14.653,28.855636779310704,14.247,7854.0,14.247,9600.0,13.06,0.165522
2025-05-28 14:27:16,14.978,20.668233299999997,14.978,29.7777249,15.044,40.4370256,15.044,-3.7312588,14.979,30.0,14.978,-0.0996132,14.978,0.4482651,14.978,-0.3681782,14.978,0.190437,14.652,1.731668,14.978,29.62374557617702,14.747,7829.0,14.747,9600.0,13.06,0.165522
2025-05-28 14:27:16.250000,15.264,20.648701799999998,15.264,29.9183517,15.392,40.4370251,15.392,-3.7312581,15.188,30.0,15.264,-0.13946,15.264,0.4781502,15.264,-0.434587,15.264,0.0410172,15.096,1.984424,15.264,17.10269352577702,15.261,7829.0,15.261,9600.0,13.06,0.165522
2025-05-28 14:27:16.750000,15.553,20.6174514,15.553,29.9691336,15.795,40.4370249,15.795,-3.731258,15.688,30.0,15.553,-0.0996132,15.553,0.5179951,15.553,-0.3349738,15.553,0.205086,15.613,2.227406,15.553,6.340147321829886,15.793,7854.0,15.793,9600.0,13.06,0.165522
2025-05-28 14:27:17,15.881,20.547137999999997,15.881,29.9886651,16.132,40.4370245,16.132,-3.7312575999999997,15.95,30.0,15.881,-0.3088051,15.881,0.4084183,15.881,-0.4433764,15.881,0.0517598,15.613,2.227406,15.881,-12.528653426746756,15.793,7854.0,15.793,9600.0,13.06,0.165522
2025-05-28 14:27:17.250000,16.136,20.500262399999997,16.136,29.9886651,16.47,40.4370234,16.47,-3.7312567,16.189,30.0,16.136,-0.2888817,16.136,0.2888817,16.136,-0.2236414,16.136,0.16895179999999999,16.135,2.4685,16.136,-16.2601522523951,16.252,7854.0,16.252,9600.0,13.06,0.165522
2025-05-28 14:27:17.750000,16.79,20.3088537,16.79,30.039447,16.793,40.437022299999995,16.793,-3.7312575,16.685,30.0,16.79,-0.3187668,16.79,0.2589966,16.79,-0.2265712,16.79,-0.0273448,16.615,2.696139,16.79,-10.885394542714408,16.788,7854.0,16.788,9600.0,13.06,0.165522
2025-05-28 14:27:18,17.032,20.199477299999998,17.032,30.090228899999996,17.151,40.437019899999996,17.151,-3.7312585,16.916,30.0,17.032,-0.4084183,17.032,0.20919000000000001,17.032,0.0712918,17.032,0.0039064,17.086,2.919807,17.032,-37.09292829763882,16.788,7854.0,16.788,9600.0,13.06,0.165522
2025-05-28 14:27:18.500000,17.382,19.8986922,17.382,30.148823399999998,17.481,40.437018599999995,17.481,-3.7312589999999997,17.427,30.0,17.382,-0.4781502,17.382,0.0796917,17.382,-0.170905,17.382,0.0869174,17.086,2.919807,17.382,-45.0,17.24,7854.0,17.24,9600.0,13.06,0.165522
2025-05-28 14:27:18.750000,17.643,19.7385339,17.643,30.156636,17.874,40.4370172,17.874,-3.7312594,17.68,30.0,17.643,-0.6674168,17.643,0.0,17.643,0.1377006,17.643,-0.1054728,17.642,-3.141551,17.643,-61.18925869617568,17.734,7854.0,17.734,9600.0,17.556,0.180792
2025-05-28 14:27:19,17.951,19.609626,17.951,30.090228899999996,18.183,40.437014999999995,18.183,-3.7312602,17.953,30.0,17.951,-0.3984585,17.951,0.06973,17.951,-0.2949332,17.951,-0.0898472,18.101,-2.915578,17.951,-50.90629539617525,17.734,7854.0,17.734,9600.0,17.556,0.180792
2025-05-28 14:27:19.500000,18.279,19.5002496,18.279,30.066791099999996,18.579,40.4370141,18.579,-3.731261,18.441,30.0,18.279,-0.5080334,18.279,-0.13946,18.279,0.0507832,18.279,-0.0205086,18.101,-2.915578,18.279,-62.878681145762066,18.276,7805.0,18.276,9600.0,17.556,0.180792
2025-05-28 14:27:19.750000,18.889,19.0979007,18.889,29.957414699999998,18.891,40.437011399999996,18.891,-3.7312635999999997,18.676,30.0,18.889,-0.48811,18.889,-0.41838000000000003,18.889,-0.0263682,18.889,-0.351576,18.618,-2.68711,18.889,-80.53767779197439,18.741,7805.0,18.741,9600.0,17.556,0.180792
2025-05-28 14:27:20.250000,19.147,18.9768054,19.147,29.930070599999997,19.238,40.4370103,19.238,-3.7312648,19.173,30.0,19.147,-0.5179951,19.147,-0.2589966,19.147,0.1113324,19.147,-0.1796944,19.081,-2.45766,19.147,-90.0,19.238,7755.0,19.238,9600.0,17.556,0.180792
2025-05-28 14:27:20.500000,19.439,18.867428999999998,19.439,29.906632799999997,19.618,40.4370085,19.618,-3.7312673,19.44,30.0,19.439,-0.4383034,19.439,-0.3685734,19.439,0.0947302,19.439,-0.2568458,19.081,-2.45766,19.439,-80.07378762953446,19.238,7755.0,19.238,9600.0,17.556,0.180792
2025-05-28 14:27:20.750000,19.773,18.769771499999997,19.773,29.8675698,19.942,40.437008,19.942,-3.7312686,19.676,30.0,19.773,-0.3088051,19.773,-0.5179951,19.773,0.444353,19.773,0.092777,19.622,-2.229045,19.773,-105.35012086376592,19.77,7805.0,19.77,9600.0,17.556,0.180792
2025-05-28 14:27:21.250000,20.027,18.718989599999997,20.027,29.789443799999997,20.327,40.437007699999995,20.327,-3.7312697,20.152,30.0,20.027,-0.3187668,20.027,-0.48811,20.027,0.29298,20.027,-0.117192,20.077,-1.988321,20.027,-110.37639601601325,20.224,7805.0,20.224,9600.0,17.556,0.180792
2025-05-28 14:27:21.500000,20.336,18.656488799999998,20.336,29.578503599999998,20.631,40.4370073,20.631,-3.7312719,20.428,30.0,20.336,-0.1793049,20.336,-0.48811,20.336,0.3310674,20.336,0.1298878,20.63,-1.745959,20.336,-130.6012946450045,20.224,7805.0,20.224,9600.0,17.556,0.180792
2025-05-28 14:27:22,20.975,18.6369573,20.975,29.4691272,20.981,40.4370073,20.981,-3.7312733,20.978,30.0,20.975,-0.0099598,20.975,-0.5877251,20.975,0.4902532,20.975,0.3964996,20.63,-1.745959,20.975,-116.56496711291526,20.724,7780.0,20.724,9600.0,17.556,0.180792
2025-05-28 14:27:22.250000,21.275,18.6682077,21.275,29.379282299999996,21.353,40.4370079,21.353,-3.7312759,21.165,30.0,21.275,0.06973,21.275,-0.5578419,21.275,0.4062656,21.275,0.4218912,21.089,-1.482932,21.275,-130.06079107108755,21.271,7854.0,21.271,9600.0,17.556,0.180792
2025-05-28 14:27:22.500000,21.523,18.7072707,21.523,29.258187,21.67,40.437008299999995,21.67,-3.7312771999999996,21.439,30.0,21.523,0.1294983,21.523,-0.41838000000000003,21.523,0.581077,21.523,0.1962966,21.589,-1.216111,21.523,-149.19852718758193,21.271,7854.0,21.271,9600.0,17.556,0.180792
2025-05-28 14:27:23,21.862,18.7580526,21.862,29.148810599999997,22.016,40.437008899999995,22.016,-3.7312784,21.917,30.0,21.862,0.1892666,21.862,-0.38849680000000003,21.862,0.4922064,21.862,0.6308836,21.589,-1.216111,21.862,-146.85291482657692,21.723,7707.0,21.723,9600.0,17.556,0.180792
2025-05-28 14:27:23.250000,22.133,18.906492,22.133,28.9495893,22.373,40.4370105,22.373,-3.7312803999999997,22.161,30.0,22.133,0.2888817,22.133,-0.3088051,22.133,0.371108,22.133,0.4502126,22.132,-0.933827,22.133,-159.8294308066746,22.216,7805.0,22.216,9600.0,22.032,0.195893
2025-05-28 14:27:23.750000,22.434,19.0002432,22.434,28.867556999999998,22.768,40.4370116,22.768,-3.7312811999999997,22.664,30.0,22.434,0.38849680000000003,22.434,-0.3187668,22.434,0.5781472,22.434,0.483417,22.592,-0.631173,22.434,-173.15745067109984,22.766,45.0,22.766,6945.0,22.032,0.195893
2025-05-28 14:27:24,23.012,19.258059,23.012,28.750367999999998,23.096,40.4370139,23.096,-3.7312824,22.911,30.0,23.012,0.6076485,23.012,-0.20919000000000001,23.012,0.2509862,23.012,0.6181878,22.592,-0.631173,23.012,-179.02913813357344,22.766,45.0,22.766,6945.0,22.032,0.195893
2025-05-28 14:27:24.250000,23.354,19.457280299999997,23.354,28.629272699999998,23.431,40.4370147,23.431,-3.7312827,23.157,30.0,23.354,0.38849680000000003,23.354,-0.0597683,23.354,0.1093792,23.354,0.522481,23.099,-0.288751,23.354,172.87500766937,23.212,-615.0,23.212,2715.0,22.032,0.195893
2025-05-28 14:27:24.750000,23.623,19.5471252,23.623,28.527708899999997,23.817,40.4370155,23.817,-3.731283,23.637,30.0,23.623,0.2689583,23.623,-0.0796917,23.623,0.2421968,23.623,0.3213014,23.622,0.04649,23.623,162.80149270135882,23.716,-1020.0,23.716,900.0,22.032,0.195893
2025-05-28 14:27:25,23.929,19.597907099999997,23.929,28.418332499999998,24.122,40.437016,24.122,-3.7312838999999998,23.93,30.0,23.929,0.1892666,23.929,-0.1095749,23.929,0.2763778,23.929,0.5361534,24.07,0.293353,23.929,154.0257337863977,23.716,-1020.0,23.716,900.0,22.032,0.195893
2025-05-28 14:27:25.500000,24.265,19.609626,24.265,28.238642699999996,24.46,40.4370161,24.46,-3.7312844999999997,24.385,30.0,24.265,0.2191517,24.265,-0.0597683,24.265,0.0722684,24.265,0.4531424,24.07,0.293353,24.265,136.90920094944548,24.262,5550.0,24.262,-5550.0,22.032,0.195893
2025-05-28 14:27:25.750000,24.513,19.6174386,24.513,28.148797799999997,24.872,40.4370158,24.872,-3.7312857,24.653,30.0,24.513,0.1892666,24.513,0.0,24.513,0.200203,24.513,0.3984528,24.577,0.365416,24.513,129.3693344185016,24.708,900.0,24.708,-900.0,22.032,0.195893
2025-05-28 14:27:26,25.112,19.558844099999998,25.112,28.0902033,25.161,40.4370155,25.161,-3.7312871999999997,24.901,30.0,25.112,0.0199215,25.112,-0.2589966,25.112,0.1005898,25.112,0.1337942,25.061,0.264421,25.112,124.62418025080576,24.708,900.0,24.708,-900.0,22.032,0.195893
2025-05-28 14:27:26.500000,25.441,19.5197811,25.441,28.027702499999997,25.506,40.4370152,25.506,-3.7312879999999997,25.442,30.0,25.441,0.0298832,25.441,-0.1095749,25.441,0.1630922,25.441,0.1884838,25.061,0.264421,25.441,108.99661476939355,25.209,-960.0,25.209,960.0,22.032,0.195893
2025-05-28 14:27:26.750000,25.752,19.5197811,25.752,27.957389099999997,25.851,40.4370152,25.851,-3.7312889,25.66,30.0,25.752,0.0597683,25.752,-0.0996132,25.752,0.1132856,25.752,0.190437,25.571,0.21324,25.752,98.74609909306604,25.75,-990.0,25.75,990.0,22.032,0.195893
2025-05-28 14:27:27.250000,26.0,19.5197811,26.0,27.930044999999996,26.214,40.437014999999995,26.214,-3.7312895,26.146,30.0,26.0,0.0498066,26.0,-0.1294983,26.0,0.1064494,26.0,0.1630922,26.055,0.189359,26.0,106.50443028690918,26.212,-990.0,26.212,990.0,22.032,0.195893
2025-05-28 14:27:27.500000,26.338,19.4885307,26.338,27.8987946,26.61,40.4370149,26.61,-3.7312898999999997,26.395,30.0,26.338,0.0597683,26.338,-0.1593834,26.338,0.0253916,26.338,0.2060626,26.055,0.189359,26.338,120.06846945677762,26.212,-990.0,26.212,990.0,26.507,0.199591
2025-05-28 14:27:27.750000,26.613,19.4885307,26.613,27.848012699999998,26.945,40.4370147,26.945,-3.7312901999999997,26.66,30.0,26.613,0.0199215,26.613,-0.1095749,26.613,0.107426,26.613,0.2070392,26.612,0.182552,26.613,105.25503463889507,26.697,-960.0,26.697,960.0,26.507,0.199591
2025-05-28 14:27:28.250000,27.255,19.457280299999997,27.255,27.8089497,27.261,40.4370147,27.261,-3.7312906,27.147,30.0,27.255,0.0597683,27.255,-0.1494217,27.255,0.0957068,27.255,0.0722684,27.071,0.181014,27.255,90.0,27.253,-930.0,27.253,930.0,26.507,0.199591
2025-05-28 14:27:28.500000,27.513,19.437748799999998,27.513,27.699573299999997,27.602,40.4370141,27.602,-3.7312914999999998,27.394,30.0,27.513,0.0498066,27.513,-0.0996132,27.513,0.29298,27.513,0.1474666,27.552,0.180528,27.513,160.01685359366934,27.253,-930.0,27.253,930.0,26.507,0.199591
2025-05-28 14:27:29,27.838,19.3986858,27.838,27.5667591,27.969,40.4370137,27.969,-3.731292,27.909,30.0,27.838,-0.0099598,27.838,-0.1294983,27.838,0.014649,27.838,0.0722684,27.552,0.180528,27.838,175.60158392558446,27.697,2895.0,27.697,-2895.0,26.507,0.199591
2025-05-28 14:27:29.250000,28.108,19.289309399999997,28.108,27.500352,28.335,40.4370131,28.335,-3.7312928,28.138,30.0,28.108,-0.0099598,28.108,-0.1693432,28.108,0.13184099999999999,28.108,0.0810578,28.107,0.096278,28.108,164.7453016220727,28.194,1665.0,28.194,-1665.0,26.507,0.199591
2025-05-28 14:27:29.500000,28.412,19.2385275,28.412,27.4691016,28.654,40.4370123,28.654,-3.7312944,28.413,30.0,28.412,0.0298832,28.412,-0.1892666,28.412,-0.07519819999999999,28.412,0.07519819999999999,28.589,0.030258,28.412,149.0360827554113,28.194,1665.0,28.194,-1665.0,26.507,0.199591
2025-05-28 14:27:30,28.745,19.1877456,28.745,27.4300386,29.035,40.4370116,29.035,-3.7312955999999997,28.869,30.0,28.745,0.0099598,28.745,-0.1693432,28.745,-0.1523496,28.745,0.1425836,28.589,0.030258,28.745,158.9626579702321,28.742,-510.0,28.742,510.0,26.507,0.199591
2025-05-28 14:27:30.250000,29.351,19.058837699999998,29.351,27.3792567,29.353,40.437010799999996,29.353,-3.7312969,29.136,30.0,29.351,0.0,29.351,-0.1294983,29.351,-0.4375168,29.351,0.3447398,29.062,-0.020313,29.351,159.44410448348233,29.203,-7455.0,29.203,7575.0,26.507,0.199591
2025-05-28 14:27:30.750000,29.594,19.008055799999998,29.594,27.3284748,29.733,40.4370106,29.733,-3.7312973,29.636,30.0,29.594,0.0498066,29.594,-0.0796917,29.594,-0.023438399999999998,29.594,-0.1591858,29.593,-0.022402,29.594,169.69576552458804,29.732,-3975.0,29.732,8595.0,26.507,0.199591
2025-05-28 14:27:31,29.904,19.027587299999997,29.904,27.316755899999997,30.068,40.437010799999996,30.068,-3.7312973,29.906,30.0,29.904,0.1992283,29.904,-0.0099598,29.904,-0.1836008,29.904,-0.2754012,29.593,-0.022402,29.904,151.38947072623677,29.732,-3975.0,29.732,8595.0,26.507,0.199591
2025-05-28 14:27:31.250000,30.237,19.058837699999998,30.237,27.277692899999998,30.4,40.437011399999996,30.4,-3.7312966,30.138,30.0,30.237,0.2490349,30.237,0.13946,30.237,-0.0800812,30.237,0.1357474,30.07,0.264671,30.237,158.1987161267522,30.234,-975.0,30.234,5535.0,26.507,0.199591
2025-05-28 14:27:31.750000,30.541,19.0979007,30.541,27.250348799999998,30.787,40.4370118,30.787,-3.7312961,30.643,30.0,30.541,0.1992283,30.541,0.1294983,30.541,0.1054728,30.541,0.385757,30.546,0.703472,30.541,153.434948822922,30.683,1395.0,30.683,3315.0,26.507,0.199591
2025-05-28 14:27:32,30.792,19.1369637,30.792,27.2073795,31.135,40.4370125,31.135,-3.7312942999999996,30.884,30.0,30.792,0.2191517,30.792,0.1593834,30.792,-0.2714948,30.792,0.1259814,31.044,1.105834,30.792,-175.60200177570778,30.683,1395.0,30.683,3315.0,30.993,0.203101
2025-05-28 14:27:32.500000,31.433,19.218995999999997,31.433,27.0901905,31.435,40.4370125,31.435,-3.7312938,31.433,30.0,31.433,-0.0597683,31.433,0.1793049,31.433,-0.268565,31.433,0.1845774,31.044,1.105834,31.433,-176.63406691577092,31.187,5730.0,31.187,1920.0,30.993,0.203101
2025-05-28 14:27:32.750000,31.741,19.2268086,31.741,27.027689699999996,31.833,40.437012599999996,31.833,-3.7312935,31.629,30.0,31.741,0.0398449,31.741,0.0796917,31.741,0.1298878,31.741,-0.2109456,31.557,1.365373,31.741,171.02766874701052,31.74,4560.0,31.74,3300.0,30.993,0.203101
2025-05-28 14:27:33,31.979,19.2268086,31.979,26.969095199999998,32.13,40.4370128,32.13,-3.7312936,31.877,30.0,31.979,0.0,31.979,-0.0199215,31.979,-0.2754012,31.979,0.234384,32.033,1.444009,31.979,176.63406691577092,31.74,4560.0,31.74,3300.0,30.993,0.203101
2025-05-28 14:27:33.500000,32.315,19.250246399999998,32.315,26.8597188,32.474,40.4370129,32.474,-3.7312933,32.373,30.0,32.315,0.0796917,32.315,0.1095749,32.315,0.0078128,32.315,0.0761748,32.033,1.444009,32.315,174.29027248514885,32.184,2910.0,32.184,4860.0,30.993,0.203101
2025-05-28 14:27:33.750000,32.592,19.289309399999997,32.592,26.777686499999998,32.834,40.4370131,32.834,-3.7312933,32.604,30.0,32.592,0.06973,32.592,0.0896515,32.592,0.3095822,32.592,0.185554,32.591,1.38626,32.592,180.0,32.683,2880.0,32.683,4800.0,30.993,0.203101
2025-05-28 14:27:34.250000,32.897,19.289309399999997,32.897,26.719091999999996,33.23,40.4370133,33.23,-3.7312933999999998,33.12,30.0,32.897,0.0597683,32.897,0.1195366,32.897,-0.0078128,32.897,-0.029298,33.076,1.388891,32.897,147.994985163501,33.229,3810.0,33.229,4470.0,30.993,0.203101
2025-05-28 14:27:34.500000,33.48,19.316653499999997,33.48,26.719091999999996,33.565,40.4370134,33.565,-3.7312936,33.352,30.0,33.48,-0.0298832,33.48,-0.0199215,33.48,0.2207116,33.48,-0.0498066,33.076,1.388891,33.48,92.86194192864644,33.229,3810.0,33.229,4470.0,30.993,0.203101
2025-05-28 14:27:34.750000,33.829,19.3283724,33.829,26.7386235,33.887,40.4370135,33.887,-3.7312938,33.623,30.0,33.829,-0.0199215,33.829,0.1294983,33.829,-0.046876799999999996,33.829,-0.1132856,33.567,1.444918,33.829,60.751093797113064,33.679,4350.0,33.679,6270.0,30.993,0.203101
2025-05-28 14:27:35.250000,34.086,19.340091299999997,34.086,26.777686499999998,34.276,40.4370135,34.276,-3.7312939999999997,34.116,30.0,34.086,-0.0796917,34.086,0.2291134,34.086,-0.2705182,34.086,0.2627054,34.085,1.616374,34.086,56.97615165047328,34.172,7709.0,34.172,9600.0,30.993,0.203101
2025-05-28 14:27:35.500000,34.413,19.316653499999997,34.413,26.8089369,34.576,40.4370133,34.576,-3.7312946,34.415,30.0,34.413,-0.1195366,34.413,0.1693432,34.413,-0.2041094,34.413,-0.0312512,34.53,1.816043,34.413,53.97256754284998,34.172,7709.0,34.172,9600.0,30.993,0.203101
2025-05-28 14:27:36,34.718,19.3088409,34.718,26.969095199999998,34.933,40.437013199999996,34.933,-3.7312941,34.869,30.0,34.718,-0.0597683,34.718,0.3685734,34.718,-0.2910268,34.718,-0.3066524,34.53,1.816043,34.718,15.5240170563108,34.716,9600.0,34.716,147.0,30.993,0.203101
2025-05-28 14:27:36.250000,34.99,19.297121999999998,34.99,27.008158199999997,35.32,40.437013199999996,35.32,-3.7312936999999997,35.113,30.0,34.99,-0.1195366,34.99,0.2390751,34.99,-0.2773544,34.99,-0.3261844,35.022,1.870122,34.99,-18.43494882292201,35.167,9600.0,35.167,-7990.0,30.993,0.203101
2025-05-28 14:27:36.500000,35.573,19.3791543,35.573,27.039408599999998,35.619,40.4370139,35.619,-3.7312939,35.362,30.0,35.573,0.1693432,35.573,0.0597683,35.573,-0.1289112,35.573,-0.229501,35.572,1.549174,35.573,26.564504758817776,35.167,9600.0,35.167,-7990.0,35.49,0.210356
2025-05-28 14:27:37,35.889,19.4299362,35.889,27.027689699999996,35.978,40.437014399999995,35.978,-3.7312946,35.891,30.0,35.889,0.1494217,35.889,-0.0896515,35.889,0.107426,35.889,-0.0302746,35.572,1.549174,35.889,180.0,35.707,9600.0,35.707,-8031.0,35.49,0.210356
2025-05-28 14:27:37.250000,36.212,19.457280299999997,36.212,27.027689699999996,36.31,40.4370147,36.31,-3.7312955999999997,36.092,30.0,36.212,0.0298832,36.212,-0.3386883,36.212,0.1201218,36.212,-0.37501439999999997,36.03,1.035878,36.212,36.02766874701052,36.21,1680.0,36.21,3090.0,35.49,0.210356
2025-05-28 14:27:37.750000,36.483,19.4689992,36.483,27.058940099999997,36.711,40.437014999999995,36.711,-3.7312977999999997,36.61,30.0,36.483,-0.0099598,36.483,-0.1892666,36.483,0.1572326,36.483,-0.117192,36.538,0.648781,36.483,37.87540397622869,36.71,7020.0,36.71,-2340.0,35.49,0.210356
2025-05-28 14:27:38,36.808,19.5002496,36.808,27.058940099999997,37.052,40.4370149,37.052,-3.7312988999999996,36.861,30.0,36.808,0.0796917,36.808,-0.1593834,36.808,0.2480564,36.808,-0.0839876,36.538,0.648781,36.808,26.56505117707799,36.71,7020.0,36.71,-2340.0,35.49,0.210356
2025-05-28 14:27:38.250000,37.058,19.437748799999998,37.058,27.039408599999998,37.394,40.4370139,37.394,-3.731302,37.105,30.0,37.058,-0.0597683,37.058,-0.20919000000000001,37.058,0.6631114,37.058,-0.3115354,37.058,0.244868,37.058,29.744376909005773,37.159,3585.0,37.159,975.0,35.49,0.210356
2025-05-28 14:27:38.750000,37.714,19.3283724,37.714,27.027689699999996,37.717,40.4370135,37.717,-3.7313028,37.607,30.0,37.714,-0.0796917,37.714,-0.0597683,37.714,0.1259814,37.714,-0.444353,37.534,-0.063228,37.714,-123.68922684488243,37.712,-1740.0,37.712,8010.0,35.49,0.210356
2025-05-28 14:27:39,37.964,19.297121999999998,37.964,27.008158199999997,38.076,40.437013199999996,38.076,-3.7313033,37.836,30.0,37.964,-0.0099598,37.964,-0.0298832,37.964,0.09375359999999999,37.964,-0.3867336,38.013,-0.209961,37.964,-8.745593733600654,37.712,-1740.0,37.712,8010.0,35.49,0.210356
2025-05-28 14:27:39.500000,38.311,19.289309399999997,38.311,26.988626699999998,38.405,40.4370131,38.405,-3.7313039999999997,38.351,30.0,38.311,0.06973,38.311,-0.0597683,38.311,0.0810578,38.311,-0.4550956,38.013,-0.209961,38.311,-19.179026454686266,38.156,5295.0,38.156,2475.0,35.49,0.210356
2025-05-28 14:27:39.750000,38.571,19.2775905,38.571,26.9495637,38.807,40.437013,38.807,-3.7313039,38.583,30.0,38.571,-0.0498066,38.571,0.0,38.571,0.0459002,38.571,-0.1914136,38.569,-0.267296,38.571,-35.21764344585361,38.654,-570.0,38.654,600.0,35.49,0.210356
2025-05-28 14:27:40,38.898,19.258059,38.898,26.9495637,39.167,40.4370128,39.167,-3.7313036,38.901,30.0,38.898,0.0,38.898,0.0199215,38.898,-0.0312512,38.898,-0.1894604,39.011,-0.287975,38.898,-9.210972093591522,38.654,-570.0,38.654,600.0,35.49,0.210356
2025-05-28 14:27:40.500000,39.173,19.250246399999998,39.173,26.9769078,39.501,40.4370128,39.501,-3.7313034,39.351,30.0,39.173,0.0199215,39.173,0.0298832,39.173,-0.09375359999999999,39.173,-0.2236414,39.011,-0.287975,39.173,-26.56486903823692,39.171,-6105.0,39.171,6135.0,35.49,0.210356
2025-05-28 14:27:40.750000,39.812,19.258059,39.812,27.0198771,39.818,40.4370128,39.818,-3.7313033,39.598,30.0,39.812,0.0298832,39.812,0.0199215,39.812,0.078128,39.812,-0.180671,39.507,-0.260515,39.812,-10.124563587620347,39.665,-1365.0,39.665,1395.0,35.49,0.210356
2025-05-28 14:27:41.250000,40.059,19.258059,40.059,27.0003456,40.166,40.4370128,40.166,-3.7313034,40.099,30.0,40.059,0.0597683,40.059,0.0199215,40.059,0.0576194,40.059,-0.1894604,40.058,-0.173496,40.059,70.55993154592191,40.164,-945.0,40.164,975.0,39.962,0.213883
2025-05-28 14:27:41.500000,40.365,19.250246399999998,40.365,26.937844799999997,40.54,40.4370128,40.54,-3.7313034999999997,40.366,30.0,40.365,0.06973,40.365,0.0,40.365,-0.0136724,40.365,-0.1738348,40.058,-0.173496,40.365,120.96332796817121,40.164,-945.0,40.164,975.0,39.962,0.213883
2025-05-28 14:27:41.750000,40.699,19.258059,40.699,26.8597188,40.889,40.4370127,40.889,-3.7313042,40.599,30.0,40.699,0.06973,40.699,-0.0099598,40.699,0.0136724,40.699,-0.2656352,40.543,-0.099969,40.699,174.95772716162685,40.697,-3075.0,40.697,3075.0,39.962,0.213883
2025-05-28 14:27:42.250000,40.955,19.250246399999998,40.955,26.769873899999997,41.25,40.4370123,41.25,-3.7313047,41.09,30.0,40.955,0.0,40.955,0.0298832,40.955,0.0908238,40.955,0.0078128,41.006,-0.011126,40.955,-176.98769551842483,41.144,-690.0,41.144,720.0,39.962,0.213883
2025-05-28 14:27:42.500000,41.258,19.199464499999998,41.258,26.680028999999998,41.595,40.437011999999996,41.595,-3.7313050999999997,41.32,30.0,41.258,0.0498066,41.258,0.0796917,41.258,-0.0107426,41.258,-0.1201218,41.504,0.045146,41.258,153.434948822922,41.144,-690.0,41.144,720.0,39.962,0.213883
2025-05-28 14:27:43,41.898,19.0900881,41.898,26.4495573,41.903,40.437011299999995,41.903,-3.7313061999999997,41.9,30.0,41.898,-0.0099598,41.898,-0.0597683,41.898,0.0205086,41.898,-0.0908238,41.504,0.045146,41.898,-164.0546728308637,41.647,1950.0,41.647,-1950.0,39.962,0.213883
2025-05-28 14:27:43.250000,42.195,19.058837699999998,42.195,26.316743099999997,42.285,40.4370111,42.285,-3.7313064999999996,42.087,30.0,42.195,-0.0099598,42.195,-0.0398449,42.195,-0.1728582,42.195,-0.0058595999999999995,42.014,-0.029699,42.195,-149.5345674551724,42.193,-210.0,42.193,360.0,39.962,0.213883
2025-05-28 14:27:43.750000,42.461,19.0393062,42.461,26.2386171,42.592,40.4370105,42.592,-3.7313068,42.592,30.0,42.461,0.0,42.461,0.0,42.461,-0.0009766,42.461,-0.1816476,42.51,-0.087449,42.461,-126.8696790789568,42.193,-210.0,42.193,360.0,39.962,0.213883
2025-05-28 14:27:44,42.784,19.0002432,42.784,26.207366699999998,42.942,40.4370103,42.942,-3.7313071,42.84,30.0,42.784,0.0,42.784,0.0199215,42.784,0.1386772,42.784,-0.4072422,42.51,-0.087449,42.784,-161.56723695434442,42.643,1065.0,42.643,2985.0,39.962,0.213883
2025-05-28 14:27:44.250000,43.056,18.9689928,43.056,26.180022599999997,43.296,40.4370103,43.296,-3.7313072999999997,43.083,30.0,43.056,0.0298832,43.056,-0.0099598,43.056,0.29298,43.056,-0.1699284,43.0,-0.111559,43.056,130.60116607592994,43.136,8878.0,43.136,9600.0,39.962,0.213883
2025-05-28 14:27:44.750000,43.357,19.0002432,43.357,26.156584799999997,43.688,40.437010699999995,43.688,-3.7313080999999997,43.582,30.0,43.357,0.1693432,43.357,-0.0597683,43.357,0.0898472,43.357,-0.1396538,43.509,-0.112576,43.357,-90.0,43.687,7805.0,43.687,9600.0,39.962,0.213883
2025-05-28 14:27:45,43.948,19.058837699999998,43.948,26.1683037,44.014,40.437011,44.014,-3.7313085,43.84,30.0,43.948,0.2888817,43.948,-0.0597683,43.948,0.175788,43.948,-0.2968864,43.509,-0.112576,43.948,0.0,43.687,7805.0,43.687,9600.0,39.962,0.213883
2025-05-28 14:27:45.250000,44.272,19.1369637,44.272,26.180022599999997,44.347,40.4370124,44.347,-3.7313085999999998,44.062,30.0,44.272,0.34865,44.272,-0.0996132,44.272,-0.1425836,44.272,0.0605492,44.017,-0.105939,44.272,33.689226844882434,44.138,9600.0,44.138,5589.0,39.962,0.213883
2025-05-28 14:27:45.750000,44.551,19.2072771,44.551,26.1878352,44.697,40.437013,44.697,-3.7313088,44.578,30.0,44.551,0.3088051,44.551,-0.0996132,44.551,0.1289112,44.551,-0.2226648,44.55,-0.093736,44.551,90.0,44.631,9600.0,44.631,9018.0,44.458,0.219365
2025-05-28 14:27:46,44.857,19.2775905,44.857,26.207366699999998,45.05,40.4370137,45.05,-3.7313088999999997,44.858,30.0,44.857,0.2988434,44.857,-0.0996132,44.857,0.0459002,44.857,-0.1738348,45.008,-0.089399,44.857,56.310773155117566,44.631,9600.0,44.631,9018.0,44.458,0.219365
2025-05-28 14:27:46.500000,45.187,19.437748799999998,45.187,26.2190856,45.379,40.4370155,45.379,-3.7313091999999997,45.309,30.0,45.187,0.3984585,45.187,-0.06973,45.187,-0.15039639999999999,45.187,-0.0654322,45.008,-0.089399,45.187,71.56614402402059,45.184,9600.0,45.184,7805.0,44.458,0.219365
2025-05-28 14:27:46.750000,45.445,19.558844099999998,45.445,26.1878352,45.794,40.4370166,45.794,-3.7313096,45.577,30.0,45.445,0.4781502,45.445,-0.1693432,45.445,0.0371108,45.445,-0.2402436,45.508,-0.100604,45.445,90.0,45.631,9600.0,45.631,9103.0,44.458,0.219365
2025-05-28 14:27:47,46.091,19.789315799999997,46.091,26.180022599999997,46.093,40.437018699999996,46.093,-3.7313101,45.824,30.0,46.091,0.38849680000000003,46.091,-0.1494217,46.091,0.0107426,46.091,-0.0722684,45.995,-0.091752,46.091,98.12879094783034,45.631,9600.0,45.631,9103.0,44.458,0.219365
2025-05-28 14:27:47.500000,46.346,20.0471316,46.346,26.129240699999997,46.431,40.437019899999996,46.431,-3.7313104999999998,46.347,30.0,46.346,0.5080334,46.346,-0.1593834,46.346,-0.2011796,46.346,-0.1377006,45.995,-0.091752,46.346,0.0,46.128,9600.0,46.128,9217.0,44.458,0.219365
2025-05-28 14:27:47.750000,46.683,20.1799458,46.683,26.090177699999998,46.782,40.437021099999995,46.782,-3.7313104,46.57,30.0,46.683,0.5877251,46.683,-0.1793049,46.683,-0.1406304,46.683,-0.1728582,46.506,-0.076459,46.683,32.00501483649899,46.681,9600.0,46.681,8364.0,44.458,0.219365
2025-05-28 14:27:48.250000,46.93,20.316666299999998,46.93,26.0472084,47.134,40.4370237,47.134,-3.7313109,47.069,30.0,46.93,0.5080334,46.93,-0.1095749,46.93,-0.2109456,46.93,-0.1142622,46.984,-0.077701,46.93,71.56723695434444,47.133,9600.0,47.133,8658.0,44.458,0.219365
2025-05-28 14:27:48.500000,47.262,20.469012,47.262,25.9573635,47.53,40.4370249,47.53,-3.7313113999999996,47.347,30.0,47.262,0.5578419,47.262,-0.0996132,47.262,-0.004883,47.262,-0.068362,46.984,-0.077701,47.262,-170.53915460912168,47.133,9600.0,47.133,8658.0,44.458,0.219365
2025-05-28 14:27:48.750000,47.533,20.597919899999997,47.533,25.9300194,47.858,40.4370262,47.858,-3.7313118999999997,47.574,30.0,47.533,0.4980717,47.533,-0.2191517,47.533,-0.1523496,47.533,-0.0546896,47.532,-0.083044,47.533,-165.96568512012274,47.625,9600.0,47.625,8631.0,44.458,0.219365
2025-05-28 14:27:49.250000,48.174,21.0666759,48.174,25.9300194,48.179,40.4370291,48.179,-3.7313128,48.065,30.0,48.174,0.5379185,48.174,-0.3187668,48.174,0.136724,48.174,0.0908238,47.978,-0.085849,48.174,0.0,48.172,9600.0,48.172,8795.0,44.458,0.219365
2025-05-28 14:27:49.500000,48.437,21.2073027,48.437,25.9065816,48.53,40.4370304,48.53,-3.7313131999999998,48.314,30.0,48.437,0.5379185,48.437,-0.0896515,48.437,-0.0859408,48.437,-0.07519819999999999,48.486,-0.108426,48.437,0.0,48.172,9600.0,48.172,8795.0,44.458,0.219365
2025-05-28 14:27:49.750000,48.758,21.3479295,48.758,25.8792375,48.87,40.4370331,48.87,-3.7313144,48.816,30.0,48.758,0.5478802,48.758,-0.27892,48.758,-0.141607,48.758,-0.0361342,48.486,-0.108426,48.758,108.43276304565558,48.657,9600.0,48.657,9160.0,44.458,0.219365
2025-05-28 14:27:50.250000,49.024,21.5080878,49.024,25.840174499999996,49.269,40.4370344,49.269,-3.7313145,49.061,30.0,49.024,0.6574551,49.024,-0.3088051,49.024,-0.2578224,49.024,-0.0898472,49.022,-0.115836,49.024,109.4400684540781,49.115,9570.0,49.115,9600.0,48.934,0.235886
2025-05-28 14:27:50.500000,49.333,21.808872899999997,49.333,25.797205199999997,49.567,40.437036899999995,49.567,-3.7313148,49.334,30.0,49.333,0.6176102,49.333,-0.1793049,49.333,-0.0966834,49.333,-0.1250048,49.503,-0.081597,49.333,130.60116607592994,49.115,9570.0,49.115,9600.0,48.934,0.235886
2025-05-28 14:27:50.750000,49.662,21.929968199999998,49.662,25.769861099999996,49.954,40.437038099999995,49.954,-3.7313148999999997,49.816,30.0,49.662,0.5578419,49.662,-0.1892666,49.662,-0.0312512,49.662,-0.0361342,49.503,-0.081597,49.662,101.68930687017975,49.661,9600.0,49.661,9304.0,48.934,0.235886
2025-05-28 14:27:51.250000,50.262,22.1995029,50.262,25.769861099999996,50.263,40.437039299999995,50.263,-3.7313155,50.042,30.0,50.262,0.4582268,50.262,-0.1992283,50.262,-0.205086,50.262,-0.122075,49.996,-0.059412,50.262,105.94523094455599,50.111,9600.0,50.111,8961.0,48.934,0.235886
2025-05-28 14:27:51.750000,50.519,22.328410799999997,50.519,25.758142199999998,50.655,40.437041799999996,50.655,-3.7313159999999996,50.558,30.0,50.519,0.5578419,50.519,-0.0498066,50.519,-0.1230516,50.519,0.0166022,50.518,-0.033786,50.519,107.87846999510646,50.655,9600.0,50.655,9074.0,48.934,0.235886
2025-05-28 14:27:51.750000,50.845,22.4690376,50.845,25.7386107,50.998,40.4370431,50.998,-3.7313164999999997,50.845,30.0,50.845,0.6375336,50.845,-0.1195366,50.845,-0.1113324,50.845,-0.0654322,50.518,-0.033786,50.845,108.4347302560348,50.655,9600.0,50.655,9074.0,48.934,0.235886
2025-05-28 14:27:52.250000,51.161,22.7268534,51.161,25.7190792,51.33,40.4370441,51.33,-3.7313161999999997,51.054,30.0,51.161,0.5877251,51.161,-0.1494217,51.161,-0.1035196,51.161,-0.0507832,51.0,0.004581,51.161,99.92621237046554,51.16,9600.0,51.16,8767.0,48.934,0.235886
2025-05-28 14:27:52.750000,51.416,22.8401361,51.416,25.707360299999998,51.716,40.4370464,51.716,-3.7313159999999996,51.552,30.0,51.416,0.5678017,51.416,-0.0498066,51.416,-0.2168052,51.416,0.11914519999999999,51.484,0.030575,51.416,109.5022714956124,51.605,9600.0,51.605,7395.0,48.934,0.235886
2025-05-28 14:27:52.750000,51.721,22.9885755,51.721,25.6682973,52.055,40.4370477,52.055,-3.7313161999999997,51.785,30.0,51.721,0.6474934,51.721,-0.2390751,51.721,-0.1445368,51.721,-0.0253916,51.96,0.018613,51.721,107.74471920854658,51.605,9600.0,51.605,7395.0,48.934,0.235886
2025-05-28 14:27:53.500000,52.359,23.2502976,52.359,25.6487658,52.361,40.43705,52.361,-3.7313163,52.36,30.0,52.359,0.6474934,52.359,-0.2888817,52.359,-0.1425836,52.359,-0.1347708,51.96,0.018613,52.359,111.03749224823771,52.108,9600.0,52.108,7829.0,48.934,0.235886
2025-05-28 14:27:53.750000,52.658,23.469050399999997,52.658,25.5979839,52.749,40.4370508,52.749,-3.7313159,52.549,30.0,52.658,0.4582268,52.658,-0.0896515,52.658,-0.1552794,52.658,-0.1640688,52.515,-0.006555,52.658,107.41800904329261,52.657,9600.0,52.657,8260.0,48.934,0.235886
2025-05-28 14:27:53.750000,52.906,23.609677199999997,52.906,25.5979839,53.103,40.437052099999995,53.103,-3.7313161,52.807,30.0,52.906,0.5279568,52.906,-0.0896515,52.906,-0.112309,52.906,-0.2324308,52.96,-0.039306,52.906,106.96605332923454,52.657,9600.0,52.657,8260.0,48.934,0.235886
2025-05-28 14:27:54.500000,53.237,23.758116599999997,53.237,25.566733499999998,53.399,40.4370547,53.399,-3.7313172,53.296,30.0,53.237,0.6375336,53.237,-0.2490349,53.237,-0.312512,53.237,-0.1240282,52.96,-0.039306,53.237,102.17135783806242,53.105,9600.0,53.105,8577.0,48.934,0.235886
2025-05-28 14:27:54.750000,53.521,23.898743399999997,53.521,25.558920899999997,53.757,40.4370559,53.757,-3.7313175,53.546,30.0,53.521,0.6076485,53.521,-0.27892,53.521,-0.0791046,53.521,-0.346693,53.52,-0.062025,53.521,100.12452981690807,53.6,9600.0,53.6,8234.0,53.427,0.251924
2025-05-28 14:27:55.250000,53.843,24.039370199999997,53.843,25.508138999999996,54.146,40.437058799999996,54.146,-3.7313178,54.055,30.0,53.843,0.5976868,53.843,-0.1095749,53.843,-0.1132856,53.843,-0.0107426,53.96,-0.093033,53.843,113.74950914212029,54.145,8906.0,54.145,9600.0,53.427,0.251924
2025-05-28 14:27:55.500000,54.413,24.519845099999998,54.413,25.4768886,54.493,40.4370602,54.493,-3.7313178999999996,54.292,30.0,54.413,0.5379185,54.413,-0.1593834,54.413,-0.463885,54.413,0.0214852,53.96,-0.093033,54.413,111.2973731259256,54.145,8906.0,54.145,9600.0,53.427,0.251924
2025-05-28 14:27:55.750000,54.744,24.6995349,54.744,25.398762599999998,54.805,40.437061799999995,54.805,-3.7313177,54.523,30.0,54.744,0.6873402,54.744,-0.3187668,54.744,-0.185554,54.744,-0.1386772,54.506,-0.111282,54.744,120.6506901465356,54.6,7979.0,54.6,9600.0,53.427,0.251924
2025-05-28 14:27:56.250000,55.017,24.8596932,55.017,25.3596996,55.193,40.437064899999996,55.193,-3.7313178,55.04,30.0,55.017,0.5379185,55.017,-0.1494217,55.017,0.0,55.017,-0.107426,54.953,-0.076118,55.017,99.4621581190172,55.104,9600.0,55.104,8631.0,53.427,0.251924
2025-05-28 14:27:56.250000,55.308,25.039382999999997,55.308,25.3167303,55.517,40.4370666,55.517,-3.7313175999999997,55.309,30.0,55.308,0.5976868,55.308,-0.0896515,55.308,-0.21973499999999999,55.308,-0.2607522,55.458,-0.054914,55.308,116.98016186031043,55.104,9600.0,55.104,8631.0,53.427,0.251924
2025-05-28 14:27:56.750000,55.65,25.3870437,55.65,25.2698547,55.845,40.437069699999995,55.845,-3.731318,55.793,30.0,55.65,0.6474934,55.65,-0.2988434,55.65,-0.3603654,55.65,-0.1455134,55.458,-0.054914,55.65,115.15933274638905,55.649,8961.0,55.649,9600.0,53.427,0.251924
2025-05-28 14:27:57.250000,55.9,25.566733499999998,55.9,25.2190728,56.254,40.4370708,56.254,-3.7313175,56.036,30.0,55.9,0.6574551,55.9,-0.1793049,55.9,-0.1914136,55.9,-0.0742216,55.966,-0.025538,55.9,106.18909613472391,56.1,9600.0,56.1,7610.0,53.427,0.251924
2025-05-28 14:27:57.250000,56.495,25.847987099999997,56.495,25.226885399999997,56.542,40.437072199999996,56.542,-3.7313174,56.284,30.0,56.495,0.6375336,56.495,-0.0298832,56.495,-0.2890736,56.495,-0.0947302,56.463,-0.012529,56.495,108.74123106823932,56.1,9600.0,56.1,7610.0,53.427,0.251924
2025-05-28 14:27:57.750000,56.805,25.988613899999997,56.805,25.2190728,56.89,40.437074599999995,56.89,-3.7313174,56.806,30.0,56.805,0.6574551,56.805,-0.1494217,56.805,-0.322278,56.805,-0.0761748,56.463,-0.012529,56.805,114.65585022763253,56.592,9600.0,56.592,7586.0,53.427,0.251924
2025-05-28 14:27:58,57.139,26.250335999999997,57.139,25.1682909,57.251,40.437075799999995,57.251,-3.7313183999999997,57.032,30.0,57.139,0.5678017,57.139,-0.1593834,57.139,-0.1113324,57.139,-0.190437,56.947,-0.024389,57.139,113.49848749234467,57.138,9600.0,57.138,7829.0,53.427,0.251924
2025-05-28 14:27:58.500000,57.401,26.367524999999997,57.401,25.137040499999998,57.641,40.4370781,57.641,-3.7313199,57.545,30.0,57.401,0.6176102,57.401,-0.2689583,57.401,-0.2255946,57.401,-0.0566428,57.463,-0.050412,57.401,95.10209265045975,57.64,9600.0,57.64,9510.0,53.427,0.251924
2025-05-28 14:27:58.750000,57.753,26.508151799999997,57.753,25.129227899999997,57.984,40.437079,57.984,-3.7313205999999997,57.781,30.0,57.753,0.5578419,57.753,-0.2888817,57.753,-0.1406304,57.753,-0.1093792,57.463,-0.050412,57.753,100.61957279829821,57.64,9600.0,57.64,9510.0,57.893,0.267611
2025-05-28 14:27:59,57.99,26.609715599999998,57.99,25.109696399999997,58.329,40.437080099999996,58.329,-3.7313221999999997,58.033,30.0,57.99,0.5379185,57.99,-0.0796917,57.99,-0.4326338,57.99,0.0029297999999999998,57.989,-0.066898,57.99,104.26451819572421,58.086,9600.0,58.086,8850.0,57.893,0.267611
2025-05-28 14:27:59.500000,58.63,26.9769078,58.63,25.1487594,58.632,40.4370824,58.632,-3.7313243,58.527,30.0,58.63,0.5578419,58.63,-0.1095749,58.63,-0.1181686,58.63,0.0556662,58.456,-0.056325,58.63,95.01305701041679,58.629,9600.0,58.629,8685.0,57.893,0.267611
2025-05-28 14:27:59.750000,58.887,27.078471599999997,58.887,25.129227899999997,59.032,40.4370833,59.032,-3.7313245999999998,58.76,30.0,58.887,0.5478802,58.887,-0.0796917,58.887,-0.302746,58.887,-0.0507832,58.94,-0.058604,58.887,110.26574527246667,58.629,9600.0,58.629,8685.0,57.893,0.267611
2025-05-28 14:28:00.250000,59.192,27.180035399999998,59.192,25.109696399999997,59.332,40.437085599999996,59.332,-3.7313254,59.28,30.0,59.192,0.5379185,59.192,-0.0597683,59.192,-0.1279346,59.192,-0.0380874,58.94,-0.058604,59.192,111.47681386874628,59.082,9600.0,59.082,9188.0,57.893,0.267611
2025-05-28 14:28:00.500000,59.49,27.340193699999997,59.49,25.090164899999998,59.72,40.437086799999996,59.72,-3.7313262,59.525,30.0,59.49,0.6275719,59.49,-0.2589966,59.49,-0.2578224,59.49,-0.2119222,59.488,-0.055007,59.49,114.04422542656107,59.577,9600.0,59.577,8961.0,57.893,0.267611
2025-05-28 14:28:00.750000,59.799,27.4691016,59.799,25.129227899999997,60.03,40.4370879,60.03,-3.7313269,59.801,30.0,59.799,0.5678017,59.799,-0.1793049,59.799,-0.1259814,59.799,-0.0302746,59.935,-0.049979,59.799,101.0700135580959,59.577,9600.0,59.577,8961.0,57.893,0.267611
2025-05-28 14:28:01.250000,60.123,27.726917399999998,60.123,25.117509,60.423,40.43709,60.423,-3.7313281,60.289,30.0,60.123,0.5478802,60.123,-0.2689583,60.123,-0.371108,60.123,-0.0615258,59.935,-0.049979,60.123,99.63737551143487,60.122,9600.0,60.122,8712.0,57.893,0.267611
2025-05-28 14:28:01.500000,60.74,27.930044999999996,60.74,25.090164899999998,60.742,40.4370909,60.742,-3.7313278999999997,60.522,30.0,60.74,0.5976868,60.74,-0.1593834,60.74,-0.2158286,60.74,0.0771514,60.461,-0.044846,60.74,111.33672966120321,60.573,9600.0,60.573,7562.0,57.893,0.267611
2025-05-28 14:28:02,60.993,28.0394214,60.993,25.019851499999998,61.083,40.437093,61.083,-3.7313281999999997,61.018,30.0,60.993,0.5777634,60.993,-0.3088051,60.993,-0.2060626,60.993,-0.0078128,60.931,-0.049413,60.993,114.65585022763253,61.082,9600.0,61.082,8631.0,57.893,0.267611
2025-05-28 14:28:02.250000,61.294,28.156610399999998,61.294,25.0081326,61.46,40.4370942,61.46,-3.7313289,61.295,30.0,61.294,0.5976868,61.294,-0.0796917,61.294,-0.3769676,61.294,-0.0136724,60.931,-0.049413,61.294,100.38876383356153,61.082,9600.0,61.082,8631.0,57.893,0.267611
2025-05-28 14:28:02.500000,61.62,28.367550599999998,61.62,24.969069599999997,61.793,40.4370949,61.793,-3.7313297999999997,61.524,30.0,61.62,0.5976868,61.62,-0.2191517,61.62,-0.1933668,61.62,-0.0742216,61.465,-0.070335,61.62,101.12911577433427,61.619,9600.0,61.619,9074.0,57.893,0.267611
2025-05-28 14:28:03,61.876,28.476926999999996,61.876,24.969069599999997,62.172,40.437097,62.172,-3.7313319999999996,62.017,30.0,61.876,0.7072636,61.876,-0.2689583,61.876,-0.185554,61.876,-0.11914519999999999,61.927,-0.066921,61.876,106.50437516274111,62.067,9600.0,62.067,8631.0,57.893,0.267611
2025-05-28 14:28:03.250000,62.179,28.598022299999997,62.179,24.9768822,62.487,40.4370976,62.487,-3.7313319,62.263,30.0,62.179,0.6176102,62.179,-0.1793049,62.179,-0.1279346,62.179,-0.23829039999999999,62.486,-0.067148,62.179,114.88038952813054,62.067,9600.0,62.067,8631.0,62.375,0.283767
2025-05-28 14:28:03.750000,62.821,28.719117599999997,62.821,24.9573507,62.826,40.4370981,62.826,-3.7313315,62.824,30.0,62.821,0.5578419,62.821,-0.20919000000000001,62.821,-0.1455134,62.821,-0.0800812,62.486,-0.067148,62.821,105.52410055900518,62.57,9600.0,62.57,8767.0,62.375,0.283767
2025-05-28 14:28:04,63.117,28.930057799999997,63.117,24.9768822,63.2,40.4370999,63.2,-3.7313327999999997,63.029,30.0,63.117,0.5777634,63.117,-0.2291134,63.117,-0.0839876,63.117,-0.0361342,62.947,-0.06977,63.117,98.53062310517825,63.116,9600.0,63.116,8712.0,62.375,0.283767
2025-05-28 14:28:04.250000,63.378,29.047246799999996,63.378,24.9378192,63.53,40.437101,63.53,-3.7313334,63.259,30.0,63.378,0.6076485,63.378,-0.1992283,63.378,-0.2119222,63.378,-0.0605492,63.442,-0.070849,63.378,114.77516189242075,63.116,9600.0,63.116,8712.0,62.375,0.283767
2025-05-28 14:28:04.750000,63.707,29.1566232,63.707,24.9573507,63.865,40.437102499999995,63.865,-3.7313340999999998,63.763,30.0,63.707,0.48811,63.707,-0.2888817,63.707,-0.4072422,63.707,-0.087894,63.442,-0.070849,63.707,105.25503463889507,63.566,9600.0,63.566,8658.0,62.375,0.283767
2025-05-28 14:28:05,63.969,29.2074051,63.969,25.0081326,64.216,40.4371036,64.216,-3.7313349,64.03,30.0,63.969,0.5777634,63.969,-0.38849680000000003,63.969,-0.249033,63.969,0.1933668,63.922,-0.072898,63.969,98.13010235415598,64.063,9600.0,64.063,8712.0,62.375,0.283767
2025-05-28 14:28:05.500000,64.286,29.340219299999998,64.286,25.0081326,64.607,40.4371047,64.607,-3.7313354,64.507,30.0,64.286,0.6176102,64.286,-0.13946,64.286,-0.4082188,64.286,-0.1113324,64.435,-0.065057,64.286,92.6836686716342,64.607,9600.0,64.607,8658.0,62.375,0.283767
2025-05-28 14:28:05.750000,64.863,29.617566599999996,64.863,25.0276641,64.945,40.437106199999995,64.945,-3.7313357,64.761,30.0,64.863,0.5877251,64.863,-0.1992283,64.863,-0.0517598,64.863,-0.023438399999999998,64.435,-0.065057,64.863,102.80427322202314,64.607,9600.0,64.607,8658.0,62.375,0.283767
2025-05-28 14:28:06,65.214,29.699598899999998,65.214,24.918287699999997,65.26,40.437106899999996,65.26,-3.7313354999999997,65.004,30.0,65.214,0.6375336,65.214,-0.2689583,65.214,-0.3261844,65.214,-0.1923902,64.95,-0.052352,65.214,105.67956777343169,65.056,9600.0,65.056,8312.0,62.375,0.283767
2025-05-28 14:28:06.500000,65.47,29.816787899999998,65.47,24.879224699999998,65.648,40.437109,65.648,-3.7313370999999997,65.506,30.0,65.47,0.4980717,65.47,-0.1494217,65.47,-0.2285244,65.47,0.0273448,65.467,-0.044949,65.47,113.53227208889331,65.557,9600.0,65.557,8182.0,62.375,0.283767
2025-05-28 14:28:06.750000,65.772,29.930070599999997,65.772,24.797192399999997,65.971,40.4371101,65.971,-3.7313378999999998,65.773,30.0,65.772,0.5777634,65.772,-0.2390751,65.772,0.0351576,65.772,0.0908238,65.919,-0.038779,65.772,117.37764506585155,65.557,9600.0,65.557,8182.0,62.375,0.283767
2025-05-28 14:28:07.250000,66.108,30.187886399999996,66.108,24.7385979,66.302,40.4371113,66.302,-3.7313389999999997,66.248,30.0,66.108,0.6474934,66.108,-0.3088051,66.108,-0.1162154,66.108,0.029298,65.919,-0.038779,66.108,98.42697635592533,66.106,9600.0,66.106,8182.0,62.375,0.283767
2025-05-28 14:28:07.500000,66.372,30.328513199999996,66.372,24.5979711,66.703,40.437113499999995,66.703,-3.7313397,66.5,30.0,66.372,0.6574551,66.372,-0.2589966,66.372,-0.0869174,66.372,0.0019532,66.426,-0.036338,66.372,107.30044419874167,66.551,9600.0,66.551,8106.0,62.375,0.283767
2025-05-28 14:28:07.750000,66.968,30.547265999999997,66.968,24.4300002,67.046,40.4371145,67.046,-3.7313397999999998,66.788,30.0,66.968,0.5279568,66.968,0.0398449,66.968,0.156256,66.968,-0.2998162,66.966,-0.043507,66.968,101.11292309931574,66.551,9600.0,66.551,8106.0,66.865,0.299554
2025-05-28 14:28:08.250000,67.265,30.6800802,67.265,24.398749799999997,67.351,40.4371169,67.351,-3.7313408,67.265,30.0,67.265,0.5578419,67.265,-0.1693432,67.265,0.1669986,67.265,-0.0419938,66.966,-0.043507,67.265,98.27589636489253,67.049,9600.0,67.049,8080.0,66.865,0.299554
2025-05-28 14:28:08.500000,67.597,30.816800699999998,67.597,24.398749799999997,67.696,40.4371179,67.696,-3.7313414999999996,67.478,30.0,67.597,0.5080334,67.597,-0.2291134,67.597,-0.0068362,67.597,-0.1250048,67.42,-0.063219,67.597,96.34014732182989,67.596,9600.0,67.596,8182.0,66.865,0.299554
2025-05-28 14:28:09,67.849,31.090241699999996,67.849,24.328436399999998,68.099,40.4371193,68.099,-3.7313425,67.995,30.0,67.849,0.6474934,67.849,-0.2988434,67.849,0.0791046,67.849,-0.1914136,67.905,-0.093888,67.849,112.42575840223088,68.098,9600.0,68.098,8550.0,66.865,0.299554
2025-05-28 14:28:09.250000,68.192,31.2269622,68.192,24.2698419,68.457,40.4371217,68.457,-3.731344,68.248,30.0,68.192,0.5678017,68.192,-0.1693432,68.192,0.0918004,68.192,-0.0556662,67.905,-0.093888,68.192,107.52548579173245,68.098,9600.0,68.098,8550.0,66.865,0.299554
2025-05-28 14:28:09.500000,68.467,31.3402449,68.467,24.109683599999997,68.782,40.4371228,68.782,-3.7313448,68.499,30.0,68.467,0.48811,68.467,-0.2888817,68.467,0.1298878,68.467,-0.07519819999999999,68.464,-0.11586,68.467,116.14675099101117,68.549,9600.0,68.549,8658.0,66.865,0.299554
2025-05-28 14:28:10,69.095,31.598060699999998,69.095,24.109683599999997,69.098,40.4371252,69.098,-3.7313462,68.989,30.0,69.095,0.5877251,69.095,-0.2191517,69.095,0.1035196,69.095,-0.21973499999999999,68.9,-0.129976,69.095,96.54627628949268,69.094,9600.0,69.094,9188.0,66.865,0.299554
2025-05-28 14:28:10.250000,69.396,31.8675954,69.396,24.117496199999998,69.447,40.4371264,69.447,-3.7313468,69.237,30.0,69.396,0.5478802,69.396,-0.2589966,69.396,0.034181,69.396,-0.0761748,69.411,-0.125734,69.396,104.93143985101995,69.094,9600.0,69.094,9188.0,66.865,0.299554
2025-05-28 14:28:10.750000,69.682,32.0199411,69.682,24.0979647,69.794,40.4371277,69.794,-3.7313473,69.739,30.0,69.682,0.6375336,69.682,-0.20919000000000001,69.682,0.141607,69.682,0.0009766,69.411,-0.125734,69.682,118.1237758118148,69.545,9600.0,69.545,9392.0,66.865,0.299554
2025-05-28 14:28:11,69.959,32.1683805,69.959,24.0979647,70.182,40.4371304,70.182,-3.7313484999999997,69.985,30.0,69.959,0.5976868,69.959,-0.1593834,69.959,0.0517598,69.959,-0.317395,69.899,-0.098359,69.959,97.59465529908289,70.038,9600.0,70.038,9074.0,66.865,0.299554
2025-05-28 14:28:11.250000,70.259,32.3090073,70.259,23.9573379,70.499,40.437132,70.499,-3.7313495,70.26,30.0,70.259,0.6375336,70.259,-0.34865,70.259,0.302746,70.259,-0.1679752,70.408,-0.061127,70.259,110.13629272469161,70.038,9600.0,70.038,9074.0,66.865,0.299554
2025-05-28 14:28:11.750000,70.591,32.500415999999994,70.591,23.8401489,70.884,40.4371334,70.884,-3.7313503999999997,70.715,30.0,70.591,0.7570702,70.591,-0.3187668,70.591,0.2509862,70.591,-0.1005898,70.408,-0.061127,70.591,110.82081519972014,70.59,9600.0,70.59,8286.0,66.865,0.299554
2025-05-28 14:28:12,71.184,32.8793271,71.184,23.7698355,71.186,40.437135399999995,71.186,-3.7313509999999996,70.997,30.0,71.184,0.5777634,71.184,-0.3187668,71.184,0.0224618,71.184,-0.0332044,70.91,-0.038259,71.184,106.18909613472391,71.041,9600.0,71.041,8157.0,66.865,0.299554
2025-05-28 14:28:12.500000,71.456,32.937921599999996,71.456,23.777648099999997,71.587,40.437135999999995,71.587,-3.7313506999999997,71.481,30.0,71.456,0.5976868,71.456,-0.27892,71.456,-0.0449236,71.456,-0.0351576,71.454,-0.031496,71.456,109.9830267531163,71.586,9600.0,71.586,8106.0,71.344,0.315565
2025-05-28 14:28:12.750000,71.748,33.059016899999996,71.748,23.808898499999998,71.937,40.4371383,71.937,-3.7313517,71.749,30.0,71.748,0.4980717,71.748,-0.1892666,71.748,-0.0283214,71.748,-0.034181,71.454,-0.031496,71.748,110.55598106116263,71.586,9600.0,71.586,8106.0,71.344,0.315565
2025-05-28 14:28:13,72.055,33.1879248,72.055,23.707334699999997,72.243,40.4371394,72.243,-3.7313524,71.978,30.0,72.055,0.5179951,72.055,-0.3187668,72.055,0.0380874,72.055,0.004883,71.943,-0.044507,72.055,111.63091490828243,72.052,9600.0,72.052,8234.0,71.344,0.315565
2025-05-28 14:28:13.500000,72.347,33.4496469,72.347,23.6487402,72.593,40.4371417,72.593,-3.7313528,72.481,30.0,72.347,0.5877251,72.347,-0.0996132,72.347,-0.0087894,72.347,-0.1982498,72.413,-0.06077,72.347,108.15264489378933,72.544,9600.0,72.544,9510.0,71.344,0.315565
2025-05-28 14:28:13.750000,72.674,33.5668359,72.674,23.590145699999997,72.984,40.4371429,72.984,-3.7313533999999997,72.733,30.0,72.674,0.5080334,72.674,-0.20919000000000001,72.674,-0.053713,72.674,-0.0654322,72.893,-0.059333,72.674,120.61862900497157,72.544,9600.0,72.544,9510.0,71.344,0.315565
2025-05-28 14:28:14.250000,73.28,33.828557999999994,73.28,23.590145699999997,73.282,40.437143999999996,73.282,-3.7313538,73.281,30.0,73.28,0.4582268,73.28,-0.1693432,73.28,-0.0029297999999999998,73.28,0.0498066,72.893,-0.059333,73.28,123.91747975362178,73.035,9600.0,73.035,8961.0,71.344,0.315565
2025-05-28 14:28:14.500000,73.574,33.949653299999994,73.574,23.5276449,73.659,40.4371461,73.659,-3.7313544999999997,73.458,30.0,73.574,0.5379185,73.574,-0.0996132,73.574,-0.1396538,73.574,0.15039639999999999,73.398,-0.057642,73.574,102.72432322505733,73.573,9600.0,73.573,8906.0,71.344,0.315565
2025-05-28 14:28:14.750000,73.833,34.059029699999996,73.833,23.4885819,73.979,40.4371472,73.979,-3.7313549,73.705,30.0,73.833,0.4582268,73.833,-0.2291134,73.833,-0.1152388,73.833,0.0371108,73.885,-0.05091,73.833,110.43275488909563,73.573,9600.0,73.573,8906.0,71.344,0.315565
2025-05-28 14:28:15.250000,74.162,34.3285644,74.162,23.4573315,74.345,40.437149999999995,74.345,-3.7313558,74.218,30.0,74.162,0.6375336,74.162,-0.2689583,74.162,-0.0351576,74.162,0.0273448,73.885,-0.05091,74.162,108.7257399757156,74.046,9600.0,74.046,8604.0,71.344,0.315565
2025-05-28 14:28:15.500000,74.431,34.4887227,74.431,23.476862999999998,74.681,40.4371514,74.681,-3.7313560999999997,74.47,30.0,74.431,0.6275719,74.431,-0.1892666,74.431,-0.0869174,74.431,0.122075,74.43,-0.043857,74.431,112.87357459315204,74.569,9600.0,74.569,8658.0,71.344,0.315565
2025-05-28 14:28:16,74.754,34.648880999999996,74.754,23.406549599999998,75.067,40.4371527,75.067,-3.7313563,74.973,30.0,74.754,0.6176102,74.754,-0.2291134,74.754,-0.258799,74.754,-0.059572599999999996,74.887,-0.03775,74.754,106.69926428599952,75.066,9600.0,75.066,8658.0,71.344,0.315565
2025-05-28 14:28:16.250000,75.339,35.090292899999994,75.339,23.3401425,75.422,40.437155399999995,75.422,-3.7313571,75.221,30.0,75.339,0.6574551,75.339,-0.0498066,75.339,0.0507832,75.339,0.0527364,74.887,-0.03775,75.339,112.47948432351173,75.066,9600.0,75.066,8658.0,71.344,0.315565
2025-05-28 14:28:16.750000,75.661,35.2699827,75.661,23.1799842,75.737,40.437157,75.737,-3.7313574,75.737,30.0,75.661,0.6375336,75.661,-0.20919000000000001,75.661,0.2412202,75.661,0.0058595999999999995,75.425,-0.036991,75.661,115.49759153159708,75.518,9600.0,75.518,8658.0,71.344,0.315565
2025-05-28 14:28:17,75.925,35.4379536,75.925,23.097951899999998,76.123,40.43716,76.123,-3.7313593,75.967,30.0,75.925,0.5877251,75.925,-0.3088051,75.925,0.1601624,75.925,0.2373138,75.892,-0.032374,75.925,111.5013691709775,76.02,9600.0,76.02,8631.0,75.827,0.331513
2025-05-28 14:28:17.250000,76.242,35.5981119,76.242,23.1096708,76.428,40.437161599999996,76.428,-3.7313601,76.243,30.0,76.242,0.5678017,76.242,-0.2888817,76.242,0.1982498,76.242,0.122075,76.427,-0.024423,76.242,94.48450996375873,76.02,9600.0,76.02,8631.0,75.827,0.331513
2025-05-28 14:28:17.750000,76.563,35.7778017,76.563,23.1096708,76.776,40.4371631,76.776,-3.7313608,76.718,30.0,76.563,0.6275719,76.563,-0.2689583,76.563,0.1972732,76.563,0.0205086,76.427,-0.024423,76.563,85.68406919101255,76.562,9600.0,76.562,8577.0,75.827,0.331513
2025-05-28 14:28:18,76.824,35.93796,76.824,23.0784204,77.116,40.4371657,77.116,-3.7313612999999997,76.964,30.0,76.824,0.5777634,76.824,-0.3287266,76.824,0.1640688,76.824,-0.009766,76.889,-0.012708,76.824,106.88663477714545,77.016,9600.0,77.016,8004.0,75.827,0.331513
2025-05-28 14:28:18.250000,77.422,36.367653,77.422,23.019825899999997,77.465,40.4371669,77.465,-3.7313612999999997,77.281,30.0,77.422,0.5877251,77.422,-0.3187668,77.422,0.122075,77.422,-0.039064,77.42,-0.01214,77.422,114.27446906628927,77.016,9600.0,77.016,8004.0,75.827,0.331513
2025-05-28 14:28:18.750000,77.727,36.4770294,77.727,22.879199099999997,77.815,40.4371679,77.815,-3.7313609999999997,77.728,30.0,77.727,0.48811,77.727,-0.1593834,77.727,0.1679752,77.727,-0.0605492,77.42,-0.01214,77.727,114.77516189242075,77.517,9600.0,77.517,8055.0,75.827,0.331513
2025-05-28 14:28:19,78.062,36.5981247,78.062,22.8166983,78.163,40.4371702,78.163,-3.7313595999999998,77.957,30.0,78.062,0.6375336,78.062,-0.1593834,78.062,0.2666118,78.062,0.0185554,77.886,-0.015518,78.062,106.60687246886758,78.061,9600.0,78.061,7854.0,75.827,0.331513
2025-05-28 14:28:19.500000,78.324,36.8871909,78.324,22.7502912,78.551,40.4371716,78.551,-3.7313596999999996,78.455,30.0,78.324,0.6474934,78.324,-0.1892666,78.324,0.0673854,78.324,0.09766,78.387,-0.034245,78.324,120.61862900497157,78.55,9600.0,78.55,7658.0,75.827,0.331513
2025-05-28 14:28:19.750000,78.652,37.0395366,78.652,22.6799778,78.838,40.4371741,78.838,-3.7313601,78.71,30.0,78.652,0.5678017,78.652,-0.2390751,78.652,0.0664088,78.652,-0.1337942,78.387,-0.034245,78.652,108.10362793639847,78.55,9600.0,78.55,7658.0,75.827,0.331513
2025-05-28 14:28:20,78.94,37.1684445,78.94,22.6096644,79.241,40.4371753,79.241,-3.7313604999999996,78.944,30.0,78.94,0.5279568,78.94,-0.1892666,78.94,0.1914136,78.94,0.0800812,78.938,-0.068927,78.94,110.44954485459199,79.012,9600.0,79.012,9103.0,75.827,0.331513
2025-05-28 14:28:20.500000,79.561,37.4496981,79.561,22.5081006,79.567,40.4371766,79.567,-3.7313611,79.453,30.0,79.561,0.5976868,79.561,-0.3088051,79.561,0.2070392,79.561,-0.1132856,79.385,-0.093673,79.561,115.30126641886419,79.558,9600.0,79.558,9600.0,75.827,0.331513
2025-05-28 14:28:20.750000,79.814,37.5903249,79.814,22.4690376,79.912,40.4371794,79.912,-3.7313622,79.728,30.0,79.814,0.5379185,79.814,-0.3187668,79.814,0.2744246,79.814,-0.0283214,79.867,-0.096437,79.814,108.16589872018848,79.558,9600.0,79.558,9600.0,75.827,0.331513
2025-05-28 14:28:21.250000,80.138,37.8989226,80.138,22.429974599999998,80.25,40.4371807,80.25,-3.7313625,80.197,30.0,80.138,0.6076485,80.138,-0.1294983,80.138,0.1015664,80.138,-0.0029297999999999998,79.867,-0.096437,80.138,104.93143985101995,80.006,9600.0,80.006,8740.0,75.827,0.331513
2025-05-28 14:28:21.500000,80.414,38.0278305,80.414,22.379192699999997,80.642,40.4371832,80.642,-3.7313631999999997,80.462,30.0,80.414,0.5279568,80.414,-0.2291134,80.414,0.1103558,80.414,0.1113324,80.413,-0.084505,80.414,118.6730643370451,80.51,9600.0,80.51,8523.0,80.326,0.347049
2025-05-28 14:28:21.750000,80.719,38.1684573,80.719,22.289347799999998,81.01,40.437184099999996,81.01,-3.7313625999999998,80.72,30.0,80.719,0.6076485,80.719,-0.1892666,80.719,-0.1132856,80.719,-0.1250048,80.858,-0.077245,80.719,112.83367989162282,80.51,9600.0,80.51,8523.0,80.326,0.347049
2025-05-28 14:28:22.250000,81.019,38.277833699999995,81.019,22.2073155,81.352,40.437185299999996,81.352,-3.7313631999999997,81.197,30.0,81.019,0.6375336,81.019,-0.2291134,81.019,-0.0556662,81.019,0.1298878,80.858,-0.077245,81.019,116.92768660595048,81.016,9600.0,81.016,8822.0,80.326,0.347049
2025-05-28 14:28:22.500000,81.607,38.707526699999995,81.607,22.1565336,81.693,40.437188,81.693,-3.7313642,81.455,30.0,81.607,0.7570702,81.607,-0.2291134,81.607,0.156256,81.607,0.0625024,81.356,-0.064674,81.607,118.88664153901877,81.504,9600.0,81.504,8658.0,80.326,0.347049
2025-05-28 14:28:23,81.911,38.8989354,81.911,22.187783999999997,82.015,40.4371897,82.015,-3.7313647999999997,81.924,30.0,81.911,0.7471085,81.911,-0.2988434,81.911,0.1347708,81.911,0.3086056,81.909,-0.050444,81.911,115.01685359366931,82.013,9600.0,82.013,8286.0,80.326,0.347049
2025-05-28 14:28:23.250000,82.213,39.0786252,82.213,22.137002099999997,82.387,40.437192599999996,82.387,-3.7313650999999997,82.214,30.0,82.213,0.6375336,82.213,-0.2589966,82.213,-0.009766,82.213,0.2021562,81.909,-0.050444,82.213,110.8067260766979,82.013,9600.0,82.013,8286.0,80.326,0.347049
2025-05-28 14:28:23.500000,82.567,39.219252,82.567,22.097939099999998,82.711,40.4371939,82.711,-3.7313652999999998,82.445,30.0,82.567,0.5877251,82.567,-0.0796917,82.567,-0.0302746,82.567,0.1601624,82.394,-0.045276,82.567,121.6075491489426,82.565,9600.0,82.565,8029.0,80.326,0.347049
2025-05-28 14:28:24,82.797,39.3676914,82.797,22.019813099999997,83.094,40.4371952,83.094,-3.7313653999999996,82.94,30.0,82.797,0.4781502,82.797,-0.1593834,82.797,-0.0351576,82.797,0.3545058,82.853,-0.049873,82.797,99.61961183296356,82.993,9600.0,82.993,7707.0,80.326,0.347049
2025-05-28 14:28:24.250000,83.098,39.6684765,83.098,22.000281599999997,83.445,40.437198099999996,83.445,-3.7313666999999997,83.186,30.0,83.098,0.6574551,83.098,-0.38849680000000003,83.098,-0.1113324,83.098,0.0742216,83.353,-0.073952,83.098,112.38011349704767,82.993,9600.0,82.993,7707.0,80.326,0.347049
2025-05-28 14:28:24.750000,83.737,39.988793099999995,83.737,21.957312299999998,83.739,40.4371995,83.739,-3.7313671999999998,83.738,30.0,83.737,0.6076485,83.737,-0.2490349,83.737,-0.1591858,83.737,-0.011719199999999999,83.353,-0.073952,83.737,118.47425212652347,83.495,9600.0,83.495,7538.0,80.326,0.347049
2025-05-28 14:28:25,84.057,40.109888399999996,84.057,21.9182493,84.123,40.4372018,84.123,-3.7313684,83.936,30.0,84.057,0.4582268,84.057,-0.20919000000000001,84.057,-0.1005898,84.057,0.136724,83.879,-0.113663,84.057,110.28239550467781,84.041,9600.0,84.041,7562.0,80.326,0.347049
2025-05-28 14:28:25.250000,84.3,40.2387963,84.3,21.8869989,84.486,40.4372031,84.486,-3.7313690999999998,84.182,30.0,84.3,0.4681885,84.3,-0.27892,84.3,-0.1601624,84.3,0.3144652,84.367,-0.163904,84.3,100.49133932120127,84.041,9600.0,84.041,7562.0,80.326,0.347049
2025-05-28 14:28:25.500000,84.651,40.539581399999996,84.651,21.859654799999998,84.793,40.4372044,84.793,-3.7313696,84.489,30.0,84.651,0.4582268,84.651,-0.20919000000000001,84.651,0.0009766,84.651,0.0957068,84.367,-0.163904,84.651,116.56505117707799,84.494,9600.0,84.494,7854.0,80.326,0.347049
2025-05-28 14:28:26,84.906,40.6567704,84.906,21.7698099,85.149,40.4372068,85.149,-3.7313707,84.94,30.0,84.906,0.5080334,84.906,-0.1793049,84.906,-0.09766,84.906,0.1357474,84.903,-0.225408,84.906,112.87357459315204,84.989,7904.0,84.989,9600.0,84.806,0.362224
2025-05-28 14:28:26.500000,85.198,40.7973972,85.198,21.7502784,85.53,40.437208399999996,85.53,-3.7313718999999996,85.441,30.0,85.198,0.6474934,85.198,-0.3586117,85.198,0.0,85.198,-0.15039639999999999,85.355,-0.228482,85.198,106.78255076237551,85.529,7879.0,85.529,9600.0,84.806,0.362224
2025-05-28 14:28:26.750000,85.791,41.156776799999996,85.791,21.719027999999998,85.859,40.43721,85.859,-3.7313731,85.66,30.0,85.791,0.6275719,85.791,-0.2490349,85.791,-0.1132856,85.791,0.0410172,85.355,-0.228482,85.791,110.35322414997972,85.529,7879.0,85.529,9600.0,84.806,0.362224
2025-05-28 14:28:27,86.117,41.4888123,86.117,21.7073091,86.205,40.437213,86.205,-3.731375,85.932,30.0,86.117,0.5478802,86.117,-0.27892,86.117,-0.1162154,86.117,0.351576,85.866,-0.184604,86.117,108.71169196848592,85.986,9600.0,85.986,9421.0,84.806,0.362224
2025-05-28 14:28:27.500000,86.398,41.6489706,86.398,21.6369957,86.581,40.437214399999995,86.581,-3.731376,86.427,30.0,86.398,0.6076485,86.398,-0.2390751,86.398,-0.4072422,86.398,0.24415,86.352,-0.140649,86.398,94.3322615990095,86.481,8577.0,86.481,9600.0,84.806,0.362224
2025-05-28 14:28:27.750000,86.693,41.79741,86.693,21.617464199999997,86.893,40.437217,86.893,-3.7313769999999997,86.694,30.0,86.693,0.5478802,86.693,-0.2490349,86.693,-0.3164184,86.693,0.2363372,86.842,-0.06949,86.693,108.16589872018848,86.481,8577.0,86.481,9600.0,84.806,0.362224
2025-05-28 14:28:28.250000,87.035,41.9302242,87.035,21.5393382,87.23,40.4372179,87.23,-3.7313766,87.155,30.0,87.035,0.5279568,87.035,-0.1593834,87.035,-0.2998162,87.035,0.1845774,86.842,-0.06949,87.035,117.71853115091785,87.032,9600.0,87.032,8312.0,84.806,0.362224
2025-05-28 14:28:28.500000,87.283,42.0396006,87.283,21.457305899999998,87.641,40.4372197,87.641,-3.7313756999999996,87.422,30.0,87.283,0.5478802,87.283,-0.1593834,87.283,-0.3584122,87.283,0.1377006,87.355,-0.008758,87.283,116.96572512073718,87.534,9600.0,87.534,7954.0,84.806,0.362224
2025-05-28 14:28:28.750000,87.884,42.3481983,87.884,21.386992499999998,87.934,40.4372208,87.934,-3.731376,87.669,30.0,87.884,0.5877251,87.884,-0.1494217,87.884,-0.1718816,87.884,0.23829039999999999,87.836,0.037171,87.884,113.19850677170126,87.534,9600.0,87.534,7954.0,84.806,0.362224
2025-05-28 14:28:29.250000,88.187,42.477106199999994,88.187,21.328398,88.272,40.437222,88.272,-3.7313758999999997,88.187,30.0,88.187,0.5976868,88.187,-0.0597683,88.187,-0.2207116,88.187,0.1718816,87.836,0.037171,88.187,119.63831988015195,87.981,9600.0,87.981,7325.0,84.806,0.362224
2025-05-28 14:28:29.500000,88.524,42.6099204,88.524,21.2776161,88.618,40.4372243,88.618,-3.731376,88.423,30.0,88.524,0.5279568,88.524,-0.0996132,88.524,-0.029298,88.524,0.2627054,88.349,0.060487,88.524,118.47425212652347,88.52,9600.0,88.52,6871.0,84.806,0.362224
2025-05-28 14:28:30,88.829,42.7505472,88.829,21.308866499999997,89.024,40.437225399999996,89.024,-3.731376,88.917,30.0,88.829,0.5578419,88.829,-0.0498066,88.829,-0.0019532,88.829,0.1962966,88.834,0.039915,88.829,108.08350296560576,89.023,9600.0,89.023,7538.0,84.806,0.362224
2025-05-28 14:28:30.250000,89.116,43.000550399999995,89.116,21.3479295,89.373,40.437227899999996,89.373,-3.7313756999999996,89.146,30.0,89.116,0.5976868,89.116,-0.0996132,89.116,-0.0126958,89.116,0.2451266,88.834,0.039915,89.116,104.03624346792648,89.023,9600.0,89.023,7538.0,89.285,0.377344
2025-05-28 14:28:30.500000,89.38,43.1372709,89.38,21.4182429,89.711,40.4372293,89.711,-3.7313763,89.426,30.0,89.38,0.6275719,89.38,-0.20919000000000001,89.38,-0.0849642,89.38,0.087894,89.378,0.005205,89.38,106.29399026508906,89.474,9600.0,89.474,8685.0,89.285,0.377344
2025-05-28 14:28:31,90.022,43.457587499999995,90.022,21.386992499999998,90.031,40.437230799999995,90.031,-3.7313763,89.912,30.0,90.022,0.5877251,90.022,-0.13946,90.022,-0.0166022,90.022,0.09766,89.844,-0.035053,90.022,112.83371417664846,90.018,9600.0,90.018,7755.0,89.285,0.377344
2025-05-28 14:28:31.250000,90.284,43.60993319999999,90.284,21.379179899999997,90.373,40.4372335,90.373,-3.7313761999999997,90.167,30.0,90.284,0.5379185,90.284,-0.1494217,90.284,-0.2128988,90.284,-0.0126958,90.323,-0.091029,90.284,109.72218813142395,90.018,9600.0,90.018,7755.0,89.285,0.377344
2025-05-28 14:28:31.750000,90.599,43.91853089999999,90.599,21.3479295,90.723,40.4372349,90.723,-3.7313764,90.658,30.0,90.599,0.6176102,90.599,-0.1693432,90.599,-0.09766,90.599,-0.0156256,90.323,-0.091029,90.599,116.13090647030462,90.449,9131.0,90.449,9600.0,89.285,0.377344
2025-05-28 14:28:32,90.885,44.0591577,90.885,21.2971476,91.107,40.4372362,91.107,-3.7313769,90.913,30.0,90.885,0.5777634,90.885,-0.20919000000000001,90.885,0.1669986,90.885,0.0429704,90.841,-0.099959,90.885,117.32391046964925,90.965,9600.0,90.965,9131.0,89.285,0.377344
2025-05-28 14:28:32.250000,91.185,44.188065599999995,91.185,21.2580846,91.416,40.4372386,91.416,-3.7313777999999997,91.186,30.0,91.185,0.5578419,91.185,-0.3187668,91.185,0.0351576,91.185,-0.0185554,91.371,-0.109014,91.185,120.6506901465356,90.965,9600.0,90.965,9131.0,89.285,0.377344
2025-05-28 14:28:32.750000,91.511,44.3404113,91.511,21.1799586,91.809,40.4372399,91.809,-3.7313782,91.662,30.0,91.511,0.5678017,91.511,-0.1992283,91.511,-0.0693386,91.511,0.0996132,91.371,-0.109014,91.511,102.03054552843932,91.508,9600.0,91.508,9046.0,89.285,0.377344
2025-05-28 14:28:33,92.116,44.7896358,92.116,21.1369893,92.118,40.4372427,92.118,-3.7313785,91.908,30.0,92.116,0.5478802,92.116,-0.1892666,92.116,0.073245,92.116,0.078128,91.836,-0.11022,92.116,113.45903062929098,91.964,9600.0,91.964,8795.0,89.285,0.377344
2025-05-28 14:28:33.500000,92.37,44.9497941,92.37,21.1291767,92.52,40.4372441,92.52,-3.731379,92.404,30.0,92.37,0.5678017,92.37,-0.27892,92.37,-0.1836008,92.37,0.11914519999999999,92.37,-0.102044,92.37,107.30044419874167,92.518,7780.0,92.518,9600.0,89.285,0.377344
2025-05-28 14:28:33.750000,92.694,45.1099524,92.694,21.1799586,92.847,40.4372456,92.847,-3.7313799,92.695,30.0,92.694,0.6973019,92.694,-0.4084183,92.694,-0.0820344,92.694,-0.0273448,92.37,-0.102044,92.694,109.76714977376135,92.518,7780.0,92.518,9600.0,89.285,0.377344
2025-05-28 14:28:34,93.012,45.2779233,93.012,21.117457799999997,93.167,40.4372488,93.167,-3.7313813999999996,92.904,30.0,93.012,0.6674168,93.012,-0.2689583,93.012,-0.0771514,93.012,0.1386772,92.851,-0.018319,93.012,117.8014107247129,93.01,7879.0,93.01,9600.0,89.285,0.377344
2025-05-28 14:28:34.500000,93.257,45.469331999999994,93.257,21.0393318,93.57,40.4372505,93.57,-3.7313823999999998,93.398,30.0,93.257,0.6474934,93.257,-0.3785351,93.257,-0.0654322,93.257,0.3154418,93.339,0.118774,93.257,106.83747609223518,93.454,7854.0,93.454,9600.0,89.285,0.377344
2025-05-28 14:28:34.750000,93.572,45.8091801,93.572,20.9885499,93.905,40.437253399999996,93.905,-3.7313831,93.651,30.0,93.572,0.6773785,93.572,-0.0298832,93.572,-0.0107426,93.572,0.034181,93.817,0.281586,93.572,111.80140948635182,93.454,7854.0,93.454,9600.0,93.764,0.392625
2025-05-28 14:28:35.250000,94.206,46.1490282,94.206,20.9494869,94.208,40.437255,94.208,-3.7313842999999998,94.206,30.0,94.206,0.6275719,94.206,-0.06973,94.206,-0.2402436,94.206,0.16895179999999999,93.817,0.281586,94.206,112.10933841930965,93.968,4245.0,93.968,3435.0,93.764,0.392625
2025-05-28 14:28:35.500000,94.508,46.309186499999996,94.508,20.957299499999998,94.592,40.4372565,94.592,-3.7313851,94.396,30.0,94.508,0.5379185,94.508,0.0896515,94.508,-0.166022,94.508,0.1210984,94.319,0.446995,94.508,97.72184121386127,94.506,5775.0,94.506,-3615.0,93.764,0.392625
2025-05-28 14:28:36.250000,95.09,46.598252699999996,95.09,20.937768,95.256,40.437260099999996,95.256,-3.7313864,95.144,30.0,95.09,0.3685734,95.09,-0.0498066,95.09,0.0312512,95.09,0.1738348,94.808,0.506039,95.09,108.43494882292202,95.007,7545.0,95.007,-5895.0,93.764,0.392625
2025-05-28 14:28:36.500000,95.354,46.8404433,95.354,20.859641999999997,95.598,40.4372623,95.598,-3.7313883,95.396,30.0,95.354,0.2888817,95.354,-0.0796917,95.354,-0.0419938,95.354,-0.0507832,95.318,0.362586,95.354,120.57926592217082,95.462,2865.0,95.462,-1305.0,93.764,0.392625
2025-05-28 14:28:37,95.662,46.95763229999999,95.662,20.816672699999998,95.998,40.437263099999996,95.998,-3.731388,95.893,30.0,95.662,0.3287266,95.662,0.0,95.662,-0.0908238,95.662,-0.0166022,95.8,0.295082,95.662,111.94864672468948,95.997,-525.0,95.997,-9015.0,93.764,0.392625
2025-05-28 14:28:37.250000,96.258,47.1373221,96.258,20.7776097,96.34,40.4372639,96.34,-3.7313875,96.138,30.0,96.258,0.2888817,96.258,0.0298832,96.258,-0.0839876,96.258,0.0449236,95.8,0.295082,96.258,112.28547700561774,95.997,-525.0,95.997,-9015.0,93.764,0.392625
2025-05-28 14:28:37.500000,96.597,47.207635499999995,96.597,20.7502656,96.666,40.4372652,96.666,-3.7313867,96.369,30.0,96.597,0.20919000000000001,96.597,0.0,96.597,-0.2138754,96.597,0.2959098,96.343,0.276813,96.597,114.5376771899346,96.449,105.0,96.449,-9525.0,93.764,0.392625
2025-05-28 14:28:38,96.861,47.3170119,96.861,20.6799522,97.045,40.437265499999995,97.045,-3.7313866,96.889,30.0,96.861,0.0199215,96.861,-0.1294983,96.861,-0.058596,96.861,-0.229501,96.8,0.067598,96.861,120.78407350041977,96.943,-990.0,96.943,-8490.0,93.764,0.392625
2025-05-28 14:28:38.250000,97.158,47.309199299999996,97.158,20.5901073,97.351,40.437265,97.351,-3.7313851999999996,97.158,30.0,97.158,-0.0498066,97.158,-0.0498066,97.158,0.0361342,97.158,0.1425836,97.304,-0.182075,97.158,114.5376771899346,96.943,-990.0,96.943,-8490.0,93.764,0.392625
2025-05-28 14:28:38.750000,97.489,47.2584174,97.489,20.5588569,97.691,40.4372648,97.691,-3.7313845999999997,97.638,30.0,97.489,-0.1294983,97.489,-0.0996132,97.489,-0.0361342,97.489,-0.102543,97.304,-0.182075,97.489,109.43993395114147,97.486,-3690.0,97.486,-4110.0,93.764,0.392625
2025-05-28 14:28:39,97.744,47.2388859,97.744,20.4885435,98.099,40.4372645,98.099,-3.7313839,97.867,30.0,97.744,-0.0896515,97.744,-0.0298832,97.744,0.4560722,97.744,0.1093792,97.796,-0.416211,97.744,118.97970571851538,97.944,-4740.0,97.944,-3030.0,93.764,0.392625
2025-05-28 14:28:39.250000,98.352,47.1295095,98.352,20.386979699999998,98.396,40.4372638,98.396,-3.7313826,98.115,30.0,98.352,-0.1494217,98.352,0.06973,98.352,0.3242312,98.352,0.122075,98.35,-0.705179,98.352,118.11324876048668,97.944,-4740.0,97.944,-3030.0,98.254,0.398104
2025-05-28 14:28:39.750000,98.661,47.07872759999999,98.661,20.2776033,98.731,40.4372634,98.731,-3.7313821999999996,98.662,30.0,98.661,-0.2291134,98.661,-0.0099598,98.661,-0.0693386,98.661,-0.1601624,98.35,-0.705179,98.661,111.64431144176258,98.444,-435.0,98.444,-5475.0,98.254,0.398104
2025-05-28 14:28:40,98.99,47.059196099999994,98.99,20.117445,99.086,40.4372629,99.086,-3.7313809,98.881,30.0,98.99,-0.1593834,98.99,0.1494217,98.99,0.5771706,98.99,-0.2236414,98.788,-1.006365,98.99,116.98016186031043,98.988,7230.0,98.988,-5370.0,98.254,0.398104
2025-05-28 14:28:40.500000,99.24,47.0279457,99.24,20.039319,99.448,40.4372626,99.448,-3.7313804,99.379,30.0,99.24,-0.1892666,99.24,0.1095749,99.24,0.053713,99.24,-0.4365402,99.305,-1.387095,99.24,111.47681386874628,99.446,9600.0,99.446,912.0,98.254,0.398104
2025-05-28 14:28:40.750000,99.576,47.000601599999996,99.576,19.9885371,99.838,40.4372626,99.838,-3.7313798,99.609,30.0,99.576,-0.1494217,99.576,0.1494217,99.576,0.190437,99.576,-0.3339972,99.305,-1.387095,99.576,114.44382004758694,99.446,9600.0,99.446,912.0,98.254,0.398104
2025-05-28 14:28:41,99.848,47.000601599999996,99.848,19.9494741,100.174,40.4372624,100.174,-3.7313793,99.878,30.0,99.848,-0.1095749,99.848,0.4084183,99.848,-0.5693578,99.848,-0.2597756,99.844,-1.88707,99.848,106.79839317444058,99.933,9600.0,99.933,4890.0,98.254,0.398104
2025-05-28 14:28:41.500000,100.462,46.9693512,100.462,19.976818199999997,100.547,40.4372624,100.547,-3.7313788,100.375,30.0,100.462,-0.1195366,100.462,-0.06973,100.462,-0.5273639999999999,100.462,0.332044,100.315,-2.244972,100.462,106.22020035718003,100.46,6285.0,100.46,9345.0,98.254,0.398104
2025-05-28 14:28:41.750000,100.728,46.9771638,100.728,20.0588505,100.847,40.437262499999996,100.847,-3.7313787,100.622,30.0,100.728,-0.20919000000000001,100.728,-0.06973,100.728,-0.2461032,100.728,-0.273448,100.783,-2.265168,100.728,109.8321116579972,100.46,6285.0,100.46,9345.0,98.254,0.398104
2025-05-28 14:28:42.250000,101.073,47.000601599999996,101.073,20.027600099999997,101.178,40.4372627,101.178,-3.7313794,101.127,30.0,101.073,-0.0996132,101.073,-0.2689583,101.073,-0.1015664,101.073,-0.4599786,100.783,-2.265168,101.073,104.26451819572421,100.925,7530.0,100.925,9390.0,98.254,0.398104
2025-05-28 14:28:42.500000,101.334,47.0084142,101.334,20.0471316,101.565,40.4372627,101.565,-3.7313802,101.372,30.0,101.334,-0.1892666,101.334,-0.4582268,101.334,-0.3310674,101.334,-0.2089924,101.332,-2.120159,101.334,95.71055707040013,101.424,2239.0,101.424,9600.0,98.254,0.398104
2025-05-28 14:28:42.750000,101.643,46.9771638,101.643,20.0471316,101.936,40.4372622,101.936,-3.731382,101.643,30.0,101.643,-0.1793049,101.643,-0.4781502,101.643,-0.0664088,101.643,-0.53713,101.797,-1.928334,101.643,100.68477715765913,101.424,2239.0,101.424,9600.0,98.254,0.398104
2025-05-28 14:28:43.250000,101.941,46.95763229999999,101.941,20.039319,102.269,40.4372621,102.269,-3.7313831,102.118,30.0,101.941,-0.1195366,101.941,-0.2888817,101.941,0.0849642,101.941,-0.6758071999999999,101.797,-1.928334,101.941,95.10209265045975,101.94,9600.0,101.94,2996.0,98.254,0.398104
2025-05-28 14:28:43.500000,102.583,46.938100799999994,102.583,20.039319,102.584,40.4372623,102.584,-3.7313845,102.372,30.0,102.583,-0.0896515,102.583,-0.3685734,102.583,-0.5381066,102.583,-0.014649,102.295,-1.833792,102.583,99.4622040638719,102.424,-600.0,102.424,4770.0,98.254,0.398104
2025-05-28 14:28:44,102.84,46.95763229999999,102.84,20.0588505,102.93,40.4372624,102.93,-3.7313853,102.864,30.0,102.84,-0.0796917,102.84,-0.3984585,102.84,-0.419938,102.84,-0.3486462,102.839,-1.786511,102.84,108.4348967833004,102.929,-9600.0,102.929,-7805.0,102.736,0.408453
2025-05-28 14:28:44.250000,103.136,47.020133099999995,103.136,20.008068599999998,103.323,40.4372628,103.323,-3.7313859,103.136,30.0,103.136,0.0498066,103.136,-0.1892666,103.136,-0.2724714,103.136,-0.126958,102.839,-1.786511,103.136,105.94528134826592,102.929,-9600.0,102.929,-7805.0,102.736,0.408453
2025-05-28 14:28:44.500000,103.475,47.0279457,103.475,20.008068599999998,103.63,40.4372629,103.63,-3.7313859,103.367,30.0,103.475,-0.0398449,103.475,-0.1494217,103.475,-0.2705182,103.475,-0.1582092,103.327,-1.665817,103.475,103.34870928081094,103.473,1110.0,103.473,-2550.0,102.736,0.408453
2025-05-28 14:28:45,103.718,47.020133099999995,103.718,20.027600099999997,104.02,40.4372628,104.02,-3.7313856999999997,103.863,30.0,103.718,-0.0199215,103.718,-0.06973,103.718,-0.405289,103.718,-0.3925932,103.771,-1.681974,103.718,105.52410055900518,103.914,-1380.0,103.914,-150.0,102.736,0.408453
2025-05-28 14:28:45.250000,104.024,47.020133099999995,104.024,20.000256,104.361,40.4372629,104.361,-3.7313856,104.11,30.0,104.024,-0.0099598,104.024,-0.1095749,104.024,-0.4453296,104.024,-0.3447398,104.274,-1.682272,104.024,105.33315258487048,103.914,-1380.0,103.914,-150.0,102.736,0.408453
2025-05-28 14:28:45.750000,104.664,47.0904465,104.664,19.957286699999997,104.666,40.4372635,104.666,-3.7313851999999996,104.665,30.0,104.664,-0.0597683,104.664,-0.1693432,104.664,-0.2666118,104.664,-0.0371108,104.274,-1.682272,104.664,109.90373230470668,104.414,1995.0,104.414,-3555.0,102.736,0.408453
2025-05-28 14:28:46,104.963,47.0982591,104.963,19.929942599999997,105.052,40.4372636,105.052,-3.7313851,104.864,30.0,104.963,-0.0498066,104.963,-0.0996132,104.963,-0.2080158,104.963,-0.3252078,104.791,-1.703059,104.963,119.74488129694222,104.96,-1710.0,104.96,150.0,102.736,0.408453
2025-05-28 14:28:46.250000,105.23,47.1373221,105.23,19.886973299999998,105.365,40.437264299999995,105.365,-3.7313845,105.111,30.0,105.23,0.0298832,105.23,0.0199215,105.23,-0.2959098,105.23,-0.2597756,105.282,-1.68792,105.23,109.33477559405544,104.96,-1710.0,104.96,150.0,102.736,0.408453
2025-05-28 14:28:46.750000,105.554,47.180291399999994,105.554,19.8479103,105.708,40.4372645,105.708,-3.7313845,105.624,30.0,105.554,0.0498066,105.554,-0.0199215,105.554,-0.4013826,105.554,-0.1084026,105.282,-1.68792,105.554,113.07040907759738,105.416,7620.0,105.416,-9180.0,102.736,0.408453
2025-05-28 14:28:47,105.815,47.207635499999995,105.815,19.816659899999998,106.072,40.4372645,106.072,-3.7313842999999998,105.857,30.0,105.815,-0.0298832,105.815,0.0199215,105.815,-0.1084026,105.815,-0.4111486,105.763,-1.816608,105.815,109.05760123003726,105.912,3210.0,105.912,-4770.0,102.736,0.408453
2025-05-28 14:28:47.500000,106.121,47.188103999999996,106.121,19.789315799999997,106.456,40.437264899999995,106.456,-3.7313832,106.351,30.0,106.121,-0.0099598,106.121,0.0996132,106.121,-0.5263874,106.121,-0.1748114,106.278,-2.144199,106.121,116.16155560309427,106.454,-9600.0,106.454,8056.0,102.736,0.408453
2025-05-28 14:28:47.750000,106.708,47.3170119,106.708,19.7072835,106.791,40.437265499999995,106.791,-3.7313826999999997,106.604,30.0,106.708,0.0896515,106.708,-0.0398449,106.708,-0.6113516,106.708,-0.21973499999999999,106.278,-2.144199,106.708,120.35803076877576,106.454,-9600.0,106.454,8056.0,102.736,0.408453
2025-05-28 14:28:48,107.042,47.367793799999994,107.042,19.648688999999997,107.117,40.4372663,107.117,-3.7313837,106.851,30.0,107.042,0.0298832,107.042,-0.2689583,107.042,-0.3886868,107.042,-0.0517598,106.793,-2.092607,107.042,111.94864672468948,106.916,-9600.0,106.916,8146.0,102.736,0.408453
2025-05-28 14:28:48.500000,107.325,47.4068568,107.325,19.578375599999998,107.511,40.4372669,107.511,-3.7313842999999998,107.349,30.0,107.325,0.0,107.325,-0.3287266,107.325,-0.068362,107.325,-0.4404466,107.323,-1.675786,107.325,120.31124599819996,107.402,-5970.0,107.402,4410.0,107.226,0.415726
2025-05-28 14:28:48.750000,107.62,47.5474836,107.62,19.4689992,107.808,40.4372676,107.808,-3.7313853999999997,107.621,30.0,107.62,0.20919000000000001,107.62,-0.3984585,107.62,-0.0654322,107.62,-0.3086056,107.758,-1.177523,107.62,92.52602020074139,107.402,-5970.0,107.402,4410.0,107.226,0.415726
2025-05-28 14:28:49.250000,107.959,47.629515899999994,107.959,19.4299362,108.149,40.437269099999995,108.149,-3.7313864999999997,108.096,30.0,107.959,0.2988434,107.959,-0.1095749,107.959,-0.1601624,107.959,-0.4140784,107.758,-1.177523,107.959,104.22586001349343,107.956,-9450.0,107.956,7890.0,107.226,0.415726
2025-05-28 14:28:49.500000,108.256,47.7076419,108.256,19.340091299999997,108.553,40.4372699,108.553,-3.7313864,108.347,30.0,108.256,0.2291134,108.256,-0.1095749,108.256,-0.0791046,108.256,-0.4336104,108.26,-0.647588,108.256,96.34017270702901,108.399,-510.0,108.399,-1050.0,107.226,0.415726
2025-05-28 14:28:49.750000,108.807,47.8678002,108.807,19.269777899999998,108.902,40.4372712,108.902,-3.7313861999999998,108.593,30.0,108.807,0.2490349,108.807,-0.0298832,108.807,-0.14649,108.807,-0.1005898,108.753,-0.175116,108.807,80.5378418809828,108.399,-510.0,108.399,-1050.0,107.226,0.415726
2025-05-28 14:28:50.500000,109.455,48.067021499999996,109.455,19.2385275,109.552,40.4372723,109.552,-3.7313858,109.325,30.0,109.455,0.1593834,109.455,-0.0896515,109.455,0.0605492,109.455,0.1386772,109.262,0.097179,109.455,75.37922272224652,109.451,2820.0,109.451,-4380.0,107.226,0.415726
2025-05-28 14:28:51,109.693,48.09827189999999,109.693,19.199464499999998,109.914,40.437272799999995,109.914,-3.7313855,109.854,30.0,109.693,0.0298832,109.693,0.0099598,109.693,0.1679752,109.693,-0.2529394,109.748,0.235714,109.693,97.69595764738261,109.912,5220.0,109.912,-6780.0,107.226,0.415726
2025-05-28 14:28:51.250000,110.038,48.1295223,110.038,19.0393062,110.294,40.4372731,110.294,-3.7313856,110.068,30.0,110.038,0.0597683,110.038,-0.0099598,110.038,0.317395,110.038,0.1865306,109.748,0.235714,110.038,105.42219754527396,109.912,5220.0,109.912,-6780.0,107.226,0.415726
2025-05-28 14:28:51.500000,110.298,48.1568664,110.298,18.988524299999998,110.624,40.4372736,110.624,-3.7313859999999996,110.339,30.0,110.298,0.0498066,110.298,-0.0099598,110.298,-0.2627054,110.298,0.1425836,110.298,0.309199,110.298,90.0,110.391,8084.0,110.391,-9600.0,107.226,0.415726
2025-05-28 14:28:52,110.939,48.21936719999999,110.939,19.0197747,110.941,40.4372736,110.941,-3.7313867,110.843,30.0,110.939,-0.1992283,110.939,-0.2589966,110.939,0.0742216,110.939,-0.234384,110.742,0.182271,110.939,100.49137555536278,110.936,-1740.0,110.936,180.0,107.226,0.415726
2025-05-28 14:28:52.250000,111.206,48.199835699999994,111.206,19.0666503,111.296,40.437273399999995,111.296,-3.7313872,111.09,30.0,111.206,-0.2191517,111.206,-0.20919000000000001,111.206,-0.0703152,111.206,-0.29298,111.245,-0.041568,111.206,84.09407745311671,110.936,-1740.0,110.936,180.0,107.226,0.415726
2025-05-28 14:28:52.500000,111.519,48.1685853,111.519,19.1096196,111.669,40.4372731,111.669,-3.7313875999999997,111.351,30.0,111.519,-0.1294983,111.519,-0.1693432,111.519,0.0351576,111.519,-0.3476696,111.245,-0.041568,111.519,90.0,111.388,-1740.0,111.388,180.0,107.226,0.415726
2025-05-28 14:28:53,111.808,48.1568664,111.808,19.1369637,112.023,40.437273,112.023,-3.7313878,111.816,30.0,111.808,-0.1095749,111.808,-0.1693432,111.808,0.0869174,111.808,-0.4795106,111.805,-0.1766,111.808,171.25440626639934,111.898,-1740.0,111.898,180.0,111.701,0.42031
2025-05-28 14:28:53.250000,112.127,48.1373349,112.127,19.1877456,112.34,40.437272899999996,112.34,-3.7313883,112.128,30.0,112.127,-0.0796917,112.127,-0.1494217,112.127,-0.0459002,112.127,-0.0419938,112.256,-0.290912,112.127,-135.0,111.898,-1740.0,111.898,180.0,111.701,0.42031
2025-05-28 14:28:53.750000,112.437,48.1373349,112.437,19.250246399999998,112.729,40.4372726,112.729,-3.7313885,112.593,30.0,112.437,-0.0796917,112.437,-0.0796917,112.437,-0.3476696,112.437,-0.2714948,112.256,-0.290912,112.437,-127.56834827249324,112.433,-3435.0,112.433,1875.0,111.701,0.42031
2025-05-28 14:28:54,113.036,48.0904593,113.036,19.3088409,113.038,40.4372724,113.038,-3.7313886999999997,112.834,30.0,113.036,-0.0199215,113.036,-0.0099598,113.036,0.068362,113.036,-0.2568458,112.757,-0.274878,113.036,-108.43458453829169,112.888,-285.0,112.888,-1275.0,111.701,0.42031
2025-05-28 14:28:54.500000,113.289,48.078740399999994,113.289,19.359622799999997,113.442,40.4372723,113.442,-3.7313891999999997,113.33,30.0,113.289,-0.0099598,113.289,-0.0199215,113.289,0.0263682,113.289,-0.1484432,113.252,-0.256752,113.289,-116.56483260935703,113.44,60.0,113.44,-1620.0,111.701,0.42031
2025-05-28 14:28:54.750000,113.604,48.067021499999996,113.604,19.4689992,113.762,40.437272199999995,113.762,-3.7313894999999997,113.605,30.0,113.604,0.0,113.604,-0.0498066,113.604,-0.0654322,113.604,-0.083011,113.252,-0.256752,113.604,-64.98314640633069,113.44,60.0,113.44,-1620.0,111.701,0.42031
2025-05-28 14:28:55,113.935,48.047489999999996,113.935,19.5197811,114.091,40.4372719,114.091,-3.7313896,113.825,30.0,113.935,-0.0996132,113.935,0.06973,113.935,-0.1289112,113.935,-0.0459002,113.764,-0.239139,113.935,-92.48914053226926,113.932,-5910.0,113.932,-3990.0,111.701,0.42031
2025-05-28 14:28:55.500000,114.192,48.0279585,114.192,19.558844099999998,114.475,40.4372717,114.475,-3.7313894,114.325,30.0,114.192,-0.0398449,114.192,0.0298832,114.192,-0.1113324,114.192,0.0625024,114.253,-0.150009,114.192,-46.84765570599967,114.381,-4300.0,114.381,-9600.0,111.701,0.42031
2025-05-28 14:28:55.750000,114.487,48.000614399999996,114.487,19.6174386,114.827,40.437271599999995,114.827,-3.7313894,114.554,30.0,114.487,-0.0896515,114.487,0.0796917,114.487,-0.11914519999999999,114.487,-0.0214852,114.733,-0.125902,114.487,-59.9315305432224,114.381,-4300.0,114.381,-9600.0,111.701,0.42031
2025-05-28 14:28:56.250000,115.092,47.8287372,115.092,19.668220499999997,115.129,40.4372701,115.129,-3.7313904,115.093,30.0,115.092,-0.2689583,115.092,0.0398449,115.092,-0.1113324,115.092,0.2158286,114.733,-0.125902,115.092,-45.0,114.879,-9600.0,114.879,-7854.0,111.701,0.42031
2025-05-28 14:28:56.500000,115.432,47.7193608,115.432,19.719002399999997,115.512,40.437269199999996,115.512,-3.7313901,115.32,30.0,115.432,-0.4482651,115.432,0.1494217,115.432,-0.1328176,115.432,-0.2461032,115.243,-0.206531,115.432,-15.018263597964925,115.428,-9217.0,115.428,-9600.0,111.701,0.42031
2025-05-28 14:28:56.750000,115.673,47.64904739999999,115.673,19.7580654,115.826,40.437268499999995,115.826,-3.7313897999999996,115.57,30.0,115.673,-0.3088051,115.673,0.0099598,115.673,0.2568458,115.673,-0.2509862,115.726,-0.312507,115.673,-18.434730256034804,115.428,-9217.0,115.428,-9600.0,111.701,0.42031
2025-05-28 14:28:57.250000,116.03,47.590452899999995,116.03,19.7971284,116.173,40.4372675,116.173,-3.7313891,116.073,30.0,116.03,-0.2490349,116.03,-0.0996132,116.03,0.1914136,116.03,0.1377006,115.726,-0.312507,116.03,-120.25655041106651,115.877,-9600.0,115.877,-4068.0,111.701,0.42031
2025-05-28 14:28:57.500000,116.297,47.539671,116.297,19.8088473,116.527,40.4372666,116.527,-3.7313886,116.319,30.0,116.297,-0.2689583,116.297,-0.0796917,116.297,0.014649,116.297,0.009766,116.295,-0.35479,116.297,-108.43494882292202,116.374,-9600.0,116.374,-7731.0,116.199,0.428272
2025-05-28 14:28:58,116.608,47.34044969999999,116.608,19.8088473,116.926,40.4372652,116.926,-3.7313877,116.817,30.0,116.608,-0.2291134,116.608,0.13946,116.608,0.023438399999999998,116.608,-0.117192,116.746,-0.341794,116.608,-159.67704772671988,116.924,-9600.0,116.924,-4269.0,116.199,0.428272
2025-05-28 14:28:58.250000,117.173,47.21935439999999,117.173,19.6799394,117.264,40.4372646,117.264,-3.7313869,117.046,30.0,117.173,-0.3984585,117.173,0.1992283,117.173,-0.0185554,117.173,-0.0986366,116.746,-0.341794,117.173,-157.55735252085276,116.924,-9600.0,116.924,-4269.0,116.199,0.428272
2025-05-28 14:28:58.500000,117.509,47.149041,117.509,19.609626,117.581,40.4372634,117.581,-3.7313848999999997,117.311,30.0,117.509,-0.2689583,117.509,0.1593834,117.509,-0.058596,117.509,-0.1298878,117.267,-0.316072,117.509,-159.44410448348233,117.365,-9600.0,117.365,-6827.0,116.199,0.428272
2025-05-28 14:28:58.750000,117.781,47.07872759999999,117.781,19.527593699999997,117.968,40.4372627,117.968,-3.7313837,117.812,30.0,117.781,-0.4781502,117.781,0.2191517,117.781,-0.059572599999999996,117.781,-0.2939566,117.78,-0.294719,117.781,-157.5206765506005,117.864,-9600.0,117.864,-6033.0,116.199,0.428272
2025-05-28 14:28:59.250000,118.084,46.918569299999994,118.084,19.437748799999998,118.266,40.437261899999996,118.266,-3.7313823999999998,118.086,30.0,118.084,-0.4582268,118.084,0.2689583,118.084,0.1582092,118.084,-0.0761748,118.23,-0.297026,118.084,-163.07252475013192,117.864,-9600.0,117.864,-6033.0,116.199,0.428272
2025-05-28 14:28:59.750000,118.409,46.8404433,118.409,19.367435399999998,118.609,40.4372604,118.609,-3.7313794,118.574,30.0,118.409,-0.3984585,118.409,0.1892666,118.409,0.1132856,118.409,-0.2675884,118.23,-0.297026,118.409,-166.32891143469138,118.406,-9600.0,118.406,-6317.0,116.199,0.428272
2025-05-28 14:28:59.750000,118.664,46.750598399999994,118.664,19.3088409,119.012,40.437259499999996,119.012,-3.7313785,118.805,30.0,118.664,-0.4681885,118.664,0.1195366,118.664,0.2675884,118.664,-0.0673854,118.73,-0.285927,118.664,-168.6900675259798,118.86,-9600.0,118.86,-5837.0,116.199,0.428272
2025-05-28 14:29:00.250000,119.265,46.5396582,119.265,19.199464499999998,119.316,40.4372585,119.316,-3.7313777999999997,119.054,30.0,119.265,-0.4283417,119.265,0.2291134,119.265,0.0761748,119.265,-0.2128988,119.234,-0.268143,119.265,165.2565504110665,118.86,-9600.0,118.86,-5837.0,116.199,0.428272
2025-05-28 14:29:00.750000,119.573,46.289654999999996,119.573,19.199464499999998,119.656,40.4372563,119.656,-3.7313756,119.575,30.0,119.573,-0.3785351,119.573,0.2291134,119.573,-0.3017694,119.573,-0.2314542,119.234,-0.268143,119.573,-165.0689002427183,119.364,-9600.0,119.364,-6653.0,116.199,0.428272
2025-05-28 14:29:00.750000,119.913,46.2193416,119.913,19.199464499999998,120.025,40.4372556,120.025,-3.7313752,119.804,30.0,119.913,-0.2988434,119.913,0.0398449,119.913,-0.0136724,119.913,-0.2470798,119.711,-0.255917,119.913,-164.05563508082233,119.911,-9600.0,119.911,-6317.0,116.199,0.428272
2025-05-28 14:29:01.500000,120.169,46.1568408,120.169,19.2072771,120.403,40.4372543,120.403,-3.7313739,120.305,30.0,120.169,-0.34865,120.169,-0.0298832,120.169,-0.0839876,120.169,-0.1718816,120.23,-0.238714,120.169,-174.80637728906487,120.402,-9600.0,120.402,-6400.0,116.199,0.428272
2025-05-28 14:29:01.750000,120.501,46.066995899999995,120.501,19.2385275,120.753,40.4372536,120.753,-3.731373,120.556,30.0,120.501,-0.4084183,120.501,0.13946,120.501,0.170905,120.501,-0.2041094,120.23,-0.238714,120.501,-169.99231357923668,120.402,-9600.0,120.402,-6400.0,120.666,0.442352
2025-05-28 14:29:01.750000,120.756,46.000588799999996,120.756,19.258059,121.09,40.437253,121.09,-3.731372,120.81,30.0,120.756,-0.2888817,120.756,0.0,120.756,-0.014649,120.756,-0.16895179999999999,120.755,-0.225394,120.756,-160.55993154592193,120.857,-9600.0,120.857,-6033.0,120.666,0.442352
2025-05-28 14:29:02.500000,121.404,45.6880848,121.404,19.258059,121.41,40.437250899999995,121.41,-3.7313693,121.298,30.0,121.404,-0.4283417,121.404,0.1892666,121.404,-0.0947302,121.404,-0.166022,121.225,-0.211461,121.404,-153.434948822922,121.401,-9600.0,121.401,-6611.0,120.666,0.442352
2025-05-28 14:29:02.750000,121.653,45.598239899999996,121.653,19.289309399999997,121.755,40.43725,121.755,-3.7313682999999997,121.553,30.0,121.653,-0.4482651,121.653,0.2689583,121.653,0.2070392,121.653,-0.1347708,121.703,-0.193903,121.653,56.310773155117566,121.401,-9600.0,121.401,-6611.0,120.666,0.442352
2025-05-28 14:29:03.250000,121.984,45.488863499999994,121.984,19.3088409,122.108,40.437247899999996,122.108,-3.7313665,122.027,30.0,121.984,-0.4980717,121.984,0.2390751,121.984,0.332044,121.984,-0.4795106,121.703,-0.193903,121.984,111.800278946109,121.853,-9600.0,121.853,-6589.0,120.666,0.442352
2025-05-28 14:29:03.500000,122.254,45.3599556,122.254,19.316653499999997,122.511,40.437247,122.511,-3.7313655999999997,122.298,30.0,122.254,-0.4980717,122.254,0.2988434,122.254,0.0625024,122.254,-0.2373138,122.218,-0.180894,122.254,-56.310773155117566,122.352,-9600.0,122.352,-7348.0,120.666,0.442352
2025-05-28 14:29:04.250000,122.907,45.027920099999996,122.907,19.367435399999998,123.189,40.437244,123.189,-3.7313639999999997,123.039,30.0,122.907,-0.48811,122.907,0.0896515,122.907,0.2353606,122.907,-0.1923902,122.699,-0.180679,122.907,-5.70972751485116,122.905,-9600.0,122.905,-6849.0,120.666,0.442352
2025-05-28 14:29:04.500000,123.509,44.8286988,123.509,19.4182173,123.514,40.437243099999996,123.514,-3.7313634999999996,123.292,30.0,123.509,-0.4482651,123.509,0.1593834,123.509,0.0546896,123.509,-0.2080158,123.216,-0.190103,123.509,38.65994152658849,123.346,-9600.0,123.346,-6849.0,120.666,0.442352
2025-05-28 14:29:04.750000,123.758,44.6802594,123.758,19.4689992,123.854,40.4372417,123.854,-3.7313634999999996,123.787,30.0,123.758,-0.4283417,123.758,0.06973,123.758,0.1787178,123.758,-0.122075,123.697,-0.206049,123.758,113.9623763093689,123.852,-9600.0,123.852,-6893.0,120.666,0.442352
2025-05-28 14:29:05,124.055,44.5396326,124.055,19.437748799999998,124.245,40.4372397,124.245,-3.7313633,124.056,30.0,124.055,-0.3586117,124.055,0.0199215,124.055,0.180671,124.055,-0.30079279999999997,123.697,-0.206049,124.055,173.6600303753513,123.852,-9600.0,123.852,-6893.0,120.666,0.442352
2025-05-28 14:29:05.250000,124.388,44.328692399999994,124.388,19.386966899999997,124.558,40.4372386,124.558,-3.731363,124.289,30.0,124.388,-0.41838000000000003,124.388,0.0796917,124.388,0.3066524,124.388,-0.2841906,124.248,-0.225061,124.388,180.0,124.385,-9600.0,124.385,-6255.0,120.666,0.442352
2025-05-28 14:29:05.750000,124.641,44.207597099999994,124.641,19.2385275,124.939,40.437236399999996,124.939,-3.7313617999999997,124.796,30.0,124.641,-0.3586117,124.641,0.1992283,124.641,0.2255946,124.641,-0.229501,124.709,-0.235658,124.641,152.30060750787692,124.845,-9600.0,124.845,-6379.0,120.666,0.442352
2025-05-28 14:29:06,124.992,44.0904081,124.992,19.1682141,125.252,40.4372353,125.252,-3.7313612,125.073,30.0,124.992,-0.4283417,124.992,0.2490349,124.992,0.2451266,124.992,-0.3535292,125.251,-0.235671,124.992,110.13613217116776,124.845,-9600.0,124.845,-6379.0,125.161,0.456511
2025-05-28 14:29:06.500000,125.59,43.828686,125.59,19.148682599999997,125.597,40.437232699999996,125.597,-3.73136,125.592,30.0,125.59,-0.4681885,125.59,0.13946,125.59,0.3818506,125.59,-0.2187584,125.251,-0.235671,125.59,115.55974660493662,125.341,-9600.0,125.341,-6420.0,125.161,0.456511
2025-05-28 14:29:06.500000,125.893,43.5279009,125.893,19.1564952,125.975,40.4372314,125.975,-3.7313589,125.592,30.0,125.893,-0.5179951,125.893,0.3287266,125.893,0.1543028,125.893,-0.1357474,125.705,-0.239624,125.893,86.90615684646072,125.889,-9600.0,125.889,-5974.0,125.161,0.456511
2025-05-28 14:29:07,126.151,43.4185245,126.151,19.1564952,126.297,40.4372304,126.297,-3.7313582999999997,126.032,30.0,126.151,-0.3785351,126.151,0.06973,126.151,0.224618,126.151,-0.1533262,126.2,-0.230011,126.151,96.84254932890016,125.889,-9600.0,125.889,-5974.0,125.161,0.456511
2025-05-28 14:29:07.500000,126.482,43.309148099999994,126.482,19.199464499999998,126.634,40.437228499999996,126.634,-3.7313574999999997,126.509,30.0,126.482,-0.3287266,126.482,0.0398449,126.482,0.1767646,126.482,0.0283214,126.2,-0.230011,126.482,64.98314640633069,126.38,-9600.0,126.38,-5954.0,125.161,0.456511
2025-05-28 14:29:07.750000,126.749,43.20758429999999,126.749,19.199464499999998,126.987,40.4372277,126.987,-3.7313566,126.776,30.0,126.749,-0.38849680000000003,126.749,0.2191517,126.749,0.1484432,126.749,0.0556662,126.685,-0.21211,126.749,119.35729954556506,126.841,-9600.0,126.841,-6235.0,125.161,0.456511
2025-05-28 14:29:08.250000,127.048,43.129458299999996,127.048,19.218995999999997,127.375,40.4372263,127.375,-3.7313544,127.256,30.0,127.048,-0.4084183,127.048,0.2888817,127.048,0.1523496,127.048,-0.059572599999999996,127.209,-0.197909,127.048,71.56723695434444,127.374,-9600.0,127.374,-6441.0,125.161,0.456511
2025-05-28 14:29:08.500000,127.641,42.879455099999994,127.641,19.2268086,127.711,40.4372255,127.711,-3.7313532,127.532,30.0,127.641,-0.5179951,127.641,0.27892,127.641,-0.078128,127.641,0.1865306,127.209,-0.197909,127.641,99.46084539087832,127.374,-9600.0,127.374,-6441.0,125.161,0.456511
2025-05-28 14:29:08.750000,127.935,42.738828299999994,127.935,19.218995999999997,128.04,40.4372243,128.04,-3.7313525999999997,127.771,30.0,127.935,-0.5777634,127.935,0.1195366,127.935,-0.0107426,127.935,-0.029298,127.712,-0.193844,127.935,101.3082511611645,127.826,-9600.0,127.826,-6960.0,125.161,0.456511
2025-05-28 14:29:09.250000,128.232,42.617732999999994,128.232,19.1877456,128.424,40.437222,128.424,-3.7313514,128.272,30.0,128.232,-0.4383034,128.232,0.2390751,128.232,0.014649,128.232,-0.0175788,128.231,-0.203742,128.232,-157.61973561774192,128.328,-9600.0,128.328,-6632.0,125.161,0.456511
2025-05-28 14:29:09.500000,128.544,42.4888251,128.544,19.129151099999998,128.74,40.4372208,128.74,-3.7313509999999996,128.545,30.0,128.544,-0.4980717,128.544,0.13946,128.544,0.312512,128.544,0.107426,128.676,-0.215659,128.544,-142.43138765821666,128.328,-9600.0,128.328,-6632.0,125.161,0.456511
2025-05-28 14:29:10,128.88,42.3481983,128.88,19.0900881,129.07,40.437219,129.07,-3.7313501,129.017,30.0,128.88,-0.3984585,128.88,0.0498066,128.88,0.0693386,128.88,0.0957068,128.676,-0.215659,128.88,-133.66774470285503,128.878,-9600.0,128.878,-6611.0,125.161,0.456511
2025-05-28 14:29:10.250000,129.14,42.148976999999995,129.14,19.0666503,129.474,40.4372183,129.474,-3.7313498999999997,129.267,30.0,129.14,-0.3287266,129.14,0.1195366,129.14,0.0771514,129.14,-0.16895179999999999,129.189,-0.232612,129.14,-142.59452406288207,129.32,-9600.0,129.32,-6740.0,125.161,0.456511
2025-05-28 14:29:10.500000,129.727,41.9575683,129.727,19.0471188,129.775,40.4372173,129.775,-3.7313494,129.517,30.0,129.727,-0.5080334,129.727,0.0996132,129.727,0.166022,129.727,0.1523496,129.692,-0.256438,129.727,-147.09478373170398,129.32,-9600.0,129.32,-6740.0,129.628,0.470375
2025-05-28 14:29:11,130.033,41.859910799999994,130.033,19.0197747,130.129,40.4372155,130.129,-3.7313481,130.033,30.0,130.033,-0.4283417,130.033,0.1095749,130.033,-0.063479,130.033,-0.0009766,129.692,-0.256438,130.033,-151.9274752498681,129.824,-9600.0,129.824,-6697.0,129.628,0.470375
2025-05-28 14:29:11.250000,130.364,41.680220999999996,130.364,19.0002432,130.477,40.4372147,130.477,-3.7313471999999996,130.265,30.0,130.364,-0.2988434,130.364,0.1494217,130.364,-0.063479,130.364,0.009766,130.225,-0.284538,130.364,-135.0,130.362,-9600.0,130.362,-5760.0,129.628,0.470375
2025-05-28 14:29:11.750000,130.626,41.598188699999994,130.626,18.9768054,130.826,40.437214,130.826,-3.7313468,130.761,30.0,130.626,-0.3984585,130.626,0.1195366,130.626,0.0449236,130.626,0.1982498,130.672,-0.305563,130.626,-100.00768642076332,130.826,-9600.0,130.826,-5495.0,129.628,0.470375
2025-05-28 14:29:12,130.955,41.457561899999995,130.955,18.957273899999997,131.212,40.437211999999995,131.212,-3.7313446999999997,131.011,30.0,130.955,-0.3984585,130.955,0.0796917,130.955,-0.0771514,130.955,0.3330206,130.672,-0.305563,130.955,-116.56286531642314,130.826,-9600.0,130.826,-5495.0,129.628,0.470375
2025-05-28 14:29:12.250000,131.216,41.367717,131.216,18.9494613,131.557,40.4372111,131.557,-3.7313438,131.264,30.0,131.216,-0.4084183,131.216,0.2191517,131.216,0.1084026,131.216,0.1630922,131.215,-0.297562,131.216,-153.4371346835769,131.32,-9600.0,131.32,-4976.0,129.628,0.470375
2025-05-28 14:29:12.750000,131.867,41.1802146,131.867,18.886960499999997,131.87,40.437209599999996,131.87,-3.7313421,131.757,30.0,131.867,-0.3386883,131.867,0.2390751,131.867,-0.0527364,131.867,0.1679752,131.667,-0.269275,131.867,180.0,131.865,-9600.0,131.865,-5367.0,129.628,0.470375
2025-05-28 14:29:13,132.124,41.047400399999994,132.124,18.886960499999997,132.237,40.4372091,132.237,-3.7313418,132.008,30.0,132.124,-0.3187668,132.124,0.1992283,132.124,-0.1435602,132.124,0.4033358,132.236,-0.221005,132.124,-55.00768642076333,131.865,-9600.0,131.865,-5367.0,129.628,0.470375
2025-05-28 14:29:13.500000,132.454,40.969274399999996,132.454,18.8791479,132.564,40.437208399999996,132.564,-3.7313411999999997,132.51,30.0,132.454,-0.3685734,132.454,0.1793049,132.454,-0.2021562,132.454,0.3056758,132.236,-0.221005,132.454,-53.13053949960347,132.316,-9600.0,132.316,-5011.0,129.628,0.470375
2025-05-28 14:29:13.750000,132.728,40.859897999999994,132.728,18.8986794,132.914,40.437206499999995,132.914,-3.7313397999999998,132.754,30.0,132.728,-0.34865,132.728,0.1593834,132.728,-0.0283214,132.728,0.3359504,132.668,-0.172777,132.728,-48.36593308422911,132.819,-9600.0,132.819,-7232.0,129.628,0.470375
2025-05-28 14:29:14.250000,133.031,40.7700531,133.031,18.8986794,133.26,40.4372055,133.26,-3.7313389999999997,133.26,30.0,133.031,-0.3386883,133.031,0.1593834,133.031,-0.3886868,133.031,0.1933668,133.176,-0.145283,133.031,-85.60200177570775,132.819,-9600.0,132.819,-7232.0,129.628,0.470375
2025-05-28 14:29:14.500000,133.357,40.508331,133.357,18.816647099999997,133.651,40.4372032,133.651,-3.7313365999999997,133.509,30.0,133.357,-0.4482651,133.357,0.2689583,133.357,-0.0556662,133.357,0.1201218,133.176,-0.145283,133.357,-81.57319233694207,133.355,-9600.0,133.355,-7586.0,129.628,0.470375
2025-05-28 14:29:14.750000,133.961,40.289578199999994,133.961,18.840084899999997,133.963,40.4372022,133.963,-3.7313357999999996,133.753,30.0,133.961,-0.4283417,133.961,0.2888817,133.961,-0.0820344,133.961,0.092777,133.679,-0.12241,133.961,-71.56505117707799,133.807,-9600.0,133.807,-6827.0,129.628,0.470375
2025-05-28 14:29:15.250000,134.217,40.168482899999994,134.217,18.8596164,134.351,40.4372012,134.351,-3.7313351,134.231,30.0,134.217,-0.4681885,134.217,0.1693432,134.217,0.0087894,134.217,0.0791046,134.216,-0.100137,134.217,-88.15269645410044,134.35,-9600.0,134.35,-6916.0,134.124,0.483925
2025-05-28 14:29:15.500000,134.521,40.090356899999996,134.521,18.8986794,134.685,40.4371994,134.685,-3.731334,134.522,30.0,134.521,-0.4482651,134.521,0.1494217,134.521,-0.2793076,134.521,0.0947302,134.216,-0.100137,134.521,-111.8012587498339,134.35,-9600.0,134.35,-6916.0,134.124,0.483925
2025-05-28 14:29:15.750000,134.856,39.9770742,134.856,18.9299298,135.011,40.4371984,135.011,-3.7313332,134.746,30.0,134.856,-0.4781502,134.856,0.1992283,134.856,-0.2080158,134.856,0.1884838,134.688,-0.075141,134.856,-106.50443028690918,134.854,-9600.0,134.854,-7682.0,134.124,0.483925
2025-05-28 14:29:16.250000,135.14,39.727070999999995,135.14,19.008055799999998,135.405,40.437196199999995,135.405,-3.7313321,135.244,30.0,135.14,-0.4781502,135.14,0.1294983,135.14,-0.3545058,135.14,-0.1113324,135.175,-0.073666,135.14,-58.67136742643816,135.312,-9600.0,135.312,-6871.0,134.124,0.483925
2025-05-28 14:29:16.500000,135.416,39.6176946,135.416,19.0393062,135.743,40.4371951,135.743,-3.7313316,135.477,30.0,135.416,-0.4482651,135.416,0.1593834,135.416,-0.1474666,135.416,0.0625024,135.661,-0.074787,135.416,-77.12495604958664,135.312,-9600.0,135.312,-6871.0,134.124,0.483925
2025-05-28 14:29:17,136.052,39.3872229,136.052,19.1096196,136.054,40.4371941,136.054,-3.7313311999999996,136.052,30.0,136.052,-0.5080334,136.052,0.0996132,136.052,-0.0693386,136.052,0.0693386,135.661,-0.074787,136.052,-63.43505810615717,135.796,-9600.0,135.796,-6296.0,134.124,0.483925
2025-05-28 14:29:17.250000,136.355,39.277846499999995,136.355,19.148682599999997,136.452,40.437191899999995,136.452,-3.7313302,136.24,30.0,136.355,-0.4283417,136.355,0.0398449,136.355,-0.24415,136.355,0.0224618,136.169,-0.076918,136.355,-59.349221095243536,136.352,-9600.0,136.352,-7805.0,134.124,0.483925
2025-05-28 14:29:17.500000,136.598,38.988780299999995,136.598,19.2775905,136.79,40.4371905,136.79,-3.7313292999999996,136.492,30.0,136.598,-0.5080334,136.598,0.0996132,136.598,-0.4423998,136.598,-0.0410172,136.649,-0.097553,136.598,-65.3764822510697,136.352,-9600.0,136.352,-7805.0,134.124,0.483925
2025-05-28 14:29:18,136.948,38.828621999999996,136.948,19.5002496,137.091,40.437188,137.091,-3.7313275999999997,136.989,30.0,136.948,-0.41838000000000003,136.948,0.20919000000000001,136.948,-0.122075,136.948,0.2255946,136.649,-0.097553,136.948,-59.589003240201684,136.792,-9600.0,136.792,-6568.0,134.124,0.483925
2025-05-28 14:29:18.250000,137.208,38.719245599999994,137.208,19.6369701,137.449,40.4371868,137.449,-3.7313275,137.247,30.0,137.208,-0.4781502,137.208,0.0498066,137.208,-0.28223739999999997,137.208,0.1914136,137.207,-0.109368,137.208,-64.59242121187913,137.296,-9600.0,137.296,-6653.0,134.124,0.483925
2025-05-28 14:29:18.750000,137.513,38.578618799999994,137.513,19.7502528,137.846,40.437185799999995,137.846,-3.7313273,137.735,30.0,137.513,-0.4482651,137.513,0.0597683,137.513,-0.224618,137.513,-0.0107426,137.646,-0.122161,137.513,-75.67738219906781,137.844,-9600.0,137.844,-6697.0,134.124,0.483925
2025-05-28 14:29:19,138.096,38.2075203,138.096,19.8283788,138.18,40.437183499999996,138.18,-3.7313267999999997,138.011,30.0,138.096,-0.4482651,138.096,0.0298832,138.096,-0.1845774,138.096,0.0966834,137.646,-0.122161,138.096,-64.53668523855279,137.844,-9600.0,137.844,-6697.0,134.124,0.483925
2025-05-28 14:29:19.250000,138.432,38.137206899999995,138.432,19.8791607,138.506,40.437182799999995,138.506,-3.7313270999999997,138.237,30.0,138.432,-0.3586117,138.432,0.0896515,138.432,-0.3496228,138.432,0.059572599999999996,138.182,-0.135619,138.432,-61.858357407329315,138.291,-9600.0,138.291,-5915.0,134.124,0.483925
2025-05-28 14:29:19.750000,138.696,38.047362,138.696,20.0666631,138.895,40.437182,138.895,-3.731327,138.734,30.0,138.696,-0.4681885,138.696,0.13946,138.696,-0.0322278,138.696,0.2060626,138.695,-0.142569,138.696,-58.81501980232286,138.788,-9600.0,138.788,-6893.0,138.6,0.498423
2025-05-28 14:29:20,139.01,37.9379856,139.01,20.1096324,139.202,40.4371801,139.202,-3.7313267,139.011,30.0,139.01,-0.4781502,139.01,0.1494217,139.01,-0.1787178,139.01,0.1982498,139.201,-0.163617,139.01,-82.4055236583583,138.788,-9600.0,138.788,-6893.0,138.6,0.498423
2025-05-28 14:29:20.500000,139.335,37.828609199999995,139.335,20.156508,139.54,40.4371789,139.54,-3.7313259999999997,139.488,30.0,139.335,-0.41838000000000003,139.335,0.06973,139.335,-0.0898472,139.335,0.2480564,139.201,-0.163617,139.335,-94.89891533299019,139.333,-9600.0,139.333,-6113.0,138.6,0.498423
2025-05-28 14:29:20.750000,139.59,37.578606,139.59,20.2072899,139.935,40.437176799999996,139.935,-3.7313261,139.728,30.0,139.59,-0.5279568,139.59,0.0099598,139.59,-0.3984528,139.59,0.063479,139.642,-0.177329,139.59,-71.14682959108775,139.78,-9600.0,139.78,-6441.0,138.6,0.498423
2025-05-28 14:29:21,140.188,37.3403217,140.188,20.289322199999997,140.233,40.437175599999996,140.233,-3.7313259,139.977,30.0,140.188,-0.5379185,140.188,0.2390751,140.188,-0.161139,140.188,0.3300908,140.187,-0.183519,140.188,-90.0,139.78,-9600.0,139.78,-6441.0,138.6,0.498423
2025-05-28 14:29:21.500000,140.509,37.2192264,140.509,20.457293099999998,140.587,40.4371736,140.587,-3.7313256,140.51,30.0,140.509,-0.3984585,140.509,0.13946,140.509,0.078128,140.509,0.004883,140.187,-0.183519,140.509,-77.19588422627135,140.336,-9600.0,140.336,-6255.0,138.6,0.498423
2025-05-28 14:29:21.750000,140.832,37.109849999999994,140.832,20.6096388,140.943,40.437172,140.943,-3.7313240999999997,140.724,30.0,140.832,-0.4781502,140.832,0.1195366,140.832,-0.2236414,140.832,0.0839876,140.651,-0.181627,140.832,-66.16133399114712,140.831,-9600.0,140.831,-5740.0,138.6,0.498423
2025-05-28 14:29:22.250000,141.092,36.7387515,141.092,20.6994837,141.321,40.4371702,141.321,-3.7313223,141.224,30.0,141.092,-0.5080334,141.092,0.3088051,141.092,-0.1377006,141.092,-0.1523496,141.157,-0.159101,141.092,-59.03631489497641,141.321,-9600.0,141.321,-5934.0,138.6,0.498423
2025-05-28 14:29:22.500000,141.424,36.5785932,141.424,20.7776097,141.677,40.437167599999995,141.677,-3.7313197999999996,141.478,30.0,141.424,-0.3785351,141.424,0.2490349,141.424,-0.1845774,141.424,-0.043947,141.157,-0.159101,141.424,-64.35893022572947,141.321,-9600.0,141.321,-5934.0,138.6,0.498423
2025-05-28 14:29:22.750000,141.682,36.4496853,141.682,20.840110499999998,142.018,40.4371663,142.018,-3.7313186999999997,141.721,30.0,141.682,-0.4383034,141.682,0.1494217,141.682,0.0410172,141.682,0.1347708,141.68,-0.131032,141.682,-59.036211325748006,141.774,-9600.0,141.774,-7419.0,138.6,0.498423
2025-05-28 14:29:23.250000,142.284,36.156712799999994,142.284,20.9182365,142.389,40.4371638,142.389,-3.7313170999999996,142.219,30.0,142.284,-0.5379185,142.284,0.1494217,142.284,-0.1494198,142.284,0.0068362,142.149,-0.123439,142.284,-53.36593701801944,142.283,-9600.0,142.283,-6296.0,138.6,0.498423
2025-05-28 14:29:23.500000,142.579,35.9184285,142.579,21.0080814,142.69,40.4371629,142.69,-3.7313167999999997,142.475,30.0,142.579,-0.4084183,142.579,0.1095749,142.579,-0.07519819999999999,142.579,0.1298878,142.634,-0.117522,142.579,-79.59244279405709,142.283,-9600.0,142.283,-6296.0,138.6,0.498423
2025-05-28 14:29:24,142.946,35.816864699999996,142.946,21.0588633,143.025,40.4371619,143.025,-3.7313161,142.971,30.0,142.946,-0.4283417,142.946,0.1195366,142.946,0.0302746,142.946,0.2754012,142.634,-0.117522,142.946,-68.68200873800062,142.77,-9600.0,142.77,-6073.0,138.6,0.498423
2025-05-28 14:29:24.250000,143.264,35.6996757,143.264,21.097926299999997,143.408,40.4371601,143.408,-3.731315,143.268,30.0,143.264,-0.41838000000000003,143.264,0.1095749,143.264,-0.2431734,143.264,0.0058595999999999995,143.162,-0.116568,143.264,-70.42684542343852,143.27,-9600.0,143.27,-7095.0,143.088,0.512228
2025-05-28 14:29:24.500000,143.486,35.6098308,143.486,21.097926299999997,143.721,40.4371593,143.721,-3.7313148,143.487,30.0,143.486,-0.38849680000000003,143.486,0.0796917,143.486,0.04883,143.486,0.0791046,143.644,-0.117858,143.486,-80.7538930122574,143.27,-9600.0,143.27,-7095.0,143.088,0.512228
2025-05-28 14:29:25,143.815,35.527798499999996,143.815,21.097926299999997,144.117,40.4371571,144.117,-3.7313137999999997,143.966,30.0,143.815,-0.3984585,143.815,0.06973,143.815,-0.14649,143.815,-0.0400406,143.644,-0.117858,143.815,-86.82038844702298,143.814,-9600.0,143.814,-6400.0,143.088,0.512228
2025-05-28 14:29:25.250000,144.432,35.1684189,144.432,21.1369893,144.435,40.437156099999996,144.435,-3.7313134,144.21,30.0,144.432,-0.4681885,144.432,0.1693432,144.432,0.0654322,144.432,0.0996132,144.145,-0.112673,144.432,-79.21566626258287,144.264,-9600.0,144.264,-6697.0,143.088,0.512228
2025-05-28 14:29:25.750000,144.674,35.0590425,144.674,21.187771199999997,144.776,40.4371551,144.776,-3.7313128,144.712,30.0,144.674,-0.4980717,144.674,0.2191517,144.674,0.0175788,144.674,0.0761748,144.673,-0.108587,144.674,-60.94544744973186,144.776,-9600.0,144.776,-6589.0,143.088,0.512228
2025-05-28 14:29:26,144.987,34.937947199999996,144.987,21.238553099999997,145.155,40.437153099999996,145.155,-3.7313121,144.988,30.0,144.987,-0.4283417,144.987,0.0498066,144.987,0.2959098,144.987,0.0459002,144.673,-0.108587,144.987,-59.82657715054632,144.776,-9600.0,144.776,-6589.0,143.088,0.512228
2025-05-28 14:29:26.250000,145.308,34.8402897,145.308,21.289334999999998,145.478,40.437152,145.478,-3.7313118,145.211,30.0,145.308,-0.4084183,145.308,0.0,145.308,0.2353606,145.308,0.0449236,145.161,-0.098039,145.308,-76.32891143469138,145.307,-9600.0,145.307,-6697.0,143.088,0.512228
2025-05-28 14:29:26.750000,145.568,34.5785676,145.568,21.328398,145.86,40.4371508,145.86,-3.7313112999999998,145.705,30.0,145.568,-0.48811,145.568,0.0597683,145.568,0.09375359999999999,145.568,0.07519819999999999,145.619,-0.102742,145.568,-73.41270688307766,145.769,-9600.0,145.769,-6916.0,143.088,0.512228
2025-05-28 14:29:27,145.914,34.4496597,145.914,21.4885563,146.21,40.4371487,146.21,-3.7313099,145.956,30.0,145.914,-0.5379185,145.914,0.1693432,145.914,-0.14649,145.914,0.0722684,146.122,-0.107427,145.914,-57.60024338051102,145.769,-9600.0,145.769,-6916.0,143.088,0.512228
2025-05-28 14:29:27.500000,146.473,34.258250999999994,146.473,21.5393382,146.523,40.4371479,146.523,-3.7313094999999996,146.474,30.0,146.473,-0.3984585,146.473,0.0,146.473,0.1054728,146.473,0.273448,146.122,-0.107427,146.473,-79.56254660801292,146.262,-9600.0,146.262,-6827.0,143.088,0.512228
2025-05-28 14:29:27.750000,146.803,34.1566872,146.803,21.5588697,146.901,40.437146,146.901,-3.7313088,146.708,30.0,146.803,-0.41838000000000003,146.803,0.06973,146.803,-0.0351576,146.803,0.1289112,146.626,-0.119065,146.803,-83.08890145004985,146.802,-9600.0,146.802,-6827.0,143.088,0.512228
2025-05-28 14:29:28,147.115,33.9184029,147.115,21.6096516,147.209,40.4371449,147.209,-3.7313083,146.932,30.0,147.115,-0.4482651,147.115,0.0896515,147.115,-0.141607,147.115,-0.0283214,147.123,-0.133923,147.115,-60.57258175055947,146.802,-9600.0,146.802,-6827.0,143.088,0.512228
2025-05-28 14:29:28.500000,147.414,33.797307599999996,147.414,21.679965,147.555,40.4371438,147.555,-3.731308,147.453,30.0,147.414,-0.5179951,147.414,0.1593834,147.414,-0.1298878,147.414,-0.0556662,147.123,-0.133923,147.414,-54.72753521931702,147.258,-9600.0,147.258,-6849.0,143.088,0.512228
2025-05-28 14:29:28.750000,147.67,33.6801186,147.67,21.8674674,147.911,40.437141499999996,147.911,-3.7313069999999997,147.682,30.0,147.67,-0.4681885,147.67,0.06973,147.67,-0.1728582,147.67,0.0322278,147.668,-0.160767,147.67,-61.557203395691154,147.751,-9600.0,147.751,-6893.0,147.568,0.526536
2025-05-28 14:29:29.250000,147.972,33.547304399999994,147.972,21.9690312,148.304,40.4371405,148.304,-3.7313069,148.201,30.0,147.972,-0.5179951,147.972,0.0796917,147.972,0.0673854,147.972,0.0419938,148.154,-0.190843,147.972,-61.6992818314833,148.303,-9600.0,148.303,-6893.0,147.568,0.526536
2025-05-28 14:29:29.500000,148.555,33.3285516,148.555,22.019813099999997,148.643,40.437138399999995,148.643,-3.7313063,148.451,30.0,148.555,-0.4383034,148.555,0.1693432,148.555,-0.0136724,148.555,0.1308644,148.154,-0.190843,148.555,-78.31069312982025,148.303,-9600.0,148.303,-6893.0,147.568,0.526536
2025-05-28 14:29:29.750000,148.894,33.0902673,148.894,22.0784076,148.97,40.4371374,148.97,-3.7313061,148.695,30.0,148.894,-0.4283417,148.894,0.1095749,148.894,0.1630922,148.894,-0.126958,148.645,-0.224487,148.894,-61.389488128630255,148.748,-9600.0,148.748,-3947.0,147.568,0.526536
2025-05-28 14:29:30.250000,149.159,32.976984599999994,149.159,22.1291895,149.315,40.4371364,149.315,-3.7313056999999996,149.198,30.0,149.159,-0.3386883,149.159,0.1593834,149.159,-0.2597756,149.159,-0.234384,149.158,-0.216291,149.159,-74.35776164987199,149.251,-9600.0,149.251,-6133.0,147.568,0.526536
2025-05-28 14:29:30.500000,149.469,32.8871397,149.469,22.1565336,149.697,40.4371347,149.697,-3.7313053999999997,149.472,30.0,149.469,-0.4084183,149.469,0.13946,149.469,-0.1992264,149.469,-0.2754012,149.603,-0.194408,149.469,-82.87508452785666,149.251,-9600.0,149.251,-6133.0,147.568,0.526536
2025-05-28 14:29:31,149.793,32.789482199999995,149.793,22.226847,149.999,40.4371339,149.999,-3.7313053,149.944,30.0,149.793,-0.4084183,149.793,0.1992283,149.793,-0.0517598,149.793,-0.0332044,149.603,-0.194408,149.793,-70.01694665752606,149.792,-9600.0,149.792,-5098.0,147.568,0.526536
2025-05-28 14:29:31.250000,150.052,32.6996373,150.052,22.2502848,150.396,40.437131699999995,150.396,-3.7313047,150.189,30.0,150.052,-0.3785351,150.052,0.1095749,150.052,-0.0400406,150.052,-0.15039639999999999,150.118,-0.172793,150.052,-75.3237112181996,150.253,-9600.0,150.253,-6525.0,147.568,0.526536
2025-05-28 14:29:31.500000,150.65,32.340257699999995,150.65,22.289347799999998,150.747,40.437130599999996,150.747,-3.7313045999999996,150.453,30.0,150.65,-0.48811,150.65,0.1494217,150.65,-0.1728582,150.65,-0.1005898,150.602,-0.16254,150.65,-78.90640646159706,150.253,-9600.0,150.253,-6525.0,147.568,0.526536
2025-05-28 14:29:32,150.978,32.219162399999995,150.978,22.3401297,151.045,40.4371296,151.045,-3.7313042,150.979,30.0,150.978,-0.4283417,150.978,0.1693432,150.978,-0.0253916,150.978,-0.0556662,150.602,-0.16254,150.978,-75.65077890475646,150.75,-9600.0,150.75,-5993.0,147.568,0.526536
2025-05-28 14:29:32.250000,151.293,32.078535599999995,151.293,22.476850199999998,151.396,40.4371272,151.396,-3.7313023,151.185,30.0,151.293,-0.4482651,151.293,0.2191517,151.293,0.1523496,151.293,0.0253916,151.112,-0.152361,151.293,-63.43494882292201,151.292,-9600.0,151.292,-6073.0,147.568,0.526536
2025-05-28 14:29:32.750000,151.541,31.9574403,151.541,22.519819499999997,151.756,40.437125699999996,151.756,-3.7313011,151.696,30.0,151.541,-0.4980717,151.541,0.2191517,151.541,0.0166022,151.541,-0.1181686,151.595,-0.139776,151.541,-73.30088109078005,151.755,-9600.0,151.755,-6174.0,147.568,0.526536
2025-05-28 14:29:33,151.873,31.656655199999996,151.873,22.6487274,152.146,40.4371237,152.146,-3.7312993999999997,151.931,30.0,151.873,-0.41838000000000003,151.873,0.2390751,151.873,-0.0410172,151.873,-0.3086056,151.595,-0.139776,151.873,-78.69006752597979,151.755,-9600.0,151.755,-6174.0,152.045,0.540019
2025-05-28 14:29:33.250000,152.15,31.566810299999997,152.15,22.6995093,152.483,40.4371224,152.483,-3.7312985999999997,152.186,30.0,152.15,-0.3287266,152.15,0.1892666,152.15,0.0712918,152.15,0.0791046,152.149,-0.11921,152.15,-61.78259871562804,152.273,-9600.0,152.273,-7118.0,152.045,0.540019
2025-05-28 14:29:33.750000,152.795,31.2972756,152.795,22.7698227,152.796,40.4371213,152.796,-3.7312980999999996,152.683,30.0,152.795,-0.3984585,152.795,0.1693432,152.795,0.0761748,152.795,0.2334074,152.612,-0.10891,152.795,-53.34381550792734,152.79,-9600.0,152.79,-6358.0,152.045,0.540019
2025-05-28 14:29:34,153.049,31.187899199999997,153.049,22.8479487,153.155,40.437118999999996,153.155,-3.7312971,152.929,30.0,153.049,-0.4482651,153.049,0.13946,153.049,0.0996132,153.049,-0.136724,153.101,-0.097052,153.049,-54.782293457795696,152.79,-9600.0,152.79,-6358.0,152.045,0.540019
2025-05-28 14:29:34.500000,153.378,30.859769999999997,153.378,22.9377936,153.486,40.4371173,153.486,-3.731296,153.432,30.0,153.378,-0.48811,153.378,0.06973,153.378,0.0527364,153.378,-0.0361342,153.101,-0.097052,153.378,-57.99473958211575,153.236,-9600.0,153.236,-6611.0,152.045,0.540019
2025-05-28 14:29:34.750000,153.612,30.6800802,153.612,22.9885755,153.874,40.4371157,153.874,-3.7312946,153.678,30.0,153.612,-0.48811,153.612,0.0996132,153.612,-0.1396538,153.612,-0.0380874,153.609,-0.086113,153.612,-64.05784006552275,153.73,-9600.0,153.73,-6653.0,152.045,0.540019
2025-05-28 14:29:35,153.953,30.519921899999996,153.953,23.039357399999997,154.181,40.4371121,154.181,-3.7312917,153.953,30.0,153.953,-0.6375336,153.953,0.2888817,153.953,-0.1718816,153.953,-0.1015664,154.106,-0.085389,153.953,-65.43275488909563,153.73,-9600.0,153.73,-6653.0,152.045,0.540019
2025-05-28 14:29:35.500000,154.277,30.289450199999997,154.277,23.1096708,154.575,40.437111,154.575,-3.7312911,154.432,30.0,154.277,-0.6076485,154.277,0.2291134,154.277,-0.0166022,154.277,-0.136724,154.106,-0.085389,154.277,-64.7987834790229,154.276,-9600.0,154.276,-6589.0,152.045,0.540019
2025-05-28 14:29:35.750000,154.88,30.008196599999998,154.88,23.308892099999998,154.883,40.4371085,154.883,-3.7312889,154.676,30.0,154.88,-0.4084183,154.88,0.1992283,154.88,0.3252078,154.88,0.1845774,154.602,-0.090944,154.88,-59.03631489497641,154.729,-9600.0,154.729,-6675.0,152.045,0.540019
2025-05-28 14:29:36.250000,155.133,29.769912299999998,155.133,23.379205499999998,155.269,40.437107499999996,155.269,-3.7312887,155.173,30.0,155.133,-0.4383034,155.133,-0.0298832,155.133,0.1845774,155.133,0.0351576,155.098,-0.099808,155.133,-62.44716406595234,155.268,-9600.0,155.268,-6871.0,152.045,0.540019
2025-05-28 14:29:36.500000,155.443,29.668348499999997,155.443,23.449518899999998,155.61,40.437105599999995,155.61,-3.7312879,155.445,30.0,155.443,-0.4383034,155.443,-0.0398449,155.443,0.0712918,155.443,-0.0263682,155.098,-0.099808,155.443,-56.003532726587906,155.268,-9600.0,155.268,-6871.0,152.045,0.540019
2025-05-28 14:29:36.750000,155.775,29.5589721,155.775,23.5081134,155.948,40.437104399999996,155.948,-3.7312871,155.669,30.0,155.775,-0.41838000000000003,155.775,-0.0199215,155.775,0.0068362,155.775,-0.1279346,155.617,-0.110349,155.775,-70.1150055045937,155.774,-9600.0,155.774,-7658.0,152.045,0.540019
2025-05-28 14:29:37.250000,156.049,29.430064199999997,156.049,23.539363799999997,156.286,40.4371029,156.286,-3.7312863999999997,156.161,30.0,156.049,-0.5877251,156.049,0.2888817,156.049,0.1582092,156.049,0.0918004,156.122,-0.147796,156.049,-71.56505117707799,156.225,-9600.0,156.225,-6611.0,152.045,0.540019
2025-05-28 14:29:37.500000,156.372,29.1097476,156.372,23.5979583,156.677,40.4371003,156.677,-3.731286,156.401,30.0,156.372,-0.5379185,156.372,0.0099598,156.372,0.136724,156.372,0.0771514,156.594,-0.183885,156.372,-67.38023204888978,156.225,-9600.0,156.225,-6611.0,156.541,0.55446
2025-05-28 14:29:38,156.973,28.816775099999997,156.973,23.758116599999997,156.975,40.437098899999995,156.975,-3.7312847,156.973,30.0,156.973,-0.4482651,156.973,0.0896515,156.973,0.4599786,156.973,0.0224618,156.594,-0.183885,156.973,-74.8460114926351,156.725,-9600.0,156.725,-5626.0,156.541,0.55446
2025-05-28 14:29:38.250000,157.273,28.699586099999998,157.273,23.758116599999997,157.361,40.4370966,157.361,-3.7312836,157.164,30.0,157.273,-0.4283417,157.273,0.0796917,157.273,0.0380874,157.273,-0.0224618,157.111,-0.199161,157.273,-70.42684542343852,157.272,-9600.0,157.272,-6762.0,156.541,0.55446
2025-05-28 14:29:38.500000,157.532,28.558959299999998,157.532,23.7971796,157.714,40.4370951,157.714,-3.7312825999999997,157.433,30.0,157.532,-0.4482651,157.532,0.1593834,157.532,0.3525526,157.532,0.107426,157.584,-0.223449,157.532,-70.76930654749785,157.272,-9600.0,157.272,-6762.0,156.541,0.55446
2025-05-28 14:29:39,157.86,28.398801,157.86,23.8401489,158.021,40.4370937,158.021,-3.7312819999999998,157.917,30.0,157.86,-0.5678017,157.86,0.2390751,157.86,0.1015664,157.86,0.1142622,157.584,-0.223449,157.86,-78.90640646159706,157.716,-9600.0,157.716,-5607.0,156.541,0.55446
2025-05-28 14:29:39.250000,158.12,28.0902033,158.12,23.8596804,158.371,40.4370913,158.371,-3.7312813,158.162,30.0,158.12,-0.48811,158.12,0.1494217,158.12,0.4316572,158.12,-0.13184099999999999,158.088,-0.222482,158.12,-84.68556566440483,158.214,-9600.0,158.214,-5915.0,156.541,0.55446
2025-05-28 14:29:39.750000,158.437,27.969108,158.437,24.000307199999998,158.764,40.437090399999995,158.764,-3.7312816,158.665,30.0,158.437,-0.3386883,158.437,0.0996132,158.437,0.1669986,158.437,-0.2431734,158.573,-0.207396,158.437,-78.90640646159706,158.764,-9600.0,158.764,-6547.0,156.541,0.55446
2025-05-28 14:29:40,159.032,27.750355199999998,159.032,24.117496199999998,159.117,40.4370893,159.117,-3.7312817999999996,158.914,30.0,159.032,-0.5877251,159.032,0.1793049,159.032,0.1591858,159.032,0.0517598,158.573,-0.207396,159.032,-63.43494882292201,158.764,-9600.0,158.764,-6547.0,156.541,0.55446
2025-05-28 14:29:40.250000,159.349,27.488633099999998,159.349,24.1487466,159.426,40.4370869,159.426,-3.7312813,159.164,30.0,159.349,-0.4383034,159.349,0.27892,159.349,0.0156256,159.349,0.1250048,159.123,-0.191958,159.349,-84.05322140702518,159.209,-9600.0,159.209,-6483.0,156.541,0.55446
2025-05-28 14:29:40.750000,159.625,27.367537799999997,159.625,24.1487466,159.809,40.4370858,159.809,-3.7312811,159.665,30.0,159.625,-0.4383034,159.625,0.1793049,159.625,-0.092777,159.625,0.059572599999999996,159.623,-0.169243,159.625,-82.40540435338096,159.706,-9600.0,159.706,-7731.0,156.541,0.55446
2025-05-28 14:29:41,159.925,27.2386299,159.925,24.1682781,160.117,40.4370834,160.117,-3.7312811,159.926,30.0,159.925,-0.4781502,159.925,0.13946,159.925,0.1289112,159.925,0.3056758,160.067,-0.158134,159.925,-70.34626247840929,159.706,-9600.0,159.706,-7731.0,156.541,0.55446
2025-05-28 14:29:41.500000,160.253,27.0980031,160.253,24.207341099999997,160.473,40.4370822,160.473,-3.7312809999999996,160.406,30.0,160.253,-0.4980717,160.253,0.1095749,160.253,0.1162154,160.253,0.2656352,160.067,-0.158134,160.253,-86.18607023206772,160.252,-9600.0,160.252,-6589.0,156.541,0.55446
2025-05-28 14:29:41.750000,160.512,26.969095199999998,160.512,24.187809599999998,160.862,40.4370811,160.862,-3.7312806999999997,160.668,30.0,160.512,-0.4482651,160.512,0.1095749,160.512,0.1474666,160.512,0.1523496,160.586,-0.138279,160.512,-75.96397081349042,160.708,-9600.0,160.708,-7186.0,156.541,0.55446
2025-05-28 14:29:42,161.116,26.648778599999996,161.116,24.187809599999998,161.165,40.437079399999995,161.165,-3.7312813,160.903,30.0,161.116,-0.38849680000000003,161.116,0.0199215,161.116,0.1865306,161.116,0.1728582,161.114,-0.140793,161.116,-73.41270688307766,160.708,-9600.0,160.708,-7186.0,161.029,0.568162
2025-05-28 14:29:42.500000,161.429,26.558933699999997,161.429,24.207341099999997,161.508,40.4370786,161.508,-3.7312813,161.43,30.0,161.429,-0.3785351,161.429,0.06973,161.429,0.0459002,161.429,0.1777412,161.114,-0.140793,161.429,-72.6460012909383,161.206,-9600.0,161.206,-6255.0,161.029,0.568162
2025-05-28 14:29:42.750000,161.754,26.457369899999996,161.754,24.21906,161.854,40.4370767,161.854,-3.7312814999999997,161.648,30.0,161.754,-0.41838000000000003,161.754,0.0298832,161.754,0.0576194,161.754,0.156256,161.561,-0.135396,161.754,-80.53767779197439,161.753,-9600.0,161.753,-6632.0,161.029,0.568162
2025-05-28 14:29:43.250000,162.018,26.347993499999998,162.018,24.277654499999997,162.244,40.4370757,162.244,-3.7312813,162.168,30.0,162.018,-0.4283417,162.018,0.1095749,162.018,-0.029298,162.018,0.0625024,162.079,-0.131733,162.018,-88.91925471124335,162.244,-9600.0,162.244,-6827.0,161.029,0.568162
2025-05-28 14:29:43.500000,162.343,26.2386171,162.343,24.2698419,162.6,40.4370745,162.6,-3.7312816,162.401,30.0,162.343,-0.3586117,162.343,0.0597683,162.343,0.0214852,162.343,0.1494198,162.079,-0.131733,162.343,-65.05613846940132,162.244,-9600.0,162.244,-6827.0,161.029,0.568162
2025-05-28 14:29:43.750000,162.61,25.9573635,162.61,24.2893734,162.941,40.4370719,162.941,-3.7312811,162.671,30.0,162.61,-0.4482651,162.61,0.1793049,162.61,0.1552794,162.61,0.0517598,162.606,-0.128967,162.61,-66.03749224823771,162.703,-9600.0,162.703,-7805.0,161.029,0.568162
2025-05-28 14:29:44.250000,163.245,25.6682973,163.245,24.297185999999996,163.247,40.4370706,163.247,-3.7312809,163.144,30.0,163.245,-0.5279568,163.245,0.1294983,163.245,0.18750719999999998,163.245,0.0263682,163.07,-0.14477,163.245,-70.71001462890234,163.244,-9600.0,163.244,-6653.0,161.029,0.568162
2025-05-28 14:29:44.500000,163.501,25.539389399999997,163.501,24.3167175,163.601,40.4370682,163.601,-3.7312803999999997,163.4,30.0,163.501,-0.4681885,163.501,0.1195366,163.501,0.0478534,163.501,0.2177818,163.552,-0.165931,163.501,-75.96386367244807,163.244,-9600.0,163.244,-6653.0,161.029,0.568162
2025-05-28 14:29:45,163.829,25.4065752,163.829,24.590158499999998,163.948,40.4370671,163.948,-3.73128,163.899,30.0,163.829,-0.4283417,163.829,0.1195366,163.829,0.3066524,163.829,0.2627054,163.552,-0.165931,163.829,-58.706921119649095,163.695,-9600.0,163.695,-5664.0,161.029,0.568162
2025-05-28 14:29:45.250000,164.11,25.1487594,164.11,24.726878999999997,164.334,40.4370659,164.334,-3.7312795,164.121,30.0,164.11,-0.48811,164.11,0.2191517,164.11,0.0888706,164.11,0.1113324,164.109,-0.158191,164.11,-56.6594352660445,164.196,-9600.0,164.196,-7442.0,161.029,0.568162
2025-05-28 14:29:45.500000,164.412,25.066727099999998,164.412,24.8089113,164.701,40.4370641,164.701,-3.7312794,164.413,30.0,164.412,-0.3984585,164.412,0.06973,164.412,-0.0839876,164.412,-0.1884838,164.548,-0.171683,164.412,-71.17527986761267,164.196,-9600.0,164.196,-7442.0,161.029,0.568162
2025-05-28 14:29:46,164.704,24.949538099999998,164.704,24.898756199999998,165.04,40.437062999999995,165.04,-3.731279,164.886,30.0,164.704,-0.41838000000000003,164.704,0.0996132,164.704,0.1894604,164.704,0.2119222,164.548,-0.171683,164.704,-69.7176044953222,164.703,-9600.0,164.703,-6400.0,161.029,0.568162
2025-05-28 14:29:46.250000,165.337,24.707347499999997,165.337,24.969069599999997,165.339,40.4370611,165.339,-3.7312787999999997,165.152,30.0,165.337,-0.4582268,165.337,0.1294983,165.337,0.2304776,165.337,0.136724,165.064,-0.175713,165.337,-74.47589944099484,165.231,-9600.0,165.231,-7348.0,161.029,0.568162
2025-05-28 14:29:46.750000,165.6,24.5081262,165.6,25.058914499999997,165.703,40.4370601,165.703,-3.7312784,165.648,30.0,165.6,-0.5379185,165.6,0.2191517,165.6,0.0351576,165.6,-0.039064,165.598,-0.201985,165.6,-74.98173640203507,165.703,-9600.0,165.703,-5081.0,165.497,0.582445
2025-05-28 14:29:47,165.905,24.3870309,165.905,25.117509,166.082,40.437059,166.082,-3.7312778,165.905,30.0,165.905,-0.5678017,165.905,0.1793049,165.905,0.2617288,165.905,0.0019532,165.598,-0.201985,165.905,-74.4072658278509,165.703,-9600.0,165.703,-5081.0,165.497,0.582445
2025-05-28 14:29:47.250000,166.232,24.258122999999998,166.232,25.180009799999997,166.401,40.4370571,166.401,-3.7312773,166.113,30.0,166.232,-0.41838000000000003,166.232,0.0996132,166.232,0.2158286,166.232,-0.009766,166.086,-0.202666,166.232,-75.3237112181996,166.231,-9600.0,166.231,-5403.0,165.497,0.582445
2025-05-28 14:29:47.750000,166.501,24.179996999999997,166.501,25.207353899999998,166.785,40.437056399999996,166.785,-3.731277,166.615,30.0,166.501,-0.3088051,166.501,0.06973,166.501,0.2216882,166.501,-0.0205086,166.553,-0.179911,166.501,-78.40781769487013,166.683,-9600.0,166.683,-6849.0,165.497,0.582445
2025-05-28 14:29:48,166.788,24.0979647,166.788,25.226885399999997,167.134,40.437054499999995,167.134,-3.7312768999999997,166.877,30.0,166.788,-0.3785351,166.788,0.1693432,166.788,-0.2695416,166.788,-0.351576,167.045,-0.174798,166.788,-80.07378762953446,166.683,-9600.0,166.683,-6849.0,165.497,0.582445
2025-05-28 14:29:48.500000,167.435,23.7971796,167.435,25.3167303,167.439,40.4370537,167.439,-3.7312765,167.436,30.0,167.435,-0.4681885,167.435,0.1593834,167.435,-0.0019532,167.435,0.112309,167.045,-0.174798,167.435,-74.35776164987199,167.186,-9600.0,167.186,-6235.0,165.497,0.582445
2025-05-28 14:29:48.750000,167.731,23.679990599999996,167.731,25.347980699999997,167.82,40.4370526,167.82,-3.7312757,167.625,30.0,167.731,-0.41838000000000003,167.731,0.20919000000000001,167.731,0.0263682,167.731,-0.0156256,167.538,-0.161379,167.731,-70.1150055045937,167.73,-9600.0,167.73,-6255.0,165.497,0.582445
2025-05-28 14:29:49,167.997,23.609677199999997,167.997,25.4065752,168.142,40.4370512,168.142,-3.7312749,167.876,30.0,167.997,-0.4283417,167.997,0.0996132,167.997,-0.161139,167.997,-0.0312512,168.048,-0.153228,167.997,-66.25049085787971,167.73,-9600.0,167.73,-6255.0,165.497,0.582445
2025-05-28 14:29:49.500000,168.319,23.519832299999997,168.319,25.4573571,168.479,40.4370505,168.479,-3.7312745,168.377,30.0,168.319,-0.4582268,168.319,0.1593834,168.319,0.0869174,168.319,0.117192,168.048,-0.153228,168.319,-83.36756119515286,168.179,-9600.0,168.179,-6849.0,165.497,0.582445
2025-05-28 14:29:49.750000,168.595,23.347955099999997,168.595,25.4573571,168.833,40.4370496,168.833,-3.7312737,168.623,30.0,168.595,-0.5777634,168.595,0.27892,168.595,-0.0419938,168.595,-0.1093792,168.533,-0.153739,168.595,-90.0,168.68,-9600.0,168.68,-6632.0,165.497,0.582445
2025-05-28 14:29:50.250000,168.895,23.258110199999997,168.895,25.5276705,169.222,40.437047899999996,169.222,-3.7312729,169.121,30.0,168.895,-0.4482651,168.895,0.0996132,168.895,-0.019532,168.895,0.1523496,169.054,-0.157534,168.895,-83.01897398359176,169.222,-9600.0,169.222,-6718.0,165.497,0.582445
2025-05-28 14:29:50.500000,169.479,23.0588889,169.479,25.590171299999998,169.559,40.4370471,169.559,-3.7312724,169.377,30.0,169.479,-0.4582268,169.479,0.0896515,169.479,-0.1865306,169.479,0.2207116,169.054,-0.157534,169.479,-72.5253723641052,169.222,-9600.0,169.222,-6718.0,165.497,0.582445
2025-05-28 14:29:50.750000,169.816,22.976856599999998,169.816,25.6487658,169.894,40.437045499999996,169.894,-3.7312719999999997,169.618,30.0,169.816,-0.5179951,169.816,0.0896515,169.816,-0.180671,169.816,0.1914136,169.564,-0.164992,169.816,-72.03096138130145,169.672,-9600.0,169.672,-6632.0,165.497,0.582445
2025-05-28 14:29:51.250000,170.087,22.7893542,170.087,25.680016199999997,170.267,40.4370446,170.267,-3.7312714,170.098,30.0,170.087,-0.4980717,170.087,0.1593834,170.087,-0.3232546,170.087,0.011719199999999999,170.086,-0.175161,170.087,-90.0,170.182,-9600.0,170.182,-6589.0,169.99,0.596238
2025-05-28 14:29:51.500000,170.425,22.6995093,170.425,25.707360299999998,170.584,40.4370432,170.584,-3.7312705999999998,170.427,30.0,170.425,-0.41838000000000003,170.425,0.0298832,170.425,-0.1406304,170.425,0.023438399999999998,170.538,-0.187903,170.425,-80.53767779197439,170.182,-9600.0,170.182,-6589.0,169.99,0.596238
2025-05-28 14:29:52,170.721,22.6291959,170.721,25.777673699999998,170.92,40.4370427,170.92,-3.7312708,170.867,30.0,170.721,-0.4383034,170.721,0.1195366,170.721,-0.2226648,170.721,0.087894,170.538,-0.187903,170.721,-78.69025433516937,170.72,-9600.0,170.72,-6568.0,169.99,0.596238
2025-05-28 14:29:52.250000,170.973,22.566695099999997,170.973,25.8089241,171.319,40.4370421,171.319,-3.7312703999999997,171.113,30.0,170.973,-0.34865,170.973,0.0896515,170.973,-0.2773544,170.973,-0.0126958,171.041,-0.203813,170.973,-72.89724149491681,171.184,-9600.0,171.184,-6740.0,169.99,0.596238
2025-05-28 14:29:52.500000,171.576,22.289347799999998,171.576,25.859706,171.623,40.4370402,171.623,-3.7312695999999996,171.361,30.0,171.576,-0.4582268,171.576,0.0796917,171.576,-0.2900502,171.576,-0.034181,171.525,-0.222879,171.576,-81.52887956609793,171.184,-9600.0,171.184,-6740.0,169.99,0.596238
2025-05-28 14:29:53,171.878,22.2073155,171.878,25.8870501,171.964,40.437039399999996,171.964,-3.7312695,171.879,30.0,171.878,-0.5179951,171.878,0.2390751,171.878,-0.1455134,171.878,0.336927,171.525,-0.222879,171.878,-81.25382194505653,171.685,-9600.0,171.685,-5817.0,169.99,0.596238
2025-05-28 14:29:53.250000,172.209,22.117470599999997,172.209,25.898768999999998,172.309,40.4370386,172.309,-3.7312692999999997,172.113,30.0,172.209,-0.4980717,172.209,0.2291134,172.209,-0.0693386,172.209,0.2216882,172.04,-0.237196,172.209,-77.61941673419838,172.208,-9600.0,172.208,-5046.0,169.99,0.596238
2025-05-28 14:29:53.750000,172.466,22.027625699999998,172.466,25.937831999999997,172.679,40.437036899999995,172.679,-3.7312692,172.608,30.0,172.466,-0.4582268,172.466,0.2390751,172.466,-0.2363372,172.466,-0.1044962,172.534,-0.22219,172.466,-68.87542820243502,172.678,-9600.0,172.678,-6033.0,169.99,0.596238
2025-05-28 14:29:54,172.763,21.929968199999998,172.763,25.969082399999998,173.068,40.4370359,173.068,-3.7312692,172.855,30.0,172.763,-0.41838000000000003,172.763,0.13946,172.763,-0.2724714,172.763,-0.0214852,172.534,-0.22219,172.763,-75.65077890475646,172.678,-9600.0,172.678,-6033.0,169.99,0.596238
2025-05-28 14:29:54.250000,173.072,21.719027999999998,173.072,26.008145399999997,173.396,40.437033899999996,173.396,-3.7312681,173.111,30.0,173.072,-0.3586117,173.072,0.13946,173.072,-0.4726744,173.072,0.2939566,173.071,-0.194371,173.072,-64.7987834790229,173.165,-9600.0,173.165,-5837.0,169.99,0.596238
2025-05-28 14:29:54.750000,173.71,21.4690248,173.71,26.0198643,173.712,40.4370328,173.712,-3.7312672,173.606,30.0,173.71,-0.4283417,173.71,0.0796917,173.71,-0.3330206,173.71,0.4111486,173.516,-0.171298,173.71,-71.14682959108775,173.709,-9600.0,173.709,-7419.0,169.99,0.596238
2025-05-28 14:29:55,173.971,21.367461,173.971,26.0276769,174.069,40.4370318,174.069,-3.7312665999999997,173.852,30.0,173.971,-0.5179951,173.971,0.2689583,173.971,-0.4228678,173.971,0.126958,174.023,-0.170093,173.971,-63.9966699099706,173.709,-9600.0,173.709,-7419.0,169.99,0.596238
2025-05-28 14:29:55.500000,174.309,21.2776161,174.309,26.039395799999998,174.405,40.437030199999995,174.405,-3.7312654,174.349,30.0,174.309,-0.4482651,174.309,0.1494217,174.309,-0.2353606,174.309,0.107426,174.023,-0.170093,174.309,-73.85580786191012,174.162,-9600.0,174.162,-5626.0,169.99,0.596238
2025-05-28 14:29:55.750000,174.57,21.187771199999997,174.57,26.090177699999998,174.789,40.4370295,174.789,-3.7312651999999997,174.606,30.0,174.57,-0.4582268,174.57,0.06973,174.57,-0.1035196,174.57,-0.019532,174.568,-0.15645,174.57,-61.557203395691154,174.658,-9600.0,174.658,-6483.0,174.469,0.60991
2025-05-28 14:29:56,174.869,21.0080814,174.869,26.090177699999998,175.106,40.437027799999996,175.106,-3.731264,174.869,30.0,174.869,-0.48811,174.869,0.06973,174.869,-0.346693,174.869,-0.0615258,175.026,-0.138205,174.869,-72.97944525731475,174.658,-9600.0,174.658,-6483.0,174.469,0.60991
2025-05-28 14:29:56.500000,175.194,20.9182365,175.194,26.129240699999997,175.465,40.4370269,175.465,-3.7312626,175.35,30.0,175.194,-0.3586117,175.194,0.1992283,175.194,-0.2597756,175.194,-0.1396538,175.026,-0.138205,175.194,-68.4288308188261,175.193,-9600.0,175.193,-6073.0,174.469,0.60991
2025-05-28 14:29:56.750000,175.8,20.7268278,175.8,26.2386171,175.802,40.4370261,175.802,-3.7312621999999998,175.596,30.0,175.8,-0.4582268,175.8,0.0099598,175.8,-0.2451266,175.8,0.18750719999999998,175.577,-0.11562,175.8,-63.94651775646602,175.652,-9600.0,175.652,-7395.0,174.469,0.60991
2025-05-28 14:29:57.250000,176.056,20.6369829,176.056,26.297211599999997,176.193,40.437024199999996,176.193,-3.7312610999999998,176.098,30.0,176.056,-0.5080334,176.056,0.2291134,176.056,-0.273448,176.056,0.1445368,176.02,-0.104689,176.056,-66.25049085787971,176.193,-9600.0,176.193,-7682.0,174.469,0.60991
2025-05-28 14:29:57.500000,176.364,20.3791671,176.364,26.5003392,176.531,40.437022899999995,176.531,-3.7312596,176.365,30.0,176.364,-0.4781502,176.364,0.1294983,176.364,-0.2578224,176.364,0.1630922,176.02,-0.104689,176.364,-60.255034638895054,176.193,-9600.0,176.193,-7682.0,174.469,0.60991
2025-05-28 14:29:57.750000,176.701,20.238540299999997,176.701,26.539402199999998,176.872,40.437021699999995,176.872,-3.731258,176.593,30.0,176.701,-0.5379185,176.701,0.06973,176.701,-0.29298,176.701,-0.0214852,176.535,-0.116072,176.701,-60.06851830672442,176.699,-9600.0,176.699,-7442.0,174.469,0.60991
2025-05-28 14:29:58.250000,176.96,20.1096324,176.96,26.5979967,177.209,40.4370191,177.209,-3.7312545,177.093,30.0,176.96,-0.41838000000000003,176.96,0.1693432,176.96,-0.2480564,176.96,0.0605492,177.023,-0.143124,176.96,-68.19871612675219,177.148,-9600.0,177.148,-7348.0,174.469,0.60991
2025-05-28 14:29:58.500000,177.289,19.9494741,177.289,26.6370597,177.596,40.4370176,177.596,-3.7312526999999998,177.32,30.0,177.289,-0.6275719,177.289,0.0796917,177.289,-0.2841906,177.289,-0.059572599999999996,177.503,-0.174735,177.289,-66.97471047507851,177.148,-9600.0,177.148,-7348.0,174.469,0.60991
2025-05-28 14:29:59,177.894,19.609626,177.894,26.6878416,177.896,40.4370149,177.896,-3.7312505,177.895,30.0,177.894,-0.6674168,177.894,0.2390751,177.894,-0.16895179999999999,177.894,0.068362,177.503,-0.174735,177.894,-72.71853115091785,177.647,-9600.0,177.647,-5934.0,174.469,0.60991
2025-05-28 14:29:59.250000,178.188,19.3791543,178.188,26.8284684,178.282,40.4370139,178.282,-3.7312502,178.07,30.0,178.188,-0.5379185,178.188,0.0796917,178.188,-0.2851672,178.188,-0.1601624,178.007,-0.195825,178.188,-81.86989764584403,178.187,-9600.0,178.187,-5151.0,174.469,0.60991
2025-05-28 14:29:59.500000,178.444,19.2775905,178.444,26.937844799999997,178.638,40.437011999999996,178.638,-3.7312494999999997,178.342,30.0,178.444,-0.4283417,178.444,0.1294983,178.444,-0.0019532,178.444,-0.1377006,178.5,-0.203679,178.444,-78.46550169499271,178.187,-9600.0,178.187,-5151.0,174.469,0.60991
2025-05-28 14:30:00,178.781,19.1564952,178.781,27.0003456,178.94,40.437010799999996,178.94,-3.7312478999999996,178.838,30.0,178.781,-0.5279568,178.781,0.2191517,178.781,-0.0332044,178.781,-0.0322278,178.5,-0.203679,178.781,-65.62358450862895,178.646,-9600.0,178.646,-6611.0,174.469,0.60991
2025-05-28 14:30:00.250000,179.055,19.027587299999997,179.055,27.187848,179.295,40.4370099,179.295,-3.7312472999999997,179.064,30.0,179.055,-0.5179951,179.055,0.1892666,179.055,-0.2500096,179.055,-0.253916,179.052,-0.207786,179.055,-69.34108736532175,179.142,-9600.0,179.142,-5477.0,178.956,0.624235
2025-05-28 14:30:00.750000,179.356,18.840084899999997,179.356,27.250348799999998,179.688,40.4370082,179.688,-3.7312459999999996,179.565,30.0,179.356,-0.3586117,179.356,0.1095749,179.356,-0.2861438,179.356,-0.0205086,179.502,-0.206652,179.356,-67.98883161330329,179.688,-9600.0,179.688,-6483.0,178.956,0.624235
2025-05-28 14:30:00.750000,179.952,18.5900817,179.952,27.4066008,180.034,40.4370068,180.034,-3.7312442,179.834,30.0,179.952,-0.4681885,179.952,0.1992283,179.952,-0.0273448,179.952,0.2275478,179.502,-0.206652,179.952,-63.9966699099706,179.688,-9600.0,179.688,-6483.0,178.956,0.624235
2025-05-28 14:30:01.250000,180.274,18.508049399999997,180.274,27.4495701,180.348,40.4370056,180.348,-3.7312437,180.079,30.0,180.274,-0.4582268,180.274,0.13946,180.274,-0.3691548,180.274,0.0908238,180.038,-0.209282,180.274,-93.90034765662061,180.133,-9600.0,180.133,-5187.0,178.956,0.624235
2025-05-28 14:30:01.750000,180.548,18.4494549,180.548,27.4495701,180.737,40.4370049,180.737,-3.7312437999999997,180.584,30.0,180.548,-0.4482651,180.548,0.1095749,180.548,-0.3789208,180.548,-0.004883,180.545,-0.206958,180.548,-95.19431693705118,180.637,-9600.0,180.637,-7731.0,178.956,0.624235
2025-05-28 14:30:01.750000,180.876,18.3791415,180.876,27.5198835,181.038,40.4370044,181.038,-3.7312440999999996,180.876,30.0,180.876,-0.3386883,180.876,0.0398449,180.876,-0.2168052,180.876,0.2128988,180.991,-0.232054,180.876,-92.72612555806916,180.637,-9600.0,180.637,-7731.0,178.956,0.624235
2025-05-28 14:30:02.500000,181.189,18.2580462,181.189,27.578477999999997,181.381,40.4370031,181.381,-3.7312434,181.327,30.0,181.189,-0.5080334,181.189,0.13946,181.189,-0.302746,181.189,0.2168052,180.991,-0.232054,181.189,-63.82472013238734,181.179,-5640.0,181.179,-3600.0,178.956,0.624235
2025-05-28 14:30:02.750000,181.436,18.1682013,181.436,27.648791399999997,181.781,40.4370019,181.781,-3.7312428,181.576,30.0,181.436,-0.5478802,181.436,0.20919000000000001,181.436,-0.2109456,181.436,-0.0224618,181.489,-0.267604,181.436,-88.93926439173723,181.629,-1680.0,181.629,360.0,178.956,0.624235
2025-05-28 14:30:02.750000,182.044,17.9494485,182.044,27.668322899999996,182.081,40.4370003,182.081,-3.7312429999999996,181.823,30.0,182.044,-0.2988434,182.044,0.0996132,182.044,-0.1201218,182.044,0.009766,181.998,-0.311053,182.044,-71.56505117707799,181.629,-1680.0,181.629,360.0,178.956,0.624235
2025-05-28 14:30:03.500000,182.353,17.7580398,182.353,27.789418199999997,182.424,40.4369993,182.424,-3.7312431999999998,182.353,30.0,182.353,-0.3586117,182.353,0.0896515,182.353,-0.2265712,182.353,-0.0039064,181.998,-0.311053,182.353,-78.69025433516937,182.131,-990.0,182.131,1020.0,178.956,0.624235
2025-05-28 14:30:03.750000,182.68,17.656475999999998,182.68,27.797230799999998,182.776,40.4369985,182.776,-3.7312429999999996,182.571,30.0,182.68,-0.41838000000000003,182.68,0.2888817,182.68,-0.2451266,182.68,0.034181,182.481,-0.357636,182.68,-79.46078770800958,182.677,-960.0,182.677,1050.0,178.956,0.624235
2025-05-28 14:30:04.250000,182.937,17.5470996,182.937,27.8792631,183.181,40.4369969,183.181,-3.7312429,183.07,30.0,182.937,-0.3287266,182.937,0.0199215,182.937,-0.0888706,182.937,-0.034181,182.998,-0.412333,182.937,-70.42684542343852,183.18,-960.0,183.18,1110.0,178.956,0.624235
2025-05-28 14:30:04.500000,183.263,17.488505099999998,183.263,27.969108,183.525,40.4369963,183.525,-3.7312431999999998,183.334,30.0,183.263,-0.2689583,183.263,0.1494217,183.263,-0.1054728,183.263,0.0,182.998,-0.412333,183.263,-67.16628582335156,183.18,-960.0,183.18,1110.0,183.438,0.631301
2025-05-28 14:30:04.750000,183.531,17.418191699999998,183.531,28.047234,183.854,40.436995599999996,183.854,-3.7312431,183.566,30.0,183.531,-0.2689583,183.531,0.0498066,183.531,-0.166022,183.531,0.0400406,183.529,-0.469316,183.531,-72.97944525731475,183.62,-315.0,183.62,1755.0,183.438,0.631301
2025-05-28 14:30:05.250000,184.174,17.199438899999997,184.174,28.078484399999997,184.176,40.436994299999995,184.176,-3.7312426999999997,184.067,30.0,184.174,-0.1294983,184.174,0.0099598,184.174,-0.1767646,184.174,-0.0918004,183.994,-0.519319,184.174,-73.61061628270207,184.172,-1920.0,184.172,3390.0,183.438,0.631301
2025-05-28 14:30:05.500000,184.425,17.148657,184.425,28.047234,184.537,40.4369939,184.537,-3.7312425,184.295,30.0,184.425,-0.1294983,184.425,0.06973,184.425,-0.083011,184.425,0.0625024,184.478,-0.52872,184.425,-74.47606122654497,184.172,-1920.0,184.172,3390.0,183.438,0.631301
2025-05-28 14:30:05.750000,184.766,17.109593999999998,184.766,28.027702499999997,184.865,40.4369929,184.865,-3.731242,184.812,30.0,184.766,-0.1992283,184.766,0.0597683,184.766,0.0839876,184.766,-0.1054728,184.478,-0.52872,184.766,-73.03394667076546,184.628,-2025.0,184.628,3465.0,183.438,0.631301
2025-05-28 14:30:06.250000,185.033,17.0470932,185.033,28.0667655,185.254,40.436992499999995,185.254,-3.7312425,185.044,30.0,185.033,-0.1793049,185.033,0.0896515,185.033,-0.1250048,185.033,0.0058595999999999995,185.031,-0.53846,185.033,-57.528839851329984,185.114,-390.0,185.114,1860.0,183.438,0.631301
2025-05-28 14:30:06.500000,185.333,16.9572483,185.333,28.0902033,185.575,40.4369921,185.575,-3.7312426,185.334,30.0,185.333,-0.1494217,185.333,0.0597683,185.333,-0.2597756,185.333,-0.063479,185.484,-0.524092,185.333,-67.75109239601775,185.114,-390.0,185.114,1860.0,183.438,0.631301
2025-05-28 14:30:06.750000,185.958,16.8791223,185.958,28.0902033,185.958,40.4369914,185.958,-3.7312434999999997,185.807,30.0,185.958,0.0099598,185.958,0.0597683,185.958,-0.1845774,185.958,-0.0576194,185.484,-0.524092,185.958,-73.7398477476049,185.666,-1950.0,185.666,3450.0,183.438,0.631301
2025-05-28 14:30:07.250000,186.274,16.8283404,186.274,28.0902033,186.275,40.436991,186.275,-3.7312437,186.059,30.0,186.274,-0.0398449,186.274,-0.0099598,186.274,-0.0576194,186.274,-0.0039064,186.021,-0.410749,186.274,-77.59267737187923,186.113,-240.0,186.113,1740.0,183.438,0.631301
2025-05-28 14:30:07.750000,186.529,16.797089999999997,186.529,28.098015899999996,186.623,40.4369903,186.623,-3.7312439,186.555,30.0,186.529,0.0,186.529,-0.0199215,186.529,-0.0947302,186.529,0.0400406,186.467,-0.31508,186.529,-76.26385391248922,186.622,-225.0,186.622,1725.0,183.438,0.631301
2025-05-28 14:30:07.750000,186.827,16.758027,186.827,28.129266299999998,187.004,40.4369898,187.004,-3.7312440999999996,186.828,30.0,186.827,-0.06973,186.827,0.0,186.827,-0.0966834,186.827,0.0429704,186.467,-0.31508,186.827,-69.44398472100622,186.622,-225.0,186.622,1725.0,183.438,0.631301
2025-05-28 14:30:08.250000,187.16,16.6174002,187.16,28.0667655,187.32,40.4369891,187.32,-3.7312440999999996,187.036,30.0,187.16,-0.1294983,187.16,-0.0199215,187.16,-0.1455134,187.16,-0.0068362,187.005,-0.246515,187.16,-87.06453437084599,187.158,-225.0,187.158,1725.0,183.438,0.631301
2025-05-28 14:30:08.750000,187.408,16.5666183,187.408,28.0667655,187.707,40.436988199999995,187.707,-3.7312444,187.552,30.0,187.408,-0.0498066,187.408,0.0199215,187.408,-0.0019532,187.408,-0.023438399999999998,187.465,-0.207293,187.408,-79.56254660801292,187.607,1395.0,187.607,3255.0,183.438,0.631301
2025-05-28 14:30:08.750000,187.712,16.5197427,187.712,28.047234,188.019,40.4369878,188.019,-3.7312442999999997,187.8,30.0,187.712,-0.0298832,187.712,-0.0298832,187.712,0.087894,187.712,-0.0761748,188.018,-0.165788,187.712,-85.91453115034433,187.607,1395.0,187.607,3255.0,187.911,0.632636
2025-05-28 14:30:09.500000,188.354,16.398647399999998,188.354,28.058952899999998,188.356,40.436987099999996,188.356,-3.7312431,188.355,30.0,188.354,0.13946,188.354,0.0,188.354,0.3476696,188.354,-0.0986366,188.018,-0.165788,188.354,-75.65077890475646,188.101,7904.0,188.101,9600.0,187.911,0.632636
2025-05-28 14:30:09.750000,188.667,16.3595844,188.667,28.0667655,188.746,40.4369867,188.746,-3.7312423,188.552,30.0,188.667,0.13946,188.667,-0.0199215,188.667,0.1826242,188.667,0.112309,188.46,-0.079312,188.667,-80.53772701874739,188.664,8055.0,188.664,9600.0,187.911,0.632636
2025-05-28 14:30:09.750000,188.905,16.328333999999998,188.905,28.078484399999997,189.054,40.436986499999996,189.054,-3.7312414,188.778,30.0,188.905,0.1793049,188.905,0.0996132,188.905,0.2568458,188.905,-0.13184099999999999,188.971,-0.071342,188.905,-68.19871612675219,188.664,8055.0,188.664,9600.0,187.911,0.632636
2025-05-28 14:30:10.500000,189.242,16.3166151,189.242,28.0902033,189.402,40.4369867,189.402,-3.7312409,189.3,30.0,189.242,0.1593834,189.242,-0.0996132,189.242,0.2011796,189.242,-0.47658079999999997,188.971,-0.071342,189.242,-78.27499614921432,189.105,7904.0,189.105,9600.0,187.911,0.632636
2025-05-28 14:30:10.750000,189.521,16.347865499999997,189.521,28.1097348,189.759,40.4369866,189.759,-3.7312409,189.547,30.0,189.521,0.2191517,189.521,-0.13946,189.521,0.2236414,189.521,0.0722684,189.457,-0.092647,189.521,-76.21845780966413,189.6,2220.0,189.6,4080.0,187.911,0.632636
2025-05-28 14:30:11.250000,189.831,16.347865499999997,189.831,28.1097348,190.15,40.436986999999995,190.15,-3.7312407999999997,190.046,30.0,189.831,0.20919000000000001,189.831,-0.13946,189.831,-0.0322278,189.831,-0.0312512,189.972,-0.044021,189.831,-75.67738219906781,190.149,-180.0,190.149,1680.0,187.911,0.632636
2025-05-28 14:30:11.500000,190.401,16.367397,190.401,28.148797799999997,190.483,40.4369868,190.483,-3.7312406,190.272,30.0,190.401,0.20919000000000001,190.401,-0.06973,190.401,-0.1445368,190.401,-0.078128,189.972,-0.044021,190.401,-74.4072658278509,190.149,-180.0,190.149,1680.0,187.911,0.632636
2025-05-28 14:30:11.500000,190.738,16.3595844,190.738,28.226923799999998,190.801,40.4369867,190.801,-3.7312407,190.542,30.0,190.738,0.13946,190.738,-0.0398449,190.738,-0.0673854,190.738,-0.0742216,190.487,0.020085,190.738,-65.82086633738837,190.593,-930.0,190.593,930.0,187.911,0.632636
2025-05-28 14:30:12,191.012,16.3088025,191.012,28.1878608,191.152,40.4369862,191.152,-3.7312402,191.038,30.0,191.012,0.0896515,191.012,-0.0398449,191.012,0.1250048,191.012,-0.1103558,191.01,0.089976,191.012,-80.07378762953446,191.145,-960.0,191.145,960.0,187.911,0.632636
2025-05-28 14:30:12.500000,191.309,16.297083599999997,191.309,28.226923799999998,191.498,40.436986,191.498,-3.7312401,191.309,30.0,191.309,0.0597683,191.309,0.0199215,191.309,0.1621156,191.309,-0.1035196,191.449,0.166202,191.309,-76.60764295470435,191.145,-960.0,191.145,960.0,187.911,0.632636
2025-05-28 14:30:12.750000,191.649,16.297083599999997,191.649,28.269893099999997,191.838,40.4369862,191.838,-3.7312402999999996,191.785,30.0,191.649,0.1095749,191.649,-0.0298832,191.649,0.0263682,191.649,-0.122075,191.449,0.166202,191.649,-70.61558103152035,191.646,-960.0,191.646,960.0,187.911,0.632636
2025-05-28 14:30:13,191.908,16.3088025,191.908,28.269893099999997,192.241,40.436986399999995,192.241,-3.7312402999999996,192.049,30.0,191.908,0.0796917,191.908,0.0099598,191.908,0.0078128,191.908,-0.0224618,191.958,0.242413,191.908,-74.21931364741785,192.095,9105.0,192.095,-9105.0,187.911,0.632636
2025-05-28 14:30:13.250000,192.504,16.3166151,192.504,28.316768699999997,192.593,40.436986399999995,192.593,-3.7312404,192.283,30.0,192.504,0.0498066,192.504,-0.0298832,192.504,0.3701314,192.504,0.317395,192.501,0.201324,192.504,-67.83367989162282,192.095,9105.0,192.095,-9105.0,192.408,0.639336
2025-05-28 14:30:13.750000,192.808,16.3595844,192.808,28.367550599999998,192.89,40.436986499999996,192.89,-3.7312434999999997,192.809,30.0,192.808,-0.0597683,192.808,-0.2589966,192.808,0.1162154,192.808,-0.024415,192.501,0.201324,192.808,-72.47451420826755,192.6,9105.0,192.6,-9105.0,192.408,0.639336
2025-05-28 14:30:14,193.144,16.289271,193.144,28.406613599999996,193.24,40.4369861,193.24,-3.7312442999999997,193.033,30.0,193.144,-0.1992283,193.144,-0.2191517,193.144,0.2031328,193.144,-0.1523496,192.956,-0.222154,193.144,-76.60764295470435,193.141,9105.0,193.141,-9105.0,192.408,0.639336
2025-05-28 14:30:14.500000,193.385,16.2189576,193.385,28.406613599999996,193.599,40.436984599999995,193.599,-3.7312453999999997,193.532,30.0,193.385,-0.38849680000000003,193.385,-0.0298832,193.385,0.1845774,193.385,-0.3339972,193.442,-0.825845,193.385,-77.27567677494267,193.597,9105.0,193.597,-9105.0,192.408,0.639336
2025-05-28 14:30:14.750000,193.746,16.1173938,193.746,28.437863999999998,193.987,40.4369837,193.987,-3.7312456999999997,193.761,30.0,193.746,-0.4383034,193.746,-0.0099598,193.746,-0.0429704,193.746,-0.2646586,193.442,-0.825845,193.746,-65.89794837358205,193.597,9105.0,193.597,-9105.0,192.408,0.639336
2025-05-28 14:30:15,193.991,16.019736299999998,193.991,28.4495829,194.327,40.436983,194.327,-3.7312456,194.029,30.0,193.991,-0.4681885,193.991,0.0398449,193.991,-0.258799,193.991,-0.1923902,193.989,-1.519706,193.991,-70.56006604885854,194.082,9105.0,194.082,-9105.0,192.408,0.639336
2025-05-28 14:30:15.500000,194.636,15.929891399999999,194.636,28.476926999999996,194.643,40.4369829,194.643,-3.7312456,194.527,30.0,194.636,-0.0896515,194.636,0.3088051,194.636,-0.4267742,194.636,-0.1298878,194.468,-2.234169,194.636,-71.20010597455784,194.633,9120.0,194.633,-9090.0,192.408,0.639336
2025-05-28 14:30:15.750000,194.892,16.019736299999998,194.892,28.547240399999996,195.001,40.4369836,195.001,-3.7312456999999997,194.774,30.0,194.892,0.1593834,194.892,0.4582268,194.892,-0.4511892,194.892,0.014649,194.942,-2.967238,194.892,-63.43494882292201,194.633,9120.0,194.633,-9090.0,192.408,0.639336
2025-05-28 14:30:16.250000,195.226,16.0783308,195.226,28.558959299999998,195.329,40.4369851,195.329,-3.7312445999999997,195.275,30.0,195.226,0.0498066,195.226,0.4084183,195.226,-0.4570488,195.226,-0.1093792,194.942,-2.967238,195.226,-76.90825272174669,195.077,9105.0,195.077,-9105.0,192.408,0.639336
2025-05-28 14:30:16.500000,195.499,16.1681757,195.499,28.6097412,195.719,40.436986999999995,195.719,-3.7312450999999998,195.524,30.0,195.499,0.5379185,195.499,0.38849680000000003,195.499,-0.2070392,195.499,0.2187584,195.435,2.578637,195.499,-70.82097354531373,195.576,9105.0,195.576,-9105.0,192.408,0.639336
2025-05-28 14:30:16.750000,195.797,16.3869285,195.797,28.719117599999997,196.04,40.436988799999995,196.04,-3.7312464999999997,195.798,30.0,195.797,0.4582268,195.797,0.0996132,195.797,0.058596,195.797,0.366225,195.958,1.839588,195.797,-64.23069345250215,195.576,9105.0,195.576,-9105.0,192.408,0.639336
2025-05-28 14:30:17.250000,196.129,16.7892774,196.129,28.750367999999998,196.429,40.4369924,196.429,-3.7312512,196.289,30.0,196.129,0.4980717,196.129,-0.3984585,196.129,-0.0966834,196.129,0.5068554,195.958,1.839588,196.129,-77.47134657325324,196.127,9105.0,196.127,-9105.0,192.408,0.639336
2025-05-28 14:30:17.500000,196.723,17.1369381,196.723,28.789430999999997,196.725,40.436993699999995,196.725,-3.7312539,196.519,30.0,196.723,0.1693432,196.723,-0.38849680000000003,196.723,0.551779,196.723,0.4160316,196.434,1.121517,196.723,-87.13779916880802,196.574,9105.0,196.574,-9105.0,192.408,0.639336
2025-05-28 14:30:18,196.989,17.2189704,196.989,28.828494,197.112,40.4369945,197.112,-3.7312562999999996,197.016,30.0,196.989,0.0398449,196.989,-0.5379185,196.989,0.4404466,196.989,0.1484432,196.988,0.427136,196.989,-78.92998644190412,197.112,9105.0,197.112,-9105.0,196.879,0.65559
2025-05-28 14:30:18.250000,197.286,17.250220799999997,197.286,28.840212899999997,197.464,40.4369942,197.464,-3.7312608,197.287,30.0,197.286,-0.2191517,197.286,-0.3287266,197.286,0.5293172,197.286,0.0869174,196.988,0.427136,197.286,-80.18086024521925,197.112,9105.0,197.112,-9105.0,196.879,0.65559
2025-05-28 14:30:18.500000,197.628,17.0900625,197.628,28.9183389,197.784,40.4369934,197.784,-3.7312618,197.517,30.0,197.628,-0.3685734,197.628,-0.2291134,197.628,0.58596,197.628,-0.2207116,197.466,-0.268829,197.628,-72.25528079145342,197.625,9105.0,197.625,-9105.0,196.879,0.65559
2025-05-28 14:30:19,197.886,17.0080302,197.886,28.957401899999997,198.137,40.4369918,198.137,-3.7312634,198.013,30.0,197.886,-0.5279568,197.886,-0.2689583,197.886,0.23829039999999999,197.886,-0.1836008,197.936,-0.982956,197.886,-85.91453115034433,198.077,9105.0,198.077,-9105.0,196.879,0.65559
2025-05-28 14:30:19.250000,198.215,16.9299042,198.215,28.976933399999997,198.519,40.4369908,198.519,-3.7312638,198.263,30.0,198.215,-0.3386883,198.215,-0.0498066,198.215,0.1552794,198.215,-0.3603654,198.428,-1.723871,198.215,-74.74496536110495,198.077,9105.0,198.077,-9105.0,196.879,0.65559
2025-05-28 14:30:19.750000,198.777,16.726776599999997,198.777,28.9691208,198.813,40.43699,198.813,-3.7312630999999996,198.778,30.0,198.777,-0.3287266,198.777,0.4980717,198.777,0.0156256,198.777,-0.2959098,198.428,-1.723871,198.777,-75.57943606775272,198.568,9105.0,198.568,-9105.0,196.879,0.65559
2025-05-28 14:30:20,199.121,16.750214399999997,199.121,28.9886523,199.202,40.4369902,199.202,-3.7312586,199.011,30.0,199.121,-0.0099598,199.121,0.4383034,199.121,-0.2949332,199.121,0.1591858,198.935,-2.489331,199.121,-72.58199095670739,199.118,9105.0,199.118,-9105.0,196.879,0.65559
2025-05-28 14:30:20.250000,199.362,16.8166215,199.362,29.0667783,199.517,40.4369908,199.517,-3.7312567,199.258,30.0,199.362,0.1693432,199.362,0.3088051,199.362,-0.2939566,199.362,0.2255946,199.435,3.020032,199.362,-80.13418303093023,199.118,9105.0,199.118,-9105.0,196.879,0.65559
2025-05-28 14:30:20.750000,199.698,16.9064664,199.698,29.078497199999997,199.856,40.436992599999996,199.856,-3.7312554999999996,199.755,30.0,199.698,0.3287266,199.698,0.3685734,199.698,-0.1591858,199.698,0.424821,199.435,3.020032,199.698,-65.22481944947435,199.565,9105.0,199.565,-9105.0,196.879,0.65559
2025-05-28 14:30:21,199.975,17.0080302,199.975,29.098028699999997,200.24,40.436994,200.24,-3.7312553,200.012,30.0,199.975,0.3386883,199.975,0.2888817,199.975,-0.04883,199.975,0.6601816,199.974,2.270278,199.975,-65.29753008528591,200.064,9105.0,200.064,-9105.0,196.879,0.65559
2025-05-28 14:30:21.500000,200.281,17.1681885,200.281,29.1097476,200.592,40.436995599999996,200.592,-3.7312556,200.506,30.0,200.281,0.4283417,200.281,0.13946,200.281,0.1230516,200.281,0.7431926,200.414,1.549647,200.281,-62.44716406595234,200.59,9105.0,200.59,-9105.0,196.879,0.65559
2025-05-28 14:30:21.750000,200.87,17.5978815,200.87,29.098028699999997,200.95,40.4369979,200.95,-3.7312589999999997,200.752,30.0,200.87,0.2689583,200.87,-0.1992283,200.87,0.4892766,200.87,0.2519628,200.414,1.549647,200.87,-71.56505117707799,200.59,9105.0,200.59,-9105.0,196.879,0.65559
2025-05-28 14:30:22,201.207,17.6681949,201.207,29.1097476,201.266,40.4369985,201.266,-3.7312613999999997,200.983,30.0,201.207,0.0298832,201.207,-0.4781502,201.207,0.5801004,201.207,0.0107426,200.953,0.849379,201.207,-68.74950914212029,201.06,9105.0,201.06,-9105.0,196.879,0.65559
2025-05-28 14:30:22.500000,201.464,17.656475999999998,201.464,29.187873599999996,201.661,40.436997999999996,201.661,-3.7312653,201.501,30.0,201.464,-0.2191517,201.464,-0.4383034,201.464,0.5674046,201.464,-0.09766,201.462,0.157605,201.464,-85.13559852914771,201.554,9105.0,201.554,-9105.0,201.362,0.671805
2025-05-28 14:30:22.750000,201.775,17.609600399999998,201.775,29.269905899999998,201.968,40.436997399999996,201.968,-3.7312665999999997,201.775,30.0,201.775,-0.1992283,201.775,-0.4582268,201.775,0.4257976,201.775,-0.0644556,201.92,-0.530204,201.775,-79.46078770800958,201.554,9105.0,201.554,-9105.0,201.362,0.671805
2025-05-28 14:30:23.250000,202.111,17.418191699999998,202.111,29.316781499999998,202.312,40.4369963,202.312,-3.7312670999999997,202.248,30.0,202.111,-0.5976868,202.111,-0.0597683,202.111,0.454119,202.111,-0.1767646,201.92,-0.530204,202.111,-62.56033253488937,202.108,9105.0,202.108,-9105.0,201.362,0.671805
2025-05-28 14:30:23.500000,202.351,17.297096399999997,202.351,29.3988138,202.704,40.436994299999995,202.704,-3.7312659999999997,202.497,30.0,202.351,-0.4781502,202.351,0.1195366,202.351,0.205086,202.351,-0.4863468,202.405,-1.259756,202.351,-71.56505117707799,202.551,9105.0,202.551,-9105.0,201.362,0.671805
2025-05-28 14:30:23.750000,202.955,17.109593999999998,202.955,29.430064199999997,203.003,40.4369934,203.003,-3.7312653,202.774,30.0,202.955,-0.2988434,202.955,0.3586117,202.955,-0.5215044,202.955,-0.278331,202.92,-2.015869,202.955,-81.34747839978598,202.551,9105.0,202.551,-9105.0,201.362,0.671805
2025-05-28 14:30:24.250000,203.262,17.0666247,203.262,29.457408299999997,203.347,40.436993199999996,203.347,-3.7312623,203.263,30.0,203.262,-0.0996132,203.262,0.38849680000000003,203.262,-0.605492,203.262,0.1435602,202.92,-2.015869,203.262,-81.86989764584403,203.054,9105.0,203.054,-9105.0,201.362,0.671805
2025-05-28 14:30:24.500000,203.604,17.0783436,203.604,29.5394406,203.699,40.4369935,203.699,-3.7312604,203.495,30.0,203.604,-0.1195366,203.604,0.27892,203.604,-0.6552986,203.604,0.3095822,203.402,-2.765303,203.604,-60.94544744973186,203.601,9105.0,203.601,-9105.0,201.362,0.671805
2025-05-28 14:30:25,203.858,17.199438899999997,203.858,29.6566296,204.103,40.436994299999995,204.103,-3.7312588,203.996,30.0,203.858,0.13946,203.858,0.3984585,203.858,-0.322278,203.858,0.1972732,203.922,2.792427,203.858,-73.0093078173608,204.102,9105.0,204.102,-9105.0,201.362,0.671805
2025-05-28 14:30:25.250000,204.193,17.297096399999997,204.193,29.687879999999996,204.447,40.4369966,204.447,-3.7312578999999997,204.246,30.0,204.193,0.2689583,204.193,0.2390751,204.193,-0.366225,204.193,0.3408334,203.922,2.792427,204.193,-88.75484222024683,204.102,9105.0,204.102,-9105.0,201.362,0.671805
2025-05-28 14:30:25.500000,204.452,17.4572547,204.452,29.726943,204.777,40.4369978,204.777,-3.7312583,204.489,30.0,204.452,0.4681885,204.452,-0.0796917,204.452,0.278331,204.452,0.4824404,204.451,2.095788,204.452,-65.72553093371073,204.545,-1260.0,204.545,1260.0,201.362,0.671805
2025-05-28 14:30:26,205.096,17.6681949,205.096,29.906632799999997,205.098,40.4369991,205.098,-3.7312604,204.992,30.0,205.096,0.13946,205.096,-0.1195366,205.096,0.1543028,205.096,0.14649,204.918,1.671517,205.096,-74.8460114926351,205.093,-1125.0,205.093,1125.0,201.362,0.671805
2025-05-28 14:30:26.250000,205.393,17.797102799999998,205.393,30.047259599999997,205.461,40.4369997,205.461,-3.7312615,205.234,30.0,205.393,0.1494217,205.393,-0.0796917,205.393,-0.0039064,205.393,0.1054728,205.396,1.443641,205.393,-82.61397527760829,205.093,-1125.0,205.093,1125.0,201.362,0.671805
2025-05-28 14:30:26.750000,205.676,17.847884699999998,205.676,30.1800738,205.786,40.4370001,205.786,-3.7312629,205.733,30.0,205.676,0.0199215,205.676,-0.0796917,205.676,-0.0058595999999999995,205.676,0.043947,205.396,1.443641,205.676,-67.96390081467398,205.554,-3285.0,205.554,3285.0,201.362,0.671805
2025-05-28 14:30:27,205.945,17.8596036,205.945,30.3480447,206.204,40.437,206.204,-3.7312654,205.985,30.0,205.945,-0.0298832,205.945,-0.0597683,205.945,0.161139,205.945,-0.0380874,205.944,1.358481,205.945,-82.76307526430794,206.04,-6600.0,206.04,6600.0,205.862,0.682747
2025-05-28 14:30:27.250000,206.251,17.840072099999997,206.251,30.500390399999997,206.536,40.436999899999996,206.536,-3.7312667999999998,206.251,30.0,206.251,-0.0796917,206.251,-0.0199215,206.251,0.1240282,206.251,0.1054728,206.411,1.500309,206.251,-57.90740641800091,206.04,-6600.0,206.04,6600.0,205.862,0.682747
2025-05-28 14:30:27.750000,206.545,17.816634299999997,206.545,30.637110899999996,206.882,40.4369996,206.882,-3.7312681,206.729,30.0,206.545,-0.0796917,206.545,0.1294983,206.545,0.3457164,206.545,0.0839876,206.411,1.500309,206.545,-70.29198879276562,206.542,-9600.0,206.542,9600.0,205.862,0.682747
2025-05-28 14:30:28,207.199,17.6486634,207.199,30.719143199999998,207.202,40.4369984,207.202,-3.7312708999999997,206.984,30.0,207.199,-0.3088051,207.199,0.13946,207.199,0.0136724,207.199,0.1210984,206.908,1.969683,207.199,-81.57302364407467,207.037,-9600.0,207.037,9600.0,205.862,0.682747
2025-05-28 14:30:28.500000,207.44,17.5900689,207.44,30.738674699999997,207.547,40.4369979,207.547,-3.7312711999999997,207.483,30.0,207.44,-0.4383034,207.44,-0.0498066,207.44,-0.2177818,207.44,-0.0283214,207.387,2.599884,207.44,-73.17863343343149,207.545,-9600.0,207.545,9600.0,205.862,0.682747
2025-05-28 14:30:28.750000,207.747,17.5275681,207.747,30.7699251,207.933,40.436996799999996,207.933,-3.7312729,207.748,30.0,207.747,-0.4283417,207.747,-0.0996132,207.747,-0.2949332,207.747,-0.3398568,207.387,2.599884,207.747,-67.45695559321445,207.545,-9600.0,207.545,9600.0,205.862,0.682747
2025-05-28 14:30:29,208.088,17.4767862,208.088,30.906645599999997,208.255,40.4369967,208.255,-3.7312746,207.978,30.0,208.088,-0.4084183,208.088,-0.3386883,208.088,-0.19532,208.088,-0.2451266,207.939,-3.011702,208.088,-69.92855614257174,208.085,-9600.0,208.085,9600.0,205.862,0.682747
2025-05-28 14:30:29.500000,208.337,17.500224,208.337,31.0082094,208.636,40.436997399999996,208.636,-3.7312776,208.478,30.0,208.337,0.0,208.337,-0.4980717,208.337,-0.2109456,208.337,-0.3252078,208.401,-2.322695,208.337,-73.0093078173608,208.532,-9600.0,208.532,9600.0,205.862,0.682747
2025-05-28 14:30:29.750000,208.644,17.539286999999998,208.644,31.066803899999996,208.976,40.4369981,208.976,-3.7312781999999998,208.705,30.0,208.644,-0.1095749,208.644,-0.5678017,208.644,-0.0214852,208.644,-0.273448,208.894,-1.604961,208.644,-73.4956248372589,208.532,-9600.0,208.532,9600.0,205.862,0.682747
2025-05-28 14:30:30.250000,209.287,17.726789399999998,209.287,31.219149599999998,209.289,40.4369991,209.289,-3.731279,209.288,30.0,209.287,0.3386883,209.287,-0.4681885,209.287,0.3447398,209.287,-0.1923902,208.894,-1.604961,209.287,-66.94878704628717,209.028,-9600.0,209.028,9600.0,205.862,0.682747
2025-05-28 14:30:30.500000,209.59,17.840072099999997,209.59,31.2269622,209.669,40.437001099999996,209.669,-3.7312798999999996,209.477,30.0,209.59,0.3088051,209.59,-0.3187668,209.59,0.4814638,209.59,-0.1669986,209.402,-0.885372,209.59,-73.07252475013192,209.588,-9600.0,209.588,9600.0,205.862,0.682747
2025-05-28 14:30:30.750000,209.829,17.9572611,209.829,31.2699315,209.977,40.437002,209.977,-3.731279,209.701,30.0,209.829,0.3287266,209.829,0.2689583,209.829,0.4033358,209.829,-0.0371108,209.895,-0.154541,209.829,-76.26385391248922,209.588,-9600.0,209.588,9600.0,205.862,0.682747
2025-05-28 14:30:31.250000,210.169,18.148669799999997,210.169,31.258212599999997,210.323,40.437003499999996,210.323,-3.7312767,210.234,30.0,210.169,0.2888817,210.169,0.3984585,210.169,0.4326338,210.169,0.0273448,209.895,-0.154541,210.169,-83.29029373581649,210.029,-9600.0,210.029,9600.0,205.862,0.682747
2025-05-28 14:30:31.500000,210.446,18.2189832,210.446,31.2269622,210.677,40.4370036,210.677,-3.7312752999999996,210.469,30.0,210.446,0.1494217,210.446,0.3785351,210.446,0.3486462,210.446,0.4306806,210.444,0.600926,210.446,-74.64987913623409,210.532,-9600.0,210.532,9600.0,210.339,0.699888
2025-05-28 14:30:32,210.738,18.226795799999998,210.738,31.289462999999998,211.069,40.437003399999995,211.069,-3.7312743,210.965,30.0,210.738,-0.0298832,210.738,0.6375336,210.738,-0.0185554,210.738,0.4023592,210.907,1.328159,210.738,-69.10229125528559,211.067,-9600.0,211.067,9600.0,210.339,0.699888
2025-05-28 14:30:32.250000,211.32,18.058824899999998,211.32,31.3402449,211.403,40.4370021,211.403,-3.7312727,211.22,30.0,211.32,-0.4283417,211.32,0.27892,211.32,-0.0712918,211.32,0.5605684,210.907,1.328159,211.32,-65.22481944947435,211.067,-9600.0,211.067,9600.0,210.339,0.699888
2025-05-28 14:30:32.500000,211.661,17.937729599999997,211.661,31.348057499999996,211.738,40.437000999999995,211.738,-3.7312719999999997,211.464,30.0,211.661,-0.41838000000000003,211.661,0.2888817,211.661,-0.18750719999999998,211.661,0.5117384,211.405,2.023822,211.661,-71.56526974396519,211.518,-9600.0,211.518,9600.0,210.339,0.699888
2025-05-28 14:30:33,211.929,17.7892902,211.929,31.2972756,212.082,40.4369996,212.082,-3.7312721,211.966,30.0,211.929,-0.5877251,211.929,-0.2191517,211.929,-0.434587,211.929,0.2724714,211.928,2.726873,211.929,-75.96397081349042,212.018,-9600.0,212.018,9600.0,210.339,0.699888
2025-05-28 14:30:33.250000,212.248,17.6369445,212.248,31.3168071,212.432,40.4369973,212.432,-3.7312752999999996,212.249,30.0,212.248,-0.4383034,212.248,-0.3088051,212.248,-0.5693578,212.248,0.1279346,212.369,-2.860832,212.248,-55.375819749194235,212.018,-9600.0,212.018,9600.0,210.339,0.699888
2025-05-28 14:30:33.750000,212.57,17.539286999999998,212.57,31.348057499999996,212.761,40.4369969,212.761,-3.7312765,212.708,30.0,212.57,-0.2689583,212.57,-0.48811,212.57,-0.4033358,212.57,-0.0361342,212.369,-2.860832,212.57,-86.53200070680425,212.568,-9600.0,212.568,9600.0,210.339,0.699888
2025-05-28 14:30:34,212.83,17.488505099999998,212.83,31.3402449,213.172,40.436996799999996,213.172,-3.7312789,212.959,30.0,212.83,-0.1195366,212.83,-0.3187668,212.83,-0.3535292,212.83,-0.059572599999999996,212.881,-2.165133,212.83,-60.945327169136306,213.011,-9600.0,213.011,9600.0,210.339,0.699888
2025-05-28 14:30:34.250000,213.425,17.5275681,213.425,31.308994499999997,213.509,40.4369973,213.509,-3.7312805,213.211,30.0,213.425,0.34865,213.425,-0.6076485,213.425,0.1796944,213.425,-0.0625024,213.424,-1.474088,213.425,-79.50862444463723,213.011,-9600.0,213.011,9600.0,210.339,0.699888
2025-05-28 14:30:34.750000,213.723,17.6369445,213.723,31.308994499999997,213.808,40.4369983,213.808,-3.7312819,213.724,30.0,213.723,0.5080334,213.723,-0.0996132,213.723,0.2158286,213.723,-0.1084026,213.424,-1.474088,213.723,-87.79775697009268,213.514,-9600.0,213.514,9600.0,210.339,0.699888
2025-05-28 14:30:35,214.058,17.777571299999998,214.058,31.348057499999996,214.158,40.4370008,214.158,-3.7312814999999997,213.96,30.0,214.058,0.3685734,214.058,0.0199215,214.058,0.1210984,214.058,0.0214852,213.886,-0.779566,214.058,-85.60200177570775,214.055,-9600.0,214.055,9600.0,210.339,0.699888
2025-05-28 14:30:35.500000,214.307,18.0197619,214.307,31.367589,214.524,40.437001699999996,214.524,-3.7312800999999998,214.457,30.0,214.307,0.2689583,214.307,0.3685734,214.307,0.2509862,214.307,0.1943434,214.361,-0.071783,214.307,-61.699194103864855,214.523,-9600.0,214.523,9600.0,210.339,0.699888
2025-05-28 14:30:35.750000,214.648,18.129138299999997,214.648,31.387120499999998,214.916,40.437003399999995,214.916,-3.7312771999999996,214.705,30.0,214.648,0.3586117,214.648,0.3586117,214.648,0.3545058,214.648,0.415055,214.361,-0.071783,214.648,-73.30080589613516,214.523,-9600.0,214.523,9600.0,214.829,0.718045
2025-05-28 14:30:36,215.242,18.2189832,215.242,31.406651999999998,215.242,40.437003499999996,215.242,-3.7312764,214.96,30.0,215.242,-0.0597683,215.242,0.4781502,215.242,-0.0664088,215.242,0.4648616,214.917,0.629155,215.242,-63.43519167676881,215.01,-9600.0,215.01,9600.0,214.829,0.718045
2025-05-28 14:30:36.500000,215.556,18.1877328,215.556,31.359776399999998,215.56,40.4370033,215.56,-3.7312754999999997,215.45,30.0,215.556,-0.0996132,215.556,0.3984585,215.556,-0.3496228,215.556,0.556662,215.357,1.335761,215.556,-68.19871612675219,215.554,-9600.0,215.554,9600.0,214.829,0.718045
2025-05-28 14:30:36.750000,215.819,18.1369509,215.819,31.3402449,215.908,40.437002,215.908,-3.7312748,215.718,30.0,215.819,-0.20919000000000001,215.819,0.34865,215.819,-0.3545058,215.819,0.45802539999999997,215.858,2.025349,215.819,-67.61973561774192,215.554,-9600.0,215.554,9600.0,214.829,0.718045
2025-05-28 14:30:37.250000,216.146,17.929917,216.146,31.289462999999998,216.251,40.4370009,216.251,-3.7312746,216.201,30.0,216.146,-0.4084183,216.146,0.1195366,216.146,-0.4257976,216.146,0.3964996,215.858,2.025349,216.146,9.460845390878317,216.005,-9600.0,216.005,9600.0,214.829,0.718045
2025-05-28 14:30:37.500000,216.406,17.8088217,216.406,31.2699315,216.607,40.4369988,216.607,-3.7312752999999996,216.445,30.0,216.406,-0.5578419,216.406,-0.1294983,216.406,-0.1591858,216.406,-0.23829039999999999,216.405,2.666578,216.406,-104.03431487987726,216.501,-960.0,216.501,960.0,214.829,0.718045
2025-05-28 14:30:37.750000,216.722,17.699445299999997,216.722,31.2269622,216.95,40.4369981,216.95,-3.7312762,216.722,30.0,216.722,-0.2191517,216.722,-0.2589966,216.722,-0.2705182,216.722,-0.0498066,216.869,3.025377,216.722,180.0,216.501,-960.0,216.501,960.0,214.829,0.718045
2025-05-28 14:30:38.250000,217.044,17.617413,217.044,31.238681099999997,217.347,40.4369978,217.347,-3.7312768,217.193,30.0,217.044,-0.0398449,217.044,-0.0298832,217.044,-0.2470798,217.044,0.058596,216.869,3.025377,217.044,-90.0,217.042,-960.0,217.042,960.0,214.829,0.718045
2025-05-28 14:30:38.500000,217.644,17.558818499999997,217.644,31.2269622,217.646,40.4369975,217.646,-3.7312789,217.44,30.0,217.644,-0.0199215,217.644,-0.1294983,217.644,-0.1337942,217.644,0.0869174,217.351,-3.035891,217.644,-98.74559373360066,217.496,-960.0,217.496,960.0,214.829,0.718045
2025-05-28 14:30:39,217.903,17.5470996,217.903,31.207430699999996,218.043,40.4369975,218.043,-3.7312790999999996,217.944,30.0,217.903,-0.0597683,217.903,-0.0996132,217.903,0.0136724,217.903,0.1836008,217.902,-2.879492,217.903,-68.199721053891,218.042,-6660.0,218.042,6690.0,214.829,0.718045
2025-05-28 14:30:39.250000,218.222,17.5470996,218.222,31.207430699999996,218.376,40.4369975,218.376,-3.73128,218.224,30.0,218.222,-0.0597683,218.222,-0.1693432,218.222,-0.4033358,218.222,0.0810578,217.902,-2.879492,218.222,-135.0,218.042,-6660.0,218.042,6690.0,214.829,0.718045
2025-05-28 14:30:39.500000,218.548,17.5470996,218.548,31.219149599999998,218.701,40.4369977,218.701,-3.7312798,218.436,30.0,218.548,-0.06973,218.548,-0.2490349,218.548,-0.1484432,218.548,0.1630922,218.379,-2.613429,218.548,-7.124511964665524,218.545,-2265.0,218.545,2385.0,214.829,0.718045
2025-05-28 14:30:40,218.803,17.57835,218.803,31.3168071,219.059,40.436997999999996,219.059,-3.7312797,218.95,30.0,218.803,0.0298832,218.803,-0.1693432,218.803,-0.1425836,218.803,0.0087894,218.863,-2.334453,218.803,90.0,218.998,2016.0,218.998,9600.0,214.829,0.718045
2025-05-28 14:30:40.250000,219.129,17.6486634,219.129,31.387120499999998,219.441,40.4369984,219.441,-3.7312803999999997,219.185,30.0,219.129,-0.0199215,219.129,-0.2490349,219.129,-0.4970894,219.129,-0.004883,219.349,-2.022027,219.129,98.12955593589577,218.998,2016.0,218.998,9600.0,219.295,0.72562
2025-05-28 14:30:40.750000,219.744,17.656475999999998,219.744,31.457433899999998,219.745,40.4369985,219.745,-3.7312802,219.744,30.0,219.744,0.0199215,219.744,-0.20919000000000001,219.744,0.0527364,219.744,-0.2207116,219.349,-2.022027,219.744,60.94555054832379,219.493,5258.0,219.493,9600.0,219.295,0.72562
2025-05-28 14:30:41,220.037,17.6369445,220.037,31.5082158,220.119,40.4369983,220.119,-3.7312822,219.939,30.0,220.037,-0.0199215,220.037,-0.3785351,220.037,0.478534,220.037,0.083011,219.865,-1.720828,220.037,122.00501483649899,220.035,9600.0,220.035,4068.0,219.295,0.72562
2025-05-28 14:30:41.250000,220.284,17.6486634,220.284,31.500403199999997,220.487,40.436997999999996,220.487,-3.7312841,220.183,30.0,220.284,0.0498066,220.284,-0.38849680000000003,220.284,-0.0507832,220.284,-0.0009766,220.339,-1.606617,220.284,122.47116014867001,220.035,9600.0,220.035,4068.0,219.295,0.72562
2025-05-28 14:30:41.750000,220.619,17.617413,220.619,31.500403199999997,220.779,40.4369981,220.779,-3.7312852999999997,220.678,30.0,220.619,0.0996132,220.619,-0.3088051,220.619,-0.102543,220.619,0.1386772,220.339,-1.606617,220.619,123.69006752597979,220.492,7854.0,220.492,9600.0,219.295,0.72562
2025-05-28 14:30:42,220.889,17.629131899999997,220.889,31.5082158,221.141,40.4369984,221.141,-3.7312866,220.929,30.0,220.889,0.0597683,220.889,-0.4980717,220.889,0.0761748,220.889,0.0351576,220.888,-1.467739,220.889,96.58172130146427,220.982,7879.0,220.982,9600.0,219.295,0.72562
2025-05-28 14:30:42.500000,221.202,17.656475999999998,221.202,31.527747299999998,221.54,40.4369988,221.54,-3.7312871999999997,221.431,30.0,221.202,0.0996132,221.202,-0.2689583,221.202,0.1289112,221.202,-0.0498066,221.335,-1.313616,221.202,108.43494882292202,221.539,9600.0,221.539,5934.0,219.295,0.72562
2025-05-28 14:30:42.750000,221.797,17.7189768,221.797,31.519934699999997,221.866,40.436999,221.866,-3.7312884,221.679,30.0,221.797,0.13946,221.797,-0.4781502,221.797,0.268565,221.797,0.4238444,221.335,-1.313616,221.797,105.94508660751237,221.539,9600.0,221.539,5934.0,219.295,0.72562
2025-05-28 14:30:43,222.123,17.7385083,222.123,31.539466199999996,222.205,40.436999199999995,222.205,-3.7312917999999997,221.924,30.0,222.123,0.13946,222.123,-0.4980717,222.123,0.063479,222.123,-0.0312512,221.869,-1.174815,222.123,113.9623763093689,221.98,9600.0,221.98,8208.0,219.295,0.72562
2025-05-28 14:30:43.500000,222.398,17.7580398,222.398,31.5589977,222.584,40.4369993,222.584,-3.7312931,222.424,30.0,222.398,0.2490349,222.398,-0.41838000000000003,222.398,-0.14649,222.398,0.0058595999999999995,222.334,-1.128502,222.398,71.56614402402059,222.481,9600.0,222.481,7325.0,219.295,0.72562
2025-05-28 14:30:43.750000,222.7,17.8088217,222.7,31.547278799999997,222.883,40.4370002,222.883,-3.7312944999999997,222.701,30.0,222.7,0.1494217,222.7,-0.48811,222.7,0.0908238,222.7,0.1240282,222.834,-1.088979,222.7,105.2546983779273,222.481,9600.0,222.481,7325.0,219.295,0.72562
2025-05-28 14:30:44.250000,223.036,17.8596036,223.036,31.539466199999996,223.23,40.4370007,223.23,-3.7312954,223.176,30.0,223.036,0.1892666,223.036,-0.5080334,223.036,-0.0556662,223.036,0.0410172,222.834,-1.088979,223.036,82.87616054937611,223.033,9510.0,223.033,9600.0,219.295,0.72562
2025-05-28 14:30:44.500000,223.28,17.9064792,223.28,31.547278799999997,223.628,40.437001599999995,223.628,-3.7312982,223.429,30.0,223.28,0.2191517,223.28,-0.5379185,223.28,-0.2021562,223.28,0.083011,223.329,-1.039297,223.28,63.43494882292201,223.49,7954.0,223.49,9600.0,219.295,0.72562
2025-05-28 14:30:44.750000,223.878,18.109606799999998,223.878,31.539466199999996,223.924,40.4370024,223.924,-3.7312999,223.669,30.0,223.878,0.4084183,223.878,-0.48811,223.878,-0.0986366,223.878,0.0410172,223.877,-0.927298,223.878,120.96311367660311,223.49,7954.0,223.49,9600.0,223.795,0.739363
2025-05-28 14:30:45.250000,224.187,18.1877328,224.187,31.379307899999997,224.272,40.4370032,224.272,-3.7313018999999996,224.189,30.0,224.187,0.48811,224.187,-0.4980717,224.187,-0.019532,224.187,0.2168052,223.877,-0.927298,224.187,-167.00541390576487,223.976,8208.0,223.976,9600.0,223.795,0.739363
2025-05-28 14:30:45.500000,224.52,18.2775777,224.52,31.207430699999996,224.626,40.437004699999996,224.626,-3.7313053,224.422,30.0,224.52,0.3685734,224.52,-0.4582268,224.52,0.1357474,224.52,0.18750719999999998,224.337,-0.79923,224.52,-137.7263851682251,224.517,9600.0,224.517,9600.0,223.795,0.739363
2025-05-28 14:30:46,224.825,18.3478911,224.825,31.1566488,225.015,40.437005899999996,225.015,-3.7313058999999997,224.915,30.0,224.825,0.3984585,224.825,-0.41838000000000003,224.825,-0.1640688,224.825,0.2500096,224.83,-0.687856,224.825,-94.39853393033216,225.013,9600.0,225.013,9188.0,223.795,0.739363
2025-05-28 14:30:46.250000,225.113,18.6369573,225.113,31.117585799999997,225.371,40.4370073,225.371,-3.7313063,225.169,30.0,225.113,0.41838000000000003,225.113,-0.3386883,225.113,-0.0820344,225.113,0.126958,224.83,-0.687856,225.113,-91.30173828082205,225.013,9600.0,225.013,9188.0,223.795,0.739363
2025-05-28 14:30:46.500000,225.378,18.797115599999998,225.378,31.090241699999996,225.699,40.4370103,225.699,-3.7313072,225.412,30.0,225.378,0.5080334,225.378,-0.4681885,225.378,0.014649,225.378,0.3584122,225.377,-0.579,225.378,-85.13559852914771,225.467,9600.0,225.467,9018.0,223.795,0.739363
2025-05-28 14:30:47,226.018,19.148682599999997,226.018,31.098054299999998,226.021,40.4370119,226.021,-3.7313079,225.912,30.0,226.018,0.6474934,226.018,-0.4582268,226.018,-0.24415,226.018,0.31934819999999997,225.84,-0.474974,226.018,-40.46227674355031,226.017,9600.0,226.017,8767.0,223.795,0.739363
2025-05-28 14:30:47.250000,226.272,19.316653499999997,226.272,31.098054299999998,226.386,40.4370145,226.386,-3.7313087,226.163,30.0,226.272,0.5080334,226.272,-0.1494217,226.272,-0.122075,226.272,0.2187584,226.323,-0.371856,226.272,-16.188933573004324,226.017,9600.0,226.017,8767.0,223.795,0.739363
2025-05-28 14:30:47.750000,226.579,19.5666567,226.579,31.090241699999996,226.713,40.437015599999995,226.713,-3.7313091,226.638,30.0,226.579,0.5478802,226.579,-0.2589966,226.579,-0.1279346,226.579,0.4062656,226.323,-0.371856,226.579,19.179026454686266,226.482,9600.0,226.482,9131.0,223.795,0.739363
2025-05-28 14:30:48,226.866,19.719002399999997,226.866,31.1293047,227.099,40.4370183,227.099,-3.7313096999999997,226.906,30.0,226.866,0.5578419,226.866,-0.1892666,226.866,-0.24415,226.866,0.2851672,226.865,-0.249753,226.866,6.952887003958562,226.961,9600.0,226.961,7562.0,223.795,0.739363
2025-05-28 14:30:48.250000,227.18,19.867441799999998,227.18,31.1800866,227.416,40.437019299999996,227.416,-3.7313096,227.181,30.0,227.18,0.5578419,227.18,-0.0597683,227.18,-0.3535292,227.18,0.3535292,227.312,-0.154965,227.18,54.16233965672798,226.961,9600.0,226.961,7562.0,223.795,0.739363
2025-05-28 14:30:48.750000,227.512,19.976818199999997,227.512,31.137117299999996,227.803,40.4370206,227.803,-3.7313087,227.652,30.0,227.512,0.6275719,227.512,-0.20919000000000001,227.512,-0.4140784,227.512,0.4082188,227.312,-0.154965,227.512,77.73538408194104,227.509,9600.0,227.509,7755.0,223.795,0.739363
2025-05-28 14:30:49,228.122,20.386979699999998,228.122,30.828519599999996,228.128,40.437022999999996,228.128,-3.7313068,227.902,30.0,228.122,0.6474934,228.122,-0.0896515,228.122,-0.3964996,228.122,0.2363372,227.842,-0.093118,228.122,128.65988821749613,227.957,9600.0,227.957,7879.0,223.795,0.739363
2025-05-28 14:30:49.500000,228.372,20.527606499999997,228.372,30.6292983,228.465,40.4370243,228.465,-3.7313068,228.399,30.0,228.372,0.5777634,228.372,-0.1593834,228.372,-0.3632952,228.372,0.5009958,228.37,-0.049974,228.372,122.00526041788426,228.464,9600.0,228.464,9160.0,228.272,0.754451
2025-05-28 14:30:49.750000,228.697,20.648701799999998,228.697,30.387107699999998,228.844,40.437025399999996,228.844,-3.7313063,228.699,30.0,228.697,0.5379185,228.697,0.0,228.697,-0.6113516,228.697,0.2470798,228.37,-0.049974,228.697,156.44792953525277,228.464,9600.0,228.464,9160.0,228.272,0.754451
2025-05-28 14:30:50,229.004,20.719015199999998,229.004,30.187886399999996,229.169,40.4370267,229.169,-3.7313053,228.902,30.0,229.004,0.5080334,229.004,-0.0099598,229.004,-0.5097852,229.004,0.2314542,228.847,0.00957,229.004,175.7637021096816,229.001,9600.0,229.001,9018.0,228.272,0.754451
2025-05-28 14:30:50.500000,229.27,20.7971412,229.27,29.976946199999997,229.555,40.4370276,229.555,-3.7313050999999997,229.395,30.0,229.27,0.5678017,229.27,-0.0896515,229.27,-0.2841906,229.27,0.2871204,229.321,0.07312,229.27,-146.3098560519318,229.448,9600.0,229.448,8850.0,228.272,0.754451
2025-05-28 14:30:50.750000,229.559,20.898705,229.559,29.726943,229.9,40.4370287,229.9,-3.7313049,229.644,30.0,229.559,0.6076485,229.559,-0.0199215,229.559,-0.2236414,229.559,0.3086056,229.81,0.139676,229.559,-121.86600072486077,229.448,9600.0,229.448,8850.0,228.272,0.754451
2025-05-28 14:30:51.250000,230.201,21.2698035,230.201,29.6566296,230.207,40.437031,230.207,-3.7313045999999996,230.203,30.0,230.201,0.5478802,230.201,0.0597683,230.201,-0.3213014,230.201,0.15039639999999999,229.81,0.139676,230.201,-116.99576735064424,230.005,8364.0,230.005,9600.0,228.272,0.754451
2025-05-28 14:30:51.500000,230.502,21.379179899999997,230.502,29.5902225,230.582,40.4370319,230.582,-3.7313047999999998,230.392,30.0,230.502,0.6176102,230.502,0.0597683,230.502,-0.3740378,230.502,0.1816476,230.317,0.245518,230.502,-98.36580284270093,230.5,9540.0,230.5,9600.0,228.272,0.754451
2025-05-28 14:30:51.750000,230.763,21.5393382,230.763,29.5589721,230.899,40.4370347,230.899,-3.7313058,230.641,30.0,230.763,0.6076485,230.763,0.0,230.763,-0.4023592,230.763,0.1328176,230.82,0.355829,230.763,-83.34558693352832,230.5,9540.0,230.5,9600.0,228.272,0.754451
2025-05-28 14:30:52.250000,231.09,21.687777599999997,231.09,29.609754,231.274,40.437036,231.274,-3.7313063,231.148,30.0,231.09,0.6375336,231.09,0.0996132,231.09,-0.375991,231.09,0.1621156,230.82,0.355829,231.09,-33.42475332841566,230.949,9510.0,230.949,9600.0,228.272,0.754451
2025-05-28 14:30:52.500000,231.347,21.957312299999998,231.347,29.9886651,231.599,40.4370385,231.599,-3.7313061999999997,231.388,30.0,231.347,0.5777634,231.347,0.1693432,231.347,-0.3838038,231.347,0.2597756,231.295,0.477987,231.347,-1.3017382808220463,231.442,9600.0,231.442,9217.0,228.272,0.754451
2025-05-28 14:30:53,231.66,22.109658,231.66,30.156636,231.996,40.4370398,231.996,-3.7313063,231.889,30.0,231.66,0.4681885,231.66,0.13946,231.66,-0.3984528,231.66,0.1152388,231.817,0.602803,231.66,28.73957672480084,231.995,9600.0,231.995,9304.0,228.272,0.754451
2025-05-28 14:30:53.250000,232.248,22.398724199999997,232.248,30.2074179,232.315,40.437041199999996,232.315,-3.7313056,232.119,30.0,232.248,0.6076485,232.248,0.3785351,232.248,-0.6123282,232.248,0.0302746,231.817,0.602803,232.248,41.729423156154546,231.995,9600.0,231.995,9304.0,228.272,0.754451
2025-05-28 14:30:53.750000,232.598,22.539351,232.598,30.258199799999996,232.656,40.4370437,232.656,-3.7313034,232.656,30.0,232.598,0.5379185,232.598,0.2988434,232.598,-0.6855732,232.598,0.0546896,232.317,0.727488,232.598,49.53772325644969,232.442,9600.0,232.442,8685.0,228.272,0.754451
2025-05-28 14:30:54,232.844,22.687790399999997,232.844,30.2777313,233.002,40.437044799999995,233.002,-3.7313023,232.883,30.0,232.844,0.4980717,232.844,0.3685734,232.844,-0.546896,232.844,0.1142622,232.843,0.836974,232.844,71.96572512073719,232.937,9600.0,232.937,8286.0,232.766,0.77025
2025-05-28 14:30:54.250000,233.158,22.906543199999998,233.158,30.148823399999998,233.342,40.4370465,233.342,-3.7313003,233.159,30.0,233.158,0.3785351,233.158,0.1494217,233.158,-0.4961128,233.158,0.2138754,233.293,0.935044,233.158,131.1858284548315,232.937,9600.0,232.937,8286.0,232.766,0.77025
2025-05-28 14:30:54.750000,233.495,23.000294399999998,233.495,29.9691336,233.684,40.4370474,233.684,-3.7312988,233.631,30.0,233.495,0.4383034,233.495,0.3984585,233.495,-0.3691548,233.495,0.0322278,233.293,0.935044,233.495,126.52884568730164,233.492,9600.0,233.492,8286.0,232.766,0.77025
2025-05-28 14:30:55,233.752,23.097951899999998,233.752,29.758193399999996,234.085,40.4370483,234.085,-3.7312974999999997,233.881,30.0,233.752,0.3586117,233.752,0.4781502,233.752,-0.2255946,233.752,-0.009766,233.802,1.019742,233.752,176.42380736708805,233.934,9600.0,233.934,8286.0,232.766,0.77025
2025-05-28 14:30:55.250000,234.339,23.379205499999998,234.339,29.617566599999996,234.436,40.4370499,234.436,-3.7312955999999997,234.128,30.0,234.339,0.3586117,234.339,0.4084183,234.339,-0.3994294,234.339,0.1250048,234.287,1.077006,234.339,-153.434948822922,233.934,9600.0,233.934,8286.0,232.766,0.77025
2025-05-28 14:30:55.750000,234.649,23.4378,234.649,29.430064199999997,234.735,40.4370505,234.735,-3.7312944999999997,234.65,30.0,234.649,0.34865,234.649,0.3984585,234.649,-0.2968864,234.649,-0.0166022,234.287,1.077006,234.649,-156.50151250765535,234.438,9600.0,234.438,8286.0,232.766,0.77025
2025-05-28 14:30:56,234.985,23.547176399999998,234.985,29.2777185,235.089,40.4370524,235.089,-3.7312919,234.876,30.0,234.985,0.38849680000000003,234.985,0.4781502,234.985,-0.1445368,234.985,0.0302746,234.8,1.099911,234.985,-95.71055707040013,234.984,9600.0,234.984,9103.0,232.766,0.77025
2025-05-28 14:30:56.500000,235.233,23.6487402,235.233,29.3285004,235.438,40.437053,235.438,-3.7312908,235.374,30.0,235.233,0.3586117,235.233,0.48811,235.233,-0.1396538,235.233,-0.1748114,235.298,1.127312,235.233,-75.96386367244807,235.438,7854.0,235.438,9600.0,232.766,0.77025
2025-05-28 14:30:56.750000,235.539,23.7190536,235.539,29.367563399999998,235.837,40.4370538,235.837,-3.7312893999999996,235.622,30.0,235.539,0.2589966,235.539,0.4681885,235.539,-0.2138754,235.539,-0.0908238,235.298,1.127312,235.539,-103.39248211953372,235.438,7854.0,235.438,9600.0,232.766,0.77025
2025-05-28 14:30:57,235.84,23.808898499999998,235.84,29.430064199999997,236.163,40.437055099999995,236.163,-3.7312871,235.879,30.0,235.84,0.38849680000000003,235.84,0.4681885,235.84,-0.21973499999999999,235.84,-0.0722684,235.839,1.204916,235.84,-39.80560095111027,235.929,7854.0,235.929,9600.0,232.766,0.77025
2025-05-28 14:30:57.500000,236.476,24.000307199999998,236.476,29.5589721,236.479,40.4370555,236.479,-3.7312859,236.369,30.0,236.476,0.2390751,236.476,0.4383034,236.476,-0.3505994,236.476,-0.0800812,236.284,1.322183,236.476,-14.381205822915287,236.475,9421.0,236.475,9600.0,232.766,0.77025
2025-05-28 14:30:57.750000,236.733,24.047182799999998,236.733,29.687879999999996,236.83,40.437056,236.83,-3.7312846,236.649,30.0,236.733,0.1593834,236.733,0.5478802,236.733,-0.5888898,236.733,-0.004883,236.787,1.44825,236.733,-23.198496303665287,236.475,9421.0,236.475,9600.0,232.766,0.77025
2025-05-28 14:30:58.250000,237.067,24.0979647,237.067,29.9886651,237.175,40.4370568,237.175,-3.7312822,237.122,30.0,237.067,0.2291134,237.067,0.5877251,237.067,-0.2255946,237.067,-0.0517598,236.787,1.44825,237.067,19.289985371097664,236.925,7904.0,236.925,9600.0,232.766,0.77025
2025-05-28 14:30:58.500000,237.339,24.187809599999998,237.339,30.066791099999996,237.563,40.4370572,237.563,-3.7312809,237.366,30.0,237.339,0.1892666,237.339,0.5877251,237.339,-0.4238444,237.339,-0.3017694,237.338,1.586576,237.339,48.36633505032581,237.419,7854.0,237.419,9600.0,237.237,0.784954
2025-05-28 14:30:58.750000,237.642,24.226872599999997,237.642,30.0589785,237.871,40.4370577,237.871,-3.7312784999999997,237.642,30.0,237.642,0.1195366,237.642,0.6973019,237.642,-0.4160316,237.642,0.0039064,237.805,1.765504,237.642,99.65989788632552,237.419,7854.0,237.419,9600.0,237.237,0.784954
2025-05-28 14:30:59.250000,237.967,24.2385915,237.967,30.019915499999996,238.287,40.4370573,238.287,-3.7312779,238.121,30.0,237.967,0.0298832,237.967,0.6773785,237.967,-0.5009958,237.967,-0.249033,237.805,1.765504,237.967,99.46210068802286,237.966,9600.0,237.966,7072.0,237.237,0.784954
2025-05-28 14:30:59.500000,238.575,24.1487466,238.575,29.9691336,238.576,40.4370565,238.576,-3.7312771999999996,238.366,30.0,238.575,-0.0996132,238.575,0.4582268,238.575,-0.649439,238.575,-0.3066524,238.294,1.995161,238.575,130.60116607592994,238.419,9600.0,238.419,5779.0,237.237,0.784954
2025-05-28 14:31:00,238.825,24.109683599999997,238.825,29.758193399999996,238.972,40.4370559,238.972,-3.7312767,238.864,30.0,238.825,-0.06973,238.825,0.6076485,238.825,-0.4609552,238.825,-0.1210984,238.824,2.163282,238.825,118.0725247501319,238.971,9600.0,238.971,4459.0,237.237,0.784954
2025-05-28 14:31:00.250000,239.138,23.969056799999997,239.138,29.629285499999998,239.299,40.437055199999996,239.299,-3.7312759,239.14,30.0,239.138,-0.1992283,239.138,0.4383034,239.138,-0.605492,239.138,-0.4892766,238.824,2.163282,239.138,165.96472079905055,238.971,9600.0,238.971,4459.0,237.237,0.784954
2025-05-28 14:31:00.500000,239.467,23.8870245,239.467,29.519909099999996,239.625,40.4370537,239.625,-3.7312759,239.359,30.0,239.467,-0.1793049,239.467,0.3586117,239.467,-0.2773544,239.467,-0.2421968,239.301,2.255113,239.467,-153.43567738755047,239.465,9600.0,239.465,4524.0,237.237,0.784954
2025-05-28 14:31:01,239.728,23.7971796,239.728,29.4183453,239.975,40.4370529,239.975,-3.7312762999999998,239.86,30.0,239.728,-0.2490349,239.728,0.2390751,239.728,-0.1865306,239.728,-0.1923902,239.788,2.213732,239.728,-104.03527920094946,239.914,9600.0,239.914,5169.0,237.237,0.784954
2025-05-28 14:31:01.250000,240.059,23.6995221,240.059,29.29725,240.369,40.4370522,240.369,-3.7312760999999997,240.114,30.0,240.059,-0.2888817,240.059,0.2191517,240.059,-0.3037226,240.059,-0.180671,240.268,2.155741,240.059,-31.607642954704346,239.914,9600.0,239.914,5169.0,237.237,0.784954
2025-05-28 14:31:01.750000,240.662,23.500300799999998,240.662,29.187873599999996,240.664,40.437051,240.664,-3.7312743999999998,240.662,30.0,240.662,-0.2589966,240.662,0.4681885,240.662,-0.0332044,240.662,-0.0273448,240.268,2.155741,240.662,-51.632689561875566,240.406,7904.0,240.406,9600.0,237.237,0.784954
2025-05-28 14:31:02,240.963,23.3870181,240.963,28.9495893,241.051,40.4370501,241.051,-3.7312737,240.838,30.0,240.963,-0.41838000000000003,240.963,0.4283417,240.963,-0.1728582,240.963,-0.2226648,240.791,2.202199,240.963,-65.69550740645593,240.962,9362.0,240.962,9600.0,237.237,0.784954
2025-05-28 14:31:02.250000,241.211,23.2893606,241.211,28.930057799999997,241.358,40.4370483,241.358,-3.7312713,241.111,30.0,241.211,-0.4383034,241.211,0.6076485,241.211,-0.1015664,241.211,0.058596,241.263,2.28808,241.211,-96.48299567314272,240.962,9362.0,240.962,9600.0,237.237,0.784954
2025-05-28 14:31:02.750000,241.543,23.187796799999997,241.543,28.8480255,241.731,40.4370475,241.731,-3.7312702,241.629,30.0,241.543,-0.3187668,241.543,0.5080334,241.543,-0.058596,241.543,-0.0078128,241.263,2.28808,241.543,-103.09174727825332,241.41,8080.0,241.41,9600.0,237.237,0.784954
2025-05-28 14:31:03,241.814,23.1096708,241.814,28.7777121,242.062,40.4370464,242.062,-3.7312697,241.853,30.0,241.814,-0.41838000000000003,241.814,0.5478802,241.814,-0.1572326,241.814,-0.1962966,241.813,2.394151,241.814,-129.6678372662579,241.906,9600.0,241.906,7854.0,241.734,0.797212
2025-05-28 14:31:03.500000,242.135,22.8674802,242.135,28.500364799999996,242.448,40.437044199999995,242.448,-3.7312695999999996,242.354,30.0,242.135,-0.3984585,242.135,0.3187668,242.135,-0.156256,242.135,-0.229501,242.267,2.484332,242.135,180.0,242.448,7954.0,242.448,9600.0,241.734,0.797212
2025-05-28 14:31:03.750000,242.721,22.6096644,242.721,28.3792695,242.796,40.437042999999996,242.796,-3.7312692,242.603,30.0,242.721,-0.4482651,242.721,0.3685734,242.721,0.0039064,242.721,0.087894,242.267,2.484332,242.721,-169.07727959379636,242.448,7954.0,242.448,9600.0,241.734,0.797212
2025-05-28 14:31:04,243.045,22.4690376,243.045,28.340206499999997,243.122,40.4370407,243.122,-3.7312697999999997,242.847,30.0,243.045,-0.5080334,243.045,0.1892666,243.045,0.0039064,243.045,-0.2470798,242.8,2.576446,243.045,133.72693761568763,242.945,9600.0,242.945,8234.0,241.734,0.797212
2025-05-28 14:31:04.500000,243.302,22.3479423,243.302,28.2581742,243.502,40.437039399999996,243.502,-3.73127,243.344,30.0,243.302,-0.4482651,243.302,0.3187668,243.302,0.126958,243.302,-0.0839876,243.302,2.679147,243.302,144.11796343085624,243.397,9570.0,243.397,9600.0,241.734,0.797212
2025-05-28 14:31:04.750000,243.618,22.0588761,243.618,28.180048199999998,243.809,40.437038099999995,243.809,-3.7312702,243.619,30.0,243.618,-0.5478802,243.618,0.20919000000000001,243.618,-0.07519819999999999,243.618,-0.1650454,243.809,2.803533,243.618,135.90940247099695,243.397,9570.0,243.397,9600.0,241.734,0.797212
2025-05-28 14:31:05.250000,243.945,21.929968199999998,243.945,28.1878608,244.151,40.4370359,244.151,-3.7312689,244.1,30.0,243.945,-0.5379185,243.945,0.2988434,243.945,-0.043947,243.945,-0.0820344,243.809,2.803533,243.945,50.71057510389313,243.944,8712.0,243.944,9600.0,241.734,0.797212
2025-05-28 14:31:05.500000,244.264,21.8166855,244.264,28.359737999999997,244.548,40.4370354,244.548,-3.7312670999999997,244.34,30.0,244.264,-0.6275719,244.264,0.2191517,244.264,-0.0546896,244.264,-0.1337942,244.273,2.955036,244.264,35.942044716595085,244.393,8604.0,244.393,9600.0,241.734,0.797212
2025-05-28 14:31:05.750000,244.8,21.679965,244.8,28.457395499999997,244.848,40.4370346,244.848,-3.7312665,244.59,30.0,244.8,-0.6574551,244.8,-0.0199215,244.8,-0.1113324,244.8,-0.13184099999999999,244.765,3.120468,244.8,21.540969370709025,244.393,8604.0,244.393,9600.0,241.734,0.797212
2025-05-28 14:31:06.250000,245.109,21.5784012,245.109,28.578490799999997,245.195,40.4370337,245.195,-3.7312629999999998,245.111,30.0,245.109,-0.5578419,245.109,-0.0298832,245.109,-0.0156256,245.109,-0.2109456,244.765,3.120468,245.109,-2.683668671634187,244.896,9600.0,244.896,7232.0,241.734,0.797212
2025-05-28 14:31:06.500000,245.443,21.519806699999997,245.443,28.668335699999997,245.551,40.437033199999995,245.551,-3.7312613999999997,245.336,30.0,245.443,-0.6176102,245.443,-0.0996132,245.443,-0.1445368,245.443,-0.112309,245.249,-3.026707,245.443,-45.0,245.442,8631.0,245.442,9600.0,241.734,0.797212
2025-05-28 14:31:07,245.709,21.457305899999998,245.709,28.797243599999998,245.942,40.4370318,245.942,-3.7312575,245.819,30.0,245.709,-0.6375336,245.709,-0.1494217,245.709,0.0400406,245.709,-0.1201218,245.759,-2.887233,245.709,-56.929338779358275,245.941,9600.0,245.941,4993.0,241.734,0.797212
2025-05-28 14:31:07.250000,246.028,21.359648399999998,246.028,28.859744399999997,246.286,40.437030899999996,246.286,-3.731257,246.084,30.0,246.028,-0.6773785,246.028,-0.2390751,246.028,0.2265712,246.028,-0.205086,245.759,-2.887233,246.028,-55.375819749194235,245.941,9600.0,245.941,4993.0,246.196,0.811633
2025-05-28 14:31:07.500000,246.289,21.2698035,246.289,28.8480255,246.631,40.4370294,246.631,-3.7312551999999997,246.338,30.0,246.289,-0.6375336,246.289,-0.3386883,246.289,0.3349738,246.289,-0.087894,246.288,-2.784061,246.289,-110.44954485459199,246.391,9600.0,246.391,6938.0,246.196,0.811633
2025-05-28 14:31:07.750000,246.937,21.0198003,246.937,28.750367999999998,246.939,40.4370287,246.939,-3.731254,246.833,30.0,246.937,-0.5080334,246.937,-0.1992283,246.937,0.239267,246.937,0.0908238,246.799,-2.760599,246.937,-125.16647375871905,246.936,9600.0,246.936,7562.0,246.196,0.811633
2025-05-28 14:31:08.250000,247.186,20.929955399999997,247.186,28.5902097,247.3,40.4370279,247.3,-3.7312537,247.083,30.0,247.186,-0.4980717,247.186,-0.3187668,247.186,0.2080158,247.186,-0.0087894,247.242,-2.777139,247.186,-151.14436322068929,246.936,9600.0,246.936,7562.0,246.196,0.811633
2025-05-28 14:31:08.750000,247.519,20.840110499999998,247.519,28.476926999999996,247.631,40.437025999999996,247.631,-3.7312534,247.578,30.0,247.519,-0.4482651,247.519,-0.2390751,247.519,0.200203,247.519,0.141607,247.242,-2.777139,247.519,-159.44410448348233,247.385,7929.0,247.385,9600.0,246.196,0.811633
2025-05-28 14:31:08.750000,247.806,20.719015199999998,247.806,28.2777057,248.025,40.437025,248.025,-3.7312532,247.835,30.0,247.806,-0.5478802,247.806,-0.2291134,247.806,0.434587,247.806,0.2070392,247.805,-2.723565,247.806,171.67438149356406,247.885,9600.0,247.885,8767.0,246.196,0.811633
2025-05-28 14:31:09.250000,248.126,20.4885435,248.126,28.1370789,248.336,40.437022899999995,248.336,-3.7312531,248.129,30.0,248.126,-0.5279568,248.126,-0.3386883,248.126,0.3916166,248.126,-0.0918004,248.242,-2.669691,248.126,150.1541232885453,247.885,9600.0,247.885,8767.0,246.196,0.811633
2025-05-28 14:31:09.750000,248.428,20.3674482,248.428,28.0198899,248.726,40.4370219,248.726,-3.7312532,248.558,30.0,248.428,-0.5279568,248.428,-0.2490349,248.428,0.3769676,248.428,0.1181686,248.242,-2.669691,248.428,101.09359353840296,248.427,9600.0,248.427,7586.0,246.196,0.811633
2025-05-28 14:31:09.750000,249.043,20.168226899999997,249.043,28.000358399999996,249.047,40.437021,249.047,-3.7312532999999997,248.826,30.0,249.043,-0.4283417,249.043,-0.1892666,249.043,0.4121252,249.043,0.2812608,248.753,-2.686453,249.043,86.90615684646072,248.879,9600.0,248.879,8029.0,246.196,0.811633
2025-05-28 14:31:10.500000,249.302,20.0588505,249.302,28.168329299999996,249.431,40.437018699999996,249.431,-3.7312539,249.325,30.0,249.302,-0.4482651,249.302,-0.2490349,249.302,0.4990426,249.302,0.336927,249.234,-2.71567,249.302,36.11927313333706,249.431,7904.0,249.431,9600.0,246.196,0.811633
2025-05-28 14:31:10.750000,249.595,19.769784299999998,249.595,28.340206499999997,249.792,40.437017399999995,249.792,-3.7312542,249.595,30.0,249.595,-0.4383034,249.595,-0.2988434,249.595,0.317395,249.595,0.3701314,249.234,-2.71567,249.595,45.0,249.431,7904.0,249.431,9600.0,246.196,0.811633
2025-05-28 14:31:10.750000,249.921,19.6174386,249.921,28.418332499999998,250.1,40.4370147,250.1,-3.7312548,249.823,30.0,249.921,-0.6474934,249.921,-0.4084183,249.921,0.605492,249.921,0.4609552,249.794,-2.696606,249.921,45.0,249.919,7904.0,249.919,9600.0,246.196,0.811633
2025-05-28 14:31:11.500000,250.183,19.4689992,250.183,28.488645899999998,250.477,40.4370133,250.477,-3.7312553,250.321,30.0,250.183,-0.4980717,250.183,-0.3187668,250.183,0.3164184,250.183,0.322278,250.248,-2.615994,250.183,-7.124960306263694,250.374,7854.0,250.374,9600.0,246.196,0.811633
2025-05-28 14:31:11.750000,250.48,19.316653499999997,250.48,28.558959299999998,250.798,40.4370119,250.798,-3.7312558,250.567,30.0,250.48,-0.6474934,250.48,-0.3685734,250.48,0.3213014,250.48,0.2089924,250.797,-2.493991,250.48,-14.036050615180185,250.374,7854.0,250.374,9600.0,250.692,0.825523
2025-05-28 14:31:12.250000,251.123,18.9299298,251.123,28.6175538,251.127,40.4370099,251.127,-3.7312570999999997,251.124,30.0,251.123,-0.3685734,251.123,-0.4283417,251.123,0.3242312,251.123,0.2011796,250.797,-2.493991,251.123,-30.96375653207352,250.869,5626.0,250.869,9600.0,250.692,0.825523
2025-05-28 14:31:12.500000,251.416,18.8596164,251.416,28.6370853,251.513,40.4370092,251.513,-3.7312575999999997,251.302,30.0,251.416,-0.3586117,251.416,-0.4383034,251.416,0.502949,251.416,-0.0166022,251.24,-2.30395,251.416,-73.68620745516915,251.415,7854.0,251.415,9600.0,250.692,0.825523
2025-05-28 14:31:12.750000,251.688,18.7775841,251.688,28.648804199999997,251.871,40.4370085,251.871,-3.7312581999999996,251.545,30.0,251.688,-0.3984585,251.688,-0.5478802,251.688,0.522481,251.688,-0.0459002,251.75,-2.083567,251.688,-103.06924845766206,251.415,7854.0,251.415,9600.0,250.692,0.825523
2025-05-28 14:31:13.250000,252.024,18.699458099999998,252.024,28.578490799999997,252.165,40.4370073,252.165,-3.7312602999999998,252.062,30.0,252.024,-0.2988434,252.024,-0.5179951,252.024,0.3974762,252.024,0.1455134,251.75,-2.083567,252.024,-139.76354748074328,251.874,7682.0,251.874,9600.0,250.692,0.825523
2025-05-28 14:31:13.500000,252.283,18.6369573,252.283,28.508177399999997,252.525,40.437007,252.525,-3.7312613999999997,252.312,30.0,252.283,-0.1892666,252.283,-0.6176102,252.283,0.678737,252.283,0.2812608,252.222,-1.832916,252.283,-126.86946050039654,252.365,7854.0,252.365,9600.0,250.692,0.825523
2025-05-28 14:31:13.750000,252.587,18.629144699999998,252.587,28.4495829,252.912,40.437007099999995,252.912,-3.7312626,252.81,30.0,252.587,-0.0199215,252.587,-0.7072636,252.587,0.6123282,252.587,0.2363372,252.736,-1.561447,252.587,-167.19588422627135,252.911,9600.0,252.911,6946.0,250.692,0.825523
2025-05-28 14:31:14.250000,253.167,18.648676199999997,253.167,28.269893099999997,253.261,40.4370074,253.261,-3.7312661,253.065,30.0,253.167,0.0796917,253.167,-0.6275719,253.167,0.5771706,253.167,0.7832332,252.736,-1.561447,253.167,-171.25440626639934,252.911,9600.0,252.911,6946.0,250.692,0.825523
2025-05-28 14:31:14.500000,253.5,18.699458099999998,253.5,28.2581742,253.574,40.437007799999996,253.574,-3.7312673999999997,253.313,30.0,253.5,0.0796917,253.5,-0.4781502,253.5,0.522481,253.5,0.2480564,253.266,-1.336502,253.5,-149.0360827554113,253.366,6240.0,253.366,90.0,250.692,0.825523
2025-05-28 14:31:14.750000,253.767,18.718989599999997,253.767,28.199579699999997,253.951,40.4370082,253.951,-3.7312689999999997,253.816,30.0,253.767,0.0398449,253.767,-0.3386883,253.767,0.3330206,253.767,0.4668148,253.734,-1.20807,253.767,-160.55993154592193,253.861,3615.0,253.861,-2175.0,250.692,0.825523
2025-05-28 14:31:15.250000,254.074,18.750239999999998,254.074,28.180048199999998,254.285,40.437008299999995,254.285,-3.7312697,254.075,30.0,254.074,0.0498066,254.074,-0.3287266,254.074,0.336927,254.074,0.4648616,254.223,-1.12729,254.074,-164.35770490013496,253.861,3615.0,253.861,-2175.0,250.692,0.825523
2025-05-28 14:31:15.750000,254.405,18.7775841,254.405,28.199579699999997,254.607,40.4370087,254.607,-3.7312711,254.57,30.0,254.405,0.0199215,254.405,-0.2689583,254.405,0.2158286,254.405,0.3925932,254.223,-1.12729,254.405,169.99231357923668,254.404,3540.0,254.404,-2220.0,250.692,0.825523
2025-05-28 14:31:15.750000,254.675,18.797115599999998,254.675,28.219111199999997,255.02,40.4370088,255.02,-3.7312716,254.816,30.0,254.675,0.0099598,254.675,-0.3187668,254.675,0.2793076,254.675,0.2461032,254.727,-1.102508,254.675,-175.42637410200606,254.855,9045.0,254.855,-7485.0,250.692,0.825523
2025-05-28 14:31:16.250000,255.272,18.797115599999998,255.272,28.148797799999997,255.311,40.4370087,255.311,-3.7312721,255.035,30.0,255.272,-0.1793049,255.272,-0.2490349,255.272,-0.0126958,255.272,0.2275478,255.268,-1.335254,255.272,177.2741340521988,254.855,9045.0,254.855,-7485.0,255.163,0.834918
2025-05-28 14:31:16.750000,255.567,18.769771499999997,255.567,28.168329299999996,255.652,40.437008399999996,255.652,-3.7312724,255.568,30.0,255.567,-0.0398449,255.567,-0.06973,255.567,-0.058596,255.567,0.2617288,255.268,-1.335254,255.567,174.56003634057902,255.358,1530.0,255.358,60.0,255.163,0.834918
2025-05-28 14:31:16.750000,255.905,18.789303,255.905,28.058952899999998,256.005,40.4370086,256.005,-3.7312724999999998,255.817,30.0,255.905,0.0199215,255.905,-0.0099598,255.905,-0.0498066,255.905,0.2910268,255.731,-1.537217,255.905,-176.98742381709428,255.903,4425.0,255.903,-2775.0,255.163,0.834918
2025-05-28 14:31:17.500000,256.152,18.7775841,256.152,27.988639499999998,256.36,40.4370087,256.36,-3.731273,256.318,30.0,256.152,-0.06973,256.152,-0.1494217,256.152,-0.1113324,256.152,0.0791046,256.208,-1.653775,256.152,172.69433942950334,256.36,4665.0,256.36,6585.0,255.163,0.834918
2025-05-28 14:31:17.750000,256.501,18.797115599999998,256.501,27.726917399999998,256.747,40.4370087,256.747,-3.7312733,256.544,30.0,256.501,-0.0896515,256.501,-0.0896515,256.501,-0.0410172,256.501,-0.1767646,256.208,-1.653775,256.501,162.12153000489354,256.36,4665.0,256.36,6585.0,255.163,0.834918
2025-05-28 14:31:17.750000,256.752,18.789303,256.752,27.656603999999998,257.094,40.4370087,257.094,-3.7312738999999997,256.816,30.0,256.752,-0.0498066,256.752,-0.1593834,256.752,-0.0761748,256.752,0.0078128,256.751,-1.722341,256.752,173.157261061644,256.852,7854.0,256.852,9600.0,255.163,0.834918
2025-05-28 14:31:18.250000,257.4,18.797115599999998,257.4,27.617541,257.404,40.4370087,257.404,-3.7312754,257.312,30.0,257.4,-0.0298832,257.4,-0.41838000000000003,257.4,0.029298,257.4,-0.0332044,257.206,-1.718558,257.4,159.67704772671988,257.399,7805.0,257.399,9600.0,255.163,0.834918
2025-05-28 14:31:18.750000,257.662,18.797115599999998,257.662,27.5667591,257.76,40.4370087,257.76,-3.7312767,257.541,30.0,257.662,-0.0796917,257.662,-0.5777634,257.662,0.1328176,257.662,0.0742216,257.713,-1.658198,257.662,142.3524073239518,257.399,7805.0,257.399,9600.0,255.163,0.834918
2025-05-28 14:31:19.250000,257.986,18.789303,257.986,27.4691016,258.108,40.4370086,258.108,-3.7312798999999996,258.043,30.0,257.986,-0.0398449,257.986,-0.5379185,257.986,-0.0507832,257.986,-0.0908238,257.713,-1.658198,257.986,163.7398477476049,257.843,7854.0,257.843,9600.0,255.163,0.834918
2025-05-28 14:31:19.250000,258.262,18.789303,258.262,27.180035399999998,258.497,40.4370087,258.497,-3.7312816,258.29,30.0,258.262,0.0099598,258.262,-0.5279568,258.262,0.0380874,258.262,0.1093792,258.26,-1.544612,258.262,164.35776164987197,258.342,7854.0,258.342,9600.0,255.163,0.834918
2025-05-28 14:31:19.500000,258.561,18.797115599999998,258.561,27.0667527,258.803,40.437008899999995,258.803,-3.7312828999999996,258.562,30.0,258.561,0.0298832,258.561,-0.5080334,258.561,0.0898472,258.561,-0.0175788,258.723,-1.418043,258.561,149.23736280585067,258.342,7854.0,258.342,9600.0,255.163,0.834918
2025-05-28 14:31:20,258.889,18.828366,258.889,27.0003456,259.193,40.4370094,259.193,-3.7312859,259.037,30.0,258.889,0.0199215,258.889,-0.5877251,258.889,0.190437,258.889,-0.0107426,258.723,-1.418043,258.889,162.97944525731478,258.888,7854.0,258.888,9600.0,255.163,0.834918
2025-05-28 14:31:20.250000,259.499,18.9182109,259.499,26.9495637,259.501,40.4370098,259.501,-3.7312873,259.313,30.0,259.499,0.2490349,259.499,-0.5179951,259.499,0.1289112,259.499,0.0019532,259.2,-1.261864,259.499,159.56724511090437,259.345,7500.0,259.345,9420.0,255.163,0.834918
2025-05-28 14:31:20.750000,259.756,19.0002432,259.756,26.8792503,259.883,40.4370105,259.883,-3.7312887999999997,259.788,30.0,259.756,0.2589966,259.756,-0.5877251,259.756,0.0527364,259.756,0.1298878,259.754,-1.069827,259.756,157.83367989162284,259.882,2160.0,259.882,4080.0,259.662,0.845446
2025-05-28 14:31:21,260.054,19.078369199999997,260.054,26.6370597,260.22,40.4370121,260.22,-3.7312917,260.056,30.0,260.054,0.2988434,260.054,-0.6176102,260.054,0.107426,260.054,0.2226648,259.754,-1.069827,260.054,154.2901496610864,259.882,2160.0,259.882,4080.0,259.662,0.845446
2025-05-28 14:31:21.250000,260.388,19.258059,260.388,26.5003392,260.561,40.4370129,260.561,-3.7312927,260.281,30.0,260.388,0.3386883,260.388,-0.2689583,260.388,0.019532,260.388,0.1103558,260.226,-0.823285,260.388,140.07962660045385,260.387,1260.0,260.387,3180.0,259.662,0.845446
2025-05-28 14:31:21.750000,260.644,19.367435399999998,260.644,26.328462,260.937,40.4370146,260.937,-3.7312941,260.781,30.0,260.644,0.2888817,260.644,-0.38849680000000003,260.644,-0.0498066,260.644,0.2109456,260.711,-0.548813,260.644,135.578741174347,260.843,-180.0,260.843,1740.0,259.662,0.845446
2025-05-28 14:31:22,260.942,19.457280299999997,260.942,26.156584799999997,261.284,40.4370154,261.284,-3.7312944,261.059,30.0,260.942,0.2988434,260.942,-0.2291134,260.942,0.0546896,260.942,0.0791046,261.19,-0.301655,260.942,141.18864104979144,260.843,-180.0,260.843,1740.0,259.662,0.845446
2025-05-28 14:31:22.500000,261.539,19.609626,261.539,26.039395799999998,261.576,40.4370166,261.576,-3.731295,261.54,30.0,261.539,0.2689583,261.539,-0.0796917,261.539,-0.0009766,261.539,0.0546896,261.19,-0.301655,261.539,136.39708356891995,261.335,-1605.0,261.335,315.0,259.662,0.845446
2025-05-28 14:31:22.750000,261.885,19.726815,261.885,25.9573635,261.994,40.4370171,261.994,-3.7312952,261.778,30.0,261.885,0.1593834,261.885,-0.0996132,261.885,0.039064,261.885,0.0175788,261.703,-0.063812,261.885,128.990971586984,261.884,-915.0,261.884,1005.0,259.662,0.845446
2025-05-28 14:31:23,262.13,19.769784299999998,262.13,25.898768999999998,262.34,40.437017499999996,262.34,-3.7312952999999998,262.026,30.0,262.13,0.1992283,262.13,-0.0398449,262.13,0.0332044,262.13,-0.0449236,262.185,0.159146,262.13,132.66274639692136,261.884,-915.0,261.884,1005.0,259.662,0.845446
2025-05-28 14:31:23.500000,262.471,19.816659899999998,262.471,25.867518599999997,262.63,40.4370183,262.63,-3.7312955,262.527,30.0,262.471,0.1494217,262.471,-0.0796917,262.471,0.068362,262.471,-0.0498066,262.185,0.159146,262.471,125.9605282075639,262.344,-915.0,262.344,1005.0,259.662,0.845446
2025-05-28 14:31:23.750000,262.736,19.867441799999998,262.736,25.8089241,262.983,40.437018599999995,262.983,-3.7312954,262.776,30.0,262.736,0.13946,262.736,-0.06973,262.736,0.0332044,262.736,0.019532,262.735,0.367639,262.736,125.28679033762931,262.828,-900.0,262.828,1020.0,259.662,0.845446
2025-05-28 14:31:24.250000,263.046,19.8986922,263.046,25.777673699999998,263.376,40.4370194,263.376,-3.7312954,263.271,30.0,263.046,0.1294983,263.046,-0.0498066,263.046,-0.0068362,263.046,-0.0224618,263.181,0.567788,263.046,106.38955193524285,263.376,-900.0,263.376,1020.0,259.662,0.845446
2025-05-28 14:31:24.500000,263.677,20.027600099999997,263.677,25.7190792,263.682,40.4370198,263.682,-3.7312952,263.519,30.0,263.677,0.0996132,263.677,0.0199215,263.677,0.07519819999999999,263.677,-0.07519819999999999,263.181,0.567788,263.677,115.30126641886419,263.376,-900.0,263.376,1020.0,259.662,0.845446
2025-05-28 14:31:24.750000,263.964,20.0471316,263.964,25.680016199999997,264.039,40.43702,264.039,-3.7312950999999996,263.771,30.0,263.964,0.0099598,263.964,-0.0199215,263.964,0.0888706,263.964,-0.0615258,263.729,0.759495,263.964,108.74123106823932,263.823,-900.0,263.823,1020.0,259.662,0.845446
2025-05-28 14:31:25.250000,264.233,20.039319,264.233,25.6682973,264.425,40.437019899999996,264.425,-3.7312952999999998,264.27,30.0,264.233,-0.0199215,264.233,-0.0597683,264.233,0.046876799999999996,264.233,-0.046876799999999996,264.231,0.944921,264.233,96.11545533286892,264.324,-915.0,264.324,1005.0,264.134,0.846116
2025-05-28 14:31:25.500000,264.539,20.039319,264.539,25.6682973,264.739,40.4370196,264.739,-3.7312957,264.54,30.0,264.539,0.0298832,264.539,-0.0796917,264.539,0.024415,264.539,-0.0742216,264.738,1.119602,264.539,108.4348967833004,264.324,-915.0,264.324,1005.0,264.134,0.846116
2025-05-28 14:31:26,264.866,20.008068599999998,264.866,25.750329599999997,265.067,40.437019,265.067,-3.7312963999999997,265.014,30.0,264.866,-0.0298832,264.866,-0.0796917,264.866,0.0263682,264.866,-0.046876799999999996,264.738,1.119602,264.866,80.3948737968172,264.866,-915.0,264.866,1005.0,264.134,0.846116
2025-05-28 14:31:26.250000,265.122,19.937755199999998,265.122,25.9065816,265.47,40.437018699999996,265.47,-3.7312966999999997,265.264,30.0,265.122,-0.0298832,265.122,-0.0796917,265.122,0.1103558,265.122,-0.0761748,265.175,1.271654,265.122,97.88301495795652,265.324,-900.0,265.324,1020.0,264.134,0.846116
2025-05-28 14:31:26.500000,265.722,19.8986922,265.722,25.9065816,265.771,40.437018599999995,265.771,-3.7312969999999996,265.512,30.0,265.722,0.0099598,265.722,-0.0896515,265.722,-0.0058595999999999995,265.722,-0.0664088,265.689,1.400295,265.722,105.42219754527396,265.324,-900.0,265.324,1020.0,264.134,0.846116
2025-05-28 14:31:27,266.041,19.8791607,266.041,25.9495509,266.111,40.4370183,266.111,-3.7312977,266.041,30.0,266.041,-0.06973,266.041,-0.1494217,266.041,0.0791046,266.041,-0.0625024,265.689,1.400295,266.041,90.0,265.831,-900.0,265.831,1020.0,264.134,0.846116
2025-05-28 14:31:27.250000,266.368,19.859629199999997,266.368,26.0003328,266.47,40.4370182,266.47,-3.7312979,266.262,30.0,266.368,0.0,266.368,-0.0996132,266.368,0.0888706,266.368,-0.09766,266.179,1.510954,266.368,91.12311791510137,266.368,-900.0,266.368,1020.0,264.134,0.846116
2025-05-28 14:31:27.750000,266.628,19.840097699999998,266.628,26.0276769,266.859,40.437018099999996,266.859,-3.7312980999999996,266.741,30.0,266.628,-0.0099598,266.628,-0.1095749,266.628,0.039064,266.628,-0.1044962,266.68,1.607204,266.628,98.97248877986091,266.859,-915.0,266.859,1005.0,264.134,0.846116
2025-05-28 14:31:28,266.956,19.8283788,266.956,26.058927299999997,267.208,40.4370178,267.208,-3.7312985999999997,266.987,30.0,266.956,-0.0199215,266.956,-0.06973,266.956,0.0566428,266.956,-0.0869174,266.68,1.607204,266.956,91.87774542723086,266.859,-915.0,266.859,1005.0,264.134,0.846116
2025-05-28 14:31:28.250000,267.215,19.8088473,267.215,26.129240699999997,267.552,40.4370176,267.552,-3.7312988999999996,267.24,30.0,267.215,-0.0597683,267.215,-0.0896515,267.215,0.1044962,267.215,-0.0615258,267.212,1.697169,267.215,90.0,267.328,-900.0,267.328,1020.0,264.134,0.846116
2025-05-28 14:31:28.750000,267.857,19.7580654,267.857,26.0979903,267.859,40.437017399999995,267.859,-3.7312996999999997,267.754,30.0,267.857,-0.0099598,267.857,-0.1294983,267.857,0.0263682,267.857,-0.0664088,267.695,1.780674,267.857,83.77421734790497,267.856,-900.0,267.856,1020.0,264.134,0.846116
2025-05-28 14:31:29,268.112,19.726815,268.112,26.066739899999998,268.227,40.4370171,268.227,-3.7313012,268.008,30.0,268.112,-0.0597683,268.112,-0.1095749,268.112,0.0839876,268.112,-0.0419938,268.164,1.858848,268.112,84.47249928043433,267.856,-900.0,267.856,1020.0,264.134,0.846116
2025-05-28 14:31:29.500000,268.451,19.699470899999998,268.451,26.0276769,268.559,40.437016799999995,268.559,-3.7313018999999996,268.482,30.0,268.451,-0.0597683,268.451,-0.1494217,268.451,0.1142622,268.451,-0.1103558,268.164,1.858848,268.451,90.0,268.306,-900.0,268.306,1020.0,264.134,0.846116
2025-05-28 14:31:29.750000,268.719,19.668220499999997,268.719,25.988613899999997,268.943,40.4370164,268.943,-3.7313034,268.757,30.0,268.719,-0.0199215,268.719,-0.1294983,268.719,0.0966834,268.719,-0.0175788,268.718,1.935494,268.719,81.1194658635902,268.858,-900.0,268.858,1020.0,268.622,0.846429
2025-05-28 14:31:30,269.023,19.648688999999997,269.023,25.976895,269.331,40.4370164,269.331,-3.7313039,269.024,30.0,269.023,0.0597683,269.023,-0.0896515,269.023,0.0849642,269.023,0.0136724,269.16,2.013391,269.023,73.66407079141028,268.858,-900.0,268.858,1020.0,268.622,0.846429
2025-05-28 14:31:30.500000,269.336,19.6565016,269.336,25.9573635,269.649,40.4370165,269.649,-3.7313041,269.498,30.0,269.336,0.0,269.336,-0.1294983,269.336,0.0800812,269.336,-0.092777,269.16,2.013391,269.336,73.41270688307766,269.334,-915.0,269.334,1005.0,268.622,0.846429
2025-05-28 14:31:30.750000,269.964,19.6565016,269.964,25.9495509,269.966,40.4370164,269.966,-3.7313047,269.75,30.0,269.964,-0.0597683,269.964,-0.1793049,269.964,0.092777,269.964,0.0029297999999999998,269.675,2.089897,269.964,66.46772791110669,269.805,-900.0,269.805,1020.0,268.622,0.846429
2025-05-28 14:31:31.250000,270.217,19.629157499999998,270.217,26.008145399999997,270.31,40.437016199999995,270.31,-3.7313058,270.245,30.0,270.217,-0.0199215,270.217,-0.1793049,270.217,0.0761748,270.217,0.0224618,270.17,2.174017,270.217,58.07912589590926,270.309,-705.0,270.309,1215.0,268.622,0.846429
2025-05-28 14:31:31.500000,270.524,19.609626,270.524,26.109709199999998,270.689,40.437015699999996,270.689,-3.7313080999999997,270.524,30.0,270.524,-0.0896515,270.524,-0.20919000000000001,270.524,0.126958,270.524,-0.092777,270.17,2.174017,270.524,60.94541308382312,270.309,-705.0,270.309,1215.0,268.622,0.846429
2025-05-28 14:31:31.750000,270.854,19.578375599999998,270.854,26.199554099999997,271.012,40.4370154,271.012,-3.7313094999999996,270.747,30.0,270.854,-0.0796917,270.854,-0.1892666,270.854,0.092777,270.854,-0.0253916,270.693,2.260799,270.854,53.49853345817889,270.853,-900.0,270.853,1020.0,268.622,0.846429
2025-05-28 14:31:32.250000,271.1,19.5197811,271.1,26.3792439,271.397,40.4370152,271.397,-3.7313121999999996,271.242,30.0,271.1,-0.0099598,271.1,-0.1095749,271.1,0.1298878,271.1,0.0019532,271.154,2.356741,271.1,68.45903062929098,271.295,-2535.0,271.295,-615.0,268.622,0.846429
2025-05-28 14:31:32.500000,271.4,19.5197811,271.4,26.457369899999996,271.747,40.4370152,271.747,-3.7313131,271.494,30.0,271.4,0.0597683,271.4,-0.0597683,271.4,0.1982498,271.4,0.0322278,271.655,2.472165,271.4,47.72624918210727,271.295,-2535.0,271.295,-615.0,268.622,0.846429
2025-05-28 14:31:33,272.038,19.508062199999998,272.038,26.5901841,272.04,40.437015099999996,272.04,-3.7313144,272.039,30.0,272.038,-0.0398449,272.038,-0.1892666,272.038,0.107426,272.038,0.0156256,271.655,2.472165,272.038,36.86982479035392,271.798,-870.0,271.798,1050.0,268.622,0.846429
2025-05-28 14:31:33.250000,272.347,19.4885307,272.347,26.699560499999997,272.442,40.4370145,272.442,-3.7313172999999997,272.239,30.0,272.347,-0.0298832,272.347,-0.1593834,272.347,0.0742216,272.347,0.009766,272.167,2.595061,272.347,43.80659354602443,272.345,-900.0,272.345,1020.0,268.622,0.846429
2025-05-28 14:31:33.500000,272.605,19.4182173,272.605,26.8597188,272.792,40.4370143,272.792,-3.7313183999999997,272.486,30.0,272.605,-0.0199215,272.605,-0.1095749,272.605,0.0654322,272.605,0.0302746,272.665,2.717961,272.605,41.28475127477243,272.345,-900.0,272.345,1020.0,268.622,0.846429
2025-05-28 14:31:34,272.93,19.3986858,272.93,26.957376299999996,273.089,40.4370139,273.089,-3.7313213,272.988,30.0,272.93,0.0199215,272.93,-0.0996132,272.93,0.0693386,272.93,0.0068362,272.665,2.717961,272.93,41.185828454831466,272.796,-900.0,272.796,1020.0,268.622,0.846429
2025-05-28 14:31:34.250000,273.208,19.367435399999998,273.208,27.027689699999996,273.445,40.4370136,273.445,-3.7313232,273.234,30.0,273.208,0.0398449,273.208,-0.1294983,273.208,0.0419938,273.208,0.0664088,273.206,2.836067,273.208,39.09384174377342,273.287,-900.0,273.287,1020.0,273.105,0.846769
2025-05-28 14:31:34.750000,273.507,19.3479039,273.507,27.1683165,273.831,40.4370133,273.831,-3.7313253,273.736,30.0,273.507,-0.0099598,273.507,-0.1593834,273.507,0.0410172,273.507,0.0,273.664,2.952527,273.507,36.304517814604424,273.83,-900.0,273.83,1020.0,273.105,0.846769
2025-05-28 14:31:35,274.084,19.3088409,274.084,27.269880299999997,274.188,40.4370133,274.188,-3.731327,274.018,30.0,274.084,0.0298832,274.084,-0.1294983,274.084,0.058596,274.084,-0.0019532,273.664,2.952527,274.084,28.95087399200556,273.83,-900.0,273.83,1020.0,273.105,0.846769
2025-05-28 14:31:35.250000,274.427,19.3088409,274.427,27.387069299999997,274.505,40.4370133,274.505,-3.7313275999999997,274.23,30.0,274.427,-0.0099598,274.427,-0.0996132,274.427,0.0664088,274.427,0.0058595999999999995,274.193,3.062103,274.427,39.68545140021099,274.282,-900.0,274.282,1020.0,273.105,0.846769
2025-05-28 14:31:35.750000,274.69,19.3088409,274.69,27.5901969,274.846,40.4370133,274.846,-3.7313283999999998,274.729,30.0,274.69,-0.0298832,274.69,-0.1793049,274.69,0.083011,274.69,0.0546896,274.688,-3.112241,274.69,22.135532283567592,274.782,-900.0,274.782,1020.0,273.105,0.846769
2025-05-28 14:31:36,274.999,19.297121999999998,274.999,27.6878544,275.186,40.4370134,275.186,-3.7313294999999997,275.0,30.0,274.999,-0.0099598,274.999,-0.1593834,274.999,0.0185554,274.999,0.059572599999999996,275.137,-3.00275,274.999,28.610511871369752,274.782,-900.0,274.782,1020.0,273.105,0.846769
2025-05-28 14:31:36.500000,275.344,19.316653499999997,275.344,27.789418199999997,275.534,40.4370134,275.534,-3.7313302999999998,275.486,30.0,275.344,0.0199215,275.344,-0.0796917,275.344,0.0459002,275.344,-0.0410172,275.137,-3.00275,275.344,16.220200357180026,275.342,-900.0,275.342,1020.0,273.105,0.846769
2025-05-28 14:31:36.750000,275.602,19.3283724,275.602,27.8792631,275.944,40.4370133,275.944,-3.7313324,275.724,30.0,275.602,0.0398449,275.602,-0.1494217,275.602,0.04883,275.602,0.0712918,275.665,-2.893412,275.602,21.297373125925603,275.778,-915.0,275.778,1005.0,273.105,0.846769
2025-05-28 14:31:37,276.185,19.269777899999998,276.185,28.1097348,276.282,40.437013,276.282,-3.731334,275.96,30.0,276.185,-0.0099598,276.185,-0.1593834,276.185,0.04883,276.185,0.0478534,276.152,-2.776833,276.185,17.85024719120992,275.778,-915.0,275.778,1005.0,273.105,0.846769
2025-05-28 14:31:37.500000,276.49,19.258059,276.49,28.226923799999998,276.586,40.4370127,276.586,-3.7313365,276.491,30.0,276.49,-0.0199215,276.49,-0.1294983,276.49,0.1044962,276.49,-0.043947,276.152,-2.776833,276.49,9.727509220249786,276.285,-915.0,276.285,1005.0,273.105,0.846769
2025-05-28 14:31:37.750000,276.844,19.2385275,276.844,28.3089561,276.93,40.4370127,276.93,-3.7313375,276.721,30.0,276.844,-0.0099598,276.844,-0.1892666,276.844,0.0136724,276.844,0.0546896,276.649,-2.661338,276.844,2.5260202007413746,276.842,-975.0,276.842,1005.0,273.105,0.846769
2025-05-28 14:31:38.250000,277.077,19.2385275,277.077,28.359737999999997,277.29,40.4370127,277.29,-3.7313383,277.23,30.0,277.077,0.0,277.077,-0.1294983,277.077,0.011719199999999999,277.077,0.09766,277.146,-2.538481,277.077,-13.240448253929141,277.289,-975.0,277.289,1005.0,273.105,0.846769
