-6.000000000000000000e+02 -4.000000000000000000e+02 -1.500000000000000000e+01 -4.252597304364646220e+02 -9.517773640213315502e+02 3.826969669734475019e+02 2.411513335033725411e+02 -1.606219660495294761e+02 -4.318370321445112268e+02 1.159686929099548820e+02 -1.374848322469397885e+02 9.728040472995184018e+01 5.433897162802940102e+02 -1.563514685315166162e+02 -5.411895762235970686e+00 3.852583192533024317e+02 -1.486734503130392966e+02 -1.213264811333585591e+01 4.060857221951341103e+02 -1.452088196101080086e+02 -3.058594558000648931e+02 -5.000000000000000000e+02 -3.000000000000000000e+02 -1.500000000000000000e+01
-6.000000000000000000e+02 -4.000000000000000000e+02 -1.500000000000000000e+01 5.803193001428843445e+02 1.034010576818043461e+02 -8.739845124573346169e+00 4.309820545741638966e+02 -2.308489866416490202e+02 -1.236266118943248316e+01 4.989807387163304497e+02 -3.662654230894166290e+02 -1.721200459424754925e+01 5.078261465764302329e+02 -1.779869857746461435e+02 -9.724350381906559093e-01 5.105960811941559996e+02 -2.951997016213946949e+02 5.734928736103144047e+02 1.019032769884017398e+03 -2.945732038126433281e+02 -5.070032647116780034e+00 -5.000000000000000000e+02 -3.000000000000000000e+02 -1.500000000000000000e+01
-6.000000000000000000e+02 -4.000000000000000000e+02 -1.500000000000000000e+01 5.803193001428843445e+02 1.034010576818043461e+02 -8.739845124573346169e+00 4.309820545741638966e+02 -2.308489866416490202e+02 -1.236266118943248316e+01 4.989807387163304497e+02 -3.662654230894166290e+02 -1.721200459424754925e+01 5.078261465764302329e+02 -1.779869857746461435e+02 -9.724350381906559093e-01 3.813772615491510010e+02 -1.486734503130392966e+02 -1.213264811333585591e+01 4.060857221951341103e+02 -1.452088196101080086e+02 -3.058594558000648931e+02 -5.000000000000000000e+02 -3.000000000000000000e+02 -1.500000000000000000e+01
-6.000000000000000000e+02 -4.000000000000000000e+02 -1.500000000000000000e+01 -1.788370648701944674e+02 -1.751050453900013792e+02 -7.573387516885855320e+00 3.913187895288875779e+02 -2.308489866416490202e+02 -8.553114574318954055e+02 4.828956399433241131e+02 -1.936253880653886768e+02 -5.339997855547535366e+00 5.042001453406475662e+02 -2.692067299596299108e+02 -1.685809866537730528e+01 5.119187699291167633e+02 -2.946385168981364586e+02 5.769211992173978842e+02 4.520902522831318606e+02 -1.648755931599345672e+02 -1.287851410598621182e+00 -5.000000000000000000e+02 -3.000000000000000000e+02 -1.500000000000000000e+01
-6.000000000000000000e+02 -4.000000000000000000e+02 -1.500000000000000000e+01 4.994182035165948150e+02 -2.921809858415397798e+02 -4.439198628994988098e+02 5.249857028096266731e+02 -2.930254246717307183e+02 -1.570237089477745052e+01 5.251828726895826094e+02 -2.953544397331003211e+02 1.427186313938682227e+00 5.052402886212954627e+02 -2.837767406619166195e+02 -2.163771681927157431e+01 -2.566482741817339956e+02 -2.625725080187116305e+02 -6.240549020030613292e+01 -3.891197329827132876e+02 -2.811993073695444991e+02 7.413281668835741129e+02 -5.000000000000000000e+02 -3.000000000000000000e+02 -1.500000000000000000e+01
-6.000000000000000000e+02 -4.000000000000000000e+02 -1.500000000000000000e+01 -4.141238553562012044e+02 -3.587806214017122102e+02 6.405608421339186620e+00 -3.386024714787487255e+02 -3.594266776173219569e+02 6.016513656012621780e+00 1.078660431540168219e+02 -1.374848322469397885e+02 5.578133667310861483e+02 5.433897162802940102e+02 -1.563514685315166162e+02 -5.411895762235970686e+00 3.852583192533024317e+02 -1.486734503130392966e+02 -1.213264811333585591e+01 4.060857221951341103e+02 -1.452088196101080086e+02 -3.058594558000648931e+02 -5.000000000000000000e+02 -3.000000000000000000e+02 -1.500000000000000000e+01
-6.000000000000000000e+02 -4.000000000000000000e+02 -1.500000000000000000e+01 5.803193001428843445e+02 1.034010576818043461e+02 -8.739845124573346169e+00 4.309820545741638966e+02 -2.308489866416490202e+02 -1.236266118943248316e+01 4.989807387163304497e+02 -3.662654230894166290e+02 -1.721200459424754925e+01 5.078261465764302329e+02 -1.779869857746461435e+02 -9.724350381906559093e-01 3.852583192533024317e+02 -1.486734503130392966e+02 -1.213264811333585591e+01 4.060857221951341103e+02 -1.452088196101080086e+02 -3.058594558000648931e+02 -5.000000000000000000e+02 -3.000000000000000000e+02 -1.500000000000000000e+01
-6.000000000000000000e+02 -4.000000000000000000e+02 -1.500000000000000000e+01 4.994182035165948150e+02 -2.921809858415397798e+02 -4.439198628994988098e+02 5.249857028096266731e+02 -2.930254246717307183e+02 -1.570237089477745052e+01 5.001321058257801155e+02 -2.851143740568579688e+02 -1.564898719801084859e+01 5.030529429891684572e+02 -2.685906997701528098e+02 -2.479652100100836520e+01 3.852583192533024317e+02 -1.486734503130392966e+02 -1.213264811333585591e+01 4.060857221951341103e+02 -1.452088196101080086e+02 -3.058594558000648931e+02 -5.000000000000000000e+02 -3.000000000000000000e+02 -1.500000000000000000e+01
-6.000000000000000000e+02 -4.000000000000000000e+02 -1.500000000000000000e+01 -4.166271435321241938e+02 -3.724823975699261496e+02 6.405608421339186620e+00 -3.386024714787487255e+02 -3.634060651397002744e+02 6.518357576052334679e+00 5.001321058257801155e+02 -2.851143740568579688e+02 -1.564898719801084859e+01 5.031560277320977548e+02 -2.686203835214319042e+02 -1.439333451855286228e+01 5.083195014225790942e+02 -2.951997016213946949e+02 5.734928736103144047e+02 -3.910369663321272924e+02 -2.991186365827719555e+02 -9.840717570340654419e+00 -5.000000000000000000e+02 -3.000000000000000000e+02 -1.500000000000000000e+01
-6.000000000000000000e+02 -4.000000000000000000e+02 -1.500000000000000000e+01 5.803193001428843445e+02 1.034010576818043461e+02 -8.739845124573346169e+00 4.309820545741638966e+02 -2.308489866416490202e+02 -1.236266118943248316e+01 4.989807387163304497e+02 -3.662654230894166290e+02 -1.721200459424754925e+01 5.042001453406475662e+02 -2.692067299596299108e+02 -1.685809866537730528e+01 5.123884190525500344e+02 -2.953334068456899786e+02 5.777328775838788033e+02 4.873332025589963905e+02 -2.071025792512708108e+02 -1.047126027312416774e+01 -5.000000000000000000e+02 -3.000000000000000000e+02 -1.500000000000000000e+01
-6.000000000000000000e+02 -4.000000000000000000e+02 -1.500000000000000000e+01 4.994182035165948150e+02 -2.921809858415397798e+02 -4.439198628994988098e+02 5.249857028096266731e+02 -2.930254246717307183e+02 -1.570237089477745052e+01 5.251828726895826094e+02 -2.953544397331003211e+02 1.427186313938682227e+00 5.052402886212954627e+02 -2.837767406619166195e+02 -2.163771681927157431e+01 5.121805264007842879e+02 -2.946385168981364586e+02 5.771971211986308390e+02 -3.910369663321272924e+02 -2.991186365827719555e+02 -9.840717570340654419e+00 -5.000000000000000000e+02 -3.000000000000000000e+02 -1.500000000000000000e+01
-6.000000000000000000e+02 -4.000000000000000000e+02 -1.500000000000000000e+01 5.803193001428843445e+02 1.034010576818043461e+02 -8.739845124573346169e+00 4.309820545741638966e+02 -2.308489866416490202e+02 -1.236266118943248316e+01 4.989807387163304497e+02 -3.662654230894166290e+02 -1.721200459424754925e+01 5.030529429891684572e+02 -2.685906997701528098e+02 -2.479652100100836520e+01 5.123884190525500344e+02 -2.953334068456899786e+02 5.777328775838788033e+02 4.850587643934754851e+02 -2.071025792512708108e+02 -8.106849130521219138e+00 -5.000000000000000000e+02 -3.000000000000000000e+02 -1.500000000000000000e+01
-6.000000000000000000e+02 -4.000000000000000000e+02 -1.500000000000000000e+01 5.013661314216126357e+02 -2.496496380743493830e+02 -6.388528265697416053e+00 5.286255221361965368e+02 -2.878023163806749380e+02 -1.097271446486162816e+01 5.347448297662537016e+02 -2.953544397331003211e+02 1.427186313938682227e+00 5.042001453406475662e+02 -2.771254129796598136e+02 -1.685809866537730528e+01 5.123884190525500344e+02 -2.953334068456899786e+02 5.777328775838788033e+02 4.873332025589963905e+02 -2.071025792512708108e+02 -1.047126027312416774e+01 -5.000000000000000000e+02 -3.000000000000000000e+02 -1.500000000000000000e+01
-6.000000000000000000e+02 -4.000000000000000000e+02 -1.500000000000000000e+01 -4.166271435321241938e+02 -3.724823975699261496e+02 6.405608421339186620e+00 -3.386024714787487255e+02 -3.634060651397002744e+02 6.518357576052334679e+00 4.035495757229519995e+02 -2.812220878615516995e+02 -1.759036355123064155e+01 5.031560277320977548e+02 -2.686203835214319042e+02 -1.439333451855286228e+01 5.105960811941559996e+02 -2.951997016213946949e+02 5.734928736103144047e+02 -3.910369663321272924e+02 -2.991186365827719555e+02 -9.840717570340654419e+00 -5.000000000000000000e+02 -3.000000000000000000e+02 -1.500000000000000000e+01
-6.000000000000000000e+02 -4.000000000000000000e+02 -1.500000000000000000e+01 5.803193001428843445e+02 1.034010576818043461e+02 -8.739845124573346169e+00 5.286255221361965368e+02 -2.878023163806749380e+02 -1.097271446486162816e+01 5.143935263856233178e+02 -2.953544397331003211e+02 5.029968074599638612e+02 5.042001453406475662e+02 -2.692067299596299108e+02 -1.685809866537730528e+01 5.005886296587058268e+02 -2.534882495610963815e+02 3.948982977597459580e+02 4.526406489757298459e+02 -1.647461261063231461e+02 -1.332489171534139150e+00 -5.000000000000000000e+02 -3.000000000000000000e+02 -1.500000000000000000e+01
-6.000000000000000000e+02 -4.000000000000000000e+02 -1.500000000000000000e+01 -4.166271435321241938e+02 -3.724823975699261496e+02 6.405608421339186620e+00 -3.386024714787487255e+02 -3.634060651397002744e+02 6.518357576052334679e+00 4.035495757229519995e+02 -2.842710124955199262e+02 -1.652114846465098452e+01 5.042001453406475662e+02 -2.771254129796598136e+02 -1.685809866537730528e+01 5.123884190525500344e+02 -2.953334068456899786e+02 5.777328775838788033e+02 -3.910369663321272924e+02 -2.991186365827719555e+02 -9.840717570340654419e+00 -5.000000000000000000e+02 -3.000000000000000000e+02 -1.500000000000000000e+01
-6.000000000000000000e+02 -4.000000000000000000e+02 -1.500000000000000000e+01 5.013661314216126357e+02 -2.496496380743493830e+02 -6.388528265697416053e+00 5.286255221361965368e+02 -2.878023163806749380e+02 -1.097271446486162816e+01 5.347448297662537016e+02 -2.953544397331003211e+02 1.427186313938682227e+00 5.042001453406475662e+02 -2.771254129796598136e+02 -1.685809866537730528e+01 5.121805264007842879e+02 -2.946385168981364586e+02 5.771971211986308390e+02 4.520902522831318606e+02 -1.648755931599345672e+02 -1.287851410598621182e+00 -5.000000000000000000e+02 -3.000000000000000000e+02 -1.500000000000000000e+01
-6.000000000000000000e+02 -4.000000000000000000e+02 -1.500000000000000000e+01 -4.166271435321241938e+02 -3.724823975699261496e+02 6.405608421339186620e+00 -3.386024714787487255e+02 -3.634060651397002744e+02 6.518357576052334679e+00 4.035495757229519995e+02 -2.842710124955199262e+02 -1.652114846465098452e+01 5.030318864086143549e+02 -2.706757576712863624e+02 -1.685809866537730528e+01 5.005886296587058268e+02 -2.534882495610963815e+02 3.948982977597459580e+02 -3.003622537489129058e+02 -2.935530971032372349e+02 -1.441752927063155987e+01 -5.000000000000000000e+02 -3.000000000000000000e+02 -1.500000000000000000e+01
-6.000000000000000000e+02 -4.000000000000000000e+02 -1.500000000000000000e+01 5.013661314216126357e+02 -2.496496380743493830e+02 -6.388528265697416053e+00 5.249857028096266731e+02 -2.891658230522796202e+02 -7.544931935203178952e+00 5.347448297662537016e+02 -2.953544397331003211e+02 1.427186313938682227e+00 5.042001453406475662e+02 -2.771254129796598136e+02 -1.685809866537730528e+01 5.123884190525500344e+02 -2.953334068456899786e+02 5.777328775838788033e+02 4.873332025589963905e+02 -2.071025792512708108e+02 -1.047126027312416774e+01 -5.000000000000000000e+02 -3.000000000000000000e+02 -1.500000000000000000e+01
-6.000000000000000000e+02 -4.000000000000000000e+02 -1.500000000000000000e+01 -4.141238553562012044e+02 -3.663098503975174935e+02 5.958951762844002076e+00 3.884240707929446899e+02 -2.308489866416490202e+02 -8.553114574318954055e+02 4.989807387163304497e+02 -3.662654230894166290e+02 -1.721200459424754925e+01 5.042001453406475662e+02 -2.692067299596299108e+02 -1.685809866537730528e+01 5.123884190525500344e+02 -2.953334068456899786e+02 5.777328775838788033e+02 4.873332025589963905e+02 -2.071025792512708108e+02 -1.047126027312416774e+01 -5.000000000000000000e+02 -3.000000000000000000e+02 -1.500000000000000000e+01
-6.000000000000000000e+02 -4.000000000000000000e+02 -1.500000000000000000e+01 4.994182035165948150e+02 -2.921809858415397798e+02 -4.439198628994988098e+02 5.249857028096266731e+02 -2.930254246717307183e+02 -1.570237089477745052e+01 5.251828726895826094e+02 -2.953044002830483237e+02 1.427186313938682227e+00 5.030318864086143549e+02 -2.653674292617074570e+02 -1.900872243658274385e+01 5.005886296587058268e+02 -2.595430375518762958e+02 3.948982977597459580e+02 -3.003622537489129058e+02 -2.935530971032372349e+02 -1.441752927063155987e+01 -5.000000000000000000e+02 -3.000000000000000000e+02 -1.500000000000000000e+01
-6.000000000000000000e+02 -4.000000000000000000e+02 -1.500000000000000000e+01 -4.141238553562012044e+02 -3.587806214017122102e+02 6.405608421339186620e+00 -3.386024714787487255e+02 -3.594266776173219569e+02 6.016513656012621780e+00 1.078660431540168219e+02 -1.374848322469397885e+02 5.578133667310861483e+02 5.433897162802940102e+02 -1.563514685315166162e+02 -5.411895762235970686e+00 3.813772615491510010e+02 -1.486734503130392966e+02 1.017329162923287669e+02 4.060857221951341103e+02 -1.452088196101080086e+02 -3.058594558000648931e+02 -5.000000000000000000e+02 -3.000000000000000000e+02 -1.500000000000000000e+01
-6.000000000000000000e+02 -4.000000000000000000e+02 -1.500000000000000000e+01 -1.788370648701944674e+02 -1.751050453900013792e+02 -7.573387516885855320e+00 3.913187895288875779e+02 -2.308489866416490202e+02 -8.553114574318954055e+02 4.989807387163304497e+02 -3.662654230894166290e+02 -1.721200459424754925e+01 5.042001453406475662e+02 -2.692067299596299108e+02 -1.685809866537730528e+01 5.123884190525500344e+02 -2.953334068456899786e+02 5.777328775838788033e+02 4.850587643934754851e+02 -2.071025792512708108e+02 -8.106849130521219138e+00 -5.000000000000000000e+02 -3.000000000000000000e+02 -1.500000000000000000e+01
-6.000000000000000000e+02 -4.000000000000000000e+02 -1.500000000000000000e+01 5.803193001428843445e+02 1.034010576818043461e+02 -8.739845124573346169e+00 4.309820545741638966e+02 -2.308489866416490202e+02 -1.236266118943248316e+01 4.989807387163304497e+02 -3.662654230894166290e+02 -1.721200459424754925e+01 5.030318864086143549e+02 -2.706757576712863624e+02 -1.685809866537730528e+01 5.105960811941559996e+02 -2.951997016213946949e+02 5.734928736103144047e+02 1.019032769884017398e+03 -2.945732038126433281e+02 -5.070032647116780034e+00 -5.000000000000000000e+02 -3.000000000000000000e+02 -1.500000000000000000e+01
-6.000000000000000000e+02 -4.000000000000000000e+02 -1.500000000000000000e+01 -4.045310594438186627e+02 -3.653028802833289319e+02 1.422969054320369509e+01 3.884240707929446899e+02 -2.308489866416490202e+02 -8.553114574318954055e+02 4.989807387163304497e+02 -3.662654230894166290e+02 -1.721200459424754925e+01 5.030529429891684572e+02 -2.685906997701528098e+02 -2.479652100100836520e+01 5.123884190525500344e+02 -2.953334068456899786e+02 5.777328775838788033e+02 4.873332025589963905e+02 -2.071025792512708108e+02 -1.047126027312416774e+01 -5.000000000000000000e+02 -3.000000000000000000e+02 -1.500000000000000000e+01
-6.000000000000000000e+02 -4.000000000000000000e+02 -1.500000000000000000e+01 5.803193001428843445e+02 1.034010576818043461e+02 -8.739845124573346169e+00 4.309820545741638966e+02 -2.308489866416490202e+02 -1.236266118943248316e+01 4.989807387163304497e+02 -3.662654230894166290e+02 -1.721200459424754925e+01 5.042001453406475662e+02 -2.692067299596299108e+02 -1.685809866537730528e+01 5.105960811941559996e+02 -2.951997016213946949e+02 5.734928736103144047e+02 1.019032769884017398e+03 -2.945732038126433281e+02 -5.070032647116780034e+00 -5.000000000000000000e+02 -3.000000000000000000e+02 -1.500000000000000000e+01
-6.000000000000000000e+02 -4.000000000000000000e+02 -1.500000000000000000e+01 5.803193001428843445e+02 1.034010576818043461e+02 -8.739845124573346169e+00 4.309820545741638966e+02 -2.308489866416490202e+02 -1.236266118943248316e+01 4.989807387163304497e+02 -3.662654230894166290e+02 -1.721200459424754925e+01 5.030529429891684572e+02 -2.685906997701528098e+02 -2.479652100100836520e+01 5.123884190525500344e+02 -2.953334068456899786e+02 5.777328775838788033e+02 4.873332025589963905e+02 -2.071025792512708108e+02 -1.047126027312416774e+01 -5.000000000000000000e+02 -3.000000000000000000e+02 -1.500000000000000000e+01
-6.000000000000000000e+02 -4.000000000000000000e+02 -1.500000000000000000e+01 5.803193001428843445e+02 1.034010576818043461e+02 -8.739845124573346169e+00 4.309820545741638966e+02 -2.308489866416490202e+02 -1.236266118943248316e+01 4.989807387163304497e+02 -3.662654230894166290e+02 -1.721200459424754925e+01 5.042001453406475662e+02 -2.692067299596299108e+02 -1.685809866537730528e+01 5.123884190525500344e+02 -2.953334068456899786e+02 5.777328775838788033e+02 4.850587643934754851e+02 -2.071025792512708108e+02 -8.106849130521219138e+00 -5.000000000000000000e+02 -3.000000000000000000e+02 -1.500000000000000000e+01
-6.000000000000000000e+02 -4.000000000000000000e+02 -1.500000000000000000e+01 -4.166271435321241938e+02 -3.724823975699261496e+02 6.405608421339186620e+00 -3.386024714787487255e+02 -3.634060651397002744e+02 6.518357576052334679e+00 4.035495757229519995e+02 -2.842710124955199262e+02 -1.652114846465098452e+01 5.030529429891684572e+02 -2.685906997701528098e+02 -2.479652100100836520e+01 5.123884190525500344e+02 -2.953334068456899786e+02 5.777328775838788033e+02 -3.910369663321272924e+02 -2.991186365827719555e+02 -9.840717570340654419e+00 -5.000000000000000000e+02 -3.000000000000000000e+02 -1.500000000000000000e+01
-6.000000000000000000e+02 -4.000000000000000000e+02 -1.500000000000000000e+01 2.531864026873696787e+02 -3.022178912886710691e+02 2.448523723228817950e+00 5.286255221361965368e+02 -2.878023163806749380e+02 -1.097271446486162816e+01 5.143935263856233178e+02 -2.953544397331003211e+02 5.029968074599638612e+02 5.052402886212954627e+02 -2.778531297296127605e+02 -1.620155924398601854e+01 5.005886296587058268e+02 -2.534882495610963815e+02 3.948982977597459580e+02 -3.003622537489129058e+02 -2.935530971032372349e+02 -1.441752927063155987e+01 -5.000000000000000000e+02 -3.000000000000000000e+02 -1.500000000000000000e+01
-6.000000000000000000e+02 -4.000000000000000000e+02 -1.500000000000000000e+01 -4.166271435321241938e+02 -3.724823975699261496e+02 6.405608421339186620e+00 -3.386024714787487255e+02 -3.634060651397002744e+02 6.518357576052334679e+00 4.035495757229519995e+02 -2.842710124955199262e+02 -1.652114846465098452e+01 5.042001453406475662e+02 -2.771254129796598136e+02 -1.685809866537730528e+01 5.123302246819947641e+02 -2.964364435540585987e+02 5.777328775838788033e+02 -3.098334820884305145e+02 -2.982159055221856647e+02 -1.372499022304993588e+01 -5.000000000000000000e+02 -3.000000000000000000e+02 -1.500000000000000000e+01
-6.000000000000000000e+02 -4.000000000000000000e+02 -1.500000000000000000e+01 -4.166271435321241938e+02 -3.724823975699261496e+02 6.405608421339186620e+00 -3.386024714787487255e+02 -3.634060651397002744e+02 6.518357576052334679e+00 5.143935263856233178e+02 -2.953544397331003211e+02 5.029968074599638612e+02 5.030318864086143549e+02 -2.653674292617074570e+02 -1.900872243658274385e+01 5.123884190525500344e+02 -2.953334068456899786e+02 5.777328775838788033e+02 -3.910369663321272924e+02 -2.991186365827719555e+02 -9.840717570340654419e+00 -5.000000000000000000e+02 -3.000000000000000000e+02 -1.500000000000000000e+01
-6.000000000000000000e+02 -4.000000000000000000e+02 -1.500000000000000000e+01 -4.166271435321241938e+02 -3.724823975699261496e+02 6.405608421339186620e+00 -3.386024714787487255e+02 -3.634060651397002744e+02 6.518357576052334679e+00 5.001321058257801155e+02 -2.953476171643168300e+02 -1.375219777070007687e+01 5.030318864086143549e+02 -2.653674292617074570e+02 -1.900872243658274385e+01 5.123884190525500344e+02 -2.953334068456899786e+02 5.777328775838788033e+02 -3.910369663321272924e+02 -2.991186365827719555e+02 -9.840717570340654419e+00 -5.000000000000000000e+02 -3.000000000000000000e+02 -1.500000000000000000e+01
-6.000000000000000000e+02 -4.000000000000000000e+02 -1.500000000000000000e+01 -4.045310594438186627e+02 -3.653028802833289319e+02 1.422969054320369509e+01 3.884240707929446899e+02 -2.308489866416490202e+02 -8.553114574318954055e+02 4.989807387163304497e+02 -3.662654230894166290e+02 -1.721200459424754925e+01 5.030529429891684572e+02 -2.685906997701528098e+02 -2.479652100100836520e+01 5.123884190525500344e+02 -2.953334068456899786e+02 5.777328775838788033e+02 4.850587643934754851e+02 -2.071025792512708108e+02 -8.106849130521219138e+00 -5.000000000000000000e+02 -3.000000000000000000e+02 -1.500000000000000000e+01
-6.000000000000000000e+02 -4.000000000000000000e+02 -1.500000000000000000e+01 -1.788370648701944674e+02 -1.751050453900013792e+02 -7.573387516885855320e+00 3.913187895288875779e+02 -2.308489866416490202e+02 -8.553114574318954055e+02 4.989807387163304497e+02 -3.662654230894166290e+02 -1.721200459424754925e+01 5.042001453406475662e+02 -2.692067299596299108e+02 -1.685809866537730528e+01 5.123884190525500344e+02 -2.953334068456899786e+02 5.777328775838788033e+02 4.873332025589963905e+02 -2.071025792512708108e+02 -1.047126027312416774e+01 -5.000000000000000000e+02 -3.000000000000000000e+02 -1.500000000000000000e+01
-6.000000000000000000e+02 -4.000000000000000000e+02 -1.500000000000000000e+01 -1.788370648701944674e+02 -1.751050453900013792e+02 -7.573387516885855320e+00 3.913187895288875779e+02 -2.308489866416490202e+02 -8.553114574318954055e+02 4.989807387163304497e+02 -3.662654230894166290e+02 -1.721200459424754925e+01 5.030529429891684572e+02 -2.685906997701528098e+02 -2.479652100100836520e+01 5.123884190525500344e+02 -2.953334068456899786e+02 5.777328775838788033e+02 4.850587643934754851e+02 -2.071025792512708108e+02 -8.106849130521219138e+00 -5.000000000000000000e+02 -3.000000000000000000e+02 -1.500000000000000000e+01
-6.000000000000000000e+02 -4.000000000000000000e+02 -1.500000000000000000e+01 -4.045310594438186627e+02 -3.653028802833289319e+02 1.422969054320369509e+01 3.884240707929446899e+02 -2.308489866416490202e+02 -8.553114574318954055e+02 4.989807387163304497e+02 -3.662654230894166290e+02 -1.721200459424754925e+01 5.042001453406475662e+02 -2.692067299596299108e+02 -1.685809866537730528e+01 5.123884190525500344e+02 -2.953334068456899786e+02 5.777328775838788033e+02 4.850587643934754851e+02 -2.071025792512708108e+02 -8.106849130521219138e+00 -5.000000000000000000e+02 -3.000000000000000000e+02 -1.500000000000000000e+01
-6.000000000000000000e+02 -4.000000000000000000e+02 -1.500000000000000000e+01 -4.166271435321241938e+02 -3.724823975699261496e+02 6.405608421339186620e+00 -3.386024714787487255e+02 -3.634060651397002744e+02 6.518357576052334679e+00 5.143935263856233178e+02 -2.953544397331003211e+02 4.978701467873239608e+02 5.030318864086143549e+02 -2.653674292617074570e+02 -1.900872243658274385e+01 5.123302246819947641e+02 -2.964364435540585987e+02 5.777328775838788033e+02 -3.098334820884305145e+02 -2.982159055221856647e+02 -1.372499022304993588e+01 -5.000000000000000000e+02 -3.000000000000000000e+02 -1.500000000000000000e+01
-6.000000000000000000e+02 -4.000000000000000000e+02 -1.500000000000000000e+01 4.994182035165948150e+02 -2.921809858415397798e+02 -4.439198628994988098e+02 5.249857028096266731e+02 -2.930254246717307183e+02 -1.570237089477745052e+01 5.251828726895826094e+02 -2.953544397331003211e+02 1.427186313938682227e+00 5.030318864086143549e+02 -2.653674292617074570e+02 -1.900872243658274385e+01 5.005886296587058268e+02 -2.534882495610963815e+02 3.948982977597459580e+02 -3.910369663321272924e+02 -2.991186365827719555e+02 -9.840717570340654419e+00 -5.000000000000000000e+02 -3.000000000000000000e+02 -1.500000000000000000e+01
-6.000000000000000000e+02 -4.000000000000000000e+02 -1.500000000000000000e+01 -4.166271435321241938e+02 -3.724823975699261496e+02 6.405608421339186620e+00 -3.386024714787487255e+02 -3.634060651397002744e+02 6.518357576052334679e+00 5.001321058257801155e+02 -2.953476171643168300e+02 -1.375219777070007687e+01 5.030318864086143549e+02 -2.706757576712863624e+02 -1.685809866537730528e+01 5.005886296587058268e+02 -2.534882495610963815e+02 3.948982977597459580e+02 -3.003622537489129058e+02 -2.935530971032372349e+02 -1.441752927063155987e+01 -5.000000000000000000e+02 -3.000000000000000000e+02 -1.500000000000000000e+01
-6.000000000000000000e+02 -4.000000000000000000e+02 -1.500000000000000000e+01 4.994182035165948150e+02 -2.921809858415397798e+02 -4.439198628994988098e+02 5.249857028096266731e+02 -2.930254246717307183e+02 -1.570237089477745052e+01 5.251828726895826094e+02 -2.953544397331003211e+02 1.427186313938682227e+00 5.030318864086143549e+02 -2.653674292617074570e+02 -1.900872243658274385e+01 5.005886296587058268e+02 -2.595430375518762958e+02 3.948982977597459580e+02 -3.003622537489129058e+02 -2.935530971032372349e+02 -1.441752927063155987e+01 -5.000000000000000000e+02 -3.000000000000000000e+02 -1.500000000000000000e+01
-6.000000000000000000e+02 -4.000000000000000000e+02 -1.500000000000000000e+01 4.994182035165948150e+02 -2.921809858415397798e+02 -4.439198628994988098e+02 5.249857028096266731e+02 -2.930254246717307183e+02 -1.570237089477745052e+01 5.001321058257801155e+02 -2.851143740568579688e+02 -1.564898719801084859e+01 5.030529429891684572e+02 -2.685906997701528098e+02 -2.479652100100836520e+01 5.005886296587058268e+02 -2.534882495610963815e+02 3.948982977597459580e+02 -3.003622537489129058e+02 -2.935530971032372349e+02 -1.441752927063155987e+01 -5.000000000000000000e+02 -3.000000000000000000e+02 -1.500000000000000000e+01
-6.000000000000000000e+02 -4.000000000000000000e+02 -1.500000000000000000e+01 5.013661314216126357e+02 -2.496496380743493830e+02 -6.388528265697416053e+00 5.249857028096266731e+02 -2.891658230522796202e+02 -7.544931935203178952e+00 5.143935263856233178e+02 -2.982627061903504000e+02 4.981066309504639662e+02 5.042001453406475662e+02 -2.692067299596299108e+02 -1.685809866537730528e+01 5.113304194767209196e+02 -2.946385168981364586e+02 5.771971211986308390e+02 -3.003622537489129058e+02 -2.935530971032372349e+02 -1.441752927063155987e+01 -5.000000000000000000e+02 -3.000000000000000000e+02 -1.500000000000000000e+01
-6.000000000000000000e+02 -4.000000000000000000e+02 -1.500000000000000000e+01 5.803193001428843445e+02 1.034010576818043461e+02 -8.739845124573346169e+00 4.309820545741638966e+02 -2.308489866416490202e+02 -1.236266118943248316e+01 4.989807387163304497e+02 -3.662654230894166290e+02 -1.721200459424754925e+01 5.042001453406475662e+02 -2.692067299596299108e+02 -2.412397742151218694e+01 5.123884190525500344e+02 -2.953334068456899786e+02 5.777328775838788033e+02 4.873332025589963905e+02 -2.071025792512708108e+02 -1.047126027312416774e+01 -5.000000000000000000e+02 -3.000000000000000000e+02 -1.500000000000000000e+01
-6.000000000000000000e+02 -4.000000000000000000e+02 -1.500000000000000000e+01 4.994182035165948150e+02 -2.921809858415397798e+02 -4.439198628994988098e+02 5.249857028096266731e+02 -2.930254246717307183e+02 -1.570237089477745052e+01 5.251828726895826094e+02 -2.953544397331003211e+02 1.427186313938682227e+00 5.030318864086143549e+02 -2.653674292617074570e+02 -1.900872243658274385e+01 -2.566482741817339956e+02 -2.625725080187116305e+02 -6.240549020030613292e+01 -3.891197329827132876e+02 -2.811993073695444991e+02 7.413281668835741129e+02 -5.000000000000000000e+02 -3.000000000000000000e+02 -1.500000000000000000e+01
-6.000000000000000000e+02 -4.000000000000000000e+02 -1.500000000000000000e+01 5.013661314216126357e+02 -2.496496380743493830e+02 -2.332940516466005754e+00 5.249857028096266731e+02 -2.891658230522796202e+02 -7.939220426579516321e+00 5.001321058257801155e+02 -2.953476171643168300e+02 -1.375219777070007687e+01 5.042001453406475662e+02 -2.786994327253642609e+02 -1.685809866537730528e+01 5.123884190525500344e+02 -2.953334068456899786e+02 5.712695768639323433e+02 4.873332025589963905e+02 -2.071025792512708108e+02 -1.047126027312416774e+01 -5.000000000000000000e+02 -3.000000000000000000e+02 -1.500000000000000000e+01
-6.000000000000000000e+02 -4.000000000000000000e+02 -1.500000000000000000e+01 4.976552752896448055e+02 -2.496496380743493830e+02 -6.388528265697416053e+00 5.249857028096266731e+02 -2.891658230522796202e+02 -7.544931935203178952e+00 5.143935263856233178e+02 -2.982627061903504000e+02 4.981066309504639662e+02 5.052402886212954627e+02 -2.778531297296127605e+02 -1.620155924398601854e+01 3.852583192533024317e+02 -1.486734503130392966e+02 -1.213264811333585591e+01 4.060857221951341103e+02 -1.452088196101080086e+02 -3.058594558000648931e+02 -5.000000000000000000e+02 -3.000000000000000000e+02 -1.500000000000000000e+01
-6.000000000000000000e+02 -4.000000000000000000e+02 -1.500000000000000000e+01 -4.045310594438186627e+02 -3.653028802833289319e+02 1.422969054320369509e+01 3.093318724501895076e+02 -2.308489866416490202e+02 -1.363920776610960317e+01 4.989807387163304497e+02 -3.662654230894166290e+02 -1.721200459424754925e+01 5.030318864086143549e+02 -2.706757576712863624e+02 -1.685809866537730528e+01 5.121805264007842879e+02 -2.946385168981364586e+02 5.771971211986308390e+02 4.520902522831318606e+02 -1.648755931599345672e+02 -1.287851410598621182e+00 -5.000000000000000000e+02 -3.000000000000000000e+02 -1.500000000000000000e+01
-6.000000000000000000e+02 -4.000000000000000000e+02 -1.500000000000000000e+01 -5.957699226258573617e+02 -3.300893213516877154e+02 4.402112115093944311e+01 -6.020067958213988959e+02 -3.632925131710175037e+02 -2.315287903399158864e+01 -5.606853371099034575e+02 -2.737623772056249436e+02 -1.777515020163937365e+01 -2.657101727737213537e+02 -2.626510546163506774e+02 -7.529680565107968278e+02 3.813772615491510010e+02 -1.486734503130392966e+02 -1.213264811333585591e+01 4.060857221951341103e+02 -1.452088196101080086e+02 -3.058594558000648931e+02 -5.000000000000000000e+02 -3.000000000000000000e+02 -1.500000000000000000e+01
-6.000000000000000000e+02 -4.000000000000000000e+02 -1.500000000000000000e+01 5.013661314216126357e+02 -2.496496380743493830e+02 -6.388528265697416053e+00 5.249857028096266731e+02 -2.891658230522796202e+02 -7.544931935203178952e+00 5.001321058257801155e+02 -2.953476171643168300e+02 -1.375219777070007687e+01 5.042001453406475662e+02 -2.786994327253642609e+02 -1.685809866537730528e+01 5.123884190525500344e+02 -2.953334068456899786e+02 5.712695768639323433e+02 4.873332025589963905e+02 -2.071025792512708108e+02 -1.047126027312416774e+01 -5.000000000000000000e+02 -3.000000000000000000e+02 -1.500000000000000000e+01
-6.000000000000000000e+02 -4.000000000000000000e+02 -1.500000000000000000e+01 -4.141238553562012044e+02 -3.587806214017122102e+02 6.405608421339186620e+00 -3.379319401591926635e+02 -3.451956875649393055e+02 4.340622935518470449e+00 1.159686929099548820e+02 -1.374848322469397885e+02 9.728040472995184018e+01 1.873186981760867411e+02 -1.141752920214062215e+02 -2.131474912856714354e+01 3.805451930963182008e+02 -1.484545248137467297e+02 -1.423360409065257848e+01 4.060857221951341103e+02 -1.452088196101080086e+02 -3.058594558000648931e+02 -5.000000000000000000e+02 -3.000000000000000000e+02 -1.500000000000000000e+01
-6.000000000000000000e+02 -4.000000000000000000e+02 -1.500000000000000000e+01 4.994182035165948150e+02 -2.921809858415397798e+02 -4.439198628994988098e+02 5.249857028096266731e+02 -2.930254246717307183e+02 -1.570237089477745052e+01 5.251828726895826094e+02 -2.953544397331003211e+02 1.427186313938682227e+00 5.052402886212954627e+02 -2.837767406619166195e+02 -2.163771681927157431e+01 5.121805264007842879e+02 -2.946385168981364586e+02 5.771971211986308390e+02 -3.003622537489129058e+02 -2.935530971032372349e+02 -1.441752927063155987e+01 -5.000000000000000000e+02 -3.000000000000000000e+02 -1.500000000000000000e+01
-6.000000000000000000e+02 -4.000000000000000000e+02 -1.500000000000000000e+01 -4.045310594438186627e+02 -3.653028802833289319e+02 1.422969054320369509e+01 -3.251243537688314973e+02 -3.526073819499259230e+02 3.987383194664706920e+00 3.947521591614055865e+02 -2.916902888782148011e+02 -3.172655845489932958e+01 5.013998531288611389e+02 -2.679108037429013507e+02 -2.479652100100836520e+01 5.005886296587058268e+02 -2.544186929184227779e+02 3.948982977597459580e+02 -3.088420687145710986e+02 -2.935530971032372349e+02 -1.310512862388157451e+01 -5.000000000000000000e+02 -3.000000000000000000e+02 -1.500000000000000000e+01
-6.000000000000000000e+02 -4.000000000000000000e+02 -1.500000000000000000e+01 -4.166271435321241938e+02 -3.724823975699261496e+02 6.405608421339186620e+00 -3.386024714787487255e+02 -3.634060651397002744e+02 6.518357576052334679e+00 5.143935263856233178e+02 -2.953544397331003211e+02 5.029968074599638612e+02 5.030318864086143549e+02 -2.653674292617074570e+02 -1.900872243658274385e+01 5.005886296587058268e+02 -2.595430375518762958e+02 3.948982977597459580e+02 -3.088420687145710986e+02 -2.935530971032372349e+02 -1.310512862388157451e+01 -5.000000000000000000e+02 -3.000000000000000000e+02 -1.500000000000000000e+01
-6.000000000000000000e+02 -4.000000000000000000e+02 -1.500000000000000000e+01 -4.166271435321241938e+02 -3.724823975699261496e+02 6.405608421339186620e+00 -3.386024714787487255e+02 -3.634060651397002744e+02 6.518357576052334679e+00 4.035495757229519995e+02 -2.842710124955199262e+02 -1.652114846465098452e+01 5.042001453406475662e+02 -2.771254129796598136e+02 -1.685809866537730528e+01 5.113304194767209196e+02 -2.946385168981364586e+02 5.771971211986308390e+02 -3.003622537489129058e+02 -2.935530971032372349e+02 -1.441752927063155987e+01 -5.000000000000000000e+02 -3.000000000000000000e+02 -1.500000000000000000e+01
-6.000000000000000000e+02 -4.000000000000000000e+02 -1.500000000000000000e+01 -4.166271435321241938e+02 -3.724823975699261496e+02 6.405608421339186620e+00 -3.386024714787487255e+02 -3.634060651397002744e+02 6.518357576052334679e+00 4.035495757229519995e+02 -2.842710124955199262e+02 -1.652114846465098452e+01 5.031560277320977548e+02 -2.686203835214319042e+02 -1.439333451855286228e+01 5.113304194767209196e+02 -2.946385168981364586e+02 5.771971211986308390e+02 -3.045262452626278105e+02 -2.982159055221856647e+02 -1.372499022304993588e+01 -5.000000000000000000e+02 -3.000000000000000000e+02 -1.500000000000000000e+01
-6.000000000000000000e+02 -4.000000000000000000e+02 -1.500000000000000000e+01 -4.166271435321241938e+02 -3.724823975699261496e+02 6.405608421339186620e+00 -3.386024714787487255e+02 -3.634060651397002744e+02 6.518357576052334679e+00 4.035495757229519995e+02 -2.842710124955199262e+02 -1.652114846465098452e+01 5.030529429891684572e+02 -2.685906997701528098e+02 -2.479652100100836520e+01 5.113304194767209196e+02 -2.946385168981364586e+02 5.771971211986308390e+02 -3.003622537489129058e+02 -2.935530971032372349e+02 -1.441752927063155987e+01 -5.000000000000000000e+02 -3.000000000000000000e+02 -1.500000000000000000e+01
-6.000000000000000000e+02 -4.000000000000000000e+02 -1.500000000000000000e+01 -4.141238553562012044e+02 -3.663098503975174935e+02 5.958951762844002076e+00 3.884240707929446899e+02 -2.308489866416490202e+02 -8.553114574318954055e+02 4.989807387163304497e+02 -3.662654230894166290e+02 -1.721200459424754925e+01 5.042001453406475662e+02 -2.692067299596299108e+02 -1.685809866537730528e+01 5.113304194767209196e+02 -2.946385168981364586e+02 5.771971211986308390e+02 4.520902522831318606e+02 -1.648755931599345672e+02 -1.287851410598621182e+00 -5.000000000000000000e+02 -3.000000000000000000e+02 -1.500000000000000000e+01
-6.000000000000000000e+02 -4.000000000000000000e+02 -1.500000000000000000e+01 4.994182035165948150e+02 -2.921809858415397798e+02 -4.439198628994988098e+02 5.249857028096266731e+02 -2.930254246717307183e+02 -1.570237089477745052e+01 5.251828726895826094e+02 -2.953544397331003211e+02 1.427186313938682227e+00 5.052402886212954627e+02 -2.837767406619166195e+02 -2.163771681927157431e+01 5.105960811941559996e+02 -2.951997016213946949e+02 5.734928736103144047e+02 -3.910369663321272924e+02 -2.991186365827719555e+02 -9.840717570340654419e+00 -5.000000000000000000e+02 -3.000000000000000000e+02 -1.500000000000000000e+01
-6.000000000000000000e+02 -4.000000000000000000e+02 -1.500000000000000000e+01 -4.166271435321241938e+02 -3.724823975699261496e+02 6.405608421339186620e+00 -3.386024714787487255e+02 -3.634060651397002744e+02 6.518357576052334679e+00 4.035495757229519995e+02 -2.916902888782148011e+02 -1.759036355123064155e+01 5.030529429891684572e+02 -2.685906997701528098e+02 -2.479652100100836520e+01 5.123884190525500344e+02 -2.953334068456899786e+02 5.777328775838788033e+02 -3.910369663321272924e+02 -2.991186365827719555e+02 -9.840717570340654419e+00 -5.000000000000000000e+02 -3.000000000000000000e+02 -1.500000000000000000e+01
-6.000000000000000000e+02 -4.000000000000000000e+02 -1.500000000000000000e+01 -4.166271435321241938e+02 -3.724823975699261496e+02 6.405608421339186620e+00 -3.386024714787487255e+02 -3.634060651397002744e+02 6.518357576052334679e+00 4.035495757229519995e+02 -2.916902888782148011e+02 -1.759036355123064155e+01 5.030529429891684572e+02 -2.685906997701528098e+02 -2.479652100100836520e+01 5.105960811941559996e+02 -2.951997016213946949e+02 5.734928736103144047e+02 -3.910369663321272924e+02 -2.991186365827719555e+02 -9.840717570340654419e+00 -5.000000000000000000e+02 -3.000000000000000000e+02 -1.500000000000000000e+01
-6.000000000000000000e+02 -4.000000000000000000e+02 -1.500000000000000000e+01 -1.788370648701944674e+02 -1.751050453900013792e+02 -7.573387516885855320e+00 3.884240707929446899e+02 -2.308489866416490202e+02 -8.553114574318954055e+02 4.989807387163304497e+02 -3.662654230894166290e+02 -1.721200459424754925e+01 5.030529429891684572e+02 -2.685906997701528098e+02 -2.479652100100836520e+01 5.123884190525500344e+02 -2.953334068456899786e+02 5.777328775838788033e+02 4.873332025589963905e+02 -2.071025792512708108e+02 -1.047126027312416774e+01 -5.000000000000000000e+02 -3.000000000000000000e+02 -1.500000000000000000e+01
-6.000000000000000000e+02 -4.000000000000000000e+02 -1.500000000000000000e+01 5.013661314216126357e+02 -2.496496380743493830e+02 -6.388528265697416053e+00 5.286255221361965368e+02 -2.878023163806749380e+02 -1.097271446486162816e+01 5.347448297662537016e+02 -2.953544397331003211e+02 1.427186313938682227e+00 5.042001453406475662e+02 -2.786994327253642609e+02 -1.685809866537730528e+01 5.123884190525500344e+02 -2.953334068456899786e+02 5.777328775838788033e+02 -3.910369663321272924e+02 -2.991186365827719555e+02 -9.840717570340654419e+00 -5.000000000000000000e+02 -3.000000000000000000e+02 -1.500000000000000000e+01
-6.000000000000000000e+02 -4.000000000000000000e+02 -1.500000000000000000e+01 -4.166271435321241938e+02 -3.724823975699261496e+02 6.405608421339186620e+00 -3.386024714787487255e+02 -3.634060651397002744e+02 6.518357576052334679e+00 5.143935263856233178e+02 -2.982627061903504000e+02 4.981066309504639662e+02 5.052402886212954627e+02 -2.778531297296127605e+02 -1.620155924398601854e+01 5.113304194767209196e+02 -2.946385168981364586e+02 5.771971211986308390e+02 -3.003622537489129058e+02 -2.935530971032372349e+02 -1.441752927063155987e+01 -5.000000000000000000e+02 -3.000000000000000000e+02 -1.500000000000000000e+01
-6.000000000000000000e+02 -4.000000000000000000e+02 -1.500000000000000000e+01 -4.141238553562012044e+02 -3.663098503975174935e+02 5.958951762844002076e+00 3.884240707929446899e+02 -2.308489866416490202e+02 -8.553114574318954055e+02 4.989807387163304497e+02 -3.662654230894166290e+02 -1.721200459424754925e+01 5.042001453406475662e+02 -2.692067299596299108e+02 -1.685809866537730528e+01 5.113304194767209196e+02 -2.946385168981364586e+02 5.771971211986308390e+02 4.520902522831318606e+02 -1.612528416695518558e+02 6.354660199935882048e+00 -5.000000000000000000e+02 -3.000000000000000000e+02 -1.500000000000000000e+01
-6.000000000000000000e+02 -4.000000000000000000e+02 -1.500000000000000000e+01 -4.252597304364646220e+02 -9.517773640213315502e+02 3.826969669734475019e+02 2.429311185644997693e+02 -1.606219660495294761e+02 -4.318370321445112268e+02 4.833990174096993542e+02 -1.980868308657274781e+02 -5.339997855547535366e+00 5.042001453406475662e+02 -2.692067299596299108e+02 -1.685809866537730528e+01 5.119187699291167633e+02 -2.946385168981364586e+02 5.769211992173978842e+02 4.520902522831318606e+02 -1.648755931599345672e+02 -1.287851410598621182e+00 -5.000000000000000000e+02 -3.000000000000000000e+02 -1.500000000000000000e+01
-6.000000000000000000e+02 -4.000000000000000000e+02 -1.500000000000000000e+01 -4.166271435321241938e+02 -3.724823975699261496e+02 6.405608421339186620e+00 -3.386024714787487255e+02 -3.634060651397002744e+02 6.518357576052334679e+00 4.035495757229519995e+02 -2.842710124955199262e+02 -1.652114846465098452e+01 5.052402886212954627e+02 -2.837767406619166195e+02 -2.163771681927157431e+01 5.105960811941559996e+02 -2.951997016213946949e+02 5.734928736103144047e+02 -3.910369663321272924e+02 -2.991186365827719555e+02 -9.840717570340654419e+00 -5.000000000000000000e+02 -3.000000000000000000e+02 -1.500000000000000000e+01
-6.000000000000000000e+02 -4.000000000000000000e+02 -1.500000000000000000e+01 -4.166271435321241938e+02 -3.724823975699261496e+02 6.405608421339186620e+00 -3.386024714787487255e+02 -3.634060651397002744e+02 6.518357576052334679e+00 4.035495757229519995e+02 -2.916902888782148011e+02 -1.759036355123064155e+01 5.030529429891684572e+02 -2.685906997701528098e+02 -2.479652100100836520e+01 5.113304194767209196e+02 -2.946385168981364586e+02 5.771971211986308390e+02 -3.910369663321272924e+02 -2.991186365827719555e+02 -9.840717570340654419e+00 -5.000000000000000000e+02 -3.000000000000000000e+02 -1.500000000000000000e+01
-6.000000000000000000e+02 -4.000000000000000000e+02 -1.500000000000000000e+01 -4.166271435321241938e+02 -3.724823975699261496e+02 6.405608421339186620e+00 -3.386024714787487255e+02 -3.634060651397002744e+02 6.518357576052334679e+00 5.143935263856233178e+02 -2.982627061903504000e+02 4.981066309504639662e+02 5.052402886212954627e+02 -2.778531297296127605e+02 -1.620155924398601854e+01 5.005886296587058268e+02 -2.534882495610963815e+02 3.948982977597459580e+02 -3.003622537489129058e+02 -2.935530971032372349e+02 -1.441752927063155987e+01 -5.000000000000000000e+02 -3.000000000000000000e+02 -1.500000000000000000e+01
-6.000000000000000000e+02 -4.000000000000000000e+02 -1.500000000000000000e+01 5.803193001428843445e+02 1.034010576818043461e+02 -8.739845124573346169e+00 4.309820545741638966e+02 -2.308489866416490202e+02 -1.236266118943248316e+01 4.989807387163304497e+02 -3.662654230894166290e+02 -1.721200459424754925e+01 5.042001453406475662e+02 -2.692067299596299108e+02 -1.685809866537730528e+01 5.113304194767209196e+02 -2.946385168981364586e+02 5.771971211986308390e+02 4.520902522831318606e+02 -1.648755931599345672e+02 -1.287851410598621182e+00 -5.000000000000000000e+02 -3.000000000000000000e+02 -1.500000000000000000e+01
-6.000000000000000000e+02 -4.000000000000000000e+02 -1.500000000000000000e+01 -1.788370648701944674e+02 -1.751050453900013792e+02 -7.573387516885855320e+00 3.884240707929446899e+02 -2.308489866416490202e+02 -8.553114574318954055e+02 4.989807387163304497e+02 -3.662654230894166290e+02 -1.721200459424754925e+01 5.042001453406475662e+02 -2.692067299596299108e+02 -1.685809866537730528e+01 5.119187699291167633e+02 -2.946385168981364586e+02 5.769211992173978842e+02 4.520902522831318606e+02 -1.612528416695518558e+02 6.354660199935882048e+00 -5.000000000000000000e+02 -3.000000000000000000e+02 -1.500000000000000000e+01
-6.000000000000000000e+02 -4.000000000000000000e+02 -1.500000000000000000e+01 -4.252597304364646220e+02 -9.517773640213315502e+02 3.826969669734475019e+02 2.429311185644997693e+02 -1.606219660495294761e+02 -4.318370321445112268e+02 5.143935263856233178e+02 -2.982627061903504000e+02 4.981066309504639662e+02 5.052402886212954627e+02 -2.778531297296127605e+02 -1.620155924398601854e+01 3.852583192533024317e+02 -1.486734503130392966e+02 -1.213264811333585591e+01 4.060857221951341103e+02 -1.452088196101080086e+02 -3.058594558000648931e+02 -5.000000000000000000e+02 -3.000000000000000000e+02 -1.500000000000000000e+01
-6.000000000000000000e+02 -4.000000000000000000e+02 -1.500000000000000000e+01 4.994182035165948150e+02 -2.921809858415397798e+02 -4.439198628994988098e+02 5.249857028096266731e+02 -2.930254246717307183e+02 -1.570237089477745052e+01 5.143935263856233178e+02 -2.982627061903504000e+02 4.981066309504639662e+02 5.052402886212954627e+02 -2.837767406619166195e+02 -2.163771681927157431e+01 5.121805264007842879e+02 -2.946385168981364586e+02 5.771971211986308390e+02 -3.910369663321272924e+02 -2.991186365827719555e+02 -9.840717570340654419e+00 -5.000000000000000000e+02 -3.000000000000000000e+02 -1.500000000000000000e+01
-6.000000000000000000e+02 -4.000000000000000000e+02 -1.500000000000000000e+01 -4.166271435321241938e+02 -3.724823975699261496e+02 6.405608421339186620e+00 -3.386024714787487255e+02 -3.634060651397002744e+02 6.518357576052334679e+00 5.001321058257801155e+02 -2.953476171643168300e+02 -1.375219777070007687e+01 5.030318864086143549e+02 -2.653674292617074570e+02 -1.900872243658274385e+01 4.984956211592628961e+02 -2.953334068456899786e+02 5.821880761113773133e+02 -3.910369663321272924e+02 -2.991186365827719555e+02 -9.840717570340654419e+00 -5.000000000000000000e+02 -3.000000000000000000e+02 -1.500000000000000000e+01
-6.000000000000000000e+02 -4.000000000000000000e+02 -1.500000000000000000e+01 5.013661314216126357e+02 -2.496496380743493830e+02 -6.388528265697416053e+00 5.249857028096266731e+02 -2.891658230522796202e+02 -7.544931935203178952e+00 5.143935263856233178e+02 -2.953544397331003211e+02 5.029968074599638612e+02 5.042001453406475662e+02 -2.786994327253642609e+02 -1.685809866537730528e+01 5.123884190525500344e+02 -2.953334068456899786e+02 5.777328775838788033e+02 -3.910369663321272924e+02 -2.991186365827719555e+02 -9.840717570340654419e+00 -5.000000000000000000e+02 -3.000000000000000000e+02 -1.500000000000000000e+01
-6.000000000000000000e+02 -4.000000000000000000e+02 -1.500000000000000000e+01 4.994182035165948150e+02 -2.921809858415397798e+02 -4.439198628994988098e+02 5.249857028096266731e+02 -2.930254246717307183e+02 -1.570237089477745052e+01 5.251828726895826094e+02 -2.953544397331003211e+02 1.427186313938682227e+00 5.042001453406475662e+02 -2.771254129796598136e+02 -1.685809866537730528e+01 -2.566482741817339956e+02 -2.625725080187116305e+02 -6.240549020030613292e+01 -3.891197329827132876e+02 -2.811993073695444991e+02 7.413281668835741129e+02 -5.000000000000000000e+02 -3.000000000000000000e+02 -1.500000000000000000e+01
-6.000000000000000000e+02 -4.000000000000000000e+02 -1.500000000000000000e+01 4.994182035165948150e+02 -2.921809858415397798e+02 -4.439198628994988098e+02 5.249857028096266731e+02 -2.930254246717307183e+02 -1.570237089477745052e+01 5.143935263856233178e+02 -2.982627061903504000e+02 4.981066309504639662e+02 5.052402886212954627e+02 -2.778531297296127605e+02 -1.620155924398601854e+01 -2.566482741817339956e+02 -2.625725080187116305e+02 -6.240549020030613292e+01 -3.891197329827132876e+02 -2.811993073695444991e+02 7.413281668835741129e+02 -5.000000000000000000e+02 -3.000000000000000000e+02 -1.500000000000000000e+01
-6.000000000000000000e+02 -4.000000000000000000e+02 -1.500000000000000000e+01 -2.381121109725532961e+02 -6.322935024594994502e+02 1.712422859430547817e+02 3.884240707929446899e+02 -2.308489866416490202e+02 -8.553114574318954055e+02 4.989807387163304497e+02 -3.662654230894166290e+02 -1.721200459424754925e+01 5.042001453406475662e+02 -2.692067299596299108e+02 -1.685809866537730528e+01 5.113304194767209196e+02 -2.946385168981364586e+02 5.771971211986308390e+02 4.520902522831318606e+02 -1.648755931599345672e+02 -1.287851410598621182e+00 -5.000000000000000000e+02 -3.000000000000000000e+02 -1.500000000000000000e+01
-6.000000000000000000e+02 -4.000000000000000000e+02 -1.500000000000000000e+01 4.994182035165948150e+02 -2.921809858415397798e+02 -4.439198628994988098e+02 5.249857028096266731e+02 -2.930254246717307183e+02 -1.570237089477745052e+01 5.251828726895826094e+02 -2.953544397331003211e+02 1.427186313938682227e+00 5.052402886212954627e+02 -2.837767406619166195e+02 -2.163771681927157431e+01 5.113304194767209196e+02 -2.946385168981364586e+02 5.771971211986308390e+02 -3.003622537489129058e+02 -2.935530971032372349e+02 -1.441752927063155987e+01 -5.000000000000000000e+02 -3.000000000000000000e+02 -1.500000000000000000e+01
-6.000000000000000000e+02 -4.000000000000000000e+02 -1.500000000000000000e+01 5.013661314216126357e+02 -2.496496380743493830e+02 -6.388528265697416053e+00 5.249857028096266731e+02 -2.891658230522796202e+02 -7.544931935203178952e+00 5.143935263856233178e+02 -2.982627061903504000e+02 4.981066309504639662e+02 5.052402886212954627e+02 -2.778531297296127605e+02 -1.620155924398601854e+01 5.005886296587058268e+02 -2.534882495610963815e+02 3.948982977597459580e+02 4.520902522831318606e+02 -1.612528416695518558e+02 6.354660199935882048e+00 -5.000000000000000000e+02 -3.000000000000000000e+02 -1.500000000000000000e+01
-6.000000000000000000e+02 -4.000000000000000000e+02 -1.500000000000000000e+01 -4.141238553562012044e+02 -3.663098503975174935e+02 5.958951762844002076e+00 3.884240707929446899e+02 -2.308489866416490202e+02 -8.553114574318954055e+02 4.989807387163304497e+02 -3.662654230894166290e+02 -1.721200459424754925e+01 5.042001453406475662e+02 -2.692067299596299108e+02 -1.685809866537730528e+01 5.123884190525500344e+02 -2.953334068456899786e+02 5.777328775838788033e+02 4.873332025589963905e+02 -2.071025792512708108e+02 -9.277601483081754807e+00 -5.000000000000000000e+02 -3.000000000000000000e+02 -1.500000000000000000e+01
-6.000000000000000000e+02 -4.000000000000000000e+02 -1.500000000000000000e+01 5.775855276368550903e+02 1.034010576818043461e+02 -8.739845124573346169e+00 5.237697619557054622e+02 -2.891658230522796202e+02 -7.544931935203178952e+00 5.143935263856233178e+02 -2.982627061903504000e+02 4.981066309504639662e+02 5.052402886212954627e+02 -2.778531297296127605e+02 -1.108695635515393718e+01 3.813772615491510010e+02 -1.486734503130392966e+02 -1.213264811333585591e+01 4.090852863094649479e+02 -1.452088196101080086e+02 -3.154764578963936970e+02 -5.000000000000000000e+02 -3.000000000000000000e+02 -1.500000000000000000e+01
-6.000000000000000000e+02 -4.000000000000000000e+02 -1.500000000000000000e+01 -4.141238553562012044e+02 -3.587806214017122102e+02 6.405608421339186620e+00 -3.379319401591926635e+02 -3.451956875649393055e+02 4.340622935518470449e+00 1.159686929099548820e+02 -1.374848322469397885e+02 9.728040472995184018e+01 1.873186981760867411e+02 -1.141752920214062215e+02 -2.131474912856714354e+01 3.813772615491510010e+02 -1.486734503130392966e+02 -1.213264811333585591e+01 4.060857221951341103e+02 -1.452088196101080086e+02 -3.058594558000648931e+02 -5.000000000000000000e+02 -3.000000000000000000e+02 -1.500000000000000000e+01
-6.000000000000000000e+02 -4.000000000000000000e+02 -1.500000000000000000e+01 5.013661314216126357e+02 -2.496496380743493830e+02 -6.388528265697416053e+00 5.249857028096266731e+02 -2.891658230522796202e+02 -7.544931935203178952e+00 5.143935263856233178e+02 -2.982627061903504000e+02 4.981066309504639662e+02 5.052402886212954627e+02 -2.778531297296127605e+02 -1.620155924398601854e+01 3.813772615491510010e+02 -1.486734503130392966e+02 -1.213264811333585591e+01 4.090852863094649479e+02 -1.452088196101080086e+02 -3.154764578963936970e+02 -5.000000000000000000e+02 -3.000000000000000000e+02 -1.500000000000000000e+01
-6.000000000000000000e+02 -4.000000000000000000e+02 -1.500000000000000000e+01 -2.381121109725532961e+02 -6.322935024594994502e+02 1.712422859430547817e+02 3.884240707929446899e+02 -2.308489866416490202e+02 -8.553114574318954055e+02 4.989807387163304497e+02 -3.662654230894166290e+02 -1.721200459424754925e+01 5.042001453406475662e+02 -2.692067299596299108e+02 -1.685809866537730528e+01 5.119187699291167633e+02 -2.946385168981364586e+02 5.769211992173978842e+02 4.520902522831318606e+02 -1.648755931599345672e+02 -1.287851410598621182e+00 -5.000000000000000000e+02 -3.000000000000000000e+02 -1.500000000000000000e+01
-6.000000000000000000e+02 -4.000000000000000000e+02 -1.500000000000000000e+01 4.994182035165948150e+02 -2.921809858415397798e+02 -4.439198628994988098e+02 5.249857028096266731e+02 -2.930254246717307183e+02 -1.570237089477745052e+01 5.251828726895826094e+02 -2.953544397331003211e+02 1.427186313938682227e+00 5.042001453406475662e+02 -2.786994327253642609e+02 -1.685809866537730528e+01 5.113304194767209196e+02 -2.946385168981364586e+02 5.771971211986308390e+02 -3.003622537489129058e+02 -2.935530971032372349e+02 -1.441752927063155987e+01 -5.000000000000000000e+02 -3.000000000000000000e+02 -1.500000000000000000e+01
-6.000000000000000000e+02 -4.000000000000000000e+02 -1.500000000000000000e+01 5.013661314216126357e+02 -2.496496380743493830e+02 -6.388528265697416053e+00 5.249857028096266731e+02 -2.891658230522796202e+02 -7.544931935203178952e+00 5.001321058257801155e+02 -2.953476171643168300e+02 -1.375219777070007687e+01 5.042001453406475662e+02 -2.784651102752764018e+02 -1.685809866537730528e+01 5.123302246819947641e+02 -2.964364435540585987e+02 5.777328775838788033e+02 4.520902522831318606e+02 -1.612528416695518558e+02 6.354660199935882048e+00 -5.000000000000000000e+02 -3.000000000000000000e+02 -1.500000000000000000e+01
-6.000000000000000000e+02 -4.000000000000000000e+02 -1.500000000000000000e+01 5.803193001428843445e+02 1.034010576818043461e+02 -8.739845124573346169e+00 5.286255221361965368e+02 -2.878023163806749380e+02 -1.097271446486162816e+01 4.828956399433241131e+02 -1.936253880653886768e+02 -5.339997855547535366e+00 5.030609733014975404e+02 -2.726577454567880636e+02 -2.623644555600968786e+01 5.119887895401973879e+02 -2.946385168981364586e+02 5.771971211986308390e+02 4.520902522831318606e+02 -1.648755931599345672e+02 -1.287851410598621182e+00 -5.000000000000000000e+02 -3.000000000000000000e+02 -1.500000000000000000e+01
-6.000000000000000000e+02 -4.000000000000000000e+02 -1.500000000000000000e+01 5.013661314216126357e+02 -2.496496380743493830e+02 -6.388528265697416053e+00 5.249857028096266731e+02 -2.891658230522796202e+02 -7.939220426579516321e+00 5.001321058257801155e+02 -2.953476171643168300e+02 -1.375219777070007687e+01 5.042001453406475662e+02 -2.786994327253642609e+02 -1.685809866537730528e+01 5.121805264007842879e+02 -2.946385168981364586e+02 5.771971211986308390e+02 4.873332025589963905e+02 -2.031791477612907784e+02 -1.740887171490392404e+01 -5.000000000000000000e+02 -3.000000000000000000e+02 -1.500000000000000000e+01
-6.000000000000000000e+02 -4.000000000000000000e+02 -1.500000000000000000e+01 -4.166271435321241938e+02 -3.724823975699261496e+02 6.405608421339186620e+00 -3.386024714787487255e+02 -3.634060651397002744e+02 6.518357576052334679e+00 4.035495757229519995e+02 -2.842710124955199262e+02 -1.652114846465098452e+01 5.042001453406475662e+02 -2.771254129796598136e+02 -1.685809866537730528e+01 5.105960811941559996e+02 -2.951997016213946949e+02 5.734928736103144047e+02 -3.910369663321272924e+02 -2.991186365827719555e+02 -9.840717570340654419e+00 -5.000000000000000000e+02 -3.000000000000000000e+02 -1.500000000000000000e+01
-6.000000000000000000e+02 -4.000000000000000000e+02 -1.500000000000000000e+01 5.013661314216126357e+02 -2.496496380743493830e+02 -6.388528265697416053e+00 5.249857028096266731e+02 -2.891658230522796202e+02 -7.544931935203178952e+00 5.001321058257801155e+02 -2.953476171643168300e+02 -1.375219777070007687e+01 5.042001453406475662e+02 -2.786994327253642609e+02 -1.685809866537730528e+01 5.113304194767209196e+02 -2.946385168981364586e+02 5.771971211986308390e+02 -3.003622537489129058e+02 -2.935530971032372349e+02 -1.441752927063155987e+01 -5.000000000000000000e+02 -3.000000000000000000e+02 -1.500000000000000000e+01
-6.000000000000000000e+02 -4.000000000000000000e+02 -1.500000000000000000e+01 5.013661314216126357e+02 -2.496496380743493830e+02 -6.388528265697416053e+00 5.249857028096266731e+02 -2.891658230522796202e+02 -7.544931935203178952e+00 5.347448297662537016e+02 -2.953544397331003211e+02 1.427186313938682227e+00 5.042001453406475662e+02 -2.692067299596299108e+02 -1.685809866537730528e+01 5.113304194767209196e+02 -2.946385168981364586e+02 5.771971211986308390e+02 4.873332025589963905e+02 -2.014337219339967078e+02 -1.740887171490392404e+01 -5.000000000000000000e+02 -3.000000000000000000e+02 -1.500000000000000000e+01
-6.000000000000000000e+02 -4.000000000000000000e+02 -1.500000000000000000e+01 5.013661314216126357e+02 -2.496496380743493830e+02 -6.388528265697416053e+00 5.249857028096266731e+02 -2.891658230522796202e+02 -7.544931935203178952e+00 5.347448297662537016e+02 -2.953544397331003211e+02 1.427186313938682227e+00 5.042001453406475662e+02 -2.786994327253642609e+02 -1.685809866537730528e+01 5.113304194767209196e+02 -2.946385168981364586e+02 5.771971211986308390e+02 -3.003622537489129058e+02 -2.935530971032372349e+02 -1.441752927063155987e+01 -5.000000000000000000e+02 -3.000000000000000000e+02 -1.500000000000000000e+01
-6.000000000000000000e+02 -4.000000000000000000e+02 -1.500000000000000000e+01 -4.141238553562012044e+02 -3.587806214017122102e+02 6.405608421339186620e+00 -3.379319401591926635e+02 -3.451956875649393055e+02 4.340622935518470449e+00 1.159686929099548820e+02 -1.374848322469397885e+02 9.728040472995184018e+01 1.873186981760867411e+02 -1.141752920214062215e+02 -2.131474912856714354e+01 3.805451930963182008e+02 -1.484545248137467297e+02 -1.423360409065257848e+01 4.520902522831318606e+02 -1.645053039856505563e+02 1.407727860020388277e+01 -5.000000000000000000e+02 -3.000000000000000000e+02 -1.500000000000000000e+01
-6.000000000000000000e+02 -4.000000000000000000e+02 -1.500000000000000000e+01 5.803193001428843445e+02 1.034010576818043461e+02 -8.739845124573346169e+00 5.286255221361965368e+02 -2.878023163806749380e+02 -1.097271446486162816e+01 5.143935263856233178e+02 -2.982627061903504000e+02 4.981066309504639662e+02 5.052402886212954627e+02 -2.778531297296127605e+02 -1.620155924398601854e+01 5.005886296587058268e+02 -2.534882495610963815e+02 3.948982977597459580e+02 4.526406489757298459e+02 -1.647461261063231461e+02 -1.332489171534139150e+00 -5.000000000000000000e+02 -3.000000000000000000e+02 -1.500000000000000000e+01
-6.000000000000000000e+02 -4.000000000000000000e+02 -1.500000000000000000e+01 -4.141238553562012044e+02 -3.663098503975174935e+02 5.958951762844002076e+00 3.884240707929446899e+02 -2.308489866416490202e+02 -8.553114574318954055e+02 4.989807387163304497e+02 -3.662654230894166290e+02 -1.721200459424754925e+01 5.030318864086143549e+02 -2.706757576712863624e+02 -1.685809866537730528e+01 5.113304194767209196e+02 -2.946385168981364586e+02 5.771971211986308390e+02 4.520902522831318606e+02 -1.648755931599345672e+02 -1.287851410598621182e+00 -5.000000000000000000e+02 -3.000000000000000000e+02 -1.500000000000000000e+01
-6.000000000000000000e+02 -4.000000000000000000e+02 -1.500000000000000000e+01 5.013661314216126357e+02 -2.496496380743493830e+02 -6.388528265697416053e+00 5.249857028096266731e+02 -2.891658230522796202e+02 -7.544931935203178952e+00 5.347448297662537016e+02 -2.953544397331003211e+02 1.427186313938682227e+00 5.042001453406475662e+02 -2.771254129796598136e+02 -1.685809866537730528e+01 5.113304194767209196e+02 -2.946385168981364586e+02 5.771971211986308390e+02 4.520902522831318606e+02 -1.612528416695518558e+02 6.354660199935882048e+00 -5.000000000000000000e+02 -3.000000000000000000e+02 -1.500000000000000000e+01
-6.000000000000000000e+02 -4.000000000000000000e+02 -1.500000000000000000e+01 4.994182035165948150e+02 -2.921809858415397798e+02 -4.439198628994988098e+02 5.249857028096266731e+02 -2.930254246717307183e+02 -1.570237089477745052e+01 5.251828726895826094e+02 -2.953544397331003211e+02 1.427186313938682227e+00 5.052402886212954627e+02 -2.837767406619166195e+02 -2.163771681927157431e+01 5.113304194767209196e+02 -2.946385168981364586e+02 5.771971211986308390e+02 -3.910369663321272924e+02 -2.991186365827719555e+02 -9.840717570340654419e+00 -5.000000000000000000e+02 -3.000000000000000000e+02 -1.500000000000000000e+01
-6.000000000000000000e+02 -4.000000000000000000e+02 -1.500000000000000000e+01 -4.252597304364646220e+02 -9.517773640213315502e+02 3.826969669734475019e+02 5.237697619557054622e+02 -2.891658230522796202e+02 -7.544931935203178952e+00 5.143935263856233178e+02 -2.982627061903504000e+02 4.981066309504639662e+02 5.052402886212954627e+02 -2.778531297296127605e+02 -1.108695635515393718e+01 3.813772615491510010e+02 -1.486734503130392966e+02 -1.213264811333585591e+01 4.090852863094649479e+02 -1.452088196101080086e+02 -3.154764578963936970e+02 -5.000000000000000000e+02 -3.000000000000000000e+02 -1.500000000000000000e+01
-6.000000000000000000e+02 -4.000000000000000000e+02 -1.500000000000000000e+01 5.013661314216126357e+02 -2.496496380743493830e+02 -6.388528265697416053e+00 5.249857028096266731e+02 -2.891658230522796202e+02 -7.544931935203178952e+00 5.347448297662537016e+02 -2.953544397331003211e+02 1.427186313938682227e+00 5.052402886212954627e+02 -2.778531297296127605e+02 -1.620155924398601854e+01 5.113304194767209196e+02 -2.946385168981364586e+02 5.771971211986308390e+02 -3.003622537489129058e+02 -2.935530971032372349e+02 -1.441752927063155987e+01 -5.000000000000000000e+02 -3.000000000000000000e+02 -1.500000000000000000e+01
-6.000000000000000000e+02 -4.000000000000000000e+02 -1.500000000000000000e+01 5.775855276368550903e+02 1.034010576818043461e+02 -8.739845124573346169e+00 5.249857028096266731e+02 -2.891658230522796202e+02 -7.544931935203178952e+00 5.143935263856233178e+02 -2.982627061903504000e+02 4.981066309504639662e+02 5.052402886212954627e+02 -2.778531297296127605e+02 -1.620155924398601854e+01 5.005886296587058268e+02 -2.534882495610963815e+02 3.948982977597459580e+02 4.526406489757298459e+02 -1.647461261063231461e+02 -1.332489171534139150e+00 -5.000000000000000000e+02 -3.000000000000000000e+02 -1.500000000000000000e+01
-6.000000000000000000e+02 -4.000000000000000000e+02 -1.500000000000000000e+01 5.013661314216126357e+02 -2.496496380743493830e+02 -6.388528265697416053e+00 5.249857028096266731e+02 -2.891658230522796202e+02 -7.939220426579516321e+00 5.143935263856233178e+02 -2.953544397331003211e+02 5.029968074599638612e+02 5.052402886212954627e+02 -2.837767406619166195e+02 -2.163771681927157431e+01 5.113304194767209196e+02 -2.946385168981364586e+02 5.771971211986308390e+02 -3.003622537489129058e+02 -2.935530971032372349e+02 -1.441752927063155987e+01 -5.000000000000000000e+02 -3.000000000000000000e+02 -1.500000000000000000e+01
-6.000000000000000000e+02 -4.000000000000000000e+02 -1.500000000000000000e+01 -4.166271435321241938e+02 -3.724823975699261496e+02 6.405608421339186620e+00 -3.386024714787487255e+02 -3.634060651397002744e+02 6.518357576052334679e+00 4.035495757229519995e+02 -2.812220878615516995e+02 -1.759036355123064155e+01 5.030318864086143549e+02 -2.653674292617074570e+02 -1.900872243658274385e+01 5.005886296587058268e+02 -2.534882495610963815e+02 3.948982977597459580e+02 -3.003622537489129058e+02 -2.935530971032372349e+02 -1.441752927063155987e+01 -5.000000000000000000e+02 -3.000000000000000000e+02 -1.500000000000000000e+01
-6.000000000000000000e+02 -4.000000000000000000e+02 -1.500000000000000000e+01 5.013661314216126357e+02 -2.496496380743493830e+02 -6.388528265697416053e+00 5.249857028096266731e+02 -2.891658230522796202e+02 -7.544931935203178952e+00 5.143935263856233178e+02 -2.982627061903504000e+02 4.981066309504639662e+02 5.052402886212954627e+02 -2.778531297296127605e+02 -1.620155924398601854e+01 5.123302246819947641e+02 -2.964364435540585987e+02 5.777328775838788033e+02 4.526406489757298459e+02 -1.645329355464187699e+02 -3.668011210568458580e+00 -5.000000000000000000e+02 -3.000000000000000000e+02 -1.500000000000000000e+01
-6.000000000000000000e+02 -4.000000000000000000e+02 -1.500000000000000000e+01 -4.166271435321241938e+02 -3.724823975699261496e+02 6.405608421339186620e+00 -3.386024714787487255e+02 -3.634060651397002744e+02 6.518357576052334679e+00 4.989231148953550132e+02 -2.851143740568579688e+02 -1.401032976371020844e+01 5.030318864086143549e+02 -2.706757576712863624e+02 -1.685809866537730528e+01 5.005886296587058268e+02 -2.534882495610963815e+02 3.948982977597459580e+02 -3.003622537489129058e+02 -2.935530971032372349e+02 -1.441752927063155987e+01 -5.000000000000000000e+02 -3.000000000000000000e+02 -1.500000000000000000e+01
-6.000000000000000000e+02 -4.000000000000000000e+02 -1.500000000000000000e+01 -4.166271435321241938e+02 -3.724823975699261496e+02 6.405608421339186620e+00 -3.386024714787487255e+02 -3.634060651397002744e+02 6.518357576052334679e+00 4.035495757229519995e+02 -2.812220878615516995e+02 -1.759036355123064155e+01 5.031560277320977548e+02 -2.686203835214319042e+02 -1.439333451855286228e+01 5.083195014225790942e+02 -2.951997016213946949e+02 5.734928736103144047e+02 -3.910369663321272924e+02 -2.991186365827719555e+02 -9.840717570340654419e+00 -5.000000000000000000e+02 -3.000000000000000000e+02 -1.500000000000000000e+01
-6.000000000000000000e+02 -4.000000000000000000e+02 -1.500000000000000000e+01 -4.252597304364646220e+02 -9.517773640213315502e+02 3.826969669734475019e+02 2.429311185644997693e+02 -1.606219660495294761e+02 -4.318370321445112268e+02 5.143935263856233178e+02 -2.982627061903504000e+02 4.981066309504639662e+02 5.052402886212954627e+02 -2.778531297296127605e+02 -1.620155924398601854e+01 5.005886296587058268e+02 -2.534882495610963815e+02 3.948982977597459580e+02 4.850587643934754851e+02 -2.071025792512708108e+02 -8.106849130521219138e+00 -5.000000000000000000e+02 -3.000000000000000000e+02 -1.500000000000000000e+01
-6.000000000000000000e+02 -4.000000000000000000e+02 -1.500000000000000000e+01 -2.381121109725532961e+02 -6.322935024594994502e+02 1.712422859430547817e+02 3.884240707929446899e+02 -2.308489866416490202e+02 -8.553114574318954055e+02 4.989807387163304497e+02 -3.662654230894166290e+02 -1.721200459424754925e+01 5.042001453406475662e+02 -2.692067299596299108e+02 -1.685809866537730528e+01 5.113304194767209196e+02 -2.946385168981364586e+02 5.771971211986308390e+02 4.520902522831318606e+02 -1.612528416695518558e+02 6.354660199935882048e+00 -5.000000000000000000e+02 -3.000000000000000000e+02 -1.500000000000000000e+01
-6.000000000000000000e+02 -4.000000000000000000e+02 -1.500000000000000000e+01 -4.141238553562012044e+02 -3.587806214017122102e+02 6.405608421339186620e+00 -3.379319401591926635e+02 -3.451956875649393055e+02 4.340622935518470449e+00 1.159686929099548820e+02 -1.374848322469397885e+02 9.728040472995184018e+01 1.873186981760867411e+02 -1.141752920214062215e+02 -2.131474912856714354e+01 3.811430250611733754e+02 -1.462771155294840923e+02 2.557733439925589778e+02 4.526406489757298459e+02 -1.645329355464187699e+02 -3.668011210568458580e+00 -5.000000000000000000e+02 -3.000000000000000000e+02 -1.500000000000000000e+01
-6.000000000000000000e+02 -4.000000000000000000e+02 -1.500000000000000000e+01 -4.166271435321241938e+02 -3.724823975699261496e+02 6.405608421339186620e+00 -3.386024714787487255e+02 -3.634060651397002744e+02 6.518357576052334679e+00 4.035495757229519995e+02 -2.916902888782148011e+02 -1.759036355123064155e+01 5.052402886212954627e+02 -2.837767406619166195e+02 -2.163771681927157431e+01 5.123302246819947641e+02 -2.964364435540585987e+02 5.777328775838788033e+02 -3.910369663321272924e+02 -2.991186365827719555e+02 -9.840717570340654419e+00 -5.000000000000000000e+02 -3.000000000000000000e+02 -1.500000000000000000e+01
-6.000000000000000000e+02 -4.000000000000000000e+02 -1.500000000000000000e+01 -4.045310594438186627e+02 -3.706874369190454672e+02 5.056501758464772678e+01 -3.268094322543167891e+02 -3.586675671332909019e+02 1.519406711830757217e+01 5.001321058257801155e+02 -2.851143740568579688e+02 -1.564898719801084859e+01 5.030529429891684572e+02 -2.685906997701528098e+02 -2.479652100100836520e+01 5.123884190525500344e+02 -2.953334068456899786e+02 5.777328775838788033e+02 -3.910369663321272924e+02 -2.991186365827719555e+02 -9.840717570340654419e+00 -5.000000000000000000e+02 -3.000000000000000000e+02 -1.500000000000000000e+01
-6.000000000000000000e+02 -4.000000000000000000e+02 -1.500000000000000000e+01 -4.045310594438186627e+02 -3.653028802833289319e+02 1.422969054320369509e+01 -3.310734705327245138e+02 -3.528276644013232044e+02 -3.965487760515067350e-01 1.159686929099548820e+02 -1.374848322469397885e+02 9.728040472995184018e+01 1.873186981760867411e+02 -1.141752920214062215e+02 -2.131474912856714354e+01 3.805451930963182008e+02 -1.484545248137467297e+02 -1.423360409065257848e+01 3.989799077554029054e+02 -1.466998098511308513e+02 4.627046517290827055e+00 -5.000000000000000000e+02 -3.000000000000000000e+02 -1.500000000000000000e+01
-6.000000000000000000e+02 -4.000000000000000000e+02 -1.500000000000000000e+01 4.994182035165948150e+02 -2.921809858415397798e+02 -4.439198628994988098e+02 5.249857028096266731e+02 -2.930254246717307183e+02 -1.570237089477745052e+01 5.143935263856233178e+02 -2.982627061903504000e+02 4.981066309504639662e+02 5.052402886212954627e+02 -2.837767406619166195e+02 -2.163771681927157431e+01 -2.566482741817339956e+02 -2.625725080187116305e+02 -6.240549020030613292e+01 -3.891197329827132876e+02 -2.811993073695444991e+02 7.413281668835741129e+02 -5.000000000000000000e+02 -3.000000000000000000e+02 -1.500000000000000000e+01
-6.000000000000000000e+02 -4.000000000000000000e+02 -1.500000000000000000e+01 5.775855276368550903e+02 1.034010576818043461e+02 -8.739845124573346169e+00 5.249857028096266731e+02 -2.891658230522796202e+02 -7.544931935203178952e+00 5.143935263856233178e+02 -2.982627061903504000e+02 4.981066309504639662e+02 5.052402886212954627e+02 -2.778531297296127605e+02 -1.620155924398601854e+01 5.005886296587058268e+02 -2.534882495610963815e+02 3.948982977597459580e+02 1.019032769884017398e+03 -2.945732038126433281e+02 -5.070032647116780034e+00 -5.000000000000000000e+02 -3.000000000000000000e+02 -1.500000000000000000e+01
-6.000000000000000000e+02 -4.000000000000000000e+02 -1.500000000000000000e+01 -1.788370648701944674e+02 -1.751050453900013792e+02 -7.573387516885855320e+00 3.884240707929446899e+02 -2.308489866416490202e+02 -8.553114574318954055e+02 4.989807387163304497e+02 -3.662654230894166290e+02 -1.721200459424754925e+01 5.042001453406475662e+02 -2.692067299596299108e+02 -1.685809866537730528e+01 5.113304194767209196e+02 -2.946385168981364586e+02 5.771971211986308390e+02 4.520902522831318606e+02 -1.612528416695518558e+02 6.354660199935882048e+00 -5.000000000000000000e+02 -3.000000000000000000e+02 -1.500000000000000000e+01
-6.000000000000000000e+02 -4.000000000000000000e+02 -1.500000000000000000e+01 4.994182035165948150e+02 -2.921809858415397798e+02 -4.439198628994988098e+02 5.249857028096266731e+02 -2.930254246717307183e+02 -1.570237089477745052e+01 5.251828726895826094e+02 -2.953544397331003211e+02 1.427186313938682227e+00 5.052402886212954627e+02 -2.778531297296127605e+02 -1.620155924398601854e+01 -2.566482741817339956e+02 -2.625725080187116305e+02 -6.240549020030613292e+01 -3.891197329827132876e+02 -2.811993073695444991e+02 7.413281668835741129e+02 -5.000000000000000000e+02 -3.000000000000000000e+02 -1.500000000000000000e+01
-6.000000000000000000e+02 -4.000000000000000000e+02 -1.500000000000000000e+01 -4.140326924441874326e+02 -3.557440061368600368e+02 3.966893122585764431e+00 -3.379319401591926635e+02 -3.451956875649393055e+02 4.340622935518470449e+00 1.159686929099548820e+02 -1.374848322469397885e+02 9.728040472995184018e+01 1.934104768484452848e+02 -1.141752920214062215e+02 -1.973402678849011949e+01 3.662861207538290387e+02 -1.486734503130392966e+02 4.641771249186150499e+02 -3.891197329827132876e+02 -2.811993073695444991e+02 7.413281668835741129e+02 -5.000000000000000000e+02 -3.000000000000000000e+02 -1.500000000000000000e+01
-6.000000000000000000e+02 -4.000000000000000000e+02 -1.500000000000000000e+01 5.013661314216126357e+02 -2.496496380743493830e+02 -6.388528265697416053e+00 5.286255221361965368e+02 -2.878023163806749380e+02 -1.097271446486162816e+01 5.347448297662537016e+02 -2.953544397331003211e+02 1.427186313938682227e+00 5.042001453406475662e+02 -2.771254129796598136e+02 -1.685809866537730528e+01 5.113304194767209196e+02 -2.946385168981364586e+02 5.771971211986308390e+02 4.520902522831318606e+02 -1.648755931599345672e+02 -1.287851410598621182e+00 -5.000000000000000000e+02 -3.000000000000000000e+02 -1.500000000000000000e+01
-6.000000000000000000e+02 -4.000000000000000000e+02 -1.500000000000000000e+01 5.013661314216126357e+02 -2.496496380743493830e+02 -6.388528265697416053e+00 5.249857028096266731e+02 -2.891658230522796202e+02 -7.544931935203178952e+00 5.143935263856233178e+02 -2.953544397331003211e+02 5.029968074599638612e+02 5.052402886212954627e+02 -2.837767406619166195e+02 -2.163771681927157431e+01 5.113304194767209196e+02 -2.946385168981364586e+02 5.771971211986308390e+02 -3.003622537489129058e+02 -2.935530971032372349e+02 -1.441752927063155987e+01 -5.000000000000000000e+02 -3.000000000000000000e+02 -1.500000000000000000e+01
-6.000000000000000000e+02 -4.000000000000000000e+02 -1.500000000000000000e+01 5.803193001428843445e+02 1.034010576818043461e+02 -8.739845124573346169e+00 4.309820545741638966e+02 -2.308489866416490202e+02 -1.236266118943248316e+01 5.143935263856233178e+02 -2.982627061903504000e+02 4.981066309504639662e+02 5.052402886212954627e+02 -2.778531297296127605e+02 -1.620155924398601854e+01 5.005886296587058268e+02 -2.534882495610963815e+02 3.948982977597459580e+02 4.873332025589963905e+02 -2.071025792512708108e+02 -1.047126027312416774e+01 -5.000000000000000000e+02 -3.000000000000000000e+02 -1.500000000000000000e+01
-6.000000000000000000e+02 -4.000000000000000000e+02 -1.500000000000000000e+01 5.013661314216126357e+02 -2.496496380743493830e+02 -6.388528265697416053e+00 5.249857028096266731e+02 -2.891658230522796202e+02 -7.544931935203178952e+00 5.347448297662537016e+02 -2.953544397331003211e+02 1.427186313938682227e+00 5.042001453406475662e+02 -2.692067299596299108e+02 -1.685809866537730528e+01 5.113304194767209196e+02 -2.946385168981364586e+02 5.771971211986308390e+02 4.520902522831318606e+02 -1.612528416695518558e+02 6.354660199935882048e+00 -5.000000000000000000e+02 -3.000000000000000000e+02 -1.500000000000000000e+01
-6.000000000000000000e+02 -4.000000000000000000e+02 -1.500000000000000000e+01 5.013661314216126357e+02 -2.496496380743493830e+02 -6.388528265697416053e+00 5.249857028096266731e+02 -2.891658230522796202e+02 -7.544931935203178952e+00 5.143935263856233178e+02 -2.982627061903504000e+02 4.981066309504639662e+02 5.052402886212954627e+02 -2.778531297296127605e+02 -1.108695635515393718e+01 3.813772615491510010e+02 -1.486734503130392966e+02 -1.213264811333585591e+01 4.090852863094649479e+02 -1.452088196101080086e+02 -3.154764578963936970e+02 -5.000000000000000000e+02 -3.000000000000000000e+02 -1.500000000000000000e+01
-6.000000000000000000e+02 -4.000000000000000000e+02 -1.500000000000000000e+01 2.531864026873696787e+02 -3.022178912886710691e+02 2.448523723228817950e+00 5.286255221361965368e+02 -2.878023163806749380e+02 -1.097271446486162816e+01 5.143935263856233178e+02 -2.982627061903504000e+02 4.981066309504639662e+02 5.052402886212954627e+02 -2.778531297296127605e+02 -1.620155924398601854e+01 5.005886296587058268e+02 -2.534882495610963815e+02 3.948982977597459580e+02 -3.910369663321272924e+02 -2.991186365827719555e+02 -9.840717570340654419e+00 -5.000000000000000000e+02 -3.000000000000000000e+02 -1.500000000000000000e+01
-6.000000000000000000e+02 -4.000000000000000000e+02 -1.500000000000000000e+01 5.013661314216126357e+02 -2.496496380743493830e+02 -6.388528265697416053e+00 5.249857028096266731e+02 -2.891658230522796202e+02 -7.939220426579516321e+00 5.001321058257801155e+02 -2.953476171643168300e+02 -1.375219777070007687e+01 5.042001453406475662e+02 -2.786994327253642609e+02 -1.685809866537730528e+01 5.123884190525500344e+02 -2.953334068456899786e+02 5.712695768639323433e+02 4.873332025589963905e+02 -2.071025792512708108e+02 -1.047126027312416774e+01 -5.000000000000000000e+02 -3.000000000000000000e+02 -1.500000000000000000e+01
-6.000000000000000000e+02 -4.000000000000000000e+02 -1.500000000000000000e+01 -4.166271435321241938e+02 -3.724823975699261496e+02 6.405608421339186620e+00 -3.386024714787487255e+02 -3.634060651397002744e+02 6.518357576052334679e+00 4.035495757229519995e+02 -2.842710124955199262e+02 -1.652114846465098452e+01 5.042001453406475662e+02 -2.692067299596299108e+02 -1.685809866537730528e+01 5.113304194767209196e+02 -2.946385168981364586e+02 5.771971211986308390e+02 -3.910369663321272924e+02 -2.991186365827719555e+02 -9.840717570340654419e+00 -5.000000000000000000e+02 -3.000000000000000000e+02 -1.500000000000000000e+01
-6.000000000000000000e+02 -4.000000000000000000e+02 -1.500000000000000000e+01 5.803193001428843445e+02 1.034010576818043461e+02 -8.739845124573346169e+00 4.309820545741638966e+02 -2.308489866416490202e+02 -1.236266118943248316e+01 4.989807387163304497e+02 -3.662654230894166290e+02 -1.721200459424754925e+01 5.042001453406475662e+02 -2.634418674556213205e+02 -1.685809866537730528e+01 5.123884190525500344e+02 -2.953334068456899786e+02 5.787621048052553760e+02 4.873332025589963905e+02 -2.071025792512708108e+02 -9.277601483081754807e+00 -5.000000000000000000e+02 -3.000000000000000000e+02 -1.500000000000000000e+01
-6.000000000000000000e+02 -4.000000000000000000e+02 -1.500000000000000000e+01 5.013661314216126357e+02 -2.496496380743493830e+02 -2.332940516466005754e+00 5.249857028096266731e+02 -2.891658230522796202e+02 -7.544931935203178952e+00 5.001321058257801155e+02 -2.953476171643168300e+02 -1.375219777070007687e+01 5.042001453406475662e+02 -2.786994327253642609e+02 -1.685809866537730528e+01 5.113304194767209196e+02 -2.946385168981364586e+02 5.771971211986308390e+02 -3.003622537489129058e+02 -2.935530971032372349e+02 -1.441752927063155987e+01 -5.000000000000000000e+02 -3.000000000000000000e+02 -1.500000000000000000e+01
-6.000000000000000000e+02 -4.000000000000000000e+02 -1.500000000000000000e+01 5.013661314216126357e+02 -2.496496380743493830e+02 -6.388528265697416053e+00 5.249857028096266731e+02 -2.891658230522796202e+02 -7.544931935203178952e+00 5.347448297662537016e+02 -2.953544397331003211e+02 1.427186313938682227e+00 5.042001453406475662e+02 -2.786994327253642609e+02 -1.685809866537730528e+01 5.113304194767209196e+02 -2.946385168981364586e+02 5.771971211986308390e+02 4.520902522831318606e+02 -1.648755931599345672e+02 -1.287851410598621182e+00 -5.000000000000000000e+02 -3.000000000000000000e+02 -1.500000000000000000e+01
-6.000000000000000000e+02 -4.000000000000000000e+02 -1.500000000000000000e+01 -4.166271435321241938e+02 -3.724823975699261496e+02 6.405608421339186620e+00 -3.386024714787487255e+02 -3.634060651397002744e+02 6.518357576052334679e+00 4.035495757229519995e+02 -2.916902888782148011e+02 -1.759036355123064155e+01 5.042001453406475662e+02 -2.786994327253642609e+02 -1.685809866537730528e+01 5.113304194767209196e+02 -2.946385168981364586e+02 5.771971211986308390e+02 -3.910369663321272924e+02 -2.991186365827719555e+02 -9.840717570340654419e+00 -5.000000000000000000e+02 -3.000000000000000000e+02 -1.500000000000000000e+01
-6.000000000000000000e+02 -4.000000000000000000e+02 -1.500000000000000000e+01 -4.252597304364646220e+02 -9.517773640213315502e+02 3.826969669734475019e+02 5.237697619557054622e+02 -2.891658230522796202e+02 -7.544931935203178952e+00 5.143935263856233178e+02 -2.982627061903504000e+02 4.981066309504639662e+02 5.052402886212954627e+02 -2.778531297296127605e+02 -1.108695635515393718e+01 3.813772615491510010e+02 -1.486734503130392966e+02 -1.213264811333585591e+01 4.060857221951341103e+02 -1.452088196101080086e+02 -3.058594558000648931e+02 -5.000000000000000000e+02 -3.000000000000000000e+02 -1.500000000000000000e+01
-6.000000000000000000e+02 -4.000000000000000000e+02 -1.500000000000000000e+01 5.803193001428843445e+02 1.034010576818043461e+02 -8.739845124573346169e+00 4.309820545741638966e+02 -2.308489866416490202e+02 -1.236266118943248316e+01 4.989807387163304497e+02 -3.662654230894166290e+02 -1.721200459424754925e+01 5.030529429891684572e+02 -2.685906997701528098e+02 -2.479652100100836520e+01 5.123884190525500344e+02 -2.953334068456899786e+02 5.787621048052553760e+02 4.873332025589963905e+02 -2.071025792512708108e+02 -9.277601483081754807e+00 -5.000000000000000000e+02 -3.000000000000000000e+02 -1.500000000000000000e+01
-6.000000000000000000e+02 -4.000000000000000000e+02 -1.500000000000000000e+01 5.803193001428843445e+02 1.034010576818043461e+02 -8.739845124573346169e+00 4.309820545741638966e+02 -2.308489866416490202e+02 -1.236266118943248316e+01 4.989807387163304497e+02 -3.662654230894166290e+02 -1.721200459424754925e+01 5.042001453406475662e+02 -2.634418674556213205e+02 -1.685809866537730528e+01 5.123884190525500344e+02 -2.953334068456899786e+02 5.787621048052553760e+02 4.873332025589963905e+02 -2.071025792512708108e+02 -1.047126027312416774e+01 -5.000000000000000000e+02 -3.000000000000000000e+02 -1.500000000000000000e+01
-6.000000000000000000e+02 -4.000000000000000000e+02 -1.500000000000000000e+01 5.775855276368550903e+02 1.034010576818043461e+02 -8.739845124573346169e+00 5.249857028096266731e+02 -2.891658230522796202e+02 -7.544931935203178952e+00 5.143935263856233178e+02 -2.982627061903504000e+02 4.981066309504639662e+02 5.052402886212954627e+02 -2.778531297296127605e+02 -1.620155924398601854e+01 5.005886296587058268e+02 -2.534882495610963815e+02 3.948982977597459580e+02 4.520902522831318606e+02 -1.648755931599345672e+02 -1.287851410598621182e+00 -5.000000000000000000e+02 -3.000000000000000000e+02 -1.500000000000000000e+01
-6.000000000000000000e+02 -4.000000000000000000e+02 -1.500000000000000000e+01 -4.141238553562012044e+02 -3.587806214017122102e+02 6.405608421339186620e+00 -3.379319401591926635e+02 -3.451956875649393055e+02 4.340622935518470449e+00 1.159686929099548820e+02 -1.374848322469397885e+02 9.728040472995184018e+01 1.873186981760867411e+02 -1.141752920214062215e+02 -2.131474912856714354e+01 3.813772615491510010e+02 -1.486734503130392966e+02 -1.213264811333585591e+01 4.520902522831318606e+02 -1.612528416695518558e+02 6.354660199935882048e+00 -5.000000000000000000e+02 -3.000000000000000000e+02 -1.500000000000000000e+01
-6.000000000000000000e+02 -4.000000000000000000e+02 -1.500000000000000000e+01 -4.166271435321241938e+02 -3.724823975699261496e+02 6.405608421339186620e+00 -3.386024714787487255e+02 -3.634060651397002744e+02 6.518357576052334679e+00 5.143935263856233178e+02 -2.953544397331003211e+02 5.029968074599638612e+02 5.030318864086143549e+02 -2.653674292617074570e+02 -1.900872243658274385e+01 5.113304194767209196e+02 -2.946385168981364586e+02 5.771971211986308390e+02 -3.003622537489129058e+02 -2.935530971032372349e+02 -1.441752927063155987e+01 -5.000000000000000000e+02 -3.000000000000000000e+02 -1.500000000000000000e+01
-6.000000000000000000e+02 -4.000000000000000000e+02 -1.500000000000000000e+01 5.013661314216126357e+02 -2.496496380743493830e+02 -6.388528265697416053e+00 5.249857028096266731e+02 -2.891658230522796202e+02 -7.544931935203178952e+00 5.347448297662537016e+02 -2.953544397331003211e+02 1.427186313938682227e+00 5.042001453406475662e+02 -2.786994327253642609e+02 -1.685809866537730528e+01 5.123302246819947641e+02 -2.964364435540585987e+02 5.777328775838788033e+02 4.873332025589963905e+02 -2.031791477612907784e+02 -1.740887171490392404e+01 -5.000000000000000000e+02 -3.000000000000000000e+02 -1.500000000000000000e+01
-6.000000000000000000e+02 -4.000000000000000000e+02 -1.500000000000000000e+01 5.013661314216126357e+02 -2.496496380743493830e+02 -2.332940516466005754e+00 5.249857028096266731e+02 -2.891658230522796202e+02 -7.939220426579516321e+00 5.001321058257801155e+02 -2.953476171643168300e+02 -1.375219777070007687e+01 5.042001453406475662e+02 -2.786994327253642609e+02 -1.685809866537730528e+01 5.123884190525500344e+02 -2.953334068456899786e+02 5.777328775838788033e+02 4.850587643934754851e+02 -2.071025792512708108e+02 -8.106849130521219138e+00 -5.000000000000000000e+02 -3.000000000000000000e+02 -1.500000000000000000e+01
-6.000000000000000000e+02 -4.000000000000000000e+02 -1.500000000000000000e+01 -4.166271435321241938e+02 -3.724823975699261496e+02 6.405608421339186620e+00 -3.386024714787487255e+02 -3.634060651397002744e+02 6.518357576052334679e+00 4.035495757229519995e+02 -2.916902888782148011e+02 -1.759036355123064155e+01 5.042001453406475662e+02 -2.786994327253642609e+02 -1.685809866537730528e+01 5.113304194767209196e+02 -2.946385168981364586e+02 5.771971211986308390e+02 -3.003622537489129058e+02 -2.935530971032372349e+02 -1.441752927063155987e+01 -5.000000000000000000e+02 -3.000000000000000000e+02 -1.500000000000000000e+01
-6.000000000000000000e+02 -4.000000000000000000e+02 -1.500000000000000000e+01 5.013661314216126357e+02 -2.496496380743493830e+02 -6.388528265697416053e+00 5.249857028096266731e+02 -2.891658230522796202e+02 -7.544931935203178952e+00 5.001321058257801155e+02 -2.953476171643168300e+02 -1.375219777070007687e+01 5.042001453406475662e+02 -2.786994327253642609e+02 -1.685809866537730528e+01 5.113304194767209196e+02 -2.946385168981364586e+02 5.771971211986308390e+02 -3.910369663321272924e+02 -2.991186365827719555e+02 -9.840717570340654419e+00 -5.000000000000000000e+02 -3.000000000000000000e+02 -1.500000000000000000e+01
-6.000000000000000000e+02 -4.000000000000000000e+02 -1.500000000000000000e+01 -4.141238553562012044e+02 -3.587806214017122102e+02 6.405608421339186620e+00 -3.379319401591926635e+02 -3.451956875649393055e+02 4.340622935518470449e+00 1.159686929099548820e+02 -1.374848322469397885e+02 9.728040472995184018e+01 1.873186981760867411e+02 -1.141752920214062215e+02 -2.131474912856714354e+01 3.811430250611733754e+02 -1.462771155294840923e+02 2.557733439925589778e+02 -3.891197329827132876e+02 -2.811993073695444991e+02 7.413281668835741129e+02 -5.000000000000000000e+02 -3.000000000000000000e+02 -1.500000000000000000e+01
-6.000000000000000000e+02 -4.000000000000000000e+02 -1.500000000000000000e+01 5.013661314216126357e+02 -2.496496380743493830e+02 -6.388528265697416053e+00 5.286255221361965368e+02 -2.878023163806749380e+02 -1.097271446486162816e+01 5.347448297662537016e+02 -2.953544397331003211e+02 1.427186313938682227e+00 5.042001453406475662e+02 -2.771254129796598136e+02 -1.685809866537730528e+01 5.123302246819947641e+02 -2.964364435540585987e+02 5.777328775838788033e+02 4.520902522831318606e+02 -1.612528416695518558e+02 6.354660199935882048e+00 -5.000000000000000000e+02 -3.000000000000000000e+02 -1.500000000000000000e+01
-6.000000000000000000e+02 -4.000000000000000000e+02 -1.500000000000000000e+01 -4.166271435321241938e+02 -3.724823975699261496e+02 6.405608421339186620e+00 -3.386024714787487255e+02 -3.634060651397002744e+02 6.518357576052334679e+00 5.143935263856233178e+02 -2.982627061903504000e+02 4.981066309504639662e+02 5.052402886212954627e+02 -2.778531297296127605e+02 -1.620155924398601854e+01 -2.566482741817339956e+02 -2.625725080187116305e+02 -6.240549020030613292e+01 -3.891197329827132876e+02 -2.811993073695444991e+02 7.413281668835741129e+02 -5.000000000000000000e+02 -3.000000000000000000e+02 -1.500000000000000000e+01
-6.000000000000000000e+02 -4.000000000000000000e+02 -1.500000000000000000e+01 4.994182035165948150e+02 -2.921809858415397798e+02 -4.439198628994988098e+02 5.249857028096266731e+02 -2.930254246717307183e+02 -1.570237089477745052e+01 5.001321058257801155e+02 -2.851143740568579688e+02 -1.564898719801084859e+01 5.030529429891684572e+02 -2.685906997701528098e+02 -2.479652100100836520e+01 5.005886296587058268e+02 -2.595430375518762958e+02 3.948982977597459580e+02 -3.088420687145710986e+02 -2.935530971032372349e+02 -1.310512862388157451e+01 -5.000000000000000000e+02 -3.000000000000000000e+02 -1.500000000000000000e+01
-6.000000000000000000e+02 -4.000000000000000000e+02 -1.500000000000000000e+01 5.013661314216126357e+02 -2.496496380743493830e+02 -6.388528265697416053e+00 5.249857028096266731e+02 -2.891658230522796202e+02 -7.544931935203178952e+00 5.001321058257801155e+02 -2.953476171643168300e+02 -1.375219777070007687e+01 5.042001453406475662e+02 -2.784651102752764018e+02 -1.685809866537730528e+01 5.123302246819947641e+02 -2.964364435540585987e+02 5.777328775838788033e+02 4.873332025589963905e+02 -2.031791477612907784e+02 -1.740887171490392404e+01 -5.000000000000000000e+02 -3.000000000000000000e+02 -1.500000000000000000e+01
-6.000000000000000000e+02 -4.000000000000000000e+02 -1.500000000000000000e+01 5.013661314216126357e+02 -2.496496380743493830e+02 -6.388528265697416053e+00 5.249857028096266731e+02 -2.891658230522796202e+02 -7.544931935203178952e+00 5.347448297662537016e+02 -2.953544397331003211e+02 1.427186313938682227e+00 5.042001453406475662e+02 -2.786994327253642609e+02 -1.685809866537730528e+01 5.113304194767209196e+02 -2.946385168981364586e+02 5.771971211986308390e+02 -3.910369663321272924e+02 -2.991186365827719555e+02 -9.840717570340654419e+00 -5.000000000000000000e+02 -3.000000000000000000e+02 -1.500000000000000000e+01
-6.000000000000000000e+02 -4.000000000000000000e+02 -1.500000000000000000e+01 5.013661314216126357e+02 -2.496496380743493830e+02 -6.388528265697416053e+00 5.237697619557054622e+02 -2.891658230522796202e+02 -7.544931935203178952e+00 5.143935263856233178e+02 -2.982627061903504000e+02 4.981066309504639662e+02 5.052402886212954627e+02 -2.778531297296127605e+02 -1.108695635515393718e+01 5.123302246819947641e+02 -2.964364435540585987e+02 5.777328775838788033e+02 -3.910369663321272924e+02 -2.991186365827719555e+02 -9.840717570340654419e+00 -5.000000000000000000e+02 -3.000000000000000000e+02 -1.500000000000000000e+01
-6.000000000000000000e+02 -4.000000000000000000e+02 -1.500000000000000000e+01 -3.189691955682176854e+02 -6.188881042988957688e+02 1.597094967872125792e+00 -3.386024714787487255e+02 -3.634060651397002744e+02 6.518357576052334679e+00 -2.876039205112571153e+02 -3.535928808028554045e+02 -2.549659191950339476e+01 -2.657101727737213537e+02 -2.626510546163506774e+02 -7.529680565107968278e+02 -2.566482741817339956e+02 -2.625725080187116305e+02 -6.240549020030613292e+01 -3.891197329827132876e+02 -2.811993073695444991e+02 7.413281668835741129e+02 -5.000000000000000000e+02 -3.000000000000000000e+02 -1.500000000000000000e+01
-6.000000000000000000e+02 -4.000000000000000000e+02 -1.500000000000000000e+01 5.803193001428843445e+02 1.034010576818043461e+02 -8.739845124573346169e+00 4.309820545741638966e+02 -2.308489866416490202e+02 -1.236266118943248316e+01 4.989807387163304497e+02 -3.662654230894166290e+02 -1.721200459424754925e+01 5.042001453406475662e+02 -2.692067299596299108e+02 -1.685809866537730528e+01 5.105960811941559996e+02 -2.951997016213946949e+02 5.786323552343295660e+02 1.019032769884017398e+03 -2.945732038126433281e+02 -5.070032647116780034e+00 -5.000000000000000000e+02 -3.000000000000000000e+02 -1.500000000000000000e+01
-6.000000000000000000e+02 -4.000000000000000000e+02 -1.500000000000000000e+01 -4.166271435321241938e+02 -3.724823975699261496e+02 6.405608421339186620e+00 -3.386024714787487255e+02 -3.634060651397002744e+02 6.518357576052334679e+00 4.035495757229519995e+02 -2.916902888782148011e+02 -1.759036355123064155e+01 5.052402886212954627e+02 -2.837767406619166195e+02 -2.163771681927157431e+01 5.113304194767209196e+02 -2.946385168981364586e+02 5.771971211986308390e+02 -3.910369663321272924e+02 -2.991186365827719555e+02 -9.840717570340654419e+00 -5.000000000000000000e+02 -3.000000000000000000e+02 -1.500000000000000000e+01
-6.000000000000000000e+02 -4.000000000000000000e+02 -1.500000000000000000e+01 -1.788370648701944674e+02 -1.751050453900013792e+02 -7.573387516885855320e+00 3.884240707929446899e+02 -2.308489866416490202e+02 -8.553114574318954055e+02 4.989807387163304497e+02 -3.662654230894166290e+02 -1.721200459424754925e+01 5.030318864086143549e+02 -2.706757576712863624e+02 -1.685809866537730528e+01 5.113304194767209196e+02 -2.946385168981364586e+02 5.771971211986308390e+02 4.520902522831318606e+02 -1.648755931599345672e+02 -1.287851410598621182e+00 -5.000000000000000000e+02 -3.000000000000000000e+02 -1.500000000000000000e+01
-6.000000000000000000e+02 -4.000000000000000000e+02 -1.500000000000000000e+01 5.013661314216126357e+02 -2.496496380743493830e+02 -6.388528265697416053e+00 5.249857028096266731e+02 -2.891658230522796202e+02 -7.544931935203178952e+00 5.143935263856233178e+02 -2.982627061903504000e+02 4.981066309504639662e+02 5.042001453406475662e+02 -2.692067299596299108e+02 -2.296522175518538234e+01 5.113304194767209196e+02 -2.946385168981364586e+02 5.771971211986308390e+02 -3.003622537489129058e+02 -2.935530971032372349e+02 -1.441752927063155987e+01 -5.000000000000000000e+02 -3.000000000000000000e+02 -1.500000000000000000e+01
-6.000000000000000000e+02 -4.000000000000000000e+02 -1.500000000000000000e+01 -4.166271435321241938e+02 -3.724823975699261496e+02 6.405608421339186620e+00 -3.386024714787487255e+02 -3.634060651397002744e+02 6.518357576052334679e+00 4.035495757229519995e+02 -2.812220878615516995e+02 -1.759036355123064155e+01 5.042001453406475662e+02 -2.692067299596299108e+02 -1.685809866537730528e+01 5.113304194767209196e+02 -2.946385168981364586e+02 5.771971211986308390e+02 -3.003622537489129058e+02 -2.935530971032372349e+02 -1.441752927063155987e+01 -5.000000000000000000e+02 -3.000000000000000000e+02 -1.500000000000000000e+01
-6.000000000000000000e+02 -4.000000000000000000e+02 -1.500000000000000000e+01 4.994182035165948150e+02 -2.921809858415397798e+02 -4.439198628994988098e+02 5.237697619557054622e+02 -2.891658230522796202e+02 -7.544931935203178952e+00 5.143935263856233178e+02 -2.982627061903504000e+02 4.981066309504639662e+02 5.052402886212954627e+02 -2.778531297296127605e+02 -1.108695635515393718e+01 -2.566482741817339956e+02 -2.625725080187116305e+02 -6.240549020030613292e+01 -3.891197329827132876e+02 -2.811993073695444991e+02 7.413281668835741129e+02 -5.000000000000000000e+02 -3.000000000000000000e+02 -1.500000000000000000e+01
-6.000000000000000000e+02 -4.000000000000000000e+02 -1.500000000000000000e+01 5.013661314216126357e+02 -2.496496380743493830e+02 -6.388528265697416053e+00 5.249857028096266731e+02 -2.891658230522796202e+02 -7.544931935203178952e+00 5.001321058257801155e+02 -2.953476171643168300e+02 -1.375219777070007687e+01 5.042001453406475662e+02 -2.784651102752764018e+02 -1.685809866537730528e+01 5.123302246819947641e+02 -2.964364435540585987e+02 5.777328775838788033e+02 4.526406489757298459e+02 -1.645329355464187699e+02 -3.668011210568458580e+00 -5.000000000000000000e+02 -3.000000000000000000e+02 -1.500000000000000000e+01
-6.000000000000000000e+02 -4.000000000000000000e+02 -1.500000000000000000e+01 5.803193001428843445e+02 1.034010576818043461e+02 -8.739845124573346169e+00 4.309820545741638966e+02 -2.308489866416490202e+02 -1.236266118943248316e+01 4.989807387163304497e+02 -3.662654230894166290e+02 -1.721200459424754925e+01 5.078261465764302329e+02 -1.779869857746461435e+02 -9.724350381906559093e-01 5.105960811941559996e+02 -2.951997016213946949e+02 5.786323552343295660e+02 1.019032769884017398e+03 -2.945732038126433281e+02 -5.070032647116780034e+00 -5.000000000000000000e+02 -3.000000000000000000e+02 -1.500000000000000000e+01
-6.000000000000000000e+02 -4.000000000000000000e+02 -1.500000000000000000e+01 4.976552752896448055e+02 -2.496496380743493830e+02 -6.388528265697416053e+00 5.249857028096266731e+02 -2.891658230522796202e+02 -7.544931935203178952e+00 5.347448297662537016e+02 -2.953544397331003211e+02 1.427186313938682227e+00 5.042001453406475662e+02 -2.692067299596299108e+02 -2.412397742151218694e+01 5.119187699291167633e+02 -2.946385168981364586e+02 5.769211992173978842e+02 4.873332025589963905e+02 -2.014337219339967078e+02 -1.740887171490392404e+01 -5.000000000000000000e+02 -3.000000000000000000e+02 -1.500000000000000000e+01
-6.000000000000000000e+02 -4.000000000000000000e+02 -1.500000000000000000e+01 5.013661314216126357e+02 -2.496496380743493830e+02 -6.388528265697416053e+00 5.249857028096266731e+02 -2.891658230522796202e+02 -7.939220426579516321e+00 5.001321058257801155e+02 -2.953476171643168300e+02 -1.375219777070007687e+01 5.042001453406475662e+02 -2.786994327253642609e+02 -1.685809866537730528e+01 5.123884190525500344e+02 -2.953334068456899786e+02 5.777328775838788033e+02 4.850587643934754851e+02 -2.071025792512708108e+02 -8.106849130521219138e+00 -5.000000000000000000e+02 -3.000000000000000000e+02 -1.500000000000000000e+01
-6.000000000000000000e+02 -4.000000000000000000e+02 -1.500000000000000000e+01 4.994182035165948150e+02 -2.921809858415397798e+02 -4.439198628994988098e+02 5.249857028096266731e+02 -2.930254246717307183e+02 -1.570237089477745052e+01 5.251828726895826094e+02 -2.953544397331003211e+02 1.427186313938682227e+00 5.042001453406475662e+02 -2.786994327253642609e+02 -1.685809866537730528e+01 5.123884190525500344e+02 -2.953334068456899786e+02 5.777328775838788033e+02 -3.910369663321272924e+02 -2.991186365827719555e+02 -9.840717570340654419e+00 -5.000000000000000000e+02 -3.000000000000000000e+02 -1.500000000000000000e+01
-6.000000000000000000e+02 -4.000000000000000000e+02 -1.500000000000000000e+01 5.013661314216126357e+02 -2.496496380743493830e+02 -6.388528265697416053e+00 5.237697619557054622e+02 -2.891658230522796202e+02 -7.544931935203178952e+00 5.143935263856233178e+02 -2.982627061903504000e+02 4.981066309504639662e+02 5.052402886212954627e+02 -2.778531297296127605e+02 -1.108695635515393718e+01 5.123302246819947641e+02 -2.964364435540585987e+02 5.777328775838788033e+02 -3.098334820884305145e+02 -2.982159055221856647e+02 -1.372499022304993588e+01 -5.000000000000000000e+02 -3.000000000000000000e+02 -1.500000000000000000e+01
-6.000000000000000000e+02 -4.000000000000000000e+02 -1.500000000000000000e+01 4.976552752896448055e+02 -2.496496380743493830e+02 -6.388528265697416053e+00 5.237697619557054622e+02 -2.891658230522796202e+02 -7.544931935203178952e+00 5.143935263856233178e+02 -2.982627061903504000e+02 4.981066309504639662e+02 5.052402886212954627e+02 -2.778531297296127605e+02 -1.108695635515393718e+01 5.123884190525500344e+02 -2.953334068456899786e+02 5.777328775838788033e+02 4.873332025589963905e+02 -2.071025792512708108e+02 -1.047126027312416774e+01 -5.000000000000000000e+02 -3.000000000000000000e+02 -1.500000000000000000e+01
-6.000000000000000000e+02 -4.000000000000000000e+02 -1.500000000000000000e+01 4.994182035165948150e+02 -2.921809858415397798e+02 -4.439198628994988098e+02 5.249857028096266731e+02 -2.930254246717307183e+02 -1.570237089477745052e+01 5.251828726895826094e+02 -2.953544397331003211e+02 1.427186313938682227e+00 5.052402886212954627e+02 -2.837767406619166195e+02 -2.163771681927157431e+01 5.105960811941559996e+02 -2.951997016213946949e+02 5.786323552343295660e+02 -3.910369663321272924e+02 -2.991186365827719555e+02 -9.840717570340654419e+00 -5.000000000000000000e+02 -3.000000000000000000e+02 -1.500000000000000000e+01
-6.000000000000000000e+02 -4.000000000000000000e+02 -1.500000000000000000e+01 5.775855276368550903e+02 1.034010576818043461e+02 -8.739845124573346169e+00 5.237697619557054622e+02 -2.891658230522796202e+02 -7.544931935203178952e+00 5.143935263856233178e+02 -2.982627061903504000e+02 4.981066309504639662e+02 5.052402886212954627e+02 -2.778531297296127605e+02 -1.108695635515393718e+01 3.813772615491510010e+02 -1.486734503130392966e+02 -1.213264811333585591e+01 4.060857221951341103e+02 -1.452088196101080086e+02 -3.058594558000648931e+02 -5.000000000000000000e+02 -3.000000000000000000e+02 -1.500000000000000000e+01
-6.000000000000000000e+02 -4.000000000000000000e+02 -1.500000000000000000e+01 5.013661314216126357e+02 -2.496496380743493830e+02 -6.388528265697416053e+00 5.249857028096266731e+02 -2.891658230522796202e+02 -7.544931935203178952e+00 5.001321058257801155e+02 -2.953476171643168300e+02 -1.375219777070007687e+01 5.042001453406475662e+02 -2.784651102752764018e+02 -1.685809866537730528e+01 5.123302246819947641e+02 -2.964364435540585987e+02 5.777328775838788033e+02 4.873332025589963905e+02 -2.071025792512708108e+02 -1.047126027312416774e+01 -5.000000000000000000e+02 -3.000000000000000000e+02 -1.500000000000000000e+01
-6.000000000000000000e+02 -4.000000000000000000e+02 -1.500000000000000000e+01 -1.788370648701944674e+02 -1.751050453900013792e+02 -7.573387516885855320e+00 3.884240707929446899e+02 -2.308489866416490202e+02 -8.553114574318954055e+02 4.989807387163304497e+02 -3.662654230894166290e+02 -1.721200459424754925e+01 5.042001453406475662e+02 -2.692067299596299108e+02 -1.685809866537730528e+01 5.119187699291167633e+02 -2.946385168981364586e+02 5.769211992173978842e+02 4.520902522831318606e+02 -1.648755931599345672e+02 -1.287851410598621182e+00 -5.000000000000000000e+02 -3.000000000000000000e+02 -1.500000000000000000e+01
-6.000000000000000000e+02 -4.000000000000000000e+02 -1.500000000000000000e+01 4.994182035165948150e+02 -2.921809858415397798e+02 -4.439198628994988098e+02 5.249857028096266731e+02 -2.930254246717307183e+02 -1.570237089477745052e+01 5.143935263856233178e+02 -2.982627061903504000e+02 4.981066309504639662e+02 5.052402886212954627e+02 -2.837767406619166195e+02 -2.163771681927157431e+01 5.121805264007842879e+02 -2.946385168981364586e+02 5.771971211986308390e+02 -3.003622537489129058e+02 -2.935530971032372349e+02 -1.441752927063155987e+01 -5.000000000000000000e+02 -3.000000000000000000e+02 -1.500000000000000000e+01
-6.000000000000000000e+02 -4.000000000000000000e+02 -1.500000000000000000e+01 4.994182035165948150e+02 -2.921809858415397798e+02 -4.439198628994988098e+02 5.249857028096266731e+02 -2.930254246717307183e+02 -1.570237089477745052e+01 5.143935263856233178e+02 -2.982627061903504000e+02 4.981066309504639662e+02 5.052402886212954627e+02 -2.778531297296127605e+02 -1.620155924398601854e+01 5.005886296587058268e+02 -2.534882495610963815e+02 3.948982977597459580e+02 -3.088420687145710986e+02 -2.935530971032372349e+02 -1.310512862388157451e+01 -5.000000000000000000e+02 -3.000000000000000000e+02 -1.500000000000000000e+01
-6.000000000000000000e+02 -4.000000000000000000e+02 -1.500000000000000000e+01 -4.166271435321241938e+02 -3.724823975699261496e+02 6.405608421339186620e+00 5.272019026561173405e+02 -2.849812177990054352e+02 -7.544931935203178952e+00 5.143935263856233178e+02 -2.982627061903504000e+02 5.041481782557616498e+02 5.052402886212954627e+02 -2.837767406619166195e+02 -2.163771681927157431e+01 5.116573478123318637e+02 -2.946385168981364586e+02 5.769211992173978842e+02 -3.910369663321272924e+02 -2.991186365827719555e+02 -6.270064395068528640e-01 -5.000000000000000000e+02 -3.000000000000000000e+02 -1.500000000000000000e+01
-6.000000000000000000e+02 -4.000000000000000000e+02 -1.500000000000000000e+01 -4.166271435321241938e+02 -3.724823975699261496e+02 6.405608421339186620e+00 -3.386024714787487255e+02 -3.634060651397002744e+02 6.518357576052334679e+00 5.143935263856233178e+02 -2.953544397331003211e+02 4.978701467873239608e+02 5.030318864086143549e+02 -2.653674292617074570e+02 -1.900872243658274385e+01 5.123884190525500344e+02 -2.953334068456899786e+02 5.777328775838788033e+02 -3.910369663321272924e+02 -2.991186365827719555e+02 -9.840717570340654419e+00 -5.000000000000000000e+02 -3.000000000000000000e+02 -1.500000000000000000e+01
-6.000000000000000000e+02 -4.000000000000000000e+02 -1.500000000000000000e+01 4.994182035165948150e+02 -2.921809858415397798e+02 -4.439198628994988098e+02 5.249857028096266731e+02 -2.930254246717307183e+02 -1.570237089477745052e+01 5.251828726895826094e+02 -2.953544397331003211e+02 1.427186313938682227e+00 5.052402886212954627e+02 -2.778531297296127605e+02 -1.108695635515393718e+01 -2.566482741817339956e+02 -2.625725080187116305e+02 -6.240549020030613292e+01 -3.891197329827132876e+02 -2.811993073695444991e+02 7.413281668835741129e+02 -5.000000000000000000e+02 -3.000000000000000000e+02 -1.500000000000000000e+01
-6.000000000000000000e+02 -4.000000000000000000e+02 -1.500000000000000000e+01 -4.166271435321241938e+02 -3.724823975699261496e+02 6.405608421339186620e+00 5.249857028096266731e+02 -2.891658230522796202e+02 -7.544931935203178952e+00 5.143935263856233178e+02 -2.982627061903504000e+02 4.981066309504639662e+02 5.052402886212954627e+02 -2.778531297296127605e+02 -1.620155924398601854e+01 5.123302246819947641e+02 -2.964364435540585987e+02 5.777328775838788033e+02 -3.098334820884305145e+02 -2.982159055221856647e+02 -1.372499022304993588e+01 -5.000000000000000000e+02 -3.000000000000000000e+02 -1.500000000000000000e+01
-6.000000000000000000e+02 -4.000000000000000000e+02 -1.500000000000000000e+01 5.013661314216126357e+02 -2.496496380743493830e+02 -6.388528265697416053e+00 5.249857028096266731e+02 -2.891658230522796202e+02 -7.544931935203178952e+00 5.143935263856233178e+02 -2.982627061903504000e+02 4.981066309504639662e+02 5.042001453406475662e+02 -2.692067299596299108e+02 -2.412397742151218694e+01 5.113304194767209196e+02 -2.946385168981364586e+02 5.771971211986308390e+02 -3.003622537489129058e+02 -2.935530971032372349e+02 -1.441752927063155987e+01 -5.000000000000000000e+02 -3.000000000000000000e+02 -1.500000000000000000e+01
-6.000000000000000000e+02 -4.000000000000000000e+02 -1.500000000000000000e+01 4.994182035165948150e+02 -2.921809858415397798e+02 -4.439198628994988098e+02 5.237697619557054622e+02 -2.891658230522796202e+02 -7.544931935203178952e+00 5.143935263856233178e+02 -2.982627061903504000e+02 4.981066309504639662e+02 5.052402886212954627e+02 -2.778531297296127605e+02 -1.620155924398601854e+01 -2.566482741817339956e+02 -2.625725080187116305e+02 -6.240549020030613292e+01 -3.891197329827132876e+02 -2.811993073695444991e+02 7.413281668835741129e+02 -5.000000000000000000e+02 -3.000000000000000000e+02 -1.500000000000000000e+01
-6.000000000000000000e+02 -4.000000000000000000e+02 -1.500000000000000000e+01 5.013661314216126357e+02 -2.496496380743493830e+02 -6.388528265697416053e+00 5.249857028096266731e+02 -2.891658230522796202e+02 -7.544931935203178952e+00 5.001321058257801155e+02 -2.953476171643168300e+02 -1.375219777070007687e+01 5.042001453406475662e+02 -2.786994327253642609e+02 -1.685809866537730528e+01 5.123884190525500344e+02 -2.953334068456899786e+02 5.777328775838788033e+02 4.873332025589963905e+02 -2.031791477612907784e+02 -1.740887171490392404e+01 -5.000000000000000000e+02 -3.000000000000000000e+02 -1.500000000000000000e+01
-6.000000000000000000e+02 -4.000000000000000000e+02 -1.500000000000000000e+01 -4.166271435321241938e+02 -3.724823975699261496e+02 6.405608421339186620e+00 -3.386024714787487255e+02 -3.634060651397002744e+02 6.518357576052334679e+00 4.035495757229519995e+02 -2.842710124955199262e+02 -1.652114846465098452e+01 5.030318864086143549e+02 -2.661070650537826054e+02 -1.685809866537730528e+01 5.113304194767209196e+02 -2.946385168981364586e+02 5.771971211986308390e+02 -3.003622537489129058e+02 -2.935530971032372349e+02 -1.441752927063155987e+01 -5.000000000000000000e+02 -3.000000000000000000e+02 -1.500000000000000000e+01
-6.000000000000000000e+02 -4.000000000000000000e+02 -1.500000000000000000e+01 -4.166271435321241938e+02 -3.724823975699261496e+02 6.405608421339186620e+00 -3.386024714787487255e+02 -3.634060651397002744e+02 6.518357576052334679e+00 4.035495757229519995e+02 -2.916902888782148011e+02 -1.759036355123064155e+01 5.052402886212954627e+02 -2.837767406619166195e+02 -2.163771681927157431e+01 5.113304194767209196e+02 -2.946385168981364586e+02 5.771971211986308390e+02 -3.003622537489129058e+02 -2.935530971032372349e+02 -1.441752927063155987e+01 -5.000000000000000000e+02 -3.000000000000000000e+02 -1.500000000000000000e+01
-6.000000000000000000e+02 -4.000000000000000000e+02 -1.500000000000000000e+01 -4.166271435321241938e+02 -3.724823975699261496e+02 6.405608421339186620e+00 5.272019026561173405e+02 -2.849812177990054352e+02 -7.544931935203178952e+00 5.143935263856233178e+02 -2.982627061903504000e+02 4.981066309504639662e+02 5.052402886212954627e+02 -2.778531297296127605e+02 -1.620155924398601854e+01 5.005886296587058268e+02 -2.534882495610963815e+02 3.948982977597459580e+02 -3.910369663321272924e+02 -2.991186365827719555e+02 -6.270064395068528640e-01 -5.000000000000000000e+02 -3.000000000000000000e+02 -1.500000000000000000e+01
-6.000000000000000000e+02 -4.000000000000000000e+02 -1.500000000000000000e+01 -4.166271435321241938e+02 -3.724823975699261496e+02 6.405608421339186620e+00 -3.386024714787487255e+02 -3.634060651397002744e+02 6.518357576052334679e+00 -2.864667857940654017e+02 -3.641230257235496310e+02 -1.819710814124314879e+01 -2.701776945106882408e+02 -2.588570821558025159e+02 -7.500829412540016392e+02 3.852583192533024317e+02 -1.486734503130392966e+02 -1.213264811333585591e+01 4.060857221951341103e+02 -1.452088196101080086e+02 -3.058594558000648931e+02 -5.000000000000000000e+02 -3.000000000000000000e+02 -1.500000000000000000e+01
-6.000000000000000000e+02 -4.000000000000000000e+02 -1.500000000000000000e+01 -4.141238553562012044e+02 -3.663098503975174935e+02 5.958951762844002076e+00 3.884240707929446899e+02 -2.308489866416490202e+02 -8.553114574318954055e+02 4.989807387163304497e+02 -3.662654230894166290e+02 -1.721200459424754925e+01 5.042001453406475662e+02 -2.692067299596299108e+02 -1.685809866537730528e+01 5.113304194767209196e+02 -2.946385168981364586e+02 5.771971211986308390e+02 4.873332025589963905e+02 -2.014337219339967078e+02 -1.740887171490392404e+01 -5.000000000000000000e+02 -3.000000000000000000e+02 -1.500000000000000000e+01
-6.000000000000000000e+02 -4.000000000000000000e+02 -1.500000000000000000e+01 5.013661314216126357e+02 -2.496496380743493830e+02 -6.388528265697416053e+00 5.237697619557054622e+02 -2.891658230522796202e+02 -7.544931935203178952e+00 5.143935263856233178e+02 -2.953544397331003211e+02 5.029968074599638612e+02 5.052402886212954627e+02 -2.778531297296127605e+02 -1.620155924398601854e+01 5.123302246819947641e+02 -2.964364435540585987e+02 5.777328775838788033e+02 -3.098334820884305145e+02 -2.982159055221856647e+02 -1.372499022304993588e+01 -5.000000000000000000e+02 -3.000000000000000000e+02 -1.500000000000000000e+01
-6.000000000000000000e+02 -4.000000000000000000e+02 -1.500000000000000000e+01 -4.166271435321241938e+02 -3.724823975699261496e+02 6.405608421339186620e+00 5.272019026561173405e+02 -2.849812177990054352e+02 -7.544931935203178952e+00 5.143935263856233178e+02 -2.982627061903504000e+02 4.981066309504639662e+02 5.052402886212954627e+02 -2.778531297296127605e+02 -1.620155924398601854e+01 5.005886296587058268e+02 -2.534882495610963815e+02 3.948982977597459580e+02 4.520902522831318606e+02 -1.612528416695518558e+02 6.354660199935882048e+00 -5.000000000000000000e+02 -3.000000000000000000e+02 -1.500000000000000000e+01
-6.000000000000000000e+02 -4.000000000000000000e+02 -1.500000000000000000e+01 -4.141238553562012044e+02 -3.587806214017122102e+02 6.405608421339186620e+00 -3.379319401591926635e+02 -3.451956875649393055e+02 4.340622935518470449e+00 1.159686929099548820e+02 -1.374848322469397885e+02 9.728040472995184018e+01 1.873186981760867411e+02 -1.141752920214062215e+02 -2.131474912856714354e+01 3.805451930963182008e+02 -1.484545248137467297e+02 -1.423360409065257848e+01 4.520902522831318606e+02 -1.612528416695518558e+02 6.354660199935882048e+00 -5.000000000000000000e+02 -3.000000000000000000e+02 -1.500000000000000000e+01
-6.000000000000000000e+02 -4.000000000000000000e+02 -1.500000000000000000e+01 4.994182035165948150e+02 -2.921809858415397798e+02 -4.439198628994988098e+02 5.249857028096266731e+02 -2.930254246717307183e+02 -1.570237089477745052e+01 5.251828726895826094e+02 -2.953544397331003211e+02 1.427186313938682227e+00 5.030318864086143549e+02 -2.706757576712863624e+02 -1.685809866537730528e+01 -2.566482741817339956e+02 -2.625725080187116305e+02 -6.240549020030613292e+01 -3.980810813506046770e+02 -2.854841950515012741e+02 -2.152913240410113644e+02 -5.000000000000000000e+02 -3.000000000000000000e+02 -1.500000000000000000e+01
-6.000000000000000000e+02 -4.000000000000000000e+02 -1.500000000000000000e+01 5.013661314216126357e+02 -2.496496380743493830e+02 -6.388528265697416053e+00 5.249857028096266731e+02 -2.891658230522796202e+02 -7.544931935203178952e+00 5.347448297662537016e+02 -2.953544397331003211e+02 1.427186313938682227e+00 5.042001453406475662e+02 -2.692067299596299108e+02 -1.685809866537730528e+01 5.113304194767209196e+02 -2.946385168981364586e+02 5.771971211986308390e+02 4.520902522831318606e+02 -1.648755931599345672e+02 -1.287851410598621182e+00 -5.000000000000000000e+02 -3.000000000000000000e+02 -1.500000000000000000e+01
-6.000000000000000000e+02 -4.000000000000000000e+02 -1.500000000000000000e+01 5.013661314216126357e+02 -2.496496380743493830e+02 -6.388528265697416053e+00 5.237697619557054622e+02 -2.891658230522796202e+02 -7.544931935203178952e+00 5.143935263856233178e+02 -2.982627061903504000e+02 4.981066309504639662e+02 5.052402886212954627e+02 -2.837767406619166195e+02 -2.163771681927157431e+01 5.083195014225790942e+02 -2.951997016213946949e+02 5.734928736103144047e+02 -3.910369663321272924e+02 -2.991186365827719555e+02 -9.840717570340654419e+00 -5.000000000000000000e+02 -3.000000000000000000e+02 -1.500000000000000000e+01
-6.000000000000000000e+02 -4.000000000000000000e+02 -1.500000000000000000e+01 5.013661314216126357e+02 -2.496496380743493830e+02 -6.388528265697416053e+00 5.237697619557054622e+02 -2.891658230522796202e+02 -7.544931935203178952e+00 5.143935263856233178e+02 -2.982627061903504000e+02 4.981066309504639662e+02 5.052402886212954627e+02 -2.837767406619166195e+02 -2.163771681927157431e+01 5.123302246819947641e+02 -2.964364435540585987e+02 5.777328775838788033e+02 -3.910369663321272924e+02 -2.991186365827719555e+02 -9.840717570340654419e+00 -5.000000000000000000e+02 -3.000000000000000000e+02 -1.500000000000000000e+01
-6.000000000000000000e+02 -4.000000000000000000e+02 -1.500000000000000000e+01 5.013661314216126357e+02 -2.496496380743493830e+02 -6.388528265697416053e+00 5.249857028096266731e+02 -2.891658230522796202e+02 -7.939220426579516321e+00 5.143935263856233178e+02 -2.982627061903504000e+02 4.981066309504639662e+02 5.052402886212954627e+02 -2.778531297296127605e+02 -1.620155924398601854e+01 5.005886296587058268e+02 -2.534882495610963815e+02 3.948982977597459580e+02 4.520902522831318606e+02 -1.612528416695518558e+02 6.354660199935882048e+00 -5.000000000000000000e+02 -3.000000000000000000e+02 -1.500000000000000000e+01
-6.000000000000000000e+02 -4.000000000000000000e+02 -1.500000000000000000e+01 -4.140326924441874326e+02 -3.557440061368600368e+02 3.966893122585764431e+00 -3.379319401591926635e+02 -3.451956875649393055e+02 4.340622935518470449e+00 1.159686929099548820e+02 -1.374848322469397885e+02 9.728040472995184018e+01 1.934104768484452848e+02 -1.141752920214062215e+02 -1.973402678849011949e+01 3.662861207538290387e+02 -1.486734503130392966e+02 4.641771249186150499e+02 4.060857221951341103e+02 -1.452088196101080086e+02 -3.058594558000648931e+02 -5.000000000000000000e+02 -3.000000000000000000e+02 -1.500000000000000000e+01
-6.000000000000000000e+02 -4.000000000000000000e+02 -1.500000000000000000e+01 -4.166271435321241938e+02 -3.724823975699261496e+02 6.405608421339186620e+00 -3.386024714787487255e+02 -3.634060651397002744e+02 6.518357576052334679e+00 4.314739379949197087e+02 -2.812220878615516995e+02 2.733244784220298698e+02 5.029409481947407698e+02 -2.763397604462828099e+02 -1.975602757613442506e+01 5.123884190525500344e+02 -2.953334068456899786e+02 5.744751634949592471e+02 -3.003622537489129058e+02 -2.935530971032372349e+02 -1.441752927063155987e+01 -5.000000000000000000e+02 -3.000000000000000000e+02 -1.500000000000000000e+01
-6.000000000000000000e+02 -4.000000000000000000e+02 -1.500000000000000000e+01 4.994182035165948150e+02 -2.921809858415397798e+02 -4.439198628994988098e+02 5.237697619557054622e+02 -2.891658230522796202e+02 -7.544931935203178952e+00 5.143935263856233178e+02 -2.982627061903504000e+02 4.981066309504639662e+02 5.052402886212954627e+02 -2.778531297296127605e+02 -1.620155924398601854e+01 5.005886296587058268e+02 -2.534882495610963815e+02 3.948982977597459580e+02 -3.003622537489129058e+02 -2.935530971032372349e+02 -1.441752927063155987e+01 -5.000000000000000000e+02 -3.000000000000000000e+02 -1.500000000000000000e+01
-6.000000000000000000e+02 -4.000000000000000000e+02 -1.500000000000000000e+01 5.013661314216126357e+02 -2.496496380743493830e+02 -6.388528265697416053e+00 5.237697619557054622e+02 -2.891658230522796202e+02 -7.544931935203178952e+00 5.251828726895826094e+02 -2.953544397331003211e+02 1.427186313938682227e+00 5.052402886212954627e+02 -2.837767406619166195e+02 -2.163771681927157431e+01 5.123884190525500344e+02 -2.953334068456899786e+02 5.777328775838788033e+02 -3.910369663321272924e+02 -2.991186365827719555e+02 -9.840717570340654419e+00 -5.000000000000000000e+02 -3.000000000000000000e+02 -1.500000000000000000e+01
-6.000000000000000000e+02 -4.000000000000000000e+02 -1.500000000000000000e+01 -4.166271435321241938e+02 -3.724823975699261496e+02 6.405608421339186620e+00 -3.386024714787487255e+02 -3.634060651397002744e+02 6.518357576052334679e+00 4.035495757229519995e+02 -2.916902888782148011e+02 -1.759036355123064155e+01 5.052402886212954627e+02 -2.837767406619166195e+02 -2.163771681927157431e+01 5.123302246819947641e+02 -2.964364435540585987e+02 5.777328775838788033e+02 -3.098334820884305145e+02 -2.982159055221856647e+02 -1.372499022304993588e+01 -5.000000000000000000e+02 -3.000000000000000000e+02 -1.500000000000000000e+01
-6.000000000000000000e+02 -4.000000000000000000e+02 -1.500000000000000000e+01 4.994182035165948150e+02 -2.921809858415397798e+02 -4.439198628994988098e+02 5.249857028096266731e+02 -2.930254246717307183e+02 -1.570237089477745052e+01 5.251828726895826094e+02 -2.953544397331003211e+02 1.427186313938682227e+00 5.030318864086143549e+02 -2.653674292617074570e+02 -1.900872243658274385e+01 4.984956211592628961e+02 -2.953334068456899786e+02 5.821880761113773133e+02 -3.910369663321272924e+02 -2.991186365827719555e+02 -9.840717570340654419e+00 -5.000000000000000000e+02 -3.000000000000000000e+02 -1.500000000000000000e+01
-6.000000000000000000e+02 -4.000000000000000000e+02 -1.500000000000000000e+01 4.976552752896448055e+02 -2.496496380743493830e+02 -6.388528265697416053e+00 5.249857028096266731e+02 -2.891658230522796202e+02 -7.544931935203178952e+00 5.143935263856233178e+02 -2.982627061903504000e+02 4.981066309504639662e+02 5.052402886212954627e+02 -2.837767406619166195e+02 -2.163771681927157431e+01 5.113304194767209196e+02 -2.946385168981364586e+02 5.771971211986308390e+02 -3.098334820884305145e+02 -2.982159055221856647e+02 -1.372499022304993588e+01 -5.000000000000000000e+02 -3.000000000000000000e+02 -1.500000000000000000e+01
-6.000000000000000000e+02 -4.000000000000000000e+02 -1.500000000000000000e+01 5.013661314216126357e+02 -2.496496380743493830e+02 -6.388528265697416053e+00 5.237697619557054622e+02 -2.891658230522796202e+02 -7.544931935203178952e+00 5.143935263856233178e+02 -2.982627061903504000e+02 4.981066309504639662e+02 5.052402886212954627e+02 -2.837767406619166195e+02 -2.163771681927157431e+01 5.113304194767209196e+02 -2.946385168981364586e+02 5.771971211986308390e+02 4.873332025589963905e+02 -2.031791477612907784e+02 -1.740887171490392404e+01 -5.000000000000000000e+02 -3.000000000000000000e+02 -1.500000000000000000e+01
-6.000000000000000000e+02 -4.000000000000000000e+02 -1.500000000000000000e+01 -4.252597304364646220e+02 -9.517773640213315502e+02 3.826969669734475019e+02 2.429311185644997693e+02 -1.606219660495294761e+02 -4.318370321445112268e+02 5.143935263856233178e+02 -2.982627061903504000e+02 4.981066309504639662e+02 5.030318864086143549e+02 -2.706757576712863624e+02 -1.685809866537730528e+01 3.852583192533024317e+02 -1.486734503130392966e+02 -1.213264811333585591e+01 4.060857221951341103e+02 -1.452088196101080086e+02 -3.058594558000648931e+02 -5.000000000000000000e+02 -3.000000000000000000e+02 -1.500000000000000000e+01
-6.000000000000000000e+02 -4.000000000000000000e+02 -1.500000000000000000e+01 5.013661314216126357e+02 -2.496496380743493830e+02 -6.388528265697416053e+00 5.237697619557054622e+02 -2.891658230522796202e+02 -7.544931935203178952e+00 5.347448297662537016e+02 -2.953544397331003211e+02 1.427186313938682227e+00 5.042001453406475662e+02 -2.692067299596299108e+02 -1.685809866537730528e+01 5.113304194767209196e+02 -2.946385168981364586e+02 5.771971211986308390e+02 4.520902522831318606e+02 -1.648755931599345672e+02 -1.287851410598621182e+00 -5.000000000000000000e+02 -3.000000000000000000e+02 -1.500000000000000000e+01
-6.000000000000000000e+02 -4.000000000000000000e+02 -1.500000000000000000e+01 -1.788370648701944674e+02 -1.751050453900013792e+02 -7.573387516885855320e+00 3.884240707929446899e+02 -2.308489866416490202e+02 -8.553114574318954055e+02 4.833990174096993542e+02 -1.981233993424429798e+02 -5.339997855547535366e+00 5.042001453406475662e+02 -2.692067299596299108e+02 -2.412397742151218694e+01 5.119187699291167633e+02 -2.946385168981364586e+02 5.769211992173978842e+02 4.520902522831318606e+02 -1.648755931599345672e+02 -1.287851410598621182e+00 -5.000000000000000000e+02 -3.000000000000000000e+02 -1.500000000000000000e+01
-6.000000000000000000e+02 -4.000000000000000000e+02 -1.500000000000000000e+01 5.803193001428843445e+02 1.034010576818043461e+02 -8.739845124573346169e+00 4.309820545741638966e+02 -2.308489866416490202e+02 -1.236266118943248316e+01 4.989807387163304497e+02 -3.662654230894166290e+02 -1.721200459424754925e+01 5.042001453406475662e+02 -2.692067299596299108e+02 -1.685809866537730528e+01 5.123884190525500344e+02 -2.953334068456899786e+02 5.787621048052553760e+02 4.873332025589963905e+02 -2.071025792512708108e+02 -1.047126027312416774e+01 -5.000000000000000000e+02 -3.000000000000000000e+02 -1.500000000000000000e+01
-6.000000000000000000e+02 -4.000000000000000000e+02 -1.500000000000000000e+01 5.013661314216126357e+02 -2.496496380743493830e+02 -6.388528265697416053e+00 5.237697619557054622e+02 -2.891658230522796202e+02 -7.544931935203178952e+00 5.143935263856233178e+02 -2.982627061903504000e+02 4.981066309504639662e+02 5.052402886212954627e+02 -2.778531297296127605e+02 -1.620155924398601854e+01 5.123884190525500344e+02 -2.953334068456899786e+02 5.777328775838788033e+02 -3.910369663321272924e+02 -2.991186365827719555e+02 -9.840717570340654419e+00 -5.000000000000000000e+02 -3.000000000000000000e+02 -1.500000000000000000e+01
-6.000000000000000000e+02 -4.000000000000000000e+02 -1.500000000000000000e+01 -4.045310594438186627e+02 -3.653028802833289319e+02 1.422969054320369509e+01 -3.379319401591926635e+02 -3.451956875649393055e+02 4.340622935518470449e+00 1.159686929099548820e+02 -1.374848322469397885e+02 9.728040472995184018e+01 1.873186981760867411e+02 -1.141752920214062215e+02 -2.131474912856714354e+01 3.811430250611733754e+02 -1.462771155294840923e+02 2.557733439925589778e+02 3.989799077554029054e+02 -1.466998098511308513e+02 4.627046517290827055e+00 -5.000000000000000000e+02 -3.000000000000000000e+02 -1.500000000000000000e+01
-6.000000000000000000e+02 -4.000000000000000000e+02 -1.500000000000000000e+01 5.013661314216126357e+02 -2.496496380743493830e+02 -6.388528265697416053e+00 5.249857028096266731e+02 -2.891658230522796202e+02 -7.544931935203178952e+00 5.001321058257801155e+02 -2.953476171643168300e+02 -1.375219777070007687e+01 5.042001453406475662e+02 -2.786994327253642609e+02 -1.685809866537730528e+01 5.123302246819947641e+02 -2.964364435540585987e+02 5.777328775838788033e+02 -3.098334820884305145e+02 -2.982159055221856647e+02 -1.372499022304993588e+01 -5.000000000000000000e+02 -3.000000000000000000e+02 -1.500000000000000000e+01
-6.000000000000000000e+02 -4.000000000000000000e+02 -1.500000000000000000e+01 5.013661314216126357e+02 -2.496496380743493830e+02 -6.388528265697416053e+00 5.237697619557054622e+02 -2.891658230522796202e+02 -7.544931935203178952e+00 5.143935263856233178e+02 -2.982627061903504000e+02 4.981066309504639662e+02 5.052402886212954627e+02 -2.778531297296127605e+02 -1.620155924398601854e+01 5.113304194767209196e+02 -2.946385168981364586e+02 5.771971211986308390e+02 -3.910369663321272924e+02 -2.991186365827719555e+02 -9.840717570340654419e+00 -5.000000000000000000e+02 -3.000000000000000000e+02 -1.500000000000000000e+01
-6.000000000000000000e+02 -4.000000000000000000e+02 -1.500000000000000000e+01 5.775855276368550903e+02 1.034010576818043461e+02 -8.739845124573346169e+00 4.309820545741638966e+02 -2.308489866416490202e+02 -1.236266118943248316e+01 4.989807387163304497e+02 -3.662654230894166290e+02 -1.721200459424754925e+01 5.031560277320977548e+02 -2.686203835214319042e+02 -1.439333451855286228e+01 5.105960811941559996e+02 -2.951997016213946949e+02 5.786323552343295660e+02 1.019032769884017398e+03 -2.945732038126433281e+02 -5.070032647116780034e+00 -5.000000000000000000e+02 -3.000000000000000000e+02 -1.500000000000000000e+01
-6.000000000000000000e+02 -4.000000000000000000e+02 -1.500000000000000000e+01 5.013661314216126357e+02 -2.496496380743493830e+02 -6.388528265697416053e+00 5.237697619557054622e+02 -2.891658230522796202e+02 -7.544931935203178952e+00 5.143935263856233178e+02 -2.982627061903504000e+02 4.981066309504639662e+02 5.052402886212954627e+02 -2.837767406619166195e+02 -2.163771681927157431e+01 5.113304194767209196e+02 -2.946385168981364586e+02 5.771971211986308390e+02 -3.003622537489129058e+02 -2.935530971032372349e+02 -1.441752927063155987e+01 -5.000000000000000000e+02 -3.000000000000000000e+02 -1.500000000000000000e+01
-6.000000000000000000e+02 -4.000000000000000000e+02 -1.500000000000000000e+01 -4.141238553562012044e+02 -3.663098503975174935e+02 5.958951762844002076e+00 5.272019026561173405e+02 -2.849812177990054352e+02 -7.544931935203178952e+00 5.143935263856233178e+02 -2.982627061903504000e+02 5.041481782557616498e+02 5.052402886212954627e+02 -2.837767406619166195e+02 -2.163771681927157431e+01 5.113304194767209196e+02 -2.946385168981364586e+02 5.771971211986308390e+02 -3.098334820884305145e+02 -2.982159055221856647e+02 -1.372499022304993588e+01 -5.000000000000000000e+02 -3.000000000000000000e+02 -1.500000000000000000e+01
-6.000000000000000000e+02 -4.000000000000000000e+02 -1.500000000000000000e+01 5.013661314216126357e+02 -2.496496380743493830e+02 -2.332940516466005754e+00 5.249857028096266731e+02 -2.891658230522796202e+02 -7.939220426579516321e+00 5.001321058257801155e+02 -2.953476171643168300e+02 -1.375219777070007687e+01 5.042001453406475662e+02 -2.786994327253642609e+02 -1.685809866537730528e+01 5.123884190525500344e+02 -2.953334068456899786e+02 5.777328775838788033e+02 4.873332025589963905e+02 -2.071025792512708108e+02 -1.047126027312416774e+01 -5.000000000000000000e+02 -3.000000000000000000e+02 -1.500000000000000000e+01
-6.000000000000000000e+02 -4.000000000000000000e+02 -1.500000000000000000e+01 -4.166271435321241938e+02 -3.724823975699261496e+02 6.405608421339186620e+00 -3.386024714787487255e+02 -3.634060651397002744e+02 6.518357576052334679e+00 4.035495757229519995e+02 -2.916902888782148011e+02 -1.759036355123064155e+01 5.030529429891684572e+02 -2.685906997701528098e+02 -2.479652100100836520e+01 5.113304194767209196e+02 -2.946385168981364586e+02 5.771971211986308390e+02 -3.003622537489129058e+02 -2.935530971032372349e+02 -1.441752927063155987e+01 -5.000000000000000000e+02 -3.000000000000000000e+02 -1.500000000000000000e+01
-6.000000000000000000e+02 -4.000000000000000000e+02 -1.500000000000000000e+01 5.013661314216126357e+02 -2.496496380743493830e+02 -6.388528265697416053e+00 5.237697619557054622e+02 -2.891658230522796202e+02 -7.544931935203178952e+00 5.143935263856233178e+02 -2.982627061903504000e+02 4.981066309504639662e+02 5.052402886212954627e+02 -2.778531297296127605e+02 -1.620155924398601854e+01 5.005886296587058268e+02 -2.534882495610963815e+02 3.948982977597459580e+02 -3.003622537489129058e+02 -2.935530971032372349e+02 -1.441752927063155987e+01 -5.000000000000000000e+02 -3.000000000000000000e+02 -1.500000000000000000e+01
-6.000000000000000000e+02 -4.000000000000000000e+02 -1.500000000000000000e+01 5.013661314216126357e+02 -2.496496380743493830e+02 -6.388528265697416053e+00 5.237697619557054622e+02 -2.891658230522796202e+02 -7.544931935203178952e+00 5.143935263856233178e+02 -2.982627061903504000e+02 4.981066309504639662e+02 5.052402886212954627e+02 -2.837767406619166195e+02 -2.163771681927157431e+01 5.123884190525500344e+02 -2.953334068456899786e+02 5.777328775838788033e+02 4.873332025589963905e+02 -2.071025792512708108e+02 -1.047126027312416774e+01 -5.000000000000000000e+02 -3.000000000000000000e+02 -1.500000000000000000e+01
-6.000000000000000000e+02 -4.000000000000000000e+02 -1.500000000000000000e+01 5.013661314216126357e+02 -2.496496380743493830e+02 -6.388528265697416053e+00 5.272019026561173405e+02 -2.849812177990054352e+02 -7.544931935203178952e+00 5.143935263856233178e+02 -2.953544397331003211e+02 5.029968074599638612e+02 5.052402886212954627e+02 -2.837767406619166195e+02 -2.163771681927157431e+01 5.123302246819947641e+02 -2.964364435540585987e+02 5.777328775838788033e+02 -3.098334820884305145e+02 -2.982159055221856647e+02 -1.372499022304993588e+01 -5.000000000000000000e+02 -3.000000000000000000e+02 -1.500000000000000000e+01
-6.000000000000000000e+02 -4.000000000000000000e+02 -1.500000000000000000e+01 -4.166271435321241938e+02 -3.724823975699261496e+02 6.405608421339186620e+00 -3.379319401591926635e+02 -3.451956875649393055e+02 4.340622935518470449e+00 -2.965017617155645553e+02 -3.371394905856731157e+02 -1.853490491223467629e+01 -2.679550348781561411e+02 -2.626510546163506774e+02 -7.557830789004090093e+02 -2.659920959449632392e+02 -2.603754789370072444e+02 -7.486705338284610889e+01 -3.891197329827132876e+02 -2.811993073695444991e+02 7.413281668835741129e+02 -5.000000000000000000e+02 -3.000000000000000000e+02 -1.500000000000000000e+01
-6.000000000000000000e+02 -4.000000000000000000e+02 -1.500000000000000000e+01 5.803193001428843445e+02 1.034010576818043461e+02 -8.739845124573346169e+00 4.309820545741638966e+02 -2.308489866416490202e+02 -1.236266118943248316e+01 4.989807387163304497e+02 -3.662654230894166290e+02 -1.721200459424754925e+01 5.042001453406475662e+02 -2.692067299596299108e+02 -2.412397742151218694e+01 5.116573478123318637e+02 -2.946385168981364586e+02 5.769211992173978842e+02 4.520902522831318606e+02 -1.648755931599345672e+02 -1.287851410598621182e+00 -5.000000000000000000e+02 -3.000000000000000000e+02 -1.500000000000000000e+01
-6.000000000000000000e+02 -4.000000000000000000e+02 -1.500000000000000000e+01 5.775855276368550903e+02 1.034010576818043461e+02 -8.739845124573346169e+00 5.249857028096266731e+02 -2.891658230522796202e+02 -7.544931935203178952e+00 5.143935263856233178e+02 -2.982627061903504000e+02 4.981066309504639662e+02 5.052402886212954627e+02 -2.778531297296127605e+02 -1.620155924398601854e+01 5.005886296587058268e+02 -2.534882495610963815e+02 3.948982977597459580e+02 4.873332025589963905e+02 -2.071025792512708108e+02 -1.047126027312416774e+01 -5.000000000000000000e+02 -3.000000000000000000e+02 -1.500000000000000000e+01
-6.000000000000000000e+02 -4.000000000000000000e+02 -1.500000000000000000e+01 2.531864026873696787e+02 -3.022178912886710691e+02 2.448523723228817950e+00 5.286255221361965368e+02 -2.878023163806749380e+02 -1.097271446486162816e+01 4.828956399433241131e+02 -1.936253880653886768e+02 -5.339997855547535366e+00 5.042001453406475662e+02 -2.692067299596299108e+02 -1.685809866537730528e+01 5.116573478123318637e+02 -2.946385168981364586e+02 5.769211992173978842e+02 4.520902522831318606e+02 -1.648755931599345672e+02 -1.287851410598621182e+00 -5.000000000000000000e+02 -3.000000000000000000e+02 -1.500000000000000000e+01
-6.000000000000000000e+02 -4.000000000000000000e+02 -1.500000000000000000e+01 2.531864026873696787e+02 -3.022178912886710691e+02 2.448523723228817950e+00 5.286255221361965368e+02 -2.878023163806749380e+02 -1.097271446486162816e+01 4.833990174096993542e+02 -1.980868308657274781e+02 -5.339997855547535366e+00 5.042001453406475662e+02 -2.692067299596299108e+02 -2.412397742151218694e+01 5.119187699291167633e+02 -2.946385168981364586e+02 5.769211992173978842e+02 4.520902522831318606e+02 -1.648755931599345672e+02 -1.287851410598621182e+00 -5.000000000000000000e+02 -3.000000000000000000e+02 -1.500000000000000000e+01
-6.000000000000000000e+02 -4.000000000000000000e+02 -1.500000000000000000e+01 -4.141238553562012044e+02 -3.587806214017122102e+02 6.405608421339186620e+00 -3.379319401591926635e+02 -3.451956875649393055e+02 4.340622935518470449e+00 5.143935263856233178e+02 -2.982627061903504000e+02 4.981066309504639662e+02 5.052402886212954627e+02 -2.778531297296127605e+02 -1.620155924398601854e+01 5.123302246819947641e+02 -2.964364435540585987e+02 5.777328775838788033e+02 -3.098334820884305145e+02 -2.982159055221856647e+02 -1.372499022304993588e+01 -5.000000000000000000e+02 -3.000000000000000000e+02 -1.500000000000000000e+01
-6.000000000000000000e+02 -4.000000000000000000e+02 -1.500000000000000000e+01 -4.141238553562012044e+02 -3.663098503975174935e+02 5.958951762844002076e+00 3.884240707929446899e+02 -2.308489866416490202e+02 -8.553114574318954055e+02 4.989807387163304497e+02 -3.662654230894166290e+02 -1.721200459424754925e+01 5.030318864086143549e+02 -2.706757576712863624e+02 -1.685809866537730528e+01 5.116573478123318637e+02 -2.946385168981364586e+02 5.769211992173978842e+02 4.520902522831318606e+02 -1.648755931599345672e+02 -1.287851410598621182e+00 -5.000000000000000000e+02 -3.000000000000000000e+02 -1.500000000000000000e+01
-6.000000000000000000e+02 -4.000000000000000000e+02 -1.500000000000000000e+01 4.994182035165948150e+02 -2.921809858415397798e+02 -4.439198628994988098e+02 5.249857028096266731e+02 -2.930254246717307183e+02 -1.570237089477745052e+01 5.251828726895826094e+02 -2.953544397331003211e+02 1.427186313938682227e+00 5.052402886212954627e+02 -2.837767406619166195e+02 -2.163771681927157431e+01 5.121805264007842879e+02 -2.946385168981364586e+02 5.771971211986308390e+02 -3.910369663321272924e+02 -2.991186365827719555e+02 -6.270064395068528640e-01 -5.000000000000000000e+02 -3.000000000000000000e+02 -1.500000000000000000e+01
-6.000000000000000000e+02 -4.000000000000000000e+02 -1.500000000000000000e+01 5.013661314216126357e+02 -2.496496380743493830e+02 -6.388528265697416053e+00 5.237697619557054622e+02 -2.891658230522796202e+02 -7.544931935203178952e+00 5.143935263856233178e+02 -2.982627061903504000e+02 4.981066309504639662e+02 5.052402886212954627e+02 -2.778531297296127605e+02 -1.620155924398601854e+01 5.113304194767209196e+02 -2.946385168981364586e+02 5.771971211986308390e+02 4.873332025589963905e+02 -2.031791477612907784e+02 -1.740887171490392404e+01 -5.000000000000000000e+02 -3.000000000000000000e+02 -1.500000000000000000e+01
-6.000000000000000000e+02 -4.000000000000000000e+02 -1.500000000000000000e+01 4.994182035165948150e+02 -2.921809858415397798e+02 -4.439198628994988098e+02 5.249857028096266731e+02 -2.930254246717307183e+02 -1.570237089477745052e+01 5.143935263856233178e+02 -2.982627061903504000e+02 4.981066309504639662e+02 5.052402886212954627e+02 -2.837767406619166195e+02 -2.163771681927157431e+01 5.113304194767209196e+02 -2.946385168981364586e+02 5.771971211986308390e+02 -3.003622537489129058e+02 -2.935530971032372349e+02 -1.441752927063155987e+01 -5.000000000000000000e+02 -3.000000000000000000e+02 -1.500000000000000000e+01
-6.000000000000000000e+02 -4.000000000000000000e+02 -1.500000000000000000e+01 5.803193001428843445e+02 1.034010576818043461e+02 -8.739845124573346169e+00 4.309820545741638966e+02 -2.308489866416490202e+02 -1.236266118943248316e+01 4.989807387163304497e+02 -3.662654230894166290e+02 -1.721200459424754925e+01 5.042001453406475662e+02 -2.692067299596299108e+02 -2.412397742151218694e+01 5.113304194767209196e+02 -2.946385168981364586e+02 5.771971211986308390e+02 4.520902522831318606e+02 -1.648755931599345672e+02 -1.287851410598621182e+00 -5.000000000000000000e+02 -3.000000000000000000e+02 -1.500000000000000000e+01
-6.000000000000000000e+02 -4.000000000000000000e+02 -1.500000000000000000e+01 5.013661314216126357e+02 -2.496496380743493830e+02 -6.388528265697416053e+00 5.237697619557054622e+02 -2.891658230522796202e+02 -7.544931935203178952e+00 5.143935263856233178e+02 -2.982627061903504000e+02 4.981066309504639662e+02 5.052402886212954627e+02 -2.837767406619166195e+02 -2.163771681927157431e+01 5.123302246819947641e+02 -2.964364435540585987e+02 5.777328775838788033e+02 4.520902522831318606e+02 -1.612528416695518558e+02 6.354660199935882048e+00 -5.000000000000000000e+02 -3.000000000000000000e+02 -1.500000000000000000e+01
-6.000000000000000000e+02 -4.000000000000000000e+02 -1.500000000000000000e+01 5.013661314216126357e+02 -2.496496380743493830e+02 -6.388528265697416053e+00 5.249857028096266731e+02 -2.891658230522796202e+02 -7.544931935203178952e+00 5.347448297662537016e+02 -2.953544397331003211e+02 1.427186313938682227e+00 5.042001453406475662e+02 -2.786994327253642609e+02 -1.685809866537730528e+01 5.123302246819947641e+02 -2.964364435540585987e+02 5.777328775838788033e+02 -3.098334820884305145e+02 -2.982159055221856647e+02 -1.372499022304993588e+01 -5.000000000000000000e+02 -3.000000000000000000e+02 -1.500000000000000000e+01
-6.000000000000000000e+02 -4.000000000000000000e+02 -1.500000000000000000e+01 2.531864026873696787e+02 -3.022178912886710691e+02 2.448523723228817950e+00 5.286255221361965368e+02 -2.878023163806749380e+02 -1.097271446486162816e+01 4.828956399433241131e+02 -1.936253880653886768e+02 -5.339997855547535366e+00 5.042001453406475662e+02 -2.692067299596299108e+02 -1.685809866537730528e+01 5.113304194767209196e+02 -2.946385168981364586e+02 5.771971211986308390e+02 4.520902522831318606e+02 -1.648755931599345672e+02 -1.287851410598621182e+00 -5.000000000000000000e+02 -3.000000000000000000e+02 -1.500000000000000000e+01
-6.000000000000000000e+02 -4.000000000000000000e+02 -1.500000000000000000e+01 5.013661314216126357e+02 -2.496496380743493830e+02 -6.388528265697416053e+00 5.272019026561173405e+02 -2.849812177990054352e+02 -7.544931935203178952e+00 5.143935263856233178e+02 -2.953544397331003211e+02 5.029968074599638612e+02 5.052402886212954627e+02 -2.837767406619166195e+02 -2.163771681927157431e+01 5.119887895401973879e+02 -2.946385168981364586e+02 5.771971211986308390e+02 -3.003622537489129058e+02 -2.935530971032372349e+02 -1.441752927063155987e+01 -5.000000000000000000e+02 -3.000000000000000000e+02 -1.500000000000000000e+01
-6.000000000000000000e+02 -4.000000000000000000e+02 -1.500000000000000000e+01 4.994182035165948150e+02 -2.921809858415397798e+02 -4.439198628994988098e+02 5.237697619557054622e+02 -2.891658230522796202e+02 -7.544931935203178952e+00 5.143935263856233178e+02 -2.982627061903504000e+02 4.981066309504639662e+02 5.052402886212954627e+02 -2.778531297296127605e+02 -1.108695635515393718e+01 5.005886296587058268e+02 -2.534882495610963815e+02 3.948982977597459580e+02 -3.003622537489129058e+02 -2.935530971032372349e+02 -1.441752927063155987e+01 -5.000000000000000000e+02 -3.000000000000000000e+02 -1.500000000000000000e+01
-6.000000000000000000e+02 -4.000000000000000000e+02 -1.500000000000000000e+01 5.013661314216126357e+02 -2.496496380743493830e+02 -6.388528265697416053e+00 5.237697619557054622e+02 -2.891658230522796202e+02 -7.544931935203178952e+00 5.143935263856233178e+02 -2.982627061903504000e+02 4.981066309504639662e+02 5.052402886212954627e+02 -2.778531297296127605e+02 -1.620155924398601854e+01 5.123302246819947641e+02 -2.964364435540585987e+02 5.777328775838788033e+02 4.873332025589963905e+02 -2.031791477612907784e+02 -1.740887171490392404e+01 -5.000000000000000000e+02 -3.000000000000000000e+02 -1.500000000000000000e+01
-6.000000000000000000e+02 -4.000000000000000000e+02 -1.500000000000000000e+01 5.803193001428843445e+02 1.034010576818043461e+02 -8.739845124573346169e+00 4.309820545741638966e+02 -2.308489866416490202e+02 -1.236266118943248316e+01 4.989807387163304497e+02 -3.662654230894166290e+02 -1.721200459424754925e+01 5.030318864086143549e+02 -2.706757576712863624e+02 -1.685809866537730528e+01 5.105960811941559996e+02 -2.951997016213946949e+02 5.786323552343295660e+02 1.019032769884017398e+03 -2.945732038126433281e+02 -5.070032647116780034e+00 -5.000000000000000000e+02 -3.000000000000000000e+02 -1.500000000000000000e+01
-6.000000000000000000e+02 -4.000000000000000000e+02 -1.500000000000000000e+01 5.013661314216126357e+02 -2.496496380743493830e+02 -6.388528265697416053e+00 5.272019026561173405e+02 -2.849812177990054352e+02 -7.544931935203178952e+00 5.143935263856233178e+02 -2.953544397331003211e+02 5.029968074599638612e+02 5.052402886212954627e+02 -2.778531297296127605e+02 -1.620155924398601854e+01 5.123302246819947641e+02 -2.964364435540585987e+02 5.777328775838788033e+02 -3.098334820884305145e+02 -2.982159055221856647e+02 -1.372499022304993588e+01 -5.000000000000000000e+02 -3.000000000000000000e+02 -1.500000000000000000e+01
-6.000000000000000000e+02 -4.000000000000000000e+02 -1.500000000000000000e+01 5.775855276368550903e+02 1.034010576818043461e+02 -8.739845124573346169e+00 4.309820545741638966e+02 -2.308489866416490202e+02 -1.236266118943248316e+01 4.989807387163304497e+02 -3.662654230894166290e+02 -1.721200459424754925e+01 5.031560277320977548e+02 -2.686203835214319042e+02 -1.439333451855286228e+01 5.105960811941559996e+02 -2.951997016213946949e+02 5.734928736103144047e+02 1.019032769884017398e+03 -2.945732038126433281e+02 -5.070032647116780034e+00 -5.000000000000000000e+02 -3.000000000000000000e+02 -1.500000000000000000e+01
-6.000000000000000000e+02 -4.000000000000000000e+02 -1.500000000000000000e+01 -4.166271435321241938e+02 -3.724823975699261496e+02 6.405608421339186620e+00 5.272019026561173405e+02 -2.849812177990054352e+02 -7.544931935203178952e+00 5.143935263856233178e+02 -2.982627061903504000e+02 4.981066309504639662e+02 5.052402886212954627e+02 -2.778531297296127605e+02 -1.620155924398601854e+01 5.005886296587058268e+02 -2.534882495610963815e+02 3.948982977597459580e+02 -3.910369663321272924e+02 -2.991186365827719555e+02 -9.840717570340654419e+00 -5.000000000000000000e+02 -3.000000000000000000e+02 -1.500000000000000000e+01
-6.000000000000000000e+02 -4.000000000000000000e+02 -1.500000000000000000e+01 5.013661314216126357e+02 -2.496496380743493830e+02 -6.388528265697416053e+00 5.249857028096266731e+02 -2.891658230522796202e+02 -7.544931935203178952e+00 5.347448297662537016e+02 -2.953544397331003211e+02 1.427186313938682227e+00 5.042001453406475662e+02 -2.786994327253642609e+02 -1.685809866537730528e+01 5.123302246819947641e+02 -2.964364435540585987e+02 5.777328775838788033e+02 -3.910369663321272924e+02 -2.991186365827719555e+02 -9.840717570340654419e+00 -5.000000000000000000e+02 -3.000000000000000000e+02 -1.500000000000000000e+01
-6.000000000000000000e+02 -4.000000000000000000e+02 -1.500000000000000000e+01 -4.166271435321241938e+02 -3.724823975699261496e+02 6.405608421339186620e+00 -3.386024714787487255e+02 -3.634060651397002744e+02 6.518357576052334679e+00 4.035495757229519995e+02 -2.916902888782148011e+02 -1.759036355123064155e+01 5.052402886212954627e+02 -2.837767406619166195e+02 -2.163771681927157431e+01 5.119887895401973879e+02 -2.946385168981364586e+02 5.771971211986308390e+02 -3.098334820884305145e+02 -2.982159055221856647e+02 -1.372499022304993588e+01 -5.000000000000000000e+02 -3.000000000000000000e+02 -1.500000000000000000e+01
-6.000000000000000000e+02 -4.000000000000000000e+02 -1.500000000000000000e+01 -4.252597304364646220e+02 -9.517773640213315502e+02 3.826969669734475019e+02 5.237697619557054622e+02 -2.891658230522796202e+02 -7.544931935203178952e+00 5.143935263856233178e+02 -2.982627061903504000e+02 4.981066309504639662e+02 5.052402886212954627e+02 -2.778531297296127605e+02 -1.620155924398601854e+01 3.813772615491510010e+02 -1.486734503130392966e+02 -1.213264811333585591e+01 4.090852863094649479e+02 -1.452088196101080086e+02 -3.154764578963936970e+02 -5.000000000000000000e+02 -3.000000000000000000e+02 -1.500000000000000000e+01
-6.000000000000000000e+02 -4.000000000000000000e+02 -1.500000000000000000e+01 -4.166271435321241938e+02 -3.724823975699261496e+02 6.405608421339186620e+00 5.237697619557054622e+02 -2.891658230522796202e+02 -7.544931935203178952e+00 5.143935263856233178e+02 -2.982627061903504000e+02 4.981066309504639662e+02 5.052402886212954627e+02 -2.778531297296127605e+02 -1.620155924398601854e+01 5.113304194767209196e+02 -2.946385168981364586e+02 5.771971211986308390e+02 -3.910369663321272924e+02 -2.991186365827719555e+02 -9.840717570340654419e+00 -5.000000000000000000e+02 -3.000000000000000000e+02 -1.500000000000000000e+01
-6.000000000000000000e+02 -4.000000000000000000e+02 -1.500000000000000000e+01 -4.252597304364646220e+02 -9.517773640213315502e+02 3.826969669734475019e+02 2.429311185644997693e+02 -1.606219660495294761e+02 -4.318370321445112268e+02 4.833990174096993542e+02 -1.980868308657274781e+02 -5.339997855547535366e+00 5.042001453406475662e+02 -2.692067299596299108e+02 -2.412397742151218694e+01 5.119187699291167633e+02 -2.946385168981364586e+02 5.769211992173978842e+02 4.520902522831318606e+02 -1.648755931599345672e+02 -1.287851410598621182e+00 -5.000000000000000000e+02 -3.000000000000000000e+02 -1.500000000000000000e+01
-6.000000000000000000e+02 -4.000000000000000000e+02 -1.500000000000000000e+01 5.013661314216126357e+02 -2.496496380743493830e+02 -6.388528265697416053e+00 5.237697619557054622e+02 -2.891658230522796202e+02 -7.544931935203178952e+00 5.143935263856233178e+02 -2.982627061903504000e+02 4.981066309504639662e+02 5.052402886212954627e+02 -2.837767406619166195e+02 -2.163771681927157431e+01 5.105960811941559996e+02 -2.951997016213946949e+02 5.734928736103144047e+02 -3.910369663321272924e+02 -2.991186365827719555e+02 -9.840717570340654419e+00 -5.000000000000000000e+02 -3.000000000000000000e+02 -1.500000000000000000e+01
-6.000000000000000000e+02 -4.000000000000000000e+02 -1.500000000000000000e+01 5.013661314216126357e+02 -2.496496380743493830e+02 -6.388528265697416053e+00 5.272019026561173405e+02 -2.849812177990054352e+02 -7.544931935203178952e+00 5.143935263856233178e+02 -2.953544397331003211e+02 5.029968074599638612e+02 5.052402886212954627e+02 -2.778531297296127605e+02 -1.108695635515393718e+01 5.123302246819947641e+02 -2.964364435540585987e+02 5.777328775838788033e+02 -3.910369663321272924e+02 -2.991186365827719555e+02 -9.840717570340654419e+00 -5.000000000000000000e+02 -3.000000000000000000e+02 -1.500000000000000000e+01
-6.000000000000000000e+02 -4.000000000000000000e+02 -1.500000000000000000e+01 4.994182035165948150e+02 -2.921809858415397798e+02 -4.439198628994988098e+02 5.249857028096266731e+02 -2.891658230522796202e+02 -7.544931935203178952e+00 5.143935263856233178e+02 -2.982627061903504000e+02 4.981066309504639662e+02 5.052402886212954627e+02 -2.837767406619166195e+02 -2.163771681927157431e+01 -2.566482741817339956e+02 -2.625725080187116305e+02 -6.240549020030613292e+01 -3.891197329827132876e+02 -2.811993073695444991e+02 7.413281668835741129e+02 -5.000000000000000000e+02 -3.000000000000000000e+02 -1.500000000000000000e+01
-6.000000000000000000e+02 -4.000000000000000000e+02 -1.500000000000000000e+01 5.013661314216126357e+02 -2.496496380743493830e+02 -6.388528265697416053e+00 5.272019026561173405e+02 -2.849812177990054352e+02 -7.544931935203178952e+00 5.143935263856233178e+02 -2.953544397331003211e+02 5.029968074599638612e+02 5.030529429891684572e+02 -2.685906997701528098e+02 -2.479652100100836520e+01 5.123884190525500344e+02 -2.953334068456899786e+02 5.777328775838788033e+02 -3.910369663321272924e+02 -2.991186365827719555e+02 -9.840717570340654419e+00 -5.000000000000000000e+02 -3.000000000000000000e+02 -1.500000000000000000e+01
-6.000000000000000000e+02 -4.000000000000000000e+02 -1.500000000000000000e+01 -4.166271435321241938e+02 -3.724823975699261496e+02 6.405608421339186620e+00 -3.386024714787487255e+02 -3.634060651397002744e+02 6.518357576052334679e+00 4.035495757229519995e+02 -2.916902888782148011e+02 -1.759036355123064155e+01 5.030529429891684572e+02 -2.685906997701528098e+02 -2.479652100100836520e+01 5.005886296587058268e+02 -2.534882495610963815e+02 3.948982977597459580e+02 -3.003622537489129058e+02 -2.935530971032372349e+02 -1.441752927063155987e+01 -5.000000000000000000e+02 -3.000000000000000000e+02 -1.500000000000000000e+01
-6.000000000000000000e+02 -4.000000000000000000e+02 -1.500000000000000000e+01 -4.045310594438186627e+02 -3.653028802833289319e+02 1.422969054320369509e+01 -3.251243537688314973e+02 -3.526073819499259230e+02 3.987383194664706920e+00 3.947521591614055865e+02 -2.916902888782148011e+02 -3.172655845489932958e+01 5.013998531288611389e+02 -2.679108037429013507e+02 -2.479652100100836520e+01 5.005886296587058268e+02 -2.534882495610963815e+02 3.948982977597459580e+02 -3.088420687145710986e+02 -2.935530971032372349e+02 -1.310512862388157451e+01 -5.000000000000000000e+02 -3.000000000000000000e+02 -1.500000000000000000e+01
-6.000000000000000000e+02 -4.000000000000000000e+02 -1.500000000000000000e+01 5.638972773775237783e+02 1.052713538814252274e+02 -3.233425905777242093e+00 5.272019026561173405e+02 -2.849812177990054352e+02 -7.544931935203178952e+00 4.833990174096993542e+02 -1.980868308657274781e+02 -5.339997855547535366e+00 5.042001453406475662e+02 -2.692067299596299108e+02 -1.685809866537730528e+01 5.119187699291167633e+02 -2.946385168981364586e+02 5.769211992173978842e+02 4.526406489757298459e+02 -1.647461261063231461e+02 -1.332489171534139150e+00 -5.000000000000000000e+02 -3.000000000000000000e+02 -1.500000000000000000e+01
-6.000000000000000000e+02 -4.000000000000000000e+02 -1.500000000000000000e+01 5.013661314216126357e+02 -2.496496380743493830e+02 -6.388528265697416053e+00 5.249857028096266731e+02 -2.891658230522796202e+02 -7.544931935203178952e+00 5.347448297662537016e+02 -2.953544397331003211e+02 1.427186313938682227e+00 5.042001453406475662e+02 -2.784651102752764018e+02 -1.685809866537730528e+01 5.123884190525500344e+02 -2.953334068456899786e+02 5.777328775838788033e+02 4.850587643934754851e+02 -2.071025792512708108e+02 -8.106849130521219138e+00 -5.000000000000000000e+02 -3.000000000000000000e+02 -1.500000000000000000e+01
-6.000000000000000000e+02 -4.000000000000000000e+02 -1.500000000000000000e+01 5.013661314216126357e+02 -2.496496380743493830e+02 -6.388528265697416053e+00 5.237697619557054622e+02 -2.891658230522796202e+02 -7.544931935203178952e+00 5.143935263856233178e+02 -2.982627061903504000e+02 4.981066309504639662e+02 5.052402886212954627e+02 -2.837767406619166195e+02 -2.163771681927157431e+01 5.113304194767209196e+02 -2.946385168981364586e+02 5.771971211986308390e+02 -3.910369663321272924e+02 -2.991186365827719555e+02 -9.840717570340654419e+00 -5.000000000000000000e+02 -3.000000000000000000e+02 -1.500000000000000000e+01
-6.000000000000000000e+02 -4.000000000000000000e+02 -1.500000000000000000e+01 -1.788370648701944674e+02 -1.751050453900013792e+02 -7.573387516885855320e+00 3.913187895288875779e+02 -2.308489866416490202e+02 -8.553114574318954055e+02 4.828956399433241131e+02 -1.936253880653886768e+02 -5.339997855547535366e+00 5.042001453406475662e+02 -2.692067299596299108e+02 -1.685809866537730528e+01 5.119187699291167633e+02 -2.946385168981364586e+02 5.769211992173978842e+02 4.520902522831318606e+02 -1.612528416695518558e+02 6.354660199935882048e+00 -5.000000000000000000e+02 -3.000000000000000000e+02 -1.500000000000000000e+01
-6.000000000000000000e+02 -4.000000000000000000e+02 -1.500000000000000000e+01 5.013661314216126357e+02 -2.496496380743493830e+02 -6.388528265697416053e+00 5.237697619557054622e+02 -2.891658230522796202e+02 -7.544931935203178952e+00 5.143935263856233178e+02 -2.982627061903504000e+02 4.981066309504639662e+02 5.052402886212954627e+02 -2.837767406619166195e+02 -2.163771681927157431e+01 3.852583192533024317e+02 -1.486734503130392966e+02 -1.213264811333585591e+01 4.060857221951341103e+02 -1.452088196101080086e+02 -3.058594558000648931e+02 -5.000000000000000000e+02 -3.000000000000000000e+02 -1.500000000000000000e+01
-6.000000000000000000e+02 -4.000000000000000000e+02 -1.500000000000000000e+01 -4.166271435321241938e+02 -3.724823975699261496e+02 6.405608421339186620e+00 -3.386024714787487255e+02 -3.634060651397002744e+02 6.518357576052334679e+00 4.035495757229519995e+02 -2.842710124955199262e+02 -1.652114846465098452e+01 5.042001453406475662e+02 -2.771254129796598136e+02 -1.685809866537730528e+01 5.113304194767209196e+02 -2.946385168981364586e+02 5.771971211986308390e+02 -3.910369663321272924e+02 -2.991186365827719555e+02 -9.840717570340654419e+00 -5.000000000000000000e+02 -3.000000000000000000e+02 -1.500000000000000000e+01
-6.000000000000000000e+02 -4.000000000000000000e+02 -1.500000000000000000e+01 5.013661314216126357e+02 -2.496496380743493830e+02 -6.388528265697416053e+00 5.272019026561173405e+02 -2.849812177990054352e+02 -7.544931935203178952e+00 5.143935263856233178e+02 -2.953544397331003211e+02 5.029968074599638612e+02 5.052402886212954627e+02 -2.778531297296127605e+02 -1.108695635515393718e+01 5.113304194767209196e+02 -2.946385168981364586e+02 5.771971211986308390e+02 -3.910369663321272924e+02 -2.991186365827719555e+02 -9.840717570340654419e+00 -5.000000000000000000e+02 -3.000000000000000000e+02 -1.500000000000000000e+01
-6.000000000000000000e+02 -4.000000000000000000e+02 -1.500000000000000000e+01 -4.166271435321241938e+02 -3.724823975699261496e+02 6.405608421339186620e+00 5.237697619557054622e+02 -2.891658230522796202e+02 -7.544931935203178952e+00 5.143935263856233178e+02 -2.982627061903504000e+02 4.981066309504639662e+02 5.052402886212954627e+02 -2.778531297296127605e+02 -1.108695635515393718e+01 5.123302246819947641e+02 -2.964364435540585987e+02 5.777328775838788033e+02 -3.910369663321272924e+02 -2.991186365827719555e+02 -9.840717570340654419e+00 -5.000000000000000000e+02 -3.000000000000000000e+02 -1.500000000000000000e+01
-6.000000000000000000e+02 -4.000000000000000000e+02 -1.500000000000000000e+01 5.013661314216126357e+02 -2.496496380743493830e+02 -6.388528265697416053e+00 5.237697619557054622e+02 -2.891658230522796202e+02 -7.544931935203178952e+00 5.143935263856233178e+02 -2.982627061903504000e+02 4.981066309504639662e+02 5.052402886212954627e+02 -2.778531297296127605e+02 -1.620155924398601854e+01 5.123884190525500344e+02 -2.953334068456899786e+02 5.777328775838788033e+02 4.520902522831318606e+02 -1.612528416695518558e+02 6.354660199935882048e+00 -5.000000000000000000e+02 -3.000000000000000000e+02 -1.500000000000000000e+01
-6.000000000000000000e+02 -4.000000000000000000e+02 -1.500000000000000000e+01 -4.166271435321241938e+02 -3.724823975699261496e+02 6.405608421339186620e+00 5.249857028096266731e+02 -2.891658230522796202e+02 -7.544931935203178952e+00 5.143935263856233178e+02 -2.982627061903504000e+02 4.981066309504639662e+02 5.052402886212954627e+02 -2.778531297296127605e+02 -1.108695635515393718e+01 5.123302246819947641e+02 -2.964364435540585987e+02 5.777328775838788033e+02 -3.098334820884305145e+02 -2.982159055221856647e+02 -1.372499022304993588e+01 -5.000000000000000000e+02 -3.000000000000000000e+02 -1.500000000000000000e+01
-6.000000000000000000e+02 -4.000000000000000000e+02 -1.500000000000000000e+01 5.803193001428843445e+02 1.034010576818043461e+02 -8.739845124573346169e+00 5.237697619557054622e+02 -2.891658230522796202e+02 -7.544931935203178952e+00 5.143935263856233178e+02 -2.982627061903504000e+02 4.981066309504639662e+02 5.052402886212954627e+02 -2.778531297296127605e+02 -1.620155924398601854e+01 5.005886296587058268e+02 -2.534882495610963815e+02 3.948982977597459580e+02 4.526406489757298459e+02 -1.647461261063231461e+02 -1.332489171534139150e+00 -5.000000000000000000e+02 -3.000000000000000000e+02 -1.500000000000000000e+01
-6.000000000000000000e+02 -4.000000000000000000e+02 -1.500000000000000000e+01 5.013661314216126357e+02 -2.496496380743493830e+02 -6.388528265697416053e+00 5.272019026561173405e+02 -2.849812177990054352e+02 -7.544931935203178952e+00 5.143935263856233178e+02 -2.953544397331003211e+02 5.029968074599638612e+02 5.052402886212954627e+02 -2.778531297296127605e+02 -1.108695635515393718e+01 5.123884190525500344e+02 -2.953334068456899786e+02 5.777328775838788033e+02 4.873332025589963905e+02 -2.071025792512708108e+02 -1.047126027312416774e+01 -5.000000000000000000e+02 -3.000000000000000000e+02 -1.500000000000000000e+01
-6.000000000000000000e+02 -4.000000000000000000e+02 -1.500000000000000000e+01 5.013661314216126357e+02 -2.496496380743493830e+02 -6.388528265697416053e+00 5.272019026561173405e+02 -2.849812177990054352e+02 -7.544931935203178952e+00 5.143935263856233178e+02 -2.953544397331003211e+02 5.029968074599638612e+02 5.052402886212954627e+02 -2.778531297296127605e+02 -1.108695635515393718e+01 5.123884190525500344e+02 -2.953334068456899786e+02 5.777328775838788033e+02 -3.910369663321272924e+02 -2.991186365827719555e+02 -9.840717570340654419e+00 -5.000000000000000000e+02 -3.000000000000000000e+02 -1.500000000000000000e+01
-6.000000000000000000e+02 -4.000000000000000000e+02 -1.500000000000000000e+01 5.013661314216126357e+02 -2.496496380743493830e+02 -2.332940516466005754e+00 5.272019026561173405e+02 -2.849812177990054352e+02 -7.544931935203178952e+00 5.143935263856233178e+02 -2.982627061903504000e+02 5.041481782557616498e+02 5.052402886212954627e+02 -2.837767406619166195e+02 -2.163771681927157431e+01 5.113304194767209196e+02 -2.946385168981364586e+02 5.771971211986308390e+02 4.873332025589963905e+02 -2.071025792512708108e+02 -1.047126027312416774e+01 -5.000000000000000000e+02 -3.000000000000000000e+02 -1.500000000000000000e+01
-6.000000000000000000e+02 -4.000000000000000000e+02 -1.500000000000000000e+01 -4.045310594438186627e+02 -3.653028802833289319e+02 1.422969054320369509e+01 3.093318724501895076e+02 -2.308489866416490202e+02 -1.363920776610960317e+01 4.989807387163304497e+02 -3.662654230894166290e+02 -1.721200459424754925e+01 5.042001453406475662e+02 -2.692067299596299108e+02 -2.412397742151218694e+01 5.116573478123318637e+02 -2.946385168981364586e+02 5.769211992173978842e+02 4.520902522831318606e+02 -1.648755931599345672e+02 -1.287851410598621182e+00 -5.000000000000000000e+02 -3.000000000000000000e+02 -1.500000000000000000e+01
-6.000000000000000000e+02 -4.000000000000000000e+02 -1.500000000000000000e+01 5.013661314216126357e+02 -2.496496380743493830e+02 -6.388528265697416053e+00 5.237697619557054622e+02 -2.891658230522796202e+02 -7.544931935203178952e+00 5.143935263856233178e+02 -2.982627061903504000e+02 4.981066309504639662e+02 5.052402886212954627e+02 -2.837767406619166195e+02 -2.163771681927157431e+01 5.121805264007842879e+02 -2.946385168981364586e+02 5.771971211986308390e+02 4.873332025589963905e+02 -2.014337219339967078e+02 -1.740887171490392404e+01 -5.000000000000000000e+02 -3.000000000000000000e+02 -1.500000000000000000e+01
-6.000000000000000000e+02 -4.000000000000000000e+02 -1.500000000000000000e+01 2.531864026873696787e+02 -3.022178912886710691e+02 2.448523723228817950e+00 5.237697619557054622e+02 -2.891658230522796202e+02 -7.544931935203178952e+00 5.143935263856233178e+02 -2.982627061903504000e+02 4.981066309504639662e+02 5.052402886212954627e+02 -2.837767406619166195e+02 -2.163771681927157431e+01 5.083195014225790942e+02 -2.951997016213946949e+02 5.734928736103144047e+02 -3.910369663321272924e+02 -2.991186365827719555e+02 -9.840717570340654419e+00 -5.000000000000000000e+02 -3.000000000000000000e+02 -1.500000000000000000e+01
-6.000000000000000000e+02 -4.000000000000000000e+02 -1.500000000000000000e+01 5.013661314216126357e+02 -2.496496380743493830e+02 -6.388528265697416053e+00 5.249857028096266731e+02 -2.891658230522796202e+02 -7.544931935203178952e+00 5.001321058257801155e+02 -2.953476171643168300e+02 -1.375219777070007687e+01 5.042001453406475662e+02 -2.786994327253642609e+02 -1.685809866537730528e+01 5.113304194767209196e+02 -2.946385168981364586e+02 5.771971211986308390e+02 4.873332025589963905e+02 -2.014337219339967078e+02 -1.740887171490392404e+01 -5.000000000000000000e+02 -3.000000000000000000e+02 -1.500000000000000000e+01
-6.000000000000000000e+02 -4.000000000000000000e+02 -1.500000000000000000e+01 -4.045310594438186627e+02 -3.653028802833289319e+02 1.422969054320369509e+01 3.093318724501895076e+02 -2.308489866416490202e+02 -1.252991317535676075e+01 4.989807387163304497e+02 -3.662654230894166290e+02 -1.721200459424754925e+01 5.042001453406475662e+02 -2.692067299596299108e+02 -1.685809866537730528e+01 5.119187699291167633e+02 -2.946385168981364586e+02 5.769211992173978842e+02 4.520902522831318606e+02 -1.612528416695518558e+02 6.354660199935882048e+00 -5.000000000000000000e+02 -3.000000000000000000e+02 -1.500000000000000000e+01
-6.000000000000000000e+02 -4.000000000000000000e+02 -1.500000000000000000e+01 5.013661314216126357e+02 -2.496496380743493830e+02 -6.388528265697416053e+00 5.249857028096266731e+02 -2.891658230522796202e+02 -7.544931935203178952e+00 5.251828726895826094e+02 -2.953544397331003211e+02 1.427186313938682227e+00 5.052402886212954627e+02 -2.837767406619166195e+02 -2.163771681927157431e+01 5.105960811941559996e+02 -2.951997016213946949e+02 5.734928736103144047e+02 -3.910369663321272924e+02 -2.991186365827719555e+02 -9.840717570340654419e+00 -5.000000000000000000e+02 -3.000000000000000000e+02 -1.500000000000000000e+01
-6.000000000000000000e+02 -4.000000000000000000e+02 -1.500000000000000000e+01 -4.166271435321241938e+02 -3.724823975699261496e+02 6.405608421339186620e+00 -3.386024714787487255e+02 -3.634060651397002744e+02 6.518357576052334679e+00 5.143935263856233178e+02 -2.982627061903504000e+02 4.981066309504639662e+02 5.052402886212954627e+02 -2.778531297296127605e+02 -1.108695635515393718e+01 5.005886296587058268e+02 -2.534882495610963815e+02 3.948982977597459580e+02 -3.003622537489129058e+02 -2.935530971032372349e+02 -1.441752927063155987e+01 -5.000000000000000000e+02 -3.000000000000000000e+02 -1.500000000000000000e+01
-6.000000000000000000e+02 -4.000000000000000000e+02 -1.500000000000000000e+01 5.013661314216126357e+02 -2.496496380743493830e+02 -6.388528265697416053e+00 5.237697619557054622e+02 -2.891658230522796202e+02 -7.544931935203178952e+00 5.143935263856233178e+02 -2.982627061903504000e+02 4.981066309504639662e+02 5.052402886212954627e+02 -2.778531297296127605e+02 -1.108695635515393718e+01 5.123302246819947641e+02 -2.964364435540585987e+02 5.777328775838788033e+02 4.873332025589963905e+02 -2.031791477612907784e+02 -1.740887171490392404e+01 -5.000000000000000000e+02 -3.000000000000000000e+02 -1.500000000000000000e+01
-6.000000000000000000e+02 -4.000000000000000000e+02 -1.500000000000000000e+01 2.531864026873696787e+02 -3.022178912886710691e+02 2.448523723228817950e+00 5.272019026561173405e+02 -2.849812177990054352e+02 -7.544931935203178952e+00 5.143935263856233178e+02 -2.953544397331003211e+02 5.029968074599638612e+02 5.052402886212954627e+02 -2.778531297296127605e+02 -1.108695635515393718e+01 5.005886296587058268e+02 -2.534882495610963815e+02 3.948982977597459580e+02 -3.003622537489129058e+02 -2.935530971032372349e+02 -1.441752927063155987e+01 -5.000000000000000000e+02 -3.000000000000000000e+02 -1.500000000000000000e+01
-6.000000000000000000e+02 -4.000000000000000000e+02 -1.500000000000000000e+01 -4.252597304364646220e+02 -9.517773640213315502e+02 3.826969669734475019e+02 2.429311185644997693e+02 -1.606219660495294761e+02 -4.318370321445112268e+02 5.143935263856233178e+02 -2.982627061903504000e+02 4.981066309504639662e+02 5.052402886212954627e+02 -2.778531297296127605e+02 -1.620155924398601854e+01 5.005886296587058268e+02 -2.534882495610963815e+02 3.948982977597459580e+02 4.526406489757298459e+02 -1.647461261063231461e+02 -1.332489171534139150e+00 -5.000000000000000000e+02 -3.000000000000000000e+02 -1.500000000000000000e+01
-6.000000000000000000e+02 -4.000000000000000000e+02 -1.500000000000000000e+01 -4.166271435321241938e+02 -3.724823975699261496e+02 6.405608421339186620e+00 -3.386024714787487255e+02 -3.634060651397002744e+02 6.518357576052334679e+00 4.035495757229519995e+02 -2.842710124955199262e+02 -1.652114846465098452e+01 5.030609733014975404e+02 -2.726577454567880636e+02 -2.623644555600968786e+01 5.113304194767209196e+02 -2.946385168981364586e+02 5.771971211986308390e+02 -3.003622537489129058e+02 -2.935530971032372349e+02 -1.441752927063155987e+01 -5.000000000000000000e+02 -3.000000000000000000e+02 -1.500000000000000000e+01
-6.000000000000000000e+02 -4.000000000000000000e+02 -1.500000000000000000e+01 5.013661314216126357e+02 -2.496496380743493830e+02 -6.388528265697416053e+00 5.237697619557054622e+02 -2.891658230522796202e+02 -7.544931935203178952e+00 5.143935263856233178e+02 -2.982627061903504000e+02 4.981066309504639662e+02 5.052402886212954627e+02 -2.778531297296127605e+02 -1.620155924398601854e+01 5.113304194767209196e+02 -2.946385168981364586e+02 5.771971211986308390e+02 -3.003622537489129058e+02 -2.935530971032372349e+02 -1.441752927063155987e+01 -5.000000000000000000e+02 -3.000000000000000000e+02 -1.500000000000000000e+01
-6.000000000000000000e+02 -4.000000000000000000e+02 -1.500000000000000000e+01 5.013661314216126357e+02 -2.496496380743493830e+02 -6.388528265697416053e+00 5.272019026561173405e+02 -2.849812177990054352e+02 -7.544931935203178952e+00 5.143935263856233178e+02 -2.953544397331003211e+02 5.029968074599638612e+02 5.052402886212954627e+02 -2.837767406619166195e+02 -2.163771681927157431e+01 5.123884190525500344e+02 -2.953334068456899786e+02 5.777328775838788033e+02 -3.910369663321272924e+02 -2.991186365827719555e+02 -9.840717570340654419e+00 -5.000000000000000000e+02 -3.000000000000000000e+02 -1.500000000000000000e+01
-6.000000000000000000e+02 -4.000000000000000000e+02 -1.500000000000000000e+01 -4.252597304364646220e+02 -9.517773640213315502e+02 3.826969669734475019e+02 5.237697619557054622e+02 -2.891658230522796202e+02 -7.544931935203178952e+00 5.143935263856233178e+02 -2.982627061903504000e+02 4.981066309504639662e+02 5.052402886212954627e+02 -2.778531297296127605e+02 -1.620155924398601854e+01 3.813772615491510010e+02 -1.486734503130392966e+02 -1.213264811333585591e+01 4.060857221951341103e+02 -1.452088196101080086e+02 -3.058594558000648931e+02 -5.000000000000000000e+02 -3.000000000000000000e+02 -1.500000000000000000e+01
-6.000000000000000000e+02 -4.000000000000000000e+02 -1.500000000000000000e+01 -1.788370648701944674e+02 -1.751050453900013792e+02 -7.573387516885855320e+00 3.884240707929446899e+02 -2.308489866416490202e+02 -8.553114574318954055e+02 4.989807387163304497e+02 -3.662654230894166290e+02 -1.721200459424754925e+01 5.030318864086143549e+02 -2.706757576712863624e+02 -1.685809866537730528e+01 5.119187699291167633e+02 -2.946385168981364586e+02 5.769211992173978842e+02 4.520902522831318606e+02 -1.648755931599345672e+02 -1.287851410598621182e+00 -5.000000000000000000e+02 -3.000000000000000000e+02 -1.500000000000000000e+01
-6.000000000000000000e+02 -4.000000000000000000e+02 -1.500000000000000000e+01 -2.381121109725532961e+02 -6.322935024594994502e+02 1.712422859430547817e+02 -3.386024714787487255e+02 -3.634060651397002744e+02 6.518357576052334679e+00 -2.876039205112571153e+02 -3.535928808028554045e+02 -2.549659191950339476e+01 -2.657101727737213537e+02 -2.626510546163506774e+02 -7.529680565107968278e+02 -2.566482741817339956e+02 -2.625725080187116305e+02 -6.240549020030613292e+01 -3.950235524325471488e+02 -2.891330380743783053e+02 -2.102420821056273326e+01 -5.000000000000000000e+02 -3.000000000000000000e+02 -1.500000000000000000e+01
-6.000000000000000000e+02 -4.000000000000000000e+02 -1.500000000000000000e+01 -4.166271435321241938e+02 -3.724823975699261496e+02 6.405608421339186620e+00 -3.386024714787487255e+02 -3.634060651397002744e+02 6.518357576052334679e+00 5.143935263856233178e+02 -2.982627061903504000e+02 4.981066309504639662e+02 5.052402886212954627e+02 -2.778531297296127605e+02 -1.620155924398601854e+01 5.123302246819947641e+02 -2.964364435540585987e+02 5.777328775838788033e+02 -3.002779459069506629e+02 -2.935530971032372349e+02 -1.441752927063155987e+01 -5.000000000000000000e+02 -3.000000000000000000e+02 -1.500000000000000000e+01
-6.000000000000000000e+02 -4.000000000000000000e+02 -1.500000000000000000e+01 5.013661314216126357e+02 -2.496496380743493830e+02 -6.388528265697416053e+00 5.237697619557054622e+02 -2.891658230522796202e+02 -7.544931935203178952e+00 5.143935263856233178e+02 -2.982627061903504000e+02 4.981066309504639662e+02 5.052402886212954627e+02 -2.778531297296127605e+02 -1.620155924398601854e+01 -2.566482741817339956e+02 -2.625725080187116305e+02 -6.240549020030613292e+01 -3.891197329827132876e+02 -2.811993073695444991e+02 7.413281668835741129e+02 -5.000000000000000000e+02 -3.000000000000000000e+02 -1.500000000000000000e+01
-6.000000000000000000e+02 -4.000000000000000000e+02 -1.500000000000000000e+01 -4.166271435321241938e+02 -3.724823975699261496e+02 6.405608421339186620e+00 5.237697619557054622e+02 -2.891658230522796202e+02 -7.544931935203178952e+00 5.143935263856233178e+02 -2.982627061903504000e+02 4.981066309504639662e+02 5.052402886212954627e+02 -2.778531297296127605e+02 -1.108695635515393718e+01 5.123884190525500344e+02 -2.953334068456899786e+02 5.777328775838788033e+02 -3.910369663321272924e+02 -2.991186365827719555e+02 -9.840717570340654419e+00 -5.000000000000000000e+02 -3.000000000000000000e+02 -1.500000000000000000e+01
-6.000000000000000000e+02 -4.000000000000000000e+02 -1.500000000000000000e+01 -4.166271435321241938e+02 -3.724823975699261496e+02 6.405608421339186620e+00 5.237697619557054622e+02 -2.891658230522796202e+02 -7.544931935203178952e+00 5.143935263856233178e+02 -2.982627061903504000e+02 4.981066309504639662e+02 5.052402886212954627e+02 -2.837767406619166195e+02 -2.163771681927157431e+01 5.123884190525500344e+02 -2.953334068456899786e+02 5.777328775838788033e+02 -3.003622537489129058e+02 -2.935530971032372349e+02 -1.441752927063155987e+01 -5.000000000000000000e+02 -3.000000000000000000e+02 -1.500000000000000000e+01
-6.000000000000000000e+02 -4.000000000000000000e+02 -1.500000000000000000e+01 5.013661314216126357e+02 -2.496496380743493830e+02 -6.388528265697416053e+00 5.272019026561173405e+02 -2.849812177990054352e+02 -7.544931935203178952e+00 5.143935263856233178e+02 -2.953544397331003211e+02 5.029968074599638612e+02 5.052402886212954627e+02 -2.778531297296127605e+02 -1.620155924398601854e+01 5.123302246819947641e+02 -2.964364435540585987e+02 5.777328775838788033e+02 4.873332025589963905e+02 -2.031791477612907784e+02 -1.740887171490392404e+01 -5.000000000000000000e+02 -3.000000000000000000e+02 -1.500000000000000000e+01
-6.000000000000000000e+02 -4.000000000000000000e+02 -1.500000000000000000e+01 5.013661314216126357e+02 -2.496496380743493830e+02 -2.332940516466005754e+00 5.272019026561173405e+02 -2.849812177990054352e+02 -7.544931935203178952e+00 5.143935263856233178e+02 -2.982627061903504000e+02 5.041481782557616498e+02 5.052402886212954627e+02 -2.778531297296127605e+02 -1.620155924398601854e+01 5.123302246819947641e+02 -2.964364435540585987e+02 5.777328775838788033e+02 4.873332025589963905e+02 -2.071025792512708108e+02 -1.047126027312416774e+01 -5.000000000000000000e+02 -3.000000000000000000e+02 -1.500000000000000000e+01
-6.000000000000000000e+02 -4.000000000000000000e+02 -1.500000000000000000e+01 5.013661314216126357e+02 -2.496496380743493830e+02 -6.388528265697416053e+00 5.237697619557054622e+02 -2.891658230522796202e+02 -7.544931935203178952e+00 5.143935263856233178e+02 -2.982627061903504000e+02 4.981066309504639662e+02 5.052402886212954627e+02 -2.837767406619166195e+02 -2.163771681927157431e+01 5.113304194767209196e+02 -2.946385168981364586e+02 5.771971211986308390e+02 4.873332025589963905e+02 -2.071025792512708108e+02 -1.047126027312416774e+01 -5.000000000000000000e+02 -3.000000000000000000e+02 -1.500000000000000000e+01
-6.000000000000000000e+02 -4.000000000000000000e+02 -1.500000000000000000e+01 -4.166271435321241938e+02 -3.724823975699261496e+02 6.405608421339186620e+00 -3.386024714787487255e+02 -3.634060651397002744e+02 6.518357576052334679e+00 4.035495757229519995e+02 -2.842710124955199262e+02 -1.652114846465098452e+01 5.030609733014975404e+02 -2.726577454567880636e+02 -2.623644555600968786e+01 5.113304194767209196e+02 -2.946385168981364586e+02 5.771971211986308390e+02 -3.910369663321272924e+02 -2.991186365827719555e+02 -9.840717570340654419e+00 -5.000000000000000000e+02 -3.000000000000000000e+02 -1.500000000000000000e+01
-6.000000000000000000e+02 -4.000000000000000000e+02 -1.500000000000000000e+01 5.013661314216126357e+02 -2.496496380743493830e+02 -2.332940516466005754e+00 5.272019026561173405e+02 -2.849812177990054352e+02 -7.544931935203178952e+00 5.143935263856233178e+02 -2.982627061903504000e+02 5.041481782557616498e+02 5.052402886212954627e+02 -2.837767406619166195e+02 -2.163771681927157431e+01 5.113304194767209196e+02 -2.946385168981364586e+02 5.771971211986308390e+02 -3.003622537489129058e+02 -2.935530971032372349e+02 -1.441752927063155987e+01 -5.000000000000000000e+02 -3.000000000000000000e+02 -1.500000000000000000e+01
-6.000000000000000000e+02 -4.000000000000000000e+02 -1.500000000000000000e+01 5.013661314216126357e+02 -2.496496380743493830e+02 -6.388528265697416053e+00 5.249857028096266731e+02 -2.891658230522796202e+02 -7.544931935203178952e+00 5.347448297662537016e+02 -2.953544397331003211e+02 1.427186313938682227e+00 5.042001453406475662e+02 -2.786994327253642609e+02 -1.685809866537730528e+01 5.083195014225790942e+02 -2.951997016213946949e+02 5.734928736103144047e+02 -3.910369663321272924e+02 -2.991186365827719555e+02 -9.840717570340654419e+00 -5.000000000000000000e+02 -3.000000000000000000e+02 -1.500000000000000000e+01
-6.000000000000000000e+02 -4.000000000000000000e+02 -1.500000000000000000e+01 5.013661314216126357e+02 -2.496496380743493830e+02 -6.388528265697416053e+00 5.272019026561173405e+02 -2.849812177990054352e+02 -7.544931935203178952e+00 4.833990174096993542e+02 -1.980868308657274781e+02 -5.339997855547535366e+00 5.042001453406475662e+02 -2.692067299596299108e+02 -1.685809866537730528e+01 5.119187699291167633e+02 -2.946385168981364586e+02 5.769211992173978842e+02 4.520902522831318606e+02 -1.612528416695518558e+02 6.354660199935882048e+00 -5.000000000000000000e+02 -3.000000000000000000e+02 -1.500000000000000000e+01
-6.000000000000000000e+02 -4.000000000000000000e+02 -1.500000000000000000e+01 5.775855276368550903e+02 1.034010576818043461e+02 -8.739845124573346169e+00 5.249857028096266731e+02 -2.891658230522796202e+02 -7.544931935203178952e+00 5.143935263856233178e+02 -2.982627061903504000e+02 4.981066309504639662e+02 5.052402886212954627e+02 -2.778531297296127605e+02 -1.620155924398601854e+01 5.005886296587058268e+02 -2.534882495610963815e+02 3.948982977597459580e+02 4.850587643934754851e+02 -2.071025792512708108e+02 -8.106849130521219138e+00 -5.000000000000000000e+02 -3.000000000000000000e+02 -1.500000000000000000e+01
-6.000000000000000000e+02 -4.000000000000000000e+02 -1.500000000000000000e+01 5.013661314216126357e+02 -2.496496380743493830e+02 -6.388528265697416053e+00 5.249857028096266731e+02 -2.891658230522796202e+02 -7.544931935203178952e+00 5.347448297662537016e+02 -2.953544397331003211e+02 1.427186313938682227e+00 5.042001453406475662e+02 -2.786994327253642609e+02 -1.685809866537730528e+01 5.113304194767209196e+02 -2.946385168981364586e+02 5.771971211986308390e+02 4.873332025589963905e+02 -2.014337219339967078e+02 -1.740887171490392404e+01 -5.000000000000000000e+02 -3.000000000000000000e+02 -1.500000000000000000e+01
-6.000000000000000000e+02 -4.000000000000000000e+02 -1.500000000000000000e+01 5.638972773775237783e+02 1.052713538814252274e+02 -3.233425905777242093e+00 5.272019026561173405e+02 -2.849812177990054352e+02 -7.544931935203178952e+00 4.833990174096993542e+02 -1.980868308657274781e+02 -5.339997855547535366e+00 5.042001453406475662e+02 -2.692067299596299108e+02 -1.685809866537730528e+01 5.119187699291167633e+02 -2.946385168981364586e+02 5.769211992173978842e+02 4.520902522831318606e+02 -1.648755931599345672e+02 -1.287851410598621182e+00 -5.000000000000000000e+02 -3.000000000000000000e+02 -1.500000000000000000e+01
-6.000000000000000000e+02 -4.000000000000000000e+02 -1.500000000000000000e+01 2.531864026873696787e+02 -3.022178912886710691e+02 2.448523723228817950e+00 5.272019026561173405e+02 -2.849812177990054352e+02 -7.544931935203178952e+00 4.833990174096993542e+02 -1.980868308657274781e+02 -5.339997855547535366e+00 5.042001453406475662e+02 -2.692067299596299108e+02 -2.412397742151218694e+01 5.119187699291167633e+02 -2.946385168981364586e+02 5.769211992173978842e+02 4.520902522831318606e+02 -1.648755931599345672e+02 -1.287851410598621182e+00 -5.000000000000000000e+02 -3.000000000000000000e+02 -1.500000000000000000e+01
-6.000000000000000000e+02 -4.000000000000000000e+02 -1.500000000000000000e+01 5.013661314216126357e+02 -2.496496380743493830e+02 -6.388528265697416053e+00 5.272019026561173405e+02 -2.849812177990054352e+02 -7.544931935203178952e+00 5.143935263856233178e+02 -2.953544397331003211e+02 5.029968074599638612e+02 5.052402886212954627e+02 -2.778531297296127605e+02 -1.620155924398601854e+01 5.119187699291167633e+02 -2.946385168981364586e+02 5.769211992173978842e+02 4.873332025589963905e+02 -2.031791477612907784e+02 -1.740887171490392404e+01 -5.000000000000000000e+02 -3.000000000000000000e+02 -1.500000000000000000e+01
-6.000000000000000000e+02 -4.000000000000000000e+02 -1.500000000000000000e+01 5.013661314216126357e+02 -2.496496380743493830e+02 -6.388528265697416053e+00 5.272019026561173405e+02 -2.849812177990054352e+02 -7.544931935203178952e+00 5.143935263856233178e+02 -2.982627061903504000e+02 4.981066309504639662e+02 5.052402886212954627e+02 -2.778531297296127605e+02 -1.108695635515393718e+01 5.123884190525500344e+02 -2.953334068456899786e+02 5.777328775838788033e+02 -3.910369663321272924e+02 -2.991186365827719555e+02 -9.840717570340654419e+00 -5.000000000000000000e+02 -3.000000000000000000e+02 -1.500000000000000000e+01
-6.000000000000000000e+02 -4.000000000000000000e+02 -1.500000000000000000e+01 -4.166271435321241938e+02 -3.724823975699261496e+02 6.405608421339186620e+00 5.237697619557054622e+02 -2.891658230522796202e+02 -7.544931935203178952e+00 5.143935263856233178e+02 -2.982627061903504000e+02 4.981066309504639662e+02 5.052402886212954627e+02 -2.778531297296127605e+02 -1.620155924398601854e+01 5.113304194767209196e+02 -2.946385168981364586e+02 5.771971211986308390e+02 -3.003622537489129058e+02 -2.935530971032372349e+02 -1.441752927063155987e+01 -5.000000000000000000e+02 -3.000000000000000000e+02 -1.500000000000000000e+01
-6.000000000000000000e+02 -4.000000000000000000e+02 -1.500000000000000000e+01 -4.166271435321241938e+02 -3.724823975699261496e+02 6.405608421339186620e+00 -3.379319401591926635e+02 -3.451956875649393055e+02 4.340622935518470449e+00 -2.965017617155645553e+02 -3.371394905856731157e+02 -1.853490491223467629e+01 -2.679550348781561411e+02 -2.626510546163506774e+02 -7.557830789004090093e+02 3.852583192533024317e+02 -1.486734503130392966e+02 -1.213264811333585591e+01 4.090852863094649479e+02 -1.452088196101080086e+02 -3.154764578963936970e+02 -5.000000000000000000e+02 -3.000000000000000000e+02 -1.500000000000000000e+01
-6.000000000000000000e+02 -4.000000000000000000e+02 -1.500000000000000000e+01 -4.166271435321241938e+02 -3.724823975699261496e+02 6.405608421339186620e+00 5.237697619557054622e+02 -2.891658230522796202e+02 -7.544931935203178952e+00 5.143935263856233178e+02 -2.982627061903504000e+02 4.981066309504639662e+02 5.052402886212954627e+02 -2.778531297296127605e+02 -1.108695635515393718e+01 5.005886296587058268e+02 -2.534882495610963815e+02 3.948982977597459580e+02 -3.088420687145710986e+02 -2.935530971032372349e+02 -1.310512862388157451e+01 -5.000000000000000000e+02 -3.000000000000000000e+02 -1.500000000000000000e+01
-6.000000000000000000e+02 -4.000000000000000000e+02 -1.500000000000000000e+01 5.013661314216126357e+02 -2.496496380743493830e+02 -6.388528265697416053e+00 5.249857028096266731e+02 -2.891658230522796202e+02 -7.544931935203178952e+00 5.347448297662537016e+02 -2.953544397331003211e+02 1.427186313938682227e+00 5.042001453406475662e+02 -2.786994327253642609e+02 -1.685809866537730528e+01 5.123884190525500344e+02 -2.953334068456899786e+02 5.777328775838788033e+02 4.873332025589963905e+02 -2.031791477612907784e+02 -1.740887171490392404e+01 -5.000000000000000000e+02 -3.000000000000000000e+02 -1.500000000000000000e+01
-6.000000000000000000e+02 -4.000000000000000000e+02 -1.500000000000000000e+01 5.013661314216126357e+02 -2.496496380743493830e+02 -6.388528265697416053e+00 5.272019026561173405e+02 -2.849812177990054352e+02 -7.544931935203178952e+00 5.143935263856233178e+02 -2.982627061903504000e+02 4.981066309504639662e+02 5.052402886212954627e+02 -2.778531297296127605e+02 -1.620155924398601854e+01 5.005886296587058268e+02 -2.534882495610963815e+02 3.948982977597459580e+02 -3.910369663321272924e+02 -2.991186365827719555e+02 -6.270064395068528640e-01 -5.000000000000000000e+02 -3.000000000000000000e+02 -1.500000000000000000e+01
-6.000000000000000000e+02 -4.000000000000000000e+02 -1.500000000000000000e+01 5.013661314216126357e+02 -2.496496380743493830e+02 -6.388528265697416053e+00 5.272019026561173405e+02 -2.849812177990054352e+02 -7.544931935203178952e+00 5.143935263856233178e+02 -2.982627061903504000e+02 5.041481782557616498e+02 5.052402886212954627e+02 -2.778531297296127605e+02 -1.620155924398601854e+01 5.123302246819947641e+02 -2.964364435540585987e+02 5.777328775838788033e+02 4.873332025589963905e+02 -2.071025792512708108e+02 -1.047126027312416774e+01 -5.000000000000000000e+02 -3.000000000000000000e+02 -1.500000000000000000e+01
-6.000000000000000000e+02 -4.000000000000000000e+02 -1.500000000000000000e+01 -4.166271435321241938e+02 -3.724823975699261496e+02 6.405608421339186620e+00 5.272019026561173405e+02 -2.849812177990054352e+02 -7.544931935203178952e+00 5.143935263856233178e+02 -2.953544397331003211e+02 5.029968074599638612e+02 5.052402886212954627e+02 -2.778531297296127605e+02 -1.620155924398601854e+01 5.123302246819947641e+02 -2.964364435540585987e+02 5.777328775838788033e+02 -3.098334820884305145e+02 -2.982159055221856647e+02 -1.372499022304993588e+01 -5.000000000000000000e+02 -3.000000000000000000e+02 -1.500000000000000000e+01
-6.000000000000000000e+02 -4.000000000000000000e+02 -1.500000000000000000e+01 5.013661314216126357e+02 -2.496496380743493830e+02 -6.388528265697416053e+00 5.272019026561173405e+02 -2.849812177990054352e+02 -7.544931935203178952e+00 5.143935263856233178e+02 -2.953544397331003211e+02 5.029968074599638612e+02 5.052402886212954627e+02 -2.778531297296127605e+02 -1.108695635515393718e+01 5.113304194767209196e+02 -2.946385168981364586e+02 5.771971211986308390e+02 -3.003622537489129058e+02 -2.935530971032372349e+02 -1.441752927063155987e+01 -5.000000000000000000e+02 -3.000000000000000000e+02 -1.500000000000000000e+01
-6.000000000000000000e+02 -4.000000000000000000e+02 -1.500000000000000000e+01 5.013661314216126357e+02 -2.496496380743493830e+02 -6.388528265697416053e+00 5.272019026561173405e+02 -2.849812177990054352e+02 -7.544931935203178952e+00 5.143935263856233178e+02 -2.982627061903504000e+02 5.041481782557616498e+02 5.052402886212954627e+02 -2.837767406619166195e+02 -2.163771681927157431e+01 5.119187699291167633e+02 -2.946385168981364586e+02 5.769211992173978842e+02 4.873332025589963905e+02 -2.031791477612907784e+02 -1.740887171490392404e+01 -5.000000000000000000e+02 -3.000000000000000000e+02 -1.500000000000000000e+01
-6.000000000000000000e+02 -4.000000000000000000e+02 -1.500000000000000000e+01 -4.054083933917245304e+02 -7.746754398188228379e+02 -3.986198318470728363e+00 -3.379319401591926635e+02 -3.379843617964835971e+02 4.340622935518470449e+00 -2.864667857940654017e+02 -3.641230257235496310e+02 -1.819710814124314879e+01 -2.657101727737213537e+02 -2.626510546163506774e+02 -7.529680565107968278e+02 -2.566482741817339956e+02 -2.625725080187116305e+02 -6.240549020030613292e+01 -3.980810813506046770e+02 -2.854841950515012741e+02 -2.152913240410113644e+02 -5.000000000000000000e+02 -3.000000000000000000e+02 -1.500000000000000000e+01
-6.000000000000000000e+02 -4.000000000000000000e+02 -1.500000000000000000e+01 5.013661314216126357e+02 -2.496496380743493830e+02 -6.388528265697416053e+00 5.237697619557054622e+02 -2.891658230522796202e+02 -7.544931935203178952e+00 5.143935263856233178e+02 -2.982627061903504000e+02 4.981066309504639662e+02 5.052402886212954627e+02 -2.837767406619166195e+02 -2.163771681927157431e+01 5.123302246819947641e+02 -2.964364435540585987e+02 5.777328775838788033e+02 4.873332025589963905e+02 -2.031791477612907784e+02 -1.740887171490392404e+01 -5.000000000000000000e+02 -3.000000000000000000e+02 -1.500000000000000000e+01
-6.000000000000000000e+02 -4.000000000000000000e+02 -1.500000000000000000e+01 5.013661314216126357e+02 -2.496496380743493830e+02 -6.388528265697416053e+00 5.237697619557054622e+02 -2.891658230522796202e+02 -7.544931935203178952e+00 5.143935263856233178e+02 -2.982627061903504000e+02 4.981066309504639662e+02 5.052402886212954627e+02 -2.778531297296127605e+02 -1.108695635515393718e+01 5.123302246819947641e+02 -2.964364435540585987e+02 5.777328775838788033e+02 4.517077696340453485e+02 -1.612528416695518558e+02 6.354660199935882048e+00 -5.000000000000000000e+02 -3.000000000000000000e+02 -1.500000000000000000e+01
-6.000000000000000000e+02 -4.000000000000000000e+02 -1.500000000000000000e+01 5.803193001428843445e+02 1.034010576818043461e+02 -8.739845124573346169e+00 5.237697619557054622e+02 -2.891658230522796202e+02 -7.544931935203178952e+00 5.143935263856233178e+02 -2.982627061903504000e+02 4.981066309504639662e+02 5.052402886212954627e+02 -2.778531297296127605e+02 -1.108695635515393718e+01 5.005886296587058268e+02 -2.534882495610963815e+02 3.948982977597459580e+02 4.526406489757298459e+02 -1.647461261063231461e+02 -1.332489171534139150e+00 -5.000000000000000000e+02 -3.000000000000000000e+02 -1.500000000000000000e+01
-6.000000000000000000e+02 -4.000000000000000000e+02 -1.500000000000000000e+01 5.013661314216126357e+02 -2.496496380743493830e+02 -6.388528265697416053e+00 5.237697619557054622e+02 -2.891658230522796202e+02 -7.544931935203178952e+00 5.143935263856233178e+02 -2.982627061903504000e+02 4.981066309504639662e+02 5.052402886212954627e+02 -2.778531297296127605e+02 -1.620155924398601854e+01 3.852583192533024317e+02 -1.486734503130392966e+02 -1.213264811333585591e+01 4.060857221951341103e+02 -1.452088196101080086e+02 -3.058594558000648931e+02 -5.000000000000000000e+02 -3.000000000000000000e+02 -1.500000000000000000e+01
-6.000000000000000000e+02 -4.000000000000000000e+02 -1.500000000000000000e+01 -4.166271435321241938e+02 -3.724823975699261496e+02 6.405608421339186620e+00 5.237697619557054622e+02 -2.891658230522796202e+02 -7.544931935203178952e+00 5.143935263856233178e+02 -2.982627061903504000e+02 4.981066309504639662e+02 5.052402886212954627e+02 -2.837767406619166195e+02 -2.163771681927157431e+01 5.123302246819947641e+02 -2.964364435540585987e+02 5.777328775838788033e+02 -3.910369663321272924e+02 -2.991186365827719555e+02 -9.840717570340654419e+00 -5.000000000000000000e+02 -3.000000000000000000e+02 -1.500000000000000000e+01
-6.000000000000000000e+02 -4.000000000000000000e+02 -1.500000000000000000e+01 -4.166271435321241938e+02 -3.724823975699261496e+02 6.405608421339186620e+00 -3.386024714787487255e+02 -3.634060651397002744e+02 6.518357576052334679e+00 4.035495757229519995e+02 -2.842710124955199262e+02 -1.652114846465098452e+01 5.030529429891684572e+02 -2.685906997701528098e+02 -2.479652100100836520e+01 5.005886296587058268e+02 -2.534882495610963815e+02 3.948982977597459580e+02 -3.088420687145710986e+02 -2.935530971032372349e+02 -1.310512862388157451e+01 -5.000000000000000000e+02 -3.000000000000000000e+02 -1.500000000000000000e+01
-6.000000000000000000e+02 -4.000000000000000000e+02 -1.500000000000000000e+01 5.013661314216126357e+02 -2.496496380743493830e+02 -6.388528265697416053e+00 5.237697619557054622e+02 -2.891658230522796202e+02 -7.544931935203178952e+00 5.143935263856233178e+02 -2.982627061903504000e+02 4.981066309504639662e+02 5.030529429891684572e+02 -2.685906997701528098e+02 -2.479652100100836520e+01 5.123884190525500344e+02 -2.953334068456899786e+02 5.777328775838788033e+02 -3.910369663321272924e+02 -2.991186365827719555e+02 -6.270064395068528640e-01 -5.000000000000000000e+02 -3.000000000000000000e+02 -1.500000000000000000e+01
-6.000000000000000000e+02 -4.000000000000000000e+02 -1.500000000000000000e+01 5.013661314216126357e+02 -2.496496380743493830e+02 -6.388528265697416053e+00 5.272019026561173405e+02 -2.849812177990054352e+02 -7.544931935203178952e+00 5.143935263856233178e+02 -2.982627061903504000e+02 4.981066309504639662e+02 5.052402886212954627e+02 -2.837767406619166195e+02 -2.163771681927157431e+01 5.123884190525500344e+02 -2.953334068456899786e+02 5.777328775838788033e+02 -3.910369663321272924e+02 -2.991186365827719555e+02 -9.840717570340654419e+00 -5.000000000000000000e+02 -3.000000000000000000e+02 -1.500000000000000000e+01
-6.000000000000000000e+02 -4.000000000000000000e+02 -1.500000000000000000e+01 -4.166271435321241938e+02 -3.724823975699261496e+02 6.405608421339186620e+00 5.237697619557054622e+02 -2.891658230522796202e+02 -7.544931935203178952e+00 5.143935263856233178e+02 -2.982627061903504000e+02 4.981066309504639662e+02 5.052402886212954627e+02 -2.837767406619166195e+02 -2.163771681927157431e+01 5.113304194767209196e+02 -2.946385168981364586e+02 5.771971211986308390e+02 -3.098334820884305145e+02 -2.982159055221856647e+02 -1.372499022304993588e+01 -5.000000000000000000e+02 -3.000000000000000000e+02 -1.500000000000000000e+01
-6.000000000000000000e+02 -4.000000000000000000e+02 -1.500000000000000000e+01 5.013661314216126357e+02 -2.496496380743493830e+02 -2.332940516466005754e+00 5.249857028096266731e+02 -2.891658230522796202e+02 -7.939220426579516321e+00 5.001321058257801155e+02 -2.953476171643168300e+02 -1.375219777070007687e+01 5.042001453406475662e+02 -2.786994327253642609e+02 -1.685809866537730528e+01 5.123884190525500344e+02 -2.953334068456899786e+02 5.712695768639323433e+02 -3.098334820884305145e+02 -2.982159055221856647e+02 -1.372499022304993588e+01 -5.000000000000000000e+02 -3.000000000000000000e+02 -1.500000000000000000e+01
-6.000000000000000000e+02 -4.000000000000000000e+02 -1.500000000000000000e+01 -4.166271435321241938e+02 -3.724823975699261496e+02 6.405608421339186620e+00 5.272019026561173405e+02 -2.849812177990054352e+02 -7.544931935203178952e+00 5.143935263856233178e+02 -2.982627061903504000e+02 4.981066309504639662e+02 5.052402886212954627e+02 -2.778531297296127605e+02 -1.108695635515393718e+01 5.123884190525500344e+02 -2.953334068456899786e+02 5.777328775838788033e+02 -3.910369663321272924e+02 -2.991186365827719555e+02 -9.840717570340654419e+00 -5.000000000000000000e+02 -3.000000000000000000e+02 -1.500000000000000000e+01
-6.000000000000000000e+02 -4.000000000000000000e+02 -1.500000000000000000e+01 -4.252597304364646220e+02 -9.517773640213315502e+02 3.826969669734475019e+02 2.429311185644997693e+02 -1.606219660495294761e+02 -4.318370321445112268e+02 5.143935263856233178e+02 -2.982627061903504000e+02 4.981066309504639662e+02 5.052402886212954627e+02 -2.778531297296127605e+02 -1.620155924398601854e+01 5.005886296587058268e+02 -2.534882495610963815e+02 3.948982977597459580e+02 1.019032769884017398e+03 -2.945732038126433281e+02 -5.070032647116780034e+00 -5.000000000000000000e+02 -3.000000000000000000e+02 -1.500000000000000000e+01
-6.000000000000000000e+02 -4.000000000000000000e+02 -1.500000000000000000e+01 5.013661314216126357e+02 -2.496496380743493830e+02 -2.332940516466005754e+00 5.237697619557054622e+02 -2.891658230522796202e+02 -7.544931935203178952e+00 5.143935263856233178e+02 -2.982627061903504000e+02 4.981066309504639662e+02 5.052402886212954627e+02 -2.778531297296127605e+02 -1.108695635515393718e+01 5.123302246819947641e+02 -2.964364435540585987e+02 5.777328775838788033e+02 -3.910369663321272924e+02 -2.991186365827719555e+02 -9.840717570340654419e+00 -5.000000000000000000e+02 -3.000000000000000000e+02 -1.500000000000000000e+01
-6.000000000000000000e+02 -4.000000000000000000e+02 -1.500000000000000000e+01 -4.166271435321241938e+02 -3.724823975699261496e+02 6.405608421339186620e+00 5.272019026561173405e+02 -2.849812177990054352e+02 -7.544931935203178952e+00 5.143935263856233178e+02 -2.953544397331003211e+02 5.029968074599638612e+02 5.052402886212954627e+02 -2.778531297296127605e+02 -1.620155924398601854e+01 5.113304194767209196e+02 -2.946385168981364586e+02 5.771971211986308390e+02 -3.003622537489129058e+02 -2.935530971032372349e+02 -1.441752927063155987e+01 -5.000000000000000000e+02 -3.000000000000000000e+02 -1.500000000000000000e+01
-6.000000000000000000e+02 -4.000000000000000000e+02 -1.500000000000000000e+01 5.013661314216126357e+02 -2.496496380743493830e+02 -6.388528265697416053e+00 5.272019026561173405e+02 -2.849812177990054352e+02 -7.544931935203178952e+00 5.143935263856233178e+02 -2.953544397331003211e+02 5.029968074599638612e+02 5.052402886212954627e+02 -2.778531297296127605e+02 -1.620155924398601854e+01 5.123302246819947641e+02 -2.964364435540585987e+02 5.777328775838788033e+02 4.873332025589963905e+02 -2.071025792512708108e+02 -1.047126027312416774e+01 -5.000000000000000000e+02 -3.000000000000000000e+02 -1.500000000000000000e+01
-6.000000000000000000e+02 -4.000000000000000000e+02 -1.500000000000000000e+01 -4.166271435321241938e+02 -3.724823975699261496e+02 6.405608421339186620e+00 5.237697619557054622e+02 -2.891658230522796202e+02 -7.544931935203178952e+00 5.143935263856233178e+02 -2.982627061903504000e+02 4.981066309504639662e+02 5.052402886212954627e+02 -2.778531297296127605e+02 -1.620155924398601854e+01 -2.566482741817339956e+02 -2.625725080187116305e+02 -6.240549020030613292e+01 -3.891197329827132876e+02 -2.811993073695444991e+02 7.413281668835741129e+02 -5.000000000000000000e+02 -3.000000000000000000e+02 -1.500000000000000000e+01
-6.000000000000000000e+02 -4.000000000000000000e+02 -1.500000000000000000e+01 5.013661314216126357e+02 -2.496496380743493830e+02 -6.388528265697416053e+00 5.272019026561173405e+02 -2.849812177990054352e+02 -7.544931935203178952e+00 5.143935263856233178e+02 -2.953544397331003211e+02 5.029968074599638612e+02 5.052402886212954627e+02 -2.778531297296127605e+02 -1.108695635515393718e+01 5.123884190525500344e+02 -2.953334068456899786e+02 5.777328775838788033e+02 4.873332025589963905e+02 -2.071025792512708108e+02 -9.277601483081754807e+00 -5.000000000000000000e+02 -3.000000000000000000e+02 -1.500000000000000000e+01
-6.000000000000000000e+02 -4.000000000000000000e+02 -1.500000000000000000e+01 5.013661314216126357e+02 -2.496496380743493830e+02 -6.388528265697416053e+00 5.272019026561173405e+02 -2.849812177990054352e+02 -7.544931935203178952e+00 5.143935263856233178e+02 -2.982627061903504000e+02 4.981066309504639662e+02 5.052402886212954627e+02 -2.778531297296127605e+02 -1.620155924398601854e+01 5.121805264007842879e+02 -2.946385168981364586e+02 5.771971211986308390e+02 -3.910369663321272924e+02 -2.991186365827719555e+02 -6.270064395068528640e-01 -5.000000000000000000e+02 -3.000000000000000000e+02 -1.500000000000000000e+01
-6.000000000000000000e+02 -4.000000000000000000e+02 -1.500000000000000000e+01 5.013661314216126357e+02 -2.496496380743493830e+02 -6.388528265697416053e+00 5.272019026561173405e+02 -2.849812177990054352e+02 -7.544931935203178952e+00 5.143935263856233178e+02 -2.982627061903504000e+02 4.981066309504639662e+02 5.052402886212954627e+02 -2.778531297296127605e+02 -1.108695635515393718e+01 5.123884190525500344e+02 -2.953334068456899786e+02 5.777328775838788033e+02 4.850587643934754851e+02 -2.071025792512708108e+02 -8.106849130521219138e+00 -5.000000000000000000e+02 -3.000000000000000000e+02 -1.500000000000000000e+01
-6.000000000000000000e+02 -4.000000000000000000e+02 -1.500000000000000000e+01 5.013661314216126357e+02 -2.496496380743493830e+02 -6.388528265697416053e+00 5.272019026561173405e+02 -2.849812177990054352e+02 -7.544931935203178952e+00 5.347448297662537016e+02 -2.953544397331003211e+02 1.427186313938682227e+00 5.042001453406475662e+02 -2.786994327253642609e+02 -1.685809866537730528e+01 5.123302246819947641e+02 -2.964364435540585987e+02 5.777328775838788033e+02 4.873332025589963905e+02 -2.031791477612907784e+02 -1.740887171490392404e+01 -5.000000000000000000e+02 -3.000000000000000000e+02 -1.500000000000000000e+01
-6.000000000000000000e+02 -4.000000000000000000e+02 -1.500000000000000000e+01 5.775855276368550903e+02 1.034010576818043461e+02 -8.739845124573346169e+00 5.249857028096266731e+02 -2.891658230522796202e+02 -7.544931935203178952e+00 5.143935263856233178e+02 -2.982627061903504000e+02 4.981066309504639662e+02 5.052402886212954627e+02 -2.778531297296127605e+02 -1.620155924398601854e+01 3.852583192533024317e+02 -1.486734503130392966e+02 -1.213264811333585591e+01 4.060857221951341103e+02 -1.452088196101080086e+02 -3.058594558000648931e+02 -5.000000000000000000e+02 -3.000000000000000000e+02 -1.500000000000000000e+01
-6.000000000000000000e+02 -4.000000000000000000e+02 -1.500000000000000000e+01 5.013661314216126357e+02 -2.496496380743493830e+02 -6.388528265697416053e+00 5.237697619557054622e+02 -2.891658230522796202e+02 -7.544931935203178952e+00 5.143935263856233178e+02 -2.953544397331003211e+02 5.029968074599638612e+02 5.052402886212954627e+02 -2.778531297296127605e+02 -1.620155924398601854e+01 5.113304194767209196e+02 -2.959283427113260814e+02 5.771971211986308390e+02 -3.098334820884305145e+02 -2.982159055221856647e+02 -1.372499022304993588e+01 -5.000000000000000000e+02 -3.000000000000000000e+02 -1.500000000000000000e+01
-6.000000000000000000e+02 -4.000000000000000000e+02 -1.500000000000000000e+01 -4.252597304364646220e+02 -9.517773640213315502e+02 3.826969669734475019e+02 5.272019026561173405e+02 -2.849812177990054352e+02 -7.544931935203178952e+00 5.143935263856233178e+02 -2.982627061903504000e+02 4.981066309504639662e+02 5.052402886212954627e+02 -2.778531297296127605e+02 -1.108695635515393718e+01 5.005886296587058268e+02 -2.534882495610963815e+02 3.948982977597459580e+02 4.850587643934754851e+02 -2.071025792512708108e+02 -8.106849130521219138e+00 -5.000000000000000000e+02 -3.000000000000000000e+02 -1.500000000000000000e+01
-6.000000000000000000e+02 -4.000000000000000000e+02 -1.500000000000000000e+01 5.013661314216126357e+02 -2.496496380743493830e+02 -6.388528265697416053e+00 5.237697619557054622e+02 -2.891658230522796202e+02 -7.544931935203178952e+00 5.251828726895826094e+02 -2.953544397331003211e+02 1.427186313938682227e+00 5.052402886212954627e+02 -2.837767406619166195e+02 -2.163771681927157431e+01 5.113304194767209196e+02 -2.946385168981364586e+02 5.771971211986308390e+02 -3.003622537489129058e+02 -2.935530971032372349e+02 -1.441752927063155987e+01 -5.000000000000000000e+02 -3.000000000000000000e+02 -1.500000000000000000e+01
-6.000000000000000000e+02 -4.000000000000000000e+02 -1.500000000000000000e+01 -4.166271435321241938e+02 -3.724823975699261496e+02 6.405608421339186620e+00 5.237697619557054622e+02 -2.891658230522796202e+02 -7.544931935203178952e+00 5.143935263856233178e+02 -2.982627061903504000e+02 4.981066309504639662e+02 5.052402886212954627e+02 -2.837767406619166195e+02 -2.163771681927157431e+01 5.113304194767209196e+02 -2.946385168981364586e+02 5.771971211986308390e+02 -3.003622537489129058e+02 -2.935530971032372349e+02 -1.441752927063155987e+01 -5.000000000000000000e+02 -3.000000000000000000e+02 -1.500000000000000000e+01
-6.000000000000000000e+02 -4.000000000000000000e+02 -1.500000000000000000e+01 5.013661314216126357e+02 -2.496496380743493830e+02 -6.388528265697416053e+00 5.237697619557054622e+02 -2.891658230522796202e+02 -7.544931935203178952e+00 5.143935263856233178e+02 -2.982627061903504000e+02 4.981066309504639662e+02 5.052402886212954627e+02 -2.778531297296127605e+02 -1.620155924398601854e+01 5.123884190525500344e+02 -2.953334068456899786e+02 5.777328775838788033e+02 4.873332025589963905e+02 -2.071025792512708108e+02 -1.047126027312416774e+01 -5.000000000000000000e+02 -3.000000000000000000e+02 -1.500000000000000000e+01
-6.000000000000000000e+02 -4.000000000000000000e+02 -1.500000000000000000e+01 -4.252597304364646220e+02 -9.517773640213315502e+02 3.826969669734475019e+02 5.272019026561173405e+02 -2.849812177990054352e+02 -7.544931935203178952e+00 5.143935263856233178e+02 -2.982627061903504000e+02 4.981066309504639662e+02 5.052402886212954627e+02 -2.778531297296127605e+02 -1.108695635515393718e+01 5.005886296587058268e+02 -2.534882495610963815e+02 3.948982977597459580e+02 4.520902522831318606e+02 -1.612528416695518558e+02 6.354660199935882048e+00 -5.000000000000000000e+02 -3.000000000000000000e+02 -1.500000000000000000e+01
-6.000000000000000000e+02 -4.000000000000000000e+02 -1.500000000000000000e+01 4.994182035165948150e+02 -2.921809858415397798e+02 -4.439198628994988098e+02 5.249857028096266731e+02 -2.930254246717307183e+02 -1.570237089477745052e+01 5.143935263856233178e+02 -2.982627061903504000e+02 4.981066309504639662e+02 5.052402886212954627e+02 -2.837767406619166195e+02 -2.163771681927157431e+01 5.113304194767209196e+02 -2.946385168981364586e+02 5.771971211986308390e+02 -3.098334820884305145e+02 -2.982159055221856647e+02 -1.372499022304993588e+01 -5.000000000000000000e+02 -3.000000000000000000e+02 -1.500000000000000000e+01
-6.000000000000000000e+02 -4.000000000000000000e+02 -1.500000000000000000e+01 -4.141238553562012044e+02 -3.587806214017122102e+02 6.405608421339186620e+00 -3.379319401591926635e+02 -3.451956875649393055e+02 4.340622935518470449e+00 1.159686929099548820e+02 -1.374848322469397885e+02 9.728040472995184018e+01 1.934104768484452848e+02 -1.141752920214062215e+02 -1.973402678849011949e+01 3.805451930963182008e+02 -1.484545248137467297e+02 -1.423360409065257848e+01 4.507908054246855158e+02 -1.612528416695518558e+02 6.354660199935882048e+00 -5.000000000000000000e+02 -3.000000000000000000e+02 -1.500000000000000000e+01
-6.000000000000000000e+02 -4.000000000000000000e+02 -1.500000000000000000e+01 -4.141238553562012044e+02 -3.663098503975174935e+02 5.958951762844002076e+00 3.884240707929446899e+02 -2.308489866416490202e+02 -8.553114574318954055e+02 4.989807387163304497e+02 -3.662654230894166290e+02 -1.721200459424754925e+01 5.042001453406475662e+02 -2.692067299596299108e+02 -1.685809866537730528e+01 5.116573478123318637e+02 -2.946385168981364586e+02 5.769211992173978842e+02 4.520902522831318606e+02 -1.648755931599345672e+02 -1.287851410598621182e+00 -5.000000000000000000e+02 -3.000000000000000000e+02 -1.500000000000000000e+01
-6.000000000000000000e+02 -4.000000000000000000e+02 -1.500000000000000000e+01 5.775855276368550903e+02 1.034010576818043461e+02 -8.739845124573346169e+00 4.309820545741638966e+02 -2.308489866416490202e+02 -1.236266118943248316e+01 4.989807387163304497e+02 -3.662654230894166290e+02 -1.721200459424754925e+01 5.016918626389808651e+02 -2.488564722258529969e+02 -1.008927998912161073e+01 5.105960811941559996e+02 -2.951997016213946949e+02 5.734928736103144047e+02 1.019032769884017398e+03 -2.945732038126433281e+02 -5.070032647116780034e+00 -5.000000000000000000e+02 -3.000000000000000000e+02 -1.500000000000000000e+01
-6.000000000000000000e+02 -4.000000000000000000e+02 -1.500000000000000000e+01 5.013661314216126357e+02 -2.496496380743493830e+02 -6.388528265697416053e+00 5.237697619557054622e+02 -2.891658230522796202e+02 -7.544931935203178952e+00 5.143935263856233178e+02 -2.982627061903504000e+02 4.981066309504639662e+02 5.052402886212954627e+02 -2.837767406619166195e+02 -2.163771681927157431e+01 5.123884190525500344e+02 -2.953334068456899786e+02 5.777328775838788033e+02 -3.910369663321272924e+02 -2.991186365827719555e+02 -9.840717570340654419e+00 -5.000000000000000000e+02 -3.000000000000000000e+02 -1.500000000000000000e+01
-6.000000000000000000e+02 -4.000000000000000000e+02 -1.500000000000000000e+01 5.803193001428843445e+02 1.034010576818043461e+02 -8.739845124573346169e+00 4.309820545741638966e+02 -2.308489866416490202e+02 -1.236266118943248316e+01 4.989807387163304497e+02 -3.662654230894166290e+02 -1.721200459424754925e+01 5.042001453406475662e+02 -2.692067299596299108e+02 -2.412397742151218694e+01 5.105960811941559996e+02 -2.951997016213946949e+02 5.734928736103144047e+02 1.019032769884017398e+03 -2.945732038126433281e+02 -5.070032647116780034e+00 -5.000000000000000000e+02 -3.000000000000000000e+02 -1.500000000000000000e+01
-6.000000000000000000e+02 -4.000000000000000000e+02 -1.500000000000000000e+01 4.994182035165948150e+02 -2.921809858415397798e+02 -4.439198628994988098e+02 5.237697619557054622e+02 -2.891658230522796202e+02 -7.544931935203178952e+00 5.143935263856233178e+02 -2.982627061903504000e+02 4.981066309504639662e+02 5.052402886212954627e+02 -2.837767406619166195e+02 -2.163771681927157431e+01 5.121805264007842879e+02 -2.946385168981364586e+02 5.771971211986308390e+02 -3.003622537489129058e+02 -2.935530971032372349e+02 -1.441752927063155987e+01 -5.000000000000000000e+02 -3.000000000000000000e+02 -1.500000000000000000e+01
-6.000000000000000000e+02 -4.000000000000000000e+02 -1.500000000000000000e+01 5.013661314216126357e+02 -2.496496380743493830e+02 -6.388528265697416053e+00 5.237697619557054622e+02 -2.891658230522796202e+02 -7.544931935203178952e+00 5.143935263856233178e+02 -2.982627061903504000e+02 4.981066309504639662e+02 5.052402886212954627e+02 -2.778531297296127605e+02 -1.108695635515393718e+01 5.123302246819947641e+02 -2.964364435540585987e+02 5.777328775838788033e+02 4.520902522831318606e+02 -1.612528416695518558e+02 6.354660199935882048e+00 -5.000000000000000000e+02 -3.000000000000000000e+02 -1.500000000000000000e+01
-6.000000000000000000e+02 -4.000000000000000000e+02 -1.500000000000000000e+01 5.013661314216126357e+02 -2.496496380743493830e+02 -6.388528265697416053e+00 5.272019026561173405e+02 -2.849812177990054352e+02 -7.544931935203178952e+00 5.143935263856233178e+02 -2.982627061903504000e+02 5.041481782557616498e+02 5.052402886212954627e+02 -2.837767406619166195e+02 -2.163771681927157431e+01 5.123302246819947641e+02 -2.964364435540585987e+02 5.777328775838788033e+02 -3.003622537489129058e+02 -2.935530971032372349e+02 -1.441752927063155987e+01 -5.000000000000000000e+02 -3.000000000000000000e+02 -1.500000000000000000e+01
-6.000000000000000000e+02 -4.000000000000000000e+02 -1.500000000000000000e+01 5.013661314216126357e+02 -2.496496380743493830e+02 -6.388528265697416053e+00 5.272019026561173405e+02 -2.849812177990054352e+02 -7.544931935203178952e+00 5.347448297662537016e+02 -2.953544397331003211e+02 1.427186313938682227e+00 5.042001453406475662e+02 -2.786994327253642609e+02 -1.685809866537730528e+01 5.123302246819947641e+02 -2.964364435540585987e+02 5.777328775838788033e+02 -3.003622537489129058e+02 -2.935530971032372349e+02 -1.441752927063155987e+01 -5.000000000000000000e+02 -3.000000000000000000e+02 -1.500000000000000000e+01
-6.000000000000000000e+02 -4.000000000000000000e+02 -1.500000000000000000e+01 5.013661314216126357e+02 -2.496496380743493830e+02 -6.388528265697416053e+00 5.237697619557054622e+02 -2.891658230522796202e+02 -7.544931935203178952e+00 5.143935263856233178e+02 -2.982627061903504000e+02 4.981066309504639662e+02 5.052402886212954627e+02 -2.778531297296127605e+02 -1.620155924398601854e+01 5.123302246819947641e+02 -2.964364435540585987e+02 5.777328775838788033e+02 4.520902522831318606e+02 -1.612528416695518558e+02 6.354660199935882048e+00 -5.000000000000000000e+02 -3.000000000000000000e+02 -1.500000000000000000e+01
-6.000000000000000000e+02 -4.000000000000000000e+02 -1.500000000000000000e+01 -4.166271435321241938e+02 -3.724823975699261496e+02 6.405608421339186620e+00 5.272019026561173405e+02 -2.849812177990054352e+02 -7.544931935203178952e+00 5.143935263856233178e+02 -2.982627061903504000e+02 5.041481782557616498e+02 5.052402886212954627e+02 -2.837767406619166195e+02 -2.163771681927157431e+01 5.123302246819947641e+02 -2.964364435540585987e+02 5.777328775838788033e+02 -3.002779459069506629e+02 -2.935530971032372349e+02 -1.441752927063155987e+01 -5.000000000000000000e+02 -3.000000000000000000e+02 -1.500000000000000000e+01
-6.000000000000000000e+02 -4.000000000000000000e+02 -1.500000000000000000e+01 5.803193001428843445e+02 1.034010576818043461e+02 -8.739845124573346169e+00 5.237697619557054622e+02 -2.891658230522796202e+02 -7.544931935203178952e+00 5.143935263856233178e+02 -2.982627061903504000e+02 4.981066309504639662e+02 5.052402886212954627e+02 -2.778531297296127605e+02 -1.108695635515393718e+01 5.005886296587058268e+02 -2.534882495610963815e+02 3.948982977597459580e+02 1.019032769884017398e+03 -2.945732038126433281e+02 -5.070032647116780034e+00 -5.000000000000000000e+02 -3.000000000000000000e+02 -1.500000000000000000e+01
-6.000000000000000000e+02 -4.000000000000000000e+02 -1.500000000000000000e+01 5.013661314216126357e+02 -2.496496380743493830e+02 -6.388528265697416053e+00 5.237697619557054622e+02 -2.891658230522796202e+02 -7.544931935203178952e+00 5.143935263856233178e+02 -2.982627061903504000e+02 4.981066309504639662e+02 5.052402886212954627e+02 -2.778531297296127605e+02 -1.620155924398601854e+01 5.121805264007842879e+02 -2.946385168981364586e+02 5.771971211986308390e+02 4.873332025589963905e+02 -2.014337219339967078e+02 -1.740887171490392404e+01 -5.000000000000000000e+02 -3.000000000000000000e+02 -1.500000000000000000e+01
-6.000000000000000000e+02 -4.000000000000000000e+02 -1.500000000000000000e+01 5.013661314216126357e+02 -2.496496380743493830e+02 -6.388528265697416053e+00 5.272019026561173405e+02 -2.849812177990054352e+02 -7.544931935203178952e+00 5.143935263856233178e+02 -2.982627061903504000e+02 5.041481782557616498e+02 5.052402886212954627e+02 -2.837767406619166195e+02 -2.163771681927157431e+01 5.113304194767209196e+02 -2.946385168981364586e+02 5.771971211986308390e+02 -3.910369663321272924e+02 -2.991186365827719555e+02 -9.840717570340654419e+00 -5.000000000000000000e+02 -3.000000000000000000e+02 -1.500000000000000000e+01
-6.000000000000000000e+02 -4.000000000000000000e+02 -1.500000000000000000e+01 -4.166271435321241938e+02 -3.724823975699261496e+02 6.405608421339186620e+00 5.272019026561173405e+02 -2.849812177990054352e+02 -7.544931935203178952e+00 5.143935263856233178e+02 -2.982627061903504000e+02 4.981066309504639662e+02 5.052402886212954627e+02 -2.778531297296127605e+02 -1.620155924398601854e+01 5.123302246819947641e+02 -2.964364435540585987e+02 5.777328775838788033e+02 -3.002779459069506629e+02 -2.935530971032372349e+02 -1.441752927063155987e+01 -5.000000000000000000e+02 -3.000000000000000000e+02 -1.500000000000000000e+01
-6.000000000000000000e+02 -4.000000000000000000e+02 -1.500000000000000000e+01 5.013661314216126357e+02 -2.496496380743493830e+02 -6.388528265697416053e+00 5.237697619557054622e+02 -2.891658230522796202e+02 -7.544931935203178952e+00 5.143935263856233178e+02 -2.982627061903504000e+02 4.981066309504639662e+02 5.052402886212954627e+02 -2.837767406619166195e+02 -2.163771681927157431e+01 5.123884190525500344e+02 -2.953334068456899786e+02 5.777328775838788033e+02 4.873332025589963905e+02 -2.071025792512708108e+02 -9.277601483081754807e+00 -5.000000000000000000e+02 -3.000000000000000000e+02 -1.500000000000000000e+01
-6.000000000000000000e+02 -4.000000000000000000e+02 -1.500000000000000000e+01 -4.252597304364646220e+02 -9.517773640213315502e+02 3.826969669734475019e+02 2.429311185644997693e+02 -1.606219660495294761e+02 -4.318370321445112268e+02 4.833990174096993542e+02 -1.980868308657274781e+02 -5.339997855547535366e+00 5.042001453406475662e+02 -2.692067299596299108e+02 -1.685809866537730528e+01 5.113304194767209196e+02 -2.946385168981364586e+02 5.771971211986308390e+02 4.520902522831318606e+02 -1.648755931599345672e+02 -1.287851410598621182e+00 -5.000000000000000000e+02 -3.000000000000000000e+02 -1.500000000000000000e+01
-6.000000000000000000e+02 -4.000000000000000000e+02 -1.500000000000000000e+01 5.013661314216126357e+02 -2.496496380743493830e+02 -6.388528265697416053e+00 5.237697619557054622e+02 -2.891658230522796202e+02 -7.544931935203178952e+00 5.143935263856233178e+02 -2.982627061903504000e+02 4.981066309504639662e+02 5.052402886212954627e+02 -2.778531297296127605e+02 -1.108695635515393718e+01 5.113304194767209196e+02 -2.946385168981364586e+02 5.771971211986308390e+02 -3.003622537489129058e+02 -2.935530971032372349e+02 -1.441752927063155987e+01 -5.000000000000000000e+02 -3.000000000000000000e+02 -1.500000000000000000e+01
-6.000000000000000000e+02 -4.000000000000000000e+02 -1.500000000000000000e+01 5.013661314216126357e+02 -2.496496380743493830e+02 -6.388528265697416053e+00 5.237697619557054622e+02 -2.891658230522796202e+02 -7.544931935203178952e+00 5.347448297662537016e+02 -2.953544397331003211e+02 1.427186313938682227e+00 5.042001453406475662e+02 -2.786994327253642609e+02 -1.685809866537730528e+01 5.123884190525500344e+02 -2.953334068456899786e+02 5.777328775838788033e+02 -3.910369663321272924e+02 -2.991186365827719555e+02 -9.840717570340654419e+00 -5.000000000000000000e+02 -3.000000000000000000e+02 -1.500000000000000000e+01
-6.000000000000000000e+02 -4.000000000000000000e+02 -1.500000000000000000e+01 4.976552752896448055e+02 -2.496496380743493830e+02 -6.388528265697416053e+00 5.272019026561173405e+02 -2.849812177990054352e+02 -7.544931935203178952e+00 5.143935263856233178e+02 -2.982627061903504000e+02 5.041481782557616498e+02 5.052402886212954627e+02 -2.837767406619166195e+02 -2.163771681927157431e+01 5.113304194767209196e+02 -2.946385168981364586e+02 5.771971211986308390e+02 -3.003622537489129058e+02 -2.935530971032372349e+02 -1.441752927063155987e+01 -5.000000000000000000e+02 -3.000000000000000000e+02 -1.500000000000000000e+01
-6.000000000000000000e+02 -4.000000000000000000e+02 -1.500000000000000000e+01 5.013661314216126357e+02 -2.496496380743493830e+02 -6.388528265697416053e+00 5.286255221361965368e+02 -2.878023163806749380e+02 -1.097271446486162816e+01 5.143935263856233178e+02 -2.982627061903504000e+02 4.981066309504639662e+02 5.052402886212954627e+02 -2.778531297296127605e+02 -1.108695635515393718e+01 5.123302246819947641e+02 -2.964364435540585987e+02 5.777328775838788033e+02 -3.910369663321272924e+02 -2.991186365827719555e+02 -9.840717570340654419e+00 -5.000000000000000000e+02 -3.000000000000000000e+02 -1.500000000000000000e+01
-6.000000000000000000e+02 -4.000000000000000000e+02 -1.500000000000000000e+01 5.013661314216126357e+02 -2.496496380743493830e+02 -2.332940516466005754e+00 5.272019026561173405e+02 -2.849812177990054352e+02 -7.544931935203178952e+00 5.143935263856233178e+02 -2.982627061903504000e+02 4.981066309504639662e+02 5.052402886212954627e+02 -2.778531297296127605e+02 -1.108695635515393718e+01 5.123302246819947641e+02 -2.964364435540585987e+02 5.777328775838788033e+02 4.873332025589963905e+02 -2.071025792512708108e+02 -1.047126027312416774e+01 -5.000000000000000000e+02 -3.000000000000000000e+02 -1.500000000000000000e+01
-6.000000000000000000e+02 -4.000000000000000000e+02 -1.500000000000000000e+01 -4.252597304364646220e+02 -9.517773640213315502e+02 3.826969669734475019e+02 5.272019026561173405e+02 -2.849812177990054352e+02 -7.544931935203178952e+00 5.143935263856233178e+02 -2.982627061903504000e+02 5.041481782557616498e+02 5.052402886212954627e+02 -2.778531297296127605e+02 -1.620155924398601854e+01 5.005886296587058268e+02 -2.534882495610963815e+02 3.948982977597459580e+02 4.520902522831318606e+02 -1.612528416695518558e+02 6.354660199935882048e+00 -5.000000000000000000e+02 -3.000000000000000000e+02 -1.500000000000000000e+01
-6.000000000000000000e+02 -4.000000000000000000e+02 -1.500000000000000000e+01 -4.166271435321241938e+02 -3.724823975699261496e+02 6.405608421339186620e+00 -3.288979997923234464e+02 -3.560886177782549566e+02 1.125999777813813374e+01 5.001321058257801155e+02 -2.851143740568579688e+02 -1.564898719801084859e+01 5.030318864086143549e+02 -2.653674292617074570e+02 -1.900872243658274385e+01 4.984956211592628961e+02 -2.953334068456899786e+02 5.821880761113773133e+02 -3.910369663321272924e+02 -2.991186365827719555e+02 -9.840717570340654419e+00 -5.000000000000000000e+02 -3.000000000000000000e+02 -1.500000000000000000e+01
