-6.000000000000000000e+02 -4.000000000000000000e+02 -1.500000000000000000e+01 -4.027133651053455310e+02 -3.405972579766381045e+02 -1.081537868468457297e+01 -1.256873309273941430e+02 -2.609737352218692763e+02 -8.540894755791796911e+00 2.753982781914879396e+01 -2.202605932276756562e+02 -1.846275849447673068e+01 5.033885235969430028e+02 -2.765839341385007515e+02 -6.372240315751905655e+02 5.112037933881124445e+02 -2.968914759122870350e+02 5.168425366414983735e+00 -5.000000000000000000e+02 -3.000000000000000000e+02 -1.500000000000000000e+01
-6.000000000000000000e+02 -4.000000000000000000e+02 -1.500000000000000000e+01 -4.027133651053455310e+02 -3.405972579766381045e+02 -1.081537868468457297e+01 -1.256873309273941430e+02 -2.609737352218692763e+02 -8.540894755791796911e+00 2.753982781914879396e+01 -2.202605932276756562e+02 -1.846275849447673068e+01 3.184360366296488110e+02 -2.481841954478480545e+02 -2.688752336555928935e+00 5.126669221057470622e+02 -2.967514501545908274e+02 4.871730950117711814e+02 -5.000000000000000000e+02 -3.000000000000000000e+02 -1.500000000000000000e+01
-6.000000000000000000e+02 -4.000000000000000000e+02 -1.500000000000000000e+01 -4.027133651053455310e+02 -3.405972579766381045e+02 -1.081537868468457297e+01 -1.256873309273941430e+02 -2.609737352218692763e+02 -8.540894755791796911e+00 4.865735949540472802e+02 -2.170021633097416327e+02 -1.234559535949166786e+01 5.031885996426567544e+02 -2.767260361194759639e+02 -6.397533484093817151e+02 5.126669221057470622e+02 -2.967514501545908274e+02 4.871730950117711814e+02 -5.000000000000000000e+02 -3.000000000000000000e+02 -1.500000000000000000e+01
-6.000000000000000000e+02 -4.000000000000000000e+02 -1.500000000000000000e+01 6.010137554605418018e+02 -1.984070016742889777e+02 -3.442084454592355236e+00 3.924769808654358485e+02 -3.777294988282972099e+02 -5.796895172677714925e+00 4.861158664620856484e+02 -2.070676870873273003e+02 -1.415789085887816867e+01 5.033885235969430028e+02 -2.678031676240590286e+02 -7.094494628362860489e+00 5.126669221057470622e+02 -2.967514501545908274e+02 4.871730950117711814e+02 -5.000000000000000000e+02 -3.000000000000000000e+02 -1.500000000000000000e+01
-6.000000000000000000e+02 -4.000000000000000000e+02 -1.500000000000000000e+01 6.010137554605418018e+02 -1.984070016742889777e+02 -3.442084454592355236e+00 3.924769808654358485e+02 -3.777294988282972099e+02 -5.796895172677714925e+00 4.861158664620856484e+02 -2.070676870873273003e+02 -1.415789085887816867e+01 5.033885235969430028e+02 -2.678031676240590286e+02 -7.094494628362860489e+00 5.112037933881124445e+02 -2.968914759122870350e+02 5.168425366414983735e+00 -5.000000000000000000e+02 -3.000000000000000000e+02 -1.500000000000000000e+01
-6.000000000000000000e+02 -4.000000000000000000e+02 -1.500000000000000000e+01 -4.027133651053455310e+02 -3.405972579766381045e+02 -1.081537868468457297e+01 -1.256873309273941430e+02 -2.609737352218692763e+02 -8.540894755791796911e+00 4.832922939268008236e+02 -2.071025792512708108e+02 -1.047126027312416774e+01 5.024773685841673796e+02 -2.638198450708940186e+02 -5.653973352399085606e+00 5.112037933881124445e+02 -2.968914759122870350e+02 5.168425366414983735e+00 -5.000000000000000000e+02 -3.000000000000000000e+02 -1.500000000000000000e+01
-6.000000000000000000e+02 -4.000000000000000000e+02 -1.500000000000000000e+01 6.010137554605418018e+02 -1.984070016742889777e+02 -3.442084454592355236e+00 3.924769808654358485e+02 -3.777294988282972099e+02 -5.796895172677714925e+00 4.861158664620856484e+02 -2.052529964603645283e+02 -1.450347802568412092e+01 5.033885235969430028e+02 -2.678031676240590286e+02 -7.094494628362860489e+00 5.126669221057470622e+02 -2.967514501545908274e+02 4.871730950117711814e+02 -5.000000000000000000e+02 -3.000000000000000000e+02 -1.500000000000000000e+01
-6.000000000000000000e+02 -4.000000000000000000e+02 -1.500000000000000000e+01 6.010137554605418018e+02 -1.984070016742889777e+02 -3.442084454592355236e+00 3.924769808654358485e+02 -3.777294988282972099e+02 -5.796895172677714925e+00 4.861158664620856484e+02 -2.070676870873273003e+02 -1.415789085887816867e+01 5.050446388434932601e+02 -2.767260361194759639e+02 -6.397533484093817151e+02 5.112037933881124445e+02 -2.968914759122870350e+02 5.168425366414983735e+00 -5.000000000000000000e+02 -3.000000000000000000e+02 -1.500000000000000000e+01
-6.000000000000000000e+02 -4.000000000000000000e+02 -1.500000000000000000e+01 4.519103355164841105e+02 -1.622231686910807298e+02 1.189291455521443197e+01 4.725756115178182881e+02 -1.810018586632256472e+02 -6.520458813408618326e+00 4.861158664620856484e+02 -2.052529964603645283e+02 -1.450347802568412092e+01 5.050541705093268092e+02 -2.765839341385007515e+02 -6.372240315751905655e+02 5.145450711014299259e+02 -2.995419522903559937e+02 5.168425366414983735e+00 -5.000000000000000000e+02 -3.000000000000000000e+02 -1.500000000000000000e+01
-6.000000000000000000e+02 -4.000000000000000000e+02 -1.500000000000000000e+01 4.519103355164841105e+02 -1.622231686910807298e+02 1.189291455521443197e+01 4.725756115178182881e+02 -1.810018586632256472e+02 -6.520458813408618326e+00 4.861158664620856484e+02 -2.052529964603645283e+02 -1.450347802568412092e+01 5.050541705093268092e+02 -2.765839341385007515e+02 -6.372240315751905655e+02 5.112037933881124445e+02 -2.968914759122870350e+02 5.168425366414983735e+00 -5.000000000000000000e+02 -3.000000000000000000e+02 -1.500000000000000000e+01
-6.000000000000000000e+02 -4.000000000000000000e+02 -1.500000000000000000e+01 -3.458310277506855641e+02 -3.444965236811086697e+02 5.312522717888105035e+02 4.725756115178182881e+02 -1.810018586632256472e+02 -6.520458813408618326e+00 4.861158664620856484e+02 -2.052529964603645283e+02 -1.450347802568412092e+01 5.040275757415093381e+02 -2.685969243491901466e+02 -1.387966496722440546e+01 5.126669221057470622e+02 -2.967514501545908274e+02 4.871730950117711814e+02 -5.000000000000000000e+02 -3.000000000000000000e+02 -1.500000000000000000e+01
-6.000000000000000000e+02 -4.000000000000000000e+02 -1.500000000000000000e+01 -3.004120661527005041e+02 -3.359717737760046248e+02 7.865151824864567516e+02 2.439702393604783595e+02 -2.045060310453508237e+02 -1.163558521221526476e+01 4.861158664620856484e+02 -2.021847078596135532e+02 -1.645421057446750979e+01 5.024773685841673796e+02 -2.616462584592045459e+02 -6.814257503153197781e+00 5.126669221057470622e+02 -2.967514501545908274e+02 4.871730950117711814e+02 -5.000000000000000000e+02 -3.000000000000000000e+02 -1.500000000000000000e+01
-6.000000000000000000e+02 -4.000000000000000000e+02 -1.500000000000000000e+01 -4.027133651053455310e+02 -3.405972579766381045e+02 -1.081537868468457297e+01 -1.256873309273941430e+02 -2.609737352218692763e+02 -8.540894755791796911e+00 2.753982781914879396e+01 -2.202605932276756562e+02 -1.846275849447673068e+01 5.033885235969430028e+02 -2.765839341385007515e+02 -6.542187025503089899e+02 5.112037933881124445e+02 -2.968914759122870350e+02 5.168425366414983735e+00 -5.000000000000000000e+02 -3.000000000000000000e+02 -1.500000000000000000e+01
-6.000000000000000000e+02 -4.000000000000000000e+02 -1.500000000000000000e+01 -1.997290404428138686e+02 -7.101424065735134263e+02 -5.672519461151468434e-01 2.894636190781137657e+02 -1.560575539089569759e+02 2.963288698815557609e+02 4.882288689116989531e+02 -1.376824653155092051e+02 2.070924272075521912e+03 5.024773685841673796e+02 -2.616462584592045459e+02 -6.814257503153197781e+00 4.982053915961029134e+02 -3.213158917996593686e+02 4.917713222572622271e+02 -5.000000000000000000e+02 -3.000000000000000000e+02 -1.500000000000000000e+01
-6.000000000000000000e+02 -4.000000000000000000e+02 -1.500000000000000000e+01 4.519103355164841105e+02 -1.622231686910807298e+02 1.189291455521443197e+01 4.725756115178182881e+02 -1.810018586632256472e+02 -6.520458813408618326e+00 4.861158664620856484e+02 -2.052529964603645283e+02 -1.450347802568412092e+01 5.050446388434932601e+02 -2.767260361194759639e+02 -6.397533484093817151e+02 5.112037933881124445e+02 -2.968914759122870350e+02 5.168425366414983735e+00 -5.000000000000000000e+02 -3.000000000000000000e+02 -1.500000000000000000e+01
-6.000000000000000000e+02 -4.000000000000000000e+02 -1.500000000000000000e+01 6.010137554605418018e+02 -1.984070016742889777e+02 -3.442084454592355236e+00 3.924769808654358485e+02 -3.777294988282972099e+02 -5.796895172677714925e+00 4.861158664620856484e+02 -2.052529964603645283e+02 -1.450347802568412092e+01 5.050446388434932601e+02 -2.767260361194759639e+02 -6.397533484093817151e+02 5.112037933881124445e+02 -2.968914759122870350e+02 5.168425366414983735e+00 -5.000000000000000000e+02 -3.000000000000000000e+02 -1.500000000000000000e+01
-6.000000000000000000e+02 -4.000000000000000000e+02 -1.500000000000000000e+01 -4.027133651053455310e+02 -3.427464771507273440e+02 -1.081537868468457297e+01 -1.256873309273941430e+02 -2.609737352218692763e+02 -8.540894755791796911e+00 2.753982781914879396e+01 -2.202605932276756562e+02 1.724185217683987048e+03 5.037786824744861178e+02 -2.794736704846269504e+02 -6.372240315751905655e+02 5.145450711014299259e+02 -2.987283214114314092e+02 5.168425366414983735e+00 -5.000000000000000000e+02 -3.000000000000000000e+02 -1.500000000000000000e+01
-6.000000000000000000e+02 -4.000000000000000000e+02 -1.500000000000000000e+01 4.457908753782178906e+02 -1.622231686910807298e+02 1.368484889345079480e+01 4.725756115178182881e+02 -1.810018586632256472e+02 -6.520458813408618326e+00 3.809322740861290413e+02 -1.949095889812744247e+02 -1.481153133137414990e+01 8.303533339465342067e+01 -1.919980439202844593e+02 6.454794357700681218e+00 -1.297632600590490313e+02 -2.165865362863877408e+02 3.041041063905366286e+02 -5.000000000000000000e+02 -3.000000000000000000e+02 -1.500000000000000000e+01
-6.000000000000000000e+02 -4.000000000000000000e+02 -1.500000000000000000e+01 -5.110267237829622218e+02 -4.020432979888350928e+02 -1.995989227551103795e+01 -1.256873309273941430e+02 -2.609737352218692763e+02 -8.540894755791796911e+00 5.010104515268167802e+02 -2.045621394699822986e+02 -2.977522262118113616e+01 5.049760545977955530e+02 -2.765839341385007515e+02 -6.423532659223950532e+02 5.112037933881124445e+02 -2.968914759122870350e+02 5.168425366414983735e+00 -5.000000000000000000e+02 -3.000000000000000000e+02 -1.500000000000000000e+01
-6.000000000000000000e+02 -4.000000000000000000e+02 -1.500000000000000000e+01 -4.027133651053455310e+02 -3.405972579766381045e+02 -1.081537868468457297e+01 -1.256873309273941430e+02 -2.609737352218692763e+02 -8.540894755791796911e+00 2.753982781914879396e+01 -2.202605932276756562e+02 -1.846275849447673068e+01 5.040049944859391076e+02 -2.799997359357151936e+02 -7.555496523159471955e+00 5.215741063915686482e+02 -2.982999292283429895e+02 4.868629534104192658e+02 -5.000000000000000000e+02 -3.000000000000000000e+02 -1.500000000000000000e+01
-6.000000000000000000e+02 -4.000000000000000000e+02 -1.500000000000000000e+01 -3.458310277506855641e+02 -3.444965236811086697e+02 5.312522717888105035e+02 2.439702393604783595e+02 -2.045060310453508237e+02 -1.163558521221526476e+01 4.865735949540472802e+02 -2.170021633097416327e+02 -1.234559535949166786e+01 5.024773685841673796e+02 -2.638198450708940186e+02 -5.653973352399085606e+00 5.112037933881124445e+02 -2.968914759122870350e+02 5.168425366414983735e+00 -5.000000000000000000e+02 -3.000000000000000000e+02 -1.500000000000000000e+01
-6.000000000000000000e+02 -4.000000000000000000e+02 -1.500000000000000000e+01 -3.458310277506855641e+02 -3.444965236811086697e+02 5.312522717888105035e+02 2.439702393604783595e+02 -2.045060310453508237e+02 -1.267162239500720666e+01 4.865735949540472802e+02 -2.170021633097416327e+02 -1.234559535949166786e+01 5.024773685841673796e+02 -2.638198450708940186e+02 -5.653973352399085606e+00 5.112037933881124445e+02 -2.968914759122870350e+02 5.168425366414983735e+00 -5.000000000000000000e+02 -3.000000000000000000e+02 -1.500000000000000000e+01
-6.000000000000000000e+02 -4.000000000000000000e+02 -1.500000000000000000e+01 -5.110267237829622218e+02 -4.020432979888350928e+02 -1.995989227551103795e+01 -1.256873309273941430e+02 -2.609737352218692763e+02 -8.540894755791796911e+00 5.010104515268167802e+02 -2.045621394699822986e+02 -2.977522262118113616e+01 5.049760545977955530e+02 -2.765839341385007515e+02 -6.423532659223950532e+02 5.145450711014299259e+02 -2.995419522903559937e+02 5.168425366414983735e+00 -5.000000000000000000e+02 -3.000000000000000000e+02 -1.500000000000000000e+01
-6.000000000000000000e+02 -4.000000000000000000e+02 -1.500000000000000000e+01 -4.002901749703468113e+02 -3.380957585111221988e+02 -9.876649753259714615e+00 4.813732198674613301e+02 -1.892696846654611420e+02 2.722684633731138248e+01 5.010104515268167802e+02 -2.045621394699822986e+02 -2.977522262118113616e+01 5.050541705093268092e+02 -2.765839341385007515e+02 -6.372240315751905655e+02 5.112037933881124445e+02 -2.968914759122870350e+02 5.168425366414983735e+00 -5.000000000000000000e+02 -3.000000000000000000e+02 -1.500000000000000000e+01
-6.000000000000000000e+02 -4.000000000000000000e+02 -1.500000000000000000e+01 4.521185158379464610e+02 -1.622231686910807298e+02 1.368484889345079480e+01 5.372256311573648873e+02 -3.652390074343858828e+02 -8.976958541659705304e-01 4.861158664620856484e+02 -2.070676870873273003e+02 -1.415789085887816867e+01 5.040275757415093381e+02 -2.685969243491901466e+02 -1.387966496722440546e+01 5.126669221057470622e+02 -2.967514501545908274e+02 4.871730950117711814e+02 -5.000000000000000000e+02 -3.000000000000000000e+02 -1.500000000000000000e+01
-6.000000000000000000e+02 -4.000000000000000000e+02 -1.500000000000000000e+01 -1.958341653223243668e+02 -7.101424065735134263e+02 4.997923909688667621e+00 3.924769808654358485e+02 -3.777294988282972099e+02 -5.796895172677714925e+00 4.861158664620856484e+02 -2.070676870873273003e+02 -1.415789085887816867e+01 5.050446388434932601e+02 -2.767260361194759639e+02 -6.397533484093817151e+02 5.126669221057470622e+02 -2.967514501545908274e+02 4.871730950117711814e+02 -5.000000000000000000e+02 -3.000000000000000000e+02 -1.500000000000000000e+01
-6.000000000000000000e+02 -4.000000000000000000e+02 -1.500000000000000000e+01 -3.350764646534875055e+02 -3.505713726304943521e+02 -6.390013958505738501e+00 4.775375125886993715e+02 -1.944914133770489286e+02 -7.620898011705158126e+00 4.816527846021573964e+02 -2.064012674267932823e+02 -1.054550433323250580e+01 5.061710820201305410e+02 -2.736551223604951133e+02 -9.219881355186537064e+00 5.112037933881124445e+02 -2.968914759122870350e+02 5.168425366414983735e+00 -5.000000000000000000e+02 -3.000000000000000000e+02 -1.500000000000000000e+01
-6.000000000000000000e+02 -4.000000000000000000e+02 -1.500000000000000000e+01 -4.027133651053455310e+02 -3.405972579766381045e+02 -1.081537868468457297e+01 -1.256873309273941430e+02 -2.609737352218692763e+02 -8.540894755791796911e+00 4.865735949540472802e+02 -2.170021633097416327e+02 -1.234559535949166786e+01 5.024773685841673796e+02 -2.638198450708940186e+02 -5.653973352399085606e+00 5.112037933881124445e+02 -2.968914759122870350e+02 5.168425366414983735e+00 -5.000000000000000000e+02 -3.000000000000000000e+02 -1.500000000000000000e+01
-6.000000000000000000e+02 -4.000000000000000000e+02 -1.500000000000000000e+01 -1.997290404428138686e+02 -7.101424065735134263e+02 -5.672519461151468434e-01 4.725756115178182881e+02 -1.810018586632256472e+02 -6.520458813408618326e+00 4.861158664620856484e+02 -2.052529964603645283e+02 -1.450347802568412092e+01 5.050446388434932601e+02 -2.767260361194759639e+02 -6.397533484093817151e+02 5.126669221057470622e+02 -2.967514501545908274e+02 4.871730950117711814e+02 -5.000000000000000000e+02 -3.000000000000000000e+02 -1.500000000000000000e+01
-6.000000000000000000e+02 -4.000000000000000000e+02 -1.500000000000000000e+01 4.519103355164841105e+02 -1.622231686910807298e+02 1.189291455521443197e+01 5.372256311573648873e+02 -3.652390074343858828e+02 -8.976958541659705304e-01 4.861158664620856484e+02 -2.052529964603645283e+02 -1.450347802568412092e+01 5.050446388434932601e+02 -2.767260361194759639e+02 -6.397533484093817151e+02 5.126669221057470622e+02 -2.967514501545908274e+02 4.871730950117711814e+02 -5.000000000000000000e+02 -3.000000000000000000e+02 -1.500000000000000000e+01
-6.000000000000000000e+02 -4.000000000000000000e+02 -1.500000000000000000e+01 4.521185158379464610e+02 -1.622231686910807298e+02 1.368484889345079480e+01 3.924769808654358485e+02 -3.777294988282972099e+02 -5.796895172677714925e+00 4.861158664620856484e+02 -2.070676870873273003e+02 -1.415789085887816867e+01 5.040275757415093381e+02 -2.685969243491901466e+02 -1.387966496722440546e+01 5.126669221057470622e+02 -2.967514501545908274e+02 4.871730950117711814e+02 -5.000000000000000000e+02 -3.000000000000000000e+02 -1.500000000000000000e+01
-6.000000000000000000e+02 -4.000000000000000000e+02 -1.500000000000000000e+01 -3.926993245289322658e+02 -3.441555151098898477e+02 -1.381234171979715697e+01 -1.130281979045668521e+02 -2.626223267265998516e+02 6.326194937896854071e+02 3.351948481177728212e+01 -2.271259403382597100e+02 -3.510280126319149474e+01 3.151054984485336945e+02 -2.649096013923071951e+02 3.446533494201692065e+02 5.093464100155910046e+02 -2.926499645939653078e+02 1.665065676949348727e+01 -5.000000000000000000e+02 -3.000000000000000000e+02 -1.500000000000000000e+01
-6.000000000000000000e+02 -4.000000000000000000e+02 -1.500000000000000000e+01 -1.997290404428138686e+02 -7.101424065735134263e+02 -5.672519461151468434e-01 -1.532527779666254730e+02 -6.437430272689001640e+02 -6.441348039049980798e+02 -1.257154640523444442e+02 -5.158368354771504301e+02 -2.606504984169091443e+01 8.303533339465342067e+01 -1.919980439202844593e+02 6.454794357700681218e+00 -1.297632600590490313e+02 -2.165865362863877408e+02 3.041041063905366286e+02 -5.000000000000000000e+02 -3.000000000000000000e+02 -1.500000000000000000e+01
-6.000000000000000000e+02 -4.000000000000000000e+02 -1.500000000000000000e+01 4.457908753782178906e+02 -1.622231686910807298e+02 1.368484889345079480e+01 4.725756115178182881e+02 -1.810018586632256472e+02 -6.520458813408618326e+00 4.861158664620856484e+02 -2.052529964603645283e+02 -1.450347802568412092e+01 5.049760545977955530e+02 -2.765839341385007515e+02 -6.423532659223950532e+02 5.112037933881124445e+02 -2.968914759122870350e+02 5.168425366414983735e+00 -5.000000000000000000e+02 -3.000000000000000000e+02 -1.500000000000000000e+01
-6.000000000000000000e+02 -4.000000000000000000e+02 -1.500000000000000000e+01 -3.458310277506855641e+02 -3.444965236811086697e+02 5.312522717888105035e+02 2.439702393604783595e+02 -2.045060310453508237e+02 -1.163558521221526476e+01 4.861158664620856484e+02 -2.070676870873273003e+02 -1.415789085887816867e+01 5.040275757415093381e+02 -2.685969243491901466e+02 -1.387966496722440546e+01 5.126669221057470622e+02 -2.967514501545908274e+02 4.871730950117711814e+02 -5.000000000000000000e+02 -3.000000000000000000e+02 -1.500000000000000000e+01
-6.000000000000000000e+02 -4.000000000000000000e+02 -1.500000000000000000e+01 4.457908753782178906e+02 -1.622231686910807298e+02 1.368484889345079480e+01 2.894636190781137657e+02 -1.560575539089569759e+02 2.963288698815557609e+02 4.882288689116989531e+02 -1.376824653155092051e+02 2.070924272075521912e+03 5.040275757415093381e+02 -2.685969243491901466e+02 -1.387966496722440546e+01 4.982053915961029134e+02 -3.213158917996593686e+02 4.917713222572622271e+02 -5.000000000000000000e+02 -3.000000000000000000e+02 -1.500000000000000000e+01
-6.000000000000000000e+02 -4.000000000000000000e+02 -1.500000000000000000e+01 6.010137554605418018e+02 -1.984070016742889777e+02 -3.442084454592355236e+00 3.924769808654358485e+02 -3.777294988282972099e+02 -5.796895172677714925e+00 4.861158664620856484e+02 -2.070676870873273003e+02 -1.415789085887816867e+01 5.040275757415093381e+02 -2.685969243491901466e+02 -1.387966496722440546e+01 4.982053915961029134e+02 -3.213158917996593686e+02 4.917713222572622271e+02 -5.000000000000000000e+02 -3.000000000000000000e+02 -1.500000000000000000e+01
-6.000000000000000000e+02 -4.000000000000000000e+02 -1.500000000000000000e+01 -5.108280582402774712e+02 -4.059014251406827043e+02 -8.253561776285945228e+00 -1.514854734628886490e+02 -6.419891669873010187e+02 -6.441348039049980798e+02 -1.239714615316302400e+02 -5.165928284350793547e+02 -2.606504984169091443e+01 -3.604937907623624938e+02 -3.334151282658982041e+02 8.326147158817524314e+02 -4.870100726100612860e+02 -3.175463124692426504e+02 2.630633883893664233e+02 -5.000000000000000000e+02 -3.000000000000000000e+02 -1.500000000000000000e+01
-6.000000000000000000e+02 -4.000000000000000000e+02 -1.500000000000000000e+01 4.529680567573778944e+02 -1.622231686910807298e+02 1.189291455521443197e+01 2.894636190781137657e+02 -1.560575539089569759e+02 2.963288698815557609e+02 4.882288689116989531e+02 -1.376824653155092051e+02 2.070924272075521912e+03 5.033885235969430028e+02 -2.678031676240590286e+02 -7.094494628362860489e+00 5.126669221057470622e+02 -2.967514501545908274e+02 4.871730950117711814e+02 -5.000000000000000000e+02 -3.000000000000000000e+02 -1.500000000000000000e+01
-6.000000000000000000e+02 -4.000000000000000000e+02 -1.500000000000000000e+01 5.818094387548014765e+02 1.033388518675604928e+02 -1.750674637593466443e+01 2.422039045614651229e+02 -2.038434182568431083e+02 -7.522170398864404639e+00 4.861158664620856484e+02 -2.021847078596135532e+02 -1.645421057446750979e+01 5.033885235969430028e+02 -2.678031676240590286e+02 -7.094494628362860489e+00 5.126669221057470622e+02 -2.967514501545908274e+02 4.871730950117711814e+02 -5.000000000000000000e+02 -3.000000000000000000e+02 -1.500000000000000000e+01
-6.000000000000000000e+02 -4.000000000000000000e+02 -1.500000000000000000e+01 6.010137554605418018e+02 -1.984070016742889777e+02 -3.442084454592355236e+00 3.924769808654358485e+02 -3.777294988282972099e+02 -5.796895172677714925e+00 4.868548003003035660e+02 -2.080292508279300989e+02 8.610858202630749929e+02 5.050446388434932601e+02 -2.767260361194759639e+02 -6.397533484093817151e+02 5.112037933881124445e+02 -2.968914759122870350e+02 5.168425366414983735e+00 -5.000000000000000000e+02 -3.000000000000000000e+02 -1.500000000000000000e+01
-6.000000000000000000e+02 -4.000000000000000000e+02 -1.500000000000000000e+01 4.457908753782178906e+02 -1.622231686910807298e+02 1.368484889345079480e+01 4.725756115178182881e+02 -1.810018586632256472e+02 -6.520458813408618326e+00 4.861158664620856484e+02 -2.052529964603645283e+02 -1.450347802568412092e+01 5.050446388434932601e+02 -2.767260361194759639e+02 -6.397533484093817151e+02 5.112037933881124445e+02 -2.968914759122870350e+02 5.168425366414983735e+00 -5.000000000000000000e+02 -3.000000000000000000e+02 -1.500000000000000000e+01
-6.000000000000000000e+02 -4.000000000000000000e+02 -1.500000000000000000e+01 -3.325144838189240772e+02 -3.433192795994431208e+02 -9.483878540577682088e+02 4.762620741087386023e+02 -1.810018586632256472e+02 -6.520458813408618326e+00 4.861158664620856484e+02 -2.052529964603645283e+02 -1.450347802568412092e+01 5.024773685841673796e+02 -2.638198450708940186e+02 -5.653973352399085606e+00 5.112037933881124445e+02 -2.968914759122870350e+02 5.168425366414983735e+00 -5.000000000000000000e+02 -3.000000000000000000e+02 -1.500000000000000000e+01
-6.000000000000000000e+02 -4.000000000000000000e+02 -1.500000000000000000e+01 -1.433787481561265622e+02 -3.021787978410453661e+02 -4.275886954778840732e+00 2.439702393604783595e+02 -2.045060310453508237e+02 -1.163558521221526476e+01 4.861158664620856484e+02 -2.021847078596135532e+02 -1.645421057446750979e+01 5.024773685841673796e+02 -2.638198450708940186e+02 -5.653973352399085606e+00 4.969279662552426089e+02 -3.259605766571734193e+02 4.873047941536121357e+02 -5.000000000000000000e+02 -3.000000000000000000e+02 -1.500000000000000000e+01
-6.000000000000000000e+02 -4.000000000000000000e+02 -1.500000000000000000e+01 -4.027133651053455310e+02 -3.405972579766381045e+02 -1.081537868468457297e+01 -1.256873309273941430e+02 -2.609737352218692763e+02 -8.540894755791796911e+00 4.975357203426111710e+02 -2.901776760318886659e+02 2.072635757232142169e+03 5.011400151502159588e+02 -2.860032427315293262e+02 -1.387966496722440546e+01 5.112037933881124445e+02 -2.968914759122870350e+02 5.168425366414983735e+00 -5.000000000000000000e+02 -3.000000000000000000e+02 -1.500000000000000000e+01
-6.000000000000000000e+02 -4.000000000000000000e+02 -1.500000000000000000e+01 -4.027133651053455310e+02 -3.405972579766381045e+02 -1.081537868468457297e+01 -1.256873309273941430e+02 -2.609737352218692763e+02 -8.540894755791796911e+00 4.975357203426111710e+02 -2.901776760318886659e+02 2.072635757232142169e+03 5.011400151502159588e+02 -2.860032427315293262e+02 -1.387966496722440546e+01 5.095463869725116410e+02 -2.922253890713902251e+02 5.168425366414983735e+00 -5.000000000000000000e+02 -3.000000000000000000e+02 -1.500000000000000000e+01
-6.000000000000000000e+02 -4.000000000000000000e+02 -1.500000000000000000e+01 -4.078018581347390636e+02 -3.405972579766381045e+02 -5.917432587393884447e+00 -1.256873309273941430e+02 -2.609737352218692763e+02 -8.540894755791796911e+00 2.753982781914879396e+01 -2.202605932276756562e+02 -1.846275849447673068e+01 4.968452562629930753e+02 -2.765839341385007515e+02 -6.377191509947176655e+02 5.112037933881124445e+02 -2.968914759122870350e+02 5.168425366414983735e+00 -5.000000000000000000e+02 -3.000000000000000000e+02 -1.500000000000000000e+01
-6.000000000000000000e+02 -4.000000000000000000e+02 -1.500000000000000000e+01 4.519103355164841105e+02 -1.622231686910807298e+02 1.189291455521443197e+01 4.725756115178182881e+02 -1.810018586632256472e+02 -6.520458813408618326e+00 4.861158664620856484e+02 -2.021847078596135532e+02 -1.645421057446750979e+01 5.050446388434932601e+02 -2.767260361194759639e+02 -6.397533484093817151e+02 5.112037933881124445e+02 -2.968914759122870350e+02 5.168425366414983735e+00 -5.000000000000000000e+02 -3.000000000000000000e+02 -1.500000000000000000e+01
-6.000000000000000000e+02 -4.000000000000000000e+02 -1.500000000000000000e+01 5.818094387548014765e+02 1.033388518675604928e+02 -1.750674637593466443e+01 2.894636190781137657e+02 -1.560575539089569759e+02 2.963288698815557609e+02 4.882288689116989531e+02 -1.376824653155092051e+02 2.070924272075521912e+03 5.024773685841673796e+02 -2.690890821973157472e+02 -5.653973352399085606e+00 5.112037933881124445e+02 -2.968914759122870350e+02 5.168425366414983735e+00 -5.000000000000000000e+02 -3.000000000000000000e+02 -1.500000000000000000e+01
-6.000000000000000000e+02 -4.000000000000000000e+02 -1.500000000000000000e+01 -4.027133651053455310e+02 -3.405972579766381045e+02 -1.081537868468457297e+01 -1.256873309273941430e+02 -2.609737352218692763e+02 -8.540894755791796911e+00 2.753982781914879396e+01 -2.202605932276756562e+02 -1.846275849447673068e+01 5.095134412251678668e+02 -2.799997359357151936e+02 -7.555496523159471955e+00 5.258384410999146894e+02 -2.982999292283429895e+02 4.868629534104192658e+02 -5.000000000000000000e+02 -3.000000000000000000e+02 -1.500000000000000000e+01
-6.000000000000000000e+02 -4.000000000000000000e+02 -1.500000000000000000e+01 -3.489045975883063875e+02 -3.444965236811086697e+02 5.312522717888105035e+02 2.439702393604783595e+02 -2.045060310453508237e+02 -1.163558521221526476e+01 4.861158664620856484e+02 -2.021847078596135532e+02 -1.645421057446750979e+01 5.024773685841673796e+02 -2.638198450708940186e+02 -5.653973352399085606e+00 5.112037933881124445e+02 -2.968914759122870350e+02 5.168425366414983735e+00 -5.000000000000000000e+02 -3.000000000000000000e+02 -1.500000000000000000e+01
-6.000000000000000000e+02 -4.000000000000000000e+02 -1.500000000000000000e+01 5.818094387548014765e+02 1.033388518675604928e+02 -1.750674637593466443e+01 2.894636190781137657e+02 -1.560575539089569759e+02 2.963288698815557609e+02 4.882288689116989531e+02 -1.376824653155092051e+02 2.070924272075521912e+03 5.024773685841673796e+02 -2.690890821973157472e+02 -5.653973352399085606e+00 5.112037933881124445e+02 -2.968914759122870350e+02 6.903283065993668366e+00 -5.000000000000000000e+02 -3.000000000000000000e+02 -1.500000000000000000e+01
-6.000000000000000000e+02 -4.000000000000000000e+02 -1.500000000000000000e+01 4.519103355164841105e+02 -1.622231686910807298e+02 1.189291455521443197e+01 5.372256311573648873e+02 -3.652390074343858828e+02 -8.976958541659705304e-01 4.861158664620856484e+02 -2.052529964603645283e+02 -1.450347802568412092e+01 5.050541705093268092e+02 -2.765839341385007515e+02 -6.372240315751905655e+02 5.112037933881124445e+02 -2.968914759122870350e+02 5.168425366414983735e+00 -5.000000000000000000e+02 -3.000000000000000000e+02 -1.500000000000000000e+01
-6.000000000000000000e+02 -4.000000000000000000e+02 -1.500000000000000000e+01 -3.458310277506855641e+02 -3.444965236811086697e+02 5.312522717888105035e+02 2.422039045614651229e+02 -2.038434182568431083e+02 -7.522170398864404639e+00 4.861158664620856484e+02 -2.070676870873273003e+02 -1.415789085887816867e+01 5.037786824744861178e+02 -2.794736704846269504e+02 -6.372240315751905655e+02 5.145450711014299259e+02 -2.987283214114314092e+02 5.168425366414983735e+00 -5.000000000000000000e+02 -3.000000000000000000e+02 -1.500000000000000000e+01
-6.000000000000000000e+02 -4.000000000000000000e+02 -1.500000000000000000e+01 4.457908753782178906e+02 -1.622231686910807298e+02 1.368484889345079480e+01 4.725756115178182881e+02 -1.810018586632256472e+02 -6.520458813408618326e+00 4.861158664620856484e+02 -2.052529964603645283e+02 -1.450347802568412092e+01 5.050541705093268092e+02 -2.765839341385007515e+02 -6.372240315751905655e+02 5.145450711014299259e+02 -2.995419522903559937e+02 5.168425366414983735e+00 -5.000000000000000000e+02 -3.000000000000000000e+02 -1.500000000000000000e+01
-6.000000000000000000e+02 -4.000000000000000000e+02 -1.500000000000000000e+01 4.519103355164841105e+02 -1.622231686910807298e+02 1.189291455521443197e+01 4.725756115178182881e+02 -1.810018586632256472e+02 -6.520458813408618326e+00 4.861158664620856484e+02 -2.052529964603645283e+02 -1.450347802568412092e+01 8.598547845723369676e+01 -1.919980439202844593e+02 6.454794357700681218e+00 -1.297632600590490313e+02 -2.165865362863877408e+02 3.041041063905366286e+02 -5.000000000000000000e+02 -3.000000000000000000e+02 -1.500000000000000000e+01
-6.000000000000000000e+02 -4.000000000000000000e+02 -1.500000000000000000e+01 6.010137554605418018e+02 -1.984070016742889777e+02 -3.442084454592355236e+00 3.924769808654358485e+02 -3.777294988282972099e+02 -5.796895172677714925e+00 4.861158664620856484e+02 -2.070676870873273003e+02 -1.415789085887816867e+01 5.024773685841673796e+02 -2.638198450708940186e+02 -5.653973352399085606e+00 4.969279662552426089e+02 -3.259605766571734193e+02 4.873047941536121357e+02 -5.000000000000000000e+02 -3.000000000000000000e+02 -1.500000000000000000e+01
-6.000000000000000000e+02 -4.000000000000000000e+02 -1.500000000000000000e+01 4.457908753782178906e+02 -1.622231686910807298e+02 1.368484889345079480e+01 4.725756115178182881e+02 -1.810018586632256472e+02 -6.520458813408618326e+00 4.861158664620856484e+02 -2.052529964603645283e+02 -1.450347802568412092e+01 5.024773685841673796e+02 -2.638198450708940186e+02 -5.653973352399085606e+00 4.969279662552426089e+02 -3.259605766571734193e+02 4.873047941536121357e+02 -5.000000000000000000e+02 -3.000000000000000000e+02 -1.500000000000000000e+01
-6.000000000000000000e+02 -4.000000000000000000e+02 -1.500000000000000000e+01 -1.433787481561265622e+02 -3.021787978410453661e+02 -4.275886954778840732e+00 2.439702393604783595e+02 -2.045060310453508237e+02 -1.163558521221526476e+01 4.861158664620856484e+02 -2.021847078596135532e+02 -1.645421057446750979e+01 5.033885235969430028e+02 -2.685969243491901466e+02 -1.387966496722440546e+01 5.126669221057470622e+02 -2.967514501545908274e+02 4.871730950117711814e+02 -5.000000000000000000e+02 -3.000000000000000000e+02 -1.500000000000000000e+01
-6.000000000000000000e+02 -4.000000000000000000e+02 -1.500000000000000000e+01 4.457908753782178906e+02 -1.622231686910807298e+02 1.368484889345079480e+01 4.725756115178182881e+02 -1.810018586632256472e+02 -6.520458813408618326e+00 4.882288689116989531e+02 -1.376824653155092051e+02 2.070924272075521912e+03 8.303533339465342067e+01 -1.919980439202844593e+02 6.454794357700681218e+00 -1.297632600590490313e+02 -2.165865362863877408e+02 3.041041063905366286e+02 -5.000000000000000000e+02 -3.000000000000000000e+02 -1.500000000000000000e+01
-6.000000000000000000e+02 -4.000000000000000000e+02 -1.500000000000000000e+01 4.457908753782178906e+02 -1.622231686910807298e+02 1.368484889345079480e+01 4.725756115178182881e+02 -1.810018586632256472e+02 -6.520458813408618326e+00 4.861158664620856484e+02 -2.052529964603645283e+02 -1.450347802568412092e+01 8.598547845723369676e+01 -1.919980439202844593e+02 6.454794357700681218e+00 -1.297632600590490313e+02 -2.165865362863877408e+02 3.041041063905366286e+02 -5.000000000000000000e+02 -3.000000000000000000e+02 -1.500000000000000000e+01
-6.000000000000000000e+02 -4.000000000000000000e+02 -1.500000000000000000e+01 -4.027133651053455310e+02 -3.452841563496818367e+02 -1.081537868468457297e+01 2.930204414981238301e+02 -1.621777704067732202e+02 3.027766506602513346e+02 4.882288689116989531e+02 -1.376824653155092051e+02 2.076586025744126346e+03 9.105135011337549145e+01 -1.919980439202844593e+02 2.385306564369392675e+02 -1.297632600590490313e+02 -2.157893812366326358e+02 2.969733145927810369e+02 -5.000000000000000000e+02 -3.000000000000000000e+02 -1.500000000000000000e+01
-6.000000000000000000e+02 -4.000000000000000000e+02 -1.500000000000000000e+01 6.010137554605418018e+02 -1.984070016742889777e+02 -3.442084454592355236e+00 2.916190133481047155e+02 -1.560575539089569759e+02 2.950356222602620164e+02 4.882288689116989531e+02 -1.376824653155092051e+02 2.070924272075521912e+03 5.040275757415093381e+02 -2.685969243491901466e+02 -1.387966496722440546e+01 4.982053915961029134e+02 -3.213158917996593686e+02 4.917713222572622271e+02 -5.000000000000000000e+02 -3.000000000000000000e+02 -1.500000000000000000e+01
-6.000000000000000000e+02 -4.000000000000000000e+02 -1.500000000000000000e+01 4.519103355164841105e+02 -1.622231686910807298e+02 1.189291455521443197e+01 4.725756115178182881e+02 -1.810018586632256472e+02 -6.520458813408618326e+00 4.861158664620856484e+02 -2.052529964603645283e+02 -1.450347802568412092e+01 5.050541705093268092e+02 -2.765839341385007515e+02 -6.372240315751905655e+02 5.107261367830380436e+02 -2.968914759122870350e+02 5.168425366414983735e+00 -5.000000000000000000e+02 -3.000000000000000000e+02 -1.500000000000000000e+01
-6.000000000000000000e+02 -4.000000000000000000e+02 -1.500000000000000000e+01 -4.027133651053455310e+02 -3.452841563496818367e+02 -1.081537868468457297e+01 2.930204414981238301e+02 -1.621777704067732202e+02 3.027766506602513346e+02 4.882288689116989531e+02 -1.376824653155092051e+02 2.070924272075521912e+03 9.105135011337549145e+01 -1.919980439202844593e+02 2.385306564369392675e+02 -1.297632600590490313e+02 -2.157893812366326358e+02 2.969733145927810369e+02 -5.000000000000000000e+02 -3.000000000000000000e+02 -1.500000000000000000e+01
-6.000000000000000000e+02 -4.000000000000000000e+02 -1.500000000000000000e+01 -4.027133651053455310e+02 -3.405972579766381045e+02 -1.081537868468457297e+01 2.894636190781137657e+02 -1.560575539089569759e+02 2.963288698815557609e+02 4.882288689116989531e+02 -1.376824653155092051e+02 2.070924272075521912e+03 5.040049944859391076e+02 -2.739121574724696870e+02 -1.387966496722440546e+01 4.963292767639813405e+02 -2.914071104801342926e+02 4.879526468890128967e+02 -5.000000000000000000e+02 -3.000000000000000000e+02 -1.500000000000000000e+01
-6.000000000000000000e+02 -4.000000000000000000e+02 -1.500000000000000000e+01 -4.027133651053455310e+02 -3.405972579766381045e+02 -1.081537868468457297e+01 2.894636190781137657e+02 -1.560575539089569759e+02 2.963288698815557609e+02 4.882288689116989531e+02 -1.376824653155092051e+02 2.070924272075521912e+03 5.071756934194776250e+02 -2.638198450708940186e+02 -5.501271485112062543e+00 5.107261367830380436e+02 -2.968914759122870350e+02 5.168425366414983735e+00 -5.000000000000000000e+02 -3.000000000000000000e+02 -1.500000000000000000e+01
-6.000000000000000000e+02 -4.000000000000000000e+02 -1.500000000000000000e+01 4.521185158379464610e+02 -1.622231686910807298e+02 1.368484889345079480e+01 4.762620741087386023e+02 -1.810018586632256472e+02 -6.520458813408618326e+00 4.861158664620856484e+02 -2.052529964603645283e+02 -1.450347802568412092e+01 8.419319812486860144e+01 -1.919980439202844593e+02 6.454794357700681218e+00 -1.297632600590490313e+02 -2.165865362863877408e+02 3.073564541843837219e+02 -5.000000000000000000e+02 -3.000000000000000000e+02 -1.500000000000000000e+01
-6.000000000000000000e+02 -4.000000000000000000e+02 -1.500000000000000000e+01 4.529680567573778944e+02 -1.622231686910807298e+02 1.189291455521443197e+01 4.725756115178182881e+02 -1.810018586632256472e+02 -6.520458813408618326e+00 4.861158664620856484e+02 -2.052529964603645283e+02 -1.450347802568412092e+01 8.598547845723369676e+01 -1.919980439202844593e+02 6.454794357700681218e+00 -1.297632600590490313e+02 -2.165865362863877408e+02 3.041041063905366286e+02 -5.000000000000000000e+02 -3.000000000000000000e+02 -1.500000000000000000e+01
-6.000000000000000000e+02 -4.000000000000000000e+02 -1.500000000000000000e+01 -3.489045975883063875e+02 -3.444965236811086697e+02 5.312522717888105035e+02 2.439702393604783595e+02 -2.045060310453508237e+02 -1.163558521221526476e+01 4.882288689116989531e+02 -1.376824653155092051e+02 2.070924272075521912e+03 8.303533339465342067e+01 -1.919980439202844593e+02 6.454794357700681218e+00 -1.297632600590490313e+02 -2.165865362863877408e+02 3.041041063905366286e+02 -5.000000000000000000e+02 -3.000000000000000000e+02 -1.500000000000000000e+01
-6.000000000000000000e+02 -4.000000000000000000e+02 -1.500000000000000000e+01 4.519103355164841105e+02 -1.622231686910807298e+02 1.189291455521443197e+01 4.725756115178182881e+02 -1.810018586632256472e+02 -6.520458813408618326e+00 4.861158664620856484e+02 -2.021847078596135532e+02 -1.645421057446750979e+01 8.637804742190792240e+01 -1.932908950476150096e+02 8.264122840769760003e+00 -1.297632600590490313e+02 -2.165865362863877408e+02 3.041041063905366286e+02 -5.000000000000000000e+02 -3.000000000000000000e+02 -1.500000000000000000e+01
-6.000000000000000000e+02 -4.000000000000000000e+02 -1.500000000000000000e+01 -3.926993245289322658e+02 -3.441555151098898477e+02 -1.381234171979715697e+01 -1.130281979045668521e+02 -2.626223267265998516e+02 6.326194937896854071e+02 3.351948481177728212e+01 -2.271259403382597100e+02 -3.510280126319149474e+01 5.033885235969430028e+02 -2.685969243491901466e+02 -1.387966496722440546e+01 5.126669221057470622e+02 -2.967514501545908274e+02 4.871730950117711814e+02 -5.000000000000000000e+02 -3.000000000000000000e+02 -1.500000000000000000e+01
-6.000000000000000000e+02 -4.000000000000000000e+02 -1.500000000000000000e+01 -4.027133651053455310e+02 -3.405972579766381045e+02 -1.081537868468457297e+01 2.894636190781137657e+02 -1.560575539089569759e+02 2.963288698815557609e+02 4.882288689116989531e+02 -1.376824653155092051e+02 2.070924272075521912e+03 5.033885235969430028e+02 -2.678031676240590286e+02 -7.094494628362860489e+00 5.093464100155910046e+02 -2.926499645939653078e+02 1.665065676949348727e+01 -5.000000000000000000e+02 -3.000000000000000000e+02 -1.500000000000000000e+01
-6.000000000000000000e+02 -4.000000000000000000e+02 -1.500000000000000000e+01 4.519103355164841105e+02 -1.622231686910807298e+02 1.189291455521443197e+01 2.894636190781137657e+02 -1.560575539089569759e+02 2.963288698815557609e+02 4.882288689116989531e+02 -1.376824653155092051e+02 2.070924272075521912e+03 5.033885235969430028e+02 -2.678031676240590286e+02 -7.094494628362860489e+00 5.126669221057470622e+02 -2.967514501545908274e+02 4.871730950117711814e+02 -5.000000000000000000e+02 -3.000000000000000000e+02 -1.500000000000000000e+01
-6.000000000000000000e+02 -4.000000000000000000e+02 -1.500000000000000000e+01 -3.458310277506855641e+02 -3.444965236811086697e+02 5.312522717888105035e+02 2.439702393604783595e+02 -2.045060310453508237e+02 -1.163558521221526476e+01 3.771502225290241768e+02 -1.949095889812744247e+02 -1.481153133137414990e+01 5.024773685841673796e+02 -2.616462584592045459e+02 -6.814257503153197781e+00 5.126669221057470622e+02 -2.967514501545908274e+02 4.871730950117711814e+02 -5.000000000000000000e+02 -3.000000000000000000e+02 -1.500000000000000000e+01
-6.000000000000000000e+02 -4.000000000000000000e+02 -1.500000000000000000e+01 -3.980516301557885868e+02 -3.024327624451742622e+02 -8.981527821425951963e-01 -2.962424885445321934e+02 -2.473940724894484333e+02 4.085470371830754566e+00 -3.114653049086956571e+02 -2.025498923568532064e+02 -1.056428475540306096e+02 -3.692401357049046737e+02 -3.367960683567827687e+02 1.309620395543794757e+03 -4.870100726100612860e+02 -3.175463124692426504e+02 2.616112234796285065e+02 -5.000000000000000000e+02 -3.000000000000000000e+02 -1.500000000000000000e+01
-6.000000000000000000e+02 -4.000000000000000000e+02 -1.500000000000000000e+01 -4.027133651053455310e+02 -3.405972579766381045e+02 -1.081537868468457297e+01 4.725756115178182881e+02 -1.810018586632256472e+02 -6.520458813408618326e+00 4.861158664620856484e+02 -2.052529964603645283e+02 -1.450347802568412092e+01 5.040049944859391076e+02 -2.799997359357151936e+02 -7.555496523159471955e+00 5.126669221057470622e+02 -2.967514501545908274e+02 4.871730950117711814e+02 -5.000000000000000000e+02 -3.000000000000000000e+02 -1.500000000000000000e+01
-6.000000000000000000e+02 -4.000000000000000000e+02 -1.500000000000000000e+01 -1.958341653223243668e+02 -7.101424065735134263e+02 4.997923909688667621e+00 3.924769808654358485e+02 -3.777294988282972099e+02 -5.796895172677714925e+00 4.861158664620856484e+02 -2.070676870873273003e+02 -1.415789085887816867e+01 5.033885235969430028e+02 -2.678031676240590286e+02 -7.094494628362860489e+00 5.126669221057470622e+02 -2.967514501545908274e+02 4.871730950117711814e+02 -5.000000000000000000e+02 -3.000000000000000000e+02 -1.500000000000000000e+01
-6.000000000000000000e+02 -4.000000000000000000e+02 -1.500000000000000000e+01 4.519103355164841105e+02 -1.622231686910807298e+02 1.189291455521443197e+01 4.762620741087386023e+02 -1.810018586632256472e+02 -6.520458813408618326e+00 3.809322740861290413e+02 -1.949095889812744247e+02 -1.481153133137414990e+01 8.419319812486860144e+01 -1.919980439202844593e+02 6.454794357700681218e+00 -1.297632600590490313e+02 -2.165865362863877408e+02 3.073564541843837219e+02 -5.000000000000000000e+02 -3.000000000000000000e+02 -1.500000000000000000e+01
-6.000000000000000000e+02 -4.000000000000000000e+02 -1.500000000000000000e+01 -1.997290404428138686e+02 -7.101424065735134263e+02 -5.672519461151468434e-01 2.916190133481047155e+02 -1.560575539089569759e+02 2.950356222602620164e+02 4.882288689116989531e+02 -1.376824653155092051e+02 2.070924272075521912e+03 5.040275757415093381e+02 -2.685969243491901466e+02 -1.387966496722440546e+01 4.982053915961029134e+02 -3.213158917996593686e+02 4.917713222572622271e+02 -5.000000000000000000e+02 -3.000000000000000000e+02 -1.500000000000000000e+01
-6.000000000000000000e+02 -4.000000000000000000e+02 -1.500000000000000000e+01 -5.110267237829622218e+02 -4.020432979888350928e+02 -1.995989227551103795e+01 -1.256873309273941430e+02 -2.609737352218692763e+02 -8.540894755791796911e+00 5.010104515268167802e+02 -2.045621394699822986e+02 -2.977522262118113616e+01 5.050446388434932601e+02 -2.767260361194759639e+02 -6.397533484093817151e+02 5.126669221057470622e+02 -2.967514501545908274e+02 4.871730950117711814e+02 -5.000000000000000000e+02 -3.000000000000000000e+02 -1.500000000000000000e+01
-6.000000000000000000e+02 -4.000000000000000000e+02 -1.500000000000000000e+01 -1.997290404428138686e+02 -7.101424065735134263e+02 -5.672519461151468434e-01 2.916190133481047155e+02 -1.560575539089569759e+02 2.950356222602620164e+02 5.064417150346702101e+02 -1.376824653155092051e+02 9.723649963447749087e+02 5.071756934194776250e+02 -2.638198450708940186e+02 -5.501271485112062543e+00 4.969279662552426089e+02 -3.259605766571734193e+02 4.873047941536121357e+02 -5.000000000000000000e+02 -3.000000000000000000e+02 -1.500000000000000000e+01
-6.000000000000000000e+02 -4.000000000000000000e+02 -1.500000000000000000e+01 -4.027133651053455310e+02 -3.405972579766381045e+02 -1.081537868468457297e+01 4.725756115178182881e+02 -1.810018586632256472e+02 -6.520458813408618326e+00 4.861158664620856484e+02 -2.052529964603645283e+02 -1.450347802568412092e+01 5.024773685841673796e+02 -2.616462584592045459e+02 -6.814257503153197781e+00 5.112037933881124445e+02 -2.968914759122870350e+02 5.168425366414983735e+00 -5.000000000000000000e+02 -3.000000000000000000e+02 -1.500000000000000000e+01
-6.000000000000000000e+02 -4.000000000000000000e+02 -1.500000000000000000e+01 4.521185158379464610e+02 -1.622231686910807298e+02 1.368484889345079480e+01 2.916190133481047155e+02 -1.560575539089569759e+02 2.950356222602620164e+02 4.882288689116989531e+02 -1.376824653155092051e+02 2.070924272075521912e+03 5.024773685841673796e+02 -2.638198450708940186e+02 -5.653973352399085606e+00 4.969279662552426089e+02 -3.259605766571734193e+02 4.873047941536121357e+02 -5.000000000000000000e+02 -3.000000000000000000e+02 -1.500000000000000000e+01
-6.000000000000000000e+02 -4.000000000000000000e+02 -1.500000000000000000e+01 4.529680567573778944e+02 -1.622231686910807298e+02 1.189291455521443197e+01 4.725756115178182881e+02 -1.810018586632256472e+02 -6.520458813408618326e+00 4.882288689116989531e+02 -1.376824653155092051e+02 2.070924272075521912e+03 8.598547845723369676e+01 -1.919980439202844593e+02 6.454794357700681218e+00 -1.297632600590490313e+02 -2.165865362863877408e+02 3.041041063905366286e+02 -5.000000000000000000e+02 -3.000000000000000000e+02 -1.500000000000000000e+01
-6.000000000000000000e+02 -4.000000000000000000e+02 -1.500000000000000000e+01 4.457908753782178906e+02 -1.622231686910807298e+02 6.149260943446248184e+00 4.725756115178182881e+02 -1.810018586632256472e+02 -6.520458813408618326e+00 4.861158664620856484e+02 -2.052529964603645283e+02 -1.450347802568412092e+01 5.024773685841673796e+02 -2.638198450708940186e+02 -5.653973352399085606e+00 4.969279662552426089e+02 -3.259605766571734193e+02 4.873047941536121357e+02 -5.000000000000000000e+02 -3.000000000000000000e+02 -1.500000000000000000e+01
-6.000000000000000000e+02 -4.000000000000000000e+02 -1.500000000000000000e+01 -4.002901749703468113e+02 -3.407656992442259707e+02 -9.876649753259714615e+00 2.439702393604783595e+02 -2.045060310453508237e+02 -1.163558521221526476e+01 3.771502225290241768e+02 -1.949095889812744247e+02 -1.481153133137414990e+01 5.033885235969430028e+02 -2.685969243491901466e+02 -1.387966496722440546e+01 5.126669221057470622e+02 -2.967514501545908274e+02 4.871730950117711814e+02 -5.000000000000000000e+02 -3.000000000000000000e+02 -1.500000000000000000e+01
-6.000000000000000000e+02 -4.000000000000000000e+02 -1.500000000000000000e+01 4.457908753782178906e+02 -1.622231686910807298e+02 6.149260943446248184e+00 4.762620741087386023e+02 -1.810018586632256472e+02 -6.520458813408618326e+00 3.809322740861290413e+02 -1.949095889812744247e+02 -1.481153133137414990e+01 8.598547845723369676e+01 -1.919980439202844593e+02 6.454794357700681218e+00 -1.297632600590490313e+02 -2.165865362863877408e+02 3.073564541843837219e+02 -5.000000000000000000e+02 -3.000000000000000000e+02 -1.500000000000000000e+01
-6.000000000000000000e+02 -4.000000000000000000e+02 -1.500000000000000000e+01 -3.350764646534875055e+02 -3.505713726304943521e+02 -6.390013958505738501e+00 4.775375125886993715e+02 -1.944914133770489286e+02 -7.620898011705158126e+00 4.816527846021573964e+02 -2.064012674267932823e+02 -1.054550433323250580e+01 5.024773685841673796e+02 -2.638198450708940186e+02 -5.653973352399085606e+00 4.969279662552426089e+02 -3.259605766571734193e+02 4.873047941536121357e+02 -5.000000000000000000e+02 -3.000000000000000000e+02 -1.500000000000000000e+01
-6.000000000000000000e+02 -4.000000000000000000e+02 -1.500000000000000000e+01 4.521185158379464610e+02 -1.622231686910807298e+02 1.368484889345079480e+01 4.762620741087386023e+02 -1.810018586632256472e+02 -6.520458813408618326e+00 4.861158664620856484e+02 -2.052529964603645283e+02 -1.450347802568412092e+01 5.024773685841673796e+02 -2.638198450708940186e+02 -5.653973352399085606e+00 4.969279662552426089e+02 -3.259605766571734193e+02 4.873047941536121357e+02 -5.000000000000000000e+02 -3.000000000000000000e+02 -1.500000000000000000e+01
-6.000000000000000000e+02 -4.000000000000000000e+02 -1.500000000000000000e+01 4.519103355164841105e+02 -1.622231686910807298e+02 1.189291455521443197e+01 4.725756115178182881e+02 -1.810018586632256472e+02 -6.520458813408618326e+00 3.809322740861290413e+02 -1.949095889812744247e+02 -1.481153133137414990e+01 8.419319812486860144e+01 -1.919980439202844593e+02 6.454794357700681218e+00 -1.297632600590490313e+02 -2.165865362863877408e+02 3.073564541843837219e+02 -5.000000000000000000e+02 -3.000000000000000000e+02 -1.500000000000000000e+01
-6.000000000000000000e+02 -4.000000000000000000e+02 -1.500000000000000000e+01 -3.489045975883063875e+02 -3.444965236811086697e+02 5.312522717888105035e+02 2.439702393604783595e+02 -2.045060310453508237e+02 -1.163558521221526476e+01 4.856369993461016747e+02 -2.071025792512708108e+02 -1.047126027312416774e+01 5.040275757415093381e+02 -2.685969243491901466e+02 -1.387966496722440546e+01 5.126669221057470622e+02 -2.967514501545908274e+02 4.871730950117711814e+02 -5.000000000000000000e+02 -3.000000000000000000e+02 -1.500000000000000000e+01
-6.000000000000000000e+02 -4.000000000000000000e+02 -1.500000000000000000e+01 -3.458310277506855641e+02 -3.444965236811086697e+02 5.312522717888105035e+02 2.439702393604783595e+02 -2.045060310453508237e+02 -1.163558521221526476e+01 4.861158664620856484e+02 -2.070676870873273003e+02 -1.415789085887816867e+01 5.024773685841673796e+02 -2.690890821973157472e+02 -5.653973352399085606e+00 5.112037933881124445e+02 -2.968914759122870350e+02 5.168425366414983735e+00 -5.000000000000000000e+02 -3.000000000000000000e+02 -1.500000000000000000e+01
-6.000000000000000000e+02 -4.000000000000000000e+02 -1.500000000000000000e+01 5.818094387548014765e+02 1.033388518675604928e+02 -1.750674637593466443e+01 2.916190133481047155e+02 -1.560575539089569759e+02 2.950356222602620164e+02 4.882288689116989531e+02 -1.376824653155092051e+02 2.070924272075521912e+03 5.040275757415093381e+02 -2.685969243491901466e+02 -1.387966496722440546e+01 4.982053915961029134e+02 -3.213158917996593686e+02 4.917713222572622271e+02 -5.000000000000000000e+02 -3.000000000000000000e+02 -1.500000000000000000e+01
-6.000000000000000000e+02 -4.000000000000000000e+02 -1.500000000000000000e+01 4.519103355164841105e+02 -1.622231686910807298e+02 1.189291455521443197e+01 4.725756115178182881e+02 -1.810018586632256472e+02 -6.520458813408618326e+00 4.861158664620856484e+02 -2.052529964603645283e+02 -1.450347802568412092e+01 5.024773685841673796e+02 -2.638198450708940186e+02 -5.653973352399085606e+00 4.969279662552426089e+02 -3.259605766571734193e+02 4.873047941536121357e+02 -5.000000000000000000e+02 -3.000000000000000000e+02 -1.500000000000000000e+01
-6.000000000000000000e+02 -4.000000000000000000e+02 -1.500000000000000000e+01 -4.027133651053455310e+02 -3.405972579766381045e+02 -1.081537868468457297e+01 2.916190133481047155e+02 -1.560575539089569759e+02 2.950356222602620164e+02 4.882288689116989531e+02 -1.376824653155092051e+02 2.070924272075521912e+03 5.050541705093268092e+02 -2.765839341385007515e+02 -6.372240315751905655e+02 5.107261367830380436e+02 -2.968914759122870350e+02 5.168425366414983735e+00 -5.000000000000000000e+02 -3.000000000000000000e+02 -1.500000000000000000e+01
-6.000000000000000000e+02 -4.000000000000000000e+02 -1.500000000000000000e+01 -3.980516301557885868e+02 -3.073783525073465626e+02 -8.981527821425951963e-01 4.725756115178182881e+02 -1.810018586632256472e+02 -6.520458813408618326e+00 4.861158664620856484e+02 -2.052529964603645283e+02 -1.450347802568412092e+01 5.050446388434932601e+02 -2.767260361194759639e+02 -6.397533484093817151e+02 5.126669221057470622e+02 -2.967514501545908274e+02 4.871730950117711814e+02 -5.000000000000000000e+02 -3.000000000000000000e+02 -1.500000000000000000e+01
-6.000000000000000000e+02 -4.000000000000000000e+02 -1.500000000000000000e+01 4.521185158379464610e+02 -1.622231686910807298e+02 1.368484889345079480e+01 4.762620741087386023e+02 -1.810018586632256472e+02 -6.520458813408618326e+00 4.861158664620856484e+02 -2.021847078596135532e+02 -1.645421057446750979e+01 5.033885235969430028e+02 -2.678031676240590286e+02 -7.094494628362860489e+00 5.126669221057470622e+02 -2.967514501545908274e+02 4.871730950117711814e+02 -5.000000000000000000e+02 -3.000000000000000000e+02 -1.500000000000000000e+01
-6.000000000000000000e+02 -4.000000000000000000e+02 -1.500000000000000000e+01 4.521185158379464610e+02 -1.622231686910807298e+02 1.368484889345079480e+01 4.762620741087386023e+02 -1.810018586632256472e+02 -6.520458813408618326e+00 4.861158664620856484e+02 -2.052529964603645283e+02 -1.450347802568412092e+01 5.050446388434932601e+02 -2.767260361194759639e+02 -6.397533484093817151e+02 5.126669221057470622e+02 -2.967514501545908274e+02 4.871730950117711814e+02 -5.000000000000000000e+02 -3.000000000000000000e+02 -1.500000000000000000e+01
-6.000000000000000000e+02 -4.000000000000000000e+02 -1.500000000000000000e+01 -3.980516301557885868e+02 -3.073783525073465626e+02 -8.981527821425951963e-01 4.725756115178182881e+02 -1.810018586632256472e+02 -6.520458813408618326e+00 4.861158664620856484e+02 -2.052529964603645283e+02 -1.450347802568412092e+01 5.050541705093268092e+02 -2.765839341385007515e+02 -6.372240315751905655e+02 5.145450711014299259e+02 -2.995419522903559937e+02 5.168425366414983735e+00 -5.000000000000000000e+02 -3.000000000000000000e+02 -1.500000000000000000e+01
-6.000000000000000000e+02 -4.000000000000000000e+02 -1.500000000000000000e+01 -4.027133651053455310e+02 -3.405972579766381045e+02 -1.081537868468457297e+01 -1.256873309273941430e+02 -2.609737352218692763e+02 -8.540894755791796911e+00 4.975357203426111710e+02 -2.901776760318886659e+02 2.072635757232142169e+03 5.011400151502159588e+02 -2.860032427315293262e+02 -1.387966496722440546e+01 5.176882970791455136e+02 -2.945754592789725734e+02 4.854737392431104013e+02 -5.000000000000000000e+02 -3.000000000000000000e+02 -1.500000000000000000e+01
-6.000000000000000000e+02 -4.000000000000000000e+02 -1.500000000000000000e+01 4.457908753782178906e+02 -1.622231686910807298e+02 1.368484889345079480e+01 2.916190133481047155e+02 -1.560575539089569759e+02 2.950356222602620164e+02 4.882288689116989531e+02 -1.376824653155092051e+02 2.070924272075521912e+03 5.024773685841673796e+02 -2.638198450708940186e+02 -5.653973352399085606e+00 4.969279662552426089e+02 -3.259605766571734193e+02 4.873047941536121357e+02 -5.000000000000000000e+02 -3.000000000000000000e+02 -1.500000000000000000e+01
-6.000000000000000000e+02 -4.000000000000000000e+02 -1.500000000000000000e+01 -1.997290404428138686e+02 -7.101424065735134263e+02 -5.672519461151468434e-01 2.916190133481047155e+02 -1.560575539089569759e+02 2.950356222602620164e+02 4.882288689116989531e+02 -1.376824653155092051e+02 2.070924272075521912e+03 5.037786824744861178e+02 -2.794736704846269504e+02 -6.372240315751905655e+02 5.145450711014299259e+02 -2.987283214114314092e+02 5.168425366414983735e+00 -5.000000000000000000e+02 -3.000000000000000000e+02 -1.500000000000000000e+01
-6.000000000000000000e+02 -4.000000000000000000e+02 -1.500000000000000000e+01 4.519103355164841105e+02 -1.622231686910807298e+02 1.189291455521443197e+01 -1.220142979591468588e+02 -2.414342421048164340e+02 -1.181549909861289649e+01 4.861158664620856484e+02 -2.021847078596135532e+02 -1.645421057446750979e+01 5.033885235969430028e+02 -2.678031676240590286e+02 -7.094494628362860489e+00 5.112037933881124445e+02 -2.968914759122870350e+02 5.168425366414983735e+00 -5.000000000000000000e+02 -3.000000000000000000e+02 -1.500000000000000000e+01
-6.000000000000000000e+02 -4.000000000000000000e+02 -1.500000000000000000e+01 -4.027133651053455310e+02 -3.405972579766381045e+02 -1.081537868468457297e+01 -1.130281979045668521e+02 -2.626223267265998516e+02 6.326194937896854071e+02 3.351948481177728212e+01 -2.271259403382597100e+02 -3.510280126319149474e+01 5.040049944859391076e+02 -2.799997359357151936e+02 -7.555496523159471955e+00 5.112037933881124445e+02 -2.968914759122870350e+02 5.168425366414983735e+00 -5.000000000000000000e+02 -3.000000000000000000e+02 -1.500000000000000000e+01
-6.000000000000000000e+02 -4.000000000000000000e+02 -1.500000000000000000e+01 -4.027133651053455310e+02 -3.405972579766381045e+02 -1.081537868468457297e+01 -1.256873309273941430e+02 -2.609737352218692763e+02 -8.540894755791796911e+00 2.753982781914879396e+01 -2.202605932276756562e+02 -1.846275849447673068e+01 5.033885235969430028e+02 -2.765839341385007515e+02 -6.372240315751905655e+02 5.107261367830380436e+02 -2.968914759122870350e+02 5.168425366414983735e+00 -5.000000000000000000e+02 -3.000000000000000000e+02 -1.500000000000000000e+01
-6.000000000000000000e+02 -4.000000000000000000e+02 -1.500000000000000000e+01 4.521185158379464610e+02 -1.622231686910807298e+02 1.368484889345079480e+01 2.916190133481047155e+02 -1.560575539089569759e+02 2.950356222602620164e+02 4.882288689116989531e+02 -1.376824653155092051e+02 2.070924272075521912e+03 5.024773685841673796e+02 -2.690890821973157472e+02 -5.653973352399085606e+00 5.112037933881124445e+02 -2.968914759122870350e+02 5.168425366414983735e+00 -5.000000000000000000e+02 -3.000000000000000000e+02 -1.500000000000000000e+01
-6.000000000000000000e+02 -4.000000000000000000e+02 -1.500000000000000000e+01 -3.458310277506855641e+02 -3.444965236811086697e+02 5.312522717888105035e+02 2.439702393604783595e+02 -2.045060310453508237e+02 -1.163558521221526476e+01 3.809322740861290413e+02 -1.949095889812744247e+02 -1.481153133137414990e+01 5.040049944859391076e+02 -2.799997359357151936e+02 -7.555496523159471955e+00 5.215741063915686482e+02 -2.982999292283429895e+02 4.868629534104192658e+02 -5.000000000000000000e+02 -3.000000000000000000e+02 -1.500000000000000000e+01
-6.000000000000000000e+02 -4.000000000000000000e+02 -1.500000000000000000e+01 -1.997290404428138686e+02 -7.101424065735134263e+02 -5.672519461151468434e-01 -1.532527779666254730e+02 -6.437430272689001640e+02 -6.441348039049980798e+02 -1.257154640523444442e+02 -5.158368354771504301e+02 -2.606504984169091443e+01 8.303533339465342067e+01 -1.919980439202844593e+02 6.454794357700681218e+00 -1.297632600590490313e+02 -2.165865362863877408e+02 3.073564541843837219e+02 -5.000000000000000000e+02 -3.000000000000000000e+02 -1.500000000000000000e+01
-6.000000000000000000e+02 -4.000000000000000000e+02 -1.500000000000000000e+01 -3.489045975883063875e+02 -3.444965236811086697e+02 5.312522717888105035e+02 2.439702393604783595e+02 -2.045060310453508237e+02 -1.163558521221526476e+01 4.865735949540472802e+02 -2.170021633097416327e+02 -1.234559535949166786e+01 5.024773685841673796e+02 -2.638198450708940186e+02 -5.653973352399085606e+00 5.002006552267788493e+02 -3.259605766571734193e+02 4.892620620112350593e+02 -5.000000000000000000e+02 -3.000000000000000000e+02 -1.500000000000000000e+01
-6.000000000000000000e+02 -4.000000000000000000e+02 -1.500000000000000000e+01 4.457908753782178906e+02 -1.622231686910807298e+02 1.368484889345079480e+01 2.916190133481047155e+02 -1.560575539089569759e+02 2.950356222602620164e+02 4.882288689116989531e+02 -1.376824653155092051e+02 2.070924272075521912e+03 5.049760545977955530e+02 -2.765839341385007515e+02 -6.423532659223950532e+02 5.145450711014299259e+02 -2.995419522903559937e+02 5.168425366414983735e+00 -5.000000000000000000e+02 -3.000000000000000000e+02 -1.500000000000000000e+01
-6.000000000000000000e+02 -4.000000000000000000e+02 -1.500000000000000000e+01 4.519103355164841105e+02 -1.622231686910807298e+02 1.189291455521443197e+01 4.725756115178182881e+02 -1.810018586632256472e+02 -6.520458813408618326e+00 4.861158664620856484e+02 -2.052529964603645283e+02 -1.450347802568412092e+01 5.050446388434932601e+02 -2.767260361194759639e+02 -6.397533484093817151e+02 5.107261367830380436e+02 -2.968914759122870350e+02 5.168425366414983735e+00 -5.000000000000000000e+02 -3.000000000000000000e+02 -1.500000000000000000e+01
-6.000000000000000000e+02 -4.000000000000000000e+02 -1.500000000000000000e+01 -3.489045975883063875e+02 -3.444965236811086697e+02 5.312522717888105035e+02 2.422039045614651229e+02 -2.038434182568431083e+02 -7.522170398864404639e+00 4.882288689116989531e+02 -1.376824653155092051e+02 2.070924272075521912e+03 8.303533339465342067e+01 -1.919980439202844593e+02 6.454794357700681218e+00 -1.297632600590490313e+02 -2.165865362863877408e+02 3.041041063905366286e+02 -5.000000000000000000e+02 -3.000000000000000000e+02 -1.500000000000000000e+01
-6.000000000000000000e+02 -4.000000000000000000e+02 -1.500000000000000000e+01 5.818094387548014765e+02 1.033388518675604928e+02 -1.750674637593466443e+01 2.439702393604783595e+02 -2.045060310453508237e+02 -1.163558521221526476e+01 4.861158664620856484e+02 -2.021847078596135532e+02 -1.645421057446750979e+01 5.050446388434932601e+02 -2.767260361194759639e+02 -6.397533484093817151e+02 5.126669221057470622e+02 -2.967514501545908274e+02 4.871730950117711814e+02 -5.000000000000000000e+02 -3.000000000000000000e+02 -1.500000000000000000e+01
-6.000000000000000000e+02 -4.000000000000000000e+02 -1.500000000000000000e+01 -1.997290404428138686e+02 -7.101424065735134263e+02 -5.672519461151468434e-01 -1.532527779666254730e+02 -6.437430272689001640e+02 -6.441348039049980798e+02 -1.560670775646718482e+02 -5.274075408261803659e+02 -5.481241179903309835e+00 5.050446388434932601e+02 -2.767260361194759639e+02 -6.397533484093817151e+02 5.126669221057470622e+02 -2.967514501545908274e+02 4.871730950117711814e+02 -5.000000000000000000e+02 -3.000000000000000000e+02 -1.500000000000000000e+01
-6.000000000000000000e+02 -4.000000000000000000e+02 -1.500000000000000000e+01 -1.997290404428138686e+02 -7.101424065735134263e+02 -5.672519461151468434e-01 2.916190133481047155e+02 -1.560575539089569759e+02 2.950356222602620164e+02 4.882288689116989531e+02 -1.376824653155092051e+02 2.070924272075521912e+03 5.033885235969430028e+02 -2.678031676240590286e+02 -7.094494628362860489e+00 5.126669221057470622e+02 -2.967514501545908274e+02 4.871730950117711814e+02 -5.000000000000000000e+02 -3.000000000000000000e+02 -1.500000000000000000e+01
-6.000000000000000000e+02 -4.000000000000000000e+02 -1.500000000000000000e+01 4.521185158379464610e+02 -1.622231686910807298e+02 1.368484889345079480e+01 4.762620741087386023e+02 -1.810018586632256472e+02 -6.520458813408618326e+00 4.861158664620856484e+02 -2.021847078596135532e+02 -1.645421057446750979e+01 8.303533339465342067e+01 -1.919980439202844593e+02 6.454794357700681218e+00 -1.297632600590490313e+02 -2.165865362863877408e+02 3.041041063905366286e+02 -5.000000000000000000e+02 -3.000000000000000000e+02 -1.500000000000000000e+01
-6.000000000000000000e+02 -4.000000000000000000e+02 -1.500000000000000000e+01 -4.027133651053455310e+02 -3.405972579766381045e+02 -1.081537868468457297e+01 -1.130281979045668521e+02 -2.626223267265998516e+02 6.326194937896854071e+02 3.351948481177728212e+01 -2.271259403382597100e+02 -3.510280126319149474e+01 5.049760545977955530e+02 -2.765839341385007515e+02 -6.423532659223950532e+02 5.112037933881124445e+02 -2.968914759122870350e+02 5.168425366414983735e+00 -5.000000000000000000e+02 -3.000000000000000000e+02 -1.500000000000000000e+01
-6.000000000000000000e+02 -4.000000000000000000e+02 -1.500000000000000000e+01 -3.458310277506855641e+02 -3.444965236811086697e+02 5.312522717888105035e+02 4.725756115178182881e+02 -1.810018586632256472e+02 -6.520458813408618326e+00 4.861158664620856484e+02 -2.052529964603645283e+02 -1.450347802568412092e+01 5.024773685841673796e+02 -2.616462584592045459e+02 -6.814257503153197781e+00 5.126669221057470622e+02 -2.967514501545908274e+02 4.871730950117711814e+02 -5.000000000000000000e+02 -3.000000000000000000e+02 -1.500000000000000000e+01
-6.000000000000000000e+02 -4.000000000000000000e+02 -1.500000000000000000e+01 -4.027133651053455310e+02 -3.405972579766381045e+02 -1.081537868468457297e+01 -1.256873309273941430e+02 -2.609737352218692763e+02 -8.540894755791796911e+00 4.975357203426111710e+02 -2.901776760318886659e+02 2.072635757232142169e+03 5.040049944859391076e+02 -2.799997359357151936e+02 -7.555496523159471955e+00 5.215741063915686482e+02 -2.982999292283429895e+02 4.868629534104192658e+02 -5.000000000000000000e+02 -3.000000000000000000e+02 -1.500000000000000000e+01
-6.000000000000000000e+02 -4.000000000000000000e+02 -1.500000000000000000e+01 4.521185158379464610e+02 -1.622231686910807298e+02 1.368484889345079480e+01 4.762620741087386023e+02 -1.810018586632256472e+02 -6.520458813408618326e+00 4.861158664620856484e+02 -2.052529964603645283e+02 -1.450347802568412092e+01 5.040275757415093381e+02 -2.685969243491901466e+02 -1.387966496722440546e+01 5.126669221057470622e+02 -2.967514501545908274e+02 4.871730950117711814e+02 -5.000000000000000000e+02 -3.000000000000000000e+02 -1.500000000000000000e+01
-6.000000000000000000e+02 -4.000000000000000000e+02 -1.500000000000000000e+01 6.010137554605418018e+02 -1.984070016742889777e+02 -3.442084454592355236e+00 3.924769808654358485e+02 -3.777294988282972099e+02 -5.796895172677714925e+00 4.868548003003035660e+02 -2.080292508279300989e+02 8.610858202630749929e+02 5.033885235969430028e+02 -2.678031676240590286e+02 -7.094494628362860489e+00 5.126669221057470622e+02 -2.967514501545908274e+02 4.871730950117711814e+02 -5.000000000000000000e+02 -3.000000000000000000e+02 -1.500000000000000000e+01
-6.000000000000000000e+02 -4.000000000000000000e+02 -1.500000000000000000e+01 -4.027133651053455310e+02 -3.405972579766381045e+02 -1.081537868468457297e+01 -1.256873309273941430e+02 -2.609737352218692763e+02 -8.540894755791796911e+00 4.856369993461016747e+02 -2.071025792512708108e+02 -1.047126027312416774e+01 5.024773685841673796e+02 -2.638198450708940186e+02 -5.653973352399085606e+00 5.112037933881124445e+02 -2.968914759122870350e+02 5.168425366414983735e+00 -5.000000000000000000e+02 -3.000000000000000000e+02 -1.500000000000000000e+01
-6.000000000000000000e+02 -4.000000000000000000e+02 -1.500000000000000000e+01 4.519103355164841105e+02 -1.678265376275723213e+02 1.619124754476484895e+01 4.775375125886993715e+02 -1.944914133770489286e+02 -7.620898011705158126e+00 4.816527846021573964e+02 -2.064012674267932823e+02 -1.054550433323250580e+01 5.024773685841673796e+02 -2.616462584592045459e+02 -6.814257503153197781e+00 4.982053915961029134e+02 -3.213158917996593686e+02 4.917713222572622271e+02 -5.000000000000000000e+02 -3.000000000000000000e+02 -1.500000000000000000e+01
-6.000000000000000000e+02 -4.000000000000000000e+02 -1.500000000000000000e+01 4.457908753782178906e+02 -1.622231686910807298e+02 1.368484889345079480e+01 4.762620741087386023e+02 -1.810018586632256472e+02 -6.520458813408618326e+00 4.861158664620856484e+02 -2.052529964603645283e+02 -1.450347802568412092e+01 5.050541705093268092e+02 -2.765839341385007515e+02 -6.372240315751905655e+02 5.145450711014299259e+02 -2.995419522903559937e+02 5.168425366414983735e+00 -5.000000000000000000e+02 -3.000000000000000000e+02 -1.500000000000000000e+01
-6.000000000000000000e+02 -4.000000000000000000e+02 -1.500000000000000000e+01 -3.926993245289322658e+02 -3.441555151098898477e+02 -1.381234171979715697e+01 -1.130281979045668521e+02 -2.626223267265998516e+02 6.326194937896854071e+02 4.975357203426111710e+02 -2.901776760318886659e+02 2.072635757232142169e+03 5.011400151502159588e+02 -2.860032427315293262e+02 -1.387966496722440546e+01 5.126669221057470622e+02 -2.967514501545908274e+02 4.871730950117711814e+02 -5.000000000000000000e+02 -3.000000000000000000e+02 -1.500000000000000000e+01
-6.000000000000000000e+02 -4.000000000000000000e+02 -1.500000000000000000e+01 -4.027133651053455310e+02 -3.398437456562151056e+02 -4.819583226780746799e+00 -1.130281979045668521e+02 -2.626223267265998516e+02 6.326194937896854071e+02 3.351948481177728212e+01 -2.271259403382597100e+02 -3.510280126319149474e+01 5.050446388434932601e+02 -2.767260361194759639e+02 -6.397533484093817151e+02 5.112037933881124445e+02 -2.968914759122870350e+02 5.168425366414983735e+00 -5.000000000000000000e+02 -3.000000000000000000e+02 -1.500000000000000000e+01
-6.000000000000000000e+02 -4.000000000000000000e+02 -1.500000000000000000e+01 -4.027133651053455310e+02 -3.405972579766381045e+02 -1.081537868468457297e+01 2.916190133481047155e+02 -1.560575539089569759e+02 2.950356222602620164e+02 4.882288689116989531e+02 -1.376824653155092051e+02 2.070924272075521912e+03 5.033885235969430028e+02 -2.678031676240590286e+02 -7.094494628362860489e+00 5.126669221057470622e+02 -2.967514501545908274e+02 4.871730950117711814e+02 -5.000000000000000000e+02 -3.000000000000000000e+02 -1.500000000000000000e+01
-6.000000000000000000e+02 -4.000000000000000000e+02 -1.500000000000000000e+01 -3.364575088388986046e+02 -3.505713726304943521e+02 -6.390013958505738501e+00 4.775375125886993715e+02 -1.944914133770489286e+02 -7.620898011705158126e+00 4.816527846021573964e+02 -2.064012674267932823e+02 -1.054550433323250580e+01 5.024773685841673796e+02 -2.638198450708940186e+02 -5.653973352399085606e+00 5.112037933881124445e+02 -2.968914759122870350e+02 5.168425366414983735e+00 -5.000000000000000000e+02 -3.000000000000000000e+02 -1.500000000000000000e+01
-6.000000000000000000e+02 -4.000000000000000000e+02 -1.500000000000000000e+01 4.519103355164841105e+02 -1.678265376275723213e+02 1.619124754476484895e+01 4.775375125886993715e+02 -1.944914133770489286e+02 -7.620898011705158126e+00 4.816527846021573964e+02 -2.064012674267932823e+02 -1.054550433323250580e+01 5.031885996426567544e+02 -2.767260361194759639e+02 -6.397533484093817151e+02 5.112037933881124445e+02 -2.968914759122870350e+02 5.168425366414983735e+00 -5.000000000000000000e+02 -3.000000000000000000e+02 -1.500000000000000000e+01
-6.000000000000000000e+02 -4.000000000000000000e+02 -1.500000000000000000e+01 6.010137554605418018e+02 -1.984070016742889777e+02 -3.442084454592355236e+00 2.916190133481047155e+02 -1.560575539089569759e+02 2.950356222602620164e+02 5.064417150346702101e+02 -1.376824653155092051e+02 9.723649963447749087e+02 5.071756934194776250e+02 -2.638198450708940186e+02 -5.501271485112062543e+00 4.969279662552426089e+02 -3.259605766571734193e+02 4.873047941536121357e+02 -5.000000000000000000e+02 -3.000000000000000000e+02 -1.500000000000000000e+01
-6.000000000000000000e+02 -4.000000000000000000e+02 -1.500000000000000000e+01 -4.078018581347390636e+02 -3.405972579766381045e+02 -3.447443717363025684e+00 -1.256873309273941430e+02 -2.565161647809665055e+02 -8.540894755791796911e+00 2.753982781914879396e+01 -2.179652358944830155e+02 -1.846275849447673068e+01 5.029751759434089422e+02 -2.765839341385007515e+02 -6.377191509947176655e+02 5.112037933881124445e+02 -2.946521023791892162e+02 5.168425366414983735e+00 -5.000000000000000000e+02 -3.000000000000000000e+02 -1.500000000000000000e+01
-6.000000000000000000e+02 -4.000000000000000000e+02 -1.500000000000000000e+01 5.818094387548014765e+02 1.033388518675604928e+02 -1.750674637593466443e+01 2.916190133481047155e+02 -1.560575539089569759e+02 2.950356222602620164e+02 4.882288689116989531e+02 -1.376824653155092051e+02 2.070924272075521912e+03 5.024773685841673796e+02 -2.638198450708940186e+02 -5.653973352399085606e+00 4.969279662552426089e+02 -3.259605766571734193e+02 4.873047941536121357e+02 -5.000000000000000000e+02 -3.000000000000000000e+02 -1.500000000000000000e+01
-6.000000000000000000e+02 -4.000000000000000000e+02 -1.500000000000000000e+01 -4.027133651053455310e+02 -3.405972579766381045e+02 -1.081537868468457297e+01 2.916190133481047155e+02 -1.560575539089569759e+02 2.950356222602620164e+02 4.882288689116989531e+02 -1.376824653155092051e+02 2.070924272075521912e+03 5.024773685841673796e+02 -2.690890821973157472e+02 -5.653973352399085606e+00 5.112037933881124445e+02 -2.968914759122870350e+02 5.168425366414983735e+00 -5.000000000000000000e+02 -3.000000000000000000e+02 -1.500000000000000000e+01
-6.000000000000000000e+02 -4.000000000000000000e+02 -1.500000000000000000e+01 -1.997290404428138686e+02 -7.101424065735134263e+02 -5.672519461151468434e-01 2.422039045614651229e+02 -2.038434182568431083e+02 -7.522170398864404639e+00 -1.560670775646718482e+02 -5.274075408261803659e+02 -5.481241179903309835e+00 -3.692401357049046737e+02 -3.367960683567827687e+02 1.309620395543794757e+03 -4.870100726100612860e+02 -3.175463124692426504e+02 2.616112234796285065e+02 -5.000000000000000000e+02 -3.000000000000000000e+02 -1.500000000000000000e+01
-6.000000000000000000e+02 -4.000000000000000000e+02 -1.500000000000000000e+01 4.519103355164841105e+02 -1.622231686910807298e+02 1.189291455521443197e+01 4.762620741087386023e+02 -1.810018586632256472e+02 -6.520458813408618326e+00 4.861158664620856484e+02 -2.052529964603645283e+02 -1.450347802568412092e+01 5.033885235969430028e+02 -2.678031676240590286e+02 -7.094494628362860489e+00 5.126669221057470622e+02 -2.967514501545908274e+02 4.871730950117711814e+02 -5.000000000000000000e+02 -3.000000000000000000e+02 -1.500000000000000000e+01
-6.000000000000000000e+02 -4.000000000000000000e+02 -1.500000000000000000e+01 -4.027133651053455310e+02 -3.427464771507273440e+02 -1.081537868468457297e+01 2.916190133481047155e+02 -1.560575539089569759e+02 2.950356222602620164e+02 4.882288689116989531e+02 -1.376824653155092051e+02 2.070924272075521912e+03 5.024773685841673796e+02 -2.638198450708940186e+02 -5.653973352399085606e+00 4.969279662552426089e+02 -3.259605766571734193e+02 4.873047941536121357e+02 -5.000000000000000000e+02 -3.000000000000000000e+02 -1.500000000000000000e+01
-6.000000000000000000e+02 -4.000000000000000000e+02 -1.500000000000000000e+01 4.519103355164841105e+02 -1.622231686910807298e+02 1.189291455521443197e+01 4.762620741087386023e+02 -1.810018586632256472e+02 -6.520458813408618326e+00 4.861158664620856484e+02 -2.021847078596135532e+02 -1.645421057446750979e+01 5.050446388434932601e+02 -2.767260361194759639e+02 -6.397533484093817151e+02 5.126669221057470622e+02 -2.967514501545908274e+02 4.871730950117711814e+02 -5.000000000000000000e+02 -3.000000000000000000e+02 -1.500000000000000000e+01
-6.000000000000000000e+02 -4.000000000000000000e+02 -1.500000000000000000e+01 -1.997290404428138686e+02 -7.101424065735134263e+02 -5.672519461151468434e-01 4.762620741087386023e+02 -1.810018586632256472e+02 -6.520458813408618326e+00 4.861158664620856484e+02 -2.052529964603645283e+02 -1.450347802568412092e+01 5.033885235969430028e+02 -2.678031676240590286e+02 -7.094494628362860489e+00 5.126669221057470622e+02 -2.967514501545908274e+02 4.871730950117711814e+02 -5.000000000000000000e+02 -3.000000000000000000e+02 -1.500000000000000000e+01
-6.000000000000000000e+02 -4.000000000000000000e+02 -1.500000000000000000e+01 -4.027133651053455310e+02 -3.427464771507273440e+02 -1.081537868468457297e+01 2.916190133481047155e+02 -1.560575539089569759e+02 2.950356222602620164e+02 4.882288689116989531e+02 -1.376824653155092051e+02 2.070924272075521912e+03 5.024773685841673796e+02 -2.690890821973157472e+02 -5.653973352399085606e+00 -1.297632600590490313e+02 -2.165865362863877408e+02 3.041041063905366286e+02 -5.000000000000000000e+02 -3.000000000000000000e+02 -1.500000000000000000e+01
-6.000000000000000000e+02 -4.000000000000000000e+02 -1.500000000000000000e+01 4.519103355164841105e+02 -1.622231686910807298e+02 1.189291455521443197e+01 4.762620741087386023e+02 -1.810018586632256472e+02 -6.520458813408618326e+00 4.861158664620856484e+02 -2.021847078596135532e+02 -1.645421057446750979e+01 5.050446388434932601e+02 -2.767260361194759639e+02 -6.397533484093817151e+02 5.112037933881124445e+02 -2.968914759122870350e+02 5.168425366414983735e+00 -5.000000000000000000e+02 -3.000000000000000000e+02 -1.500000000000000000e+01
-6.000000000000000000e+02 -4.000000000000000000e+02 -1.500000000000000000e+01 4.521185158379464610e+02 -1.622231686910807298e+02 1.368484889345079480e+01 2.916190133481047155e+02 -1.560575539089569759e+02 2.950356222602620164e+02 4.882288689116989531e+02 -1.376824653155092051e+02 2.070924272075521912e+03 5.050446388434932601e+02 -2.767260361194759639e+02 -6.397533484093817151e+02 5.126669221057470622e+02 -2.967514501545908274e+02 4.871730950117711814e+02 -5.000000000000000000e+02 -3.000000000000000000e+02 -1.500000000000000000e+01
-6.000000000000000000e+02 -4.000000000000000000e+02 -1.500000000000000000e+01 6.010137554605418018e+02 -1.984070016742889777e+02 -3.442084454592355236e+00 3.924769808654358485e+02 -3.777294988282972099e+02 -5.796895172677714925e+00 4.861158664620856484e+02 -2.070676870873273003e+02 -1.415789085887816867e+01 5.033885235969430028e+02 -2.685969243491901466e+02 -1.387966496722440546e+01 5.112037933881124445e+02 -2.968914759122870350e+02 5.168425366414983735e+00 -5.000000000000000000e+02 -3.000000000000000000e+02 -1.500000000000000000e+01
-6.000000000000000000e+02 -4.000000000000000000e+02 -1.500000000000000000e+01 5.818094387548014765e+02 1.033388518675604928e+02 -1.750674637593466443e+01 2.916190133481047155e+02 -1.560575539089569759e+02 2.950356222602620164e+02 4.882288689116989531e+02 -1.376824653155092051e+02 2.070924272075521912e+03 5.024773685841673796e+02 -2.690890821973157472e+02 -5.653973352399085606e+00 5.107261367830380436e+02 -2.968914759122870350e+02 5.168425366414983735e+00 -5.000000000000000000e+02 -3.000000000000000000e+02 -1.500000000000000000e+01
-6.000000000000000000e+02 -4.000000000000000000e+02 -1.500000000000000000e+01 4.519103355164841105e+02 -1.622231686910807298e+02 1.189291455521443197e+01 4.725756115178182881e+02 -1.810018586632256472e+02 -6.520458813408618326e+00 4.882288689116989531e+02 -1.376824653155092051e+02 2.070924272075521912e+03 8.303533339465342067e+01 -1.919980439202844593e+02 6.454794357700681218e+00 -1.297632600590490313e+02 -2.165865362863877408e+02 3.041041063905366286e+02 -5.000000000000000000e+02 -3.000000000000000000e+02 -1.500000000000000000e+01
-6.000000000000000000e+02 -4.000000000000000000e+02 -1.500000000000000000e+01 -4.078018581347390636e+02 -3.405972579766381045e+02 -3.447443717363025684e+00 2.894636190781137657e+02 -1.560575539089569759e+02 2.963288698815557609e+02 4.882288689116989531e+02 -1.376824653155092051e+02 2.070924272075521912e+03 5.024773685841673796e+02 -2.638198450708940186e+02 -5.653973352399085606e+00 5.112037933881124445e+02 -2.946521023791892162e+02 5.168425366414983735e+00 -5.000000000000000000e+02 -3.000000000000000000e+02 -1.500000000000000000e+01
-6.000000000000000000e+02 -4.000000000000000000e+02 -1.500000000000000000e+01 -3.458310277506855641e+02 -3.444965236811086697e+02 5.312522717888105035e+02 4.725756115178182881e+02 -1.810018586632256472e+02 -6.520458813408618326e+00 4.882288689116989531e+02 -1.376824653155092051e+02 2.070924272075521912e+03 8.419319812486860144e+01 -1.919980439202844593e+02 6.454794357700681218e+00 -1.297632600590490313e+02 -2.165865362863877408e+02 3.041041063905366286e+02 -5.000000000000000000e+02 -3.000000000000000000e+02 -1.500000000000000000e+01
-6.000000000000000000e+02 -4.000000000000000000e+02 -1.500000000000000000e+01 -3.926993245289322658e+02 -3.441555151098898477e+02 -1.381234171979715697e+01 -1.130281979045668521e+02 -2.626223267265998516e+02 6.326194937896854071e+02 3.351948481177728212e+01 -2.271259403382597100e+02 -3.510280126319149474e+01 5.024773685841673796e+02 -2.616462584592045459e+02 -6.814257503153197781e+00 5.107261367830380436e+02 -2.954821898288854527e+02 -1.313783857258931675e+02 -5.000000000000000000e+02 -3.000000000000000000e+02 -1.500000000000000000e+01
-6.000000000000000000e+02 -4.000000000000000000e+02 -1.500000000000000000e+01 4.457908753782178906e+02 -1.622231686910807298e+02 1.368484889345079480e+01 4.725756115178182881e+02 -1.810018586632256472e+02 -6.520458813408618326e+00 4.865735949540472802e+02 -2.170021633097416327e+02 -1.234559535949166786e+01 5.024773685841673796e+02 -2.638198450708940186e+02 -5.653973352399085606e+00 4.969279662552426089e+02 -3.259605766571734193e+02 4.873047941536121357e+02 -5.000000000000000000e+02 -3.000000000000000000e+02 -1.500000000000000000e+01
-6.000000000000000000e+02 -4.000000000000000000e+02 -1.500000000000000000e+01 -3.926993245289322658e+02 -3.441555151098898477e+02 -1.381234171979715697e+01 -1.130281979045668521e+02 -2.626223267265998516e+02 6.326194937896854071e+02 3.351948481177728212e+01 -2.271259403382597100e+02 -3.510280126319149474e+01 5.024773685841673796e+02 -2.690890821973157472e+02 -5.653973352399085606e+00 5.112037933881124445e+02 -2.968914759122870350e+02 5.168425366414983735e+00 -5.000000000000000000e+02 -3.000000000000000000e+02 -1.500000000000000000e+01
-6.000000000000000000e+02 -4.000000000000000000e+02 -1.500000000000000000e+01 -3.458310277506855641e+02 -3.444965236811086697e+02 5.312522717888105035e+02 4.725756115178182881e+02 -1.810018586632256472e+02 -6.520458813408618326e+00 4.882288689116989531e+02 -1.376824653155092051e+02 2.070924272075521912e+03 8.419319812486860144e+01 -1.919980439202844593e+02 6.454794357700681218e+00 -1.297632600590490313e+02 -2.165865362863877408e+02 3.073564541843837219e+02 -5.000000000000000000e+02 -3.000000000000000000e+02 -1.500000000000000000e+01
-6.000000000000000000e+02 -4.000000000000000000e+02 -1.500000000000000000e+01 -1.997290404428138686e+02 -7.101424065735134263e+02 -5.672519461151468434e-01 2.916190133481047155e+02 -1.560575539089569759e+02 2.950356222602620164e+02 4.882288689116989531e+02 -1.376824653155092051e+02 2.070924272075521912e+03 5.024773685841673796e+02 -2.690890821973157472e+02 -5.653973352399085606e+00 5.112037933881124445e+02 -2.968914759122870350e+02 5.168425366414983735e+00 -5.000000000000000000e+02 -3.000000000000000000e+02 -1.500000000000000000e+01
-6.000000000000000000e+02 -4.000000000000000000e+02 -1.500000000000000000e+01 6.010137554605418018e+02 -1.984070016742889777e+02 -3.442084454592355236e+00 3.924769808654358485e+02 -3.777294988282972099e+02 -5.796895172677714925e+00 4.861158664620856484e+02 -2.070676870873273003e+02 -1.415789085887816867e+01 5.024773685841673796e+02 -2.690890821973157472e+02 -5.653973352399085606e+00 5.112037933881124445e+02 -2.968914759122870350e+02 5.168425366414983735e+00 -5.000000000000000000e+02 -3.000000000000000000e+02 -1.500000000000000000e+01
-6.000000000000000000e+02 -4.000000000000000000e+02 -1.500000000000000000e+01 4.519103355164841105e+02 -1.622231686910807298e+02 1.189291455521443197e+01 4.725756115178182881e+02 -1.810018586632256472e+02 -1.648954589589165209e+01 4.861158664620856484e+02 -1.967107701812655876e+02 -1.645421057446750979e+01 8.598547845723369676e+01 -1.919980439202844593e+02 6.454794357700681218e+00 -1.297632600590490313e+02 -2.165865362863877408e+02 3.041041063905366286e+02 -5.000000000000000000e+02 -3.000000000000000000e+02 -1.500000000000000000e+01
-6.000000000000000000e+02 -4.000000000000000000e+02 -1.500000000000000000e+01 6.010137554605418018e+02 -1.984070016742889777e+02 -3.442084454592355236e+00 3.924769808654358485e+02 -3.777294988282972099e+02 -5.796895172677714925e+00 4.868548003003035660e+02 -2.080292508279300989e+02 8.610858202630749929e+02 5.029751759434089422e+02 -2.765839341385007515e+02 -6.377191509947176655e+02 5.112037933881124445e+02 -2.946521023791892162e+02 5.168425366414983735e+00 -5.000000000000000000e+02 -3.000000000000000000e+02 -1.500000000000000000e+01
-6.000000000000000000e+02 -4.000000000000000000e+02 -1.500000000000000000e+01 -3.458310277506855641e+02 -3.444965236811086697e+02 5.312522717888105035e+02 2.439702393604783595e+02 -2.045060310453508237e+02 -1.163558521221526476e+01 4.865735949540472802e+02 -2.170021633097416327e+02 -1.234559535949166786e+01 5.024773685841673796e+02 -2.616462584592045459e+02 -6.814257503153197781e+00 5.107261367830380436e+02 -2.954821898288854527e+02 -1.313783857258931675e+02 -5.000000000000000000e+02 -3.000000000000000000e+02 -1.500000000000000000e+01
-6.000000000000000000e+02 -4.000000000000000000e+02 -1.500000000000000000e+01 -3.926993245289322658e+02 -3.441555151098898477e+02 -1.381234171979715697e+01 -1.130281979045668521e+02 -2.626223267265998516e+02 6.326194937896854071e+02 3.351948481177728212e+01 -2.271259403382597100e+02 -3.510280126319149474e+01 5.024773685841673796e+02 -2.690890821973157472e+02 -5.653973352399085606e+00 5.126669221057470622e+02 -2.967514501545908274e+02 4.871730950117711814e+02 -5.000000000000000000e+02 -3.000000000000000000e+02 -1.500000000000000000e+01
-6.000000000000000000e+02 -4.000000000000000000e+02 -1.500000000000000000e+01 -4.027133651053455310e+02 -3.405972579766381045e+02 -1.081537868468457297e+01 -1.256873309273941430e+02 -2.609737352218692763e+02 -8.540894755791796911e+00 3.351948481177728212e+01 -2.271259403382597100e+02 -3.510280126319149474e+01 5.033885235969430028e+02 -2.685969243491901466e+02 -1.387966496722440546e+01 5.112037933881124445e+02 -2.968914759122870350e+02 5.168425366414983735e+00 -5.000000000000000000e+02 -3.000000000000000000e+02 -1.500000000000000000e+01
-6.000000000000000000e+02 -4.000000000000000000e+02 -1.500000000000000000e+01 -4.027133651053455310e+02 -3.405972579766381045e+02 -1.081537868468457297e+01 2.916190133481047155e+02 -1.560575539089569759e+02 2.950356222602620164e+02 4.882288689116989531e+02 -1.376824653155092051e+02 2.070924272075521912e+03 5.024773685841673796e+02 -2.616462584592045459e+02 -6.814257503153197781e+00 4.982053915961029134e+02 -3.213158917996593686e+02 4.917713222572622271e+02 -5.000000000000000000e+02 -3.000000000000000000e+02 -1.500000000000000000e+01
-6.000000000000000000e+02 -4.000000000000000000e+02 -1.500000000000000000e+01 -4.027133651053455310e+02 -3.405972579766381045e+02 -3.741214545790088053e+00 -1.327440680319245701e+02 -2.648749638929836010e+02 -9.446522729162481369e+00 2.393112947870556795e+01 -2.202605932276756562e+02 -2.873591695450857131e+01 3.148244729224164757e+02 -2.565875773135686586e+02 3.262392689249951445e+02 5.126669221057470622e+02 -2.979470759262989077e+02 4.871730950117711814e+02 -5.000000000000000000e+02 -3.000000000000000000e+02 -1.500000000000000000e+01
-6.000000000000000000e+02 -4.000000000000000000e+02 -1.500000000000000000e+01 -3.926993245289322658e+02 -3.441555151098898477e+02 -1.381234171979715697e+01 -1.130281979045668521e+02 -2.626223267265998516e+02 6.326194937896854071e+02 2.753982781914879396e+01 -2.202605932276756562e+02 -1.846275849447673068e+01 5.040049944859391076e+02 -2.739121574724696870e+02 -1.387966496722440546e+01 5.112037933881124445e+02 -2.968914759122870350e+02 5.168425366414983735e+00 -5.000000000000000000e+02 -3.000000000000000000e+02 -1.500000000000000000e+01
-6.000000000000000000e+02 -4.000000000000000000e+02 -1.500000000000000000e+01 -3.926993245289322658e+02 -3.441555151098898477e+02 -1.381234171979715697e+01 -1.130281979045668521e+02 -2.626223267265998516e+02 6.326194937896854071e+02 3.351948481177728212e+01 -2.271259403382597100e+02 -3.510280126319149474e+01 5.024773685841673796e+02 -2.616462584592045459e+02 -6.814257503153197781e+00 5.112037933881124445e+02 -2.946521023791892162e+02 5.168425366414983735e+00 -5.000000000000000000e+02 -3.000000000000000000e+02 -1.500000000000000000e+01
-6.000000000000000000e+02 -4.000000000000000000e+02 -1.500000000000000000e+01 -3.926993245289322658e+02 -3.441555151098898477e+02 -1.381234171979715697e+01 -1.130281979045668521e+02 -2.626223267265998516e+02 6.326194937896854071e+02 4.975357203426111710e+02 -2.901776760318886659e+02 2.072635757232142169e+03 5.050446388434932601e+02 -2.767260361194759639e+02 -6.397533484093817151e+02 5.126669221057470622e+02 -2.967514501545908274e+02 4.871730950117711814e+02 -5.000000000000000000e+02 -3.000000000000000000e+02 -1.500000000000000000e+01
-6.000000000000000000e+02 -4.000000000000000000e+02 -1.500000000000000000e+01 -1.997290404428138686e+02 -7.101424065735134263e+02 -5.672519461151468434e-01 4.762620741087386023e+02 -1.810018586632256472e+02 -6.520458813408618326e+00 4.861158664620856484e+02 -2.052529964603645283e+02 -1.450347802568412092e+01 5.040275757415093381e+02 -2.685969243491901466e+02 -1.387966496722440546e+01 5.126669221057470622e+02 -2.967514501545908274e+02 4.871730950117711814e+02 -5.000000000000000000e+02 -3.000000000000000000e+02 -1.500000000000000000e+01
-6.000000000000000000e+02 -4.000000000000000000e+02 -1.500000000000000000e+01 4.519103355164841105e+02 -1.622231686910807298e+02 1.189291455521443197e+01 4.762620741087386023e+02 -1.810018586632256472e+02 -6.520458813408618326e+00 4.861158664620856484e+02 -2.021847078596135532e+02 -1.645421057446750979e+01 5.050446388434932601e+02 -2.767260361194759639e+02 -6.397533484093817151e+02 5.107261367830380436e+02 -2.968914759122870350e+02 5.168425366414983735e+00 -5.000000000000000000e+02 -3.000000000000000000e+02 -1.500000000000000000e+01
-6.000000000000000000e+02 -4.000000000000000000e+02 -1.500000000000000000e+01 -4.027133651053455310e+02 -3.405972579766381045e+02 -3.741214545790088053e+00 -1.327440680319245701e+02 -2.648749638929836010e+02 -9.446522729162481369e+00 2.393112947870556795e+01 -2.202605932276756562e+02 -2.873591695450857131e+01 3.148244729224164757e+02 -2.565875773135686586e+02 3.262392689249951445e+02 5.112037933881124445e+02 -2.968914759122870350e+02 5.168425366414983735e+00 -5.000000000000000000e+02 -3.000000000000000000e+02 -1.500000000000000000e+01
-6.000000000000000000e+02 -4.000000000000000000e+02 -1.500000000000000000e+01 4.457908753782178906e+02 -1.622231686910807298e+02 6.149260943446248184e+00 2.894636190781137657e+02 -1.560575539089569759e+02 2.963288698815557609e+02 4.882288689116989531e+02 -1.376824653155092051e+02 2.070924272075521912e+03 5.040049944859391076e+02 -2.799997359357151936e+02 -6.409408206223287152e+02 5.162247722036386222e+02 -2.982999292283429895e+02 4.868629534104192658e+02 -5.000000000000000000e+02 -3.000000000000000000e+02 -1.500000000000000000e+01
-6.000000000000000000e+02 -4.000000000000000000e+02 -1.500000000000000000e+01 -4.027133651053455310e+02 -3.405972579766381045e+02 -3.741214545790088053e+00 -1.327440680319245701e+02 -2.648749638929836010e+02 -9.446522729162481369e+00 2.393112947870556795e+01 -2.202605932276756562e+02 -2.873591695450857131e+01 3.148244729224164757e+02 -2.565875773135686586e+02 3.262392689249951445e+02 5.107261367830380436e+02 -2.968914759122870350e+02 5.168425366414983735e+00 -5.000000000000000000e+02 -3.000000000000000000e+02 -1.500000000000000000e+01
-6.000000000000000000e+02 -4.000000000000000000e+02 -1.500000000000000000e+01 -1.997290404428138686e+02 -7.101424065735134263e+02 -5.672519461151468434e-01 4.762620741087386023e+02 -1.810018586632256472e+02 -6.520458813408618326e+00 4.861158664620856484e+02 -2.052529964603645283e+02 -1.450347802568412092e+01 5.049760545977955530e+02 -2.765839341385007515e+02 -6.423532659223950532e+02 5.107261367830380436e+02 -2.968914759122870350e+02 5.168425366414983735e+00 -5.000000000000000000e+02 -3.000000000000000000e+02 -1.500000000000000000e+01
-6.000000000000000000e+02 -4.000000000000000000e+02 -1.500000000000000000e+01 -4.027133651053455310e+02 -3.427464771507273440e+02 -1.081537868468457297e+01 -1.130281979045668521e+02 -2.626223267265998516e+02 6.326194937896854071e+02 3.351948481177728212e+01 -2.271259403382597100e+02 -3.510280126319149474e+01 5.031885996426567544e+02 -2.767260361194759639e+02 -6.397533484093817151e+02 5.126669221057470622e+02 -2.967514501545908274e+02 4.871730950117711814e+02 -5.000000000000000000e+02 -3.000000000000000000e+02 -1.500000000000000000e+01
-6.000000000000000000e+02 -4.000000000000000000e+02 -1.500000000000000000e+01 -5.064016563284408790e+02 -4.032120244762269863e+02 -1.134421876803110507e+01 -1.532527779666254730e+02 -6.437430272689001640e+02 -6.441348039049980798e+02 -1.547320152695249078e+02 -5.633776486880191214e+02 1.544209244307761310e+03 -3.692401357049046737e+02 -3.446759470051181893e+02 1.308893073936700375e+03 -4.870100726100612860e+02 -3.175463124692426504e+02 2.616112234796285065e+02 -5.000000000000000000e+02 -3.000000000000000000e+02 -1.500000000000000000e+01
-6.000000000000000000e+02 -4.000000000000000000e+02 -1.500000000000000000e+01 -3.926993245289322658e+02 -3.441555151098898477e+02 -1.381234171979715697e+01 2.894636190781137657e+02 -1.560575539089569759e+02 2.963288698815557609e+02 4.882288689116989531e+02 -1.376824653155092051e+02 2.070924272075521912e+03 5.037786824744861178e+02 -2.794736704846269504e+02 -6.372240315751905655e+02 5.145450711014299259e+02 -2.987283214114314092e+02 5.168425366414983735e+00 -5.000000000000000000e+02 -3.000000000000000000e+02 -1.500000000000000000e+01
-6.000000000000000000e+02 -4.000000000000000000e+02 -1.500000000000000000e+01 -3.458310277506855641e+02 -3.444965236811086697e+02 5.312522717888105035e+02 2.422039045614651229e+02 -2.038434182568431083e+02 -7.522170398864404639e+00 -1.560670775646718482e+02 -5.274075408261803659e+02 -5.481241179903309835e+00 -3.692401357049046737e+02 -3.367960683567827687e+02 1.309620395543794757e+03 -4.870100726100612860e+02 -3.175463124692426504e+02 2.616112234796285065e+02 -5.000000000000000000e+02 -3.000000000000000000e+02 -1.500000000000000000e+01
-6.000000000000000000e+02 -4.000000000000000000e+02 -1.500000000000000000e+01 -3.980516301557885868e+02 -3.073783525073465626e+02 -8.981527821425951963e-01 4.762620741087386023e+02 -1.810018586632256472e+02 -6.520458813408618326e+00 4.861158664620856484e+02 -2.052529964603645283e+02 -1.450347802568412092e+01 5.050541705093268092e+02 -2.765839341385007515e+02 -6.372240315751905655e+02 5.112037933881124445e+02 -2.968914759122870350e+02 5.168425366414983735e+00 -5.000000000000000000e+02 -3.000000000000000000e+02 -1.500000000000000000e+01
-6.000000000000000000e+02 -4.000000000000000000e+02 -1.500000000000000000e+01 -4.027133651053455310e+02 -3.427464771507273440e+02 -1.081537868468457297e+01 2.894636190781137657e+02 -1.560575539089569759e+02 2.963288698815557609e+02 4.882288689116989531e+02 -1.376824653155092051e+02 2.070924272075521912e+03 8.598547845723369676e+01 -1.919980439202844593e+02 6.454794357700681218e+00 5.032703678573009256e+02 -1.018219102565018375e+02 -1.568397035337483203e-01 -5.000000000000000000e+02 -3.000000000000000000e+02 -1.500000000000000000e+01
-6.000000000000000000e+02 -4.000000000000000000e+02 -1.500000000000000000e+01 -1.997290404428138686e+02 -7.101424065735134263e+02 -5.672519461151468434e-01 4.762620741087386023e+02 -1.810018586632256472e+02 -6.520458813408618326e+00 4.861158664620856484e+02 -2.052529964603645283e+02 -1.450347802568412092e+01 5.050446388434932601e+02 -2.767260361194759639e+02 -6.397533484093817151e+02 5.112037933881124445e+02 -2.968914759122870350e+02 5.168425366414983735e+00 -5.000000000000000000e+02 -3.000000000000000000e+02 -1.500000000000000000e+01
-6.000000000000000000e+02 -4.000000000000000000e+02 -1.500000000000000000e+01 -1.997290404428138686e+02 -7.101424065735134263e+02 -5.672519461151468434e-01 2.916190133481047155e+02 -1.560575539089569759e+02 2.950356222602620164e+02 4.882288689116989531e+02 -1.376824653155092051e+02 2.070924272075521912e+03 5.071756934194776250e+02 -2.638198450708940186e+02 -5.501271485112062543e+00 5.107261367830380436e+02 -2.968914759122870350e+02 5.168425366414983735e+00 -5.000000000000000000e+02 -3.000000000000000000e+02 -1.500000000000000000e+01
-6.000000000000000000e+02 -4.000000000000000000e+02 -1.500000000000000000e+01 -4.027133651053455310e+02 -3.405972579766381045e+02 -3.741214545790088053e+00 -1.327440680319245701e+02 -2.648749638929836010e+02 -9.446522729162481369e+00 2.393112947870556795e+01 -2.202605932276756562e+02 -2.873591695450857131e+01 3.148244729224164757e+02 -2.565875773135686586e+02 3.262392689249951445e+02 5.126669221057470622e+02 -2.967514501545908274e+02 4.871730950117711814e+02 -5.000000000000000000e+02 -3.000000000000000000e+02 -1.500000000000000000e+01
-6.000000000000000000e+02 -4.000000000000000000e+02 -1.500000000000000000e+01 -4.078018581347390636e+02 -3.405972579766381045e+02 -3.447443717363025684e+00 2.894636190781137657e+02 -1.560575539089569759e+02 2.963288698815557609e+02 4.882288689116989531e+02 -1.376824653155092051e+02 2.070924272075521912e+03 5.040275757415093381e+02 -2.685969243491901466e+02 -1.387966496722440546e+01 5.112037933881124445e+02 -2.946521023791892162e+02 5.168425366414983735e+00 -5.000000000000000000e+02 -3.000000000000000000e+02 -1.500000000000000000e+01
-6.000000000000000000e+02 -4.000000000000000000e+02 -1.500000000000000000e+01 -1.997290404428138686e+02 -7.101424065735134263e+02 3.978342678639388286e-01 2.916190133481047155e+02 -1.560575539089569759e+02 2.950356222602620164e+02 5.064417150346702101e+02 -1.376824653155092051e+02 9.723649963447749087e+02 5.024773685841673796e+02 -2.690890821973157472e+02 -4.059493233733526836e+02 5.107261367830380436e+02 -2.954821898288854527e+02 -1.313783857258931675e+02 -5.000000000000000000e+02 -3.000000000000000000e+02 -1.500000000000000000e+01
-6.000000000000000000e+02 -4.000000000000000000e+02 -1.500000000000000000e+01 6.010137554605418018e+02 -1.984070016742889777e+02 -3.442084454592355236e+00 2.916190133481047155e+02 -1.560575539089569759e+02 2.950356222602620164e+02 4.882288689116989531e+02 -1.376824653155092051e+02 2.070924272075521912e+03 5.024773685841673796e+02 -2.638198450708940186e+02 -5.653973352399085606e+00 4.969279662552426089e+02 -3.259605766571734193e+02 4.873047941536121357e+02 -5.000000000000000000e+02 -3.000000000000000000e+02 -1.500000000000000000e+01
-6.000000000000000000e+02 -4.000000000000000000e+02 -1.500000000000000000e+01 -4.027133651053455310e+02 -3.427464771507273440e+02 -1.081537868468457297e+01 2.916190133481047155e+02 -1.560575539089569759e+02 2.950356222602620164e+02 4.882288689116989531e+02 -1.376824653155092051e+02 2.070924272075521912e+03 5.024773685841673796e+02 -2.690890821973157472e+02 -5.653973352399085606e+00 5.107261367830380436e+02 -2.968914759122870350e+02 5.168425366414983735e+00 -5.000000000000000000e+02 -3.000000000000000000e+02 -1.500000000000000000e+01
-6.000000000000000000e+02 -4.000000000000000000e+02 -1.500000000000000000e+01 -3.926993245289322658e+02 -3.441555151098898477e+02 -1.381234171979715697e+01 -1.130281979045668521e+02 -2.626223267265998516e+02 6.326194937896854071e+02 3.351948481177728212e+01 -2.271259403382597100e+02 -3.510280126319149474e+01 5.033885235969430028e+02 -2.685969243491901466e+02 -1.387966496722440546e+01 5.112037933881124445e+02 -2.946521023791892162e+02 5.168425366414983735e+00 -5.000000000000000000e+02 -3.000000000000000000e+02 -1.500000000000000000e+01
-6.000000000000000000e+02 -4.000000000000000000e+02 -1.500000000000000000e+01 4.457908753782178906e+02 -1.622231686910807298e+02 1.368484889345079480e+01 4.725756115178182881e+02 -1.810018586632256472e+02 -6.520458813408618326e+00 4.861158664620856484e+02 -2.052529964603645283e+02 -1.450347802568412092e+01 5.037786824744861178e+02 -2.794736704846269504e+02 -6.372240315751905655e+02 5.145450711014299259e+02 -2.987283214114314092e+02 5.168425366414983735e+00 -5.000000000000000000e+02 -3.000000000000000000e+02 -1.500000000000000000e+01
-6.000000000000000000e+02 -4.000000000000000000e+02 -1.500000000000000000e+01 4.519103355164841105e+02 -1.622231686910807298e+02 1.189291455521443197e+01 4.725756115178182881e+02 -1.810018586632256472e+02 -6.520458813408618326e+00 4.861158664620856484e+02 -2.052529964603645283e+02 -1.450347802568412092e+01 5.040049944859391076e+02 -2.799997359357151936e+02 -1.127807996832372339e+01 5.133561077194524387e+02 -2.982999292283429895e+02 4.868629534104192658e+02 -5.000000000000000000e+02 -3.000000000000000000e+02 -1.500000000000000000e+01
-6.000000000000000000e+02 -4.000000000000000000e+02 -1.500000000000000000e+01 -3.926993245289322658e+02 -3.441555151098898477e+02 -1.381234171979715697e+01 2.894636190781137657e+02 -1.560575539089569759e+02 2.963288698815557609e+02 4.882288689116989531e+02 -1.376824653155092051e+02 2.070924272075521912e+03 5.049760545977955530e+02 -2.765839341385007515e+02 -6.423532659223950532e+02 5.112037933881124445e+02 -2.968914759122870350e+02 5.168425366414983735e+00 -5.000000000000000000e+02 -3.000000000000000000e+02 -1.500000000000000000e+01
-6.000000000000000000e+02 -4.000000000000000000e+02 -1.500000000000000000e+01 5.818094387548014765e+02 1.033388518675604928e+02 -1.750674637593466443e+01 2.916190133481047155e+02 -1.560575539089569759e+02 2.950356222602620164e+02 5.064417150346702101e+02 -1.376824653155092051e+02 9.723649963447749087e+02 5.071756934194776250e+02 -2.638198450708940186e+02 -5.501271485112062543e+00 5.002006552267788493e+02 -3.259605766571734193e+02 4.892620620112350593e+02 -5.000000000000000000e+02 -3.000000000000000000e+02 -1.500000000000000000e+01
-6.000000000000000000e+02 -4.000000000000000000e+02 -1.500000000000000000e+01 -3.926993245289322658e+02 -3.441555151098898477e+02 -1.381234171979715697e+01 2.916190133481047155e+02 -1.560575539089569759e+02 2.950356222602620164e+02 5.064417150346702101e+02 -1.376824653155092051e+02 9.723649963447749087e+02 5.071756934194776250e+02 -2.638198450708940186e+02 -5.501271485112062543e+00 4.969279662552426089e+02 -3.259605766571734193e+02 4.873047941536121357e+02 -5.000000000000000000e+02 -3.000000000000000000e+02 -1.500000000000000000e+01
-6.000000000000000000e+02 -4.000000000000000000e+02 -1.500000000000000000e+01 -3.489045975883063875e+02 -3.444965236811086697e+02 5.312522717888105035e+02 4.762620741087386023e+02 -1.810018586632256472e+02 -6.520458813408618326e+00 4.882288689116989531e+02 -1.376824653155092051e+02 2.070924272075521912e+03 8.598547845723369676e+01 -1.919980439202844593e+02 6.454794357700681218e+00 -1.297632600590490313e+02 -2.165865362863877408e+02 3.041041063905366286e+02 -5.000000000000000000e+02 -3.000000000000000000e+02 -1.500000000000000000e+01
-6.000000000000000000e+02 -4.000000000000000000e+02 -1.500000000000000000e+01 -3.458310277506855641e+02 -3.444965236811086697e+02 5.312522717888105035e+02 2.439702393604783595e+02 -2.045060310453508237e+02 -1.163558521221526476e+01 4.861158664620856484e+02 -2.070676870873273003e+02 -1.415789085887816867e+01 5.040049944859391076e+02 -2.799997359357151936e+02 -7.555496523159471955e+00 5.162247722036386222e+02 -2.982999292283429895e+02 4.868629534104192658e+02 -5.000000000000000000e+02 -3.000000000000000000e+02 -1.500000000000000000e+01
-6.000000000000000000e+02 -4.000000000000000000e+02 -1.500000000000000000e+01 -4.027133651053455310e+02 -3.405972579766381045e+02 -1.081537868468457297e+01 -1.256873309273941430e+02 -2.609737352218692763e+02 -8.540894755791796911e+00 4.865735949540472802e+02 -2.149801618499603535e+02 -1.234559535949166786e+01 5.040049944859391076e+02 -2.799997359357151936e+02 -6.409408206223287152e+02 5.215741063915686482e+02 -2.982999292283429895e+02 4.868629534104192658e+02 -5.000000000000000000e+02 -3.000000000000000000e+02 -1.500000000000000000e+01
-6.000000000000000000e+02 -4.000000000000000000e+02 -1.500000000000000000e+01 -3.458310277506855641e+02 -3.444965236811086697e+02 5.312522717888105035e+02 4.762620741087386023e+02 -1.810018586632256472e+02 -6.520458813408618326e+00 4.861158664620856484e+02 -2.052529964603645283e+02 -1.450347802568412092e+01 8.419319812486860144e+01 -1.919980439202844593e+02 6.454794357700681218e+00 -1.297632600590490313e+02 -2.165865362863877408e+02 3.041041063905366286e+02 -5.000000000000000000e+02 -3.000000000000000000e+02 -1.500000000000000000e+01
-6.000000000000000000e+02 -4.000000000000000000e+02 -1.500000000000000000e+01 -1.997290404428138686e+02 -7.101424065735134263e+02 -5.672519461151468434e-01 -1.532527779666254730e+02 -6.437430272689001640e+02 -6.441348039049980798e+02 -1.547320152695249078e+02 -5.633776486880191214e+02 1.544209244307761310e+03 -3.692401357049046737e+02 -3.446759470051181893e+02 1.308893073936700375e+03 -4.870100726100612860e+02 -3.175463124692426504e+02 2.616112234796285065e+02 -5.000000000000000000e+02 -3.000000000000000000e+02 -1.500000000000000000e+01
-6.000000000000000000e+02 -4.000000000000000000e+02 -1.500000000000000000e+01 -4.027133651053455310e+02 -3.405972579766381045e+02 -1.081537868468457297e+01 -1.256873309273941430e+02 -2.609737352218692763e+02 -8.540894755791796911e+00 4.975357203426111710e+02 -2.901776760318886659e+02 2.072635757232142169e+03 5.011400151502159588e+02 -2.860032427315293262e+02 -1.387966496722440546e+01 5.112037933881124445e+02 -2.946521023791892162e+02 5.168425366414983735e+00 -5.000000000000000000e+02 -3.000000000000000000e+02 -1.500000000000000000e+01
-6.000000000000000000e+02 -4.000000000000000000e+02 -1.500000000000000000e+01 4.521185158379464610e+02 -1.622231686910807298e+02 1.368484889345079480e+01 4.762620741087386023e+02 -1.810018586632256472e+02 -6.520458813408618326e+00 4.861158664620856484e+02 -2.021847078596135532e+02 -1.645421057446750979e+01 5.033885235969430028e+02 -2.678031676240590286e+02 -7.094494628362860489e+00 5.095463869725116410e+02 -2.922253890713902251e+02 5.168425366414983735e+00 -5.000000000000000000e+02 -3.000000000000000000e+02 -1.500000000000000000e+01
-6.000000000000000000e+02 -4.000000000000000000e+02 -1.500000000000000000e+01 4.519103355164841105e+02 -1.622231686910807298e+02 1.189291455521443197e+01 4.762620741087386023e+02 -1.810018586632256472e+02 -6.520458813408618326e+00 4.861158664620856484e+02 -2.052529964603645283e+02 -1.450347802568412092e+01 5.050541705093268092e+02 -2.765839341385007515e+02 -6.372240315751905655e+02 5.112037933881124445e+02 -2.968914759122870350e+02 5.168425366414983735e+00 -5.000000000000000000e+02 -3.000000000000000000e+02 -1.500000000000000000e+01
-6.000000000000000000e+02 -4.000000000000000000e+02 -1.500000000000000000e+01 -4.027133651053455310e+02 -3.405972579766381045e+02 -1.081537868468457297e+01 2.916190133481047155e+02 -1.560575539089569759e+02 2.950356222602620164e+02 4.882288689116989531e+02 -1.376824653155092051e+02 2.070924272075521912e+03 5.040049944859391076e+02 -2.799997359357151936e+02 -6.409408206223287152e+02 5.162247722036386222e+02 -2.982999292283429895e+02 4.868629534104192658e+02 -5.000000000000000000e+02 -3.000000000000000000e+02 -1.500000000000000000e+01
-6.000000000000000000e+02 -4.000000000000000000e+02 -1.500000000000000000e+01 -1.997290404428138686e+02 -7.101424065735134263e+02 -5.672519461151468434e-01 2.916190133481047155e+02 -1.560575539089569759e+02 2.950356222602620164e+02 4.882288689116989531e+02 -1.376824653155092051e+02 2.070924272075521912e+03 5.024773685841673796e+02 -2.638198450708940186e+02 -5.653973352399085606e+00 4.969279662552426089e+02 -3.259605766571734193e+02 4.873047941536121357e+02 -5.000000000000000000e+02 -3.000000000000000000e+02 -1.500000000000000000e+01
-6.000000000000000000e+02 -4.000000000000000000e+02 -1.500000000000000000e+01 -1.997290404428138686e+02 -7.101424065735134263e+02 -5.672519461151468434e-01 2.916190133481047155e+02 -1.560575539089569759e+02 2.950356222602620164e+02 4.882288689116989531e+02 -1.376824653155092051e+02 2.070924272075521912e+03 5.050541705093268092e+02 -2.765839341385007515e+02 -6.372240315751905655e+02 5.145450711014299259e+02 -2.995419522903559937e+02 5.168425366414983735e+00 -5.000000000000000000e+02 -3.000000000000000000e+02 -1.500000000000000000e+01
-6.000000000000000000e+02 -4.000000000000000000e+02 -1.500000000000000000e+01 6.010137554605418018e+02 -1.984070016742889777e+02 -3.442084454592355236e+00 3.924769808654358485e+02 -3.777294988282972099e+02 -5.796895172677714925e+00 4.861158664620856484e+02 -2.052529964603645283e+02 -1.450347802568412092e+01 5.050446388434932601e+02 -2.767260361194759639e+02 -6.397533484093817151e+02 5.107261367830380436e+02 -2.954821898288854527e+02 -1.313783857258931675e+02 -5.000000000000000000e+02 -3.000000000000000000e+02 -1.500000000000000000e+01
-6.000000000000000000e+02 -4.000000000000000000e+02 -1.500000000000000000e+01 4.521185158379464610e+02 -1.622231686910807298e+02 1.368484889345079480e+01 2.916190133481047155e+02 -1.560575539089569759e+02 2.950356222602620164e+02 4.882288689116989531e+02 -1.376824653155092051e+02 2.070924272075521912e+03 5.033885235969430028e+02 -2.685969243491901466e+02 -1.387966496722440546e+01 5.112037933881124445e+02 -2.946521023791892162e+02 5.168425366414983735e+00 -5.000000000000000000e+02 -3.000000000000000000e+02 -1.500000000000000000e+01
-6.000000000000000000e+02 -4.000000000000000000e+02 -1.500000000000000000e+01 -3.926993245289322658e+02 -3.441555151098898477e+02 -1.381234171979715697e+01 -1.130281979045668521e+02 -2.626223267265998516e+02 6.326194937896854071e+02 3.351948481177728212e+01 -2.271259403382597100e+02 -3.510280126319149474e+01 5.037786824744861178e+02 -2.794736704846269504e+02 -6.372240315751905655e+02 5.126669221057470622e+02 -2.967514501545908274e+02 4.871730950117711814e+02 -5.000000000000000000e+02 -3.000000000000000000e+02 -1.500000000000000000e+01
-6.000000000000000000e+02 -4.000000000000000000e+02 -1.500000000000000000e+01 4.521185158379464610e+02 -1.622231686910807298e+02 1.368484889345079480e+01 -1.130281979045668521e+02 -2.626223267265998516e+02 6.326194937896854071e+02 4.861158664620856484e+02 -2.021847078596135532e+02 -1.645421057446750979e+01 5.033885235969430028e+02 -2.678031676240590286e+02 -7.094494628362860489e+00 5.112037933881124445e+02 -2.968914759122870350e+02 5.168425366414983735e+00 -5.000000000000000000e+02 -3.000000000000000000e+02 -1.500000000000000000e+01
-6.000000000000000000e+02 -4.000000000000000000e+02 -1.500000000000000000e+01 -4.027133651053455310e+02 -3.427464771507273440e+02 -1.081537868468457297e+01 2.916190133481047155e+02 -1.560575539089569759e+02 2.950356222602620164e+02 4.882288689116989531e+02 -1.376824653155092051e+02 2.070924272075521912e+03 5.024773685841673796e+02 -2.638198450708940186e+02 -5.653973352399085606e+00 5.107261367830380436e+02 -2.968914759122870350e+02 5.168425366414983735e+00 -5.000000000000000000e+02 -3.000000000000000000e+02 -1.500000000000000000e+01
-6.000000000000000000e+02 -4.000000000000000000e+02 -1.500000000000000000e+01 -3.489045975883063875e+02 -3.444965236811086697e+02 5.312522717888105035e+02 2.439702393604783595e+02 -2.045060310453508237e+02 -1.163558521221526476e+01 -1.547320152695249078e+02 -5.633776486880191214e+02 1.544209244307761310e+03 -3.692401357049046737e+02 -3.446759470051181893e+02 1.308893073936700375e+03 -4.870100726100612860e+02 -3.175463124692426504e+02 2.616112234796285065e+02 -5.000000000000000000e+02 -3.000000000000000000e+02 -1.500000000000000000e+01
-6.000000000000000000e+02 -4.000000000000000000e+02 -1.500000000000000000e+01 -1.997290404428138686e+02 -7.101424065735134263e+02 -5.672519461151468434e-01 2.916190133481047155e+02 -1.560575539089569759e+02 2.950356222602620164e+02 4.882288689116989531e+02 -1.376824653155092051e+02 2.070924272075521912e+03 5.024773685841673796e+02 -2.690890821973157472e+02 -5.653973352399085606e+00 5.107261367830380436e+02 -2.968914759122870350e+02 5.168425366414983735e+00 -5.000000000000000000e+02 -3.000000000000000000e+02 -1.500000000000000000e+01
-6.000000000000000000e+02 -4.000000000000000000e+02 -1.500000000000000000e+01 -3.926993245289322658e+02 -3.441555151098898477e+02 -1.381234171979715697e+01 2.916190133481047155e+02 -1.560575539089569759e+02 2.950356222602620164e+02 4.882288689116989531e+02 -1.376824653155092051e+02 2.070924272075521912e+03 5.040275757415093381e+02 -2.685969243491901466e+02 -1.387966496722440546e+01 4.982053915961029134e+02 -3.213158917996593686e+02 4.917713222572622271e+02 -5.000000000000000000e+02 -3.000000000000000000e+02 -1.500000000000000000e+01
-6.000000000000000000e+02 -4.000000000000000000e+02 -1.500000000000000000e+01 -1.997290404428138686e+02 -7.101424065735134263e+02 -5.672519461151468434e-01 -1.532527779666254730e+02 -6.437430272689001640e+02 -6.441348039049980798e+02 -1.257154640523444442e+02 -5.158368354771504301e+02 -2.606504984169091443e+01 -3.692401357049046737e+02 -3.446759470051181893e+02 1.308893073936700375e+03 -4.870100726100612860e+02 -3.175463124692426504e+02 2.616112234796285065e+02 -5.000000000000000000e+02 -3.000000000000000000e+02 -1.500000000000000000e+01
-6.000000000000000000e+02 -4.000000000000000000e+02 -1.500000000000000000e+01 -5.121689908594375993e+02 -4.059014251406827043e+02 -1.134421876803110507e+01 -1.532527779666254730e+02 -6.437430272689001640e+02 -6.441348039049980798e+02 -1.257154640523444442e+02 -5.158368354771504301e+02 -2.606504984169091443e+01 -3.692401357049046737e+02 -3.367960683567827687e+02 1.309620395543794757e+03 -4.870100726100612860e+02 -3.133848778946428979e+02 2.616112234796285065e+02 -5.000000000000000000e+02 -3.000000000000000000e+02 -1.500000000000000000e+01
-6.000000000000000000e+02 -4.000000000000000000e+02 -1.500000000000000000e+01 -4.027133651053455310e+02 -3.427464771507273440e+02 -1.081537868468457297e+01 2.916190133481047155e+02 -1.560575539089569759e+02 2.950356222602620164e+02 4.882288689116989531e+02 -1.376824653155092051e+02 2.070924272075521912e+03 5.050541705093268092e+02 -2.765839341385007515e+02 -6.372240315751905655e+02 5.145450711014299259e+02 -2.995419522903559937e+02 5.168425366414983735e+00 -5.000000000000000000e+02 -3.000000000000000000e+02 -1.500000000000000000e+01
-6.000000000000000000e+02 -4.000000000000000000e+02 -1.500000000000000000e+01 -1.997290404428138686e+02 -7.101424065735134263e+02 -5.672519461151468434e-01 2.894636190781137657e+02 -1.560575539089569759e+02 2.963288698815557609e+02 4.882288689116989531e+02 -1.376824653155092051e+02 2.070924272075521912e+03 5.037786824744861178e+02 -2.794736704846269504e+02 -6.372240315751905655e+02 5.112037933881124445e+02 -2.946521023791892162e+02 5.168425366414983735e+00 -5.000000000000000000e+02 -3.000000000000000000e+02 -1.500000000000000000e+01
-6.000000000000000000e+02 -4.000000000000000000e+02 -1.500000000000000000e+01 -4.027133651053455310e+02 -3.398437456562151056e+02 -4.819583226780746799e+00 2.916190133481047155e+02 -1.560575539089569759e+02 2.950356222602620164e+02 4.882288689116989531e+02 -1.376824653155092051e+02 2.070924272075521912e+03 5.024773685841673796e+02 -2.638198450708940186e+02 -5.653973352399085606e+00 4.982053915961029134e+02 -3.213158917996593686e+02 4.917713222572622271e+02 -5.000000000000000000e+02 -3.000000000000000000e+02 -1.500000000000000000e+01
-6.000000000000000000e+02 -4.000000000000000000e+02 -1.500000000000000000e+01 -1.997290404428138686e+02 -7.101424065735134263e+02 -5.672519461151468434e-01 2.894636190781137657e+02 -1.560575539089569759e+02 2.963288698815557609e+02 4.882288689116989531e+02 -1.376824653155092051e+02 2.070924272075521912e+03 5.033885235969430028e+02 -2.678031676240590286e+02 -7.094494628362860489e+00 5.112037933881124445e+02 -2.946521023791892162e+02 5.168425366414983735e+00 -5.000000000000000000e+02 -3.000000000000000000e+02 -1.500000000000000000e+01
-6.000000000000000000e+02 -4.000000000000000000e+02 -1.500000000000000000e+01 -3.926993245289322658e+02 -3.441555151098898477e+02 -1.381234171979715697e+01 -1.130281979045668521e+02 -2.626223267265998516e+02 6.326194937896854071e+02 4.865735949540472802e+02 -2.149801618499603535e+02 -1.234559535949166786e+01 5.040049944859391076e+02 -2.799997359357151936e+02 -6.409408206223287152e+02 5.162247722036386222e+02 -2.982999292283429895e+02 4.868629534104192658e+02 -5.000000000000000000e+02 -3.000000000000000000e+02 -1.500000000000000000e+01
-6.000000000000000000e+02 -4.000000000000000000e+02 -1.500000000000000000e+01 -4.027133651053455310e+02 -3.405972579766381045e+02 -1.081537868468457297e+01 2.916190133481047155e+02 -1.560575539089569759e+02 2.950356222602620164e+02 4.882288689116989531e+02 -1.376824653155092051e+02 2.070924272075521912e+03 8.598547845723369676e+01 -1.919980439202844593e+02 6.454794357700681218e+00 -1.297632600590490313e+02 -2.165865362863877408e+02 3.041041063905366286e+02 -5.000000000000000000e+02 -3.000000000000000000e+02 -1.500000000000000000e+01
-6.000000000000000000e+02 -4.000000000000000000e+02 -1.500000000000000000e+01 4.519103355164841105e+02 -1.622231686910807298e+02 1.189291455521443197e+01 2.916190133481047155e+02 -1.560575539089569759e+02 2.950356222602620164e+02 5.064417150346702101e+02 -1.376824653155092051e+02 9.723649963447749087e+02 5.033885235969430028e+02 -2.678031676240590286e+02 -7.094494628362860489e+00 5.107261367830380436e+02 -2.954821898288854527e+02 -1.313783857258931675e+02 -5.000000000000000000e+02 -3.000000000000000000e+02 -1.500000000000000000e+01
-6.000000000000000000e+02 -4.000000000000000000e+02 -1.500000000000000000e+01 -4.027133651053455310e+02 -3.405972579766381045e+02 -1.081537868468457297e+01 2.916190133481047155e+02 -1.560575539089569759e+02 2.950356222602620164e+02 4.882288689116989531e+02 -1.376824653155092051e+02 2.070924272075521912e+03 5.033885235969430028e+02 -2.678031676240590286e+02 -7.094494628362860489e+00 5.095463869725116410e+02 -2.922253890713902251e+02 5.168425366414983735e+00 -5.000000000000000000e+02 -3.000000000000000000e+02 -1.500000000000000000e+01
-6.000000000000000000e+02 -4.000000000000000000e+02 -1.500000000000000000e+01 -1.958341653223243668e+02 -7.101424065735134263e+02 4.997923909688667621e+00 2.894636190781137657e+02 -1.560575539089569759e+02 2.963288698815557609e+02 4.882288689116989531e+02 -1.376824653155092051e+02 2.070924272075521912e+03 5.040049944859391076e+02 -2.799997359357151936e+02 -6.409408206223287152e+02 5.162247722036386222e+02 -2.982999292283429895e+02 4.868629534104192658e+02 -5.000000000000000000e+02 -3.000000000000000000e+02 -1.500000000000000000e+01
