-6.000000000000000000e+02 -4.000000000000000000e+02 -1.500000000000000000e+01 -1.786079367777446976e+02 -7.432399489130884831e+02 -1.855839345621479097e+01 -3.519416762783205854e+02 -3.353195735453903126e+01 -1.593828167135383111e+01 5.916624346463910342e+02 -2.604404450869658376e+02 -1.204890000564272334e+01 -7.462943306304026692e+01 -3.349446152329794302e+01 8.991593149741451185e+00 4.821288342554744304e+02 -2.779163545014424699e+02 -1.866052775949457043e+01 5.300825084866048655e+02 -3.079891581303518819e+02 -1.133093137645335524e+01 -5.000000000000000000e+02 -3.000000000000000000e+02 -1.500000000000000000e+01
-6.000000000000000000e+02 -4.000000000000000000e+02 -1.500000000000000000e+01 -1.814017110496438363e+02 -1.751050453900013792e+02 -7.573387516885855320e+00 -3.640856256615002167e+02 -3.353195735453903126e+01 -1.449580988591443642e+01 5.931963632228578263e+02 -2.603629906506689053e+02 -1.892338950183081892e+01 -7.462943306304026692e+01 -3.349446152329794302e+01 8.991593149741451185e+00 5.161491428111961568e+02 -2.761510834215749242e+02 -2.350226453382023095e+01 5.120566517323239850e+02 -2.974227639626243445e+02 -8.493757677373254822e-01 -5.000000000000000000e+02 -3.000000000000000000e+02 -1.500000000000000000e+01
-6.000000000000000000e+02 -4.000000000000000000e+02 -1.500000000000000000e+01 -1.786079367777446976e+02 -7.432399489130884831e+02 -1.855839345621479097e+01 2.667391169135516407e+02 -3.430125655199080370e+02 -2.401005055637505592e+01 5.937515807297830861e+02 -2.491392539728772135e+02 -2.106862849750105227e+01 4.988412797627966597e+02 -2.536324803107975470e+02 -3.899691259150453959e+01 4.069196385595338370e+02 -7.598703810163559069e+01 -1.693710999832087793e+01 5.062886170927568514e+02 -2.901499082482625340e+02 -5.681780196237265379e+00 -5.000000000000000000e+02 -3.000000000000000000e+02 -1.500000000000000000e+01
-6.000000000000000000e+02 -4.000000000000000000e+02 -1.500000000000000000e+01 -1.786079367777446976e+02 -7.432399489130884831e+02 -1.855839345621479097e+01 -3.519416762783205854e+02 -3.353195735453903126e+01 -1.593828167135383111e+01 5.916624346463910342e+02 -2.604404450869658376e+02 -1.204890000564272334e+01 -7.462943306304026692e+01 -3.349446152329794302e+01 8.991593149741451185e+00 5.094729643843044187e+02 -2.742969270100236940e+02 -2.367083738447655961e+01 5.120566517323239850e+02 -3.018429184313361588e+02 -6.853726197962815014e+00 -5.000000000000000000e+02 -3.000000000000000000e+02 -1.500000000000000000e+01
-6.000000000000000000e+02 -4.000000000000000000e+02 -1.500000000000000000e+01 -1.786079367777446976e+02 -7.432399489130884831e+02 -1.855839345621479097e+01 -3.519416762783205854e+02 -3.353195735453903126e+01 -1.593828167135383111e+01 5.916624346463910342e+02 -2.604404450869658376e+02 -1.204890000564272334e+01 -7.462943306304026692e+01 -3.349446152329794302e+01 8.991593149741451185e+00 5.161491428111961568e+02 -2.761510834215749242e+02 -2.350226453382023095e+01 5.120566517323239850e+02 -2.948957378905894871e+02 -5.681780196237265379e+00 -5.000000000000000000e+02 -3.000000000000000000e+02 -1.500000000000000000e+01
-6.000000000000000000e+02 -4.000000000000000000e+02 -1.500000000000000000e+01 -1.786079367777446976e+02 -7.432399489130884831e+02 -1.855839345621479097e+01 -3.519416762783205854e+02 -3.353195735453903126e+01 -1.593828167135383111e+01 5.916624346463910342e+02 -2.604404450869658376e+02 -1.204890000564272334e+01 -7.462943306304026692e+01 -3.349446152329794302e+01 8.991593149741451185e+00 4.842587381578880468e+02 -2.818270881062590547e+02 -2.243460482017505342e+01 5.300825084866048655e+02 -3.079891581303518819e+02 -1.133093137645335524e+01 -5.000000000000000000e+02 -3.000000000000000000e+02 -1.500000000000000000e+01
-6.000000000000000000e+02 -4.000000000000000000e+02 -1.500000000000000000e+01 -1.786079367777446976e+02 -7.432399489130884831e+02 -1.855839345621479097e+01 -3.519416762783205854e+02 -3.353195735453903126e+01 -1.593828167135383111e+01 5.916624346463910342e+02 -2.604404450869658376e+02 -1.204890000564272334e+01 5.050071917384126436e+02 -2.668322264610199568e+02 1.446258175226625440e+02 5.070505158053591686e+02 -2.810445988679535390e+02 -2.630203086849338590e+01 5.120566517323239850e+02 -2.974227639626243445e+02 -8.493757677373254822e-01 -5.000000000000000000e+02 -3.000000000000000000e+02 -1.500000000000000000e+01
-6.000000000000000000e+02 -4.000000000000000000e+02 -1.500000000000000000e+01 -1.786079367777446976e+02 -7.432399489130884831e+02 -1.855839345621479097e+01 -3.519416762783205854e+02 -3.353195735453903126e+01 -1.593828167135383111e+01 5.916624346463910342e+02 -2.604404450869658376e+02 -1.204890000564272334e+01 -7.462943306304026692e+01 -3.349446152329794302e+01 8.991593149741451185e+00 5.070505158053591686e+02 -2.810445988679535390e+02 -2.630203086849338590e+01 5.120566517323239850e+02 -2.974227639626243445e+02 -8.493757677373254822e-01 -5.000000000000000000e+02 -3.000000000000000000e+02 -1.500000000000000000e+01
-6.000000000000000000e+02 -4.000000000000000000e+02 -1.500000000000000000e+01 -3.496123799144768896e+02 -3.830250554907007086e+02 -1.409395980903546608e+01 3.173980473987340929e+02 -2.419719366648656376e+02 -1.363920776610960317e+01 4.082310008912357375e+02 -2.381112628190716691e+02 -1.880810328252456998e+01 5.006901510859888731e+02 -2.515737713010336165e+02 -4.444106232574417703e+01 5.070505158053591686e+02 -2.810445988679535390e+02 -2.630203086849338590e+01 -2.762304385121299788e+02 -2.980795791251837272e+02 -2.901774318437763327e+02 -5.000000000000000000e+02 -3.000000000000000000e+02 -1.500000000000000000e+01
-6.000000000000000000e+02 -4.000000000000000000e+02 -1.500000000000000000e+01 -1.786079367777446976e+02 -7.432399489130884831e+02 -1.855839345621479097e+01 2.667391169135516407e+02 -3.430125655199080370e+02 -2.401005055637505592e+01 4.221465616194291783e+02 -2.315684956088315687e+02 -2.353731210275255137e+01 5.012817355789221097e+02 -2.515737713010336165e+02 -4.702925993790143622e+01 5.161491428111961568e+02 -2.761510834215749242e+02 -2.350226453382023095e+01 5.120566517323239850e+02 -2.948957378905894871e+02 -5.681780196237265379e+00 -5.000000000000000000e+02 -3.000000000000000000e+02 -1.500000000000000000e+01
-6.000000000000000000e+02 -4.000000000000000000e+02 -1.500000000000000000e+01 -1.786079367777446976e+02 -7.432399489130884831e+02 -1.855839345621479097e+01 2.667391169135516407e+02 -3.430125655199080370e+02 -2.401005055637505592e+01 5.937515807297830861e+02 -2.491392539728772135e+02 -2.106862849750105227e+01 5.054284943065298421e+02 -2.797587709936762508e+02 2.240712066353032696e+02 5.070505158053591686e+02 -2.810445988679535390e+02 -2.630203086849338590e+01 5.120566517323239850e+02 -2.948957378905894871e+02 -5.681780196237265379e+00 -5.000000000000000000e+02 -3.000000000000000000e+02 -1.500000000000000000e+01
-6.000000000000000000e+02 -4.000000000000000000e+02 -1.500000000000000000e+01 -1.786079367777446976e+02 -7.432399489130884831e+02 -1.855839345621479097e+01 2.667391169135516407e+02 -3.430125655199080370e+02 -2.401005055637505592e+01 5.937515807297830861e+02 -2.491392539728772135e+02 -2.106862849750105227e+01 5.054284943065298421e+02 -2.797587709936762508e+02 2.240712066353032696e+02 5.070505158053591686e+02 -2.810445988679535390e+02 -2.630203086849338590e+01 5.120566517323239850e+02 -2.974227639626243445e+02 -8.493757677373254822e-01 -5.000000000000000000e+02 -3.000000000000000000e+02 -1.500000000000000000e+01
-6.000000000000000000e+02 -4.000000000000000000e+02 -1.500000000000000000e+01 -1.786079367777446976e+02 -7.432399489130884831e+02 -1.855839345621479097e+01 -3.519416762783205854e+02 -3.353195735453903126e+01 -1.593828167135383111e+01 5.916624346463910342e+02 -2.604404450869658376e+02 -1.204890000564272334e+01 -7.462943306304026692e+01 -3.349446152329794302e+01 8.991593149741451185e+00 5.070505158053591686e+02 -2.810445988679535390e+02 -2.630203086849338590e+01 5.120566517323239850e+02 -3.018429184313361588e+02 -6.853726197962815014e+00 -5.000000000000000000e+02 -3.000000000000000000e+02 -1.500000000000000000e+01
-6.000000000000000000e+02 -4.000000000000000000e+02 -1.500000000000000000e+01 -1.786079367777446976e+02 -7.432399489130884831e+02 -1.855839345621479097e+01 -3.519416762783205854e+02 -3.353195735453903126e+01 -1.593828167135383111e+01 5.931963632228578263e+02 -2.603629906506689053e+02 -1.892338950183081892e+01 5.050071917384126436e+02 -2.668322264610199568e+02 1.446258175226625440e+02 5.070505158053591686e+02 -2.810445988679535390e+02 -2.630203086849338590e+01 5.120566517323239850e+02 -2.974227639626243445e+02 -8.493757677373254822e-01 -5.000000000000000000e+02 -3.000000000000000000e+02 -1.500000000000000000e+01
-6.000000000000000000e+02 -4.000000000000000000e+02 -1.500000000000000000e+01 -1.786079367777446976e+02 -7.432399489130884831e+02 -1.855839345621479097e+01 -3.519416762783205854e+02 -3.353195735453903126e+01 -1.593828167135383111e+01 5.916624346463910342e+02 -2.604404450869658376e+02 -1.204890000564272334e+01 4.987298016441426967e+02 -2.515737713010336165e+02 -3.899691259150453959e+01 5.094729643843044187e+02 -2.742969270100236940e+02 -2.367083738447655961e+01 5.120566517323239850e+02 -3.018429184313361588e+02 -6.853726197962815014e+00 -5.000000000000000000e+02 -3.000000000000000000e+02 -1.500000000000000000e+01
-6.000000000000000000e+02 -4.000000000000000000e+02 -1.500000000000000000e+01 -3.469209202332906443e+02 -3.830250554907007086e+02 -1.770165720912975260e+01 3.063151831277549491e+02 -2.308489866416490202e+02 -2.356978632630346624e+02 5.110410249074402032e+02 -3.662654230894166290e+02 -1.812465653566024315e+01 5.044044221330770483e+02 -2.769474543130295388e+02 2.241125478707016327e+02 5.101719621057531526e+02 -2.687426276284592745e+02 -1.920563691008031171e+01 5.120566517323239850e+02 -2.974227639626243445e+02 -8.493757677373254822e-01 -5.000000000000000000e+02 -3.000000000000000000e+02 -1.500000000000000000e+01
-6.000000000000000000e+02 -4.000000000000000000e+02 -1.500000000000000000e+01 -1.786079367777446976e+02 -7.432399489130884831e+02 -1.855839345621479097e+01 -3.519416762783205854e+02 -3.353195735453903126e+01 -1.593828167135383111e+01 5.916624346463910342e+02 -2.604404450869658376e+02 -1.204890000564272334e+01 5.044044221330770483e+02 -2.823995829114014668e+02 2.241125478707016327e+02 5.094729643843044187e+02 -2.742969270100236940e+02 -2.367083738447655961e+01 5.120566517323239850e+02 -3.018429184313361588e+02 -6.853726197962815014e+00 -5.000000000000000000e+02 -3.000000000000000000e+02 -1.500000000000000000e+01
-6.000000000000000000e+02 -4.000000000000000000e+02 -1.500000000000000000e+01 -3.496123799144768896e+02 -3.830250554907007086e+02 -1.409395980903546608e+01 3.066574828348873325e+02 -2.308489866416490202e+02 -1.363920776610960317e+01 5.110410249074402032e+02 -3.662654230894166290e+02 -1.028731403173319237e+01 5.050071917384126436e+02 -2.668322264610199568e+02 1.446258175226625440e+02 4.902965434910641420e+02 -2.818270881062590547e+02 -2.243460482017505342e+01 5.300825084866048655e+02 -3.079891581303518819e+02 -1.133093137645335524e+01 -5.000000000000000000e+02 -3.000000000000000000e+02 -1.500000000000000000e+01
-6.000000000000000000e+02 -4.000000000000000000e+02 -1.500000000000000000e+01 -1.786079367777446976e+02 -7.432399489130884831e+02 -1.855839345621479097e+01 -3.519416762783205854e+02 -3.353195735453903126e+01 -1.593828167135383111e+01 5.916624346463910342e+02 -2.604404450869658376e+02 -1.204890000564272334e+01 4.987298016441426967e+02 -2.515737713010336165e+02 -3.899691259150453959e+01 5.070505158053591686e+02 -2.810445988679535390e+02 -2.630203086849338590e+01 5.120566517323239850e+02 -2.974227639626243445e+02 -8.493757677373254822e-01 -5.000000000000000000e+02 -3.000000000000000000e+02 -1.500000000000000000e+01
-6.000000000000000000e+02 -4.000000000000000000e+02 -1.500000000000000000e+01 -3.496123799144768896e+02 -3.830250554907007086e+02 -1.409395980903546608e+01 3.066574828348873325e+02 -2.308489866416490202e+02 -1.363920776610960317e+01 5.110410249074402032e+02 -3.662654230894166290e+02 -1.028731403173319237e+01 5.074401221723334743e+02 -2.823995829114014668e+02 2.325396950947300923e+02 4.902965434910641420e+02 -2.818270881062590547e+02 -2.243460482017505342e+01 5.300825084866048655e+02 -3.079891581303518819e+02 -1.133093137645335524e+01 -5.000000000000000000e+02 -3.000000000000000000e+02 -1.500000000000000000e+01
-6.000000000000000000e+02 -4.000000000000000000e+02 -1.500000000000000000e+01 -3.486440554242837493e+02 -3.831066120282208090e+02 -3.719364891183341015e+00 3.173980473987340929e+02 -2.419719366648656376e+02 -1.363920776610960317e+01 4.221465616194291783e+02 -2.315684956088315687e+02 -3.000407497300922799e+01 4.987298016441426967e+02 -2.515737713010336165e+02 -3.899691259150453959e+01 4.676950172957787686e+02 -2.621254931624569622e+02 -2.219666536994206751e+01 3.515972316883812709e+01 -2.901499082482625340e+02 4.994784086594837618e+02 -5.000000000000000000e+02 -3.000000000000000000e+02 -1.500000000000000000e+01
-6.000000000000000000e+02 -4.000000000000000000e+02 -1.500000000000000000e+01 -1.786079367777446976e+02 -7.432399489130884831e+02 -1.855839345621479097e+01 2.667391169135516407e+02 -3.430125655199080370e+02 -2.401005055637505592e+01 5.937515807297830861e+02 -2.491392539728772135e+02 -2.106862849750105227e+01 5.050071917384126436e+02 -2.668322264610199568e+02 1.446258175226625440e+02 5.076708372803307725e+02 -2.747700401255295333e+02 -2.367083738447655961e+01 5.120566517323239850e+02 -2.948957378905894871e+02 -5.681780196237265379e+00 -5.000000000000000000e+02 -3.000000000000000000e+02 -1.500000000000000000e+01
-6.000000000000000000e+02 -4.000000000000000000e+02 -1.500000000000000000e+01 -1.786079367777446976e+02 -7.432399489130884831e+02 -1.855839345621479097e+01 -3.519416762783205854e+02 -3.353195735453903126e+01 -1.593828167135383111e+01 5.916624346463910342e+02 -2.604404450869658376e+02 -1.204890000564272334e+01 5.012817355789221097e+02 -2.515737713010336165e+02 -4.702925993790143622e+01 5.070505158053591686e+02 -2.810445988679535390e+02 -2.630203086849338590e+01 5.120566517323239850e+02 -2.974227639626243445e+02 -8.493757677373254822e-01 -5.000000000000000000e+02 -3.000000000000000000e+02 -1.500000000000000000e+01
-6.000000000000000000e+02 -4.000000000000000000e+02 -1.500000000000000000e+01 -3.496123799144768896e+02 -3.830250554907007086e+02 -1.409395980903546608e+01 3.006379324473359134e+02 -2.380365094957829797e+02 -1.792342432270294239e+01 4.221465616194291783e+02 -2.315684956088315687e+02 -2.353731210275255137e+01 4.987298016441426967e+02 -2.515737713010336165e+02 -3.899691259150453959e+01 4.842587381578880468e+02 -2.818270881062590547e+02 -2.243460482017505342e+01 3.515972316883812709e+01 -2.901499082482625340e+02 4.596523844091295885e+00 -5.000000000000000000e+02 -3.000000000000000000e+02 -1.500000000000000000e+01
-6.000000000000000000e+02 -4.000000000000000000e+02 -1.500000000000000000e+01 -3.496123799144768896e+02 -3.830250554907007086e+02 -1.409395980903546608e+01 3.073350472542948069e+02 -2.308489866416490202e+02 -2.356978632630346624e+02 5.110410249074402032e+02 -3.662654230894166290e+02 -1.028731403173319237e+01 5.044044221330770483e+02 -2.823995829114014668e+02 2.241125478707016327e+02 5.070505158053591686e+02 -2.810445988679535390e+02 -2.630203086849338590e+01 5.120566517323239850e+02 -2.974227639626243445e+02 -8.493757677373254822e-01 -5.000000000000000000e+02 -3.000000000000000000e+02 -1.500000000000000000e+01
-6.000000000000000000e+02 -4.000000000000000000e+02 -1.500000000000000000e+01 -1.786079367777446976e+02 -7.432399489130884831e+02 -1.855839345621479097e+01 -3.519416762783205854e+02 -3.353195735453903126e+01 -1.593828167135383111e+01 5.916624346463910342e+02 -2.604404450869658376e+02 -1.204890000564272334e+01 5.044044221330770483e+02 -2.823995829114014668e+02 2.241125478707016327e+02 5.070505158053591686e+02 -2.810445988679535390e+02 -2.630203086849338590e+01 5.120566517323239850e+02 -2.974227639626243445e+02 -8.493757677373254822e-01 -5.000000000000000000e+02 -3.000000000000000000e+02 -1.500000000000000000e+01
-6.000000000000000000e+02 -4.000000000000000000e+02 -1.500000000000000000e+01 -3.496123799144768896e+02 -3.830250554907007086e+02 -1.409395980903546608e+01 3.006379324473359134e+02 -2.380365094957829797e+02 -1.792342432270294239e+01 5.275684162909047927e+02 -2.117884234838109023e+02 -1.299944707790451659e+01 5.050071917384126436e+02 -2.668322264610199568e+02 1.446258175226625440e+02 5.076708372803307725e+02 -2.747700401255295333e+02 -2.367083738447655961e+01 5.120566517323239850e+02 -2.957682642476252681e+02 -9.193842884610990751e+00 -5.000000000000000000e+02 -3.000000000000000000e+02 -1.500000000000000000e+01
-6.000000000000000000e+02 -4.000000000000000000e+02 -1.500000000000000000e+01 -3.496123799144768896e+02 -3.830250554907007086e+02 -1.409395980903546608e+01 3.173980473987340929e+02 -2.419719366648656376e+02 -1.363920776610960317e+01 4.221465616194291783e+02 -2.315684956088315687e+02 -2.353731210275255137e+01 5.012817355789221097e+02 -2.515737713010336165e+02 -4.702925993790143622e+01 5.161491428111961568e+02 -2.761510834215749242e+02 -2.350226453382023095e+01 5.120566517323239850e+02 -2.948957378905894871e+02 -5.681780196237265379e+00 -5.000000000000000000e+02 -3.000000000000000000e+02 -1.500000000000000000e+01
-6.000000000000000000e+02 -4.000000000000000000e+02 -1.500000000000000000e+01 -1.786079367777446976e+02 -7.432399489130884831e+02 -1.855839345621479097e+01 2.667391169135516407e+02 -3.430125655199080370e+02 -2.401005055637505592e+01 5.937515807297830861e+02 -2.491392539728772135e+02 -2.106862849750105227e+01 5.050071917384126436e+02 -2.668322264610199568e+02 1.446258175226625440e+02 5.076708372803307725e+02 -2.747700401255295333e+02 -2.367083738447655961e+01 5.120566517323239850e+02 -2.957682642476252681e+02 2.919353909462385488e-01 -5.000000000000000000e+02 -3.000000000000000000e+02 -1.500000000000000000e+01
-6.000000000000000000e+02 -4.000000000000000000e+02 -1.500000000000000000e+01 -3.496123799144768896e+02 -3.830250554907007086e+02 -1.409395980903546608e+01 3.073350472542948069e+02 -2.308489866416490202e+02 -2.356978632630346624e+02 5.110410249074402032e+02 -3.662654230894166290e+02 -1.028731403173319237e+01 5.054284943065298421e+02 -2.797587709936762508e+02 2.240712066353032696e+02 5.070505158053591686e+02 -2.810445988679535390e+02 -2.630203086849338590e+01 5.120566517323239850e+02 -2.974227639626243445e+02 -8.493757677373254822e-01 -5.000000000000000000e+02 -3.000000000000000000e+02 -1.500000000000000000e+01
-6.000000000000000000e+02 -4.000000000000000000e+02 -1.500000000000000000e+01 -1.786079367777446976e+02 -7.432399489130884831e+02 -1.855839345621479097e+01 3.006379324473359134e+02 -2.380365094957829797e+02 -1.792342432270294239e+01 5.275684162909047927e+02 -2.117884234838109023e+02 -1.299944707790451659e+01 5.012817355789221097e+02 -2.515737713010336165e+02 -4.702925993790143622e+01 4.902965434910641420e+02 -2.818270881062590547e+02 -2.243460482017505342e+01 5.300825084866048655e+02 -3.079891581303518819e+02 -1.133093137645335524e+01 -5.000000000000000000e+02 -3.000000000000000000e+02 -1.500000000000000000e+01
-6.000000000000000000e+02 -4.000000000000000000e+02 -1.500000000000000000e+01 -3.559922492373077603e+02 -3.840806776757081593e+02 -1.212450200282828483e+01 2.667391169135516407e+02 -3.430125655199080370e+02 -2.401005055637505592e+01 5.428641028784695663e+02 -2.027064292908343930e+02 -6.753725225385601050e+00 5.012817355789221097e+02 -2.515737713010336165e+02 -4.702925993790143622e+01 5.076708372803307725e+02 -2.747700401255295333e+02 -2.367083738447655961e+01 5.120566517323239850e+02 -2.957682642476252681e+02 -9.193842884610990751e+00 -5.000000000000000000e+02 -3.000000000000000000e+02 -1.500000000000000000e+01
-6.000000000000000000e+02 -4.000000000000000000e+02 -1.500000000000000000e+01 -3.496123799144768896e+02 -3.830250554907007086e+02 -1.409395980903546608e+01 3.173980473987340929e+02 -2.419719366648656376e+02 -1.363920776610960317e+01 4.082310008912357375e+02 -2.381112628190716691e+02 -1.880810328252456998e+01 5.050071917384126436e+02 -2.668322264610199568e+02 1.446258175226625440e+02 5.076708372803307725e+02 -2.747700401255295333e+02 -2.367083738447655961e+01 5.120566517323239850e+02 -2.957682642476252681e+02 2.919353909462385488e-01 -5.000000000000000000e+02 -3.000000000000000000e+02 -1.500000000000000000e+01
-6.000000000000000000e+02 -4.000000000000000000e+02 -1.500000000000000000e+01 -1.786079367777446976e+02 -7.432399489130884831e+02 -1.855839345621479097e+01 2.667391169135516407e+02 -3.430125655199080370e+02 -2.401005055637505592e+01 5.937515807297830861e+02 -2.491392539728772135e+02 -2.106862849750105227e+01 5.012817355789221097e+02 -2.515737713010336165e+02 -4.702925993790143622e+01 5.076708372803307725e+02 -2.747700401255295333e+02 -2.367083738447655961e+01 5.120566517323239850e+02 -2.957682642476252681e+02 -9.193842884610990751e+00 -5.000000000000000000e+02 -3.000000000000000000e+02 -1.500000000000000000e+01
-6.000000000000000000e+02 -4.000000000000000000e+02 -1.500000000000000000e+01 -3.496123799144768896e+02 -3.830250554907007086e+02 -1.409395980903546608e+01 3.173980473987340929e+02 -2.419719366648656376e+02 -1.363920776610960317e+01 4.221465616194291783e+02 -2.315684956088315687e+02 -2.353731210275255137e+01 5.012817355789221097e+02 -2.515737713010336165e+02 -4.702925993790143622e+01 5.076708372803307725e+02 -2.747700401255295333e+02 -2.367083738447655961e+01 5.120566517323239850e+02 -2.957682642476252681e+02 -9.193842884610990751e+00 -5.000000000000000000e+02 -3.000000000000000000e+02 -1.500000000000000000e+01
-6.000000000000000000e+02 -4.000000000000000000e+02 -1.500000000000000000e+01 -1.786079367777446976e+02 -7.432399489130884831e+02 -1.855839345621479097e+01 -3.630437463514896308e+02 -4.799798830353343533e+02 3.545505054833817553e+02 -3.308372544456729543e+02 -2.134560023839269149e+02 -1.848969000128397795e+02 -3.576025538984650893e+02 -2.907030282829480825e+02 -1.626925312325355932e+01 -3.643988501270547431e+02 -1.920911590687658759e+02 -6.204295334908387076e+02 -4.460420205760474914e+02 -2.512577266530138616e+02 5.412794726224458373e+02 -5.000000000000000000e+02 -3.000000000000000000e+02 -1.500000000000000000e+01
-6.000000000000000000e+02 -4.000000000000000000e+02 -1.500000000000000000e+01 -1.786079367777446976e+02 -7.432399489130884831e+02 -1.855839345621479097e+01 2.667391169135516407e+02 -3.430125655199080370e+02 -2.401005055637505592e+01 5.428641028784695663e+02 -2.027064292908343930e+02 -6.753725225385601050e+00 5.012817355789221097e+02 -2.515737713010336165e+02 -4.702925993790143622e+01 5.076708372803307725e+02 -2.747700401255295333e+02 -2.367083738447655961e+01 5.120566517323239850e+02 -2.957682642476252681e+02 2.919353909462385488e-01 -5.000000000000000000e+02 -3.000000000000000000e+02 -1.500000000000000000e+01
-6.000000000000000000e+02 -4.000000000000000000e+02 -1.500000000000000000e+01 -3.496123799144768896e+02 -3.830250554907007086e+02 -1.409395980903546608e+01 3.173980473987340929e+02 -2.419719366648656376e+02 -1.363920776610960317e+01 4.082310008912357375e+02 -2.381112628190716691e+02 -1.880810328252456998e+01 5.054284943065298421e+02 -2.797587709936762508e+02 2.240712066353032696e+02 5.070505158053591686e+02 -2.810445988679535390e+02 -2.630203086849338590e+01 5.120566517323239850e+02 -2.974227639626243445e+02 -8.493757677373254822e-01 -5.000000000000000000e+02 -3.000000000000000000e+02 -1.500000000000000000e+01
-6.000000000000000000e+02 -4.000000000000000000e+02 -1.500000000000000000e+01 -1.786079367777446976e+02 -7.432399489130884831e+02 -1.855839345621479097e+01 2.624617359146428726e+02 -3.336378406761035080e+02 -1.928819538387047317e+01 5.931963632228578263e+02 -2.604404450869658376e+02 -1.204890000564272334e+01 -7.462943306304026692e+01 -3.349446152329794302e+01 8.991593149741451185e+00 5.161491428111961568e+02 -2.761510834215749242e+02 -2.350226453382023095e+01 5.120566517323239850e+02 -2.974227639626243445e+02 -8.493757677373254822e-01 -5.000000000000000000e+02 -3.000000000000000000e+02 -1.500000000000000000e+01
-6.000000000000000000e+02 -4.000000000000000000e+02 -1.500000000000000000e+01 -3.496123799144768896e+02 -3.830250554907007086e+02 -1.409395980903546608e+01 3.173980473987340929e+02 -2.419719366648656376e+02 -1.363920776610960317e+01 4.082310008912357375e+02 -2.381112628190716691e+02 -1.880810328252456998e+01 5.044044221330770483e+02 -2.823995829114014668e+02 2.241125478707016327e+02 5.070505158053591686e+02 -2.810445988679535390e+02 -2.630203086849338590e+01 5.120566517323239850e+02 -2.948957378905894871e+02 -5.681780196237265379e+00 -5.000000000000000000e+02 -3.000000000000000000e+02 -1.500000000000000000e+01
-6.000000000000000000e+02 -4.000000000000000000e+02 -1.500000000000000000e+01 5.027118403674653564e+02 -2.511243148556190192e+02 -4.899161425074433751e+00 5.219305287347269768e+02 -2.912900325699503128e+02 -1.184431422222880670e+01 5.275684162909047927e+02 -2.117884234838109023e+02 -1.299944707790451659e+01 5.054284943065298421e+02 -2.797587709936762508e+02 2.240712066353032696e+02 4.902965434910641420e+02 -2.818270881062590547e+02 -2.243460482017505342e+01 5.300825084866048655e+02 -3.079891581303518819e+02 -1.133093137645335524e+01 -5.000000000000000000e+02 -3.000000000000000000e+02 -1.500000000000000000e+01
-6.000000000000000000e+02 -4.000000000000000000e+02 -1.500000000000000000e+01 -1.786079367777446976e+02 -7.432399489130884831e+02 -1.855839345621479097e+01 2.667391169135516407e+02 -3.430125655199080370e+02 -2.401005055637505592e+01 5.937515807297830861e+02 -2.491392539728772135e+02 -2.106862849750105227e+01 5.054284943065298421e+02 -2.797587709936762508e+02 2.240712066353032696e+02 5.161491428111961568e+02 -2.761510834215749242e+02 -2.350226453382023095e+01 5.120566517323239850e+02 -2.948957378905894871e+02 -5.681780196237265379e+00 -5.000000000000000000e+02 -3.000000000000000000e+02 -1.500000000000000000e+01
-6.000000000000000000e+02 -4.000000000000000000e+02 -1.500000000000000000e+01 -1.786079367777446976e+02 -7.432399489130884831e+02 -1.855839345621479097e+01 2.624617359146428726e+02 -3.336378406761035080e+02 -1.928819538387047317e+01 5.428641028784695663e+02 -1.999000546939594756e+02 -6.753725225385601050e+00 5.012817355789221097e+02 -2.515737713010336165e+02 -4.702925993790143622e+01 5.076708372803307725e+02 -2.747700401255295333e+02 -2.367083738447655961e+01 5.120566517323239850e+02 -2.957682642476252681e+02 -9.193842884610990751e+00 -5.000000000000000000e+02 -3.000000000000000000e+02 -1.500000000000000000e+01
-6.000000000000000000e+02 -4.000000000000000000e+02 -1.500000000000000000e+01 -1.786079367777446976e+02 -7.432399489130884831e+02 -1.855839345621479097e+01 3.006379324473359134e+02 -2.380365094957829797e+02 -1.792342432270294239e+01 5.275684162909047927e+02 -2.117884234838109023e+02 -1.299944707790451659e+01 5.054284943065298421e+02 -2.797587709936762508e+02 2.240712066353032696e+02 5.161491428111961568e+02 -2.761510834215749242e+02 -2.350226453382023095e+01 5.120566517323239850e+02 -2.974227639626243445e+02 -8.493757677373254822e-01 -5.000000000000000000e+02 -3.000000000000000000e+02 -1.500000000000000000e+01
-6.000000000000000000e+02 -4.000000000000000000e+02 -1.500000000000000000e+01 -3.439361145671699092e+02 -3.830250554907007086e+02 -9.797749677155682235e+00 3.173980473987340929e+02 -2.419719366648656376e+02 -1.363920776610960317e+01 5.428641028784695663e+02 -2.027064292908343930e+02 -6.753725225385601050e+00 5.012817355789221097e+02 -2.515737713010336165e+02 -4.702925993790143622e+01 5.076708372803307725e+02 -2.747700401255295333e+02 -2.367083738447655961e+01 5.120566517323239850e+02 -2.957682642476252681e+02 2.919353909462385488e-01 -5.000000000000000000e+02 -3.000000000000000000e+02 -1.500000000000000000e+01
-6.000000000000000000e+02 -4.000000000000000000e+02 -1.500000000000000000e+01 -1.786079367777446976e+02 -7.432399489130884831e+02 -1.855839345621479097e+01 3.006379324473359134e+02 -2.380365094957829797e+02 -1.792342432270294239e+01 5.275684162909047927e+02 -2.117884234838109023e+02 -1.299944707790451659e+01 5.012817355789221097e+02 -2.515737713010336165e+02 -4.702925993790143622e+01 5.076708372803307725e+02 -2.747700401255295333e+02 -2.367083738447655961e+01 5.120566517323239850e+02 -2.957682642476252681e+02 -9.193842884610990751e+00 -5.000000000000000000e+02 -3.000000000000000000e+02 -1.500000000000000000e+01
-6.000000000000000000e+02 -4.000000000000000000e+02 -1.500000000000000000e+01 -3.496123799144768896e+02 -3.830250554907007086e+02 -1.409395980903546608e+01 3.173980473987340929e+02 -2.419719366648656376e+02 -1.363920776610960317e+01 4.082310008912357375e+02 -2.381112628190716691e+02 -1.880810328252456998e+01 4.987298016441426967e+02 -2.650995200648529817e+02 -3.827127957630449373e+01 5.070505158053591686e+02 -2.810445988679535390e+02 -2.630203086849338590e+01 -2.762304385121299788e+02 -2.980795791251837272e+02 -2.901774318437763327e+02 -5.000000000000000000e+02 -3.000000000000000000e+02 -1.500000000000000000e+01
-6.000000000000000000e+02 -4.000000000000000000e+02 -1.500000000000000000e+01 -3.496123799144768896e+02 -3.830250554907007086e+02 -1.409395980903546608e+01 3.173980473987340929e+02 -2.419719366648656376e+02 -1.363920776610960317e+01 4.221465616194291783e+02 -2.344644925000548312e+02 -2.353731210275255137e+01 5.050071917384126436e+02 -2.668322264610199568e+02 1.446258175226625440e+02 5.076708372803307725e+02 -2.747700401255295333e+02 -2.367083738447655961e+01 5.120566517323239850e+02 -2.957682642476252681e+02 2.919353909462385488e-01 -5.000000000000000000e+02 -3.000000000000000000e+02 -1.500000000000000000e+01
-6.000000000000000000e+02 -4.000000000000000000e+02 -1.500000000000000000e+01 -1.786079367777446976e+02 -7.432399489130884831e+02 -1.855839345621479097e+01 3.006379324473359134e+02 -2.380365094957829797e+02 -1.792342432270294239e+01 5.275684162909047927e+02 -2.117884234838109023e+02 -1.299944707790451659e+01 5.050071917384126436e+02 -2.668322264610199568e+02 1.446258175226625440e+02 5.076708372803307725e+02 -2.747700401255295333e+02 -2.367083738447655961e+01 5.120566517323239850e+02 -2.957682642476252681e+02 -9.193842884610990751e+00 -5.000000000000000000e+02 -3.000000000000000000e+02 -1.500000000000000000e+01
-6.000000000000000000e+02 -4.000000000000000000e+02 -1.500000000000000000e+01 -3.496123799144768896e+02 -3.830250554907007086e+02 -1.409395980903546608e+01 3.006379324473359134e+02 -2.380365094957829797e+02 -1.792342432270294239e+01 5.275684162909047927e+02 -2.117884234838109023e+02 -1.299944707790451659e+01 5.054284943065298421e+02 -2.797587709936762508e+02 2.240712066353032696e+02 5.161491428111961568e+02 -2.761510834215749242e+02 -2.350226453382023095e+01 5.120566517323239850e+02 -2.974227639626243445e+02 -8.493757677373254822e-01 -5.000000000000000000e+02 -3.000000000000000000e+02 -1.500000000000000000e+01
-6.000000000000000000e+02 -4.000000000000000000e+02 -1.500000000000000000e+01 -4.276788113716593216e+02 -1.037280294058121086e+02 1.384909796375824840e+02 -3.594183090416357231e+02 -4.021069536890803420e+01 -3.770457762739930274e+00 -3.308372544456729543e+02 -2.118779425459758272e+02 -1.828437411786474627e+02 -3.602297733428833340e+02 -2.907030282829480825e+02 -1.626925312325355932e+01 -3.655606896597326454e+02 -1.920911590687658759e+02 -6.204295334908387076e+02 -4.983713003357792104e+02 -2.514460703306463358e+02 -9.004102891933252195e-02 -5.000000000000000000e+02 -3.000000000000000000e+02 -1.500000000000000000e+01
-6.000000000000000000e+02 -4.000000000000000000e+02 -1.500000000000000000e+01 -1.786079367777446976e+02 -7.432399489130884831e+02 -1.855839345621479097e+01 3.006379324473359134e+02 -2.380365094957829797e+02 -1.792342432270294239e+01 5.275684162909047927e+02 -2.117884234838109023e+02 -1.299944707790451659e+01 5.054284943065298421e+02 -2.797587709936762508e+02 2.240712066353032696e+02 5.070505158053591686e+02 -2.810445988679535390e+02 -2.630203086849338590e+01 5.120566517323239850e+02 -2.974227639626243445e+02 -8.493757677373254822e-01 -5.000000000000000000e+02 -3.000000000000000000e+02 -1.500000000000000000e+01
-6.000000000000000000e+02 -4.000000000000000000e+02 -1.500000000000000000e+01 -3.496123799144768896e+02 -3.830250554907007086e+02 -1.409395980903546608e+01 3.173980473987340929e+02 -2.419719366648656376e+02 -1.363920776610960317e+01 4.221465616194291783e+02 -2.315684956088315687e+02 -2.353731210275255137e+01 5.012817355789221097e+02 -2.515737713010336165e+02 -4.702925993790143622e+01 4.842587381578880468e+02 -2.818270881062590547e+02 -2.243460482017505342e+01 3.515972316883812709e+01 -2.901499082482625340e+02 4.596523844091295885e+00 -5.000000000000000000e+02 -3.000000000000000000e+02 -1.500000000000000000e+01
-6.000000000000000000e+02 -4.000000000000000000e+02 -1.500000000000000000e+01 -3.496123799144768896e+02 -3.830250554907007086e+02 -1.409395980903546608e+01 3.173980473987340929e+02 -2.419719366648656376e+02 -1.363920776610960317e+01 4.221465616194291783e+02 -2.315684956088315687e+02 -2.353731210275255137e+01 5.012817355789221097e+02 -2.515737713010336165e+02 -4.702925993790143622e+01 5.076708372803307725e+02 -2.747700401255295333e+02 -2.367083738447655961e+01 5.120566517323239850e+02 -2.957682642476252681e+02 2.919353909462385488e-01 -5.000000000000000000e+02 -3.000000000000000000e+02 -1.500000000000000000e+01
-6.000000000000000000e+02 -4.000000000000000000e+02 -1.500000000000000000e+01 -3.496123799144768896e+02 -3.830250554907007086e+02 -1.409395980903546608e+01 3.173980473987340929e+02 -2.419719366648656376e+02 -1.363920776610960317e+01 4.221465616194291783e+02 -2.344644925000548312e+02 -2.353731210275255137e+01 4.993205853290032792e+02 -2.668322264610199568e+02 1.408143008365858009e+02 5.076708372803307725e+02 -2.747700401255295333e+02 -2.276391571291621929e+01 5.101451532784490155e+02 -2.957682642476252681e+02 2.919353909462385488e-01 -5.000000000000000000e+02 -3.000000000000000000e+02 -1.500000000000000000e+01
-6.000000000000000000e+02 -4.000000000000000000e+02 -1.500000000000000000e+01 -3.496123799144768896e+02 -3.830250554907007086e+02 -1.409395980903546608e+01 3.066574828348873325e+02 -2.308489866416490202e+02 -1.363920776610960317e+01 5.110410249074402032e+02 -3.662654230894166290e+02 -1.028731403173319237e+01 5.074401221723334743e+02 -2.823995829114014668e+02 2.325396950947300923e+02 4.902965434910641420e+02 -2.818270881062590547e+02 -2.243460482017505342e+01 5.300825084866048655e+02 -3.079891581303518819e+02 -1.598429155908138810e+01 -5.000000000000000000e+02 -3.000000000000000000e+02 -1.500000000000000000e+01
-6.000000000000000000e+02 -4.000000000000000000e+02 -1.500000000000000000e+01 -3.496123799144768896e+02 -3.830250554907007086e+02 -1.409395980903546608e+01 3.073350472542948069e+02 -2.308489866416490202e+02 -2.356978632630346624e+02 5.110410249074402032e+02 -3.662654230894166290e+02 -1.028731403173319237e+01 5.054284943065298421e+02 -2.797587709936762508e+02 2.240712066353032696e+02 5.076708372803307725e+02 -2.747700401255295333e+02 -2.367083738447655961e+01 5.120566517323239850e+02 -2.957682642476252681e+02 2.919353909462385488e-01 -5.000000000000000000e+02 -3.000000000000000000e+02 -1.500000000000000000e+01
-6.000000000000000000e+02 -4.000000000000000000e+02 -1.500000000000000000e+01 -3.496123799144768896e+02 -3.830250554907007086e+02 -1.409395980903546608e+01 3.006379324473359134e+02 -2.380365094957829797e+02 -1.792342432270294239e+01 5.275684162909047927e+02 -2.117884234838109023e+02 -1.299944707790451659e+01 5.054284943065298421e+02 -2.797587709936762508e+02 2.240712066353032696e+02 5.161491428111961568e+02 -2.761510834215749242e+02 -2.350226453382023095e+01 5.120566517323239850e+02 -2.948957378905894871e+02 -5.681780196237265379e+00 -5.000000000000000000e+02 -3.000000000000000000e+02 -1.500000000000000000e+01
-6.000000000000000000e+02 -4.000000000000000000e+02 -1.500000000000000000e+01 -1.786079367777446976e+02 -7.432399489130884831e+02 -1.855839345621479097e+01 2.624617359146428726e+02 -3.336378406761035080e+02 -1.928819538387047317e+01 5.428641028784695663e+02 -1.999000546939594756e+02 -6.753725225385601050e+00 5.012817355789221097e+02 -2.515737713010336165e+02 -4.702925993790143622e+01 4.842587381578880468e+02 -2.818270881062590547e+02 -2.243460482017505342e+01 5.300825084866048655e+02 -3.079891581303518819e+02 -1.133093137645335524e+01 -5.000000000000000000e+02 -3.000000000000000000e+02 -1.500000000000000000e+01
-6.000000000000000000e+02 -4.000000000000000000e+02 -1.500000000000000000e+01 -3.559922492373077603e+02 -3.840806776757081593e+02 -1.212450200282828483e+01 2.667391169135516407e+02 -3.430125655199080370e+02 -2.401005055637505592e+01 5.937515807297830861e+02 -2.491392539728772135e+02 -2.106862849750105227e+01 5.012817355789221097e+02 -2.515737713010336165e+02 -4.702925993790143622e+01 5.076708372803307725e+02 -2.747700401255295333e+02 -2.367083738447655961e+01 5.120566517323239850e+02 -2.957682642476252681e+02 -9.193842884610990751e+00 -5.000000000000000000e+02 -3.000000000000000000e+02 -1.500000000000000000e+01
-6.000000000000000000e+02 -4.000000000000000000e+02 -1.500000000000000000e+01 -1.786079367777446976e+02 -7.432399489130884831e+02 -1.855839345621479097e+01 -3.519416762783205854e+02 -3.353195735453903126e+01 -1.593828167135383111e+01 5.916624346463910342e+02 -2.604404450869658376e+02 -1.204890000564272334e+01 5.012817355789221097e+02 -2.515737713010336165e+02 -4.702925993790143622e+01 5.076708372803307725e+02 -2.747700401255295333e+02 -2.367083738447655961e+01 5.120566517323239850e+02 -2.974227639626243445e+02 -8.493757677373254822e-01 -5.000000000000000000e+02 -3.000000000000000000e+02 -1.500000000000000000e+01
-6.000000000000000000e+02 -4.000000000000000000e+02 -1.500000000000000000e+01 -3.496123799144768896e+02 -3.830250554907007086e+02 -1.409395980903546608e+01 3.173980473987340929e+02 -2.419719366648656376e+02 -1.363920776610960317e+01 4.221465616194291783e+02 -2.315684956088315687e+02 -2.353731210275255137e+01 5.012817355789221097e+02 -2.515737713010336165e+02 -4.702925993790143622e+01 5.070505158053591686e+02 -2.810445988679535390e+02 -2.630203086849338590e+01 3.515972316883812709e+01 -2.901499082482625340e+02 4.596523844091295885e+00 -5.000000000000000000e+02 -3.000000000000000000e+02 -1.500000000000000000e+01
-6.000000000000000000e+02 -4.000000000000000000e+02 -1.500000000000000000e+01 -3.559922492373077603e+02 -3.840806776757081593e+02 -1.212450200282828483e+01 2.667391169135516407e+02 -3.430125655199080370e+02 -2.401005055637505592e+01 5.278359235345490106e+02 -2.165380079421093171e+02 -1.299944707790451659e+01 5.012817355789221097e+02 -2.515737713010336165e+02 -3.713244150502200114e+01 5.076708372803307725e+02 -2.747700401255295333e+02 -2.367083738447655961e+01 5.120566517323239850e+02 -2.957682642476252681e+02 -9.193842884610990751e+00 -5.000000000000000000e+02 -3.000000000000000000e+02 -1.500000000000000000e+01
-6.000000000000000000e+02 -4.000000000000000000e+02 -1.500000000000000000e+01 -3.496123799144768896e+02 -3.830250554907007086e+02 -1.409395980903546608e+01 3.173980473987340929e+02 -2.419719366648656376e+02 -1.363920776610960317e+01 5.428641028784695663e+02 -1.999000546939594756e+02 -6.753725225385601050e+00 5.012817355789221097e+02 -2.515737713010336165e+02 -4.702925993790143622e+01 5.076708372803307725e+02 -2.747700401255295333e+02 -2.367083738447655961e+01 5.120566517323239850e+02 -2.957682642476252681e+02 2.919353909462385488e-01 -5.000000000000000000e+02 -3.000000000000000000e+02 -1.500000000000000000e+01
-6.000000000000000000e+02 -4.000000000000000000e+02 -1.500000000000000000e+01 -1.786079367777446976e+02 -7.432399489130884831e+02 -1.855839345621479097e+01 -3.519416762783205854e+02 -3.353195735453903126e+01 -1.593828167135383111e+01 5.916624346463910342e+02 -2.604404450869658376e+02 -1.204890000564272334e+01 4.987298016441426967e+02 -2.515737713010336165e+02 -3.899691259150453959e+01 4.921670605648195078e+02 -2.818270881062590547e+02 -2.243460482017505342e+01 5.120566517323239850e+02 -2.974227639626243445e+02 -8.493757677373254822e-01 -5.000000000000000000e+02 -3.000000000000000000e+02 -1.500000000000000000e+01
-6.000000000000000000e+02 -4.000000000000000000e+02 -1.500000000000000000e+01 -1.786079367777446976e+02 -7.432399489130884831e+02 -1.855839345621479097e+01 2.624617359146428726e+02 -3.336378406761035080e+02 -1.928819538387047317e+01 5.428641028784695663e+02 -1.999000546939594756e+02 -6.753725225385601050e+00 5.012817355789221097e+02 -2.515737713010336165e+02 -4.702925993790143622e+01 5.076708372803307725e+02 -2.747700401255295333e+02 -2.367083738447655961e+01 5.120566517323239850e+02 -2.948957378905894871e+02 -5.681780196237265379e+00 -5.000000000000000000e+02 -3.000000000000000000e+02 -1.500000000000000000e+01
-6.000000000000000000e+02 -4.000000000000000000e+02 -1.500000000000000000e+01 -1.786079367777446976e+02 -7.432399489130884831e+02 -1.855839345621479097e+01 3.006379324473359134e+02 -2.380365094957829797e+02 -1.792342432270294239e+01 5.275684162909047927e+02 -2.117884234838109023e+02 -1.299944707790451659e+01 5.054284943065298421e+02 -2.797587709936762508e+02 2.240712066353032696e+02 5.076708372803307725e+02 -2.747700401255295333e+02 -2.367083738447655961e+01 5.120566517323239850e+02 -2.957682642476252681e+02 -9.193842884610990751e+00 -5.000000000000000000e+02 -3.000000000000000000e+02 -1.500000000000000000e+01
-6.000000000000000000e+02 -4.000000000000000000e+02 -1.500000000000000000e+01 -3.439361145671699092e+02 -3.830250554907007086e+02 -9.797749677155682235e+00 3.173980473987340929e+02 -2.419719366648656376e+02 -1.363920776610960317e+01 5.428641028784695663e+02 -2.027064292908343930e+02 -6.753725225385601050e+00 5.012817355789221097e+02 -2.515737713010336165e+02 -4.702925993790143622e+01 5.076708372803307725e+02 -2.747700401255295333e+02 -2.367083738447655961e+01 5.120566517323239850e+02 -2.957682642476252681e+02 -9.193842884610990751e+00 -5.000000000000000000e+02 -3.000000000000000000e+02 -1.500000000000000000e+01
-6.000000000000000000e+02 -4.000000000000000000e+02 -1.500000000000000000e+01 -3.559922492373077603e+02 -3.840806776757081593e+02 -1.212450200282828483e+01 2.667391169135516407e+02 -3.430125655199080370e+02 -2.401005055637505592e+01 5.937515807297830861e+02 -2.491392539728772135e+02 -2.106862849750105227e+01 5.012817355789221097e+02 -2.515737713010336165e+02 -4.702925993790143622e+01 5.076708372803307725e+02 -2.747700401255295333e+02 -2.367083738447655961e+01 5.120566517323239850e+02 -2.957682642476252681e+02 2.919353909462385488e-01 -5.000000000000000000e+02 -3.000000000000000000e+02 -1.500000000000000000e+01
-6.000000000000000000e+02 -4.000000000000000000e+02 -1.500000000000000000e+01 -3.496123799144768896e+02 -3.830250554907007086e+02 -2.017783082408818274e+01 3.187062209305157694e+02 -2.441438772456391462e+02 -1.363920776610960317e+01 4.046616443843228126e+02 -2.253368612077785542e+02 -8.296446878849692439e+02 5.027701136636576962e+02 -2.606485364923707380e+02 -3.899691259150453959e+01 5.070505158053591686e+02 -2.818193668020286395e+02 -2.111516287333125064e+01 5.300825084866048655e+02 -3.079891581303518819e+02 -1.133093137645335524e+01 -5.000000000000000000e+02 -3.000000000000000000e+02 -1.500000000000000000e+01
-6.000000000000000000e+02 -4.000000000000000000e+02 -1.500000000000000000e+01 -3.559922492373077603e+02 -3.840806776757081593e+02 -1.212450200282828483e+01 3.066574828348873325e+02 -2.308489866416490202e+02 -1.363920776610960317e+01 5.110410249074402032e+02 -3.662654230894166290e+02 -1.028731403173319237e+01 5.044044221330770483e+02 -2.823995829114014668e+02 2.241125478707016327e+02 5.070505158053591686e+02 -2.810445988679535390e+02 -2.630203086849338590e+01 5.120566517323239850e+02 -3.018429184313361588e+02 -6.853726197962815014e+00 -5.000000000000000000e+02 -3.000000000000000000e+02 -1.500000000000000000e+01
-6.000000000000000000e+02 -4.000000000000000000e+02 -1.500000000000000000e+01 -1.786079367777446976e+02 -7.432399489130884831e+02 -1.855839345621479097e+01 2.624617359146428726e+02 -3.336378406761035080e+02 -1.928819538387047317e+01 5.428641028784695663e+02 -1.999000546939594756e+02 -6.753725225385601050e+00 5.012817355789221097e+02 -2.515737713010336165e+02 -4.702925993790143622e+01 5.076708372803307725e+02 -2.747700401255295333e+02 -2.367083738447655961e+01 5.120566517323239850e+02 -2.957682642476252681e+02 2.919353909462385488e-01 -5.000000000000000000e+02 -3.000000000000000000e+02 -1.500000000000000000e+01
-6.000000000000000000e+02 -4.000000000000000000e+02 -1.500000000000000000e+01 -3.496123799144768896e+02 -3.830250554907007086e+02 -2.017783082408818274e+01 3.173980473987340929e+02 -2.419719366648656376e+02 -1.363920776610960317e+01 4.082310008912357375e+02 -2.381112628190716691e+02 -1.880810328252456998e+01 5.050071917384126436e+02 -2.668322264610199568e+02 1.446258175226625440e+02 5.070505158053591686e+02 -2.818193668020286395e+02 -2.111516287333125064e+01 -2.762304385121299788e+02 -2.980795791251837272e+02 -2.950247607246935786e+02 -5.000000000000000000e+02 -3.000000000000000000e+02 -1.500000000000000000e+01
-6.000000000000000000e+02 -4.000000000000000000e+02 -1.500000000000000000e+01 -1.786079367777446976e+02 -7.432399489130884831e+02 -1.855839345621479097e+01 2.667391169135516407e+02 -3.430125655199080370e+02 -2.401005055637505592e+01 5.937515807297830861e+02 -2.491392539728772135e+02 -2.106862849750105227e+01 5.012817355789221097e+02 -2.515737713010336165e+02 -4.702925993790143622e+01 5.076708372803307725e+02 -2.747700401255295333e+02 -2.367083738447655961e+01 5.120566517323239850e+02 -2.957682642476252681e+02 2.919353909462385488e-01 -5.000000000000000000e+02 -3.000000000000000000e+02 -1.500000000000000000e+01
-6.000000000000000000e+02 -4.000000000000000000e+02 -1.500000000000000000e+01 -3.496123799144768896e+02 -3.830250554907007086e+02 -1.409395980903546608e+01 3.173980473987340929e+02 -2.419719366648656376e+02 -1.363920776610960317e+01 4.082310008912357375e+02 -2.381112628190716691e+02 -1.880810328252456998e+01 4.987298016441426967e+02 -2.650995200648529817e+02 -3.827127957630449373e+01 4.960005710623254345e+02 -2.729331811071625680e+02 -4.941354043367110904e+01 5.062886170927568514e+02 -2.901499082482625340e+02 -5.681780196237265379e+00 -5.000000000000000000e+02 -3.000000000000000000e+02 -1.500000000000000000e+01
-6.000000000000000000e+02 -4.000000000000000000e+02 -1.500000000000000000e+01 -3.496123799144768896e+02 -3.830250554907007086e+02 -1.409395980903546608e+01 3.173980473987340929e+02 -2.419719366648656376e+02 -1.363920776610960317e+01 4.082310008912357375e+02 -2.381112628190716691e+02 -1.880810328252456998e+01 5.054284943065298421e+02 -2.797587709936762508e+02 2.240712066353032696e+02 4.902965434910641420e+02 -2.818270881062590547e+02 -2.243460482017505342e+01 3.515972316883812709e+01 -2.901499082482625340e+02 4.994784086594837618e+02 -5.000000000000000000e+02 -3.000000000000000000e+02 -1.500000000000000000e+01
-6.000000000000000000e+02 -4.000000000000000000e+02 -1.500000000000000000e+01 -3.496123799144768896e+02 -3.830250554907007086e+02 -1.409395980903546608e+01 3.006379324473359134e+02 -2.380365094957829797e+02 -1.792342432270294239e+01 5.275684162909047927e+02 -2.117884234838109023e+02 -1.299944707790451659e+01 5.054284943065298421e+02 -2.797587709936762508e+02 2.240712066353032696e+02 5.076708372803307725e+02 -2.747700401255295333e+02 -2.367083738447655961e+01 5.120566517323239850e+02 -2.957682642476252681e+02 -9.193842884610990751e+00 -5.000000000000000000e+02 -3.000000000000000000e+02 -1.500000000000000000e+01
-6.000000000000000000e+02 -4.000000000000000000e+02 -1.500000000000000000e+01 -3.496123799144768896e+02 -3.830250554907007086e+02 -1.409395980903546608e+01 3.173980473987340929e+02 -2.419719366648656376e+02 -1.363920776610960317e+01 5.428641028784695663e+02 -1.999000546939594756e+02 -6.753725225385601050e+00 5.012817355789221097e+02 -2.515737713010336165e+02 -4.702925993790143622e+01 5.076708372803307725e+02 -2.747700401255295333e+02 -2.367083738447655961e+01 5.120566517323239850e+02 -2.957682642476252681e+02 -9.193842884610990751e+00 -5.000000000000000000e+02 -3.000000000000000000e+02 -1.500000000000000000e+01
-6.000000000000000000e+02 -4.000000000000000000e+02 -1.500000000000000000e+01 -3.559922492373077603e+02 -3.840806776757081593e+02 -1.212450200282828483e+01 2.667391169135516407e+02 -3.430125655199080370e+02 -2.401005055637505592e+01 5.937515807297830861e+02 -2.491392539728772135e+02 -2.106862849750105227e+01 5.054284943065298421e+02 -2.797587709936762508e+02 2.240712066353032696e+02 5.161491428111961568e+02 -2.761510834215749242e+02 -2.350226453382023095e+01 5.120566517323239850e+02 -2.948957378905894871e+02 -5.681780196237265379e+00 -5.000000000000000000e+02 -3.000000000000000000e+02 -1.500000000000000000e+01
-6.000000000000000000e+02 -4.000000000000000000e+02 -1.500000000000000000e+01 -3.496123799144768896e+02 -3.830250554907007086e+02 -1.409395980903546608e+01 3.073350472542948069e+02 -2.308489866416490202e+02 -2.356978632630346624e+02 5.110410249074402032e+02 -3.662654230894166290e+02 -1.028731403173319237e+01 5.054284943065298421e+02 -2.797587709936762508e+02 2.240712066353032696e+02 5.076708372803307725e+02 -2.747700401255295333e+02 -2.367083738447655961e+01 5.101451532784490155e+02 -2.957682642476252681e+02 2.919353909462385488e-01 -5.000000000000000000e+02 -3.000000000000000000e+02 -1.500000000000000000e+01
-6.000000000000000000e+02 -4.000000000000000000e+02 -1.500000000000000000e+01 -3.496123799144768896e+02 -3.830250554907007086e+02 -1.409395980903546608e+01 3.173980473987340929e+02 -2.419719366648656376e+02 -1.363920776610960317e+01 4.221465616194291783e+02 -2.344644925000548312e+02 -2.353731210275255137e+01 4.993205853290032792e+02 -2.668322264610199568e+02 1.408143008365858009e+02 5.076708372803307725e+02 -2.747700401255295333e+02 -2.276391571291621929e+01 5.120566517323239850e+02 -2.957682642476252681e+02 2.919353909462385488e-01 -5.000000000000000000e+02 -3.000000000000000000e+02 -1.500000000000000000e+01
-6.000000000000000000e+02 -4.000000000000000000e+02 -1.500000000000000000e+01 -3.496123799144768896e+02 -3.830250554907007086e+02 -1.409395980903546608e+01 3.173980473987340929e+02 -2.432885507935631892e+02 -1.363920776610960317e+01 4.082310008912357375e+02 -2.381112628190716691e+02 -2.109315293891989995e+01 4.987298016441426967e+02 -2.515737713010336165e+02 -4.158762418991752696e+01 5.076708372803307725e+02 -2.747700401255295333e+02 -2.367083738447655961e+01 5.120566517323239850e+02 -2.957682642476252681e+02 2.919353909462385488e-01 -5.000000000000000000e+02 -3.000000000000000000e+02 -1.500000000000000000e+01
-6.000000000000000000e+02 -4.000000000000000000e+02 -1.500000000000000000e+01 -1.786079367777446976e+02 -7.432399489130884831e+02 -1.855839345621479097e+01 -3.519416762783205854e+02 -3.353195735453903126e+01 -1.593828167135383111e+01 5.931963632228578263e+02 -2.603629906506689053e+02 -1.892338950183081892e+01 5.044044221330770483e+02 -2.769474543130295388e+02 2.241125478707016327e+02 5.101719621057531526e+02 -2.687426276284592745e+02 -1.920563691008031171e+01 5.120566517323239850e+02 -2.974227639626243445e+02 -8.493757677373254822e-01 -5.000000000000000000e+02 -3.000000000000000000e+02 -1.500000000000000000e+01
-6.000000000000000000e+02 -4.000000000000000000e+02 -1.500000000000000000e+01 -3.496123799144768896e+02 -3.830250554907007086e+02 -1.409395980903546608e+01 3.173980473987340929e+02 -2.419719366648656376e+02 -1.363920776610960317e+01 4.221465616194291783e+02 -2.344644925000548312e+02 -2.353731210275255137e+01 5.050071917384126436e+02 -2.668322264610199568e+02 1.446258175226625440e+02 5.076708372803307725e+02 -2.747700401255295333e+02 -2.276391571291621929e+01 5.120566517323239850e+02 -2.957682642476252681e+02 2.919353909462385488e-01 -5.000000000000000000e+02 -3.000000000000000000e+02 -1.500000000000000000e+01
-6.000000000000000000e+02 -4.000000000000000000e+02 -1.500000000000000000e+01 -3.496123799144768896e+02 -3.830250554907007086e+02 -2.017783082408818274e+01 2.667391169135516407e+02 -3.430125655199080370e+02 -2.401005055637505592e+01 5.937515807297830861e+02 -2.491392539728772135e+02 -2.106862849750105227e+01 5.008351806457516773e+02 -2.515737713010336165e+02 -4.390307477821591675e+01 5.070505158053591686e+02 -2.818193668020286395e+02 -2.111516287333125064e+01 5.300825084866048655e+02 -3.079891581303518819e+02 -1.133093137645335524e+01 -5.000000000000000000e+02 -3.000000000000000000e+02 -1.500000000000000000e+01
-6.000000000000000000e+02 -4.000000000000000000e+02 -1.500000000000000000e+01 -3.496123799144768896e+02 -3.830250554907007086e+02 -1.409395980903546608e+01 3.173980473987340929e+02 -2.419719366648656376e+02 -1.363920776610960317e+01 4.221465616194291783e+02 -2.315684956088315687e+02 -2.353731210275255137e+01 5.012817355789221097e+02 -2.515737713010336165e+02 -4.702925993790143622e+01 5.070505158053591686e+02 -2.810445988679535390e+02 -2.630203086849338590e+01 3.515972316883812709e+01 -2.901499082482625340e+02 4.994784086594837618e+02 -5.000000000000000000e+02 -3.000000000000000000e+02 -1.500000000000000000e+01
-6.000000000000000000e+02 -4.000000000000000000e+02 -1.500000000000000000e+01 -3.496123799144768896e+02 -3.830250554907007086e+02 -1.409395980903546608e+01 3.066574828348873325e+02 -2.308489866416490202e+02 -1.363920776610960317e+01 5.110410249074402032e+02 -3.662654230894166290e+02 -1.028731403173319237e+01 5.012817355789221097e+02 -2.515737713010336165e+02 -4.702925993790143622e+01 5.076708372803307725e+02 -2.747700401255295333e+02 -2.367083738447655961e+01 5.120566517323239850e+02 -2.957682642476252681e+02 -9.193842884610990751e+00 -5.000000000000000000e+02 -3.000000000000000000e+02 -1.500000000000000000e+01
-6.000000000000000000e+02 -4.000000000000000000e+02 -1.500000000000000000e+01 -1.786079367777446976e+02 -7.432399489130884831e+02 -1.855839345621479097e+01 2.667391169135516407e+02 -3.430125655199080370e+02 -2.401005055637505592e+01 5.428641028784695663e+02 -2.027064292908343930e+02 -6.753725225385601050e+00 5.012817355789221097e+02 -2.515737713010336165e+02 -4.702925993790143622e+01 5.076708372803307725e+02 -2.747700401255295333e+02 -2.367083738447655961e+01 5.120566517323239850e+02 -2.957682642476252681e+02 -9.193842884610990751e+00 -5.000000000000000000e+02 -3.000000000000000000e+02 -1.500000000000000000e+01
-6.000000000000000000e+02 -4.000000000000000000e+02 -1.500000000000000000e+01 -3.496123799144768896e+02 -3.830250554907007086e+02 -1.409395980903546608e+01 3.173980473987340929e+02 -2.419719366648656376e+02 -1.363920776610960317e+01 4.239568457263579262e+02 -2.344644925000548312e+02 -2.210446169035461139e+01 4.993205853290032792e+02 -2.668322264610199568e+02 1.408143008365858009e+02 5.076708372803307725e+02 -2.771861889312546054e+02 -2.276391571291621929e+01 5.101451532784490155e+02 -2.906486462581797809e+02 2.919353909462385488e-01 -5.000000000000000000e+02 -3.000000000000000000e+02 -1.500000000000000000e+01
-6.000000000000000000e+02 -4.000000000000000000e+02 -1.500000000000000000e+01 -3.496123799144768896e+02 -3.830250554907007086e+02 -1.409395980903546608e+01 3.089224626662914375e+02 -2.308489866416490202e+02 -2.356978632630346624e+02 4.990555599695931619e+02 -3.662654230894166290e+02 -1.028731403173319237e+01 5.012817355789221097e+02 -2.515737713010336165e+02 -4.702925993790143622e+01 5.076708372803307725e+02 -2.747700401255295333e+02 -2.367083738447655961e+01 5.120566517323239850e+02 -2.948957378905894871e+02 -5.681780196237265379e+00 -5.000000000000000000e+02 -3.000000000000000000e+02 -1.500000000000000000e+01
-6.000000000000000000e+02 -4.000000000000000000e+02 -1.500000000000000000e+01 -3.496123799144768896e+02 -3.830250554907007086e+02 -1.409395980903546608e+01 3.173980473987340929e+02 -2.419719366648656376e+02 -1.363920776610960317e+01 4.221465616194291783e+02 -2.344644925000548312e+02 -2.353731210275255137e+01 5.050071917384126436e+02 -2.668322264610199568e+02 1.446258175226625440e+02 5.076708372803307725e+02 -2.747700401255295333e+02 -2.367083738447655961e+01 5.120566517323239850e+02 -2.957682642476252681e+02 -9.193842884610990751e+00 -5.000000000000000000e+02 -3.000000000000000000e+02 -1.500000000000000000e+01
-6.000000000000000000e+02 -4.000000000000000000e+02 -1.500000000000000000e+01 -3.496123799144768896e+02 -3.779194760654169727e+02 -1.409395980903546608e+01 3.173980473987340929e+02 -2.419719366648656376e+02 -1.363920776610960317e+01 4.082310008912357375e+02 -2.381112628190716691e+02 -1.880810328252456998e+01 4.958557550286352580e+02 -2.505821725655626437e+02 -4.040401266994987139e+01 5.076708372803307725e+02 -2.747700401255295333e+02 -2.367083738447655961e+01 5.120566517323239850e+02 -2.957682642476252681e+02 -9.193842884610990751e+00 -5.000000000000000000e+02 -3.000000000000000000e+02 -1.500000000000000000e+01
-6.000000000000000000e+02 -4.000000000000000000e+02 -1.500000000000000000e+01 -3.496123799144768896e+02 -3.830250554907007086e+02 -1.409395980903546608e+01 3.173980473987340929e+02 -2.419719366648656376e+02 -1.363920776610960317e+01 5.428641028784695663e+02 -1.999000546939594756e+02 -6.753725225385601050e+00 5.012817355789221097e+02 -2.515737713010336165e+02 -4.702925993790143622e+01 5.076708372803307725e+02 -2.747700401255295333e+02 -2.367083738447655961e+01 5.120566517323239850e+02 -2.948957378905894871e+02 -5.681780196237265379e+00 -5.000000000000000000e+02 -3.000000000000000000e+02 -1.500000000000000000e+01
-6.000000000000000000e+02 -4.000000000000000000e+02 -1.500000000000000000e+01 -1.786079367777446976e+02 -7.432399489130884831e+02 -1.083738508979942026e+03 2.667391169135516407e+02 -3.430125655199080370e+02 -2.308138953896427381e+01 4.221465616194291783e+02 -2.315684956088315687e+02 -2.027773589131310317e+01 5.012817355789221097e+02 -2.515737713010336165e+02 -4.702925993790143622e+01 4.921670605648195078e+02 -2.818270881062590547e+02 -2.243460482017505342e+01 5.300825084866048655e+02 -3.079891581303518819e+02 -1.133093137645335524e+01 -5.000000000000000000e+02 -3.000000000000000000e+02 -1.500000000000000000e+01
-6.000000000000000000e+02 -4.000000000000000000e+02 -1.500000000000000000e+01 -3.496123799144768896e+02 -3.830250554907007086e+02 -1.409395980903546608e+01 3.173980473987340929e+02 -2.419719366648656376e+02 -1.363920776610960317e+01 4.082310008912357375e+02 -2.381112628190716691e+02 -1.880810328252456998e+01 4.993205853290032792e+02 -2.668322264610199568e+02 1.408143008365858009e+02 5.076708372803307725e+02 -2.747700401255295333e+02 -2.276391571291621929e+01 5.120566517323239850e+02 -2.957682642476252681e+02 2.919353909462385488e-01 -5.000000000000000000e+02 -3.000000000000000000e+02 -1.500000000000000000e+01
-6.000000000000000000e+02 -4.000000000000000000e+02 -1.500000000000000000e+01 -1.786079367777446976e+02 -7.432399489130884831e+02 -1.855839345621479097e+01 -3.519416762783205854e+02 -3.353195735453903126e+01 -1.593828167135383111e+01 5.862824368370796719e+02 -2.604404450869658376e+02 -1.204890000564272334e+01 -7.462943306304026692e+01 -3.349446152329794302e+01 8.991593149741451185e+00 5.070505158053591686e+02 -2.810445988679535390e+02 -2.630203086849338590e+01 5.120566517323239850e+02 -3.018429184313361588e+02 -6.853726197962815014e+00 -5.000000000000000000e+02 -3.000000000000000000e+02 -1.500000000000000000e+01
-6.000000000000000000e+02 -4.000000000000000000e+02 -1.500000000000000000e+01 -3.496123799144768896e+02 -3.830250554907007086e+02 -1.409395980903546608e+01 3.173980473987340929e+02 -2.419719366648656376e+02 -1.363920776610960317e+01 4.082310008912357375e+02 -2.381112628190716691e+02 -1.880810328252456998e+01 5.050071917384126436e+02 -2.668322264610199568e+02 1.446258175226625440e+02 5.070505158053591686e+02 -2.818193668020286395e+02 -2.111516287333125064e+01 -2.762304385121299788e+02 -2.980795791251837272e+02 -2.950247607246935786e+02 -5.000000000000000000e+02 -3.000000000000000000e+02 -1.500000000000000000e+01
-6.000000000000000000e+02 -4.000000000000000000e+02 -1.500000000000000000e+01 -3.559922492373077603e+02 -3.840806776757081593e+02 -1.212450200282828483e+01 2.667391169135516407e+02 -3.430125655199080370e+02 -2.401005055637505592e+01 5.278359235345490106e+02 -2.165380079421093171e+02 -1.299944707790451659e+01 5.012817355789221097e+02 -2.515737713010336165e+02 -4.702925993790143622e+01 5.076708372803307725e+02 -2.747700401255295333e+02 -2.367083738447655961e+01 5.120566517323239850e+02 -2.957682642476252681e+02 -9.193842884610990751e+00 -5.000000000000000000e+02 -3.000000000000000000e+02 -1.500000000000000000e+01
-6.000000000000000000e+02 -4.000000000000000000e+02 -1.500000000000000000e+01 -3.496123799144768896e+02 -3.830250554907007086e+02 -1.409395980903546608e+01 3.006379324473359134e+02 -2.380365094957829797e+02 -1.792342432270294239e+01 5.275684162909047927e+02 -2.117884234838109023e+02 -1.299944707790451659e+01 5.054284943065298421e+02 -2.797587709936762508e+02 2.240712066353032696e+02 5.076708372803307725e+02 -2.747700401255295333e+02 -2.367083738447655961e+01 5.120566517323239850e+02 -2.957682642476252681e+02 2.919353909462385488e-01 -5.000000000000000000e+02 -3.000000000000000000e+02 -1.500000000000000000e+01
-6.000000000000000000e+02 -4.000000000000000000e+02 -1.500000000000000000e+01 -3.496123799144768896e+02 -3.830250554907007086e+02 -1.409395980903546608e+01 3.173980473987340929e+02 -2.419719366648656376e+02 -1.363920776610960317e+01 4.044255053014935015e+02 -2.491690848125939226e+02 -1.880810328252456998e+01 5.012817355789221097e+02 -2.515737713010336165e+02 -4.702925993790143622e+01 4.530572492669695635e+02 -2.627979653277706689e+02 -1.769789430083885762e+01 -2.762304385121299788e+02 -2.980795791251837272e+02 -2.901774318437763327e+02 -5.000000000000000000e+02 -3.000000000000000000e+02 -1.500000000000000000e+01
-6.000000000000000000e+02 -4.000000000000000000e+02 -1.500000000000000000e+01 -1.786079367777446976e+02 -7.432399489130884831e+02 -1.855839345621479097e+01 2.667391169135516407e+02 -3.430125655199080370e+02 -2.401005055637505592e+01 5.937515807297830861e+02 -2.491392539728772135e+02 -2.106862849750105227e+01 5.044044221330770483e+02 -2.769474543130295388e+02 2.241125478707016327e+02 5.101719621057531526e+02 -2.687426276284592745e+02 -1.920563691008031171e+01 5.120566517323239850e+02 -2.974227639626243445e+02 -8.493757677373254822e-01 -5.000000000000000000e+02 -3.000000000000000000e+02 -1.500000000000000000e+01
-6.000000000000000000e+02 -4.000000000000000000e+02 -1.500000000000000000e+01 -3.496123799144768896e+02 -3.830250554907007086e+02 -1.409395980903546608e+01 3.173980473987340929e+02 -2.419719366648656376e+02 -1.363920776610960317e+01 4.082310008912357375e+02 -2.381112628190716691e+02 -1.880810328252456998e+01 4.988412797627966597e+02 -2.536324803107975470e+02 -3.899691259150453959e+01 4.676950172957787686e+02 -2.647924861348497529e+02 -2.219666536994206751e+01 -2.762304385121299788e+02 -2.980795791251837272e+02 -2.901774318437763327e+02 -5.000000000000000000e+02 -3.000000000000000000e+02 -1.500000000000000000e+01
-6.000000000000000000e+02 -4.000000000000000000e+02 -1.500000000000000000e+01 -3.496123799144768896e+02 -3.830250554907007086e+02 -1.409395980903546608e+01 3.173980473987340929e+02 -2.419719366648656376e+02 -1.363920776610960317e+01 4.221465616194291783e+02 -2.344644925000548312e+02 -2.353731210275255137e+01 5.050071917384126436e+02 -2.668322264610199568e+02 1.446258175226625440e+02 5.076708372803307725e+02 -2.747700401255295333e+02 -2.367083738447655961e+01 5.062886170927568514e+02 -2.901499082482625340e+02 2.989961560217159864e+00 -5.000000000000000000e+02 -3.000000000000000000e+02 -1.500000000000000000e+01
-6.000000000000000000e+02 -4.000000000000000000e+02 -1.500000000000000000e+01 -3.496123799144768896e+02 -3.830250554907007086e+02 -1.409395980903546608e+01 3.173980473987340929e+02 -2.419719366648656376e+02 -1.363920776610960317e+01 4.082310008912357375e+02 -2.519913631913707661e+02 -2.619158927337724307e+01 5.054284943065298421e+02 -2.797587709936762508e+02 2.240712066353032696e+02 5.070505158053591686e+02 -2.810445988679535390e+02 -2.630203086849338590e+01 5.062886170927568514e+02 -2.901499082482625340e+02 -5.681780196237265379e+00 -5.000000000000000000e+02 -3.000000000000000000e+02 -1.500000000000000000e+01
-6.000000000000000000e+02 -4.000000000000000000e+02 -1.500000000000000000e+01 -3.496123799144768896e+02 -3.830250554907007086e+02 -1.409395980903546608e+01 3.073350472542948069e+02 -2.308489866416490202e+02 -2.356978632630346624e+02 5.110410249074402032e+02 -3.662654230894166290e+02 -1.028731403173319237e+01 4.987298016441426967e+02 -2.590227468167346387e+02 -3.899691259150453959e+01 5.134206496403395477e+02 -2.742969270100236940e+02 -2.350226453382023095e+01 5.120566517323239850e+02 -2.974227639626243445e+02 -8.493757677373254822e-01 -5.000000000000000000e+02 -3.000000000000000000e+02 -1.500000000000000000e+01
-6.000000000000000000e+02 -4.000000000000000000e+02 -1.500000000000000000e+01 -3.496123799144768896e+02 -3.830250554907007086e+02 -1.409395980903546608e+01 3.006379324473359134e+02 -2.380365094957829797e+02 -1.792342432270294239e+01 5.275684162909047927e+02 -2.117884234838109023e+02 -1.299944707790451659e+01 5.054284943065298421e+02 -2.797587709936762508e+02 2.240712066353032696e+02 5.070505158053591686e+02 -2.810445988679535390e+02 -2.630203086849338590e+01 5.120566517323239850e+02 -2.974227639626243445e+02 -8.493757677373254822e-01 -5.000000000000000000e+02 -3.000000000000000000e+02 -1.500000000000000000e+01
-6.000000000000000000e+02 -4.000000000000000000e+02 -1.500000000000000000e+01 -3.469209202332906443e+02 -3.830250554907007086e+02 -1.770165720912975260e+01 2.624617359146428726e+02 -3.336378406761035080e+02 -1.928819538387047317e+01 5.428641028784695663e+02 -1.999000546939594756e+02 -6.753725225385601050e+00 5.044044221330770483e+02 -2.769474543130295388e+02 2.241125478707016327e+02 5.161491428111961568e+02 -2.761510834215749242e+02 -2.350226453382023095e+01 5.120566517323239850e+02 -2.948957378905894871e+02 -5.681780196237265379e+00 -5.000000000000000000e+02 -3.000000000000000000e+02 -1.500000000000000000e+01
-6.000000000000000000e+02 -4.000000000000000000e+02 -1.500000000000000000e+01 -3.496123799144768896e+02 -3.830250554907007086e+02 -1.409395980903546608e+01 3.006379324473359134e+02 -2.380365094957829797e+02 -1.792342432270294239e+01 5.275684162909047927e+02 -2.117884234838109023e+02 -1.299944707790451659e+01 5.054284943065298421e+02 -2.797587709936762508e+02 2.240712066353032696e+02 5.070505158053591686e+02 -2.810445988679535390e+02 -2.630203086849338590e+01 5.120566517323239850e+02 -2.957682642476252681e+02 2.919353909462385488e-01 -5.000000000000000000e+02 -3.000000000000000000e+02 -1.500000000000000000e+01
-6.000000000000000000e+02 -4.000000000000000000e+02 -1.500000000000000000e+01 5.027118403674653564e+02 -2.511243148556190192e+02 -4.899161425074433751e+00 5.219305287347269768e+02 -2.912900325699503128e+02 -1.184431422222880670e+01 5.428641028784695663e+02 -1.922715854210181021e+02 -6.753725225385601050e+00 5.050071917384126436e+02 -2.668322264610199568e+02 1.446258175226625440e+02 4.921670605648195078e+02 -2.818270881062590547e+02 -2.243460482017505342e+01 5.300825084866048655e+02 -3.079891581303518819e+02 -1.133093137645335524e+01 -5.000000000000000000e+02 -3.000000000000000000e+02 -1.500000000000000000e+01
-6.000000000000000000e+02 -4.000000000000000000e+02 -1.500000000000000000e+01 -3.559922492373077603e+02 -3.795134910077458130e+02 -8.787677204481154192e+00 3.202071391670543790e+02 -2.419719366648656376e+02 -1.363920776610960317e+01 4.082310008912357375e+02 -2.381112628190716691e+02 -1.880810328252456998e+01 5.054284943065298421e+02 -2.797587709936762508e+02 2.240712066353032696e+02 5.070505158053591686e+02 -2.810445988679535390e+02 -2.630203086849338590e+01 5.120566517323239850e+02 -2.957682642476252681e+02 -9.193842884610990751e+00 -5.000000000000000000e+02 -3.000000000000000000e+02 -1.500000000000000000e+01
-6.000000000000000000e+02 -4.000000000000000000e+02 -1.500000000000000000e+01 -3.496123799144768896e+02 -3.830250554907007086e+02 -1.409395980903546608e+01 3.213180196182635768e+02 -2.361554287910484220e+02 -2.122336546155562331e+01 4.044255053014935015e+02 -2.491690848125939226e+02 -1.880810328252456998e+01 5.050071917384126436e+02 -2.668322264610199568e+02 1.446258175226625440e+02 5.070505158053591686e+02 -2.810445988679535390e+02 -2.630203086849338590e+01 2.073387061619401663e+02 -2.856280860638141235e+02 1.053316371098156701e+01 -5.000000000000000000e+02 -3.000000000000000000e+02 -1.500000000000000000e+01
-6.000000000000000000e+02 -4.000000000000000000e+02 -1.500000000000000000e+01 -1.786079367777446976e+02 -7.432399489130884831e+02 -1.855839345621479097e+01 2.667391169135516407e+02 -3.430125655199080370e+02 -2.401005055637505592e+01 5.937515807297830861e+02 -2.491392539728772135e+02 -2.106862849750105227e+01 5.054284943065298421e+02 -2.797587709936762508e+02 2.240712066353032696e+02 5.076708372803307725e+02 -2.747700401255295333e+02 -2.367083738447655961e+01 5.101451532784490155e+02 -2.957682642476252681e+02 2.919353909462385488e-01 -5.000000000000000000e+02 -3.000000000000000000e+02 -1.500000000000000000e+01
-6.000000000000000000e+02 -4.000000000000000000e+02 -1.500000000000000000e+01 -3.496123799144768896e+02 -3.830250554907007086e+02 -1.409395980903546608e+01 3.089224626662914375e+02 -2.308489866416490202e+02 -2.356978632630346624e+02 4.990555599695931619e+02 -3.662654230894166290e+02 -1.028731403173319237e+01 5.044044221330770483e+02 -2.769474543130295388e+02 2.241125478707016327e+02 5.076708372803307725e+02 -2.747700401255295333e+02 -2.367083738447655961e+01 5.120566517323239850e+02 -2.957682642476252681e+02 2.919353909462385488e-01 -5.000000000000000000e+02 -3.000000000000000000e+02 -1.500000000000000000e+01
-6.000000000000000000e+02 -4.000000000000000000e+02 -1.500000000000000000e+01 -1.786079367777446976e+02 -7.432399489130884831e+02 -1.855839345621479097e+01 2.667391169135516407e+02 -3.430125655199080370e+02 -2.401005055637505592e+01 5.937515807297830861e+02 -2.491392539728772135e+02 -2.106862849750105227e+01 5.050071917384126436e+02 -2.668322264610199568e+02 1.446258175226625440e+02 5.076708372803307725e+02 -2.747700401255295333e+02 -2.276391571291621929e+01 5.101451532784490155e+02 -2.957682642476252681e+02 2.919353909462385488e-01 -5.000000000000000000e+02 -3.000000000000000000e+02 -1.500000000000000000e+01
-6.000000000000000000e+02 -4.000000000000000000e+02 -1.500000000000000000e+01 -3.496123799144768896e+02 -3.830250554907007086e+02 -2.017783082408818274e+01 2.667391169135516407e+02 -3.430125655199080370e+02 -2.401005055637505592e+01 5.937515807297830861e+02 -2.491392539728772135e+02 -2.106862849750105227e+01 4.987298016441426967e+02 -2.590227468167346387e+02 -3.899691259150453959e+01 5.134206496403395477e+02 -2.742969270100236940e+02 -2.350226453382023095e+01 5.120566517323239850e+02 -3.018429184313361588e+02 -6.853726197962815014e+00 -5.000000000000000000e+02 -3.000000000000000000e+02 -1.500000000000000000e+01
-6.000000000000000000e+02 -4.000000000000000000e+02 -1.500000000000000000e+01 -3.496123799144768896e+02 -3.830250554907007086e+02 -1.409395980903546608e+01 3.089224626662914375e+02 -2.308489866416490202e+02 -2.356978632630346624e+02 4.990555599695931619e+02 -3.662654230894166290e+02 -1.028731403173319237e+01 5.012817355789221097e+02 -2.515737713010336165e+02 -4.702925993790143622e+01 5.076708372803307725e+02 -2.747700401255295333e+02 -2.367083738447655961e+01 5.120566517323239850e+02 -2.957682642476252681e+02 2.919353909462385488e-01 -5.000000000000000000e+02 -3.000000000000000000e+02 -1.500000000000000000e+01
-6.000000000000000000e+02 -4.000000000000000000e+02 -1.500000000000000000e+01 -3.559922492373077603e+02 -3.795134910077458130e+02 -8.787677204481154192e+00 3.202071391670543790e+02 -2.419719366648656376e+02 -1.363920776610960317e+01 4.082310008912357375e+02 -2.381112628190716691e+02 -1.880810328252456998e+01 5.054284943065298421e+02 -2.797587709936762508e+02 2.240712066353032696e+02 5.070505158053591686e+02 -2.810445988679535390e+02 -2.630203086849338590e+01 5.120566517323239850e+02 -2.948957378905894871e+02 -5.681780196237265379e+00 -5.000000000000000000e+02 -3.000000000000000000e+02 -1.500000000000000000e+01
-6.000000000000000000e+02 -4.000000000000000000e+02 -1.500000000000000000e+01 -1.786079367777446976e+02 -7.432399489130884831e+02 -1.855839345621479097e+01 2.667391169135516407e+02 -3.430125655199080370e+02 -2.401005055637505592e+01 4.221465616194291783e+02 -2.315684956088315687e+02 -2.353731210275255137e+01 5.012817355789221097e+02 -2.515737713010336165e+02 -4.702925993790143622e+01 5.076708372803307725e+02 -2.747700401255295333e+02 -2.367083738447655961e+01 5.120566517323239850e+02 -2.957682642476252681e+02 2.919353909462385488e-01 -5.000000000000000000e+02 -3.000000000000000000e+02 -1.500000000000000000e+01
-6.000000000000000000e+02 -4.000000000000000000e+02 -1.500000000000000000e+01 -3.496123799144768896e+02 -3.830250554907007086e+02 -1.409395980903546608e+01 5.219305287347269768e+02 -2.912900325699503128e+02 -1.184431422222880670e+01 5.275684162909047927e+02 -2.117884234838109023e+02 -1.299944707790451659e+01 5.012817355789221097e+02 -2.515737713010336165e+02 -4.702925993790143622e+01 5.070505158053591686e+02 -2.818193668020286395e+02 -2.111516287333125064e+01 5.300825084866048655e+02 -3.079891581303518819e+02 -1.133093137645335524e+01 -5.000000000000000000e+02 -3.000000000000000000e+02 -1.500000000000000000e+01
-6.000000000000000000e+02 -4.000000000000000000e+02 -1.500000000000000000e+01 -1.786079367777446976e+02 -7.432399489130884831e+02 -1.855839345621479097e+01 3.063151831277549491e+02 -2.308489866416490202e+02 -2.356978632630346624e+02 5.110410249074402032e+02 -3.662654230894166290e+02 -1.812465653566024315e+01 5.044044221330770483e+02 -2.769474543130295388e+02 2.241125478707016327e+02 5.094729643843044187e+02 -2.742969270100236940e+02 -2.367083738447655961e+01 5.120566517323239850e+02 -2.957682642476252681e+02 -9.193842884610990751e+00 -5.000000000000000000e+02 -3.000000000000000000e+02 -1.500000000000000000e+01
-6.000000000000000000e+02 -4.000000000000000000e+02 -1.500000000000000000e+01 -1.786079367777446976e+02 -7.432399489130884831e+02 -1.855839345621479097e+01 -3.519416762783205854e+02 -3.353195735453903126e+01 -1.593828167135383111e+01 5.862824368370796719e+02 -2.604404450869658376e+02 -1.204890000564272334e+01 -7.462943306304026692e+01 -3.349446152329794302e+01 8.991593149741451185e+00 5.070505158053591686e+02 -2.810445988679535390e+02 -2.630203086849338590e+01 5.120566517323239850e+02 -2.974227639626243445e+02 -8.493757677373254822e-01 -5.000000000000000000e+02 -3.000000000000000000e+02 -1.500000000000000000e+01
-6.000000000000000000e+02 -4.000000000000000000e+02 -1.500000000000000000e+01 -1.786079367777446976e+02 -7.432399489130884831e+02 -1.855839345621479097e+01 3.006379324473359134e+02 -2.380365094957829797e+02 -1.792342432270294239e+01 5.275684162909047927e+02 -2.117884234838109023e+02 -1.299944707790451659e+01 5.054284943065298421e+02 -2.797587709936762508e+02 2.240712066353032696e+02 5.161491428111961568e+02 -2.761510834215749242e+02 -2.350226453382023095e+01 5.120566517323239850e+02 -2.948957378905894871e+02 -5.681780196237265379e+00 -5.000000000000000000e+02 -3.000000000000000000e+02 -1.500000000000000000e+01
-6.000000000000000000e+02 -4.000000000000000000e+02 -1.500000000000000000e+01 -3.496123799144768896e+02 -3.830250554907007086e+02 -1.409395980903546608e+01 3.173980473987340929e+02 -2.419719366648656376e+02 -1.363920776610960317e+01 4.082310008912357375e+02 -2.381112628190716691e+02 -1.880810328252456998e+01 5.050071917384126436e+02 -2.668322264610199568e+02 1.446258175226625440e+02 5.076708372803307725e+02 -2.747700401255295333e+02 -2.367083738447655961e+01 5.062886170927568514e+02 -2.901499082482625340e+02 2.989961560217159864e+00 -5.000000000000000000e+02 -3.000000000000000000e+02 -1.500000000000000000e+01
-6.000000000000000000e+02 -4.000000000000000000e+02 -1.500000000000000000e+01 -3.496123799144768896e+02 -3.830250554907007086e+02 -1.409395980903546608e+01 3.173980473987340929e+02 -2.419719366648656376e+02 -1.363920776610960317e+01 4.082310008912357375e+02 -2.381112628190716691e+02 -1.880810328252456998e+01 4.988412797627966597e+02 -2.546067384322912233e+02 -4.075832810224877534e+01 4.703962571523658198e+02 -2.690502710158312425e+02 -1.883199138635905712e+01 1.875498123903664407e+02 -2.946126856123228777e+02 5.637869172157095043e+00 -5.000000000000000000e+02 -3.000000000000000000e+02 -1.500000000000000000e+01
-6.000000000000000000e+02 -4.000000000000000000e+02 -1.500000000000000000e+01 -1.786079367777446976e+02 -7.432399489130884831e+02 -1.855839345621479097e+01 -3.519416762783205854e+02 -3.353195735453903126e+01 -1.593828167135383111e+01 5.862824368370796719e+02 -2.604404450869658376e+02 -1.204890000564272334e+01 -7.462943306304026692e+01 -3.349446152329794302e+01 8.991593149741451185e+00 4.821288342554744304e+02 -2.779163545014424699e+02 -1.866052775949457043e+01 5.300825084866048655e+02 -3.079891581303518819e+02 -1.133093137645335524e+01 -5.000000000000000000e+02 -3.000000000000000000e+02 -1.500000000000000000e+01
-6.000000000000000000e+02 -4.000000000000000000e+02 -1.500000000000000000e+01 -3.496123799144768896e+02 -3.830250554907007086e+02 -1.409395980903546608e+01 3.173980473987340929e+02 -2.419719366648656376e+02 -1.363920776610960317e+01 4.082310008912357375e+02 -2.381112628190716691e+02 -1.880810328252456998e+01 4.832008683207151876e+02 -2.555193373168272899e+02 -4.580775869253485411e+01 5.076708372803307725e+02 -2.747700401255295333e+02 -2.367083738447655961e+01 5.120566517323239850e+02 -2.957682642476252681e+02 -9.193842884610990751e+00 -5.000000000000000000e+02 -3.000000000000000000e+02 -1.500000000000000000e+01
-6.000000000000000000e+02 -4.000000000000000000e+02 -1.500000000000000000e+01 -3.496123799144768896e+02 -3.779194760654169727e+02 -1.409395980903546608e+01 3.173980473987340929e+02 -2.419719366648656376e+02 -1.363920776610960317e+01 4.082310008912357375e+02 -2.381112628190716691e+02 -1.880810328252456998e+01 4.958557550286352580e+02 -2.505821725655626437e+02 -4.040401266994987139e+01 4.566782319306948352e+02 -2.661695214524706330e+02 -1.614066498384242010e+01 3.515972316883812709e+01 -2.901499082482625340e+02 4.994784086594837618e+02 -5.000000000000000000e+02 -3.000000000000000000e+02 -1.500000000000000000e+01
-6.000000000000000000e+02 -4.000000000000000000e+02 -1.500000000000000000e+01 -3.496123799144768896e+02 -3.830250554907007086e+02 -1.409395980903546608e+01 3.202071391670543790e+02 -2.419719366648656376e+02 -1.363920776610960317e+01 4.082310008912357375e+02 -2.381112628190716691e+02 -1.880810328252456998e+01 5.044044221330770483e+02 -2.823995829114014668e+02 2.241125478707016327e+02 5.070505158053591686e+02 -2.810445988679535390e+02 -2.630203086849338590e+01 5.276951720919853415e+02 -3.104792631368454749e+02 -1.376196220938052583e+01 -5.000000000000000000e+02 -3.000000000000000000e+02 -1.500000000000000000e+01
-6.000000000000000000e+02 -4.000000000000000000e+02 -1.500000000000000000e+01 -3.469209202332906443e+02 -3.830250554907007086e+02 -1.770165720912975260e+01 3.063151831277549491e+02 -2.308489866416490202e+02 -2.356978632630346624e+02 5.110410249074402032e+02 -3.662654230894166290e+02 -1.812465653566024315e+01 5.044044221330770483e+02 -2.769474543130295388e+02 2.241125478707016327e+02 5.161491428111961568e+02 -2.761510834215749242e+02 -2.350226453382023095e+01 5.120566517323239850e+02 -2.948957378905894871e+02 -5.681780196237265379e+00 -5.000000000000000000e+02 -3.000000000000000000e+02 -1.500000000000000000e+01
-6.000000000000000000e+02 -4.000000000000000000e+02 -1.500000000000000000e+01 -3.496123799144768896e+02 -3.830250554907007086e+02 -1.409395980903546608e+01 3.173980473987340929e+02 -2.419719366648656376e+02 -1.363920776610960317e+01 4.221465616194291783e+02 -2.344644925000548312e+02 -2.353731210275255137e+01 5.050071917384126436e+02 -2.668322264610199568e+02 1.446258175226625440e+02 5.070505158053591686e+02 -2.818193668020286395e+02 -2.111516287333125064e+01 5.300825084866048655e+02 -3.079891581303518819e+02 -1.133093137645335524e+01 -5.000000000000000000e+02 -3.000000000000000000e+02 -1.500000000000000000e+01
-6.000000000000000000e+02 -4.000000000000000000e+02 -1.500000000000000000e+01 -1.786079367777446976e+02 -7.432399489130884831e+02 -1.855839345621479097e+01 3.063151831277549491e+02 -2.308489866416490202e+02 -2.356978632630346624e+02 4.990555599695931619e+02 -3.662654230894166290e+02 -1.028731403173319237e+01 5.044044221330770483e+02 -2.769474543130295388e+02 2.241125478707016327e+02 5.094729643843044187e+02 -2.742969270100236940e+02 -2.367083738447655961e+01 5.120566517323239850e+02 -2.957682642476252681e+02 -9.193842884610990751e+00 -5.000000000000000000e+02 -3.000000000000000000e+02 -1.500000000000000000e+01
-6.000000000000000000e+02 -4.000000000000000000e+02 -1.500000000000000000e+01 -3.559922492373077603e+02 -3.795134910077458130e+02 -8.787677204481154192e+00 3.202071391670543790e+02 -2.419719366648656376e+02 -1.363920776610960317e+01 4.082310008912357375e+02 -2.381112628190716691e+02 -1.880810328252456998e+01 5.044044221330770483e+02 -2.823995829114014668e+02 2.241125478707016327e+02 5.070505158053591686e+02 -2.810445988679535390e+02 -2.630203086849338590e+01 5.120566517323239850e+02 -3.018429184313361588e+02 -6.853726197962815014e+00 -5.000000000000000000e+02 -3.000000000000000000e+02 -1.500000000000000000e+01
-6.000000000000000000e+02 -4.000000000000000000e+02 -1.500000000000000000e+01 -3.496123799144768896e+02 -3.830250554907007086e+02 -1.409395980903546608e+01 3.202071391670543790e+02 -2.419719366648656376e+02 -1.363920776610960317e+01 4.221465616194291783e+02 -2.315684956088315687e+02 -2.353731210275255137e+01 4.987298016441426967e+02 -2.515737713010336165e+02 -4.390307477821591675e+01 4.530572492669695635e+02 -2.627979653277706689e+02 -1.769789430083885762e+01 -2.762304385121299788e+02 -2.980795791251837272e+02 -2.901774318437763327e+02 -5.000000000000000000e+02 -3.000000000000000000e+02 -1.500000000000000000e+01
-6.000000000000000000e+02 -4.000000000000000000e+02 -1.500000000000000000e+01 -3.496123799144768896e+02 -3.779194760654169727e+02 -1.409395980903546608e+01 3.006379324473359134e+02 -2.380365094957829797e+02 -1.792342432270294239e+01 5.275684162909047927e+02 -2.117884234838109023e+02 -1.299944707790451659e+01 5.050071917384126436e+02 -2.668322264610199568e+02 1.446258175226625440e+02 5.076708372803307725e+02 -2.747700401255295333e+02 -2.367083738447655961e+01 5.120566517323239850e+02 -2.948957378905894871e+02 -5.681780196237265379e+00 -5.000000000000000000e+02 -3.000000000000000000e+02 -1.500000000000000000e+01
-6.000000000000000000e+02 -4.000000000000000000e+02 -1.500000000000000000e+01 -3.496123799144768896e+02 -3.830250554907007086e+02 -1.409395980903546608e+01 3.173980473987340929e+02 -2.419719366648656376e+02 -1.363920776610960317e+01 4.082310008912357375e+02 -2.381112628190716691e+02 -1.880810328252456998e+01 4.832008683207151876e+02 -2.555193373168272899e+02 -4.580775869253485411e+01 5.076708372803307725e+02 -2.747700401255295333e+02 -2.367083738447655961e+01 5.120566517323239850e+02 -2.948957378905894871e+02 -5.681780196237265379e+00 -5.000000000000000000e+02 -3.000000000000000000e+02 -1.500000000000000000e+01
-6.000000000000000000e+02 -4.000000000000000000e+02 -1.500000000000000000e+01 -3.496123799144768896e+02 -3.779194760654169727e+02 -1.409395980903546608e+01 3.173980473987340929e+02 -2.419719366648656376e+02 -1.363920776610960317e+01 4.082310008912357375e+02 -2.381112628190716691e+02 -1.880810328252456998e+01 5.012817355789221097e+02 -2.515737713010336165e+02 -4.702925993790143622e+01 5.076708372803307725e+02 -2.747700401255295333e+02 -2.367083738447655961e+01 5.120566517323239850e+02 -2.957682642476252681e+02 -9.193842884610990751e+00 -5.000000000000000000e+02 -3.000000000000000000e+02 -1.500000000000000000e+01
-6.000000000000000000e+02 -4.000000000000000000e+02 -1.500000000000000000e+01 -3.559922492373077603e+02 -3.840806776757081593e+02 -1.212450200282828483e+01 2.667391169135516407e+02 -3.430125655199080370e+02 -2.401005055637505592e+01 5.937515807297830861e+02 -2.491392539728772135e+02 -2.106862849750105227e+01 5.044044221330770483e+02 -2.769474543130295388e+02 2.241125478707016327e+02 5.161491428111961568e+02 -2.761510834215749242e+02 -2.350226453382023095e+01 5.120566517323239850e+02 -2.948957378905894871e+02 -5.681780196237265379e+00 -5.000000000000000000e+02 -3.000000000000000000e+02 -1.500000000000000000e+01
-6.000000000000000000e+02 -4.000000000000000000e+02 -1.500000000000000000e+01 -1.786079367777446976e+02 -7.432399489130884831e+02 -1.855839345621479097e+01 2.667391169135516407e+02 -3.430125655199080370e+02 -2.401005055637505592e+01 4.221465616194291783e+02 -2.315684956088315687e+02 -2.353731210275255137e+01 5.012817355789221097e+02 -2.515737713010336165e+02 -4.702925993790143622e+01 5.076708372803307725e+02 -2.747700401255295333e+02 -2.367083738447655961e+01 5.120566517323239850e+02 -2.957682642476252681e+02 -9.193842884610990751e+00 -5.000000000000000000e+02 -3.000000000000000000e+02 -1.500000000000000000e+01
-6.000000000000000000e+02 -4.000000000000000000e+02 -1.500000000000000000e+01 -1.786079367777446976e+02 -7.432399489130884831e+02 -1.855839345621479097e+01 3.063151831277549491e+02 -2.308489866416490202e+02 -2.356978632630346624e+02 5.110410249074402032e+02 -3.662654230894166290e+02 -1.812465653566024315e+01 5.044044221330770483e+02 -2.769474543130295388e+02 2.241125478707016327e+02 5.094729643843044187e+02 -2.742969270100236940e+02 -2.367083738447655961e+01 5.120566517323239850e+02 -2.957682642476252681e+02 2.919353909462385488e-01 -5.000000000000000000e+02 -3.000000000000000000e+02 -1.500000000000000000e+01
-6.000000000000000000e+02 -4.000000000000000000e+02 -1.500000000000000000e+01 -3.496123799144768896e+02 -3.779194760654169727e+02 -1.409395980903546608e+01 3.173980473987340929e+02 -2.419719366648656376e+02 -1.363920776610960317e+01 4.082310008912357375e+02 -2.381112628190716691e+02 -1.880810328252456998e+01 5.050071917384126436e+02 -2.668322264610199568e+02 1.446258175226625440e+02 4.530572492669695635e+02 -2.627979653277706689e+02 -1.769789430083885762e+01 2.073387061619401663e+02 -2.856280860638141235e+02 1.053316371098156701e+01 -5.000000000000000000e+02 -3.000000000000000000e+02 -1.500000000000000000e+01
-6.000000000000000000e+02 -4.000000000000000000e+02 -1.500000000000000000e+01 -3.496123799144768896e+02 -3.830250554907007086e+02 -1.409395980903546608e+01 3.173980473987340929e+02 -2.419719366648656376e+02 -1.363920776610960317e+01 4.082310008912357375e+02 -2.381112628190716691e+02 -1.880810328252456998e+01 4.988412797627966597e+02 -2.546067384322912233e+02 -4.075832810224877534e+01 5.076708372803307725e+02 -2.747700401255295333e+02 -2.367083738447655961e+01 5.120566517323239850e+02 -2.957682642476252681e+02 -9.193842884610990751e+00 -5.000000000000000000e+02 -3.000000000000000000e+02 -1.500000000000000000e+01
-6.000000000000000000e+02 -4.000000000000000000e+02 -1.500000000000000000e+01 -3.496123799144768896e+02 -3.830250554907007086e+02 -1.409395980903546608e+01 2.624617359146428726e+02 -3.336378406761035080e+02 -1.928819538387047317e+01 5.428641028784695663e+02 -1.999000546939594756e+02 -6.753725225385601050e+00 5.012817355789221097e+02 -2.515737713010336165e+02 -4.702925993790143622e+01 5.076708372803307725e+02 -2.747700401255295333e+02 -2.367083738447655961e+01 5.120566517323239850e+02 -2.957682642476252681e+02 -9.193842884610990751e+00 -5.000000000000000000e+02 -3.000000000000000000e+02 -1.500000000000000000e+01
-6.000000000000000000e+02 -4.000000000000000000e+02 -1.500000000000000000e+01 -3.496123799144768896e+02 -3.830250554907007086e+02 -2.017783082408818274e+01 3.202071391670543790e+02 -2.419719366648656376e+02 -1.363920776610960317e+01 4.221465616194291783e+02 -2.315684956088315687e+02 -2.353731210275255137e+01 4.987298016441426967e+02 -2.515737713010336165e+02 -4.390307477821591675e+01 5.070505158053591686e+02 -2.818193668020286395e+02 -2.111516287333125064e+01 5.300825084866048655e+02 -3.079891581303518819e+02 -1.133093137645335524e+01 -5.000000000000000000e+02 -3.000000000000000000e+02 -1.500000000000000000e+01
-6.000000000000000000e+02 -4.000000000000000000e+02 -1.500000000000000000e+01 -3.439361145671699092e+02 -3.830250554907007086e+02 -9.797749677155682235e+00 3.089224626662914375e+02 -2.308489866416490202e+02 -2.356978632630346624e+02 5.110410249074402032e+02 -3.662654230894166290e+02 -1.028731403173319237e+01 4.988412797627966597e+02 -2.536324803107975470e+02 -3.899691259150453959e+01 5.076708372803307725e+02 -2.747700401255295333e+02 -2.367083738447655961e+01 5.120566517323239850e+02 -2.957682642476252681e+02 2.919353909462385488e-01 -5.000000000000000000e+02 -3.000000000000000000e+02 -1.500000000000000000e+01
-6.000000000000000000e+02 -4.000000000000000000e+02 -1.500000000000000000e+01 -1.786079367777446976e+02 -7.432399489130884831e+02 -1.855839345621479097e+01 2.667391169135516407e+02 -3.430125655199080370e+02 -2.401005055637505592e+01 5.937515807297830861e+02 -2.491392539728772135e+02 -2.106862849750105227e+01 5.050071917384126436e+02 -2.668322264610199568e+02 1.446258175226625440e+02 5.076708372803307725e+02 -2.747700401255295333e+02 -2.276391571291621929e+01 5.120566517323239850e+02 -2.948957378905894871e+02 -5.681780196237265379e+00 -5.000000000000000000e+02 -3.000000000000000000e+02 -1.500000000000000000e+01
-6.000000000000000000e+02 -4.000000000000000000e+02 -1.500000000000000000e+01 -1.786079367777446976e+02 -7.432399489130884831e+02 -1.855839345621479097e+01 2.667391169135516407e+02 -3.430125655199080370e+02 -2.401005055637505592e+01 5.937515807297830861e+02 -2.491392539728772135e+02 -2.106862849750105227e+01 5.054284943065298421e+02 -2.797587709936762508e+02 2.240712066353032696e+02 5.076708372803307725e+02 -2.747700401255295333e+02 -2.367083738447655961e+01 5.120566517323239850e+02 -2.957682642476252681e+02 -9.193842884610990751e+00 -5.000000000000000000e+02 -3.000000000000000000e+02 -1.500000000000000000e+01
-6.000000000000000000e+02 -4.000000000000000000e+02 -1.500000000000000000e+01 -3.496123799144768896e+02 -3.830250554907007086e+02 -1.409395980903546608e+01 3.173980473987340929e+02 -2.419719366648656376e+02 -1.363920776610960317e+01 4.082310008912357375e+02 -2.381112628190716691e+02 -1.880810328252456998e+01 4.832008683207151876e+02 -2.555193373168272899e+02 -4.580775869253485411e+01 5.076708372803307725e+02 -2.747700401255295333e+02 -2.367083738447655961e+01 5.101451532784490155e+02 -2.957682642476252681e+02 2.919353909462385488e-01 -5.000000000000000000e+02 -3.000000000000000000e+02 -1.500000000000000000e+01
-6.000000000000000000e+02 -4.000000000000000000e+02 -1.500000000000000000e+01 -3.496123799144768896e+02 -3.830250554907007086e+02 -1.409395980903546608e+01 3.006379324473359134e+02 -2.380365094957829797e+02 -1.792342432270294239e+01 5.275684162909047927e+02 -2.117884234838109023e+02 -1.299944707790451659e+01 5.054284943065298421e+02 -2.797587709936762508e+02 2.240712066353032696e+02 5.076708372803307725e+02 -2.747700401255295333e+02 -2.367083738447655961e+01 5.120566517323239850e+02 -2.948957378905894871e+02 -5.681780196237265379e+00 -5.000000000000000000e+02 -3.000000000000000000e+02 -1.500000000000000000e+01
-6.000000000000000000e+02 -4.000000000000000000e+02 -1.500000000000000000e+01 -1.786079367777446976e+02 -7.432399489130884831e+02 -1.855839345621479097e+01 2.667391169135516407e+02 -3.430125655199080370e+02 -2.401005055637505592e+01 5.937515807297830861e+02 -2.491392539728772135e+02 -2.106862849750105227e+01 5.012817355789221097e+02 -2.515737713010336165e+02 -4.702925993790143622e+01 5.076708372803307725e+02 -2.747700401255295333e+02 -2.367083738447655961e+01 5.120566517323239850e+02 -2.948957378905894871e+02 -5.681780196237265379e+00 -5.000000000000000000e+02 -3.000000000000000000e+02 -1.500000000000000000e+01
-6.000000000000000000e+02 -4.000000000000000000e+02 -1.500000000000000000e+01 -3.496123799144768896e+02 -3.830250554907007086e+02 -1.307881341596491787e+01 3.173980473987340929e+02 -2.419719366648656376e+02 -1.363920776610960317e+01 4.082310008912357375e+02 -2.381112628190716691e+02 -1.880810328252456998e+01 4.987298016441426967e+02 -2.515737713010336165e+02 -4.390307477821591675e+01 4.530572492669695635e+02 -2.627979653277706689e+02 -1.769789430083885762e+01 -2.765138215619987818e+02 -2.980795791251837272e+02 -2.901774318437763327e+02 -5.000000000000000000e+02 -3.000000000000000000e+02 -1.500000000000000000e+01
-6.000000000000000000e+02 -4.000000000000000000e+02 -1.500000000000000000e+01 -3.496123799144768896e+02 -3.830250554907007086e+02 -1.409395980903546608e+01 3.089224626662914375e+02 -2.308489866416490202e+02 -2.356978632630346624e+02 4.990555599695931619e+02 -3.662654230894166290e+02 -1.028731403173319237e+01 5.012817355789221097e+02 -2.515737713010336165e+02 -4.702925993790143622e+01 5.070505158053591686e+02 -2.818193668020286395e+02 -2.111516287333125064e+01 5.276951720919853415e+02 -3.104792631368454749e+02 -1.376196220938052583e+01 -5.000000000000000000e+02 -3.000000000000000000e+02 -1.500000000000000000e+01
-6.000000000000000000e+02 -4.000000000000000000e+02 -1.500000000000000000e+01 -3.496123799144768896e+02 -3.830250554907007086e+02 -1.409395980903546608e+01 5.219305287347269768e+02 -2.912900325699503128e+02 -1.184431422222880670e+01 5.428641028784695663e+02 -2.027064292908343930e+02 -6.753725225385601050e+00 5.012817355789221097e+02 -2.515737713010336165e+02 -4.702925993790143622e+01 5.070505158053591686e+02 -2.818193668020286395e+02 -2.111516287333125064e+01 5.300825084866048655e+02 -3.079891581303518819e+02 -1.133093137645335524e+01 -5.000000000000000000e+02 -3.000000000000000000e+02 -1.500000000000000000e+01
-6.000000000000000000e+02 -4.000000000000000000e+02 -1.500000000000000000e+01 -1.786079367777446976e+02 -7.432399489130884831e+02 -1.855839345621479097e+01 3.006379324473359134e+02 -2.380365094957829797e+02 -1.792342432270294239e+01 5.275684162909047927e+02 -2.117884234838109023e+02 -1.299944707790451659e+01 5.050071917384126436e+02 -2.668322264610199568e+02 1.446258175226625440e+02 5.076708372803307725e+02 -2.747700401255295333e+02 -2.367083738447655961e+01 5.120566517323239850e+02 -2.957682642476252681e+02 2.919353909462385488e-01 -5.000000000000000000e+02 -3.000000000000000000e+02 -1.500000000000000000e+01
-6.000000000000000000e+02 -4.000000000000000000e+02 -1.500000000000000000e+01 -3.559922492373077603e+02 -3.840806776757081593e+02 -1.212450200282828483e+01 2.667391169135516407e+02 -3.430125655199080370e+02 -2.401005055637505592e+01 5.937515807297830861e+02 -2.491392539728772135e+02 -2.106862849750105227e+01 5.012817355789221097e+02 -2.515737713010336165e+02 -3.713244150502200114e+01 5.076708372803307725e+02 -2.747700401255295333e+02 -2.367083738447655961e+01 5.120566517323239850e+02 -2.957682642476252681e+02 -9.193842884610990751e+00 -5.000000000000000000e+02 -3.000000000000000000e+02 -1.500000000000000000e+01
-6.000000000000000000e+02 -4.000000000000000000e+02 -1.500000000000000000e+01 -1.814017110496438363e+02 -1.751050453900013792e+02 -7.573387516885855320e+00 2.667391169135516407e+02 -3.430125655199080370e+02 -2.308138953896427381e+01 4.221465616194291783e+02 -2.315684956088315687e+02 -2.027773589131310317e+01 5.012817355789221097e+02 -2.515737713010336165e+02 -4.702925993790143622e+01 5.076708372803307725e+02 -2.747700401255295333e+02 -2.367083738447655961e+01 5.120566517323239850e+02 -2.957682642476252681e+02 2.919353909462385488e-01 -5.000000000000000000e+02 -3.000000000000000000e+02 -1.500000000000000000e+01
-6.000000000000000000e+02 -4.000000000000000000e+02 -1.500000000000000000e+01 -3.469209202332906443e+02 -3.830250554907007086e+02 -1.770165720912975260e+01 3.063151831277549491e+02 -2.308489866416490202e+02 -2.356978632630346624e+02 5.110410249074402032e+02 -3.662654230894166290e+02 -1.812465653566024315e+01 5.044044221330770483e+02 -2.769474543130295388e+02 2.241125478707016327e+02 4.902965434910641420e+02 -2.818270881062590547e+02 -2.243460482017505342e+01 5.300825084866048655e+02 -3.079891581303518819e+02 -1.133093137645335524e+01 -5.000000000000000000e+02 -3.000000000000000000e+02 -1.500000000000000000e+01
-6.000000000000000000e+02 -4.000000000000000000e+02 -1.500000000000000000e+01 -3.496123799144768896e+02 -3.830250554907007086e+02 -1.409395980903546608e+01 3.006379324473359134e+02 -2.380365094957829797e+02 -1.792342432270294239e+01 5.275684162909047927e+02 -2.117884234838109023e+02 -1.299944707790451659e+01 5.012817355789221097e+02 -2.515737713010336165e+02 -4.702925993790143622e+01 5.076708372803307725e+02 -2.747700401255295333e+02 -2.367083738447655961e+01 5.120566517323239850e+02 -2.957682642476252681e+02 -9.193842884610990751e+00 -5.000000000000000000e+02 -3.000000000000000000e+02 -1.500000000000000000e+01
-6.000000000000000000e+02 -4.000000000000000000e+02 -1.500000000000000000e+01 -1.786079367777446976e+02 -7.432399489130884831e+02 -1.855839345621479097e+01 2.667391169135516407e+02 -3.430125655199080370e+02 -2.401005055637505592e+01 5.428641028784695663e+02 -2.027064292908343930e+02 -6.753725225385601050e+00 4.987298016441426967e+02 -2.515737713010336165e+02 -4.390307477821591675e+01 5.070505158053591686e+02 -2.818193668020286395e+02 -2.111516287333125064e+01 5.300825084866048655e+02 -3.079891581303518819e+02 -1.133093137645335524e+01 -5.000000000000000000e+02 -3.000000000000000000e+02 -1.500000000000000000e+01
-6.000000000000000000e+02 -4.000000000000000000e+02 -1.500000000000000000e+01 -3.496123799144768896e+02 -3.830250554907007086e+02 -1.409395980903546608e+01 3.173980473987340929e+02 -2.419719366648656376e+02 -1.363920776610960317e+01 4.221465616194291783e+02 -2.344644925000548312e+02 -2.353731210275255137e+01 4.993205853290032792e+02 -2.668322264610199568e+02 1.408143008365858009e+02 5.076708372803307725e+02 -2.747700401255295333e+02 -2.367083738447655961e+01 5.101451532784490155e+02 -2.957682642476252681e+02 2.919353909462385488e-01 -5.000000000000000000e+02 -3.000000000000000000e+02 -1.500000000000000000e+01
-6.000000000000000000e+02 -4.000000000000000000e+02 -1.500000000000000000e+01 -1.786079367777446976e+02 -7.432399489130884831e+02 -1.855839345621479097e+01 2.624617359146428726e+02 -3.336378406761035080e+02 -1.928819538387047317e+01 5.916624346463910342e+02 -2.604404450869658376e+02 -1.204890000564272334e+01 5.012817355789221097e+02 -2.515737713010336165e+02 -4.702925993790143622e+01 5.076708372803307725e+02 -2.747700401255295333e+02 -2.367083738447655961e+01 5.120566517323239850e+02 -2.957682642476252681e+02 -9.193842884610990751e+00 -5.000000000000000000e+02 -3.000000000000000000e+02 -1.500000000000000000e+01
-6.000000000000000000e+02 -4.000000000000000000e+02 -1.500000000000000000e+01 -3.496123799144768896e+02 -3.830250554907007086e+02 -1.409395980903546608e+01 2.667391169135516407e+02 -3.430125655199080370e+02 -2.401005055637505592e+01 5.937515807297830861e+02 -2.491392539728772135e+02 -2.106862849750105227e+01 4.987298016441426967e+02 -2.590227468167346387e+02 -3.899691259150453959e+01 5.134206496403395477e+02 -2.742969270100236940e+02 -2.350226453382023095e+01 5.120566517323239850e+02 -3.018429184313361588e+02 -6.853726197962815014e+00 -5.000000000000000000e+02 -3.000000000000000000e+02 -1.500000000000000000e+01
-6.000000000000000000e+02 -4.000000000000000000e+02 -1.500000000000000000e+01 -3.496123799144768896e+02 -3.779194760654169727e+02 -1.409395980903546608e+01 3.173980473987340929e+02 -2.419719366648656376e+02 -1.363920776610960317e+01 4.082310008912357375e+02 -2.381112628190716691e+02 -1.880810328252456998e+01 5.050071917384126436e+02 -2.668322264610199568e+02 1.446258175226625440e+02 5.070505158053591686e+02 -2.818193668020286395e+02 -2.111516287333125064e+01 5.300825084866048655e+02 -3.079891581303518819e+02 -1.133093137645335524e+01 -5.000000000000000000e+02 -3.000000000000000000e+02 -1.500000000000000000e+01
-6.000000000000000000e+02 -4.000000000000000000e+02 -1.500000000000000000e+01 -3.496123799144768896e+02 -3.830250554907007086e+02 -1.409395980903546608e+01 3.173980473987340929e+02 -2.419719366648656376e+02 -1.363920776610960317e+01 4.221465616194291783e+02 -2.315684956088315687e+02 -2.353731210275255137e+01 5.008351806457516773e+02 -2.515737713010336165e+02 -4.390307477821591675e+01 5.076708372803307725e+02 -2.747700401255295333e+02 -2.367083738447655961e+01 5.120566517323239850e+02 -2.957682642476252681e+02 -9.193842884610990751e+00 -5.000000000000000000e+02 -3.000000000000000000e+02 -1.500000000000000000e+01
-6.000000000000000000e+02 -4.000000000000000000e+02 -1.500000000000000000e+01 -3.496123799144768896e+02 -3.830250554907007086e+02 -1.409395980903546608e+01 3.066574828348873325e+02 -2.308489866416490202e+02 -1.363920776610960317e+01 5.110410249074402032e+02 -3.662654230894166290e+02 -1.028731403173319237e+01 5.008351806457516773e+02 -2.515737713010336165e+02 -4.390307477821591675e+01 5.070505158053591686e+02 -2.818193668020286395e+02 -2.111516287333125064e+01 5.300825084866048655e+02 -3.079891581303518819e+02 -1.133093137645335524e+01 -5.000000000000000000e+02 -3.000000000000000000e+02 -1.500000000000000000e+01
-6.000000000000000000e+02 -4.000000000000000000e+02 -1.500000000000000000e+01 -3.559922492373077603e+02 -3.795134910077458130e+02 -8.787677204481154192e+00 3.202071391670543790e+02 -2.419719366648656376e+02 -1.363920776610960317e+01 4.082310008912357375e+02 -2.381112628190716691e+02 -1.880810328252456998e+01 5.044044221330770483e+02 -2.823995829114014668e+02 2.241125478707016327e+02 5.070505158053591686e+02 -2.810445988679535390e+02 -2.630203086849338590e+01 -2.762304385121299788e+02 -2.980795791251837272e+02 -2.901774318437763327e+02 -5.000000000000000000e+02 -3.000000000000000000e+02 -1.500000000000000000e+01
-6.000000000000000000e+02 -4.000000000000000000e+02 -1.500000000000000000e+01 -1.786079367777446976e+02 -7.432399489130884831e+02 -1.855839345621479097e+01 2.667391169135516407e+02 -3.430125655199080370e+02 -2.401005055637505592e+01 5.937515807297830861e+02 -2.491392539728772135e+02 -2.106862849750105227e+01 5.044044221330770483e+02 -2.769474543130295388e+02 2.241125478707016327e+02 5.161491428111961568e+02 -2.761510834215749242e+02 -2.350226453382023095e+01 5.120566517323239850e+02 -2.948957378905894871e+02 -5.681780196237265379e+00 -5.000000000000000000e+02 -3.000000000000000000e+02 -1.500000000000000000e+01
-6.000000000000000000e+02 -4.000000000000000000e+02 -1.500000000000000000e+01 -3.496123799144768896e+02 -3.830250554907007086e+02 -1.409395980903546608e+01 3.173980473987340929e+02 -2.419719366648656376e+02 -1.363920776610960317e+01 4.221465616194291783e+02 -2.315684956088315687e+02 -2.353731210275255137e+01 5.012817355789221097e+02 -2.515737713010336165e+02 -4.702925993790143622e+01 4.530572492669695635e+02 -2.627979653277706689e+02 -1.769789430083885762e+01 -2.765138215619987818e+02 -2.980795791251837272e+02 -2.901774318437763327e+02 -5.000000000000000000e+02 -3.000000000000000000e+02 -1.500000000000000000e+01
-6.000000000000000000e+02 -4.000000000000000000e+02 -1.500000000000000000e+01 -3.496123799144768896e+02 -3.830250554907007086e+02 -1.409395980903546608e+01 3.202071391670543790e+02 -2.419719366648656376e+02 -1.363920776610960317e+01 4.082310008912357375e+02 -2.381112628190716691e+02 -1.880810328252456998e+01 5.044044221330770483e+02 -2.823995829114014668e+02 2.241125478707016327e+02 5.070505158053591686e+02 -2.810445988679535390e+02 -2.630203086849338590e+01 5.120566517323239850e+02 -2.974227639626243445e+02 -8.493757677373254822e-01 -5.000000000000000000e+02 -3.000000000000000000e+02 -1.500000000000000000e+01
-6.000000000000000000e+02 -4.000000000000000000e+02 -1.500000000000000000e+01 -3.496123799144768896e+02 -3.830250554907007086e+02 -2.017783082408818274e+01 3.006379324473359134e+02 -2.380365094957829797e+02 -1.792342432270294239e+01 5.275684162909047927e+02 -2.117884234838109023e+02 -1.299944707790451659e+01 5.054284943065298421e+02 -2.797587709936762508e+02 2.240712066353032696e+02 5.070505158053591686e+02 -2.818193668020286395e+02 -2.111516287333125064e+01 5.300825084866048655e+02 -3.079891581303518819e+02 -1.133093137645335524e+01 -5.000000000000000000e+02 -3.000000000000000000e+02 -1.500000000000000000e+01
-6.000000000000000000e+02 -4.000000000000000000e+02 -1.500000000000000000e+01 -3.496123799144768896e+02 -3.830250554907007086e+02 -1.409395980903546608e+01 3.173980473987340929e+02 -2.419719366648656376e+02 -1.363920776610960317e+01 4.221465616194291783e+02 -2.344644925000548312e+02 -2.353731210275255137e+01 5.027701136636576962e+02 -2.606485364923707380e+02 -3.899691259150453959e+01 5.070505158053591686e+02 -2.810445988679535390e+02 -2.630203086849338590e+01 -2.762304385121299788e+02 -2.980795791251837272e+02 -2.950247607246935786e+02 -5.000000000000000000e+02 -3.000000000000000000e+02 -1.500000000000000000e+01
-6.000000000000000000e+02 -4.000000000000000000e+02 -1.500000000000000000e+01 -1.786079367777446976e+02 -7.432399489130884831e+02 -1.855839345621479097e+01 2.667391169135516407e+02 -3.430125655199080370e+02 -2.401005055637505592e+01 5.428641028784695663e+02 -1.999000546939594756e+02 -6.753725225385601050e+00 5.012817355789221097e+02 -2.515737713010336165e+02 -4.702925993790143622e+01 5.076708372803307725e+02 -2.747700401255295333e+02 -2.367083738447655961e+01 5.120566517323239850e+02 -2.957682642476252681e+02 -9.193842884610990751e+00 -5.000000000000000000e+02 -3.000000000000000000e+02 -1.500000000000000000e+01
-6.000000000000000000e+02 -4.000000000000000000e+02 -1.500000000000000000e+01 -3.496123799144768896e+02 -3.830250554907007086e+02 -1.409395980903546608e+01 3.173980473987340929e+02 -2.419719366648656376e+02 -1.363920776610960317e+01 4.082310008912357375e+02 -2.381112628190716691e+02 -1.880810328252456998e+01 4.987298016441426967e+02 -2.650995200648529817e+02 -3.827127957630449373e+01 5.070505158053591686e+02 -2.818193668020286395e+02 -2.111516287333125064e+01 -2.762304385121299788e+02 -2.980795791251837272e+02 -2.901774318437763327e+02 -5.000000000000000000e+02 -3.000000000000000000e+02 -1.500000000000000000e+01
-6.000000000000000000e+02 -4.000000000000000000e+02 -1.500000000000000000e+01 -1.786079367777446976e+02 -7.432399489130884831e+02 -1.855839345621479097e+01 2.667391169135516407e+02 -3.430125655199080370e+02 -2.401005055637505592e+01 5.428641028784695663e+02 -1.999000546939594756e+02 -6.753725225385601050e+00 5.012817355789221097e+02 -2.515737713010336165e+02 -4.702925993790143622e+01 5.076708372803307725e+02 -2.747700401255295333e+02 -2.367083738447655961e+01 5.120566517323239850e+02 -2.948957378905894871e+02 -5.681780196237265379e+00 -5.000000000000000000e+02 -3.000000000000000000e+02 -1.500000000000000000e+01
-6.000000000000000000e+02 -4.000000000000000000e+02 -1.500000000000000000e+01 -3.496123799144768896e+02 -3.830250554907007086e+02 -1.409395980903546608e+01 3.173980473987340929e+02 -2.419719366648656376e+02 -1.363920776610960317e+01 4.082310008912357375e+02 -2.381112628190716691e+02 -1.880810328252456998e+01 5.050071917384126436e+02 -2.668322264610199568e+02 1.446258175226625440e+02 5.076708372803307725e+02 -2.747700401255295333e+02 -2.367083738447655961e+01 5.120566517323239850e+02 -2.957682642476252681e+02 -9.193842884610990751e+00 -5.000000000000000000e+02 -3.000000000000000000e+02 -1.500000000000000000e+01
-6.000000000000000000e+02 -4.000000000000000000e+02 -1.500000000000000000e+01 -3.496123799144768896e+02 -3.830250554907007086e+02 -2.017783082408818274e+01 3.073350472542948069e+02 -2.308489866416490202e+02 -2.356978632630346624e+02 5.110410249074402032e+02 -3.662654230894166290e+02 -1.028731403173319237e+01 5.054284943065298421e+02 -2.797587709936762508e+02 2.240712066353032696e+02 5.076708372803307725e+02 -2.747700401255295333e+02 -2.367083738447655961e+01 5.101451532784490155e+02 -2.957682642476252681e+02 2.919353909462385488e-01 -5.000000000000000000e+02 -3.000000000000000000e+02 -1.500000000000000000e+01
-6.000000000000000000e+02 -4.000000000000000000e+02 -1.500000000000000000e+01 -1.786079367777446976e+02 -7.432399489130884831e+02 -1.855839345621479097e+01 -3.519416762783205854e+02 -3.353195735453903126e+01 -1.593828167135383111e+01 5.916624346463910342e+02 -2.604404450869658376e+02 -1.204890000564272334e+01 4.987298016441426967e+02 -2.515737713010336165e+02 -4.390307477821591675e+01 5.070505158053591686e+02 -2.810445988679535390e+02 -2.630203086849338590e+01 5.120566517323239850e+02 -2.974227639626243445e+02 -8.493757677373254822e-01 -5.000000000000000000e+02 -3.000000000000000000e+02 -1.500000000000000000e+01
-6.000000000000000000e+02 -4.000000000000000000e+02 -1.500000000000000000e+01 -1.699862438228464896e+02 -7.432399489130884831e+02 -1.779791490892714023e+01 2.667391169135516407e+02 -3.430125655199080370e+02 -2.401005055637505592e+01 5.937515807297830861e+02 -2.491392539728772135e+02 -2.106862849750105227e+01 4.987298016441426967e+02 -2.650995200648529817e+02 -3.827127957630449373e+01 5.070505158053591686e+02 -2.818193668020286395e+02 -2.111516287333125064e+01 5.300825084866048655e+02 -3.079891581303518819e+02 -1.133093137645335524e+01 -5.000000000000000000e+02 -3.000000000000000000e+02 -1.500000000000000000e+01
-6.000000000000000000e+02 -4.000000000000000000e+02 -1.500000000000000000e+01 -3.439361145671699092e+02 -3.830250554907007086e+02 -9.797749677155682235e+00 3.173980473987340929e+02 -2.419719366648656376e+02 -1.363920776610960317e+01 5.428641028784695663e+02 -2.027064292908343930e+02 -6.753725225385601050e+00 4.987298016441426967e+02 -2.515737713010336165e+02 -4.390307477821591675e+01 5.070505158053591686e+02 -2.818193668020286395e+02 -2.111516287333125064e+01 5.300825084866048655e+02 -3.079891581303518819e+02 -1.133093137645335524e+01 -5.000000000000000000e+02 -3.000000000000000000e+02 -1.500000000000000000e+01
-6.000000000000000000e+02 -4.000000000000000000e+02 -1.500000000000000000e+01 -3.496123799144768896e+02 -3.830250554907007086e+02 -1.409395980903546608e+01 3.006379324473359134e+02 -2.380365094957829797e+02 -1.792342432270294239e+01 5.275684162909047927e+02 -2.117884234838109023e+02 -1.299944707790451659e+01 5.054284943065298421e+02 -2.797587709936762508e+02 2.240712066353032696e+02 5.070505158053591686e+02 -2.810445988679535390e+02 -2.630203086849338590e+01 5.120566517323239850e+02 -3.018429184313361588e+02 -6.853726197962815014e+00 -5.000000000000000000e+02 -3.000000000000000000e+02 -1.500000000000000000e+01
-6.000000000000000000e+02 -4.000000000000000000e+02 -1.500000000000000000e+01 -1.786079367777446976e+02 -7.432399489130884831e+02 -1.855839345621479097e+01 5.219305287347269768e+02 -2.912900325699503128e+02 -1.184431422222880670e+01 5.275684162909047927e+02 -2.117884234838109023e+02 -1.299944707790451659e+01 5.012817355789221097e+02 -2.515737713010336165e+02 -4.702925993790143622e+01 5.070505158053591686e+02 -2.818193668020286395e+02 -2.111516287333125064e+01 5.120566517323239850e+02 -2.974227639626243445e+02 -8.493757677373254822e-01 -5.000000000000000000e+02 -3.000000000000000000e+02 -1.500000000000000000e+01
-6.000000000000000000e+02 -4.000000000000000000e+02 -1.500000000000000000e+01 -3.496123799144768896e+02 -3.830250554907007086e+02 -1.307881341596491787e+01 3.173980473987340929e+02 -2.419719366648656376e+02 -1.363920776610960317e+01 4.082310008912357375e+02 -2.381112628190716691e+02 -1.880810328252456998e+01 5.050071917384126436e+02 -2.668322264610199568e+02 1.446258175226625440e+02 4.530572492669695635e+02 -2.627979653277706689e+02 -1.769789430083885762e+01 -2.765138215619987818e+02 -2.980795791251837272e+02 -2.901774318437763327e+02 -5.000000000000000000e+02 -3.000000000000000000e+02 -1.500000000000000000e+01
-6.000000000000000000e+02 -4.000000000000000000e+02 -1.500000000000000000e+01 -1.786079367777446976e+02 -7.432399489130884831e+02 -1.855839345621479097e+01 -3.519416762783205854e+02 -3.353195735453903126e+01 -1.593828167135383111e+01 5.916624346463910342e+02 -2.604404450869658376e+02 -1.204890000564272334e+01 5.008351806457516773e+02 -2.515737713010336165e+02 -4.390307477821591675e+01 5.070505158053591686e+02 -2.818193668020286395e+02 -2.111516287333125064e+01 5.120566517323239850e+02 -2.974227639626243445e+02 -8.493757677373254822e-01 -5.000000000000000000e+02 -3.000000000000000000e+02 -1.500000000000000000e+01
-6.000000000000000000e+02 -4.000000000000000000e+02 -1.500000000000000000e+01 -3.559922492373077603e+02 -3.795134910077458130e+02 -8.787677204481154192e+00 3.202071391670543790e+02 -2.419719366648656376e+02 -1.363920776610960317e+01 4.082310008912357375e+02 -2.381112628190716691e+02 -1.880810328252456998e+01 5.044044221330770483e+02 -2.823995829114014668e+02 2.241125478707016327e+02 5.076708372803307725e+02 -2.747700401255295333e+02 -2.367083738447655961e+01 5.120566517323239850e+02 -2.957682642476252681e+02 -9.193842884610990751e+00 -5.000000000000000000e+02 -3.000000000000000000e+02 -1.500000000000000000e+01
-6.000000000000000000e+02 -4.000000000000000000e+02 -1.500000000000000000e+01 -1.786079367777446976e+02 -7.432399489130884831e+02 -1.855839345621479097e+01 2.667391169135516407e+02 -3.430125655199080370e+02 -2.401005055637505592e+01 4.221465616194291783e+02 -2.315684956088315687e+02 -2.353731210275255137e+01 4.987298016441426967e+02 -2.515737713010336165e+02 -3.899691259150453959e+01 5.070505158053591686e+02 -2.818193668020286395e+02 -2.111516287333125064e+01 5.300825084866048655e+02 -3.079891581303518819e+02 -1.133093137645335524e+01 -5.000000000000000000e+02 -3.000000000000000000e+02 -1.500000000000000000e+01
-6.000000000000000000e+02 -4.000000000000000000e+02 -1.500000000000000000e+01 -1.786079367777446976e+02 -7.432399489130884831e+02 -1.855839345621479097e+01 2.667391169135516407e+02 -3.430125655199080370e+02 -2.401005055637505592e+01 4.221465616194291783e+02 -2.315684956088315687e+02 -2.353731210275255137e+01 4.987298016441426967e+02 -2.515737713010336165e+02 -3.899691259150453959e+01 5.076708372803307725e+02 -2.747700401255295333e+02 -2.367083738447655961e+01 5.120566517323239850e+02 -2.957682642476252681e+02 -9.193842884610990751e+00 -5.000000000000000000e+02 -3.000000000000000000e+02 -1.500000000000000000e+01
-6.000000000000000000e+02 -4.000000000000000000e+02 -1.500000000000000000e+01 -3.559922492373077603e+02 -3.840806776757081593e+02 -1.212450200282828483e+01 3.173980473987340929e+02 -2.419719366648656376e+02 -1.363920776610960317e+01 4.082310008912357375e+02 -2.381112628190716691e+02 -1.880810328252456998e+01 4.987298016441426967e+02 -2.515737713010336165e+02 -4.390307477821591675e+01 5.070505158053591686e+02 -2.818193668020286395e+02 -2.111516287333125064e+01 5.300825084866048655e+02 -3.079891581303518819e+02 -1.133093137645335524e+01 -5.000000000000000000e+02 -3.000000000000000000e+02 -1.500000000000000000e+01
-6.000000000000000000e+02 -4.000000000000000000e+02 -1.500000000000000000e+01 -1.786079367777446976e+02 -7.432399489130884831e+02 -1.855839345621479097e+01 2.667391169135516407e+02 -3.430125655199080370e+02 -2.401005055637505592e+01 4.221465616194291783e+02 -2.315684956088315687e+02 -2.353731210275255137e+01 4.987298016441426967e+02 -2.515737713010336165e+02 -3.899691259150453959e+01 5.076708372803307725e+02 -2.747700401255295333e+02 -2.367083738447655961e+01 5.120566517323239850e+02 -2.957682642476252681e+02 2.919353909462385488e-01 -5.000000000000000000e+02 -3.000000000000000000e+02 -1.500000000000000000e+01
-6.000000000000000000e+02 -4.000000000000000000e+02 -1.500000000000000000e+01 -3.559922492373077603e+02 -3.795134910077458130e+02 -8.787677204481154192e+00 3.202071391670543790e+02 -2.419719366648656376e+02 -1.363920776610960317e+01 4.082310008912357375e+02 -2.381112628190716691e+02 -1.880810328252456998e+01 5.054284943065298421e+02 -2.797587709936762508e+02 2.240712066353032696e+02 5.070505158053591686e+02 -2.810445988679535390e+02 -2.630203086849338590e+01 5.101451532784490155e+02 -2.957682642476252681e+02 2.919353909462385488e-01 -5.000000000000000000e+02 -3.000000000000000000e+02 -1.500000000000000000e+01
-6.000000000000000000e+02 -4.000000000000000000e+02 -1.500000000000000000e+01 -3.559922492373077603e+02 -3.840806776757081593e+02 -1.212450200282828483e+01 2.667391169135516407e+02 -3.430125655199080370e+02 -2.401005055637505592e+01 5.937515807297830861e+02 -2.491392539728772135e+02 -2.106862849750105227e+01 5.050071917384126436e+02 -2.668322264610199568e+02 1.446258175226625440e+02 5.076708372803307725e+02 -2.747700401255295333e+02 -2.367083738447655961e+01 5.120566517323239850e+02 -2.957682642476252681e+02 2.919353909462385488e-01 -5.000000000000000000e+02 -3.000000000000000000e+02 -1.500000000000000000e+01
-6.000000000000000000e+02 -4.000000000000000000e+02 -1.500000000000000000e+01 -3.496123799144768896e+02 -3.830250554907007086e+02 -1.409395980903546608e+01 2.667391169135516407e+02 -3.430125655199080370e+02 -2.401005055637505592e+01 5.278359235345490106e+02 -2.165380079421093171e+02 -1.299944707790451659e+01 5.012817355789221097e+02 -2.515737713010336165e+02 -4.702925993790143622e+01 5.076708372803307725e+02 -2.747700401255295333e+02 -2.367083738447655961e+01 5.120566517323239850e+02 -2.948957378905894871e+02 -5.681780196237265379e+00 -5.000000000000000000e+02 -3.000000000000000000e+02 -1.500000000000000000e+01
-6.000000000000000000e+02 -4.000000000000000000e+02 -1.500000000000000000e+01 -3.496123799144768896e+02 -3.830250554907007086e+02 -1.409395980903546608e+01 3.073350472542948069e+02 -2.308489866416490202e+02 -2.356978632630346624e+02 5.110410249074402032e+02 -3.662654230894166290e+02 -1.028731403173319237e+01 5.044044221330770483e+02 -2.823995829114014668e+02 2.241125478707016327e+02 5.070505158053591686e+02 -2.818193668020286395e+02 -2.111516287333125064e+01 5.300825084866048655e+02 -3.079891581303518819e+02 -1.133093137645335524e+01 -5.000000000000000000e+02 -3.000000000000000000e+02 -1.500000000000000000e+01
-6.000000000000000000e+02 -4.000000000000000000e+02 -1.500000000000000000e+01 -3.496123799144768896e+02 -3.830250554907007086e+02 -1.409395980903546608e+01 3.213180196182635768e+02 -2.361554287910484220e+02 -2.122336546155562331e+01 4.044255053014935015e+02 -2.491690848125939226e+02 -1.880810328252456998e+01 4.987298016441426967e+02 -2.515737713010336165e+02 -4.158762418991752696e+01 5.070505158053591686e+02 -2.810445988679535390e+02 -2.630203086849338590e+01 2.073387061619401663e+02 -2.856280860638141235e+02 1.053316371098156701e+01 -5.000000000000000000e+02 -3.000000000000000000e+02 -1.500000000000000000e+01
-6.000000000000000000e+02 -4.000000000000000000e+02 -1.500000000000000000e+01 -3.496123799144768896e+02 -3.830250554907007086e+02 -1.409395980903546608e+01 3.173980473987340929e+02 -2.419719366648656376e+02 -1.363920776610960317e+01 4.082310008912357375e+02 -2.381112628190716691e+02 -1.880810328252456998e+01 5.050071917384126436e+02 -2.668322264610199568e+02 1.446258175226625440e+02 4.902965434910641420e+02 -2.818270881062590547e+02 -2.243460482017505342e+01 -2.765138215619987818e+02 -2.980795791251837272e+02 -2.901774318437763327e+02 -5.000000000000000000e+02 -3.000000000000000000e+02 -1.500000000000000000e+01
-6.000000000000000000e+02 -4.000000000000000000e+02 -1.500000000000000000e+01 -1.786079367777446976e+02 -7.432399489130884831e+02 -1.083738508979942026e+03 2.667391169135516407e+02 -3.430125655199080370e+02 -2.308138953896427381e+01 4.221465616194291783e+02 -2.315684956088315687e+02 -2.027773589131310317e+01 5.012817355789221097e+02 -2.515737713010336165e+02 -4.702925993790143622e+01 5.076708372803307725e+02 -2.747700401255295333e+02 -2.367083738447655961e+01 5.120566517323239850e+02 -2.957682642476252681e+02 2.919353909462385488e-01 -5.000000000000000000e+02 -3.000000000000000000e+02 -1.500000000000000000e+01
-6.000000000000000000e+02 -4.000000000000000000e+02 -1.500000000000000000e+01 -3.496123799144768896e+02 -3.830250554907007086e+02 -1.409395980903546608e+01 3.173980473987340929e+02 -2.419719366648656376e+02 -1.363920776610960317e+01 4.221465616194291783e+02 -2.315684956088315687e+02 -2.353731210275255137e+01 4.987298016441426967e+02 -2.515737713010336165e+02 -4.390307477821591675e+01 5.076708372803307725e+02 -2.747700401255295333e+02 -2.367083738447655961e+01 5.120566517323239850e+02 -2.957682642476252681e+02 -9.193842884610990751e+00 -5.000000000000000000e+02 -3.000000000000000000e+02 -1.500000000000000000e+01
-6.000000000000000000e+02 -4.000000000000000000e+02 -1.500000000000000000e+01 -3.496123799144768896e+02 -3.830250554907007086e+02 -1.409395980903546608e+01 3.202071391670543790e+02 -2.419719366648656376e+02 -1.363920776610960317e+01 4.082310008912357375e+02 -2.381112628190716691e+02 -1.880810328252456998e+01 5.050071917384126436e+02 -2.668322264610199568e+02 1.446258175226625440e+02 5.076708372803307725e+02 -2.747700401255295333e+02 -2.367083738447655961e+01 5.120566517323239850e+02 -2.948957378905894871e+02 -5.681780196237265379e+00 -5.000000000000000000e+02 -3.000000000000000000e+02 -1.500000000000000000e+01
-6.000000000000000000e+02 -4.000000000000000000e+02 -1.500000000000000000e+01 -1.786079367777446976e+02 -7.432399489130884831e+02 -1.855839345621479097e+01 2.667391169135516407e+02 -3.430125655199080370e+02 -2.401005055637505592e+01 5.937515807297830861e+02 -2.491392539728772135e+02 -2.106862849750105227e+01 5.054284943065298421e+02 -2.797587709936762508e+02 2.240712066353032696e+02 5.070505158053591686e+02 -2.818193668020286395e+02 -2.111516287333125064e+01 5.300825084866048655e+02 -3.079891581303518819e+02 -1.133093137645335524e+01 -5.000000000000000000e+02 -3.000000000000000000e+02 -1.500000000000000000e+01
-6.000000000000000000e+02 -4.000000000000000000e+02 -1.500000000000000000e+01 -3.496123799144768896e+02 -3.830250554907007086e+02 -2.017783082408818274e+01 3.006379324473359134e+02 -2.380365094957829797e+02 -1.792342432270294239e+01 5.275684162909047927e+02 -2.117884234838109023e+02 -1.299944707790451659e+01 5.054284943065298421e+02 -2.797587709936762508e+02 2.240712066353032696e+02 5.076708372803307725e+02 -2.747700401255295333e+02 -2.367083738447655961e+01 5.120566517323239850e+02 -2.957682642476252681e+02 -9.193842884610990751e+00 -5.000000000000000000e+02 -3.000000000000000000e+02 -1.500000000000000000e+01
-6.000000000000000000e+02 -4.000000000000000000e+02 -1.500000000000000000e+01 -1.786079367777446976e+02 -7.432399489130884831e+02 -1.855839345621479097e+01 2.667391169135516407e+02 -3.430125655199080370e+02 -2.401005055637505592e+01 5.937515807297830861e+02 -2.491392539728772135e+02 -2.106862849750105227e+01 5.050071917384126436e+02 -2.668322264610199568e+02 1.446258175226625440e+02 5.076708372803307725e+02 -2.747700401255295333e+02 -2.367083738447655961e+01 5.101451532784490155e+02 -2.957682642476252681e+02 2.919353909462385488e-01 -5.000000000000000000e+02 -3.000000000000000000e+02 -1.500000000000000000e+01
-6.000000000000000000e+02 -4.000000000000000000e+02 -1.500000000000000000e+01 -3.496123799144768896e+02 -3.830250554907007086e+02 -1.409395980903546608e+01 3.006379324473359134e+02 -2.380365094957829797e+02 -1.792342432270294239e+01 5.275684162909047927e+02 -2.117884234838109023e+02 -1.299944707790451659e+01 4.987298016441426967e+02 -2.590227468167346387e+02 -3.899691259150453959e+01 5.134206496403395477e+02 -2.742969270100236940e+02 -2.350226453382023095e+01 5.120566517323239850e+02 -2.948957378905894871e+02 -5.681780196237265379e+00 -5.000000000000000000e+02 -3.000000000000000000e+02 -1.500000000000000000e+01
-6.000000000000000000e+02 -4.000000000000000000e+02 -1.500000000000000000e+01 -3.469209202332906443e+02 -3.830250554907007086e+02 -1.770165720912975260e+01 3.063151831277549491e+02 -2.308489866416490202e+02 -2.356978632630346624e+02 5.110410249074402032e+02 -3.662654230894166290e+02 -1.812465653566024315e+01 5.054284943065298421e+02 -2.797587709936762508e+02 2.240712066353032696e+02 5.161491428111961568e+02 -2.761510834215749242e+02 -2.350226453382023095e+01 5.120566517323239850e+02 -2.948957378905894871e+02 -5.681780196237265379e+00 -5.000000000000000000e+02 -3.000000000000000000e+02 -1.500000000000000000e+01
-6.000000000000000000e+02 -4.000000000000000000e+02 -1.500000000000000000e+01 -1.786079367777446976e+02 -7.432399489130884831e+02 -1.855839345621479097e+01 -3.519416762783205854e+02 -3.353195735453903126e+01 -1.593828167135383111e+01 5.916624346463910342e+02 -2.604404450869658376e+02 -1.204890000564272334e+01 -7.462943306304026692e+01 -3.349446152329794302e+01 8.991593149741451185e+00 5.070505158053591686e+02 -2.818193668020286395e+02 -2.111516287333125064e+01 5.300825084866048655e+02 -3.079891581303518819e+02 -1.133093137645335524e+01 -5.000000000000000000e+02 -3.000000000000000000e+02 -1.500000000000000000e+01
-6.000000000000000000e+02 -4.000000000000000000e+02 -1.500000000000000000e+01 -3.496123799144768896e+02 -3.830250554907007086e+02 -1.409395980903546608e+01 3.173980473987340929e+02 -2.419719366648656376e+02 -1.363920776610960317e+01 4.082310008912357375e+02 -2.381112628190716691e+02 -1.880810328252456998e+01 5.074401221723334743e+02 -2.823995829114014668e+02 2.325396950947300923e+02 5.070505158053591686e+02 -2.818193668020286395e+02 -2.111516287333125064e+01 -2.762304385121299788e+02 -2.980795791251837272e+02 -2.901774318437763327e+02 -5.000000000000000000e+02 -3.000000000000000000e+02 -1.500000000000000000e+01
-6.000000000000000000e+02 -4.000000000000000000e+02 -1.500000000000000000e+01 -3.559922492373077603e+02 -3.795134910077458130e+02 -8.787677204481154192e+00 3.173980473987340929e+02 -2.419719366648656376e+02 -1.363920776610960317e+01 4.082310008912357375e+02 -2.381112628190716691e+02 -1.880810328252456998e+01 4.958557550286352580e+02 -2.528555100625672765e+02 -3.900775185608480200e+01 4.530572492669695635e+02 -2.627979653277706689e+02 -1.769789430083885762e+01 3.515972316883812709e+01 -2.901499082482625340e+02 4.994784086594837618e+02 -5.000000000000000000e+02 -3.000000000000000000e+02 -1.500000000000000000e+01
-6.000000000000000000e+02 -4.000000000000000000e+02 -1.500000000000000000e+01 -3.496123799144768896e+02 -3.830250554907007086e+02 -1.409395980903546608e+01 2.667391169135516407e+02 -3.430125655199080370e+02 -2.401005055637505592e+01 5.428641028784695663e+02 -1.999000546939594756e+02 -6.753725225385601050e+00 5.012817355789221097e+02 -2.515737713010336165e+02 -4.702925993790143622e+01 5.070505158053591686e+02 -2.818193668020286395e+02 -2.111516287333125064e+01 5.300825084866048655e+02 -3.079891581303518819e+02 -1.133093137645335524e+01 -5.000000000000000000e+02 -3.000000000000000000e+02 -1.500000000000000000e+01
-6.000000000000000000e+02 -4.000000000000000000e+02 -1.500000000000000000e+01 -3.496123799144768896e+02 -3.830250554907007086e+02 -1.409395980903546608e+01 3.089224626662914375e+02 -2.308489866416490202e+02 -2.356978632630346624e+02 4.990555599695931619e+02 -3.662654230894166290e+02 -1.028731403173319237e+01 4.987298016441426967e+02 -2.515737713010336165e+02 -4.390307477821591675e+01 5.070505158053591686e+02 -2.818193668020286395e+02 -2.111516287333125064e+01 5.300825084866048655e+02 -3.079891581303518819e+02 -1.133093137645335524e+01 -5.000000000000000000e+02 -3.000000000000000000e+02 -1.500000000000000000e+01
-6.000000000000000000e+02 -4.000000000000000000e+02 -1.500000000000000000e+01 -3.496123799144768896e+02 -3.830250554907007086e+02 -1.409395980903546608e+01 3.173980473987340929e+02 -2.419719366648656376e+02 -1.363920776610960317e+01 4.082310008912357375e+02 -2.381112628190716691e+02 -1.880810328252456998e+01 5.074401221723334743e+02 -2.823995829114014668e+02 2.325396950947300923e+02 5.070505158053591686e+02 -2.818193668020286395e+02 -2.111516287333125064e+01 5.300825084866048655e+02 -3.079891581303518819e+02 -1.133093137645335524e+01 -5.000000000000000000e+02 -3.000000000000000000e+02 -1.500000000000000000e+01
-6.000000000000000000e+02 -4.000000000000000000e+02 -1.500000000000000000e+01 -3.559922492373077603e+02 -3.795134910077458130e+02 -8.787677204481154192e+00 3.202071391670543790e+02 -2.419719366648656376e+02 -1.363920776610960317e+01 4.082310008912357375e+02 -2.381112628190716691e+02 -1.880810328252456998e+01 5.044044221330770483e+02 -2.823995829114014668e+02 2.241125478707016327e+02 5.076708372803307725e+02 -2.747700401255295333e+02 -2.367083738447655961e+01 5.120566517323239850e+02 -2.957682642476252681e+02 2.919353909462385488e-01 -5.000000000000000000e+02 -3.000000000000000000e+02 -1.500000000000000000e+01
-6.000000000000000000e+02 -4.000000000000000000e+02 -1.500000000000000000e+01 -3.496123799144768896e+02 -3.779194760654169727e+02 -1.409395980903546608e+01 3.173980473987340929e+02 -2.419719366648656376e+02 -1.363920776610960317e+01 4.082310008912357375e+02 -2.381112628190716691e+02 -1.880810328252456998e+01 5.050071917384126436e+02 -2.668322264610199568e+02 1.446258175226625440e+02 4.676950172957787686e+02 -2.647924861348497529e+02 -2.219666536994206751e+01 2.073387061619401663e+02 -2.856280860638141235e+02 1.053316371098156701e+01 -5.000000000000000000e+02 -3.000000000000000000e+02 -1.500000000000000000e+01
-6.000000000000000000e+02 -4.000000000000000000e+02 -1.500000000000000000e+01 -3.496123799144768896e+02 -3.830250554907007086e+02 -1.409395980903546608e+01 3.173980473987340929e+02 -2.419719366648656376e+02 -1.363920776610960317e+01 4.082310008912357375e+02 -2.381112628190716691e+02 -1.880810328252456998e+01 5.050071917384126436e+02 -2.668322264610199568e+02 1.446258175226625440e+02 5.076708372803307725e+02 -2.747700401255295333e+02 -2.367083738447655961e+01 5.101451532784490155e+02 -2.957682642476252681e+02 2.919353909462385488e-01 -5.000000000000000000e+02 -3.000000000000000000e+02 -1.500000000000000000e+01
-6.000000000000000000e+02 -4.000000000000000000e+02 -1.500000000000000000e+01 -3.496123799144768896e+02 -3.830250554907007086e+02 -1.409395980903546608e+01 3.089224626662914375e+02 -2.308489866416490202e+02 -2.356978632630346624e+02 5.110410249074402032e+02 -3.662654230894166290e+02 -1.028731403173319237e+01 4.987298016441426967e+02 -2.515737713010336165e+02 -3.899691259150453959e+01 5.070505158053591686e+02 -2.818193668020286395e+02 -2.111516287333125064e+01 5.120566517323239850e+02 -2.974227639626243445e+02 -8.493757677373254822e-01 -5.000000000000000000e+02 -3.000000000000000000e+02 -1.500000000000000000e+01
-6.000000000000000000e+02 -4.000000000000000000e+02 -1.500000000000000000e+01 -3.496123799144768896e+02 -3.830250554907007086e+02 -2.017783082408818274e+01 2.667391169135516407e+02 -3.430125655199080370e+02 -2.401005055637505592e+01 5.937515807297830861e+02 -2.491392539728772135e+02 -2.106862849750105227e+01 5.008351806457516773e+02 -2.515737713010336165e+02 -4.390307477821591675e+01 5.070505158053591686e+02 -2.818193668020286395e+02 -2.111516287333125064e+01 5.120566517323239850e+02 -2.974227639626243445e+02 -8.493757677373254822e-01 -5.000000000000000000e+02 -3.000000000000000000e+02 -1.500000000000000000e+01
-6.000000000000000000e+02 -4.000000000000000000e+02 -1.500000000000000000e+01 -3.496123799144768896e+02 -3.830250554907007086e+02 -1.409395980903546608e+01 3.173980473987340929e+02 -2.419719366648656376e+02 -1.363920776610960317e+01 4.221465616194291783e+02 -2.344644925000548312e+02 -2.353731210275255137e+01 5.050071917384126436e+02 -2.668322264610199568e+02 1.446258175226625440e+02 5.070505158053591686e+02 -2.810445988679535390e+02 -2.630203086849338590e+01 2.073387061619401663e+02 -2.856280860638141235e+02 1.053316371098156701e+01 -5.000000000000000000e+02 -3.000000000000000000e+02 -1.500000000000000000e+01
-6.000000000000000000e+02 -4.000000000000000000e+02 -1.500000000000000000e+01 -3.496123799144768896e+02 -3.830250554907007086e+02 -1.409395980903546608e+01 3.006379324473359134e+02 -2.380365094957829797e+02 -1.792342432270294239e+01 5.275684162909047927e+02 -2.117884234838109023e+02 -1.299944707790451659e+01 5.054284943065298421e+02 -2.797587709936762508e+02 2.240712066353032696e+02 5.070505158053591686e+02 -2.818193668020286395e+02 -2.111516287333125064e+01 5.300825084866048655e+02 -3.079891581303518819e+02 -1.133093137645335524e+01 -5.000000000000000000e+02 -3.000000000000000000e+02 -1.500000000000000000e+01
-6.000000000000000000e+02 -4.000000000000000000e+02 -1.500000000000000000e+01 -3.559922492373077603e+02 -3.840806776757081593e+02 -1.212450200282828483e+01 2.667391169135516407e+02 -3.430125655199080370e+02 -2.401005055637505592e+01 5.937515807297830861e+02 -2.491392539728772135e+02 -2.106862849750105227e+01 5.044044221330770483e+02 -2.769474543130295388e+02 2.241125478707016327e+02 5.076708372803307725e+02 -2.747700401255295333e+02 -2.367083738447655961e+01 5.120566517323239850e+02 -2.957682642476252681e+02 2.919353909462385488e-01 -5.000000000000000000e+02 -3.000000000000000000e+02 -1.500000000000000000e+01
-6.000000000000000000e+02 -4.000000000000000000e+02 -1.500000000000000000e+01 -3.496123799144768896e+02 -3.830250554907007086e+02 -1.409395980903546608e+01 3.006379324473359134e+02 -2.380365094957829797e+02 -1.792342432270294239e+01 5.275684162909047927e+02 -2.117884234838109023e+02 -1.299944707790451659e+01 5.054284943065298421e+02 -2.797587709936762508e+02 2.240712066353032696e+02 5.070505158053591686e+02 -2.810445988679535390e+02 -2.630203086849338590e+01 5.120566517323239850e+02 -2.957682642476252681e+02 -9.193842884610990751e+00 -5.000000000000000000e+02 -3.000000000000000000e+02 -1.500000000000000000e+01
-6.000000000000000000e+02 -4.000000000000000000e+02 -1.500000000000000000e+01 -3.496123799144768896e+02 -3.830250554907007086e+02 -2.017783082408818274e+01 2.667391169135516407e+02 -3.430125655199080370e+02 -2.401005055637505592e+01 5.275684162909047927e+02 -2.117884234838109023e+02 -1.299944707790451659e+01 5.012817355789221097e+02 -2.515737713010336165e+02 -4.702925993790143622e+01 5.070505158053591686e+02 -2.818193668020286395e+02 -2.111516287333125064e+01 5.300825084866048655e+02 -3.079891581303518819e+02 -1.133093137645335524e+01 -5.000000000000000000e+02 -3.000000000000000000e+02 -1.500000000000000000e+01
-6.000000000000000000e+02 -4.000000000000000000e+02 -1.500000000000000000e+01 -3.496123799144768896e+02 -3.830250554907007086e+02 -1.409395980903546608e+01 3.006379324473359134e+02 -2.380365094957829797e+02 -1.792342432270294239e+01 5.275684162909047927e+02 -2.117884234838109023e+02 -1.299944707790451659e+01 5.054284943065298421e+02 -2.797587709936762508e+02 2.240712066353032696e+02 5.070505158053591686e+02 -2.810445988679535390e+02 -2.630203086849338590e+01 5.120566517323239850e+02 -2.948957378905894871e+02 -5.681780196237265379e+00 -5.000000000000000000e+02 -3.000000000000000000e+02 -1.500000000000000000e+01
-6.000000000000000000e+02 -4.000000000000000000e+02 -1.500000000000000000e+01 -3.496123799144768896e+02 -3.830250554907007086e+02 -1.409395980903546608e+01 3.173980473987340929e+02 -2.419719366648656376e+02 -1.363920776610960317e+01 4.221465616194291783e+02 -2.315684956088315687e+02 -2.353731210275255137e+01 4.987298016441426967e+02 -2.515737713010336165e+02 -4.390307477821591675e+01 5.076708372803307725e+02 -2.747700401255295333e+02 -2.276391571291621929e+01 5.120566517323239850e+02 -2.957682642476252681e+02 -9.193842884610990751e+00 -5.000000000000000000e+02 -3.000000000000000000e+02 -1.500000000000000000e+01
-6.000000000000000000e+02 -4.000000000000000000e+02 -1.500000000000000000e+01 -3.496123799144768896e+02 -3.830250554907007086e+02 -2.017783082408818274e+01 2.667391169135516407e+02 -3.430125655199080370e+02 -2.401005055637505592e+01 5.937515807297830861e+02 -2.491392539728772135e+02 -2.106862849750105227e+01 5.008351806457516773e+02 -2.515737713010336165e+02 -4.390307477821591675e+01 5.070505158053591686e+02 -2.818193668020286395e+02 -2.111516287333125064e+01 5.120566517323239850e+02 -2.948957378905894871e+02 -5.681780196237265379e+00 -5.000000000000000000e+02 -3.000000000000000000e+02 -1.500000000000000000e+01
-6.000000000000000000e+02 -4.000000000000000000e+02 -1.500000000000000000e+01 -3.496123799144768896e+02 -3.830250554907007086e+02 -1.409395980903546608e+01 3.202071391670543790e+02 -2.419719366648656376e+02 -1.363920776610960317e+01 4.082310008912357375e+02 -2.381112628190716691e+02 -1.880810328252456998e+01 5.044044221330770483e+02 -2.823995829114014668e+02 2.241125478707016327e+02 5.070505158053591686e+02 -2.810445988679535390e+02 -2.630203086849338590e+01 3.515972316883812709e+01 -2.901499082482625340e+02 4.596523844091295885e+00 -5.000000000000000000e+02 -3.000000000000000000e+02 -1.500000000000000000e+01
-6.000000000000000000e+02 -4.000000000000000000e+02 -1.500000000000000000e+01 -1.786079367777446976e+02 -7.432399489130884831e+02 -1.855839345621479097e+01 2.667391169135516407e+02 -3.430125655199080370e+02 -2.401005055637505592e+01 4.221465616194291783e+02 -2.315684956088315687e+02 -2.027773589131310317e+01 5.012817355789221097e+02 -2.515737713010336165e+02 -4.702925993790143622e+01 4.921670605648195078e+02 -2.818270881062590547e+02 -2.243460482017505342e+01 5.300825084866048655e+02 -3.079891581303518819e+02 -1.133093137645335524e+01 -5.000000000000000000e+02 -3.000000000000000000e+02 -1.500000000000000000e+01
-6.000000000000000000e+02 -4.000000000000000000e+02 -1.500000000000000000e+01 -1.786079367777446976e+02 -7.432399489130884831e+02 -1.855839345621479097e+01 2.667391169135516407e+02 -3.430125655199080370e+02 -2.401005055637505592e+01 5.428641028784695663e+02 -2.027064292908343930e+02 -6.753725225385601050e+00 5.012817355789221097e+02 -2.515737713010336165e+02 -4.702925993790143622e+01 5.070505158053591686e+02 -2.818193668020286395e+02 -2.111516287333125064e+01 5.120566517323239850e+02 -2.974227639626243445e+02 -8.493757677373254822e-01 -5.000000000000000000e+02 -3.000000000000000000e+02 -1.500000000000000000e+01
-6.000000000000000000e+02 -4.000000000000000000e+02 -1.500000000000000000e+01 -1.786079367777446976e+02 -7.432399489130884831e+02 -1.855839345621479097e+01 2.667391169135516407e+02 -3.430125655199080370e+02 -2.401005055637505592e+01 5.937515807297830861e+02 -2.491392539728772135e+02 -2.106862849750105227e+01 5.054284943065298421e+02 -2.797587709936762508e+02 2.240712066353032696e+02 5.076708372803307725e+02 -2.747700401255295333e+02 -2.367083738447655961e+01 5.120566517323239850e+02 -2.957682642476252681e+02 2.919353909462385488e-01 -5.000000000000000000e+02 -3.000000000000000000e+02 -1.500000000000000000e+01
-6.000000000000000000e+02 -4.000000000000000000e+02 -1.500000000000000000e+01 -1.786079367777446976e+02 -7.432399489130884831e+02 -1.083738508979942026e+03 2.667391169135516407e+02 -3.430125655199080370e+02 -2.308138953896427381e+01 5.937515807297830861e+02 -2.491392539728772135e+02 -2.106862849750105227e+01 5.054284943065298421e+02 -2.797587709936762508e+02 2.240712066353032696e+02 5.070505158053591686e+02 -2.818193668020286395e+02 -2.111516287333125064e+01 5.300825084866048655e+02 -3.079891581303518819e+02 -1.133093137645335524e+01 -5.000000000000000000e+02 -3.000000000000000000e+02 -1.500000000000000000e+01
-6.000000000000000000e+02 -4.000000000000000000e+02 -1.500000000000000000e+01 -1.786079367777446976e+02 -7.432399489130884831e+02 -1.855839345621479097e+01 2.667391169135516407e+02 -3.430125655199080370e+02 -2.401005055637505592e+01 5.937515807297830861e+02 -2.491392539728772135e+02 -2.106862849750105227e+01 5.012817355789221097e+02 -2.515737713010336165e+02 -4.702925993790143622e+01 5.070505158053591686e+02 -2.818193668020286395e+02 -2.111516287333125064e+01 5.120566517323239850e+02 -2.974227639626243445e+02 -8.493757677373254822e-01 -5.000000000000000000e+02 -3.000000000000000000e+02 -1.500000000000000000e+01
-6.000000000000000000e+02 -4.000000000000000000e+02 -1.500000000000000000e+01 -3.559922492373077603e+02 -3.795134910077458130e+02 -8.787677204481154192e+00 3.173980473987340929e+02 -2.419719366648656376e+02 -1.363920776610960317e+01 4.082310008912357375e+02 -2.381112628190716691e+02 -1.880810328252456998e+01 5.012817355789221097e+02 -2.515737713010336165e+02 -4.702925993790143622e+01 5.070505158053591686e+02 -2.818193668020286395e+02 -2.111516287333125064e+01 5.300825084866048655e+02 -3.079891581303518819e+02 -1.133093137645335524e+01 -5.000000000000000000e+02 -3.000000000000000000e+02 -1.500000000000000000e+01
-6.000000000000000000e+02 -4.000000000000000000e+02 -1.500000000000000000e+01 -3.496123799144768896e+02 -3.830250554907007086e+02 -1.409395980903546608e+01 3.202071391670543790e+02 -2.419719366648656376e+02 -1.363920776610960317e+01 4.082310008912357375e+02 -2.381112628190716691e+02 -1.880810328252456998e+01 4.987298016441426967e+02 -2.515737713010336165e+02 -4.390307477821591675e+01 5.070505158053591686e+02 -2.810445988679535390e+02 -2.630203086849338590e+01 3.515972316883812709e+01 -2.901499082482625340e+02 4.596523844091295885e+00 -5.000000000000000000e+02 -3.000000000000000000e+02 -1.500000000000000000e+01
-6.000000000000000000e+02 -4.000000000000000000e+02 -1.500000000000000000e+01 -3.496123799144768896e+02 -3.830250554907007086e+02 -1.409395980903546608e+01 3.202071391670543790e+02 -2.419719366648656376e+02 -1.363920776610960317e+01 4.082310008912357375e+02 -2.381112628190716691e+02 -1.880810328252456998e+01 5.044044221330770483e+02 -2.823995829114014668e+02 2.241125478707016327e+02 5.070505158053591686e+02 -2.810445988679535390e+02 -2.630203086849338590e+01 5.062886170927568514e+02 -2.901499082482625340e+02 2.989961560217159864e+00 -5.000000000000000000e+02 -3.000000000000000000e+02 -1.500000000000000000e+01
-6.000000000000000000e+02 -4.000000000000000000e+02 -1.500000000000000000e+01 -1.786079367777446976e+02 -7.432399489130884831e+02 -1.855839345621479097e+01 2.667391169135516407e+02 -3.430125655199080370e+02 -2.308138953896427381e+01 4.221465616194291783e+02 -2.315684956088315687e+02 -2.027773589131310317e+01 5.012817355789221097e+02 -2.515737713010336165e+02 -4.702925993790143622e+01 4.921670605648195078e+02 -2.818270881062590547e+02 -2.243460482017505342e+01 5.300825084866048655e+02 -3.079891581303518819e+02 -1.133093137645335524e+01 -5.000000000000000000e+02 -3.000000000000000000e+02 -1.500000000000000000e+01
-6.000000000000000000e+02 -4.000000000000000000e+02 -1.500000000000000000e+01 -3.496123799144768896e+02 -3.830250554907007086e+02 -1.409395980903546608e+01 3.089224626662914375e+02 -2.308489866416490202e+02 -2.356978632630346624e+02 5.110410249074402032e+02 -3.662654230894166290e+02 -1.028731403173319237e+01 4.987298016441426967e+02 -2.515737713010336165e+02 -3.899691259150453959e+01 5.070505158053591686e+02 -2.818193668020286395e+02 -2.111516287333125064e+01 5.120566517323239850e+02 -2.948957378905894871e+02 -5.681780196237265379e+00 -5.000000000000000000e+02 -3.000000000000000000e+02 -1.500000000000000000e+01
-6.000000000000000000e+02 -4.000000000000000000e+02 -1.500000000000000000e+01 -3.496123799144768896e+02 -3.830250554907007086e+02 -1.409395980903546608e+01 3.173980473987340929e+02 -2.419719366648656376e+02 -1.363920776610960317e+01 4.082310008912357375e+02 -2.381112628190716691e+02 -1.880810328252456998e+01 5.027701136636576962e+02 -2.606485364923707380e+02 -3.899691259150453959e+01 5.070505158053591686e+02 -2.818193668020286395e+02 -2.111516287333125064e+01 3.515972316883812709e+01 -2.901499082482625340e+02 4.994784086594837618e+02 -5.000000000000000000e+02 -3.000000000000000000e+02 -1.500000000000000000e+01
-6.000000000000000000e+02 -4.000000000000000000e+02 -1.500000000000000000e+01 -3.496123799144768896e+02 -3.830250554907007086e+02 -1.409395980903546608e+01 3.202071391670543790e+02 -2.419719366648656376e+02 -1.363920776610960317e+01 4.082310008912357375e+02 -2.381112628190716691e+02 -1.880810328252456998e+01 4.832008683207151876e+02 -2.555193373168272899e+02 -4.580775869253485411e+01 4.960005710623254345e+02 -2.729331811071625680e+02 -4.941354043367110904e+01 5.062886170927568514e+02 -2.901499082482625340e+02 2.989961560217159864e+00 -5.000000000000000000e+02 -3.000000000000000000e+02 -1.500000000000000000e+01
-6.000000000000000000e+02 -4.000000000000000000e+02 -1.500000000000000000e+01 -1.786079367777446976e+02 -7.432399489130884831e+02 -1.855839345621479097e+01 3.089224626662914375e+02 -2.308489866416490202e+02 -2.356978632630346624e+02 5.110410249074402032e+02 -3.662654230894166290e+02 -1.028731403173319237e+01 4.987298016441426967e+02 -2.515737713010336165e+02 -3.899691259150453959e+01 5.070505158053591686e+02 -2.818193668020286395e+02 -2.111516287333125064e+01 5.300825084866048655e+02 -3.079891581303518819e+02 -1.133093137645335524e+01 -5.000000000000000000e+02 -3.000000000000000000e+02 -1.500000000000000000e+01
-6.000000000000000000e+02 -4.000000000000000000e+02 -1.500000000000000000e+01 -3.496123799144768896e+02 -3.830250554907007086e+02 -1.409395980903546608e+01 3.066574828348873325e+02 -2.308489866416490202e+02 -1.363920776610960317e+01 5.428641028784695663e+02 -1.999000546939594756e+02 -6.753725225385601050e+00 5.012817355789221097e+02 -2.515737713010336165e+02 -4.702925993790143622e+01 5.076708372803307725e+02 -2.747700401255295333e+02 -2.367083738447655961e+01 5.120566517323239850e+02 -2.957682642476252681e+02 -9.193842884610990751e+00 -5.000000000000000000e+02 -3.000000000000000000e+02 -1.500000000000000000e+01
-6.000000000000000000e+02 -4.000000000000000000e+02 -1.500000000000000000e+01 -1.786079367777446976e+02 -7.432399489130884831e+02 -1.855839345621479097e+01 2.667391169135516407e+02 -3.430125655199080370e+02 -2.401005055637505592e+01 4.221465616194291783e+02 -2.315684956088315687e+02 -3.000407497300922799e+01 4.987298016441426967e+02 -2.515737713010336165e+02 -3.899691259150453959e+01 5.076708372803307725e+02 -2.747700401255295333e+02 -2.367083738447655961e+01 5.120566517323239850e+02 -2.957682642476252681e+02 -9.193842884610990751e+00 -5.000000000000000000e+02 -3.000000000000000000e+02 -1.500000000000000000e+01
-6.000000000000000000e+02 -4.000000000000000000e+02 -1.500000000000000000e+01 -1.786079367777446976e+02 -7.432399489130884831e+02 -1.855839345621479097e+01 2.624617359146428726e+02 -3.336378406761035080e+02 -1.928819538387047317e+01 5.275684162909047927e+02 -2.117884234838109023e+02 -1.299944707790451659e+01 5.054284943065298421e+02 -2.797587709936762508e+02 2.240712066353032696e+02 5.076708372803307725e+02 -2.747700401255295333e+02 -2.367083738447655961e+01 5.120566517323239850e+02 -2.957682642476252681e+02 -9.193842884610990751e+00 -5.000000000000000000e+02 -3.000000000000000000e+02 -1.500000000000000000e+01
-6.000000000000000000e+02 -4.000000000000000000e+02 -1.500000000000000000e+01 -1.786079367777446976e+02 -7.432399489130884831e+02 -1.855839345621479097e+01 3.006379324473359134e+02 -2.380365094957829797e+02 -1.792342432270294239e+01 5.275684162909047927e+02 -2.117884234838109023e+02 -1.299944707790451659e+01 4.987298016441426967e+02 -2.515737713010336165e+02 -3.899691259150453959e+01 4.921670605648195078e+02 -2.818270881062590547e+02 -2.243460482017505342e+01 5.300825084866048655e+02 -3.079891581303518819e+02 -1.133093137645335524e+01 -5.000000000000000000e+02 -3.000000000000000000e+02 -1.500000000000000000e+01
-6.000000000000000000e+02 -4.000000000000000000e+02 -1.500000000000000000e+01 -3.559922492373077603e+02 -3.795134910077458130e+02 -8.787677204481154192e+00 3.173980473987340929e+02 -2.419719366648656376e+02 -1.363920776610960317e+01 4.082310008912357375e+02 -2.381112628190716691e+02 -1.880810328252456998e+01 4.832008683207151876e+02 -2.555193373168272899e+02 -4.580775869253485411e+01 5.076708372803307725e+02 -2.747700401255295333e+02 -2.367083738447655961e+01 5.062886170927568514e+02 -2.901499082482625340e+02 -5.681780196237265379e+00 -5.000000000000000000e+02 -3.000000000000000000e+02 -1.500000000000000000e+01
-6.000000000000000000e+02 -4.000000000000000000e+02 -1.500000000000000000e+01 -1.786079367777446976e+02 -7.432399489130884831e+02 -1.855839345621479097e+01 2.667391169135516407e+02 -3.430125655199080370e+02 -2.401005055637505592e+01 5.937515807297830861e+02 -2.491392539728772135e+02 -2.106862849750105227e+01 5.012817355789221097e+02 -2.515737713010336165e+02 -4.702925993790143622e+01 5.076708372803307725e+02 -2.747700401255295333e+02 -2.276391571291621929e+01 5.101451532784490155e+02 -2.957682642476252681e+02 2.919353909462385488e-01 -5.000000000000000000e+02 -3.000000000000000000e+02 -1.500000000000000000e+01
-6.000000000000000000e+02 -4.000000000000000000e+02 -1.500000000000000000e+01 -3.559922492373077603e+02 -3.795134910077458130e+02 -8.787677204481154192e+00 2.667391169135516407e+02 -3.430125655199080370e+02 -2.401005055637505592e+01 5.937515807297830861e+02 -2.491392539728772135e+02 -2.106862849750105227e+01 5.054284943065298421e+02 -2.797587709936762508e+02 2.240712066353032696e+02 5.070505158053591686e+02 -2.818193668020286395e+02 -2.111516287333125064e+01 5.300825084866048655e+02 -3.079891581303518819e+02 -1.133093137645335524e+01 -5.000000000000000000e+02 -3.000000000000000000e+02 -1.500000000000000000e+01
-6.000000000000000000e+02 -4.000000000000000000e+02 -1.500000000000000000e+01 -1.786079367777446976e+02 -7.432399489130884831e+02 -1.855839345621479097e+01 -3.519416762783205854e+02 -3.353195735453903126e+01 -1.593828167135383111e+01 5.916624346463910342e+02 -2.604404450869658376e+02 -1.204890000564272334e+01 5.044044221330770483e+02 -2.769474543130295388e+02 2.241125478707016327e+02 5.101719621057531526e+02 -2.687426276284592745e+02 -1.920563691008031171e+01 5.120566517323239850e+02 -2.974227639626243445e+02 -8.493757677373254822e-01 -5.000000000000000000e+02 -3.000000000000000000e+02 -1.500000000000000000e+01
-6.000000000000000000e+02 -4.000000000000000000e+02 -1.500000000000000000e+01 -3.496123799144768896e+02 -3.830250554907007086e+02 -1.409395980903546608e+01 3.006379324473359134e+02 -2.380365094957829797e+02 -1.792342432270294239e+01 5.275684162909047927e+02 -2.117884234838109023e+02 -1.299944707790451659e+01 5.054284943065298421e+02 -2.797587709936762508e+02 2.240712066353032696e+02 5.070505158053591686e+02 -2.818193668020286395e+02 -2.111516287333125064e+01 5.120566517323239850e+02 -2.948957378905894871e+02 -5.681780196237265379e+00 -5.000000000000000000e+02 -3.000000000000000000e+02 -1.500000000000000000e+01
-6.000000000000000000e+02 -4.000000000000000000e+02 -1.500000000000000000e+01 -3.496123799144768896e+02 -3.830250554907007086e+02 -1.409395980903546608e+01 3.089224626662914375e+02 -2.308489866416490202e+02 -2.356978632630346624e+02 4.990555599695931619e+02 -3.662654230894166290e+02 -1.028731403173319237e+01 5.012817355789221097e+02 -2.515737713010336165e+02 -4.702925993790143622e+01 5.076708372803307725e+02 -2.747700401255295333e+02 -2.367083738447655961e+01 5.120566517323239850e+02 -2.957682642476252681e+02 -9.193842884610990751e+00 -5.000000000000000000e+02 -3.000000000000000000e+02 -1.500000000000000000e+01
-6.000000000000000000e+02 -4.000000000000000000e+02 -1.500000000000000000e+01 -3.559922492373077603e+02 -3.795134910077458130e+02 -8.787677204481154192e+00 3.202071391670543790e+02 -2.419719366648656376e+02 -1.363920776610960317e+01 4.082310008912357375e+02 -2.381112628190716691e+02 -1.880810328252456998e+01 5.044044221330770483e+02 -2.823995829114014668e+02 2.241125478707016327e+02 5.070505158053591686e+02 -2.810445988679535390e+02 -2.630203086849338590e+01 5.120566517323239850e+02 -2.957682642476252681e+02 -9.193842884610990751e+00 -5.000000000000000000e+02 -3.000000000000000000e+02 -1.500000000000000000e+01
-6.000000000000000000e+02 -4.000000000000000000e+02 -1.500000000000000000e+01 -1.786079367777446976e+02 -7.432399489130884831e+02 -1.083738508979942026e+03 2.667391169135516407e+02 -3.430125655199080370e+02 -2.308138953896427381e+01 4.221465616194291783e+02 -2.315684956088315687e+02 -2.027773589131310317e+01 5.012817355789221097e+02 -2.515737713010336165e+02 -4.702925993790143622e+01 4.921670605648195078e+02 -2.818270881062590547e+02 -2.243460482017505342e+01 5.120566517323239850e+02 -2.974227639626243445e+02 -8.493757677373254822e-01 -5.000000000000000000e+02 -3.000000000000000000e+02 -1.500000000000000000e+01
-6.000000000000000000e+02 -4.000000000000000000e+02 -1.500000000000000000e+01 -1.786079367777446976e+02 -7.432399489130884831e+02 -1.855839345621479097e+01 2.667391169135516407e+02 -3.430125655199080370e+02 -2.401005055637505592e+01 5.937515807297830861e+02 -2.491392539728772135e+02 -2.106862849750105227e+01 5.012817355789221097e+02 -2.515737713010336165e+02 -4.702925993790143622e+01 5.070505158053591686e+02 -2.818193668020286395e+02 -2.111516287333125064e+01 5.300825084866048655e+02 -3.079891581303518819e+02 -1.133093137645335524e+01 -5.000000000000000000e+02 -3.000000000000000000e+02 -1.500000000000000000e+01
-6.000000000000000000e+02 -4.000000000000000000e+02 -1.500000000000000000e+01 -3.496123799144768896e+02 -3.830250554907007086e+02 -1.409395980903546608e+01 3.063151831277549491e+02 -2.308489866416490202e+02 -2.356978632630346624e+02 4.990555599695931619e+02 -3.662654230894166290e+02 -1.028731403173319237e+01 5.044044221330770483e+02 -2.769474543130295388e+02 2.241125478707016327e+02 5.161491428111961568e+02 -2.761510834215749242e+02 -2.350226453382023095e+01 5.120566517323239850e+02 -2.948957378905894871e+02 -5.681780196237265379e+00 -5.000000000000000000e+02 -3.000000000000000000e+02 -1.500000000000000000e+01
-6.000000000000000000e+02 -4.000000000000000000e+02 -1.500000000000000000e+01 -3.559922492373077603e+02 -3.795134910077458130e+02 -8.787677204481154192e+00 3.202071391670543790e+02 -2.419719366648656376e+02 -1.363920776610960317e+01 4.082310008912357375e+02 -2.381112628190716691e+02 -1.880810328252456998e+01 5.054284943065298421e+02 -2.797587709936762508e+02 2.240712066353032696e+02 5.070505158053591686e+02 -2.810445988679535390e+02 -2.630203086849338590e+01 5.120566517323239850e+02 -2.957682642476252681e+02 2.919353909462385488e-01 -5.000000000000000000e+02 -3.000000000000000000e+02 -1.500000000000000000e+01
-6.000000000000000000e+02 -4.000000000000000000e+02 -1.500000000000000000e+01 -1.786079367777446976e+02 -7.432399489130884831e+02 -1.855839345621479097e+01 2.667391169135516407e+02 -3.430125655199080370e+02 -2.401005055637505592e+01 4.221465616194291783e+02 -2.315684956088315687e+02 -2.353731210275255137e+01 5.008351806457516773e+02 -2.515737713010336165e+02 -4.390307477821591675e+01 5.070505158053591686e+02 -2.818193668020286395e+02 -2.111516287333125064e+01 5.300825084866048655e+02 -3.079891581303518819e+02 -1.133093137645335524e+01 -5.000000000000000000e+02 -3.000000000000000000e+02 -1.500000000000000000e+01
-6.000000000000000000e+02 -4.000000000000000000e+02 -1.500000000000000000e+01 -1.786079367777446976e+02 -7.432399489130884831e+02 -1.855839345621479097e+01 2.667391169135516407e+02 -3.430125655199080370e+02 -2.401005055637505592e+01 5.937515807297830861e+02 -2.491392539728772135e+02 -2.106862849750105227e+01 5.050071917384126436e+02 -2.668322264610199568e+02 1.446258175226625440e+02 5.076708372803307725e+02 -2.747700401255295333e+02 -2.276391571291621929e+01 5.120566517323239850e+02 -2.957682642476252681e+02 -9.193842884610990751e+00 -5.000000000000000000e+02 -3.000000000000000000e+02 -1.500000000000000000e+01
-6.000000000000000000e+02 -4.000000000000000000e+02 -1.500000000000000000e+01 -3.496123799144768896e+02 -3.830250554907007086e+02 -1.409395980903546608e+01 3.173980473987340929e+02 -2.419719366648656376e+02 -1.363920776610960317e+01 4.221465616194291783e+02 -2.315684956088315687e+02 -2.353731210275255137e+01 5.012817355789221097e+02 -2.515737713010336165e+02 -4.702925993790143622e+01 5.070505158053591686e+02 -2.818193668020286395e+02 -2.111516287333125064e+01 5.300825084866048655e+02 -3.079891581303518819e+02 -1.133093137645335524e+01 -5.000000000000000000e+02 -3.000000000000000000e+02 -1.500000000000000000e+01
-6.000000000000000000e+02 -4.000000000000000000e+02 -1.500000000000000000e+01 -3.496123799144768896e+02 -3.830250554907007086e+02 -1.409395980903546608e+01 3.202071391670543790e+02 -2.419719366648656376e+02 -1.363920776610960317e+01 4.082310008912357375e+02 -2.381112628190716691e+02 -1.880810328252456998e+01 5.054284943065298421e+02 -2.797587709936762508e+02 2.240712066353032696e+02 5.070505158053591686e+02 -2.810445988679535390e+02 -2.630203086849338590e+01 3.515972316883812709e+01 -2.901499082482625340e+02 4.994784086594837618e+02 -5.000000000000000000e+02 -3.000000000000000000e+02 -1.500000000000000000e+01
