-6.000000000000000000e+02 -4.000000000000000000e+02 -1.500000000000000000e+01 5.672051196036863274e+01 1.787193749588539049e+01 -5.455324249542876487e+02 -4.927138008381564305e+01 3.883809776654246804e+01 -7.865365505651272571e+00 -5.926473973413476415e+01 -2.426757683879423766e+01 3.741002754964508767e+02 -6.335695139419726729e+01 -3.964339998362964934e+01 -9.686411446070044562e+00 -1.082029545463189208e+02 -1.414357040309835725e+02 9.561611785265165864e+00 -5.000000000000000000e+02 -3.000000000000000000e+02 -1.500000000000000000e+01
-6.000000000000000000e+02 -4.000000000000000000e+02 -1.500000000000000000e+01 -3.974390040937689150e+02 -2.445187067661413494e+02 3.959159234038047543e+02 -1.259613995257843158e+02 -1.395584008617175584e+02 -6.490705899034239224e-01 -1.084314299542153321e+02 -1.435081275458392156e+02 -1.599776583997557466e+01 -1.372801820915385065e+02 -8.607285916681557580e+01 -1.089640140114826039e+01 -1.109483627610829899e+02 -1.549758523096013789e+02 -1.867980311719516706e+01 -5.000000000000000000e+02 -3.000000000000000000e+02 -1.500000000000000000e+01
-6.000000000000000000e+02 -4.000000000000000000e+02 -1.500000000000000000e+01 -1.113677490271611106e+02 -1.391865201490610104e+02 4.451592655090859552e+00 -1.238255702119406578e+02 -1.307838264264815962e+02 -2.461250349141283067e+01 -1.168024040040015166e+02 -1.435081275458392156e+02 -1.339430664995831144e+01 -1.372801820915385065e+02 -8.607285916681557580e+01 -1.089640140114826039e+01 -1.133701135357161576e+02 -1.549758523096013789e+02 -1.867980311719516706e+01 -5.000000000000000000e+02 -3.000000000000000000e+02 -1.500000000000000000e+01
-6.000000000000000000e+02 -4.000000000000000000e+02 -1.500000000000000000e+01 5.874996380644604699e+01 1.787193749588539049e+01 -5.455324249542876487e+02 -4.927138008381564305e+01 3.883809776654246804e+01 -7.865365505651272571e+00 -5.926473973413476415e+01 -2.426757683879423766e+01 3.741002754964508767e+02 -6.335695139419726729e+01 -3.964339998362964934e+01 -9.686411446070044562e+00 -1.082029545463189208e+02 -1.414357040309835725e+02 9.561611785265165864e+00 -5.000000000000000000e+02 -3.000000000000000000e+02 -1.500000000000000000e+01
-6.000000000000000000e+02 -4.000000000000000000e+02 -1.500000000000000000e+01 5.874996380644604699e+01 1.787193749588539049e+01 -5.455324249542876487e+02 8.216705416092173664e+01 -2.712305081306643828e+01 -2.802845006443127618e-01 -5.926473973413476415e+01 -2.426757683879423766e+01 3.741002754964508767e+02 -6.335695139419726729e+01 -4.218758888306782495e+01 -3.379983924013876262e+00 -1.082029545463189208e+02 -1.414357040309835725e+02 9.006595298417046536e+00 -5.000000000000000000e+02 -3.000000000000000000e+02 -1.500000000000000000e+01
-6.000000000000000000e+02 -4.000000000000000000e+02 -1.500000000000000000e+01 -1.083116560684446483e+02 -1.391865201490610104e+02 -6.109576741354042717e+00 -1.286483849130793828e+02 -1.385738220697318184e+02 2.994454472236871538e+02 -5.926473973413476415e+01 -2.426757683879423766e+01 3.741002754964508767e+02 -6.335695139419726729e+01 -4.218758888306782495e+01 -3.379983924013876262e+00 1.198783661029524552e+02 1.081437905610760453e+01 -1.126715591674181205e+01 -5.000000000000000000e+02 -3.000000000000000000e+02 -1.500000000000000000e+01
-6.000000000000000000e+02 -4.000000000000000000e+02 -1.500000000000000000e+01 5.672051196036863274e+01 1.787193749588539049e+01 -5.455324249542876487e+02 -4.927138008381564305e+01 3.759367148677677051e+01 -7.865365505651272571e+00 -5.926473973413476415e+01 -2.426757683879423766e+01 3.741002754964508767e+02 -6.335695139419726729e+01 -3.964339998362964934e+01 -9.686411446070044562e+00 -1.076996392662011033e+02 -1.414357040309835725e+02 9.561611785265165864e+00 -5.000000000000000000e+02 -3.000000000000000000e+02 -1.500000000000000000e+01
-6.000000000000000000e+02 -4.000000000000000000e+02 -1.500000000000000000e+01 -1.120260742339617224e+02 -1.406313375542397353e+02 -3.609518007033868159e+00 -1.287689116610788176e+02 -1.298231564293540430e+02 -2.461250349141283067e+01 -9.051335528277405729e+01 -1.500473718905184910e+02 -1.044002813741962754e+01 -5.586819986259304471e+01 -2.501831721219753035e+01 -6.067740763347988064e+00 1.220967984625164036e+02 1.081437905610760453e+01 -1.383979532223222364e+01 -5.000000000000000000e+02 -3.000000000000000000e+02 -1.500000000000000000e+01
-6.000000000000000000e+02 -4.000000000000000000e+02 -1.500000000000000000e+01 -3.974390040937689150e+02 -2.435228585215492672e+02 4.046277268295937120e+02 -1.331131906360065500e+02 -1.307838264264815962e+02 -2.461250349141283067e+01 -1.168024040040015166e+02 -1.435081275458392156e+02 -1.339430664995831144e+01 -1.372801820915385065e+02 -8.607285916681557580e+01 -1.089640140114826039e+01 -4.826160197100961682e+02 -2.932372115086109261e+02 -3.280340185822945500e+02 -5.000000000000000000e+02 -3.000000000000000000e+02 -1.500000000000000000e+01
-6.000000000000000000e+02 -4.000000000000000000e+02 -1.500000000000000000e+01 5.874996380644604699e+01 1.787193749588539049e+01 -5.455324249542876487e+02 -4.927138008381564305e+01 3.883809776654246804e+01 -7.865365505651272571e+00 -5.266437571158861175e+01 -2.255204025451001826e+01 3.581157023645172899e+02 -6.335695139419726729e+01 -3.964339998362964934e+01 -9.686411446070044562e+00 -1.076996392662011033e+02 -1.414357040309835725e+02 1.645693832526980316e+01 -5.000000000000000000e+02 -3.000000000000000000e+02 -1.500000000000000000e+01
-6.000000000000000000e+02 -4.000000000000000000e+02 -1.500000000000000000e+01 5.848054723990333059e+01 1.748651240925638106e+01 -1.118415818997744893e+01 8.029367697739483845e+01 -3.076958426774328004e+01 4.824272291526573220e+00 -4.191269482414954339e+00 -6.734790884884835904e+00 -1.710645748515037212e+01 -5.895691640230720054e+01 -2.673175947390372542e+01 -8.668686860048722131e-01 -1.082029545463189208e+02 -1.413176986270521240e+02 -3.601504151320011147e+02 -5.000000000000000000e+02 -3.000000000000000000e+02 -1.500000000000000000e+01
-6.000000000000000000e+02 -4.000000000000000000e+02 -1.500000000000000000e+01 -3.974390040937689150e+02 -2.435228585215492672e+02 4.046277268295937120e+02 -1.331131906360065500e+02 -1.307838264264815962e+02 -2.461250349141283067e+01 -9.051335528277405729e+01 -1.500473718905184910e+02 -1.044002813741962754e+01 -1.250497193322217271e+01 -1.486447302972712521e+02 -1.703081978638000038e+00 -1.076996392662011033e+02 -1.414357040309835725e+02 1.645693832526980316e+01 -5.000000000000000000e+02 -3.000000000000000000e+02 -1.500000000000000000e+01
-6.000000000000000000e+02 -4.000000000000000000e+02 -1.500000000000000000e+01 5.672051196036863274e+01 1.787193749588539049e+01 -5.455324249542876487e+02 -4.927138008381564305e+01 3.759367148677677051e+01 -7.865365505651272571e+00 -5.926473973413476415e+01 -2.426757683879423766e+01 3.741002754964508767e+02 -6.335695139419726729e+01 -3.964339998362964934e+01 -9.686411446070044562e+00 -1.076996392662011033e+02 -1.414357040309835725e+02 1.645693832526980316e+01 -5.000000000000000000e+02 -3.000000000000000000e+02 -1.500000000000000000e+01
-6.000000000000000000e+02 -4.000000000000000000e+02 -1.500000000000000000e+01 5.899570719787443096e+01 1.787193749588539049e+01 -5.420592250812209159e+02 -1.229485347749681949e+02 -1.250743745960793376e+02 8.157640379725381763e+02 -9.051335528277405729e+01 -1.500473718905184910e+02 -1.044002813741962754e+01 -5.586819986259304471e+01 -2.501831721219753035e+01 -6.067740763347988064e+00 1.277860907605809473e+02 1.081437905610760453e+01 -2.008498278892384548e+01 -5.000000000000000000e+02 -3.000000000000000000e+02 -1.500000000000000000e+01
-6.000000000000000000e+02 -4.000000000000000000e+02 -1.500000000000000000e+01 -1.120260742339617224e+02 -1.406313375542397353e+02 -3.609518007033868159e+00 -1.287689116610788176e+02 -1.298231564293540430e+02 -2.461250349141283067e+01 -9.051335528277405729e+01 -1.500473718905184910e+02 -1.044002813741962754e+01 -5.586819986259304471e+01 -2.501831721219753035e+01 -6.067740763347988064e+00 1.277860907605809473e+02 1.081437905610760453e+01 -2.008498278892384548e+01 -5.000000000000000000e+02 -3.000000000000000000e+02 -1.500000000000000000e+01
-6.000000000000000000e+02 -4.000000000000000000e+02 -1.500000000000000000e+01 -1.113677490271611106e+02 -1.391865201490610104e+02 -3.609518007033868159e+00 -1.229485347749681949e+02 -1.250743745960793376e+02 8.157640379725381763e+02 -9.051335528277405729e+01 -1.500473718905184910e+02 -1.044002813741962754e+01 -1.299403694036224124e+02 -7.905369831557054283e+01 -2.142368233970276492e+01 -4.876683290009038387e+02 -2.869797806003584810e+02 -9.770285145604244548e+00 -5.000000000000000000e+02 -3.000000000000000000e+02 -1.500000000000000000e+01
-6.000000000000000000e+02 -4.000000000000000000e+02 -1.500000000000000000e+01 5.899570719787443096e+01 1.583369709413495485e+01 -5.420592250812209159e+02 8.029367697739483845e+01 -3.076958426774328004e+01 4.824272291526573220e+00 -4.191269482414954339e+00 -6.734790884884835904e+00 -1.710645748515037212e+01 -6.030915148521408753e+01 -2.455058894408472980e+01 -2.566050493967923174e+00 1.198783661029524552e+02 1.081437905610760453e+01 -1.126715591674181205e+01 -5.000000000000000000e+02 -3.000000000000000000e+02 -1.500000000000000000e+01
-6.000000000000000000e+02 -4.000000000000000000e+02 -1.500000000000000000e+01 5.848054723990333059e+01 1.513711861561597516e+01 -4.362346004555912593e+00 -1.389301702219715935e+02 -9.040647793285413059e+01 -3.909783058627555263e+00 -9.051335528277405729e+01 -1.500473718905184910e+02 -1.044002813741962754e+01 -5.586819986259304471e+01 -2.501831721219753035e+01 -6.067740763347988064e+00 1.220967984625164036e+02 1.081437905610760453e+01 -1.383979532223222364e+01 -5.000000000000000000e+02 -3.000000000000000000e+02 -1.500000000000000000e+01
-6.000000000000000000e+02 -4.000000000000000000e+02 -1.500000000000000000e+01 5.927432514107447332e+02 1.089617993515857250e+02 -1.500000000000000000e+01 -1.313980253233726501e+02 -1.385738220697318184e+02 -1.500000000000000000e+01 -5.882192433620982541e+01 -2.426757683879423766e+01 -1.500000000000000000e+01 1.768409088568212155e+02 -5.432264619793954807e+00 -1.500000000000000000e+01 -4.841034290940400524e+02 -2.926274959442039290e+02 -1.500000000000000000e+01 -5.000000000000000000e+02 -3.000000000000000000e+02 -1.500000000000000000e+01
-6.000000000000000000e+02 -4.000000000000000000e+02 -1.500000000000000000e+01 -1.113677490271611106e+02 -1.391865201490610104e+02 -3.609518007033868159e+00 -1.229485347749681949e+02 -1.250743745960793376e+02 8.157640379725381763e+02 -9.051335528277405729e+01 -1.500473718905184910e+02 -1.044002813741962754e+01 -5.586819986259304471e+01 -2.501831721219753035e+01 -6.067740763347988064e+00 1.277860907605809473e+02 1.081437905610760453e+01 -2.008498278892384548e+01 -5.000000000000000000e+02 -3.000000000000000000e+02 -1.500000000000000000e+01
-6.000000000000000000e+02 -4.000000000000000000e+02 -1.500000000000000000e+01 -1.113677490271611106e+02 -1.332601298622142849e+02 -3.609518007033868159e+00 -1.313432256707423562e+02 -1.298231564293540430e+02 -2.461250349141283067e+01 -1.065714289566107027e+02 -1.435081275458392156e+02 -1.339430664995831144e+01 -1.372801820915385065e+02 -8.607285916681557580e+01 -1.089640140114826039e+01 -4.841034290940400524e+02 -2.941651206494282746e+02 -3.325724358411931121e+02 -5.000000000000000000e+02 -3.000000000000000000e+02 -1.500000000000000000e+01
-6.000000000000000000e+02 -4.000000000000000000e+02 -1.500000000000000000e+01 5.927432514107447332e+02 1.089617993515857250e+02 -2.905968094458519779e+00 -1.313980253233726501e+02 -1.385738220697318184e+02 2.994454472236871538e+02 -5.882192433620982541e+01 -2.426757683879423766e+01 3.571921886571919913e+02 1.768409088568212155e+02 -5.432264619793954807e+00 -6.504660897521882035e+00 1.277860907605809473e+02 1.081437905610760453e+01 -2.232438524464520668e+01 -5.000000000000000000e+02 -3.000000000000000000e+02 -1.500000000000000000e+01
-6.000000000000000000e+02 -4.000000000000000000e+02 -1.500000000000000000e+01 5.848054723990333059e+01 1.748651240925638106e+01 -1.118415818997744893e+01 -4.927138008381564305e+01 3.759367148677677051e+01 -7.865365505651272571e+00 -5.926473973413476415e+01 -2.426757683879423766e+01 3.741002754964508767e+02 -6.335695139419726729e+01 -3.964339998362964934e+01 -9.686411446070044562e+00 -1.082029545463189208e+02 -1.414357040309835725e+02 9.561611785265165864e+00 -5.000000000000000000e+02 -3.000000000000000000e+02 -1.500000000000000000e+01
-6.000000000000000000e+02 -4.000000000000000000e+02 -1.500000000000000000e+01 1.225016241943142745e+02 9.469063099735672040e+01 -3.197367357907126006e-01 -3.176976316769898858e+02 -2.516200079555404159e+02 1.560946645870423595e+02 -5.882192433620982541e+01 -2.426757683879423766e+01 3.571921886571919913e+02 1.768409088568212155e+02 -5.432264619793954807e+00 -6.504660897521882035e+00 1.304757464393737223e+02 1.081437905610760453e+01 -3.102039782767167964e+01 -5.000000000000000000e+02 -3.000000000000000000e+02 -1.500000000000000000e+01
-6.000000000000000000e+02 -4.000000000000000000e+02 -1.500000000000000000e+01 5.899570719787443096e+01 1.583369709413495485e+01 -5.420592250812209159e+02 8.029367697739483845e+01 -3.076958426774328004e+01 4.824272291526573220e+00 -4.191269482414954339e+00 -6.734790884884835904e+00 -1.710645748515037212e+01 -6.030915148521408753e+01 -2.455058894408472980e+01 -2.566050493967923174e+00 1.277860907605809473e+02 1.081437905610760453e+01 -2.008498278892384548e+01 -5.000000000000000000e+02 -3.000000000000000000e+02 -1.500000000000000000e+01
-6.000000000000000000e+02 -4.000000000000000000e+02 -1.500000000000000000e+01 5.899570719787443096e+01 1.583369709413495485e+01 -5.420592250812209159e+02 8.029367697739483845e+01 -3.076958426774328004e+01 4.824272291526573220e+00 -4.191269482414954339e+00 -6.734790884884835904e+00 -1.710645748515037212e+01 -6.030915148521408753e+01 -2.455058894408472980e+01 -2.566050493967923174e+00 1.220967984625164036e+02 1.081437905610760453e+01 -1.383979532223222364e+01 -5.000000000000000000e+02 -3.000000000000000000e+02 -1.500000000000000000e+01
-6.000000000000000000e+02 -4.000000000000000000e+02 -1.500000000000000000e+01 -1.113677490271611106e+02 -1.391865201490610104e+02 -3.609518007033868159e+00 -1.229485347749681949e+02 -1.250743745960793376e+02 8.157640379725381763e+02 -9.051335528277405729e+01 -1.500473718905184910e+02 -1.044002813741962754e+01 -5.586819986259304471e+01 -2.501831721219753035e+01 -6.067740763347988064e+00 1.277860907605809473e+02 1.081437905610760453e+01 -2.232438524464520668e+01 -5.000000000000000000e+02 -3.000000000000000000e+02 -1.500000000000000000e+01
-6.000000000000000000e+02 -4.000000000000000000e+02 -1.500000000000000000e+01 -1.113677490271611106e+02 -1.391865201490610104e+02 -3.609518007033868159e+00 -1.287689116610788176e+02 -1.298231564293540430e+02 -2.461250349141283067e+01 -9.051335528277405729e+01 -1.500473718905184910e+02 -1.044002813741962754e+01 -5.586819986259304471e+01 -2.501831721219753035e+01 -6.067740763347988064e+00 -4.899796476851547595e+02 -2.801621746710246157e+02 -6.413357356239860110e+02 -5.000000000000000000e+02 -3.000000000000000000e+02 -1.500000000000000000e+01
-6.000000000000000000e+02 -4.000000000000000000e+02 -1.500000000000000000e+01 -1.120260742339617224e+02 -1.406313375542397353e+02 -3.609518007033868159e+00 -1.287689116610788176e+02 -1.298231564293540430e+02 -2.461250349141283067e+01 -9.051335528277405729e+01 -1.500473718905184910e+02 -1.044002813741962754e+01 -5.586819986259304471e+01 -2.501831721219753035e+01 -6.067740763347988064e+00 -4.899796476851547595e+02 -2.801621746710246157e+02 -6.413357356239860110e+02 -5.000000000000000000e+02 -3.000000000000000000e+02 -1.500000000000000000e+01
-6.000000000000000000e+02 -4.000000000000000000e+02 -1.500000000000000000e+01 -3.974390040937689150e+02 -2.445187067661413494e+02 3.959159234038047543e+02 -1.287689116610788176e+02 -1.298231564293540430e+02 -2.461250349141283067e+01 -9.051335528277405729e+01 -1.500473718905184910e+02 -1.044002813741962754e+01 -6.495882986669708536e+00 -1.486447302972712521e+02 -1.703081978638000038e+00 -1.076996392662011033e+02 -1.414357040309835725e+02 9.561611785265165864e+00 -5.000000000000000000e+02 -3.000000000000000000e+02 -1.500000000000000000e+01
-6.000000000000000000e+02 -4.000000000000000000e+02 -1.500000000000000000e+01 5.899570719787443096e+01 1.787193749588539049e+01 -5.420592250812209159e+02 8.216705416092173664e+01 -2.712305081306643828e+01 -2.802845006443127618e-01 -4.191269482414954339e+00 -6.734790884884835904e+00 -1.710645748515037212e+01 -5.895691640230720054e+01 -2.673175947390372542e+01 -8.668686860048722131e-01 -1.082029545463189208e+02 -1.413176986270521240e+02 -3.601504151320011147e+02 -5.000000000000000000e+02 -3.000000000000000000e+02 -1.500000000000000000e+01
-6.000000000000000000e+02 -4.000000000000000000e+02 -1.500000000000000000e+01 5.848054723990333059e+01 1.748651240925638106e+01 -1.118415818997744893e+01 8.029367697739483845e+01 -3.076958426774328004e+01 4.824272291526573220e+00 -4.191269482414954339e+00 -6.734790884884835904e+00 -1.710645748515037212e+01 -6.030915148521408753e+01 -2.455058894408472980e+01 -2.566050493967923174e+00 1.277860907605809473e+02 1.081437905610760453e+01 -2.008498278892384548e+01 -5.000000000000000000e+02 -3.000000000000000000e+02 -1.500000000000000000e+01
-6.000000000000000000e+02 -4.000000000000000000e+02 -1.500000000000000000e+01 -1.113677490271611106e+02 -1.391865201490610104e+02 -3.609518007033868159e+00 -1.260306603728988932e+02 -1.385738220697318184e+02 2.976031611798879908e+02 -5.882192433620982541e+01 -2.426757683879423766e+01 3.571921886571919913e+02 -5.586819986259304471e+01 -2.501831721219753035e+01 -6.067740763347988064e+00 -4.899796476851547595e+02 -2.801621746710246157e+02 -6.413357356239860110e+02 -5.000000000000000000e+02 -3.000000000000000000e+02 -1.500000000000000000e+01
-6.000000000000000000e+02 -4.000000000000000000e+02 -1.500000000000000000e+01 -1.113677490271611106e+02 -1.391865201490610104e+02 -3.609518007033868159e+00 -1.260306603728988932e+02 -1.385738220697318184e+02 2.976031611798879908e+02 -1.168024040040015166e+02 -1.435081275458392156e+02 -1.339430664995831144e+01 -1.372801820915385065e+02 -8.607285916681557580e+01 -1.089640140114826039e+01 -9.822308354691126908e+01 -1.532629846438672985e+02 -4.364225381732145692e+00 -5.000000000000000000e+02 -3.000000000000000000e+02 -1.500000000000000000e+01
-6.000000000000000000e+02 -4.000000000000000000e+02 -1.500000000000000000e+01 -1.120260742339617224e+02 -1.406313375542397353e+02 -3.609518007033868159e+00 -1.287689116610788176e+02 -1.298231564293540430e+02 -2.461250349141283067e+01 -9.051335528277405729e+01 -1.500473718905184910e+02 -1.044002813741962754e+01 -4.645465886167683038e+02 -2.855945027875054620e+02 -2.448758877119875876e+02 -4.841034290940400524e+02 -2.941651206494282746e+02 -3.325724358411931121e+02 -5.000000000000000000e+02 -3.000000000000000000e+02 -1.500000000000000000e+01
-6.000000000000000000e+02 -4.000000000000000000e+02 -1.500000000000000000e+01 5.874996380644604699e+01 1.787193749588539049e+01 -5.455324249542876487e+02 -4.927138008381564305e+01 3.883809776654246804e+01 -7.865365505651272571e+00 -5.266437571158861175e+01 -2.255204025451001826e+01 3.581157023645172899e+02 -6.335695139419726729e+01 -3.964339998362964934e+01 -9.686411446070044562e+00 -1.082029545463189208e+02 -1.413176986270521240e+02 -3.601504151320011147e+02 -5.000000000000000000e+02 -3.000000000000000000e+02 -1.500000000000000000e+01
-6.000000000000000000e+02 -4.000000000000000000e+02 -1.500000000000000000e+01 -3.974390040937689150e+02 -2.435228585215492672e+02 4.046277268295937120e+02 -1.331131906360065500e+02 -1.307838264264815962e+02 -2.461250349141283067e+01 -1.168024040040015166e+02 -1.435081275458392156e+02 -1.339430664995831144e+01 -1.372801820915385065e+02 -8.607285916681557580e+01 -1.089640140114826039e+01 -1.109483627610829899e+02 -1.549758523096013789e+02 -1.867980311719516706e+01 -5.000000000000000000e+02 -3.000000000000000000e+02 -1.500000000000000000e+01
-6.000000000000000000e+02 -4.000000000000000000e+02 -1.500000000000000000e+01 -1.120260742339617224e+02 -1.406313375542397353e+02 -3.609518007033868159e+00 -1.229485347749681949e+02 -1.250743745960793376e+02 8.157640379725381763e+02 -9.051335528277405729e+01 -1.500473718905184910e+02 -1.044002813741962754e+01 -5.586819986259304471e+01 -2.501831721219753035e+01 -6.067740763347988064e+00 1.220967984625164036e+02 1.081437905610760453e+01 -1.383979532223222364e+01 -5.000000000000000000e+02 -3.000000000000000000e+02 -1.500000000000000000e+01
-6.000000000000000000e+02 -4.000000000000000000e+02 -1.500000000000000000e+01 5.899570719787443096e+01 1.787193749588539049e+01 -5.420592250812209159e+02 -1.229485347749681949e+02 -1.250743745960793376e+02 8.157640379725381763e+02 -9.051335528277405729e+01 -1.500473718905184910e+02 -1.044002813741962754e+01 -5.586819986259304471e+01 -2.501831721219753035e+01 -6.067740763347988064e+00 1.220967984625164036e+02 1.081437905610760453e+01 -1.383979532223222364e+01 -5.000000000000000000e+02 -3.000000000000000000e+02 -1.500000000000000000e+01
-6.000000000000000000e+02 -4.000000000000000000e+02 -1.500000000000000000e+01 -3.974390040937689150e+02 -2.435228585215492672e+02 4.046277268295937120e+02 -1.331131906360065500e+02 -1.307838264264815962e+02 -2.461250349141283067e+01 -1.168024040040015166e+02 -1.435081275458392156e+02 -1.339430664995831144e+01 -1.372801820915385065e+02 -8.607285916681557580e+01 -1.089640140114826039e+01 -9.822308354691126908e+01 -1.532629846438672985e+02 -4.364225381732145692e+00 -5.000000000000000000e+02 -3.000000000000000000e+02 -1.500000000000000000e+01
-6.000000000000000000e+02 -4.000000000000000000e+02 -1.500000000000000000e+01 5.899570719787443096e+01 1.787193749588539049e+01 -5.420592250812209159e+02 -1.229485347749681949e+02 -1.250743745960793376e+02 8.157640379725381763e+02 -9.051335528277405729e+01 -1.500473718905184910e+02 -1.044002813741962754e+01 -6.495882986669708536e+00 -1.486447302972712521e+02 -1.703081978638000038e+00 -1.076996392662011033e+02 -1.414357040309835725e+02 9.561611785265165864e+00 -5.000000000000000000e+02 -3.000000000000000000e+02 -1.500000000000000000e+01
-6.000000000000000000e+02 -4.000000000000000000e+02 -1.500000000000000000e+01 -3.974390040937689150e+02 -2.445187067661413494e+02 3.959159234038047543e+02 -1.259613995257843158e+02 -1.395584008617175584e+02 -6.490705899034239224e-01 -1.084314299542153321e+02 -1.435081275458392156e+02 -1.599776583997557466e+01 -1.372801820915385065e+02 -8.607285916681557580e+01 -1.089640140114826039e+01 -1.082029545463189208e+02 -1.411881063754462104e+02 1.251797047119000617e+01 -5.000000000000000000e+02 -3.000000000000000000e+02 -1.500000000000000000e+01
-6.000000000000000000e+02 -4.000000000000000000e+02 -1.500000000000000000e+01 -1.113677490271611106e+02 -1.391865201490610104e+02 -3.609518007033868159e+00 -1.229485347749681949e+02 -1.250743745960793376e+02 8.157640379725381763e+02 -9.051335528277405729e+01 -1.500473718905184910e+02 -1.044002813741962754e+01 -5.586819986259304471e+01 -2.501831721219753035e+01 -6.067740763347988064e+00 -4.899796476851547595e+02 -2.801621746710246157e+02 -6.413357356239860110e+02 -5.000000000000000000e+02 -3.000000000000000000e+02 -1.500000000000000000e+01
-6.000000000000000000e+02 -4.000000000000000000e+02 -1.500000000000000000e+01 -1.120260742339617224e+02 -1.390101984441657237e+02 -3.609518007033868159e+00 -1.253425605696656504e+02 -1.331860997227567793e+02 -2.668613987099915263e+01 -9.051335528277405729e+01 -1.500473718905184910e+02 -1.044002813741962754e+01 -4.645465886167683038e+02 -2.833277333485175973e+02 -2.448758877119875876e+02 -4.927866166629295321e+02 -2.941651206494282746e+02 -3.456089485840917632e+02 -5.000000000000000000e+02 -3.000000000000000000e+02 -1.500000000000000000e+01
-6.000000000000000000e+02 -4.000000000000000000e+02 -1.500000000000000000e+01 5.899570719787443096e+01 1.787193749588539049e+01 -5.420592250812209159e+02 -4.927138008381564305e+01 3.883809776654246804e+01 -7.865365505651272571e+00 -5.562640507714203153e+01 -2.426757683879423766e+01 3.571921886571919913e+02 1.768409088568212155e+02 -5.432264619793954807e+00 -6.504660897521882035e+00 -1.082029545463189208e+02 -1.413176986270521240e+02 -3.601504151320011147e+02 -5.000000000000000000e+02 -3.000000000000000000e+02 -1.500000000000000000e+01
-6.000000000000000000e+02 -4.000000000000000000e+02 -1.500000000000000000e+01 -1.113677490271611106e+02 -1.391865201490610104e+02 -3.609518007033868159e+00 -1.229485347749681949e+02 -1.250743745960793376e+02 8.157640379725381763e+02 -9.051335528277405729e+01 -1.500473718905184910e+02 -1.044002813741962754e+01 -6.495882986669708536e+00 -1.486447302972712521e+02 -1.703081978638000038e+00 -1.109483627610829899e+02 -1.549758523096013789e+02 -1.867980311719516706e+01 -5.000000000000000000e+02 -3.000000000000000000e+02 -1.500000000000000000e+01
-6.000000000000000000e+02 -4.000000000000000000e+02 -1.500000000000000000e+01 5.927432514107447332e+02 1.089617993515857250e+02 -2.905968094458519779e+00 -1.313980253233726501e+02 -1.385738220697318184e+02 2.994454472236871538e+02 -5.882192433620982541e+01 -2.426757683879423766e+01 3.571921886571919913e+02 1.768409088568212155e+02 -5.432264619793954807e+00 -6.504660897521882035e+00 1.277860907605809473e+02 1.081437905610760453e+01 -2.008498278892384548e+01 -5.000000000000000000e+02 -3.000000000000000000e+02 -1.500000000000000000e+01
-6.000000000000000000e+02 -4.000000000000000000e+02 -1.500000000000000000e+01 5.899570719787443096e+01 1.787193749588539049e+01 -5.420592250812209159e+02 -1.229485347749681949e+02 -1.250743745960793376e+02 8.157640379725381763e+02 -9.051335528277405729e+01 -1.500473718905184910e+02 -1.044002813741962754e+01 -6.030915148521408753e+01 -2.455058894408472980e+01 -2.566050493967923174e+00 1.277860907605809473e+02 1.081437905610760453e+01 -2.232438524464520668e+01 -5.000000000000000000e+02 -3.000000000000000000e+02 -1.500000000000000000e+01
-6.000000000000000000e+02 -4.000000000000000000e+02 -1.500000000000000000e+01 5.672051196036863274e+01 1.787193749588539049e+01 -5.455324249542876487e+02 -4.927138008381564305e+01 3.883809776654246804e+01 -7.865365505651272571e+00 -5.926473973413476415e+01 -2.426757683879423766e+01 3.741002754964508767e+02 -6.335695139419726729e+01 -3.964339998362964934e+01 -9.686411446070044562e+00 -1.082029545463189208e+02 -1.413176986270521240e+02 -3.601504151320011147e+02 -5.000000000000000000e+02 -3.000000000000000000e+02 -1.500000000000000000e+01
-6.000000000000000000e+02 -4.000000000000000000e+02 -1.500000000000000000e+01 -1.113677490271611106e+02 -1.391865201490610104e+02 -3.609518007033868159e+00 -1.229485347749681949e+02 -1.250743745960793376e+02 8.157640379725381763e+02 -9.051335528277405729e+01 -1.500473718905184910e+02 -1.044002813741962754e+01 -4.645465886167683038e+02 -2.855945027875054620e+02 -2.448758877119875876e+02 -4.841034290940400524e+02 -2.941651206494282746e+02 -3.325724358411931121e+02 -5.000000000000000000e+02 -3.000000000000000000e+02 -1.500000000000000000e+01
-6.000000000000000000e+02 -4.000000000000000000e+02 -1.500000000000000000e+01 -3.974390040937689150e+02 -2.435228585215492672e+02 4.046277268295937120e+02 -1.287689116610788176e+02 -1.298231564293540430e+02 -2.461250349141283067e+01 -9.051335528277405729e+01 -1.500473718905184910e+02 -1.044002813741962754e+01 -1.250497193322217271e+01 -1.486447302972712521e+02 -1.703081978638000038e+00 -1.076996392662011033e+02 -1.414357040309835725e+02 1.645693832526980316e+01 -5.000000000000000000e+02 -3.000000000000000000e+02 -1.500000000000000000e+01
-6.000000000000000000e+02 -4.000000000000000000e+02 -1.500000000000000000e+01 5.899570719787443096e+01 1.583369709413495485e+01 -5.420592250812209159e+02 8.216705416092173664e+01 -3.076958426774328004e+01 -2.802845006443127618e-01 -5.562640507714203153e+01 -2.426757683879423766e+01 3.571921886571919913e+02 -6.335695139419726729e+01 -4.218758888306782495e+01 -3.379983924013876262e+00 -1.076996392662011033e+02 -1.414357040309835725e+02 1.645693832526980316e+01 -5.000000000000000000e+02 -3.000000000000000000e+02 -1.500000000000000000e+01
-6.000000000000000000e+02 -4.000000000000000000e+02 -1.500000000000000000e+01 1.225016241943142745e+02 9.469063099735672040e+01 -3.197367357907126006e-01 -3.176976316769898858e+02 -2.516200079555404159e+02 1.560946645870423595e+02 -5.562640507714203153e+01 -2.426757683879423766e+01 3.571921886571919913e+02 1.768409088568212155e+02 -5.432264619793954807e+00 -6.504660897521882035e+00 1.304757464393737223e+02 1.081437905610760453e+01 -3.102039782767167964e+01 -5.000000000000000000e+02 -3.000000000000000000e+02 -1.500000000000000000e+01
-6.000000000000000000e+02 -4.000000000000000000e+02 -1.500000000000000000e+01 -1.083116560684446483e+02 -1.391865201490610104e+02 -6.109576741354042717e+00 -1.335666376682026737e+02 -1.385738220697318184e+02 2.976031611798879908e+02 -5.908354215376002116e+01 -2.426757683879423766e+01 -4.641485017043003722e+02 -5.586819986259304471e+01 -2.501831721219753035e+01 -6.067740763347988064e+00 -4.899796476851547595e+02 -2.801621746710246157e+02 -6.413357356239860110e+02 -5.000000000000000000e+02 -3.000000000000000000e+02 -1.500000000000000000e+01
-6.000000000000000000e+02 -4.000000000000000000e+02 -1.500000000000000000e+01 5.927432514107447332e+02 1.089617993515857250e+02 -2.905968094458519779e+00 -1.313980253233726501e+02 -1.385738220697318184e+02 2.994454472236871538e+02 -5.882192433620982541e+01 -2.426757683879423766e+01 3.571921886571919913e+02 1.768409088568212155e+02 -5.432264619793954807e+00 -6.504660897521882035e+00 1.304757464393737223e+02 1.081437905610760453e+01 -3.102039782767167964e+01 -5.000000000000000000e+02 -3.000000000000000000e+02 -1.500000000000000000e+01
-6.000000000000000000e+02 -4.000000000000000000e+02 -1.500000000000000000e+01 -1.113677490271611106e+02 -1.391865201490610104e+02 -3.609518007033868159e+00 -1.229485347749681949e+02 -1.250743745960793376e+02 8.157640379725381763e+02 -9.051335528277405729e+01 -1.500473718905184910e+02 -1.044002813741962754e+01 -1.372801820915385065e+02 -8.607285916681557580e+01 -1.089640140114826039e+01 -9.822308354691126908e+01 -1.532629846438672985e+02 -4.364225381732145692e+00 -5.000000000000000000e+02 -3.000000000000000000e+02 -1.500000000000000000e+01
-6.000000000000000000e+02 -4.000000000000000000e+02 -1.500000000000000000e+01 5.848054723990333059e+01 1.748651240925638106e+01 -1.118415818997744893e+01 8.029367697739483845e+01 -3.076958426774328004e+01 4.824272291526573220e+00 -4.191269482414954339e+00 -6.734790884884835904e+00 -1.710645748515037212e+01 -6.030915148521408753e+01 -2.455058894408472980e+01 -2.566050493967923174e+00 1.220967984625164036e+02 1.081437905610760453e+01 -1.383979532223222364e+01 -5.000000000000000000e+02 -3.000000000000000000e+02 -1.500000000000000000e+01
-6.000000000000000000e+02 -4.000000000000000000e+02 -1.500000000000000000e+01 5.899570719787443096e+01 1.787193749588539049e+01 -5.420592250812209159e+02 -1.146710610466407871e+02 -1.385738220697318184e+02 2.994454472236871538e+02 -9.051335528277405729e+01 -1.500473718905184910e+02 -1.044002813741962754e+01 -5.586819986259304471e+01 -2.501831721219753035e+01 -6.067740763347988064e+00 1.277860907605809473e+02 1.081437905610760453e+01 -2.008498278892384548e+01 -5.000000000000000000e+02 -3.000000000000000000e+02 -1.500000000000000000e+01
-6.000000000000000000e+02 -4.000000000000000000e+02 -1.500000000000000000e+01 5.899570719787443096e+01 1.583369709413495485e+01 -5.420592250812209159e+02 8.216705416092173664e+01 -3.076958426774328004e+01 -2.802845006443127618e-01 -5.562640507714203153e+01 -2.426757683879423766e+01 3.571921886571919913e+02 1.768409088568212155e+02 -5.432264619793954807e+00 -6.504660897521882035e+00 1.304757464393737223e+02 1.081437905610760453e+01 -3.102039782767167964e+01 -5.000000000000000000e+02 -3.000000000000000000e+02 -1.500000000000000000e+01
-6.000000000000000000e+02 -4.000000000000000000e+02 -1.500000000000000000e+01 5.899570719787443096e+01 1.583369709413495485e+01 -5.420592250812209159e+02 8.029367697739483845e+01 -3.076958426774328004e+01 4.824272291526573220e+00 -4.191269482414954339e+00 -6.734790884884835904e+00 -1.710645748515037212e+01 -6.335695139419726729e+01 -4.218758888306782495e+01 -3.379983924013876262e+00 -1.076996392662011033e+02 -1.414357040309835725e+02 1.645693832526980316e+01 -5.000000000000000000e+02 -3.000000000000000000e+02 -1.500000000000000000e+01
-6.000000000000000000e+02 -4.000000000000000000e+02 -1.500000000000000000e+01 -1.113677490271611106e+02 -1.385978261856853919e+02 -3.609518007033868159e+00 -1.287689116610788176e+02 -1.298231564293540430e+02 -2.461250349141283067e+01 -2.671446350707869897e+02 -1.978511799818614634e+02 -2.167734852323500547e+02 -4.626854432995962156e+02 -2.812902090104615809e+02 -2.503858589685680442e+02 -4.826160197100961682e+02 -2.932372115086109261e+02 -3.280340185822945500e+02 -5.000000000000000000e+02 -3.000000000000000000e+02 -1.500000000000000000e+01
-6.000000000000000000e+02 -4.000000000000000000e+02 -1.500000000000000000e+01 5.899570719787443096e+01 1.583369709413495485e+01 -5.420592250812209159e+02 8.029367697739483845e+01 -3.076958426774328004e+01 4.824272291526573220e+00 -4.191269482414954339e+00 -6.734790884884835904e+00 -1.710645748515037212e+01 -5.586819986259304471e+01 -2.501831721219753035e+01 -6.067740763347988064e+00 -4.899796476851547595e+02 -2.801621746710246157e+02 -6.413357356239860110e+02 -5.000000000000000000e+02 -3.000000000000000000e+02 -1.500000000000000000e+01
-6.000000000000000000e+02 -4.000000000000000000e+02 -1.500000000000000000e+01 5.899570719787443096e+01 1.787193749588539049e+01 -5.420592250812209159e+02 -1.229485347749681949e+02 -1.250743745960793376e+02 8.157640379725381763e+02 -9.051335528277405729e+01 -1.500473718905184910e+02 -1.044002813741962754e+01 -5.586819986259304471e+01 -2.501831721219753035e+01 -6.067740763347988064e+00 -1.082029545463189208e+02 -1.411881063754462104e+02 1.251797047119000617e+01 -5.000000000000000000e+02 -3.000000000000000000e+02 -1.500000000000000000e+01
-6.000000000000000000e+02 -4.000000000000000000e+02 -1.500000000000000000e+01 -1.083116560684446483e+02 -1.391865201490610104e+02 -6.109576741354042717e+00 -1.146710610466407871e+02 -1.385738220697318184e+02 2.994454472236871538e+02 -5.562640507714203153e+01 -2.426757683879423766e+01 3.571921886571919913e+02 1.768409088568212155e+02 -5.432264619793954807e+00 -6.504660897521882035e+00 1.304757464393737223e+02 1.081437905610760453e+01 -3.102039782767167964e+01 -5.000000000000000000e+02 -3.000000000000000000e+02 -1.500000000000000000e+01
-6.000000000000000000e+02 -4.000000000000000000e+02 -1.500000000000000000e+01 -1.113677490271611106e+02 -1.391865201490610104e+02 -3.609518007033868159e+00 -1.287689116610788176e+02 -1.298231564293540430e+02 -2.461250349141283067e+01 -9.051335528277405729e+01 -1.500473718905184910e+02 -1.044002813741962754e+01 -6.495882986669708536e+00 -1.486447302972712521e+02 -1.703081978638000038e+00 -1.109483627610829899e+02 -1.549758523096013789e+02 -1.867980311719516706e+01 -5.000000000000000000e+02 -3.000000000000000000e+02 -1.500000000000000000e+01
-6.000000000000000000e+02 -4.000000000000000000e+02 -1.500000000000000000e+01 5.874996380644604699e+01 1.787193749588539049e+01 -5.455324249542876487e+02 -4.927138008381564305e+01 3.883809776654246804e+01 -7.865365505651272571e+00 -5.926473973413476415e+01 -2.426757683879423766e+01 3.741002754964508767e+02 -6.335695139419726729e+01 -3.964339998362964934e+01 -9.686411446070044562e+00 -1.076996392662011033e+02 -1.414357040309835725e+02 9.561611785265165864e+00 -5.000000000000000000e+02 -3.000000000000000000e+02 -1.500000000000000000e+01
-6.000000000000000000e+02 -4.000000000000000000e+02 -1.500000000000000000e+01 5.899570719787443096e+01 1.583369709413495485e+01 -5.420592250812209159e+02 8.029367697739483845e+01 -3.076958426774328004e+01 4.824272291526573220e+00 -4.191269482414954339e+00 -6.734790884884835904e+00 -1.710645748515037212e+01 -6.030915148521408753e+01 -2.455058894408472980e+01 -2.566050493967923174e+00 1.277860907605809473e+02 1.081437905610760453e+01 -2.232438524464520668e+01 -5.000000000000000000e+02 -3.000000000000000000e+02 -1.500000000000000000e+01
-6.000000000000000000e+02 -4.000000000000000000e+02 -1.500000000000000000e+01 5.848054723990333059e+01 1.513711861561597516e+01 -6.960774809947988473e+00 8.216705416092173664e+01 -2.712305081306643828e+01 -2.802845006443127618e-01 -5.562640507714203153e+01 -2.426757683879423766e+01 3.571921886571919913e+02 -6.335695139419726729e+01 -3.964339998362964934e+01 -9.686411446070044562e+00 -1.082029545463189208e+02 -1.414357040309835725e+02 9.561611785265165864e+00 -5.000000000000000000e+02 -3.000000000000000000e+02 -1.500000000000000000e+01
-6.000000000000000000e+02 -4.000000000000000000e+02 -1.500000000000000000e+01 -1.124171098570190281e+02 -1.332601298622142849e+02 -3.609518007033868159e+00 -1.229485347749681949e+02 -1.250743745960793376e+02 8.157640379725381763e+02 -9.051335528277405729e+01 -1.500473718905184910e+02 -1.044002813741962754e+01 -5.950910331860063707e+01 -2.501831721219753035e+01 -6.067740763347988064e+00 -4.899796476851547595e+02 -2.801621746710246157e+02 -6.413357356239860110e+02 -5.000000000000000000e+02 -3.000000000000000000e+02 -1.500000000000000000e+01
-6.000000000000000000e+02 -4.000000000000000000e+02 -1.500000000000000000e+01 5.899570719787443096e+01 1.583369709413495485e+01 -5.420592250812209159e+02 8.029367697739483845e+01 -3.076958426774328004e+01 4.824272291526573220e+00 -5.562640507714203153e+01 -2.426757683879423766e+01 3.571921886571919913e+02 1.768409088568212155e+02 -5.432264619793954807e+00 -6.504660897521882035e+00 -1.082029545463189208e+02 -1.413176986270521240e+02 -3.601504151320011147e+02 -5.000000000000000000e+02 -3.000000000000000000e+02 -1.500000000000000000e+01
-6.000000000000000000e+02 -4.000000000000000000e+02 -1.500000000000000000e+01 5.848054723990333059e+01 1.748651240925638106e+01 -1.118415818997744893e+01 8.216705416092173664e+01 -2.712305081306643828e+01 -2.802845006443127618e-01 -5.562640507714203153e+01 -2.426757683879423766e+01 3.571921886571919913e+02 -6.335695139419726729e+01 -3.964339998362964934e+01 -9.686411446070044562e+00 -1.082029545463189208e+02 -1.414357040309835725e+02 9.561611785265165864e+00 -5.000000000000000000e+02 -3.000000000000000000e+02 -1.500000000000000000e+01
-6.000000000000000000e+02 -4.000000000000000000e+02 -1.500000000000000000e+01 5.899570719787443096e+01 1.787193749588539049e+01 -5.420592250812209159e+02 -4.927138008381564305e+01 3.883809776654246804e+01 -7.865365505651272571e+00 -5.926473973413476415e+01 -2.426757683879423766e+01 3.741002754964508767e+02 -6.335695139419726729e+01 -3.964339998362964934e+01 -9.686411446070044562e+00 -1.076996392662011033e+02 -1.414357040309835725e+02 1.645693832526980316e+01 -5.000000000000000000e+02 -3.000000000000000000e+02 -1.500000000000000000e+01
-6.000000000000000000e+02 -4.000000000000000000e+02 -1.500000000000000000e+01 -3.939057138270240443e+02 -2.462932588973446570e+02 4.046277268295937120e+02 -1.146710610466407871e+02 -1.385738220697318184e+02 2.994454472236871538e+02 -5.562640507714203153e+01 -2.426757683879423766e+01 3.571921886571919913e+02 1.768409088568212155e+02 -5.432264619793954807e+00 -6.504660897521882035e+00 1.304757464393737223e+02 1.081437905610760453e+01 -3.102039782767167964e+01 -5.000000000000000000e+02 -3.000000000000000000e+02 -1.500000000000000000e+01
-6.000000000000000000e+02 -4.000000000000000000e+02 -1.500000000000000000e+01 5.672051196036863274e+01 1.787193749588539049e+01 -5.455324249542876487e+02 -4.927138008381564305e+01 3.883809776654246804e+01 -7.865365505651272571e+00 -5.926473973413476415e+01 -2.426757683879423766e+01 3.741002754964508767e+02 -6.335695139419726729e+01 -3.964339998362964934e+01 -9.686411446070044562e+00 -1.076996392662011033e+02 -1.414357040309835725e+02 9.561611785265165864e+00 -5.000000000000000000e+02 -3.000000000000000000e+02 -1.500000000000000000e+01
-6.000000000000000000e+02 -4.000000000000000000e+02 -1.500000000000000000e+01 -1.113677490271611106e+02 -1.391865201490610104e+02 -3.609518007033868159e+00 -1.229485347749681949e+02 -1.250743745960793376e+02 8.157640379725381763e+02 -5.562640507714203153e+01 -2.426757683879423766e+01 3.571921886571919913e+02 1.768409088568212155e+02 -5.432264619793954807e+00 -6.504660897521882035e+00 1.304757464393737223e+02 1.081437905610760453e+01 -3.102039782767167964e+01 -5.000000000000000000e+02 -3.000000000000000000e+02 -1.500000000000000000e+01
-6.000000000000000000e+02 -4.000000000000000000e+02 -1.500000000000000000e+01 -1.120260742339617224e+02 -1.406313375542397353e+02 -3.609518007033868159e+00 -1.260306603728988932e+02 -1.385738220697318184e+02 2.976031611798879908e+02 -9.051335528277405729e+01 -1.500473718905184910e+02 -1.044002813741962754e+01 -4.645465886167683038e+02 -2.855945027875054620e+02 -2.448758877119875876e+02 -4.841034290940400524e+02 -2.941651206494282746e+02 -3.325724358411931121e+02 -5.000000000000000000e+02 -3.000000000000000000e+02 -1.500000000000000000e+01
-6.000000000000000000e+02 -4.000000000000000000e+02 -1.500000000000000000e+01 -4.063815408653586587e+02 -2.476176893492965689e+02 4.118690392628835184e+02 -1.287689116610788176e+02 -1.298231564293540430e+02 -2.461250349141283067e+01 -1.084314299542153321e+02 -1.435081275458392156e+02 -1.599776583997557466e+01 -1.372801820915385065e+02 -8.607285916681557580e+01 -1.089640140114826039e+01 -1.109483627610829899e+02 -1.549758523096013789e+02 -1.867980311719516706e+01 -5.000000000000000000e+02 -3.000000000000000000e+02 -1.500000000000000000e+01
-6.000000000000000000e+02 -4.000000000000000000e+02 -1.500000000000000000e+01 -1.113677490271611106e+02 -1.391865201490610104e+02 -3.609518007033868159e+00 -1.146710610466407871e+02 -1.385738220697318184e+02 2.994454472236871538e+02 -5.562640507714203153e+01 -2.426757683879423766e+01 3.571921886571919913e+02 1.768409088568212155e+02 -5.432264619793954807e+00 -6.504660897521882035e+00 1.304757464393737223e+02 1.081437905610760453e+01 -3.102039782767167964e+01 -5.000000000000000000e+02 -3.000000000000000000e+02 -1.500000000000000000e+01
-6.000000000000000000e+02 -4.000000000000000000e+02 -1.500000000000000000e+01 -1.113677490271611106e+02 -1.391865201490610104e+02 -3.609518007033868159e+00 -1.229485347749681949e+02 -1.250743745960793376e+02 8.157640379725381763e+02 -9.051335528277405729e+01 -1.500473718905184910e+02 -1.044002813741962754e+01 -5.586819986259304471e+01 -2.501831721219753035e+01 -6.067740763347988064e+00 1.220967984625164036e+02 1.081437905610760453e+01 -1.383979532223222364e+01 -5.000000000000000000e+02 -3.000000000000000000e+02 -1.500000000000000000e+01
-6.000000000000000000e+02 -4.000000000000000000e+02 -1.500000000000000000e+01 5.899570719787443096e+01 1.787193749588539049e+01 -5.420592250812209159e+02 -1.229485347749681949e+02 -1.250743745960793376e+02 8.157640379725381763e+02 -9.051335528277405729e+01 -1.500473718905184910e+02 -1.044002813741962754e+01 -6.495882986669708536e+00 -1.486447302972712521e+02 -1.703081978638000038e+00 -1.076996392662011033e+02 -1.414357040309835725e+02 1.645693832526980316e+01 -5.000000000000000000e+02 -3.000000000000000000e+02 -1.500000000000000000e+01
-6.000000000000000000e+02 -4.000000000000000000e+02 -1.500000000000000000e+01 5.899570719787443096e+01 1.787193749588539049e+01 -5.420592250812209159e+02 -1.146710610466407871e+02 -1.385738220697318184e+02 2.994454472236871538e+02 -9.051335528277405729e+01 -1.500473718905184910e+02 -1.044002813741962754e+01 -5.586819986259304471e+01 -2.501831721219753035e+01 -6.067740763347988064e+00 1.220967984625164036e+02 1.081437905610760453e+01 -1.383979532223222364e+01 -5.000000000000000000e+02 -3.000000000000000000e+02 -1.500000000000000000e+01
-6.000000000000000000e+02 -4.000000000000000000e+02 -1.500000000000000000e+01 5.899570719787443096e+01 1.787193749588539049e+01 -5.420592250812209159e+02 -4.927138008381564305e+01 3.759367148677677051e+01 -7.865365505651272571e+00 -5.926473973413476415e+01 -2.426757683879423766e+01 3.741002754964508767e+02 -6.335695139419726729e+01 -3.964339998362964934e+01 -9.686411446070044562e+00 -1.082029545463189208e+02 -1.413176986270521240e+02 -3.601504151320011147e+02 -5.000000000000000000e+02 -3.000000000000000000e+02 -1.500000000000000000e+01
-6.000000000000000000e+02 -4.000000000000000000e+02 -1.500000000000000000e+01 5.899570719787443096e+01 1.787193749588539049e+01 -5.420592250812209159e+02 -1.229485347749681949e+02 -1.250743745960793376e+02 8.157640379725381763e+02 -9.051335528277405729e+01 -1.500473718905184910e+02 -1.044002813741962754e+01 -6.034012108333000413e+01 -2.673175947390372542e+01 -8.668686860048722131e-01 -1.082029545463189208e+02 -1.411881063754462104e+02 1.251797047119000617e+01 -5.000000000000000000e+02 -3.000000000000000000e+02 -1.500000000000000000e+01
-6.000000000000000000e+02 -4.000000000000000000e+02 -1.500000000000000000e+01 5.899570719787443096e+01 1.787193749588539049e+01 -5.420592250812209159e+02 -1.229485347749681949e+02 -1.250743745960793376e+02 8.157640379725381763e+02 -9.051335528277405729e+01 -1.500473718905184910e+02 -1.044002813741962754e+01 -5.586819986259304471e+01 -2.501831721219753035e+01 -6.067740763347988064e+00 1.277860907605809473e+02 1.081437905610760453e+01 -2.232438524464520668e+01 -5.000000000000000000e+02 -3.000000000000000000e+02 -1.500000000000000000e+01
-6.000000000000000000e+02 -4.000000000000000000e+02 -1.500000000000000000e+01 5.899570719787443096e+01 1.583369709413495485e+01 -5.420592250812209159e+02 8.029367697739483845e+01 -3.076958426774328004e+01 4.824272291526573220e+00 -4.191269482414954339e+00 -6.734790884884835904e+00 -1.710645748515037212e+01 -6.030915148521408753e+01 -2.455058894408472980e+01 -2.566050493967923174e+00 -1.109483627610829899e+02 -1.549758523096013789e+02 -1.867980311719516706e+01 -5.000000000000000000e+02 -3.000000000000000000e+02 -1.500000000000000000e+01
-6.000000000000000000e+02 -4.000000000000000000e+02 -1.500000000000000000e+01 -1.120260742339617224e+02 -1.406313375542397353e+02 -3.609518007033868159e+00 -1.287689116610788176e+02 -1.298231564293540430e+02 -2.461250349141283067e+01 -9.051335528277405729e+01 -1.500473718905184910e+02 -1.044002813741962754e+01 -6.034012108333000413e+01 -2.673175947390372542e+01 -8.668686860048722131e-01 -4.841034290940400524e+02 -2.941651206494282746e+02 -3.325724358411931121e+02 -5.000000000000000000e+02 -3.000000000000000000e+02 -1.500000000000000000e+01
-6.000000000000000000e+02 -4.000000000000000000e+02 -1.500000000000000000e+01 5.848054723990333059e+01 1.748651240925638106e+01 -1.118415818997744893e+01 -4.927138008381564305e+01 3.759367148677677051e+01 -7.865365505651272571e+00 -5.926473973413476415e+01 -2.426757683879423766e+01 3.741002754964508767e+02 -6.034012108333000413e+01 -2.673175947390372542e+01 -8.668686860048722131e-01 -1.082029545463189208e+02 -1.413176986270521240e+02 -3.601504151320011147e+02 -5.000000000000000000e+02 -3.000000000000000000e+02 -1.500000000000000000e+01
-6.000000000000000000e+02 -4.000000000000000000e+02 -1.500000000000000000e+01 -3.939057138270240443e+02 -2.462932588973446570e+02 4.046277268295937120e+02 -1.287689116610788176e+02 -1.298231564293540430e+02 -2.461250349141283067e+01 -2.671446350707869897e+02 -1.978511799818614634e+02 -2.167734852323500547e+02 -4.626854432995962156e+02 -2.812902090104615809e+02 -2.503858589685680442e+02 -4.841034290940400524e+02 -2.926274959442039290e+02 -3.343021240068942461e+02 -5.000000000000000000e+02 -3.000000000000000000e+02 -1.500000000000000000e+01
-6.000000000000000000e+02 -4.000000000000000000e+02 -1.500000000000000000e+01 5.927432514107447332e+02 1.089617993515857250e+02 -2.905968094458519779e+00 -1.146710610466407871e+02 -1.385738220697318184e+02 2.994454472236871538e+02 -5.882192433620982541e+01 -2.426757683879423766e+01 3.571921886571919913e+02 1.768409088568212155e+02 -5.432264619793954807e+00 -6.504660897521882035e+00 1.277860907605809473e+02 1.081437905610760453e+01 -2.232438524464520668e+01 -5.000000000000000000e+02 -3.000000000000000000e+02 -1.500000000000000000e+01
-6.000000000000000000e+02 -4.000000000000000000e+02 -1.500000000000000000e+01 5.899570719787443096e+01 1.583369709413495485e+01 -5.420592250812209159e+02 8.029367697739483845e+01 -3.076958426774328004e+01 4.824272291526573220e+00 -4.191269482414954339e+00 -6.734790884884835904e+00 -1.710645748515037212e+01 -5.586819986259304471e+01 -2.501831721219753035e+01 -6.067740763347988064e+00 -4.876683290009038387e+02 -2.827538692831024036e+02 -6.753382986904137297e-01 -5.000000000000000000e+02 -3.000000000000000000e+02 -1.500000000000000000e+01
-6.000000000000000000e+02 -4.000000000000000000e+02 -1.500000000000000000e+01 5.848054723990333059e+01 1.748651240925638106e+01 -1.118415818997744893e+01 -1.260306603728988932e+02 -1.385738220697318184e+02 2.976031611798879908e+02 -5.562640507714203153e+01 -2.426757683879423766e+01 3.571921886571919913e+02 1.768409088568212155e+02 -5.432264619793954807e+00 -6.504660897521882035e+00 1.304757464393737223e+02 1.081437905610760453e+01 -3.102039782767167964e+01 -5.000000000000000000e+02 -3.000000000000000000e+02 -1.500000000000000000e+01
-6.000000000000000000e+02 -4.000000000000000000e+02 -1.500000000000000000e+01 -3.974390040937689150e+02 -2.445187067661413494e+02 3.959159234038047543e+02 -1.335666376682026737e+02 -1.385738220697318184e+02 2.976031611798879908e+02 -5.882192433620982541e+01 -2.426757683879423766e+01 3.571921886571919913e+02 1.768409088568212155e+02 -5.432264619793954807e+00 -6.504660897521882035e+00 -4.876683290009038387e+02 -2.856350909216561718e+02 4.880178514687841584e+00 -5.000000000000000000e+02 -3.000000000000000000e+02 -1.500000000000000000e+01
-6.000000000000000000e+02 -4.000000000000000000e+02 -1.500000000000000000e+01 5.899570719787443096e+01 1.787193749588539049e+01 -5.420592250812209159e+02 -1.286483849130793828e+02 -1.385738220697318184e+02 2.994454472236871538e+02 -5.562640507714203153e+01 -2.426757683879423766e+01 3.571921886571919913e+02 1.768409088568212155e+02 -5.432264619793954807e+00 -6.504660897521882035e+00 -1.082029545463189208e+02 -1.413176986270521240e+02 -3.601504151320011147e+02 -5.000000000000000000e+02 -3.000000000000000000e+02 -1.500000000000000000e+01
-6.000000000000000000e+02 -4.000000000000000000e+02 -1.500000000000000000e+01 5.927432514107447332e+02 1.089617993515857250e+02 -2.905968094458519779e+00 -1.146710610466407871e+02 -1.385738220697318184e+02 2.994454472236871538e+02 -5.882192433620982541e+01 -2.426757683879423766e+01 3.571921886571919913e+02 1.768409088568212155e+02 -5.432264619793954807e+00 -6.504660897521882035e+00 1.304757464393737223e+02 1.081437905610760453e+01 -3.102039782767167964e+01 -5.000000000000000000e+02 -3.000000000000000000e+02 -1.500000000000000000e+01
-6.000000000000000000e+02 -4.000000000000000000e+02 -1.500000000000000000e+01 5.899570719787443096e+01 1.787193749588539049e+01 -5.420592250812209159e+02 -1.229485347749681949e+02 -1.250743745960793376e+02 8.157640379725381763e+02 -5.562640507714203153e+01 -2.426757683879423766e+01 3.571921886571919913e+02 1.768409088568212155e+02 -5.432264619793954807e+00 -6.504660897521882035e+00 -1.082029545463189208e+02 -1.411881063754462104e+02 1.251797047119000617e+01 -5.000000000000000000e+02 -3.000000000000000000e+02 -1.500000000000000000e+01
-6.000000000000000000e+02 -4.000000000000000000e+02 -1.500000000000000000e+01 5.899570719787443096e+01 1.787193749588539049e+01 -5.420592250812209159e+02 -1.146710610466407871e+02 -1.385738220697318184e+02 2.994454472236871538e+02 -9.051335528277405729e+01 -1.500473718905184910e+02 -1.044002813741962754e+01 -5.586819986259304471e+01 -2.501831721219753035e+01 -2.013693393369710094e+00 1.220967984625164036e+02 1.081437905610760453e+01 -1.383979532223222364e+01 -5.000000000000000000e+02 -3.000000000000000000e+02 -1.500000000000000000e+01
-6.000000000000000000e+02 -4.000000000000000000e+02 -1.500000000000000000e+01 5.927432514107447332e+02 1.089617993515857250e+02 -2.905968094458519779e+00 7.597406782269872849e+01 -2.568616810403513639e+01 -2.802845006443127618e-01 -7.149824891340031741e+00 -6.372921591925373441e+00 -1.393901524830717165e+01 -5.586819986259304471e+01 -2.501831721219753035e+01 -2.013693393369710094e+00 1.277860907605809473e+02 1.081437905610760453e+01 -2.008498278892384548e+01 -5.000000000000000000e+02 -3.000000000000000000e+02 -1.500000000000000000e+01
-6.000000000000000000e+02 -4.000000000000000000e+02 -1.500000000000000000e+01 -3.939057138270240443e+02 -2.462932588973446570e+02 4.046277268295937120e+02 -1.335666376682026737e+02 -1.385738220697318184e+02 2.976031611798879908e+02 -5.562640507714203153e+01 -2.426757683879423766e+01 3.571921886571919913e+02 1.768409088568212155e+02 -5.432264619793954807e+00 -6.504660897521882035e+00 1.277860907605809473e+02 1.081437905610760453e+01 -2.008498278892384548e+01 -5.000000000000000000e+02 -3.000000000000000000e+02 -1.500000000000000000e+01
-6.000000000000000000e+02 -4.000000000000000000e+02 -1.500000000000000000e+01 5.899570719787443096e+01 1.787193749588539049e+01 -5.420592250812209159e+02 -1.287689116610788176e+02 -1.298231564293540430e+02 -2.461250349141283067e+01 -9.051335528277405729e+01 -1.500473718905184910e+02 -1.044002813741962754e+01 -6.495882986669708536e+00 -1.486447302972712521e+02 -1.703081978638000038e+00 -1.076996392662011033e+02 -1.414357040309835725e+02 1.645693832526980316e+01 -5.000000000000000000e+02 -3.000000000000000000e+02 -1.500000000000000000e+01
-6.000000000000000000e+02 -4.000000000000000000e+02 -1.500000000000000000e+01 -1.113677490271611106e+02 -1.391865201490610104e+02 -3.609518007033868159e+00 -1.260306603728988932e+02 -1.385738220697318184e+02 2.976031611798879908e+02 -9.051335528277405729e+01 -1.500473718905184910e+02 -1.044002813741962754e+01 -5.586819986259304471e+01 -2.501831721219753035e+01 -6.067740763347988064e+00 -4.899796476851547595e+02 -2.801621746710246157e+02 -6.413357356239860110e+02 -5.000000000000000000e+02 -3.000000000000000000e+02 -1.500000000000000000e+01
-6.000000000000000000e+02 -4.000000000000000000e+02 -1.500000000000000000e+01 5.899570719787443096e+01 1.787193749588539049e+01 -5.420592250812209159e+02 -1.287689116610788176e+02 -1.298231564293540430e+02 -2.461250349141283067e+01 -9.051335528277405729e+01 -1.500473718905184910e+02 -1.044002813741962754e+01 -6.495882986669708536e+00 -1.486447302972712521e+02 -1.703081978638000038e+00 -1.076996392662011033e+02 -1.414357040309835725e+02 9.561611785265165864e+00 -5.000000000000000000e+02 -3.000000000000000000e+02 -1.500000000000000000e+01
-6.000000000000000000e+02 -4.000000000000000000e+02 -1.500000000000000000e+01 -3.974390040937689150e+02 -2.445187067661413494e+02 3.959159234038047543e+02 -1.259613995257843158e+02 -1.395584008617175584e+02 -6.490705899034239224e-01 -1.084314299542153321e+02 -1.435081275458392156e+02 -1.599776583997557466e+01 -1.372801820915385065e+02 -8.607285916681557580e+01 -1.089640140114826039e+01 -9.822308354691126908e+01 -1.532629846438672985e+02 -4.364225381732145692e+00 -5.000000000000000000e+02 -3.000000000000000000e+02 -1.500000000000000000e+01
-6.000000000000000000e+02 -4.000000000000000000e+02 -1.500000000000000000e+01 5.899570719787443096e+01 1.583369709413495485e+01 -5.420592250812209159e+02 8.029367697739483845e+01 -3.076958426774328004e+01 4.824272291526573220e+00 -4.191269482414954339e+00 -6.734790884884835904e+00 -1.710645748515037212e+01 -5.586819986259304471e+01 -2.501831721219753035e+01 -6.067740763347988064e+00 -1.082029545463189208e+02 -1.411881063754462104e+02 1.251797047119000617e+01 -5.000000000000000000e+02 -3.000000000000000000e+02 -1.500000000000000000e+01
-6.000000000000000000e+02 -4.000000000000000000e+02 -1.500000000000000000e+01 5.899570719787443096e+01 1.787193749588539049e+01 -5.420592250812209159e+02 -1.146710610466407871e+02 -1.385738220697318184e+02 2.994454472236871538e+02 -9.051335528277405729e+01 -1.500473718905184910e+02 -1.044002813741962754e+01 -6.030915148521408753e+01 -2.455058894408472980e+01 -2.566050493967923174e+00 1.277860907605809473e+02 1.081437905610760453e+01 -2.008498278892384548e+01 -5.000000000000000000e+02 -3.000000000000000000e+02 -1.500000000000000000e+01
-6.000000000000000000e+02 -4.000000000000000000e+02 -1.500000000000000000e+01 -1.083116560684446483e+02 -1.391865201490610104e+02 -6.109576741354042717e+00 -1.146710610466407871e+02 -1.385738220697318184e+02 2.994454472236871538e+02 -9.051335528277405729e+01 -1.500473718905184910e+02 -1.044002813741962754e+01 -5.586819986259304471e+01 -2.501831721219753035e+01 -6.067740763347988064e+00 1.220967984625164036e+02 1.081437905610760453e+01 -1.383979532223222364e+01 -5.000000000000000000e+02 -3.000000000000000000e+02 -1.500000000000000000e+01
-6.000000000000000000e+02 -4.000000000000000000e+02 -1.500000000000000000e+01 5.899570719787443096e+01 1.787193749588539049e+01 -5.420592250812209159e+02 -4.927138008381564305e+01 3.883809776654246804e+01 -7.865365505651272571e+00 -5.562640507714203153e+01 -2.426757683879423766e+01 3.571921886571919913e+02 -6.335695139419726729e+01 -3.964339998362964934e+01 -9.686411446070044562e+00 -1.082029545463189208e+02 -1.413176986270521240e+02 -3.601504151320011147e+02 -5.000000000000000000e+02 -3.000000000000000000e+02 -1.500000000000000000e+01
-6.000000000000000000e+02 -4.000000000000000000e+02 -1.500000000000000000e+01 5.899570719787443096e+01 1.787193749588539049e+01 -5.420592250812209159e+02 8.029367697739483845e+01 -3.076958426774328004e+01 4.824272291526573220e+00 -9.051335528277405729e+01 -1.500473718905184910e+02 -1.044002813741962754e+01 -6.034012108333000413e+01 -2.673175947390372542e+01 -8.668686860048722131e-01 -1.082029545463189208e+02 -1.413176986270521240e+02 -3.601504151320011147e+02 -5.000000000000000000e+02 -3.000000000000000000e+02 -1.500000000000000000e+01
-6.000000000000000000e+02 -4.000000000000000000e+02 -1.500000000000000000e+01 5.848054723990333059e+01 1.748651240925638106e+01 -1.118415818997744893e+01 -4.927138008381564305e+01 3.759367148677677051e+01 -7.865365505651272571e+00 -5.926473973413476415e+01 -2.426757683879423766e+01 3.741002754964508767e+02 -6.335695139419726729e+01 -3.964339998362964934e+01 -9.686411446070044562e+00 -1.076996392662011033e+02 -1.414357040309835725e+02 1.645693832526980316e+01 -5.000000000000000000e+02 -3.000000000000000000e+02 -1.500000000000000000e+01
-6.000000000000000000e+02 -4.000000000000000000e+02 -1.500000000000000000e+01 5.899570719787443096e+01 1.583369709413495485e+01 -5.420592250812209159e+02 8.029367697739483845e+01 -3.076958426774328004e+01 4.824272291526573220e+00 -4.191269482414954339e+00 -6.734790884884835904e+00 -1.710645748515037212e+01 -5.586819986259304471e+01 -2.501831721219753035e+01 -6.067740763347988064e+00 -4.876683290009038387e+02 -2.869797806003584810e+02 -9.770285145604244548e+00 -5.000000000000000000e+02 -3.000000000000000000e+02 -1.500000000000000000e+01
-6.000000000000000000e+02 -4.000000000000000000e+02 -1.500000000000000000e+01 -3.939057138270240443e+02 -2.462932588973446570e+02 4.046277268295937120e+02 8.029367697739483845e+01 -3.076958426774328004e+01 4.824272291526573220e+00 -4.191269482414954339e+00 -6.734790884884835904e+00 -1.710645748515037212e+01 -5.586819986259304471e+01 -2.501831721219753035e+01 -6.067740763347988064e+00 -4.899796476851547595e+02 -2.801621746710246157e+02 -6.413357356239860110e+02 -5.000000000000000000e+02 -3.000000000000000000e+02 -1.500000000000000000e+01
-6.000000000000000000e+02 -4.000000000000000000e+02 -1.500000000000000000e+01 -1.113677490271611106e+02 -1.391865201490610104e+02 4.451592655090859552e+00 -1.287689116610788176e+02 -1.298231564293540430e+02 -2.461250349141283067e+01 -9.051335528277405729e+01 -1.500473718905184910e+02 -1.044002813741962754e+01 -5.586819986259304471e+01 -2.501831721219753035e+01 -6.067740763347988064e+00 -4.899796476851547595e+02 -2.801621746710246157e+02 -6.413357356239860110e+02 -5.000000000000000000e+02 -3.000000000000000000e+02 -1.500000000000000000e+01
-6.000000000000000000e+02 -4.000000000000000000e+02 -1.500000000000000000e+01 5.848054723990333059e+01 1.748651240925638106e+01 -1.118415818997744893e+01 -1.229485347749681949e+02 -1.250743745960793376e+02 8.157640379725381763e+02 -9.051335528277405729e+01 -1.500473718905184910e+02 -1.044002813741962754e+01 -5.586819986259304471e+01 -2.501831721219753035e+01 -6.067740763347988064e+00 -1.082029545463189208e+02 -1.411881063754462104e+02 1.251797047119000617e+01 -5.000000000000000000e+02 -3.000000000000000000e+02 -1.500000000000000000e+01
-6.000000000000000000e+02 -4.000000000000000000e+02 -1.500000000000000000e+01 5.874996380644604699e+01 1.787193749588539049e+01 -5.455324249542876487e+02 -4.927138008381564305e+01 3.883809776654246804e+01 -7.865365505651272571e+00 -5.562640507714203153e+01 -2.426757683879423766e+01 3.571921886571919913e+02 1.768409088568212155e+02 -5.432264619793954807e+00 -6.504660897521882035e+00 -1.082029545463189208e+02 -1.411881063754462104e+02 1.251797047119000617e+01 -5.000000000000000000e+02 -3.000000000000000000e+02 -1.500000000000000000e+01
-6.000000000000000000e+02 -4.000000000000000000e+02 -1.500000000000000000e+01 5.899570719787443096e+01 1.787193749588539049e+01 -5.420592250812209159e+02 -1.229485347749681949e+02 -1.250743745960793376e+02 8.157640379725381763e+02 -9.051335528277405729e+01 -1.500473718905184910e+02 -1.044002813741962754e+01 -6.030915148521408753e+01 -2.455058894408472980e+01 -2.566050493967923174e+00 1.277860907605809473e+02 1.081437905610760453e+01 -2.008498278892384548e+01 -5.000000000000000000e+02 -3.000000000000000000e+02 -1.500000000000000000e+01
-6.000000000000000000e+02 -4.000000000000000000e+02 -1.500000000000000000e+01 5.899570719787443096e+01 1.787193749588539049e+01 -5.420592250812209159e+02 8.029367697739483845e+01 -3.076958426774328004e+01 4.824272291526573220e+00 -9.051335528277405729e+01 -1.500473718905184910e+02 -1.044002813741962754e+01 -5.586819986259304471e+01 -2.501831721219753035e+01 -6.067740763347988064e+00 -1.082029545463189208e+02 -1.411881063754462104e+02 1.251797047119000617e+01 -5.000000000000000000e+02 -3.000000000000000000e+02 -1.500000000000000000e+01
-6.000000000000000000e+02 -4.000000000000000000e+02 -1.500000000000000000e+01 5.899570719787443096e+01 1.787193749588539049e+01 -5.420592250812209159e+02 -1.229485347749681949e+02 -1.250743745960793376e+02 8.157640379725381763e+02 -9.051335528277405729e+01 -1.500473718905184910e+02 -1.044002813741962754e+01 -5.586819986259304471e+01 -2.501831721219753035e+01 -2.013693393369710094e+00 -1.082029545463189208e+02 -1.411881063754462104e+02 1.251797047119000617e+01 -5.000000000000000000e+02 -3.000000000000000000e+02 -1.500000000000000000e+01
-6.000000000000000000e+02 -4.000000000000000000e+02 -1.500000000000000000e+01 5.899570719787443096e+01 1.583369709413495485e+01 -5.420592250812209159e+02 8.216705416092173664e+01 -3.076958426774328004e+01 -2.802845006443127618e-01 -5.562640507714203153e+01 -2.426757683879423766e+01 3.571921886571919913e+02 -6.335695139419726729e+01 -3.964339998362964934e+01 -9.686411446070044562e+00 -1.082029545463189208e+02 -1.414357040309835725e+02 9.561611785265165864e+00 -5.000000000000000000e+02 -3.000000000000000000e+02 -1.500000000000000000e+01
-6.000000000000000000e+02 -4.000000000000000000e+02 -1.500000000000000000e+01 -1.113677490271611106e+02 -1.391865201490610104e+02 -3.609518007033868159e+00 -1.260306603728988932e+02 -1.385738220697318184e+02 2.976031611798879908e+02 -9.051335528277405729e+01 -1.500473718905184910e+02 -1.044002813741962754e+01 -4.645465886167683038e+02 -2.855945027875054620e+02 -2.448758877119875876e+02 -4.841034290940400524e+02 -2.941651206494282746e+02 -3.325724358411931121e+02 -5.000000000000000000e+02 -3.000000000000000000e+02 -1.500000000000000000e+01
-6.000000000000000000e+02 -4.000000000000000000e+02 -1.500000000000000000e+01 5.899570719787443096e+01 1.787193749588539049e+01 -1.500000000000000000e+01 -1.287689116610788176e+02 -1.298231564293540430e+02 -1.500000000000000000e+01 -9.051335528277405729e+01 -1.500473718905184910e+02 -1.500000000000000000e+01 -6.034012108333000413e+01 -2.673175947390372542e+01 -1.500000000000000000e+01 -1.082029545463189208e+02 -1.411881063754462104e+02 -1.500000000000000000e+01 -5.000000000000000000e+02 -3.000000000000000000e+02 -1.500000000000000000e+01
-6.000000000000000000e+02 -4.000000000000000000e+02 -1.500000000000000000e+01 -3.974390040937689150e+02 -2.445187067661413494e+02 3.959159234038047543e+02 -1.331131906360065500e+02 -1.307838264264815962e+02 -2.461250349141283067e+01 -1.084314299542153321e+02 -1.435081275458392156e+02 -1.599776583997557466e+01 -1.372801820915385065e+02 -8.607285916681557580e+01 -1.089640140114826039e+01 -1.082029545463189208e+02 -1.411881063754462104e+02 1.251797047119000617e+01 -5.000000000000000000e+02 -3.000000000000000000e+02 -1.500000000000000000e+01
-6.000000000000000000e+02 -4.000000000000000000e+02 -1.500000000000000000e+01 -1.113677490271611106e+02 -1.391865201490610104e+02 -3.609518007033868159e+00 -1.229485347749681949e+02 -1.250743745960793376e+02 8.157640379725381763e+02 -9.051335528277405729e+01 -1.500473718905184910e+02 -1.044002813741962754e+01 -5.586819986259304471e+01 -2.501831721219753035e+01 -6.067740763347988064e+00 1.198783661029524552e+02 1.081437905610760453e+01 -1.126715591674181205e+01 -5.000000000000000000e+02 -3.000000000000000000e+02 -1.500000000000000000e+01
-6.000000000000000000e+02 -4.000000000000000000e+02 -1.500000000000000000e+01 5.899570719787443096e+01 1.787193749588539049e+01 -5.420592250812209159e+02 -1.260306603728988932e+02 -1.385738220697318184e+02 2.976031611798879908e+02 -5.562640507714203153e+01 -2.426757683879423766e+01 3.571921886571919913e+02 1.768409088568212155e+02 -5.432264619793954807e+00 -6.504660897521882035e+00 1.304757464393737223e+02 1.081437905610760453e+01 -3.102039782767167964e+01 -5.000000000000000000e+02 -3.000000000000000000e+02 -1.500000000000000000e+01
-6.000000000000000000e+02 -4.000000000000000000e+02 -1.500000000000000000e+01 -1.113677490271611106e+02 -1.391865201490610104e+02 -3.609518007033868159e+00 -1.229485347749681949e+02 -1.250743745960793376e+02 8.157640379725381763e+02 -9.051335528277405729e+01 -1.500473718905184910e+02 -1.044002813741962754e+01 -5.586819986259304471e+01 -2.501831721219753035e+01 -6.067740763347988064e+00 -4.876683290009038387e+02 -2.869797806003584810e+02 -9.770285145604244548e+00 -5.000000000000000000e+02 -3.000000000000000000e+02 -1.500000000000000000e+01
-6.000000000000000000e+02 -4.000000000000000000e+02 -1.500000000000000000e+01 -1.120260742339617224e+02 -1.406313375542397353e+02 -3.609518007033868159e+00 -1.287689116610788176e+02 -1.298231564293540430e+02 -2.461250349141283067e+01 -9.051335528277405729e+01 -1.500473718905184910e+02 -1.044002813741962754e+01 -5.586819986259304471e+01 -2.501831721219753035e+01 -6.067740763347988064e+00 -4.876683290009038387e+02 -2.869797806003584810e+02 -9.770285145604244548e+00 -5.000000000000000000e+02 -3.000000000000000000e+02 -1.500000000000000000e+01
-6.000000000000000000e+02 -4.000000000000000000e+02 -1.500000000000000000e+01 5.672051196036863274e+01 1.787193749588539049e+01 -5.600873485589852407e+02 -4.927138008381564305e+01 3.731663013558415543e+01 -1.588521783978698032e+00 -5.926473973413476415e+01 -2.426757683879423766e+01 3.774656209610262749e+02 -6.306837049817782770e+01 -3.964339998362964934e+01 3.063543675110800280e+00 -1.061969130596762056e+02 -1.390825524753292655e+02 -3.643333662256151229e+02 -5.000000000000000000e+02 -3.000000000000000000e+02 -1.500000000000000000e+01
-6.000000000000000000e+02 -4.000000000000000000e+02 -1.500000000000000000e+01 5.899570719787443096e+01 1.583369709413495485e+01 -5.420592250812209159e+02 8.029367697739483845e+01 -3.076958426774328004e+01 4.824272291526573220e+00 -4.191269482414954339e+00 -6.734790884884835904e+00 -1.710645748515037212e+01 -6.034012108333000413e+01 -2.673175947390372542e+01 -8.668686860048722131e-01 -1.082029545463189208e+02 -1.411881063754462104e+02 1.251797047119000617e+01 -5.000000000000000000e+02 -3.000000000000000000e+02 -1.500000000000000000e+01
-6.000000000000000000e+02 -4.000000000000000000e+02 -1.500000000000000000e+01 -3.974390040937689150e+02 -2.445187067661413494e+02 3.959159234038047543e+02 -1.331131906360065500e+02 -1.307838264264815962e+02 -2.461250349141283067e+01 -1.084314299542153321e+02 -1.435081275458392156e+02 -1.599776583997557466e+01 -1.372801820915385065e+02 -8.607285916681557580e+01 -1.089640140114826039e+01 -9.822308354691126908e+01 -1.532629846438672985e+02 -4.364225381732145692e+00 -5.000000000000000000e+02 -3.000000000000000000e+02 -1.500000000000000000e+01
-6.000000000000000000e+02 -4.000000000000000000e+02 -1.500000000000000000e+01 -1.113677490271611106e+02 -1.391865201490610104e+02 -3.609518007033868159e+00 -1.229485347749681949e+02 -1.250743745960793376e+02 8.157640379725381763e+02 -9.051335528277405729e+01 -1.500473718905184910e+02 -1.044002813741962754e+01 -5.586819986259304471e+01 -2.501831721219753035e+01 -2.013693393369710094e+00 -4.876683290009038387e+02 -2.869797806003584810e+02 -9.770285145604244548e+00 -5.000000000000000000e+02 -3.000000000000000000e+02 -1.500000000000000000e+01
-6.000000000000000000e+02 -4.000000000000000000e+02 -1.500000000000000000e+01 5.848054723990333059e+01 1.748651240925638106e+01 -1.118415818997744893e+01 -1.229485347749681949e+02 -1.250743745960793376e+02 8.157640379725381763e+02 -9.051335528277405729e+01 -1.500473718905184910e+02 -1.044002813741962754e+01 -1.250497193322217271e+01 -1.486447302972712521e+02 -1.703081978638000038e+00 -1.082029545463189208e+02 -1.411881063754462104e+02 1.251797047119000617e+01 -5.000000000000000000e+02 -3.000000000000000000e+02 -1.500000000000000000e+01
-6.000000000000000000e+02 -4.000000000000000000e+02 -1.500000000000000000e+01 -3.974390040937689150e+02 -2.445187067661413494e+02 3.959159234038047543e+02 -1.331131906360065500e+02 -1.307838264264815962e+02 -2.461250349141283067e+01 -1.084314299542153321e+02 -1.435081275458392156e+02 -1.599776583997557466e+01 -1.372801820915385065e+02 -8.607285916681557580e+01 -1.089640140114826039e+01 -1.133701135357161576e+02 -1.549758523096013789e+02 -1.867980311719516706e+01 -5.000000000000000000e+02 -3.000000000000000000e+02 -1.500000000000000000e+01
-6.000000000000000000e+02 -4.000000000000000000e+02 -1.500000000000000000e+01 5.899570719787443096e+01 1.583369709413495485e+01 -5.420592250812209159e+02 -1.229485347749681949e+02 -1.250743745960793376e+02 8.157640379725381763e+02 -9.051335528277405729e+01 -1.500473718905184910e+02 -1.044002813741962754e+01 -6.034012108333000413e+01 -2.673175947390372542e+01 -8.668686860048722131e-01 -1.082029545463189208e+02 -1.411881063754462104e+02 1.251797047119000617e+01 -5.000000000000000000e+02 -3.000000000000000000e+02 -1.500000000000000000e+01
-6.000000000000000000e+02 -4.000000000000000000e+02 -1.500000000000000000e+01 -1.113677490271611106e+02 -1.385978261856853919e+02 -3.609518007033868159e+00 -1.229485347749681949e+02 -1.250743745960793376e+02 8.157640379725381763e+02 -9.051335528277405729e+01 -1.500473718905184910e+02 -1.044002813741962754e+01 -5.586819986259304471e+01 -2.501831721219753035e+01 -6.067740763347988064e+00 1.220967984625164036e+02 1.081437905610760453e+01 -1.383979532223222364e+01 -5.000000000000000000e+02 -3.000000000000000000e+02 -1.500000000000000000e+01
-6.000000000000000000e+02 -4.000000000000000000e+02 -1.500000000000000000e+01 5.848054723990333059e+01 1.748651240925638106e+01 -1.118415818997744893e+01 7.708938622138754226e+01 -3.076958426774328004e+01 -2.802845006443127618e-01 -7.149824891340031741e+00 -6.734790884884835904e+00 -1.710645748515037212e+01 -5.586819986259304471e+01 -2.501831721219753035e+01 -6.067740763347988064e+00 -1.082029545463189208e+02 -1.411881063754462104e+02 1.251797047119000617e+01 -5.000000000000000000e+02 -3.000000000000000000e+02 -1.500000000000000000e+01
-6.000000000000000000e+02 -4.000000000000000000e+02 -1.500000000000000000e+01 -3.974390040937689150e+02 -2.435228585215492672e+02 4.046277268295937120e+02 -1.287689116610788176e+02 -1.298231564293540430e+02 -2.461250349141283067e+01 -9.051335528277405729e+01 -1.500473718905184910e+02 -1.044002813741962754e+01 -1.250497193322217271e+01 -1.486447302972712521e+02 -1.703081978638000038e+00 -1.082029545463189208e+02 -1.411881063754462104e+02 1.251797047119000617e+01 -5.000000000000000000e+02 -3.000000000000000000e+02 -1.500000000000000000e+01
-6.000000000000000000e+02 -4.000000000000000000e+02 -1.500000000000000000e+01 -1.120260742339617224e+02 -1.406313375542397353e+02 -3.609518007033868159e+00 -1.146710610466407871e+02 -1.385738220697318184e+02 2.994454472236871538e+02 -1.168024040040015166e+02 -1.435081275458392156e+02 -1.339430664995831144e+01 -1.372801820915385065e+02 -8.607285916681557580e+01 -1.089640140114826039e+01 -9.822308354691126908e+01 -1.532629846438672985e+02 -4.364225381732145692e+00 -5.000000000000000000e+02 -3.000000000000000000e+02 -1.500000000000000000e+01
-6.000000000000000000e+02 -4.000000000000000000e+02 -1.500000000000000000e+01 -1.083116560684446483e+02 -1.391865201490610104e+02 -6.109576741354042717e+00 -1.146710610466407871e+02 -1.385738220697318184e+02 2.994454472236871538e+02 -9.051335528277405729e+01 -1.500473718905184910e+02 -1.044002813741962754e+01 -5.586819986259304471e+01 -2.501831721219753035e+01 -6.067740763347988064e+00 1.277860907605809473e+02 1.081437905610760453e+01 -2.008498278892384548e+01 -5.000000000000000000e+02 -3.000000000000000000e+02 -1.500000000000000000e+01
-6.000000000000000000e+02 -4.000000000000000000e+02 -1.500000000000000000e+01 -1.113677490271611106e+02 -1.391865201490610104e+02 -3.609518007033868159e+00 -1.287689116610788176e+02 -1.298231564293540430e+02 -2.461250349141283067e+01 -1.065714289566107027e+02 -1.435081275458392156e+02 -1.339430664995831144e+01 -4.645465886167683038e+02 -2.855945027875054620e+02 -2.448758877119875876e+02 -4.826160197100961682e+02 -2.932372115086109261e+02 -3.280340185822945500e+02 -5.000000000000000000e+02 -3.000000000000000000e+02 -1.500000000000000000e+01
-6.000000000000000000e+02 -4.000000000000000000e+02 -1.500000000000000000e+01 5.848054723990333059e+01 1.748651240925638106e+01 -1.118415818997744893e+01 7.708938622138754226e+01 -3.076958426774328004e+01 -2.802845006443127618e-01 -9.051335528277405729e+01 -1.500473718905184910e+02 -1.044002813741962754e+01 -5.895691640230720054e+01 -2.673175947390372542e+01 -8.668686860048722131e-01 -1.076996392662011033e+02 -1.414357040309835725e+02 9.561611785265165864e+00 -5.000000000000000000e+02 -3.000000000000000000e+02 -1.500000000000000000e+01
-6.000000000000000000e+02 -4.000000000000000000e+02 -1.500000000000000000e+01 5.874996380644604699e+01 1.787193749588539049e+01 -5.455324249542876487e+02 -4.927138008381564305e+01 3.883809776654246804e+01 -7.865365505651272571e+00 -5.926473973413476415e+01 -2.426757683879423766e+01 3.741002754964508767e+02 -6.335695139419726729e+01 -3.964339998362964934e+01 -9.686411446070044562e+00 -1.082029545463189208e+02 -1.411881063754462104e+02 1.251797047119000617e+01 -5.000000000000000000e+02 -3.000000000000000000e+02 -1.500000000000000000e+01
-6.000000000000000000e+02 -4.000000000000000000e+02 -1.500000000000000000e+01 5.899570719787443096e+01 1.787193749588539049e+01 -5.420592250812209159e+02 -1.146710610466407871e+02 -1.385738220697318184e+02 2.994454472236871538e+02 -9.051335528277405729e+01 -1.500473718905184910e+02 -1.044002813741962754e+01 -5.586819986259304471e+01 -2.501831721219753035e+01 -6.067740763347988064e+00 1.277860907605809473e+02 1.081437905610760453e+01 -2.232438524464520668e+01 -5.000000000000000000e+02 -3.000000000000000000e+02 -1.500000000000000000e+01
-6.000000000000000000e+02 -4.000000000000000000e+02 -1.500000000000000000e+01 -1.083116560684446483e+02 -1.391865201490610104e+02 -6.109576741354042717e+00 -1.146710610466407871e+02 -1.385738220697318184e+02 2.994454472236871538e+02 -5.882192433620982541e+01 -2.426757683879423766e+01 3.571921886571919913e+02 1.768409088568212155e+02 -5.432264619793954807e+00 -6.504660897521882035e+00 -4.876683290009038387e+02 -2.856350909216561718e+02 4.880178514687841584e+00 -5.000000000000000000e+02 -3.000000000000000000e+02 -1.500000000000000000e+01
-6.000000000000000000e+02 -4.000000000000000000e+02 -1.500000000000000000e+01 -1.113677490271611106e+02 -1.391865201490610104e+02 -3.609518007033868159e+00 -1.146710610466407871e+02 -1.385738220697318184e+02 2.994454472236871538e+02 -9.051335528277405729e+01 -1.500473718905184910e+02 -1.044002813741962754e+01 -5.586819986259304471e+01 -2.501831721219753035e+01 -6.067740763347988064e+00 -4.899796476851547595e+02 -2.801621746710246157e+02 -6.413357356239860110e+02 -5.000000000000000000e+02 -3.000000000000000000e+02 -1.500000000000000000e+01
-6.000000000000000000e+02 -4.000000000000000000e+02 -1.500000000000000000e+01 -1.113677490271611106e+02 -1.391865201490610104e+02 -3.609518007033868159e+00 -1.287689116610788176e+02 -1.298231564293540430e+02 -2.461250349141283067e+01 -9.051335528277405729e+01 -1.500473718905184910e+02 -1.044002813741962754e+01 -6.034012108333000413e+01 -2.673175947390372542e+01 -8.668686860048722131e-01 -4.795959652107983970e+02 -2.849705694825622118e+02 -7.668774167358002103e+00 -5.000000000000000000e+02 -3.000000000000000000e+02 -1.500000000000000000e+01
-6.000000000000000000e+02 -4.000000000000000000e+02 -1.500000000000000000e+01 5.848054723990333059e+01 1.513711861561597516e+01 -4.362346004555912593e+00 -1.389301702219715935e+02 -9.040647793285413059e+01 -3.909783058627555263e+00 -9.051335528277405729e+01 -1.500473718905184910e+02 -1.044002813741962754e+01 -5.586819986259304471e+01 -2.501831721219753035e+01 -6.067740763347988064e+00 -1.082029545463189208e+02 -1.411881063754462104e+02 1.251797047119000617e+01 -5.000000000000000000e+02 -3.000000000000000000e+02 -1.500000000000000000e+01
-6.000000000000000000e+02 -4.000000000000000000e+02 -1.500000000000000000e+01 5.899570719787443096e+01 1.583369709413495485e+01 -5.420592250812209159e+02 8.029367697739483845e+01 -3.076958426774328004e+01 4.824272291526573220e+00 -4.191269482414954339e+00 -6.734790884884835904e+00 -1.710645748515037212e+01 -6.030915148521408753e+01 -2.455058894408472980e+01 -2.566050493967923174e+00 -1.082029545463189208e+02 -1.411881063754462104e+02 1.251797047119000617e+01 -5.000000000000000000e+02 -3.000000000000000000e+02 -1.500000000000000000e+01
-6.000000000000000000e+02 -4.000000000000000000e+02 -1.500000000000000000e+01 5.756437438055363600e+02 1.089617993515857250e+02 -1.545392401796324977e+00 8.029367697739483845e+01 -3.076958426774328004e+01 4.824272291526573220e+00 -7.149824891340031741e+00 -6.734790884884835904e+00 -1.710645748515037212e+01 1.768409088568212155e+02 -5.432264619793954807e+00 -6.504660897521882035e+00 -4.841034290940400524e+02 -2.926274959442039290e+02 -3.343021240068942461e+02 -5.000000000000000000e+02 -3.000000000000000000e+02 -1.500000000000000000e+01
-6.000000000000000000e+02 -4.000000000000000000e+02 -1.500000000000000000e+01 -3.974390040937689150e+02 -2.435228585215492672e+02 4.046277268295937120e+02 -1.229485347749681949e+02 -1.250743745960793376e+02 8.157640379725381763e+02 -9.051335528277405729e+01 -1.500473718905184910e+02 -1.044002813741962754e+01 -1.250497193322217271e+01 -1.486447302972712521e+02 -1.703081978638000038e+00 -1.076996392662011033e+02 -1.414357040309835725e+02 1.645693832526980316e+01 -5.000000000000000000e+02 -3.000000000000000000e+02 -1.500000000000000000e+01
-6.000000000000000000e+02 -4.000000000000000000e+02 -1.500000000000000000e+01 5.899570719787443096e+01 1.787193749588539049e+01 -5.420592250812209159e+02 -1.146710610466407871e+02 -1.385738220697318184e+02 2.994454472236871538e+02 -5.562640507714203153e+01 -2.426757683879423766e+01 3.571921886571919913e+02 1.768409088568212155e+02 -5.432264619793954807e+00 -6.504660897521882035e+00 1.304757464393737223e+02 1.081437905610760453e+01 -3.102039782767167964e+01 -5.000000000000000000e+02 -3.000000000000000000e+02 -1.500000000000000000e+01
-6.000000000000000000e+02 -4.000000000000000000e+02 -1.500000000000000000e+01 -1.113677490271611106e+02 -1.391865201490610104e+02 -3.609518007033868159e+00 -1.229485347749681949e+02 -1.250743745960793376e+02 8.157640379725381763e+02 -9.051335528277405729e+01 -1.500473718905184910e+02 -1.044002813741962754e+01 -6.034012108333000413e+01 -2.673175947390372542e+01 -8.668686860048722131e-01 -4.795959652107983970e+02 -2.849705694825622118e+02 -7.668774167358002103e+00 -5.000000000000000000e+02 -3.000000000000000000e+02 -1.500000000000000000e+01
-6.000000000000000000e+02 -4.000000000000000000e+02 -1.500000000000000000e+01 -3.930551003259956246e+02 -2.462932588973446570e+02 4.046277268295937120e+02 8.029367697739483845e+01 -3.076958426774328004e+01 -1.762196509011828560e+00 -4.191269482414954339e+00 -6.734790884884835904e+00 -1.710645748515037212e+01 -6.030915148521408753e+01 -2.455058894408472980e+01 -2.566050493967923174e+00 1.220967984625164036e+02 1.081437905610760453e+01 -1.383979532223222364e+01 -5.000000000000000000e+02 -3.000000000000000000e+02 -1.500000000000000000e+01
-6.000000000000000000e+02 -4.000000000000000000e+02 -1.500000000000000000e+01 5.848054723990333059e+01 1.513711861561597516e+01 -6.960774809947988473e+00 -1.260306603728988932e+02 -1.385738220697318184e+02 2.976031611798879908e+02 -5.562640507714203153e+01 -2.426757683879423766e+01 3.571921886571919913e+02 1.768409088568212155e+02 -5.432264619793954807e+00 -6.504660897521882035e+00 1.304757464393737223e+02 1.081437905610760453e+01 -3.102039782767167964e+01 -5.000000000000000000e+02 -3.000000000000000000e+02 -1.500000000000000000e+01
-6.000000000000000000e+02 -4.000000000000000000e+02 -1.500000000000000000e+01 -3.974390040937689150e+02 -2.445187067661413494e+02 3.959159234038047543e+02 -1.335666376682026737e+02 -1.385738220697318184e+02 2.976031611798879908e+02 -1.084314299542153321e+02 -1.435081275458392156e+02 -1.599776583997557466e+01 -1.372801820915385065e+02 -8.607285916681557580e+01 -1.089640140114826039e+01 -1.133701135357161576e+02 -1.549758523096013789e+02 -1.867980311719516706e+01 -5.000000000000000000e+02 -3.000000000000000000e+02 -1.500000000000000000e+01
-6.000000000000000000e+02 -4.000000000000000000e+02 -1.500000000000000000e+01 -1.083116560684446483e+02 -1.391865201490610104e+02 -6.109576741354042717e+00 -1.146710610466407871e+02 -1.385738220697318184e+02 2.994454472236871538e+02 -9.051335528277405729e+01 -1.500473718905184910e+02 -1.044002813741962754e+01 -5.586819986259304471e+01 -2.501831721219753035e+01 -6.067740763347988064e+00 -4.924721735498316662e+02 -2.801621746710246157e+02 -6.413357356239860110e+02 -5.000000000000000000e+02 -3.000000000000000000e+02 -1.500000000000000000e+01
-6.000000000000000000e+02 -4.000000000000000000e+02 -1.500000000000000000e+01 5.899570719787443096e+01 1.583369709413495485e+01 -5.420592250812209159e+02 8.216705416092173664e+01 -3.076958426774328004e+01 -2.802845006443127618e-01 -9.051335528277405729e+01 -1.500473718905184910e+02 -1.044002813741962754e+01 -6.034012108333000413e+01 -2.673175947390372542e+01 -8.668686860048722131e-01 -1.082029545463189208e+02 -1.411881063754462104e+02 1.251797047119000617e+01 -5.000000000000000000e+02 -3.000000000000000000e+02 -1.500000000000000000e+01
-6.000000000000000000e+02 -4.000000000000000000e+02 -1.500000000000000000e+01 -1.113677490271611106e+02 -1.391865201490610104e+02 -3.609518007033868159e+00 7.597406782269872849e+01 -2.568616810403513639e+01 -2.802845006443127618e-01 -7.149824891340031741e+00 -6.372921591925373441e+00 -1.393901524830717165e+01 -5.586819986259304471e+01 -2.501831721219753035e+01 -1.053508957258995515e+00 -4.899796476851547595e+02 -2.801621746710246157e+02 -6.413357356239860110e+02 -5.000000000000000000e+02 -3.000000000000000000e+02 -1.500000000000000000e+01
-6.000000000000000000e+02 -4.000000000000000000e+02 -1.500000000000000000e+01 5.848054723990333059e+01 1.748651240925638106e+01 -1.118415818997744893e+01 -1.229485347749681949e+02 -1.250743745960793376e+02 8.157640379725381763e+02 -9.051335528277405729e+01 -1.500473718905184910e+02 -1.044002813741962754e+01 -6.034012108333000413e+01 -2.673175947390372542e+01 -8.668686860048722131e-01 -1.082029545463189208e+02 -1.411881063754462104e+02 1.251797047119000617e+01 -5.000000000000000000e+02 -3.000000000000000000e+02 -1.500000000000000000e+01
-6.000000000000000000e+02 -4.000000000000000000e+02 -1.500000000000000000e+01 -1.113677490271611106e+02 -1.391865201490610104e+02 -3.609518007033868159e+00 -1.146710610466407871e+02 -1.385738220697318184e+02 2.994454472236871538e+02 -5.562640507714203153e+01 -2.426757683879423766e+01 3.571921886571919913e+02 1.768409088568212155e+02 -5.432264619793954807e+00 -6.504660897521882035e+00 1.329295468820502606e+02 1.081437905610760453e+01 -2.236936518201819268e+01 -5.000000000000000000e+02 -3.000000000000000000e+02 -1.500000000000000000e+01
-6.000000000000000000e+02 -4.000000000000000000e+02 -1.500000000000000000e+01 5.899570719787443096e+01 1.787193749588539049e+01 -5.420592250812209159e+02 8.029367697739483845e+01 -3.076958426774328004e+01 4.824272291526573220e+00 -4.191269482414954339e+00 -6.734790884884835904e+00 -1.710645748515037212e+01 -6.030915148521408753e+01 -2.455058894408472980e+01 -2.566050493967923174e+00 -1.082029545463189208e+02 -1.411881063754462104e+02 1.251797047119000617e+01 -5.000000000000000000e+02 -3.000000000000000000e+02 -1.500000000000000000e+01
-6.000000000000000000e+02 -4.000000000000000000e+02 -1.500000000000000000e+01 -3.930551003259956246e+02 -2.462932588973446570e+02 4.046277268295937120e+02 8.029367697739483845e+01 -3.076958426774328004e+01 -1.762196509011828560e+00 -4.191269482414954339e+00 -6.734790884884835904e+00 -1.710645748515037212e+01 -6.030915148521408753e+01 -2.455058894408472980e+01 -2.566050493967923174e+00 1.277860907605809473e+02 1.081437905610760453e+01 -2.008498278892384548e+01 -5.000000000000000000e+02 -3.000000000000000000e+02 -1.500000000000000000e+01
-6.000000000000000000e+02 -4.000000000000000000e+02 -1.500000000000000000e+01 -1.158498674972099849e+02 -1.332601298622142849e+02 -3.609518007033868159e+00 -1.287689116610788176e+02 -1.298231564293540430e+02 -2.461250349141283067e+01 -2.671446350707869897e+02 -1.978511799818614634e+02 -2.167734852323500547e+02 -4.626854432995962156e+02 -2.812902090104615809e+02 -2.503858589685680442e+02 -4.841034290940400524e+02 -2.926274959442039290e+02 -3.343021240068942461e+02 -5.000000000000000000e+02 -3.000000000000000000e+02 -1.500000000000000000e+01
-6.000000000000000000e+02 -4.000000000000000000e+02 -1.500000000000000000e+01 -1.113677490271611106e+02 -1.391865201490610104e+02 -3.609518007033868159e+00 -1.260306603728988932e+02 -1.385738220697318184e+02 2.976031611798879908e+02 -5.882192433620982541e+01 -2.426757683879423766e+01 3.571921886571919913e+02 -5.586819986259304471e+01 -2.501831721219753035e+01 -2.013693393369710094e+00 -4.899796476851547595e+02 -2.801621746710246157e+02 -6.413357356239860110e+02 -5.000000000000000000e+02 -3.000000000000000000e+02 -1.500000000000000000e+01
-6.000000000000000000e+02 -4.000000000000000000e+02 -1.500000000000000000e+01 -1.083116560684446483e+02 -1.391865201490610104e+02 -6.109576741354042717e+00 -1.146710610466407871e+02 -1.385738220697318184e+02 2.994454472236871538e+02 -5.908354215376002116e+01 -2.426757683879423766e+01 -4.616743663566712712e+02 -5.586819986259304471e+01 -2.501831721219753035e+01 -6.067740763347988064e+00 -4.924721735498316662e+02 -2.801621746710246157e+02 -6.413357356239860110e+02 -5.000000000000000000e+02 -3.000000000000000000e+02 -1.500000000000000000e+01
-6.000000000000000000e+02 -4.000000000000000000e+02 -1.500000000000000000e+01 5.899570719787443096e+01 1.583369709413495485e+01 -5.420592250812209159e+02 -1.146710610466407871e+02 -1.385738220697318184e+02 2.994454472236871538e+02 -5.562640507714203153e+01 -2.426757683879423766e+01 3.571921886571919913e+02 1.768409088568212155e+02 -5.432264619793954807e+00 -6.504660897521882035e+00 1.304757464393737223e+02 1.081437905610760453e+01 -3.102039782767167964e+01 -5.000000000000000000e+02 -3.000000000000000000e+02 -1.500000000000000000e+01
-6.000000000000000000e+02 -4.000000000000000000e+02 -1.500000000000000000e+01 -1.113677490271611106e+02 -1.391865201490610104e+02 -3.609518007033868159e+00 -1.287689116610788176e+02 -1.298231564293540430e+02 -2.461250349141283067e+01 -9.051335528277405729e+01 -1.500473718905184910e+02 -1.044002813741962754e+01 -4.645465886167683038e+02 -2.855945027875054620e+02 -2.448758877119875876e+02 -4.826160197100961682e+02 -2.932372115086109261e+02 -3.280340185822945500e+02 -5.000000000000000000e+02 -3.000000000000000000e+02 -1.500000000000000000e+01
-6.000000000000000000e+02 -4.000000000000000000e+02 -1.500000000000000000e+01 5.848054723990333059e+01 1.513711861561597516e+01 -4.362346004555912593e+00 -1.389301702219715935e+02 -9.040647793285413059e+01 -3.909783058627555263e+00 -9.051335528277405729e+01 -1.500473718905184910e+02 -1.044002813741962754e+01 -5.586819986259304471e+01 -2.501831721219753035e+01 -2.013693393369710094e+00 1.220967984625164036e+02 1.081437905610760453e+01 -1.383979532223222364e+01 -5.000000000000000000e+02 -3.000000000000000000e+02 -1.500000000000000000e+01
-6.000000000000000000e+02 -4.000000000000000000e+02 -1.500000000000000000e+01 5.756437438055363600e+02 1.089617993515857250e+02 -1.545392401796324977e+00 7.708938622138754226e+01 -3.076958426774328004e+01 -2.802845006443127618e-01 -7.149824891340031741e+00 -6.734790884884835904e+00 -1.710645748515037212e+01 1.768409088568212155e+02 -5.432264619793954807e+00 -6.504660897521882035e+00 1.277860907605809473e+02 1.081437905610760453e+01 -2.008498278892384548e+01 -5.000000000000000000e+02 -3.000000000000000000e+02 -1.500000000000000000e+01
-6.000000000000000000e+02 -4.000000000000000000e+02 -1.500000000000000000e+01 5.899570719787443096e+01 1.787193749588539049e+01 -5.420592250812209159e+02 -1.229485347749681949e+02 -1.250743745960793376e+02 8.157640379725381763e+02 -9.051335528277405729e+01 -1.500473718905184910e+02 -1.044002813741962754e+01 -1.250497193322217271e+01 -1.486447302972712521e+02 -1.703081978638000038e+00 -1.082029545463189208e+02 -1.411881063754462104e+02 1.251797047119000617e+01 -5.000000000000000000e+02 -3.000000000000000000e+02 -1.500000000000000000e+01
-6.000000000000000000e+02 -4.000000000000000000e+02 -1.500000000000000000e+01 -1.113677490271611106e+02 -1.474535308967089691e+02 -3.609518007033868159e+00 -1.335666376682026737e+02 -1.516467697082163966e+02 3.073821885889481109e+02 -2.661109791246960867e+02 -1.978511799818614634e+02 -2.164717458979251887e+02 -4.626854432995962156e+02 -2.902319180309273747e+02 -2.503858589685680442e+02 -4.841034290940400524e+02 -2.941651206494282746e+02 -3.325724358411931121e+02 -5.000000000000000000e+02 -3.000000000000000000e+02 -1.500000000000000000e+01
-6.000000000000000000e+02 -4.000000000000000000e+02 -1.500000000000000000e+01 5.672051196036863274e+01 1.787193749588539049e+01 -5.455324249542876487e+02 -4.927138008381564305e+01 3.759367148677677051e+01 -7.865365505651272571e+00 -5.926473973413476415e+01 -2.426757683879423766e+01 3.741002754964508767e+02 -6.335695139419726729e+01 -3.964339998362964934e+01 -9.686411446070044562e+00 -1.082029545463189208e+02 -1.411881063754462104e+02 1.251797047119000617e+01 -5.000000000000000000e+02 -3.000000000000000000e+02 -1.500000000000000000e+01
-6.000000000000000000e+02 -4.000000000000000000e+02 -1.500000000000000000e+01 -1.120260742339617224e+02 -1.406313375542397353e+02 -3.609518007033868159e+00 -1.287689116610788176e+02 -1.298231564293540430e+02 -2.461250349141283067e+01 -9.051335528277405729e+01 -1.500473718905184910e+02 -1.044002813741962754e+01 -1.299403694036224124e+02 -7.905369831557054283e+01 -2.142368233970276492e+01 -4.841034290940400524e+02 -2.941651206494282746e+02 -3.325724358411931121e+02 -5.000000000000000000e+02 -3.000000000000000000e+02 -1.500000000000000000e+01
-6.000000000000000000e+02 -4.000000000000000000e+02 -1.500000000000000000e+01 -1.158498674972099849e+02 -1.332601298622142849e+02 -3.609518007033868159e+00 -1.287689116610788176e+02 -1.298231564293540430e+02 -2.461250349141283067e+01 -1.065714289566107027e+02 -1.435081275458392156e+02 -1.339430664995831144e+01 -1.372801820915385065e+02 -8.607285916681557580e+01 -1.089640140114826039e+01 -4.899796476851547595e+02 -2.801621746710246157e+02 -6.413357356239860110e+02 -5.000000000000000000e+02 -3.000000000000000000e+02 -1.500000000000000000e+01
-6.000000000000000000e+02 -4.000000000000000000e+02 -1.500000000000000000e+01 -1.120260742339617224e+02 -1.406313375542397353e+02 -3.609518007033868159e+00 -1.229485347749681949e+02 -1.250743745960793376e+02 8.157640379725381763e+02 -9.051335528277405729e+01 -1.500473718905184910e+02 -1.044002813741962754e+01 -5.586819986259304471e+01 -2.501831721219753035e+01 -6.067740763347988064e+00 -4.899796476851547595e+02 -2.801621746710246157e+02 -6.413357356239860110e+02 -5.000000000000000000e+02 -3.000000000000000000e+02 -1.500000000000000000e+01
-6.000000000000000000e+02 -4.000000000000000000e+02 -1.500000000000000000e+01 -1.120260742339617224e+02 -1.406313375542397353e+02 -3.609518007033868159e+00 -1.260306603728988932e+02 -1.385738220697318184e+02 2.976031611798879908e+02 -9.051335528277405729e+01 -1.500473718905184910e+02 -1.044002813741962754e+01 -6.034012108333000413e+01 -2.673175947390372542e+01 -8.668686860048722131e-01 -4.795959652107983970e+02 -2.849705694825622118e+02 -7.668774167358002103e+00 -5.000000000000000000e+02 -3.000000000000000000e+02 -1.500000000000000000e+01
-6.000000000000000000e+02 -4.000000000000000000e+02 -1.500000000000000000e+01 -3.930551003259956246e+02 -2.462932588973446570e+02 4.046277268295937120e+02 -1.229485347749681949e+02 -1.250743745960793376e+02 8.157640379725381763e+02 -9.051335528277405729e+01 -1.500473718905184910e+02 -1.044002813741962754e+01 -6.495882986669708536e+00 -1.486447302972712521e+02 -1.703081978638000038e+00 -1.076996392662011033e+02 -1.414357040309835725e+02 9.561611785265165864e+00 -5.000000000000000000e+02 -3.000000000000000000e+02 -1.500000000000000000e+01
-6.000000000000000000e+02 -4.000000000000000000e+02 -1.500000000000000000e+01 5.756437438055363600e+02 1.089617993515857250e+02 -1.545392401796324977e+00 -1.260306603728988932e+02 -1.385738220697318184e+02 2.976031611798879908e+02 -5.562640507714203153e+01 -2.426757683879423766e+01 3.571921886571919913e+02 1.768409088568212155e+02 -5.432264619793954807e+00 -6.504660897521882035e+00 1.277860907605809473e+02 1.081437905610760453e+01 -2.008498278892384548e+01 -5.000000000000000000e+02 -3.000000000000000000e+02 -1.500000000000000000e+01
-6.000000000000000000e+02 -4.000000000000000000e+02 -1.500000000000000000e+01 5.899570719787443096e+01 1.787193749588539049e+01 -5.420592250812209159e+02 -1.229485347749681949e+02 -1.250743745960793376e+02 8.157640379725381763e+02 -9.051335528277405729e+01 -1.500473718905184910e+02 -1.044002813741962754e+01 -5.586819986259304471e+01 -2.501831721219753035e+01 -2.013693393369710094e+00 1.277860907605809473e+02 1.081437905610760453e+01 -2.008498278892384548e+01 -5.000000000000000000e+02 -3.000000000000000000e+02 -1.500000000000000000e+01
-6.000000000000000000e+02 -4.000000000000000000e+02 -1.500000000000000000e+01 5.927432514107447332e+02 1.089617993515857250e+02 -2.905968094458519779e+00 -1.146710610466407871e+02 -1.385738220697318184e+02 2.994454472236871538e+02 -5.882192433620982541e+01 -2.426757683879423766e+01 3.571921886571919913e+02 1.768409088568212155e+02 -5.432264619793954807e+00 -6.504660897521882035e+00 -4.841034290940400524e+02 -2.926274959442039290e+02 -3.343021240068942461e+02 -5.000000000000000000e+02 -3.000000000000000000e+02 -1.500000000000000000e+01
-6.000000000000000000e+02 -4.000000000000000000e+02 -1.500000000000000000e+01 5.899570719787443096e+01 1.787193749588539049e+01 -5.420592250812209159e+02 8.029367697739483845e+01 -3.076958426774328004e+01 4.824272291526573220e+00 -4.191269482414954339e+00 -6.734790884884835904e+00 -1.710645748515037212e+01 -5.895691640230720054e+01 -2.673175947390372542e+01 -8.668686860048722131e-01 -1.082029545463189208e+02 -1.411881063754462104e+02 1.251797047119000617e+01 -5.000000000000000000e+02 -3.000000000000000000e+02 -1.500000000000000000e+01
-6.000000000000000000e+02 -4.000000000000000000e+02 -1.500000000000000000e+01 5.899570719787443096e+01 1.583369709413495485e+01 -5.420592250812209159e+02 8.029367697739483845e+01 -3.076958426774328004e+01 4.824272291526573220e+00 -4.191269482414954339e+00 -6.734790884884835904e+00 -1.710645748515037212e+01 -5.895691640230720054e+01 -2.673175947390372542e+01 -8.668686860048722131e-01 -1.082029545463189208e+02 -1.411881063754462104e+02 1.251797047119000617e+01 -5.000000000000000000e+02 -3.000000000000000000e+02 -1.500000000000000000e+01
-6.000000000000000000e+02 -4.000000000000000000e+02 -1.500000000000000000e+01 5.756437438055363600e+02 1.089617993515857250e+02 -1.545392401796324977e+00 -1.146710610466407871e+02 -1.385738220697318184e+02 2.994454472236871538e+02 -5.562640507714203153e+01 -2.426757683879423766e+01 3.571921886571919913e+02 1.768409088568212155e+02 -5.432264619793954807e+00 -6.504660897521882035e+00 1.277860907605809473e+02 1.081437905610760453e+01 -2.008498278892384548e+01 -5.000000000000000000e+02 -3.000000000000000000e+02 -1.500000000000000000e+01
-6.000000000000000000e+02 -4.000000000000000000e+02 -1.500000000000000000e+01 5.756437438055363600e+02 1.089617993515857250e+02 -1.545392401796324977e+00 -1.260306603728988932e+02 -1.385738220697318184e+02 2.976031611798879908e+02 -5.562640507714203153e+01 -2.426757683879423766e+01 3.571921886571919913e+02 1.768409088568212155e+02 -5.432264619793954807e+00 -6.504660897521882035e+00 -4.841034290940400524e+02 -2.926274959442039290e+02 -3.343021240068942461e+02 -5.000000000000000000e+02 -3.000000000000000000e+02 -1.500000000000000000e+01
-6.000000000000000000e+02 -4.000000000000000000e+02 -1.500000000000000000e+01 -1.120260742339617224e+02 -1.406313375542397353e+02 -3.609518007033868159e+00 -1.287689116610788176e+02 -1.298231564293540430e+02 -2.461250349141283067e+01 -2.671446350707869897e+02 -1.978511799818614634e+02 -2.167734852323500547e+02 -4.626854432995962156e+02 -2.812902090104615809e+02 -2.503858589685680442e+02 -4.841034290940400524e+02 -2.926274959442039290e+02 -3.343021240068942461e+02 -5.000000000000000000e+02 -3.000000000000000000e+02 -1.500000000000000000e+01
-6.000000000000000000e+02 -4.000000000000000000e+02 -1.500000000000000000e+01 -1.113677490271611106e+02 -1.391865201490610104e+02 -3.609518007033868159e+00 -1.229485347749681949e+02 -1.250743745960793376e+02 8.157640379725381763e+02 -9.051335528277405729e+01 -1.500473718905184910e+02 -1.044002813741962754e+01 -5.586819986259304471e+01 -2.501831721219753035e+01 -2.013693393369710094e+00 1.220967984625164036e+02 1.081437905610760453e+01 -1.383979532223222364e+01 -5.000000000000000000e+02 -3.000000000000000000e+02 -1.500000000000000000e+01
-6.000000000000000000e+02 -4.000000000000000000e+02 -1.500000000000000000e+01 -1.113677490271611106e+02 -1.375267527743624782e+02 -1.424097233401590934e+01 -1.229485347749681949e+02 -1.250743745960793376e+02 8.157640379725381763e+02 -9.051335528277405729e+01 -1.500473718905184910e+02 -1.044002813741962754e+01 -4.626854432995962156e+02 -2.812902090104615809e+02 -2.503858589685680442e+02 -4.841034290940400524e+02 -2.941651206494282746e+02 -3.325724358411931121e+02 -5.000000000000000000e+02 -3.000000000000000000e+02 -1.500000000000000000e+01
-6.000000000000000000e+02 -4.000000000000000000e+02 -1.500000000000000000e+01 5.899570719787443096e+01 1.787193749588539049e+01 -5.420592250812209159e+02 -1.287689116610788176e+02 -1.298231564293540430e+02 -2.461250349141283067e+01 -9.051335528277405729e+01 -1.500473718905184910e+02 -1.044002813741962754e+01 -1.250497193322217271e+01 -1.486447302972712521e+02 -1.703081978638000038e+00 -1.082029545463189208e+02 -1.411881063754462104e+02 1.251797047119000617e+01 -5.000000000000000000e+02 -3.000000000000000000e+02 -1.500000000000000000e+01
-6.000000000000000000e+02 -4.000000000000000000e+02 -1.500000000000000000e+01 5.756437438055363600e+02 1.089617993515857250e+02 -1.545392401796324977e+00 -1.260306603728988932e+02 -1.385738220697318184e+02 2.976031611798879908e+02 -5.562640507714203153e+01 -2.426757683879423766e+01 3.571921886571919913e+02 1.768409088568212155e+02 -5.432264619793954807e+00 -6.504660897521882035e+00 -1.082029545463189208e+02 -1.411881063754462104e+02 1.251797047119000617e+01 -5.000000000000000000e+02 -3.000000000000000000e+02 -1.500000000000000000e+01
-6.000000000000000000e+02 -4.000000000000000000e+02 -1.500000000000000000e+01 5.756437438055363600e+02 1.089617993515857250e+02 -1.545392401796324977e+00 -1.146710610466407871e+02 -1.385738220697318184e+02 2.994454472236871538e+02 -5.562640507714203153e+01 -2.426757683879423766e+01 3.571921886571919913e+02 1.768409088568212155e+02 -5.432264619793954807e+00 -6.504660897521882035e+00 -4.841034290940400524e+02 -2.926274959442039290e+02 -3.343021240068942461e+02 -5.000000000000000000e+02 -3.000000000000000000e+02 -1.500000000000000000e+01
-6.000000000000000000e+02 -4.000000000000000000e+02 -1.500000000000000000e+01 -1.120260742339617224e+02 -1.406313375542397353e+02 -3.609518007033868159e+00 -1.229485347749681949e+02 -1.250743745960793376e+02 8.157640379725381763e+02 -9.051335528277405729e+01 -1.500473718905184910e+02 -1.044002813741962754e+01 -6.034012108333000413e+01 -2.673175947390372542e+01 -8.668686860048722131e-01 -4.795959652107983970e+02 -2.849705694825622118e+02 -7.668774167358002103e+00 -5.000000000000000000e+02 -3.000000000000000000e+02 -1.500000000000000000e+01
-6.000000000000000000e+02 -4.000000000000000000e+02 -1.500000000000000000e+01 -3.930551003259956246e+02 -2.462932588973446570e+02 4.046277268295937120e+02 -1.229485347749681949e+02 -1.250743745960793376e+02 8.157640379725381763e+02 -9.051335528277405729e+01 -1.500473718905184910e+02 -1.044002813741962754e+01 -6.495882986669708536e+00 -1.486447302972712521e+02 -1.703081978638000038e+00 -1.076996392662011033e+02 -1.414357040309835725e+02 1.645693832526980316e+01 -5.000000000000000000e+02 -3.000000000000000000e+02 -1.500000000000000000e+01
-6.000000000000000000e+02 -4.000000000000000000e+02 -1.500000000000000000e+01 5.899570719787443096e+01 1.583369709413495485e+01 -5.420592250812209159e+02 8.029367697739483845e+01 -3.076958426774328004e+01 4.824272291526573220e+00 -4.191269482414954339e+00 -6.734790884884835904e+00 -1.710645748515037212e+01 -6.335695139419726729e+01 -4.218758888306782495e+01 -3.379983924013876262e+00 -1.082029545463189208e+02 -1.414357040309835725e+02 9.561611785265165864e+00 -5.000000000000000000e+02 -3.000000000000000000e+02 -1.500000000000000000e+01
-6.000000000000000000e+02 -4.000000000000000000e+02 -1.500000000000000000e+01 5.848054723990333059e+01 1.748651240925638106e+01 -1.118415818997744893e+01 7.708938622138754226e+01 -3.076958426774328004e+01 -2.802845006443127618e-01 -4.191269482414954339e+00 -6.734790884884835904e+00 -1.710645748515037212e+01 -6.030915148521408753e+01 -2.455058894408472980e+01 -2.566050493967923174e+00 -1.082029545463189208e+02 -1.411881063754462104e+02 1.251797047119000617e+01 -5.000000000000000000e+02 -3.000000000000000000e+02 -1.500000000000000000e+01
-6.000000000000000000e+02 -4.000000000000000000e+02 -1.500000000000000000e+01 -3.974390040937689150e+02 -2.435228585215492672e+02 4.046277268295937120e+02 -1.229485347749681949e+02 -1.250743745960793376e+02 8.157640379725381763e+02 -9.051335528277405729e+01 -1.500473718905184910e+02 -1.044002813741962754e+01 -1.250497193322217271e+01 -1.486447302972712521e+02 -1.703081978638000038e+00 -1.082029545463189208e+02 -1.411881063754462104e+02 1.251797047119000617e+01 -5.000000000000000000e+02 -3.000000000000000000e+02 -1.500000000000000000e+01
-6.000000000000000000e+02 -4.000000000000000000e+02 -1.500000000000000000e+01 5.927432514107447332e+02 1.089617993515857250e+02 -2.905968094458519779e+00 7.597406782269872849e+01 -2.568616810403513639e+01 -2.802845006443127618e-01 -7.149824891340031741e+00 -6.372921591925373441e+00 -1.393901524830717165e+01 -5.586819986259304471e+01 -2.501831721219753035e+01 -1.053508957258995515e+00 1.277860907605809473e+02 1.081437905610760453e+01 -2.232438524464520668e+01 -5.000000000000000000e+02 -3.000000000000000000e+02 -1.500000000000000000e+01
-6.000000000000000000e+02 -4.000000000000000000e+02 -1.500000000000000000e+01 -1.120260742339617224e+02 -1.406313375542397353e+02 -3.609518007033868159e+00 -1.287689116610788176e+02 -1.298231564293540430e+02 -2.461250349141283067e+01 -1.065714289566107027e+02 -1.435081275458392156e+02 -1.339430664995831144e+01 -4.626854432995962156e+02 -2.812902090104615809e+02 -2.503858589685680442e+02 -4.826160197100961682e+02 -2.932372115086109261e+02 -3.280340185822945500e+02 -5.000000000000000000e+02 -3.000000000000000000e+02 -1.500000000000000000e+01
-6.000000000000000000e+02 -4.000000000000000000e+02 -1.500000000000000000e+01 -3.930551003259956246e+02 -2.462932588973446570e+02 4.046277268295937120e+02 -1.257636460248010906e+02 -1.334544273423684899e+02 2.994454472236871538e+02 -1.084314299542153321e+02 -1.435081275458392156e+02 -1.303459848843537117e+01 -1.372801820915385065e+02 -8.607285916681557580e+01 -1.089640140114826039e+01 -9.822308354691126908e+01 -1.532629846438672985e+02 -4.364225381732145692e+00 -5.000000000000000000e+02 -3.000000000000000000e+02 -1.500000000000000000e+01
-6.000000000000000000e+02 -4.000000000000000000e+02 -1.500000000000000000e+01 5.848054723990333059e+01 1.748651240925638106e+01 -1.118415818997744893e+01 8.216705416092173664e+01 -3.076958426774328004e+01 -2.802845006443127618e-01 -5.266437571158861175e+01 -2.255204025451001826e+01 3.581157023645172899e+02 -6.306837049817782770e+01 -3.964339998362964934e+01 3.063543675110800280e+00 -1.076996392662011033e+02 -1.414357040309835725e+02 1.645693832526980316e+01 -5.000000000000000000e+02 -3.000000000000000000e+02 -1.500000000000000000e+01
-6.000000000000000000e+02 -4.000000000000000000e+02 -1.500000000000000000e+01 5.899570719787443096e+01 1.787193749588539049e+01 -5.420592250812209159e+02 -1.287689116610788176e+02 -1.298231564293540430e+02 -2.461250349141283067e+01 -9.051335528277405729e+01 -1.500473718905184910e+02 -1.044002813741962754e+01 -1.250497193322217271e+01 -1.486447302972712521e+02 -1.703081978638000038e+00 -1.082029545463189208e+02 -1.413176986270521240e+02 -3.601504151320011147e+02 -5.000000000000000000e+02 -3.000000000000000000e+02 -1.500000000000000000e+01
-6.000000000000000000e+02 -4.000000000000000000e+02 -1.500000000000000000e+01 -1.113677490271611106e+02 -1.385978261856853919e+02 -3.609518007033868159e+00 -1.229485347749681949e+02 -1.250743745960793376e+02 8.157640379725381763e+02 -9.051335528277405729e+01 -1.500473718905184910e+02 -1.044002813741962754e+01 -5.586819986259304471e+01 -2.501831721219753035e+01 -6.067740763347988064e+00 1.277860907605809473e+02 1.081437905610760453e+01 -2.232438524464520668e+01 -5.000000000000000000e+02 -3.000000000000000000e+02 -1.500000000000000000e+01
-6.000000000000000000e+02 -4.000000000000000000e+02 -1.500000000000000000e+01 5.848054723990333059e+01 1.748651240925638106e+01 -1.118415818997744893e+01 -1.146710610466407871e+02 -1.385738220697318184e+02 2.994454472236871538e+02 -5.562640507714203153e+01 -2.426757683879423766e+01 3.571921886571919913e+02 1.768409088568212155e+02 -5.432264619793954807e+00 -6.504660897521882035e+00 1.277860907605809473e+02 1.081437905610760453e+01 -2.008498278892384548e+01 -5.000000000000000000e+02 -3.000000000000000000e+02 -1.500000000000000000e+01
-6.000000000000000000e+02 -4.000000000000000000e+02 -1.500000000000000000e+01 5.756437438055363600e+02 1.089617993515857250e+02 -1.545392401796324977e+00 7.708938622138754226e+01 -3.076958426774328004e+01 -2.802845006443127618e-01 -4.191269482414954339e+00 -6.734790884884835904e+00 -1.710645748515037212e+01 1.768409088568212155e+02 -5.432264619793954807e+00 -6.504660897521882035e+00 -4.841034290940400524e+02 -2.926274959442039290e+02 -3.343021240068942461e+02 -5.000000000000000000e+02 -3.000000000000000000e+02 -1.500000000000000000e+01
-6.000000000000000000e+02 -4.000000000000000000e+02 -1.500000000000000000e+01 -1.120260742339617224e+02 -1.406313375542397353e+02 -3.609518007033868159e+00 -1.146710610466407871e+02 -1.385738220697318184e+02 2.994454472236871538e+02 -9.051335528277405729e+01 -1.500473718905184910e+02 -1.044002813741962754e+01 -5.586819986259304471e+01 -2.501831721219753035e+01 -6.067740763347988064e+00 -4.924721735498316662e+02 -2.801621746710246157e+02 -6.413357356239860110e+02 -5.000000000000000000e+02 -3.000000000000000000e+02 -1.500000000000000000e+01
-6.000000000000000000e+02 -4.000000000000000000e+02 -1.500000000000000000e+01 -1.113677490271611106e+02 -1.385978261856853919e+02 -3.609518007033868159e+00 -1.229485347749681949e+02 -1.250743745960793376e+02 8.157640379725381763e+02 -9.051335528277405729e+01 -1.500473718905184910e+02 -1.044002813741962754e+01 -5.586819986259304471e+01 -2.501831721219753035e+01 -6.067740763347988064e+00 1.277860907605809473e+02 1.081437905610760453e+01 -2.008498278892384548e+01 -5.000000000000000000e+02 -3.000000000000000000e+02 -1.500000000000000000e+01
-6.000000000000000000e+02 -4.000000000000000000e+02 -1.500000000000000000e+01 5.899570719787443096e+01 1.787193749588539049e+01 -5.420592250812209159e+02 8.216705416092173664e+01 -2.712305081306643828e+01 -2.802845006443127618e-01 -5.562640507714203153e+01 -2.426757683879423766e+01 3.571921886571919913e+02 -6.335695139419726729e+01 -3.964339998362964934e+01 -9.686411446070044562e+00 -1.082029545463189208e+02 -1.414357040309835725e+02 9.561611785265165864e+00 -5.000000000000000000e+02 -3.000000000000000000e+02 -1.500000000000000000e+01
-6.000000000000000000e+02 -4.000000000000000000e+02 -1.500000000000000000e+01 5.899570719787443096e+01 1.787193749588539049e+01 -5.420592250812209159e+02 8.029367697739483845e+01 -3.076958426774328004e+01 -1.762196509011828560e+00 -9.535378730584055162e+00 -6.734790884884835904e+00 -1.710645748515037212e+01 -6.034012108333000413e+01 -2.673175947390372542e+01 -8.668686860048722131e-01 -1.082029545463189208e+02 -1.411881063754462104e+02 1.251797047119000617e+01 -5.000000000000000000e+02 -3.000000000000000000e+02 -1.500000000000000000e+01
-6.000000000000000000e+02 -4.000000000000000000e+02 -1.500000000000000000e+01 -1.120260742339617224e+02 -1.406313375542397353e+02 -3.609518007033868159e+00 -1.335666376682026737e+02 -1.385738220697318184e+02 2.976031611798879908e+02 -2.671446350707869897e+02 -1.978511799818614634e+02 -2.167734852323500547e+02 -4.626854432995962156e+02 -2.812902090104615809e+02 -2.503858589685680442e+02 -4.841034290940400524e+02 -2.926274959442039290e+02 -3.343021240068942461e+02 -5.000000000000000000e+02 -3.000000000000000000e+02 -1.500000000000000000e+01
-6.000000000000000000e+02 -4.000000000000000000e+02 -1.500000000000000000e+01 5.899570719787443096e+01 1.787193749588539049e+01 -5.420592250812209159e+02 -4.927138008381564305e+01 3.883809776654246804e+01 -7.865365505651272571e+00 -5.926473973413476415e+01 -2.426757683879423766e+01 3.741002754964508767e+02 -6.034012108333000413e+01 -2.673175947390372542e+01 -8.668686860048722131e-01 -1.082029545463189208e+02 -1.413176986270521240e+02 -3.601504151320011147e+02 -5.000000000000000000e+02 -3.000000000000000000e+02 -1.500000000000000000e+01
-6.000000000000000000e+02 -4.000000000000000000e+02 -1.500000000000000000e+01 -1.113677490271611106e+02 -1.391865201490610104e+02 -3.609518007033868159e+00 -1.335666376682026737e+02 -1.385738220697318184e+02 2.976031611798879908e+02 -2.671446350707869897e+02 -1.978511799818614634e+02 -2.167734852323500547e+02 -4.626854432995962156e+02 -2.812902090104615809e+02 -2.503858589685680442e+02 -4.841034290940400524e+02 -2.926274959442039290e+02 -3.343021240068942461e+02 -5.000000000000000000e+02 -3.000000000000000000e+02 -1.500000000000000000e+01
-6.000000000000000000e+02 -4.000000000000000000e+02 -1.500000000000000000e+01 -1.113677490271611106e+02 -1.385978261856853919e+02 -3.609518007033868159e+00 -1.229485347749681949e+02 -1.250743745960793376e+02 8.157640379725381763e+02 -9.051335528277405729e+01 -1.500473718905184910e+02 -1.044002813741962754e+01 -6.034012108333000413e+01 -2.673175947390372542e+01 -8.668686860048722131e-01 -4.795959652107983970e+02 -2.849705694825622118e+02 -7.668774167358002103e+00 -5.000000000000000000e+02 -3.000000000000000000e+02 -1.500000000000000000e+01
-6.000000000000000000e+02 -4.000000000000000000e+02 -1.500000000000000000e+01 -3.939057138270240443e+02 -2.462932588973446570e+02 4.046277268295937120e+02 8.029367697739483845e+01 -3.076958426774328004e+01 4.824272291526573220e+00 -4.191269482414954339e+00 -6.734790884884835904e+00 -1.710645748515037212e+01 -6.030915148521408753e+01 -2.455058894408472980e+01 -2.566050493967923174e+00 1.198783661029524552e+02 1.081437905610760453e+01 -1.126715591674181205e+01 -5.000000000000000000e+02 -3.000000000000000000e+02 -1.500000000000000000e+01
-6.000000000000000000e+02 -4.000000000000000000e+02 -1.500000000000000000e+01 -3.939057138270240443e+02 -2.462932588973446570e+02 4.046277268295937120e+02 8.029367697739483845e+01 -3.076958426774328004e+01 4.824272291526573220e+00 -4.191269482414954339e+00 -6.734790884884835904e+00 -1.710645748515037212e+01 -6.030915148521408753e+01 -2.455058894408472980e+01 -2.566050493967923174e+00 -1.109483627610829899e+02 -1.549758523096013789e+02 -1.867980311719516706e+01 -5.000000000000000000e+02 -3.000000000000000000e+02 -1.500000000000000000e+01
-6.000000000000000000e+02 -4.000000000000000000e+02 -1.500000000000000000e+01 5.848054723990333059e+01 1.513711861561597516e+01 -4.362346004555912593e+00 -1.389301702219715935e+02 -9.040647793285413059e+01 -3.909783058627555263e+00 -9.051335528277405729e+01 -1.500473718905184910e+02 -1.044002813741962754e+01 -5.586819986259304471e+01 -2.501831721219753035e+01 -6.067740763347988064e+00 1.269474665350414568e+02 1.081437905610760453e+01 -3.102039782767167964e+01 -5.000000000000000000e+02 -3.000000000000000000e+02 -1.500000000000000000e+01
-6.000000000000000000e+02 -4.000000000000000000e+02 -1.500000000000000000e+01 5.899570719787443096e+01 1.787193749588539049e+01 -5.420592250812209159e+02 -1.260306603728988932e+02 -1.385738220697318184e+02 2.976031611798879908e+02 -5.562640507714203153e+01 -2.426757683879423766e+01 3.571921886571919913e+02 1.768409088568212155e+02 -5.432264619793954807e+00 -6.504660897521882035e+00 -1.082029545463189208e+02 -1.411881063754462104e+02 1.251797047119000617e+01 -5.000000000000000000e+02 -3.000000000000000000e+02 -1.500000000000000000e+01
-6.000000000000000000e+02 -4.000000000000000000e+02 -1.500000000000000000e+01 5.899570719787443096e+01 1.787193749588539049e+01 -5.420592250812209159e+02 8.216705416092173664e+01 -2.712305081306643828e+01 -2.802845006443127618e-01 -5.562640507714203153e+01 -2.426757683879423766e+01 3.571921886571919913e+02 -6.034012108333000413e+01 -2.673175947390372542e+01 -8.668686860048722131e-01 -1.082029545463189208e+02 -1.413176986270521240e+02 -3.601504151320011147e+02 -5.000000000000000000e+02 -3.000000000000000000e+02 -1.500000000000000000e+01
-6.000000000000000000e+02 -4.000000000000000000e+02 -1.500000000000000000e+01 -3.930551003259956246e+02 -2.462932588973446570e+02 4.046277268295937120e+02 -1.331131906360065500e+02 -1.307838264264815962e+02 -2.461250349141283067e+01 -2.671446350707869897e+02 -1.978511799818614634e+02 -2.167734852323500547e+02 -4.626854432995962156e+02 -2.812902090104615809e+02 -2.503858589685680442e+02 -4.841034290940400524e+02 -2.926274959442039290e+02 -3.343021240068942461e+02 -5.000000000000000000e+02 -3.000000000000000000e+02 -1.500000000000000000e+01
-6.000000000000000000e+02 -4.000000000000000000e+02 -1.500000000000000000e+01 5.756437438055363600e+02 1.089617993515857250e+02 -1.545392401796324977e+00 -1.146710610466407871e+02 -1.385738220697318184e+02 2.994454472236871538e+02 -5.562640507714203153e+01 -2.426757683879423766e+01 3.571921886571919913e+02 1.768409088568212155e+02 -5.432264619793954807e+00 -6.504660897521882035e+00 1.304757464393737223e+02 1.081437905610760453e+01 -3.102039782767167964e+01 -5.000000000000000000e+02 -3.000000000000000000e+02 -1.500000000000000000e+01
-6.000000000000000000e+02 -4.000000000000000000e+02 -1.500000000000000000e+01 5.899570719787443096e+01 1.583369709413495485e+01 -5.420592250812209159e+02 8.029367697739483845e+01 -3.076958426774328004e+01 4.824272291526573220e+00 -7.149824891340031741e+00 -6.734790884884835904e+00 -1.710645748515037212e+01 -6.030915148521408753e+01 -2.455058894408472980e+01 -2.566050493967923174e+00 -1.133701135357161576e+02 -1.549758523096013789e+02 -1.867980311719516706e+01 -5.000000000000000000e+02 -3.000000000000000000e+02 -1.500000000000000000e+01
-6.000000000000000000e+02 -4.000000000000000000e+02 -1.500000000000000000e+01 5.848054723990333059e+01 1.748651240925638106e+01 -1.118415818997744893e+01 8.029367697739483845e+01 -3.076958426774328004e+01 4.824272291526573220e+00 -9.051335528277405729e+01 -1.500473718905184910e+02 -1.044002813741962754e+01 -6.034012108333000413e+01 -2.673175947390372542e+01 -8.668686860048722131e-01 -1.082029545463189208e+02 -1.413176986270521240e+02 -3.601504151320011147e+02 -5.000000000000000000e+02 -3.000000000000000000e+02 -1.500000000000000000e+01
-6.000000000000000000e+02 -4.000000000000000000e+02 -1.500000000000000000e+01 5.672051196036863274e+01 1.787193749588539049e+01 -5.455324249542876487e+02 -4.450020607171185816e+01 3.759367148677677051e+01 -7.865365505651272571e+00 -5.926473973413476415e+01 -2.426757683879423766e+01 3.741002754964508767e+02 -6.335695139419726729e+01 -3.964339998362964934e+01 -9.686411446070044562e+00 -1.082029545463189208e+02 -1.414357040309835725e+02 9.561611785265165864e+00 -5.000000000000000000e+02 -3.000000000000000000e+02 -1.500000000000000000e+01
-6.000000000000000000e+02 -4.000000000000000000e+02 -1.500000000000000000e+01 -3.974390040937689150e+02 -2.445187067661413494e+02 3.959159234038047543e+02 -1.335666376682026737e+02 -1.385738220697318184e+02 2.976031611798879908e+02 -2.671446350707869897e+02 -1.978511799818614634e+02 -2.167734852323500547e+02 -4.645465886167683038e+02 -2.833277333485175973e+02 -2.448758877119875876e+02 -4.841034290940400524e+02 -2.926274959442039290e+02 -3.343021240068942461e+02 -5.000000000000000000e+02 -3.000000000000000000e+02 -1.500000000000000000e+01
-6.000000000000000000e+02 -4.000000000000000000e+02 -1.500000000000000000e+01 5.899570719787443096e+01 1.787193749588539049e+01 -5.420592250812209159e+02 -4.927138008381564305e+01 3.883809776654246804e+01 -7.865365505651272571e+00 -5.266437571158861175e+01 -2.255204025451001826e+01 3.581157023645172899e+02 -6.335695139419726729e+01 -3.964339998362964934e+01 -9.686411446070044562e+00 -1.082029545463189208e+02 -1.413176986270521240e+02 -3.601504151320011147e+02 -5.000000000000000000e+02 -3.000000000000000000e+02 -1.500000000000000000e+01
-6.000000000000000000e+02 -4.000000000000000000e+02 -1.500000000000000000e+01 -3.974390040937689150e+02 -2.445187067661413494e+02 3.959159234038047543e+02 -1.335666376682026737e+02 -1.385738220697318184e+02 2.976031611798879908e+02 -9.051335528277405729e+01 -1.500473718905184910e+02 -1.044002813741962754e+01 -1.250497193322217271e+01 -1.486447302972712521e+02 -1.703081978638000038e+00 -1.082029545463189208e+02 -1.411881063754462104e+02 1.251797047119000617e+01 -5.000000000000000000e+02 -3.000000000000000000e+02 -1.500000000000000000e+01
-6.000000000000000000e+02 -4.000000000000000000e+02 -1.500000000000000000e+01 5.756437438055363600e+02 1.089617993515857250e+02 -1.545392401796324977e+00 -1.313980253233726501e+02 -1.385738220697318184e+02 2.994454472236871538e+02 -5.882192433620982541e+01 -2.426757683879423766e+01 3.571921886571919913e+02 1.768409088568212155e+02 -5.432264619793954807e+00 -6.504660897521882035e+00 -1.082029545463189208e+02 -1.411881063754462104e+02 1.251797047119000617e+01 -5.000000000000000000e+02 -3.000000000000000000e+02 -1.500000000000000000e+01
-6.000000000000000000e+02 -4.000000000000000000e+02 -1.500000000000000000e+01 5.874996380644604699e+01 1.787193749588539049e+01 -5.455324249542876487e+02 -4.927138008381564305e+01 3.883809776654246804e+01 -7.865365505651272571e+00 -5.926473973413476415e+01 -2.426757683879423766e+01 3.741002754964508767e+02 -6.335695139419726729e+01 -3.964339998362964934e+01 -9.686411446070044562e+00 -1.076996392662011033e+02 -1.414357040309835725e+02 1.645693832526980316e+01 -5.000000000000000000e+02 -3.000000000000000000e+02 -1.500000000000000000e+01
-6.000000000000000000e+02 -4.000000000000000000e+02 -1.500000000000000000e+01 5.756437438055363600e+02 1.089617993515857250e+02 -1.545392401796324977e+00 -1.260306603728988932e+02 -1.385738220697318184e+02 2.976031611798879908e+02 -5.562640507714203153e+01 -2.426757683879423766e+01 3.571921886571919913e+02 1.768409088568212155e+02 -5.432264619793954807e+00 -6.504660897521882035e+00 1.277860907605809473e+02 1.081437905610760453e+01 -2.232438524464520668e+01 -5.000000000000000000e+02 -3.000000000000000000e+02 -1.500000000000000000e+01
-6.000000000000000000e+02 -4.000000000000000000e+02 -1.500000000000000000e+01 -3.974390040937689150e+02 -2.435228585215492672e+02 4.046277268295937120e+02 -1.287689116610788176e+02 -1.298231564293540430e+02 -2.461250349141283067e+01 -1.084314299542153321e+02 -1.435081275458392156e+02 -1.599776583997557466e+01 -1.372801820915385065e+02 -8.607285916681557580e+01 -1.089640140114826039e+01 -9.822308354691126908e+01 -1.532629846438672985e+02 -4.364225381732145692e+00 -5.000000000000000000e+02 -3.000000000000000000e+02 -1.500000000000000000e+01
-6.000000000000000000e+02 -4.000000000000000000e+02 -1.500000000000000000e+01 5.756437438055363600e+02 1.089617993515857250e+02 -1.545392401796324977e+00 8.029367697739483845e+01 -3.076958426774328004e+01 4.824272291526573220e+00 -4.191269482414954339e+00 -6.734790884884835904e+00 -1.710645748515037212e+01 1.768409088568212155e+02 -5.432264619793954807e+00 -6.504660897521882035e+00 1.277860907605809473e+02 1.081437905610760453e+01 -2.008498278892384548e+01 -5.000000000000000000e+02 -3.000000000000000000e+02 -1.500000000000000000e+01
-6.000000000000000000e+02 -4.000000000000000000e+02 -1.500000000000000000e+01 -3.974390040937689150e+02 -2.445187067661413494e+02 3.959159234038047543e+02 -3.259399093689003166e+02 -2.567200064198658538e+02 1.616760065554567518e+02 -3.623420144105583631e+02 -1.897976267093854688e+02 -2.079472114412010058e+02 -4.308532167209245358e+02 -3.011715837065638084e+02 -2.581844308738384939e+02 -4.841034290940400524e+02 -2.941651206494282746e+02 -3.325724358411931121e+02 -5.000000000000000000e+02 -3.000000000000000000e+02 -1.500000000000000000e+01
